turno,data_eleicao,cd_eleicao,cargo,cd_cargo,nivel,uf,cd_municipio_tse,cd_municipio_ibge,municipio,zona,federacao_sigla,federacao_nome,federacao_composicao,agremiacao_nome,agremiacao_tipo,agremiacao_composicao,agremiacao_vagas,partido_numero,partido_sigla,partido_nome,partido_federacao,numero_urna,sq_candidato,nome_completo,nome_urna,data_nascimento,sequencial,situacao_candidatura,eleito,situacao_totalizacao,votos,pct_votos_validos,pct_votos_validos_preciso,vice_suplente_1_nome,vice_suplente_1_nome_urna,vice_suplente_1_partido,vice_suplente_1_tipo,vice_suplente_2_nome,vice_suplente_2_nome_urna,vice_suplente_2_partido,vice_suplente_2_tipo,gerado_em,oficial
1,04/10/2026,6257,Presidente,1,municipio,TO,73008,1700251,ABREULÂNDIA,,,,,PARTIDO LIBERAL,i,PL,0,22,PL,PARTIDO LIBERAL,,22,280002551544,FLAVIO NANTES BOLSONARO,FLAVIO BOLSONARO,30/04/1981,1,Válido,nao,,1013,51.37,51.369168357,ALFREDO GASPAR DE MENDONÇA NETO,ALFREDO GASPAR,PL,v,,,,,04/10/2026 18:16:11,sim
1,04/10/2026,6257,Presidente,1,municipio,TO,73008,1700251,ABREULÂNDIA,,,,,PARTIDO SOCIAL DEMOCRÁTICO,i,PSD,0,55,PSD,PARTIDO SOCIAL DEMOCRÁTICO,,55,280002551932,RONALDO RAMOS CAIADO,RONALDO CAIADO,25/09/1949,4,Válido,nao,,27,1.37,1.369168357,GILBERTO KASSAB,GILBERTO KASSAB,PSD,v,,,,,04/10/2026 18:16:11,sim
1,04/10/2026,6257,Presidente,1,municipio,TO,73008,1700251,ABREULÂNDIA,,PT/PC do B/PV,FEDERAÇÃO BRASIL DA ESPERANÇA - FE BRASIL,PT/PC do B/PV,BRASIL PRONTO PRA MAIS,c,PSB / PDT / PCDOB / PT / PV / PSOL / REDE,,13,PT,PARTIDO DOS TRABALHADORES,101,13,280002542548,LUIZ INÁCIO LULA DA SILVA,LULA,06/10/1945,2,Válido,nao,,884,44.83,44.827586207,GERALDO JOSE RODRIGUES ALCKMIN FILHO,GERALDO ALCKMIN,PSB,v,,,,,04/10/2026 18:16:11,sim
1,04/10/2026,6257,Presidente,1,municipio,TO,73008,1700251,ABREULÂNDIA,,,,,DEMOCRACIA CRISTÃ,i,DC,0,27,DC,DEMOCRACIA CRISTÃ,,27,280002552484,CLARIANA ZACARKIM BARAO,CLARIANA BARAO,03/04/1987,8,Válido,nao,,0,0.00,0,FABIANA CRISTINA TAVARES TORQUATO,FABIANA TORQUATO,DC,v,,,,,04/10/2026 18:16:11,sim
1,04/10/2026,6257,Presidente,1,municipio,TO,73008,1700251,ABREULÂNDIA,,,,,PARTIDO COMUNISTA BRASILEIRO,i,PCB,0,21,PCB,PARTIDO COMUNISTA BRASILEIRO,,21,280002551975,EDMILSON SILVA COSTA,EDMILSON COSTA,08/04/1950,10,Válido,nao,,0,0.00,0,CLEUSA DOS SANTOS,CLEUSA SANTOS,PCB,v,,,,,04/10/2026 18:16:11,sim
1,04/10/2026,6257,Presidente,1,municipio,TO,73008,1700251,ABREULÂNDIA,,,,,PARTIDO SOCIALISTA  DOS TRABALHADORES UNIFICADO,i,PSTU,0,16,PSTU,PARTIDO SOCIALISTA  DOS TRABALHADORES UNIFICADO,,16,280002541457,HERTZ DA CONCEICAO DIAS,HERTZ DIAS,20/10/1970,9,Válido,nao,,0,0.00,0,VANESSA PORTUGAL BARBOSA,VANESSA PORTUGAL,PSTU,v,,,,,04/10/2026 18:16:11,sim
1,04/10/2026,6257,Presidente,1,municipio,TO,73008,1700251,ABREULÂNDIA,,,,,BRASIL DOS NOSSOS SONHOS,c,AGIR / AVANTE,,70,AVANTE,AVANTE,,70,280002551547,AUGUSTO JORGE CURY,ESCRITOR AUGUSTO CURY,02/10/1958,3,Válido,nao,,28,1.42,1.419878296,JULIO CESAR DELGADO,JÚLIO DELGADO,AVANTE,v,,,,,04/10/2026 18:16:11,sim
1,04/10/2026,6257,Presidente,1,municipio,TO,73008,1700251,ABREULÂNDIA,,,,,PARTIDO NOVO,i,NOVO,0,30,NOVO,PARTIDO NOVO,,30,280002539826,ROMEU ZEMA NETO,ZEMA,28/10/1964,6,Válido,nao,,0,0.00,0,LUIS EDUARDO GRANGEIRO GIRÃO,EDUARDO GIRÃO,NOVO,v,,,,,04/10/2026 18:16:11,sim
1,04/10/2026,6257,Presidente,1,municipio,TO,73008,1700251,ABREULÂNDIA,,,,,UNIDADE POPULAR,i,UP,0,80,UP,UNIDADE POPULAR,,80,280002538811,SAMARA MARTINS DA SILVA FEITOSA,SAMARA,31/08/1987,7,Válido,nao,,0,0.00,0,RAQUEL NONATO DE BRICIO,RAQUEL BRÍCIO,UP,v,,,,,04/10/2026 18:16:11,sim
1,04/10/2026,6257,Presidente,1,municipio,TO,73008,1700251,ABREULÂNDIA,,,,,DEMOCRATA,i,DEMOCRATA,0,35,DEMOCRATA,DEMOCRATA,,35,280002548139,WILSON GRASSI JUNIOR,VETERINÁRIO WILSON GRASSI,13/03/1970,11,Válido,nao,,0,0.00,0,SUÊD HAIDAR NOGUEIRA,SUÊD HAIDAR,DEMOCRATA,v,,,,,04/10/2026 18:16:11,sim
1,04/10/2026,6257,Presidente,1,municipio,TO,73008,1700251,ABREULÂNDIA,,,,,PARTIDO MISSÃO,i,MISSÃO,0,14,MISSÃO,PARTIDO MISSÃO,,14,280002540694,RENAN ANTONIO FERREIRA DOS SANTOS,RENAN SANTOS,14/02/1984,5,Válido,nao,,20,1.01,1.014198783,AROLDO MEDINA,CORONEL MEDINA,MISSÃO,v,,,,,04/10/2026 18:16:11,sim
1,04/10/2026,6257,Presidente,1,municipio,TO,73008,1700251,ABREULÂNDIA,,,,,PARTIDO DA CAUSA OPERÁRIA,i,PCO,0,29,PCO,PARTIDO DA CAUSA OPERÁRIA,,29,280002552487,RUI COSTA PIMENTA,RUI COSTA PIMENTA,25/06/1957,12,Válido,nao,,0,0.00,0,ANTONIO CARLOS SILVA,ANTÔNIO CARLOS,PCO,v,,,,,04/10/2026 18:16:11,sim
1,04/10/2026,6257,Presidente,1,municipio,TO,73016,1717206,PIRAQUÊ,,,,,PARTIDO LIBERAL,i,PL,0,22,PL,PARTIDO LIBERAL,,22,280002551544,FLAVIO NANTES BOLSONARO,FLAVIO BOLSONARO,30/04/1981,1,Válido,nao,,826,43.34,43.336831060,ALFREDO GASPAR DE MENDONÇA NETO,ALFREDO GASPAR,PL,v,,,,,04/10/2026 18:33:55,sim
1,04/10/2026,6257,Presidente,1,municipio,TO,73016,1717206,PIRAQUÊ,,,,,PARTIDO SOCIAL DEMOCRÁTICO,i,PSD,0,55,PSD,PARTIDO SOCIAL DEMOCRÁTICO,,55,280002551932,RONALDO RAMOS CAIADO,RONALDO CAIADO,25/09/1949,4,Válido,nao,,39,2.05,2.046169990,GILBERTO KASSAB,GILBERTO KASSAB,PSD,v,,,,,04/10/2026 18:33:55,sim
1,04/10/2026,6257,Presidente,1,municipio,TO,73016,1717206,PIRAQUÊ,,PT/PC do B/PV,FEDERAÇÃO BRASIL DA ESPERANÇA - FE BRASIL,PT/PC do B/PV,BRASIL PRONTO PRA MAIS,c,PSB / PDT / PCDOB / PT / PV / PSOL / REDE,,13,PT,PARTIDO DOS TRABALHADORES,101,13,280002542548,LUIZ INÁCIO LULA DA SILVA,LULA,06/10/1945,2,Válido,nao,,983,51.57,51.573976915,GERALDO JOSE RODRIGUES ALCKMIN FILHO,GERALDO ALCKMIN,PSB,v,,,,,04/10/2026 18:33:55,sim
1,04/10/2026,6257,Presidente,1,municipio,TO,73016,1717206,PIRAQUÊ,,,,,DEMOCRACIA CRISTÃ,i,DC,0,27,DC,DEMOCRACIA CRISTÃ,,27,280002552484,CLARIANA ZACARKIM BARAO,CLARIANA BARAO,03/04/1987,9,Válido,nao,,0,0.00,0,FABIANA CRISTINA TAVARES TORQUATO,FABIANA TORQUATO,DC,v,,,,,04/10/2026 18:33:55,sim
1,04/10/2026,6257,Presidente,1,municipio,TO,73016,1717206,PIRAQUÊ,,,,,PARTIDO COMUNISTA BRASILEIRO,i,PCB,0,21,PCB,PARTIDO COMUNISTA BRASILEIRO,,21,280002551975,EDMILSON SILVA COSTA,EDMILSON COSTA,08/04/1950,10,Válido,nao,,0,0.00,0,CLEUSA DOS SANTOS,CLEUSA SANTOS,PCB,v,,,,,04/10/2026 18:33:55,sim
1,04/10/2026,6257,Presidente,1,municipio,TO,73016,1717206,PIRAQUÊ,,,,,PARTIDO SOCIALISTA  DOS TRABALHADORES UNIFICADO,i,PSTU,0,16,PSTU,PARTIDO SOCIALISTA  DOS TRABALHADORES UNIFICADO,,16,280002541457,HERTZ DA CONCEICAO DIAS,HERTZ DIAS,20/10/1970,8,Válido,nao,,0,0.00,0,VANESSA PORTUGAL BARBOSA,VANESSA PORTUGAL,PSTU,v,,,,,04/10/2026 18:33:55,sim
1,04/10/2026,6257,Presidente,1,municipio,TO,73016,1717206,PIRAQUÊ,,,,,BRASIL DOS NOSSOS SONHOS,c,AGIR / AVANTE,,70,AVANTE,AVANTE,,70,280002551547,AUGUSTO JORGE CURY,ESCRITOR AUGUSTO CURY,02/10/1958,3,Válido,nao,,41,2.15,2.151101784,JULIO CESAR DELGADO,JÚLIO DELGADO,AVANTE,v,,,,,04/10/2026 18:33:55,sim
1,04/10/2026,6257,Presidente,1,municipio,TO,73016,1717206,PIRAQUÊ,,,,,PARTIDO NOVO,i,NOVO,0,30,NOVO,PARTIDO NOVO,,30,280002539826,ROMEU ZEMA NETO,ZEMA,28/10/1964,6,Válido,nao,,0,0.00,0,LUIS EDUARDO GRANGEIRO GIRÃO,EDUARDO GIRÃO,NOVO,v,,,,,04/10/2026 18:33:55,sim
1,04/10/2026,6257,Presidente,1,municipio,TO,73016,1717206,PIRAQUÊ,,,,,UNIDADE POPULAR,i,UP,0,80,UP,UNIDADE POPULAR,,80,280002538811,SAMARA MARTINS DA SILVA FEITOSA,SAMARA,31/08/1987,7,Válido,nao,,1,0.05,0.052465897,RAQUEL NONATO DE BRICIO,RAQUEL BRÍCIO,UP,v,,,,,04/10/2026 18:33:55,sim
1,04/10/2026,6257,Presidente,1,municipio,TO,73016,1717206,PIRAQUÊ,,,,,DEMOCRATA,i,DEMOCRATA,0,35,DEMOCRATA,DEMOCRATA,,35,280002548139,WILSON GRASSI JUNIOR,VETERINÁRIO WILSON GRASSI,13/03/1970,11,Válido,nao,,1,0.05,0.052465897,SUÊD HAIDAR NOGUEIRA,SUÊD HAIDAR,DEMOCRATA,v,,,,,04/10/2026 18:33:55,sim
1,04/10/2026,6257,Presidente,1,municipio,TO,73016,1717206,PIRAQUÊ,,,,,PARTIDO MISSÃO,i,MISSÃO,0,14,MISSÃO,PARTIDO MISSÃO,,14,280002540694,RENAN ANTONIO FERREIRA DOS SANTOS,RENAN SANTOS,14/02/1984,5,Válido,nao,,15,0.79,0.786988458,AROLDO MEDINA,CORONEL MEDINA,MISSÃO,v,,,,,04/10/2026 18:33:55,sim
1,04/10/2026,6257,Presidente,1,municipio,TO,73016,1717206,PIRAQUÊ,,,,,PARTIDO DA CAUSA OPERÁRIA,i,PCO,0,29,PCO,PARTIDO DA CAUSA OPERÁRIA,,29,280002552487,RUI COSTA PIMENTA,RUI COSTA PIMENTA,25/06/1957,12,Válido,nao,,0,0.00,0,ANTONIO CARLOS SILVA,ANTÔNIO CARLOS,PCO,v,,,,,04/10/2026 18:33:55,sim
1,04/10/2026,6257,Presidente,1,municipio,TO,73024,1718550,RIACHINHO,,,,,PARTIDO LIBERAL,i,PL,0,22,PL,PARTIDO LIBERAL,,22,280002551544,FLAVIO NANTES BOLSONARO,FLAVIO BOLSONARO,30/04/1981,1,Válido,nao,,1220,42.72,42.717086835,ALFREDO GASPAR DE MENDONÇA NETO,ALFREDO GASPAR,PL,v,,,,,04/10/2026 18:16:12,sim
1,04/10/2026,6257,Presidente,1,municipio,TO,73024,1718550,RIACHINHO,,,,,PARTIDO SOCIAL DEMOCRÁTICO,i,PSD,0,55,PSD,PARTIDO SOCIAL DEMOCRÁTICO,,55,280002551932,RONALDO RAMOS CAIADO,RONALDO CAIADO,25/09/1949,4,Válido,nao,,29,1.02,1.015406162,GILBERTO KASSAB,GILBERTO KASSAB,PSD,v,,,,,04/10/2026 18:16:12,sim
1,04/10/2026,6257,Presidente,1,municipio,TO,73024,1718550,RIACHINHO,,PT/PC do B/PV,FEDERAÇÃO BRASIL DA ESPERANÇA - FE BRASIL,PT/PC do B/PV,BRASIL PRONTO PRA MAIS,c,PSB / PDT / PCDOB / PT / PV / PSOL / REDE,,13,PT,PARTIDO DOS TRABALHADORES,101,13,280002542548,LUIZ INÁCIO LULA DA SILVA,LULA,06/10/1945,2,Válido,nao,,1535,53.75,53.746498599,GERALDO JOSE RODRIGUES ALCKMIN FILHO,GERALDO ALCKMIN,PSB,v,,,,,04/10/2026 18:16:12,sim
1,04/10/2026,6257,Presidente,1,municipio,TO,73024,1718550,RIACHINHO,,,,,DEMOCRACIA CRISTÃ,i,DC,0,27,DC,DEMOCRACIA CRISTÃ,,27,280002552484,CLARIANA ZACARKIM BARAO,CLARIANA BARAO,03/04/1987,8,Válido,nao,,0,0.00,0,FABIANA CRISTINA TAVARES TORQUATO,FABIANA TORQUATO,DC,v,,,,,04/10/2026 18:16:12,sim
1,04/10/2026,6257,Presidente,1,municipio,TO,73024,1718550,RIACHINHO,,,,,PARTIDO COMUNISTA BRASILEIRO,i,PCB,0,21,PCB,PARTIDO COMUNISTA BRASILEIRO,,21,280002551975,EDMILSON SILVA COSTA,EDMILSON COSTA,08/04/1950,10,Válido,nao,,0,0.00,0,CLEUSA DOS SANTOS,CLEUSA SANTOS,PCB,v,,,,,04/10/2026 18:16:12,sim
1,04/10/2026,6257,Presidente,1,municipio,TO,73024,1718550,RIACHINHO,,,,,PARTIDO SOCIALISTA  DOS TRABALHADORES UNIFICADO,i,PSTU,0,16,PSTU,PARTIDO SOCIALISTA  DOS TRABALHADORES UNIFICADO,,16,280002541457,HERTZ DA CONCEICAO DIAS,HERTZ DIAS,20/10/1970,9,Válido,nao,,0,0.00,0,VANESSA PORTUGAL BARBOSA,VANESSA PORTUGAL,PSTU,v,,,,,04/10/2026 18:16:12,sim
1,04/10/2026,6257,Presidente,1,municipio,TO,73024,1718550,RIACHINHO,,,,,BRASIL DOS NOSSOS SONHOS,c,AGIR / AVANTE,,70,AVANTE,AVANTE,,70,280002551547,AUGUSTO JORGE CURY,ESCRITOR AUGUSTO CURY,02/10/1958,3,Válido,nao,,49,1.72,1.715686275,JULIO CESAR DELGADO,JÚLIO DELGADO,AVANTE,v,,,,,04/10/2026 18:16:12,sim
1,04/10/2026,6257,Presidente,1,municipio,TO,73024,1718550,RIACHINHO,,,,,PARTIDO NOVO,i,NOVO,0,30,NOVO,PARTIDO NOVO,,30,280002539826,ROMEU ZEMA NETO,ZEMA,28/10/1964,6,Válido,nao,,0,0.00,0,LUIS EDUARDO GRANGEIRO GIRÃO,EDUARDO GIRÃO,NOVO,v,,,,,04/10/2026 18:16:12,sim
1,04/10/2026,6257,Presidente,1,municipio,TO,73024,1718550,RIACHINHO,,,,,UNIDADE POPULAR,i,UP,0,80,UP,UNIDADE POPULAR,,80,280002538811,SAMARA MARTINS DA SILVA FEITOSA,SAMARA,31/08/1987,7,Válido,nao,,0,0.00,0,RAQUEL NONATO DE BRICIO,RAQUEL BRÍCIO,UP,v,,,,,04/10/2026 18:16:12,sim
1,04/10/2026,6257,Presidente,1,municipio,TO,73024,1718550,RIACHINHO,,,,,DEMOCRATA,i,DEMOCRATA,0,35,DEMOCRATA,DEMOCRATA,,35,280002548139,WILSON GRASSI JUNIOR,VETERINÁRIO WILSON GRASSI,13/03/1970,11,Válido,nao,,1,0.04,0.035014006,SUÊD HAIDAR NOGUEIRA,SUÊD HAIDAR,DEMOCRATA,v,,,,,04/10/2026 18:16:12,sim
1,04/10/2026,6257,Presidente,1,municipio,TO,73024,1718550,RIACHINHO,,,,,PARTIDO MISSÃO,i,MISSÃO,0,14,MISSÃO,PARTIDO MISSÃO,,14,280002540694,RENAN ANTONIO FERREIRA DOS SANTOS,RENAN SANTOS,14/02/1984,5,Válido,nao,,22,0.77,0.770308123,AROLDO MEDINA,CORONEL MEDINA,MISSÃO,v,,,,,04/10/2026 18:16:12,sim
1,04/10/2026,6257,Presidente,1,municipio,TO,73024,1718550,RIACHINHO,,,,,PARTIDO DA CAUSA OPERÁRIA,i,PCO,0,29,PCO,PARTIDO DA CAUSA OPERÁRIA,,29,280002552487,RUI COSTA PIMENTA,RUI COSTA PIMENTA,25/06/1957,12,Válido,nao,,0,0.00,0,ANTONIO CARLOS SILVA,ANTÔNIO CARLOS,PCO,v,,,,,04/10/2026 18:16:12,sim
1,04/10/2026,6257,Presidente,1,municipio,TO,73032,1706506,DARCINÓPOLIS,,,,,PARTIDO LIBERAL,i,PL,0,22,PL,PARTIDO LIBERAL,,22,280002551544,FLAVIO NANTES BOLSONARO,FLAVIO BOLSONARO,30/04/1981,1,Válido,nao,,1600,43.21,43.208209560,ALFREDO GASPAR DE MENDONÇA NETO,ALFREDO GASPAR,PL,v,,,,,04/10/2026 19:02:27,sim
1,04/10/2026,6257,Presidente,1,municipio,TO,73032,1706506,DARCINÓPOLIS,,,,,PARTIDO SOCIAL DEMOCRÁTICO,i,PSD,0,55,PSD,PARTIDO SOCIAL DEMOCRÁTICO,,55,280002551932,RONALDO RAMOS CAIADO,RONALDO CAIADO,25/09/1949,4,Válido,nao,,66,1.78,1.782338644,GILBERTO KASSAB,GILBERTO KASSAB,PSD,v,,,,,04/10/2026 19:02:27,sim
1,04/10/2026,6257,Presidente,1,municipio,TO,73032,1706506,DARCINÓPOLIS,,PT/PC do B/PV,FEDERAÇÃO BRASIL DA ESPERANÇA - FE BRASIL,PT/PC do B/PV,BRASIL PRONTO PRA MAIS,c,PSB / PDT / PCDOB / PT / PV / PSOL / REDE,,13,PT,PARTIDO DOS TRABALHADORES,101,13,280002542548,LUIZ INÁCIO LULA DA SILVA,LULA,06/10/1945,2,Válido,nao,,1929,52.09,52.092897651,GERALDO JOSE RODRIGUES ALCKMIN FILHO,GERALDO ALCKMIN,PSB,v,,,,,04/10/2026 19:02:27,sim
1,04/10/2026,6257,Presidente,1,municipio,TO,73032,1706506,DARCINÓPOLIS,,,,,DEMOCRACIA CRISTÃ,i,DC,0,27,DC,DEMOCRACIA CRISTÃ,,27,280002552484,CLARIANA ZACARKIM BARAO,CLARIANA BARAO,03/04/1987,9,Válido,nao,,0,0.00,0,FABIANA CRISTINA TAVARES TORQUATO,FABIANA TORQUATO,DC,v,,,,,04/10/2026 19:02:27,sim
1,04/10/2026,6257,Presidente,1,municipio,TO,73032,1706506,DARCINÓPOLIS,,,,,PARTIDO COMUNISTA BRASILEIRO,i,PCB,0,21,PCB,PARTIDO COMUNISTA BRASILEIRO,,21,280002551975,EDMILSON SILVA COSTA,EDMILSON COSTA,08/04/1950,10,Válido,nao,,0,0.00,0,CLEUSA DOS SANTOS,CLEUSA SANTOS,PCB,v,,,,,04/10/2026 19:02:27,sim
1,04/10/2026,6257,Presidente,1,municipio,TO,73032,1706506,DARCINÓPOLIS,,,,,PARTIDO SOCIALISTA  DOS TRABALHADORES UNIFICADO,i,PSTU,0,16,PSTU,PARTIDO SOCIALISTA  DOS TRABALHADORES UNIFICADO,,16,280002541457,HERTZ DA CONCEICAO DIAS,HERTZ DIAS,20/10/1970,8,Válido,nao,,0,0.00,0,VANESSA PORTUGAL BARBOSA,VANESSA PORTUGAL,PSTU,v,,,,,04/10/2026 19:02:27,sim
1,04/10/2026,6257,Presidente,1,municipio,TO,73032,1706506,DARCINÓPOLIS,,,,,BRASIL DOS NOSSOS SONHOS,c,AGIR / AVANTE,,70,AVANTE,AVANTE,,70,280002551547,AUGUSTO JORGE CURY,ESCRITOR AUGUSTO CURY,02/10/1958,3,Válido,nao,,75,2.03,2.025384823,JULIO CESAR DELGADO,JÚLIO DELGADO,AVANTE,v,,,,,04/10/2026 19:02:27,sim
1,04/10/2026,6257,Presidente,1,municipio,TO,73032,1706506,DARCINÓPOLIS,,,,,PARTIDO NOVO,i,NOVO,0,30,NOVO,PARTIDO NOVO,,30,280002539826,ROMEU ZEMA NETO,ZEMA,28/10/1964,6,Válido,nao,,1,0.03,0.027005131,LUIS EDUARDO GRANGEIRO GIRÃO,EDUARDO GIRÃO,NOVO,v,,,,,04/10/2026 19:02:27,sim
1,04/10/2026,6257,Presidente,1,municipio,TO,73032,1706506,DARCINÓPOLIS,,,,,UNIDADE POPULAR,i,UP,0,80,UP,UNIDADE POPULAR,,80,280002538811,SAMARA MARTINS DA SILVA FEITOSA,SAMARA,31/08/1987,7,Válido,nao,,2,0.05,0.054010262,RAQUEL NONATO DE BRICIO,RAQUEL BRÍCIO,UP,v,,,,,04/10/2026 19:02:27,sim
1,04/10/2026,6257,Presidente,1,municipio,TO,73032,1706506,DARCINÓPOLIS,,,,,DEMOCRATA,i,DEMOCRATA,0,35,DEMOCRATA,DEMOCRATA,,35,280002548139,WILSON GRASSI JUNIOR,VETERINÁRIO WILSON GRASSI,13/03/1970,11,Válido,nao,,0,0.00,0,SUÊD HAIDAR NOGUEIRA,SUÊD HAIDAR,DEMOCRATA,v,,,,,04/10/2026 19:02:27,sim
1,04/10/2026,6257,Presidente,1,municipio,TO,73032,1706506,DARCINÓPOLIS,,,,,PARTIDO MISSÃO,i,MISSÃO,0,14,MISSÃO,PARTIDO MISSÃO,,14,280002540694,RENAN ANTONIO FERREIRA DOS SANTOS,RENAN SANTOS,14/02/1984,5,Válido,nao,,30,0.81,0.810153929,AROLDO MEDINA,CORONEL MEDINA,MISSÃO,v,,,,,04/10/2026 19:02:27,sim
1,04/10/2026,6257,Presidente,1,municipio,TO,73032,1706506,DARCINÓPOLIS,,,,,PARTIDO DA CAUSA OPERÁRIA,i,PCO,0,29,PCO,PARTIDO DA CAUSA OPERÁRIA,,29,280002552487,RUI COSTA PIMENTA,RUI COSTA PIMENTA,25/06/1957,12,Válido,nao,,0,0.00,0,ANTONIO CARLOS SILVA,ANTÔNIO CARLOS,PCO,v,,,,,04/10/2026 19:02:27,sim
1,04/10/2026,6257,Presidente,1,municipio,TO,73040,1713809,PALMEIRAS DO TOCANTINS,,,,,PARTIDO LIBERAL,i,PL,0,22,PL,PARTIDO LIBERAL,,22,280002551544,FLAVIO NANTES BOLSONARO,FLAVIO BOLSONARO,30/04/1981,1,Válido,nao,,1336,40.25,40.253088280,ALFREDO GASPAR DE MENDONÇA NETO,ALFREDO GASPAR,PL,v,,,,,04/10/2026 17:52:44,sim
1,04/10/2026,6257,Presidente,1,municipio,TO,73040,1713809,PALMEIRAS DO TOCANTINS,,,,,PARTIDO SOCIAL DEMOCRÁTICO,i,PSD,0,55,PSD,PARTIDO SOCIAL DEMOCRÁTICO,,55,280002551932,RONALDO RAMOS CAIADO,RONALDO CAIADO,25/09/1949,4,Válido,nao,,46,1.39,1.385959626,GILBERTO KASSAB,GILBERTO KASSAB,PSD,v,,,,,04/10/2026 17:52:44,sim
1,04/10/2026,6257,Presidente,1,municipio,TO,73040,1713809,PALMEIRAS DO TOCANTINS,,PT/PC do B/PV,FEDERAÇÃO BRASIL DA ESPERANÇA - FE BRASIL,PT/PC do B/PV,BRASIL PRONTO PRA MAIS,c,PSB / PDT / PCDOB / PT / PV / PSOL / REDE,,13,PT,PARTIDO DOS TRABALHADORES,101,13,280002542548,LUIZ INÁCIO LULA DA SILVA,LULA,06/10/1945,2,Válido,nao,,1841,55.47,55.468514613,GERALDO JOSE RODRIGUES ALCKMIN FILHO,GERALDO ALCKMIN,PSB,v,,,,,04/10/2026 17:52:44,sim
1,04/10/2026,6257,Presidente,1,municipio,TO,73040,1713809,PALMEIRAS DO TOCANTINS,,,,,DEMOCRACIA CRISTÃ,i,DC,0,27,DC,DEMOCRACIA CRISTÃ,,27,280002552484,CLARIANA ZACARKIM BARAO,CLARIANA BARAO,03/04/1987,8,Válido,nao,,0,0.00,0,FABIANA CRISTINA TAVARES TORQUATO,FABIANA TORQUATO,DC,v,,,,,04/10/2026 17:52:44,sim
1,04/10/2026,6257,Presidente,1,municipio,TO,73040,1713809,PALMEIRAS DO TOCANTINS,,,,,PARTIDO COMUNISTA BRASILEIRO,i,PCB,0,21,PCB,PARTIDO COMUNISTA BRASILEIRO,,21,280002551975,EDMILSON SILVA COSTA,EDMILSON COSTA,08/04/1950,10,Válido,nao,,0,0.00,0,CLEUSA DOS SANTOS,CLEUSA SANTOS,PCB,v,,,,,04/10/2026 17:52:44,sim
1,04/10/2026,6257,Presidente,1,municipio,TO,73040,1713809,PALMEIRAS DO TOCANTINS,,,,,PARTIDO SOCIALISTA  DOS TRABALHADORES UNIFICADO,i,PSTU,0,16,PSTU,PARTIDO SOCIALISTA  DOS TRABALHADORES UNIFICADO,,16,280002541457,HERTZ DA CONCEICAO DIAS,HERTZ DIAS,20/10/1970,9,Válido,nao,,0,0.00,0,VANESSA PORTUGAL BARBOSA,VANESSA PORTUGAL,PSTU,v,,,,,04/10/2026 17:52:44,sim
1,04/10/2026,6257,Presidente,1,municipio,TO,73040,1713809,PALMEIRAS DO TOCANTINS,,,,,BRASIL DOS NOSSOS SONHOS,c,AGIR / AVANTE,,70,AVANTE,AVANTE,,70,280002551547,AUGUSTO JORGE CURY,ESCRITOR AUGUSTO CURY,02/10/1958,3,Válido,nao,,62,1.87,1.868032540,JULIO CESAR DELGADO,JÚLIO DELGADO,AVANTE,v,,,,,04/10/2026 17:52:44,sim
1,04/10/2026,6257,Presidente,1,municipio,TO,73040,1713809,PALMEIRAS DO TOCANTINS,,,,,PARTIDO NOVO,i,NOVO,0,30,NOVO,PARTIDO NOVO,,30,280002539826,ROMEU ZEMA NETO,ZEMA,28/10/1964,6,Válido,nao,,0,0.00,0,LUIS EDUARDO GRANGEIRO GIRÃO,EDUARDO GIRÃO,NOVO,v,,,,,04/10/2026 17:52:44,sim
1,04/10/2026,6257,Presidente,1,municipio,TO,73040,1713809,PALMEIRAS DO TOCANTINS,,,,,UNIDADE POPULAR,i,UP,0,80,UP,UNIDADE POPULAR,,80,280002538811,SAMARA MARTINS DA SILVA FEITOSA,SAMARA,31/08/1987,7,Válido,nao,,0,0.00,0,RAQUEL NONATO DE BRICIO,RAQUEL BRÍCIO,UP,v,,,,,04/10/2026 17:52:44,sim
1,04/10/2026,6257,Presidente,1,municipio,TO,73040,1713809,PALMEIRAS DO TOCANTINS,,,,,DEMOCRATA,i,DEMOCRATA,0,35,DEMOCRATA,DEMOCRATA,,35,280002548139,WILSON GRASSI JUNIOR,VETERINÁRIO WILSON GRASSI,13/03/1970,11,Válido,nao,,0,0.00,0,SUÊD HAIDAR NOGUEIRA,SUÊD HAIDAR,DEMOCRATA,v,,,,,04/10/2026 17:52:44,sim
1,04/10/2026,6257,Presidente,1,municipio,TO,73040,1713809,PALMEIRAS DO TOCANTINS,,,,,PARTIDO MISSÃO,i,MISSÃO,0,14,MISSÃO,PARTIDO MISSÃO,,14,280002540694,RENAN ANTONIO FERREIRA DOS SANTOS,RENAN SANTOS,14/02/1984,5,Válido,nao,,33,0.99,0.994275384,AROLDO MEDINA,CORONEL MEDINA,MISSÃO,v,,,,,04/10/2026 17:52:44,sim
1,04/10/2026,6257,Presidente,1,municipio,TO,73040,1713809,PALMEIRAS DO TOCANTINS,,,,,PARTIDO DA CAUSA OPERÁRIA,i,PCO,0,29,PCO,PARTIDO DA CAUSA OPERÁRIA,,29,280002552487,RUI COSTA PIMENTA,RUI COSTA PIMENTA,25/06/1957,12,Válido,nao,,1,0.03,0.030129557,ANTONIO CARLOS SILVA,ANTÔNIO CARLOS,PCO,v,,,,,04/10/2026 17:52:44,sim
1,04/10/2026,6257,Presidente,1,municipio,TO,73059,1712801,MAURILÂNDIA DO TOCANTINS,,,,,PARTIDO LIBERAL,i,PL,0,22,PL,PARTIDO LIBERAL,,22,280002551544,FLAVIO NANTES BOLSONARO,FLAVIO BOLSONARO,30/04/1981,1,Válido,nao,,786,28.29,28.293736501,ALFREDO GASPAR DE MENDONÇA NETO,ALFREDO GASPAR,PL,v,,,,,04/10/2026 19:31:52,sim
1,04/10/2026,6257,Presidente,1,municipio,TO,73059,1712801,MAURILÂNDIA DO TOCANTINS,,,,,PARTIDO SOCIAL DEMOCRÁTICO,i,PSD,0,55,PSD,PARTIDO SOCIAL DEMOCRÁTICO,,55,280002551932,RONALDO RAMOS CAIADO,RONALDO CAIADO,25/09/1949,5,Válido,nao,,25,0.90,0.899928006,GILBERTO KASSAB,GILBERTO KASSAB,PSD,v,,,,,04/10/2026 19:31:52,sim
1,04/10/2026,6257,Presidente,1,municipio,TO,73059,1712801,MAURILÂNDIA DO TOCANTINS,,PT/PC do B/PV,FEDERAÇÃO BRASIL DA ESPERANÇA - FE BRASIL,PT/PC do B/PV,BRASIL PRONTO PRA MAIS,c,PSB / PDT / PCDOB / PT / PV / PSOL / REDE,,13,PT,PARTIDO DOS TRABALHADORES,101,13,280002542548,LUIZ INÁCIO LULA DA SILVA,LULA,06/10/1945,2,Válido,nao,,1869,67.28,67.278617711,GERALDO JOSE RODRIGUES ALCKMIN FILHO,GERALDO ALCKMIN,PSB,v,,,,,04/10/2026 19:31:52,sim
1,04/10/2026,6257,Presidente,1,municipio,TO,73059,1712801,MAURILÂNDIA DO TOCANTINS,,,,,PARTIDO SOCIALISTA  DOS TRABALHADORES UNIFICADO,i,PSTU,0,16,PSTU,PARTIDO SOCIALISTA  DOS TRABALHADORES UNIFICADO,,16,280002541457,HERTZ DA CONCEICAO DIAS,HERTZ DIAS,20/10/1970,8,Válido,nao,,1,0.04,0.035997120,VANESSA PORTUGAL BARBOSA,VANESSA PORTUGAL,PSTU,v,,,,,04/10/2026 19:31:52,sim
1,04/10/2026,6257,Presidente,1,municipio,TO,73059,1712801,MAURILÂNDIA DO TOCANTINS,,,,,PARTIDO COMUNISTA BRASILEIRO,i,PCB,0,21,PCB,PARTIDO COMUNISTA BRASILEIRO,,21,280002551975,EDMILSON SILVA COSTA,EDMILSON COSTA,08/04/1950,10,Válido,nao,,0,0.00,0,CLEUSA DOS SANTOS,CLEUSA SANTOS,PCB,v,,,,,04/10/2026 19:31:52,sim
1,04/10/2026,6257,Presidente,1,municipio,TO,73059,1712801,MAURILÂNDIA DO TOCANTINS,,,,,DEMOCRACIA CRISTÃ,i,DC,0,27,DC,DEMOCRACIA CRISTÃ,,27,280002552484,CLARIANA ZACARKIM BARAO,CLARIANA BARAO,03/04/1987,9,Válido,nao,,0,0.00,0,FABIANA CRISTINA TAVARES TORQUATO,FABIANA TORQUATO,DC,v,,,,,04/10/2026 19:31:52,sim
1,04/10/2026,6257,Presidente,1,municipio,TO,73059,1712801,MAURILÂNDIA DO TOCANTINS,,,,,PARTIDO NOVO,i,NOVO,0,30,NOVO,PARTIDO NOVO,,30,280002539826,ROMEU ZEMA NETO,ZEMA,28/10/1964,6,Válido,nao,,2,0.07,0.071994240,LUIS EDUARDO GRANGEIRO GIRÃO,EDUARDO GIRÃO,NOVO,v,,,,,04/10/2026 19:31:52,sim
1,04/10/2026,6257,Presidente,1,municipio,TO,73059,1712801,MAURILÂNDIA DO TOCANTINS,,,,,BRASIL DOS NOSSOS SONHOS,c,AGIR / AVANTE,,70,AVANTE,AVANTE,,70,280002551547,AUGUSTO JORGE CURY,ESCRITOR AUGUSTO CURY,02/10/1958,3,Válido,nao,,74,2.66,2.663786897,JULIO CESAR DELGADO,JÚLIO DELGADO,AVANTE,v,,,,,04/10/2026 19:31:52,sim
1,04/10/2026,6257,Presidente,1,municipio,TO,73059,1712801,MAURILÂNDIA DO TOCANTINS,,,,,DEMOCRATA,i,DEMOCRATA,0,35,DEMOCRATA,DEMOCRATA,,35,280002548139,WILSON GRASSI JUNIOR,VETERINÁRIO WILSON GRASSI,13/03/1970,11,Válido,nao,,0,0.00,0,SUÊD HAIDAR NOGUEIRA,SUÊD HAIDAR,DEMOCRATA,v,,,,,04/10/2026 19:31:52,sim
1,04/10/2026,6257,Presidente,1,municipio,TO,73059,1712801,MAURILÂNDIA DO TOCANTINS,,,,,UNIDADE POPULAR,i,UP,0,80,UP,UNIDADE POPULAR,,80,280002538811,SAMARA MARTINS DA SILVA FEITOSA,SAMARA,31/08/1987,7,Válido,nao,,0,0.00,0,RAQUEL NONATO DE BRICIO,RAQUEL BRÍCIO,UP,v,,,,,04/10/2026 19:31:52,sim
1,04/10/2026,6257,Presidente,1,municipio,TO,73059,1712801,MAURILÂNDIA DO TOCANTINS,,,,,PARTIDO MISSÃO,i,MISSÃO,0,14,MISSÃO,PARTIDO MISSÃO,,14,280002540694,RENAN ANTONIO FERREIRA DOS SANTOS,RENAN SANTOS,14/02/1984,4,Válido,nao,,21,0.76,0.755939525,AROLDO MEDINA,CORONEL MEDINA,MISSÃO,v,,,,,04/10/2026 19:31:52,sim
1,04/10/2026,6257,Presidente,1,municipio,TO,73059,1712801,MAURILÂNDIA DO TOCANTINS,,,,,PARTIDO DA CAUSA OPERÁRIA,i,PCO,0,29,PCO,PARTIDO DA CAUSA OPERÁRIA,,29,280002552487,RUI COSTA PIMENTA,RUI COSTA PIMENTA,25/06/1957,12,Válido,nao,,0,0.00,0,ANTONIO CARLOS SILVA,ANTÔNIO CARLOS,PCO,v,,,,,04/10/2026 19:31:52,sim
1,04/10/2026,6257,Presidente,1,municipio,TO,73067,1703826,CACHOEIRINHA,,,,,PARTIDO LIBERAL,i,PL,0,22,PL,PARTIDO LIBERAL,,22,280002551544,FLAVIO NANTES BOLSONARO,FLAVIO BOLSONARO,30/04/1981,1,Válido,nao,,553,34.18,34.177997528,ALFREDO GASPAR DE MENDONÇA NETO,ALFREDO GASPAR,PL,v,,,,,04/10/2026 17:31:44,sim
1,04/10/2026,6257,Presidente,1,municipio,TO,73067,1703826,CACHOEIRINHA,,,,,PARTIDO SOCIAL DEMOCRÁTICO,i,PSD,0,55,PSD,PARTIDO SOCIAL DEMOCRÁTICO,,55,280002551932,RONALDO RAMOS CAIADO,RONALDO CAIADO,25/09/1949,5,Válido,nao,,23,1.42,1.421508035,GILBERTO KASSAB,GILBERTO KASSAB,PSD,v,,,,,04/10/2026 17:31:44,sim
1,04/10/2026,6257,Presidente,1,municipio,TO,73067,1703826,CACHOEIRINHA,,PT/PC do B/PV,FEDERAÇÃO BRASIL DA ESPERANÇA - FE BRASIL,PT/PC do B/PV,BRASIL PRONTO PRA MAIS,c,PSB / PDT / PCDOB / PT / PV / PSOL / REDE,,13,PT,PARTIDO DOS TRABALHADORES,101,13,280002542548,LUIZ INÁCIO LULA DA SILVA,LULA,06/10/1945,2,Válido,nao,,968,59.83,59.826946848,GERALDO JOSE RODRIGUES ALCKMIN FILHO,GERALDO ALCKMIN,PSB,v,,,,,04/10/2026 17:31:44,sim
1,04/10/2026,6257,Presidente,1,municipio,TO,73067,1703826,CACHOEIRINHA,,,,,DEMOCRACIA CRISTÃ,i,DC,0,27,DC,DEMOCRACIA CRISTÃ,,27,280002552484,CLARIANA ZACARKIM BARAO,CLARIANA BARAO,03/04/1987,8,Válido,nao,,0,0.00,0,FABIANA CRISTINA TAVARES TORQUATO,FABIANA TORQUATO,DC,v,,,,,04/10/2026 17:31:44,sim
1,04/10/2026,6257,Presidente,1,municipio,TO,73067,1703826,CACHOEIRINHA,,,,,PARTIDO COMUNISTA BRASILEIRO,i,PCB,0,21,PCB,PARTIDO COMUNISTA BRASILEIRO,,21,280002551975,EDMILSON SILVA COSTA,EDMILSON COSTA,08/04/1950,10,Válido,nao,,0,0.00,0,CLEUSA DOS SANTOS,CLEUSA SANTOS,PCB,v,,,,,04/10/2026 17:31:44,sim
1,04/10/2026,6257,Presidente,1,municipio,TO,73067,1703826,CACHOEIRINHA,,,,,PARTIDO SOCIALISTA  DOS TRABALHADORES UNIFICADO,i,PSTU,0,16,PSTU,PARTIDO SOCIALISTA  DOS TRABALHADORES UNIFICADO,,16,280002541457,HERTZ DA CONCEICAO DIAS,HERTZ DIAS,20/10/1970,9,Válido,nao,,0,0.00,0,VANESSA PORTUGAL BARBOSA,VANESSA PORTUGAL,PSTU,v,,,,,04/10/2026 17:31:44,sim
1,04/10/2026,6257,Presidente,1,municipio,TO,73067,1703826,CACHOEIRINHA,,,,,BRASIL DOS NOSSOS SONHOS,c,AGIR / AVANTE,,70,AVANTE,AVANTE,,70,280002551547,AUGUSTO JORGE CURY,ESCRITOR AUGUSTO CURY,02/10/1958,3,Válido,nao,,63,3.89,3.893695921,JULIO CESAR DELGADO,JÚLIO DELGADO,AVANTE,v,,,,,04/10/2026 17:31:44,sim
1,04/10/2026,6257,Presidente,1,municipio,TO,73067,1703826,CACHOEIRINHA,,,,,PARTIDO NOVO,i,NOVO,0,30,NOVO,PARTIDO NOVO,,30,280002539826,ROMEU ZEMA NETO,ZEMA,28/10/1964,6,Válido,nao,,0,0.00,0,LUIS EDUARDO GRANGEIRO GIRÃO,EDUARDO GIRÃO,NOVO,v,,,,,04/10/2026 17:31:44,sim
1,04/10/2026,6257,Presidente,1,municipio,TO,73067,1703826,CACHOEIRINHA,,,,,UNIDADE POPULAR,i,UP,0,80,UP,UNIDADE POPULAR,,80,280002538811,SAMARA MARTINS DA SILVA FEITOSA,SAMARA,31/08/1987,7,Válido,nao,,0,0.00,0,RAQUEL NONATO DE BRICIO,RAQUEL BRÍCIO,UP,v,,,,,04/10/2026 17:31:44,sim
1,04/10/2026,6257,Presidente,1,municipio,TO,73067,1703826,CACHOEIRINHA,,,,,DEMOCRATA,i,DEMOCRATA,0,35,DEMOCRATA,DEMOCRATA,,35,280002548139,WILSON GRASSI JUNIOR,VETERINÁRIO WILSON GRASSI,13/03/1970,11,Válido,nao,,0,0.00,0,SUÊD HAIDAR NOGUEIRA,SUÊD HAIDAR,DEMOCRATA,v,,,,,04/10/2026 17:31:44,sim
1,04/10/2026,6257,Presidente,1,municipio,TO,73067,1703826,CACHOEIRINHA,,,,,PARTIDO MISSÃO,i,MISSÃO,0,14,MISSÃO,PARTIDO MISSÃO,,14,280002540694,RENAN ANTONIO FERREIRA DOS SANTOS,RENAN SANTOS,14/02/1984,4,Válido,nao,,11,0.68,0.679851669,AROLDO MEDINA,CORONEL MEDINA,MISSÃO,v,,,,,04/10/2026 17:31:44,sim
1,04/10/2026,6257,Presidente,1,municipio,TO,73067,1703826,CACHOEIRINHA,,,,,PARTIDO DA CAUSA OPERÁRIA,i,PCO,0,29,PCO,PARTIDO DA CAUSA OPERÁRIA,,29,280002552487,RUI COSTA PIMENTA,RUI COSTA PIMENTA,25/06/1957,12,Válido,nao,,0,0.00,0,ANTONIO CARLOS SILVA,ANTÔNIO CARLOS,PCO,v,,,,,04/10/2026 17:31:44,sim
1,04/10/2026,6257,Presidente,1,municipio,TO,73075,1701051,ANGICO,,,,,PARTIDO LIBERAL,i,PL,0,22,PL,PARTIDO LIBERAL,,22,280002551544,FLAVIO NANTES BOLSONARO,FLAVIO BOLSONARO,30/04/1981,1,Válido,nao,,985,44.53,44.529837251,ALFREDO GASPAR DE MENDONÇA NETO,ALFREDO GASPAR,PL,v,,,,,04/10/2026 18:54:39,sim
1,04/10/2026,6257,Presidente,1,municipio,TO,73075,1701051,ANGICO,,,,,PARTIDO SOCIAL DEMOCRÁTICO,i,PSD,0,55,PSD,PARTIDO SOCIAL DEMOCRÁTICO,,55,280002551932,RONALDO RAMOS CAIADO,RONALDO CAIADO,25/09/1949,4,Válido,nao,,47,2.12,2.124773960,GILBERTO KASSAB,GILBERTO KASSAB,PSD,v,,,,,04/10/2026 18:54:39,sim
1,04/10/2026,6257,Presidente,1,municipio,TO,73075,1701051,ANGICO,,PT/PC do B/PV,FEDERAÇÃO BRASIL DA ESPERANÇA - FE BRASIL,PT/PC do B/PV,BRASIL PRONTO PRA MAIS,c,PSB / PDT / PCDOB / PT / PV / PSOL / REDE,,13,PT,PARTIDO DOS TRABALHADORES,101,13,280002542548,LUIZ INÁCIO LULA DA SILVA,LULA,06/10/1945,2,Válido,nao,,1101,49.77,49.773960217,GERALDO JOSE RODRIGUES ALCKMIN FILHO,GERALDO ALCKMIN,PSB,v,,,,,04/10/2026 18:54:39,sim
1,04/10/2026,6257,Presidente,1,municipio,TO,73075,1701051,ANGICO,,,,,DEMOCRACIA CRISTÃ,i,DC,0,27,DC,DEMOCRACIA CRISTÃ,,27,280002552484,CLARIANA ZACARKIM BARAO,CLARIANA BARAO,03/04/1987,9,Válido,nao,,0,0.00,0,FABIANA CRISTINA TAVARES TORQUATO,FABIANA TORQUATO,DC,v,,,,,04/10/2026 18:54:39,sim
1,04/10/2026,6257,Presidente,1,municipio,TO,73075,1701051,ANGICO,,,,,PARTIDO COMUNISTA BRASILEIRO,i,PCB,0,21,PCB,PARTIDO COMUNISTA BRASILEIRO,,21,280002551975,EDMILSON SILVA COSTA,EDMILSON COSTA,08/04/1950,10,Válido,nao,,0,0.00,0,CLEUSA DOS SANTOS,CLEUSA SANTOS,PCB,v,,,,,04/10/2026 18:54:39,sim
1,04/10/2026,6257,Presidente,1,municipio,TO,73075,1701051,ANGICO,,,,,PARTIDO SOCIALISTA  DOS TRABALHADORES UNIFICADO,i,PSTU,0,16,PSTU,PARTIDO SOCIALISTA  DOS TRABALHADORES UNIFICADO,,16,280002541457,HERTZ DA CONCEICAO DIAS,HERTZ DIAS,20/10/1970,8,Válido,nao,,0,0.00,0,VANESSA PORTUGAL BARBOSA,VANESSA PORTUGAL,PSTU,v,,,,,04/10/2026 18:54:39,sim
1,04/10/2026,6257,Presidente,1,municipio,TO,73075,1701051,ANGICO,,,,,BRASIL DOS NOSSOS SONHOS,c,AGIR / AVANTE,,70,AVANTE,AVANTE,,70,280002551547,AUGUSTO JORGE CURY,ESCRITOR AUGUSTO CURY,02/10/1958,3,Válido,nao,,46,2.08,2.079566004,JULIO CESAR DELGADO,JÚLIO DELGADO,AVANTE,v,,,,,04/10/2026 18:54:39,sim
1,04/10/2026,6257,Presidente,1,municipio,TO,73075,1701051,ANGICO,,,,,PARTIDO NOVO,i,NOVO,0,30,NOVO,PARTIDO NOVO,,30,280002539826,ROMEU ZEMA NETO,ZEMA,28/10/1964,6,Válido,nao,,0,0.00,0,LUIS EDUARDO GRANGEIRO GIRÃO,EDUARDO GIRÃO,NOVO,v,,,,,04/10/2026 18:54:39,sim
1,04/10/2026,6257,Presidente,1,municipio,TO,73075,1701051,ANGICO,,,,,UNIDADE POPULAR,i,UP,0,80,UP,UNIDADE POPULAR,,80,280002538811,SAMARA MARTINS DA SILVA FEITOSA,SAMARA,31/08/1987,7,Válido,nao,,0,0.00,0,RAQUEL NONATO DE BRICIO,RAQUEL BRÍCIO,UP,v,,,,,04/10/2026 18:54:39,sim
1,04/10/2026,6257,Presidente,1,municipio,TO,73075,1701051,ANGICO,,,,,DEMOCRATA,i,DEMOCRATA,0,35,DEMOCRATA,DEMOCRATA,,35,280002548139,WILSON GRASSI JUNIOR,VETERINÁRIO WILSON GRASSI,13/03/1970,11,Válido,nao,,0,0.00,0,SUÊD HAIDAR NOGUEIRA,SUÊD HAIDAR,DEMOCRATA,v,,,,,04/10/2026 18:54:39,sim
1,04/10/2026,6257,Presidente,1,municipio,TO,73075,1701051,ANGICO,,,,,PARTIDO MISSÃO,i,MISSÃO,0,14,MISSÃO,PARTIDO MISSÃO,,14,280002540694,RENAN ANTONIO FERREIRA DOS SANTOS,RENAN SANTOS,14/02/1984,5,Válido,nao,,33,1.49,1.491862568,AROLDO MEDINA,CORONEL MEDINA,MISSÃO,v,,,,,04/10/2026 18:54:39,sim
1,04/10/2026,6257,Presidente,1,municipio,TO,73075,1701051,ANGICO,,,,,PARTIDO DA CAUSA OPERÁRIA,i,PCO,0,29,PCO,PARTIDO DA CAUSA OPERÁRIA,,29,280002552487,RUI COSTA PIMENTA,RUI COSTA PIMENTA,25/06/1957,12,Válido,nao,,0,0.00,0,ANTONIO CARLOS SILVA,ANTÔNIO CARLOS,PCO,v,,,,,04/10/2026 18:54:39,sim
1,04/10/2026,6257,Presidente,1,municipio,TO,73083,1715705,PALMEIRANTE,,,,,PARTIDO LIBERAL,i,PL,0,22,PL,PARTIDO LIBERAL,,22,280002551544,FLAVIO NANTES BOLSONARO,FLAVIO BOLSONARO,30/04/1981,1,Válido,nao,,1367,39.98,39.982451009,ALFREDO GASPAR DE MENDONÇA NETO,ALFREDO GASPAR,PL,v,,,,,04/10/2026 18:27:08,sim
1,04/10/2026,6257,Presidente,1,municipio,TO,73083,1715705,PALMEIRANTE,,,,,PARTIDO SOCIAL DEMOCRÁTICO,i,PSD,0,55,PSD,PARTIDO SOCIAL DEMOCRÁTICO,,55,280002551932,RONALDO RAMOS CAIADO,RONALDO CAIADO,25/09/1949,4,Válido,nao,,73,2.14,2.135127230,GILBERTO KASSAB,GILBERTO KASSAB,PSD,v,,,,,04/10/2026 18:27:08,sim
1,04/10/2026,6257,Presidente,1,municipio,TO,73083,1715705,PALMEIRANTE,,PT/PC do B/PV,FEDERAÇÃO BRASIL DA ESPERANÇA - FE BRASIL,PT/PC do B/PV,BRASIL PRONTO PRA MAIS,c,PSB / PDT / PCDOB / PT / PV / PSOL / REDE,,13,PT,PARTIDO DOS TRABALHADORES,101,13,280002542548,LUIZ INÁCIO LULA DA SILVA,LULA,06/10/1945,2,Válido,nao,,1886,55.16,55.162328166,GERALDO JOSE RODRIGUES ALCKMIN FILHO,GERALDO ALCKMIN,PSB,v,,,,,04/10/2026 18:27:08,sim
1,04/10/2026,6257,Presidente,1,municipio,TO,73083,1715705,PALMEIRANTE,,,,,DEMOCRACIA CRISTÃ,i,DC,0,27,DC,DEMOCRACIA CRISTÃ,,27,280002552484,CLARIANA ZACARKIM BARAO,CLARIANA BARAO,03/04/1987,8,Válido,nao,,0,0.00,0,FABIANA CRISTINA TAVARES TORQUATO,FABIANA TORQUATO,DC,v,,,,,04/10/2026 18:27:08,sim
1,04/10/2026,6257,Presidente,1,municipio,TO,73083,1715705,PALMEIRANTE,,,,,PARTIDO COMUNISTA BRASILEIRO,i,PCB,0,21,PCB,PARTIDO COMUNISTA BRASILEIRO,,21,280002551975,EDMILSON SILVA COSTA,EDMILSON COSTA,08/04/1950,10,Válido,nao,,1,0.03,0.029248318,CLEUSA DOS SANTOS,CLEUSA SANTOS,PCB,v,,,,,04/10/2026 18:27:08,sim
1,04/10/2026,6257,Presidente,1,municipio,TO,73083,1715705,PALMEIRANTE,,,,,PARTIDO SOCIALISTA  DOS TRABALHADORES UNIFICADO,i,PSTU,0,16,PSTU,PARTIDO SOCIALISTA  DOS TRABALHADORES UNIFICADO,,16,280002541457,HERTZ DA CONCEICAO DIAS,HERTZ DIAS,20/10/1970,9,Válido,nao,,0,0.00,0,VANESSA PORTUGAL BARBOSA,VANESSA PORTUGAL,PSTU,v,,,,,04/10/2026 18:27:08,sim
1,04/10/2026,6257,Presidente,1,municipio,TO,73083,1715705,PALMEIRANTE,,,,,BRASIL DOS NOSSOS SONHOS,c,AGIR / AVANTE,,70,AVANTE,AVANTE,,70,280002551547,AUGUSTO JORGE CURY,ESCRITOR AUGUSTO CURY,02/10/1958,3,Válido,nao,,65,1.90,1.901140684,JULIO CESAR DELGADO,JÚLIO DELGADO,AVANTE,v,,,,,04/10/2026 18:27:08,sim
1,04/10/2026,6257,Presidente,1,municipio,TO,73083,1715705,PALMEIRANTE,,,,,PARTIDO NOVO,i,NOVO,0,30,NOVO,PARTIDO NOVO,,30,280002539826,ROMEU ZEMA NETO,ZEMA,28/10/1964,6,Válido,nao,,0,0.00,0,LUIS EDUARDO GRANGEIRO GIRÃO,EDUARDO GIRÃO,NOVO,v,,,,,04/10/2026 18:27:08,sim
1,04/10/2026,6257,Presidente,1,municipio,TO,73083,1715705,PALMEIRANTE,,,,,UNIDADE POPULAR,i,UP,0,80,UP,UNIDADE POPULAR,,80,280002538811,SAMARA MARTINS DA SILVA FEITOSA,SAMARA,31/08/1987,7,Válido,nao,,0,0.00,0,RAQUEL NONATO DE BRICIO,RAQUEL BRÍCIO,UP,v,,,,,04/10/2026 18:27:08,sim
1,04/10/2026,6257,Presidente,1,municipio,TO,73083,1715705,PALMEIRANTE,,,,,DEMOCRATA,i,DEMOCRATA,0,35,DEMOCRATA,DEMOCRATA,,35,280002548139,WILSON GRASSI JUNIOR,VETERINÁRIO WILSON GRASSI,13/03/1970,11,Válido,nao,,0,0.00,0,SUÊD HAIDAR NOGUEIRA,SUÊD HAIDAR,DEMOCRATA,v,,,,,04/10/2026 18:27:08,sim
1,04/10/2026,6257,Presidente,1,municipio,TO,73083,1715705,PALMEIRANTE,,,,,PARTIDO MISSÃO,i,MISSÃO,0,14,MISSÃO,PARTIDO MISSÃO,,14,280002540694,RENAN ANTONIO FERREIRA DOS SANTOS,RENAN SANTOS,14/02/1984,5,Válido,nao,,26,0.76,0.760456274,AROLDO MEDINA,CORONEL MEDINA,MISSÃO,v,,,,,04/10/2026 18:27:08,sim
1,04/10/2026,6257,Presidente,1,municipio,TO,73083,1715705,PALMEIRANTE,,,,,PARTIDO DA CAUSA OPERÁRIA,i,PCO,0,29,PCO,PARTIDO DA CAUSA OPERÁRIA,,29,280002552487,RUI COSTA PIMENTA,RUI COSTA PIMENTA,25/06/1957,12,Válido,nao,,1,0.03,0.029248318,ANTONIO CARLOS SILVA,ANTÔNIO CARLOS,PCO,v,,,,,04/10/2026 18:27:08,sim
1,04/10/2026,6257,Presidente,1,municipio,TO,73091,1703842,CAMPOS LINDOS,,,,,PARTIDO LIBERAL,i,PL,0,22,PL,PARTIDO LIBERAL,,22,280002551544,FLAVIO NANTES BOLSONARO,FLAVIO BOLSONARO,30/04/1981,1,Válido,nao,,2434,44.30,44.302875865,ALFREDO GASPAR DE MENDONÇA NETO,ALFREDO GASPAR,PL,v,,,,,04/10/2026 19:08:20,sim
1,04/10/2026,6257,Presidente,1,municipio,TO,73091,1703842,CAMPOS LINDOS,,,,,PARTIDO SOCIAL DEMOCRÁTICO,i,PSD,0,55,PSD,PARTIDO SOCIAL DEMOCRÁTICO,,55,280002551932,RONALDO RAMOS CAIADO,RONALDO CAIADO,25/09/1949,5,Válido,nao,,131,2.38,2.384419367,GILBERTO KASSAB,GILBERTO KASSAB,PSD,v,,,,,04/10/2026 19:08:20,sim
1,04/10/2026,6257,Presidente,1,municipio,TO,73091,1703842,CAMPOS LINDOS,,PT/PC do B/PV,FEDERAÇÃO BRASIL DA ESPERANÇA - FE BRASIL,PT/PC do B/PV,BRASIL PRONTO PRA MAIS,c,PSB / PDT / PCDOB / PT / PV / PSOL / REDE,,13,PT,PARTIDO DOS TRABALHADORES,101,13,280002542548,LUIZ INÁCIO LULA DA SILVA,LULA,06/10/1945,2,Válido,nao,,2712,49.36,49.362941391,GERALDO JOSE RODRIGUES ALCKMIN FILHO,GERALDO ALCKMIN,PSB,v,,,,,04/10/2026 19:08:20,sim
1,04/10/2026,6257,Presidente,1,municipio,TO,73091,1703842,CAMPOS LINDOS,,,,,DEMOCRACIA CRISTÃ,i,DC,0,27,DC,DEMOCRACIA CRISTÃ,,27,280002552484,CLARIANA ZACARKIM BARAO,CLARIANA BARAO,03/04/1987,9,Válido,nao,,0,0.00,0,FABIANA CRISTINA TAVARES TORQUATO,FABIANA TORQUATO,DC,v,,,,,04/10/2026 19:08:20,sim
1,04/10/2026,6257,Presidente,1,municipio,TO,73091,1703842,CAMPOS LINDOS,,,,,PARTIDO COMUNISTA BRASILEIRO,i,PCB,0,21,PCB,PARTIDO COMUNISTA BRASILEIRO,,21,280002551975,EDMILSON SILVA COSTA,EDMILSON COSTA,08/04/1950,10,Válido,nao,,0,0.00,0,CLEUSA DOS SANTOS,CLEUSA SANTOS,PCB,v,,,,,04/10/2026 19:08:20,sim
1,04/10/2026,6257,Presidente,1,municipio,TO,73091,1703842,CAMPOS LINDOS,,,,,PARTIDO SOCIALISTA  DOS TRABALHADORES UNIFICADO,i,PSTU,0,16,PSTU,PARTIDO SOCIALISTA  DOS TRABALHADORES UNIFICADO,,16,280002541457,HERTZ DA CONCEICAO DIAS,HERTZ DIAS,20/10/1970,8,Válido,nao,,0,0.00,0,VANESSA PORTUGAL BARBOSA,VANESSA PORTUGAL,PSTU,v,,,,,04/10/2026 19:08:20,sim
1,04/10/2026,6257,Presidente,1,municipio,TO,73091,1703842,CAMPOS LINDOS,,,,,BRASIL DOS NOSSOS SONHOS,c,AGIR / AVANTE,,70,AVANTE,AVANTE,,70,280002551547,AUGUSTO JORGE CURY,ESCRITOR AUGUSTO CURY,02/10/1958,3,Válido,nao,,160,2.91,2.912267929,JULIO CESAR DELGADO,JÚLIO DELGADO,AVANTE,v,,,,,04/10/2026 19:08:20,sim
1,04/10/2026,6257,Presidente,1,municipio,TO,73091,1703842,CAMPOS LINDOS,,,,,PARTIDO NOVO,i,NOVO,0,30,NOVO,PARTIDO NOVO,,30,280002539826,ROMEU ZEMA NETO,ZEMA,28/10/1964,6,Válido,nao,,1,0.02,0.018201675,LUIS EDUARDO GRANGEIRO GIRÃO,EDUARDO GIRÃO,NOVO,v,,,,,04/10/2026 19:08:20,sim
1,04/10/2026,6257,Presidente,1,municipio,TO,73091,1703842,CAMPOS LINDOS,,,,,UNIDADE POPULAR,i,UP,0,80,UP,UNIDADE POPULAR,,80,280002538811,SAMARA MARTINS DA SILVA FEITOSA,SAMARA,31/08/1987,7,Válido,nao,,0,0.00,0,RAQUEL NONATO DE BRICIO,RAQUEL BRÍCIO,UP,v,,,,,04/10/2026 19:08:20,sim
1,04/10/2026,6257,Presidente,1,municipio,TO,73091,1703842,CAMPOS LINDOS,,,,,DEMOCRATA,i,DEMOCRATA,0,35,DEMOCRATA,DEMOCRATA,,35,280002548139,WILSON GRASSI JUNIOR,VETERINÁRIO WILSON GRASSI,13/03/1970,11,Válido,nao,,0,0.00,0,SUÊD HAIDAR NOGUEIRA,SUÊD HAIDAR,DEMOCRATA,v,,,,,04/10/2026 19:08:20,sim
1,04/10/2026,6257,Presidente,1,municipio,TO,73091,1703842,CAMPOS LINDOS,,,,,PARTIDO MISSÃO,i,MISSÃO,0,14,MISSÃO,PARTIDO MISSÃO,,14,280002540694,RENAN ANTONIO FERREIRA DOS SANTOS,RENAN SANTOS,14/02/1984,4,Válido,nao,,56,1.02,1.019293775,AROLDO MEDINA,CORONEL MEDINA,MISSÃO,v,,,,,04/10/2026 19:08:20,sim
1,04/10/2026,6257,Presidente,1,municipio,TO,73091,1703842,CAMPOS LINDOS,,,,,PARTIDO DA CAUSA OPERÁRIA,i,PCO,0,29,PCO,PARTIDO DA CAUSA OPERÁRIA,,29,280002552487,RUI COSTA PIMENTA,RUI COSTA PIMENTA,25/06/1957,12,Válido,nao,,0,0.00,0,ANTONIO CARLOS SILVA,ANTÔNIO CARLOS,PCO,v,,,,,04/10/2026 19:08:20,sim
1,04/10/2026,6257,Presidente,1,municipio,TO,73105,1720150,SÃO FÉLIX DO TOCANTINS,,,,,PARTIDO LIBERAL,i,PL,0,22,PL,PARTIDO LIBERAL,,22,280002551544,FLAVIO NANTES BOLSONARO,FLAVIO BOLSONARO,30/04/1981,1,Válido,nao,,510,34.07,34.068136273,ALFREDO GASPAR DE MENDONÇA NETO,ALFREDO GASPAR,PL,v,,,,,04/10/2026 17:31:44,sim
1,04/10/2026,6257,Presidente,1,municipio,TO,73105,1720150,SÃO FÉLIX DO TOCANTINS,,,,,PARTIDO SOCIAL DEMOCRÁTICO,i,PSD,0,55,PSD,PARTIDO SOCIAL DEMOCRÁTICO,,55,280002551932,RONALDO RAMOS CAIADO,RONALDO CAIADO,25/09/1949,5,Válido,nao,,45,3.01,3.006012024,GILBERTO KASSAB,GILBERTO KASSAB,PSD,v,,,,,04/10/2026 17:31:44,sim
1,04/10/2026,6257,Presidente,1,municipio,TO,73105,1720150,SÃO FÉLIX DO TOCANTINS,,PT/PC do B/PV,FEDERAÇÃO BRASIL DA ESPERANÇA - FE BRASIL,PT/PC do B/PV,BRASIL PRONTO PRA MAIS,c,PSB / PDT / PCDOB / PT / PV / PSOL / REDE,,13,PT,PARTIDO DOS TRABALHADORES,101,13,280002542548,LUIZ INÁCIO LULA DA SILVA,LULA,06/10/1945,2,Válido,nao,,878,58.65,58.650634603,GERALDO JOSE RODRIGUES ALCKMIN FILHO,GERALDO ALCKMIN,PSB,v,,,,,04/10/2026 17:31:44,sim
1,04/10/2026,6257,Presidente,1,municipio,TO,73105,1720150,SÃO FÉLIX DO TOCANTINS,,,,,DEMOCRACIA CRISTÃ,i,DC,0,27,DC,DEMOCRACIA CRISTÃ,,27,280002552484,CLARIANA ZACARKIM BARAO,CLARIANA BARAO,03/04/1987,8,Válido,nao,,0,0.00,0,FABIANA CRISTINA TAVARES TORQUATO,FABIANA TORQUATO,DC,v,,,,,04/10/2026 17:31:44,sim
1,04/10/2026,6257,Presidente,1,municipio,TO,73105,1720150,SÃO FÉLIX DO TOCANTINS,,,,,PARTIDO COMUNISTA BRASILEIRO,i,PCB,0,21,PCB,PARTIDO COMUNISTA BRASILEIRO,,21,280002551975,EDMILSON SILVA COSTA,EDMILSON COSTA,08/04/1950,10,Válido,nao,,0,0.00,0,CLEUSA DOS SANTOS,CLEUSA SANTOS,PCB,v,,,,,04/10/2026 17:31:44,sim
1,04/10/2026,6257,Presidente,1,municipio,TO,73105,1720150,SÃO FÉLIX DO TOCANTINS,,,,,PARTIDO SOCIALISTA  DOS TRABALHADORES UNIFICADO,i,PSTU,0,16,PSTU,PARTIDO SOCIALISTA  DOS TRABALHADORES UNIFICADO,,16,280002541457,HERTZ DA CONCEICAO DIAS,HERTZ DIAS,20/10/1970,9,Válido,nao,,0,0.00,0,VANESSA PORTUGAL BARBOSA,VANESSA PORTUGAL,PSTU,v,,,,,04/10/2026 17:31:44,sim
1,04/10/2026,6257,Presidente,1,municipio,TO,73105,1720150,SÃO FÉLIX DO TOCANTINS,,,,,BRASIL DOS NOSSOS SONHOS,c,AGIR / AVANTE,,70,AVANTE,AVANTE,,70,280002551547,AUGUSTO JORGE CURY,ESCRITOR AUGUSTO CURY,02/10/1958,3,Válido,nao,,45,3.01,3.006012024,JULIO CESAR DELGADO,JÚLIO DELGADO,AVANTE,v,,,,,04/10/2026 17:31:44,sim
1,04/10/2026,6257,Presidente,1,municipio,TO,73105,1720150,SÃO FÉLIX DO TOCANTINS,,,,,PARTIDO NOVO,i,NOVO,0,30,NOVO,PARTIDO NOVO,,30,280002539826,ROMEU ZEMA NETO,ZEMA,28/10/1964,6,Válido,nao,,1,0.07,0.066800267,LUIS EDUARDO GRANGEIRO GIRÃO,EDUARDO GIRÃO,NOVO,v,,,,,04/10/2026 17:31:44,sim
1,04/10/2026,6257,Presidente,1,municipio,TO,73105,1720150,SÃO FÉLIX DO TOCANTINS,,,,,UNIDADE POPULAR,i,UP,0,80,UP,UNIDADE POPULAR,,80,280002538811,SAMARA MARTINS DA SILVA FEITOSA,SAMARA,31/08/1987,7,Válido,nao,,0,0.00,0,RAQUEL NONATO DE BRICIO,RAQUEL BRÍCIO,UP,v,,,,,04/10/2026 17:31:44,sim
1,04/10/2026,6257,Presidente,1,municipio,TO,73105,1720150,SÃO FÉLIX DO TOCANTINS,,,,,DEMOCRATA,i,DEMOCRATA,0,35,DEMOCRATA,DEMOCRATA,,35,280002548139,WILSON GRASSI JUNIOR,VETERINÁRIO WILSON GRASSI,13/03/1970,11,Válido,nao,,0,0.00,0,SUÊD HAIDAR NOGUEIRA,SUÊD HAIDAR,DEMOCRATA,v,,,,,04/10/2026 17:31:44,sim
1,04/10/2026,6257,Presidente,1,municipio,TO,73105,1720150,SÃO FÉLIX DO TOCANTINS,,,,,PARTIDO MISSÃO,i,MISSÃO,0,14,MISSÃO,PARTIDO MISSÃO,,14,280002540694,RENAN ANTONIO FERREIRA DOS SANTOS,RENAN SANTOS,14/02/1984,4,Válido,nao,,18,1.20,1.202404810,AROLDO MEDINA,CORONEL MEDINA,MISSÃO,v,,,,,04/10/2026 17:31:44,sim
1,04/10/2026,6257,Presidente,1,municipio,TO,73105,1720150,SÃO FÉLIX DO TOCANTINS,,,,,PARTIDO DA CAUSA OPERÁRIA,i,PCO,0,29,PCO,PARTIDO DA CAUSA OPERÁRIA,,29,280002552487,RUI COSTA PIMENTA,RUI COSTA PIMENTA,25/06/1957,12,Válido,nao,,0,0.00,0,ANTONIO CARLOS SILVA,ANTÔNIO CARLOS,PCO,v,,,,,04/10/2026 17:31:44,sim
1,04/10/2026,6257,Presidente,1,municipio,TO,73113,1711951,LAGOA DO TOCANTINS,,,,,PARTIDO LIBERAL,i,PL,0,22,PL,PARTIDO LIBERAL,,22,280002551544,FLAVIO NANTES BOLSONARO,FLAVIO BOLSONARO,30/04/1981,1,Válido,nao,,1060,39.98,39.984911354,ALFREDO GASPAR DE MENDONÇA NETO,ALFREDO GASPAR,PL,v,,,,,04/10/2026 18:57:35,sim
1,04/10/2026,6257,Presidente,1,municipio,TO,73113,1711951,LAGOA DO TOCANTINS,,,,,PARTIDO SOCIAL DEMOCRÁTICO,i,PSD,0,55,PSD,PARTIDO SOCIAL DEMOCRÁTICO,,55,280002551932,RONALDO RAMOS CAIADO,RONALDO CAIADO,25/09/1949,4,Válido,nao,,41,1.55,1.546586194,GILBERTO KASSAB,GILBERTO KASSAB,PSD,v,,,,,04/10/2026 18:57:35,sim
1,04/10/2026,6257,Presidente,1,municipio,TO,73113,1711951,LAGOA DO TOCANTINS,,PT/PC do B/PV,FEDERAÇÃO BRASIL DA ESPERANÇA - FE BRASIL,PT/PC do B/PV,BRASIL PRONTO PRA MAIS,c,PSB / PDT / PCDOB / PT / PV / PSOL / REDE,,13,PT,PARTIDO DOS TRABALHADORES,101,13,280002542548,LUIZ INÁCIO LULA DA SILVA,LULA,06/10/1945,2,Válido,nao,,1443,54.43,54.432289702,GERALDO JOSE RODRIGUES ALCKMIN FILHO,GERALDO ALCKMIN,PSB,v,,,,,04/10/2026 18:57:35,sim
1,04/10/2026,6257,Presidente,1,municipio,TO,73113,1711951,LAGOA DO TOCANTINS,,,,,DEMOCRACIA CRISTÃ,i,DC,0,27,DC,DEMOCRACIA CRISTÃ,,27,280002552484,CLARIANA ZACARKIM BARAO,CLARIANA BARAO,03/04/1987,9,Válido,nao,,0,0.00,0,FABIANA CRISTINA TAVARES TORQUATO,FABIANA TORQUATO,DC,v,,,,,04/10/2026 18:57:35,sim
1,04/10/2026,6257,Presidente,1,municipio,TO,73113,1711951,LAGOA DO TOCANTINS,,,,,PARTIDO COMUNISTA BRASILEIRO,i,PCB,0,21,PCB,PARTIDO COMUNISTA BRASILEIRO,,21,280002551975,EDMILSON SILVA COSTA,EDMILSON COSTA,08/04/1950,10,Válido,nao,,1,0.04,0.037721614,CLEUSA DOS SANTOS,CLEUSA SANTOS,PCB,v,,,,,04/10/2026 18:57:35,sim
1,04/10/2026,6257,Presidente,1,municipio,TO,73113,1711951,LAGOA DO TOCANTINS,,,,,PARTIDO SOCIALISTA  DOS TRABALHADORES UNIFICADO,i,PSTU,0,16,PSTU,PARTIDO SOCIALISTA  DOS TRABALHADORES UNIFICADO,,16,280002541457,HERTZ DA CONCEICAO DIAS,HERTZ DIAS,20/10/1970,8,Válido,nao,,2,0.08,0.075443229,VANESSA PORTUGAL BARBOSA,VANESSA PORTUGAL,PSTU,v,,,,,04/10/2026 18:57:35,sim
1,04/10/2026,6257,Presidente,1,municipio,TO,73113,1711951,LAGOA DO TOCANTINS,,,,,BRASIL DOS NOSSOS SONHOS,c,AGIR / AVANTE,,70,AVANTE,AVANTE,,70,280002551547,AUGUSTO JORGE CURY,ESCRITOR AUGUSTO CURY,02/10/1958,3,Válido,nao,,87,3.28,3.281780460,JULIO CESAR DELGADO,JÚLIO DELGADO,AVANTE,v,,,,,04/10/2026 18:57:35,sim
1,04/10/2026,6257,Presidente,1,municipio,TO,73113,1711951,LAGOA DO TOCANTINS,,,,,PARTIDO NOVO,i,NOVO,0,30,NOVO,PARTIDO NOVO,,30,280002539826,ROMEU ZEMA NETO,ZEMA,28/10/1964,6,Válido,nao,,0,0.00,0,LUIS EDUARDO GRANGEIRO GIRÃO,EDUARDO GIRÃO,NOVO,v,,,,,04/10/2026 18:57:35,sim
1,04/10/2026,6257,Presidente,1,municipio,TO,73113,1711951,LAGOA DO TOCANTINS,,,,,UNIDADE POPULAR,i,UP,0,80,UP,UNIDADE POPULAR,,80,280002538811,SAMARA MARTINS DA SILVA FEITOSA,SAMARA,31/08/1987,7,Válido,nao,,0,0.00,0,RAQUEL NONATO DE BRICIO,RAQUEL BRÍCIO,UP,v,,,,,04/10/2026 18:57:35,sim
1,04/10/2026,6257,Presidente,1,municipio,TO,73113,1711951,LAGOA DO TOCANTINS,,,,,DEMOCRATA,i,DEMOCRATA,0,35,DEMOCRATA,DEMOCRATA,,35,280002548139,WILSON GRASSI JUNIOR,VETERINÁRIO WILSON GRASSI,13/03/1970,11,Válido,nao,,0,0.00,0,SUÊD HAIDAR NOGUEIRA,SUÊD HAIDAR,DEMOCRATA,v,,,,,04/10/2026 18:57:35,sim
1,04/10/2026,6257,Presidente,1,municipio,TO,73113,1711951,LAGOA DO TOCANTINS,,,,,PARTIDO MISSÃO,i,MISSÃO,0,14,MISSÃO,PARTIDO MISSÃO,,14,280002540694,RENAN ANTONIO FERREIRA DOS SANTOS,RENAN SANTOS,14/02/1984,5,Válido,nao,,17,0.64,0.641267446,AROLDO MEDINA,CORONEL MEDINA,MISSÃO,v,,,,,04/10/2026 18:57:35,sim
1,04/10/2026,6257,Presidente,1,municipio,TO,73113,1711951,LAGOA DO TOCANTINS,,,,,PARTIDO DA CAUSA OPERÁRIA,i,PCO,0,29,PCO,PARTIDO DA CAUSA OPERÁRIA,,29,280002552487,RUI COSTA PIMENTA,RUI COSTA PIMENTA,25/06/1957,12,Válido,nao,,0,0.00,0,ANTONIO CARLOS SILVA,ANTÔNIO CARLOS,PCO,v,,,,,04/10/2026 18:57:35,sim
1,04/10/2026,6257,Presidente,1,municipio,TO,73121,1703305,BOM JESUS DO TOCANTINS,,,,,PARTIDO LIBERAL,i,PL,0,22,PL,PARTIDO LIBERAL,,22,280002551544,FLAVIO NANTES BOLSONARO,FLAVIO BOLSONARO,30/04/1981,1,Válido,nao,,1483,49.48,49.482816149,ALFREDO GASPAR DE MENDONÇA NETO,ALFREDO GASPAR,PL,v,,,,,04/10/2026 18:10:52,sim
1,04/10/2026,6257,Presidente,1,municipio,TO,73121,1703305,BOM JESUS DO TOCANTINS,,,,,PARTIDO SOCIAL DEMOCRÁTICO,i,PSD,0,55,PSD,PARTIDO SOCIAL DEMOCRÁTICO,,55,280002551932,RONALDO RAMOS CAIADO,RONALDO CAIADO,25/09/1949,4,Válido,nao,,38,1.27,1.267934601,GILBERTO KASSAB,GILBERTO KASSAB,PSD,v,,,,,04/10/2026 18:10:52,sim
1,04/10/2026,6257,Presidente,1,municipio,TO,73121,1703305,BOM JESUS DO TOCANTINS,,PT/PC do B/PV,FEDERAÇÃO BRASIL DA ESPERANÇA - FE BRASIL,PT/PC do B/PV,BRASIL PRONTO PRA MAIS,c,PSB / PDT / PCDOB / PT / PV / PSOL / REDE,,13,PT,PARTIDO DOS TRABALHADORES,101,13,280002542548,LUIZ INÁCIO LULA DA SILVA,LULA,06/10/1945,2,Válido,nao,,1390,46.38,46.379713046,GERALDO JOSE RODRIGUES ALCKMIN FILHO,GERALDO ALCKMIN,PSB,v,,,,,04/10/2026 18:10:52,sim
1,04/10/2026,6257,Presidente,1,municipio,TO,73121,1703305,BOM JESUS DO TOCANTINS,,,,,DEMOCRACIA CRISTÃ,i,DC,0,27,DC,DEMOCRACIA CRISTÃ,,27,280002552484,CLARIANA ZACARKIM BARAO,CLARIANA BARAO,03/04/1987,8,Válido,nao,,0,0.00,0,FABIANA CRISTINA TAVARES TORQUATO,FABIANA TORQUATO,DC,v,,,,,04/10/2026 18:10:52,sim
1,04/10/2026,6257,Presidente,1,municipio,TO,73121,1703305,BOM JESUS DO TOCANTINS,,,,,PARTIDO COMUNISTA BRASILEIRO,i,PCB,0,21,PCB,PARTIDO COMUNISTA BRASILEIRO,,21,280002551975,EDMILSON SILVA COSTA,EDMILSON COSTA,08/04/1950,10,Válido,nao,,2,0.07,0.066733400,CLEUSA DOS SANTOS,CLEUSA SANTOS,PCB,v,,,,,04/10/2026 18:10:52,sim
1,04/10/2026,6257,Presidente,1,municipio,TO,73121,1703305,BOM JESUS DO TOCANTINS,,,,,PARTIDO SOCIALISTA  DOS TRABALHADORES UNIFICADO,i,PSTU,0,16,PSTU,PARTIDO SOCIALISTA  DOS TRABALHADORES UNIFICADO,,16,280002541457,HERTZ DA CONCEICAO DIAS,HERTZ DIAS,20/10/1970,9,Válido,nao,,1,0.03,0.033366700,VANESSA PORTUGAL BARBOSA,VANESSA PORTUGAL,PSTU,v,,,,,04/10/2026 18:10:52,sim
1,04/10/2026,6257,Presidente,1,municipio,TO,73121,1703305,BOM JESUS DO TOCANTINS,,,,,BRASIL DOS NOSSOS SONHOS,c,AGIR / AVANTE,,70,AVANTE,AVANTE,,70,280002551547,AUGUSTO JORGE CURY,ESCRITOR AUGUSTO CURY,02/10/1958,3,Válido,nao,,54,1.80,1.801801802,JULIO CESAR DELGADO,JÚLIO DELGADO,AVANTE,v,,,,,04/10/2026 18:10:52,sim
1,04/10/2026,6257,Presidente,1,municipio,TO,73121,1703305,BOM JESUS DO TOCANTINS,,,,,PARTIDO NOVO,i,NOVO,0,30,NOVO,PARTIDO NOVO,,30,280002539826,ROMEU ZEMA NETO,ZEMA,28/10/1964,6,Válido,nao,,0,0.00,0,LUIS EDUARDO GRANGEIRO GIRÃO,EDUARDO GIRÃO,NOVO,v,,,,,04/10/2026 18:10:52,sim
1,04/10/2026,6257,Presidente,1,municipio,TO,73121,1703305,BOM JESUS DO TOCANTINS,,,,,UNIDADE POPULAR,i,UP,0,80,UP,UNIDADE POPULAR,,80,280002538811,SAMARA MARTINS DA SILVA FEITOSA,SAMARA,31/08/1987,7,Válido,nao,,3,0.10,0.100100100,RAQUEL NONATO DE BRICIO,RAQUEL BRÍCIO,UP,v,,,,,04/10/2026 18:10:52,sim
1,04/10/2026,6257,Presidente,1,municipio,TO,73121,1703305,BOM JESUS DO TOCANTINS,,,,,DEMOCRATA,i,DEMOCRATA,0,35,DEMOCRATA,DEMOCRATA,,35,280002548139,WILSON GRASSI JUNIOR,VETERINÁRIO WILSON GRASSI,13/03/1970,11,Válido,nao,,0,0.00,0,SUÊD HAIDAR NOGUEIRA,SUÊD HAIDAR,DEMOCRATA,v,,,,,04/10/2026 18:10:52,sim
1,04/10/2026,6257,Presidente,1,municipio,TO,73121,1703305,BOM JESUS DO TOCANTINS,,,,,PARTIDO MISSÃO,i,MISSÃO,0,14,MISSÃO,PARTIDO MISSÃO,,14,280002540694,RENAN ANTONIO FERREIRA DOS SANTOS,RENAN SANTOS,14/02/1984,5,Válido,nao,,26,0.87,0.867534201,AROLDO MEDINA,CORONEL MEDINA,MISSÃO,v,,,,,04/10/2026 18:10:52,sim
1,04/10/2026,6257,Presidente,1,municipio,TO,73121,1703305,BOM JESUS DO TOCANTINS,,,,,PARTIDO DA CAUSA OPERÁRIA,i,PCO,0,29,PCO,PARTIDO DA CAUSA OPERÁRIA,,29,280002552487,RUI COSTA PIMENTA,RUI COSTA PIMENTA,25/06/1957,12,Válido,nao,,0,0.00,0,ANTONIO CARLOS SILVA,ANTÔNIO CARLOS,PCO,v,,,,,04/10/2026 18:10:52,sim
1,04/10/2026,6257,Presidente,1,municipio,TO,73130,1718881,SANTA MARIA DO TOCANTINS,,,,,PARTIDO LIBERAL,i,PL,0,22,PL,PARTIDO LIBERAL,,22,280002551544,FLAVIO NANTES BOLSONARO,FLAVIO BOLSONARO,30/04/1981,1,Válido,nao,,1050,51.57,51.571709234,ALFREDO GASPAR DE MENDONÇA NETO,ALFREDO GASPAR,PL,v,,,,,04/10/2026 17:44:56,sim
1,04/10/2026,6257,Presidente,1,municipio,TO,73130,1718881,SANTA MARIA DO TOCANTINS,,,,,PARTIDO SOCIAL DEMOCRÁTICO,i,PSD,0,55,PSD,PARTIDO SOCIAL DEMOCRÁTICO,,55,280002551932,RONALDO RAMOS CAIADO,RONALDO CAIADO,25/09/1949,4,Válido,nao,,33,1.62,1.620825147,GILBERTO KASSAB,GILBERTO KASSAB,PSD,v,,,,,04/10/2026 17:44:56,sim
1,04/10/2026,6257,Presidente,1,municipio,TO,73130,1718881,SANTA MARIA DO TOCANTINS,,PT/PC do B/PV,FEDERAÇÃO BRASIL DA ESPERANÇA - FE BRASIL,PT/PC do B/PV,BRASIL PRONTO PRA MAIS,c,PSB / PDT / PCDOB / PT / PV / PSOL / REDE,,13,PT,PARTIDO DOS TRABALHADORES,101,13,280002542548,LUIZ INÁCIO LULA DA SILVA,LULA,06/10/1945,2,Válido,nao,,897,44.06,44.056974460,GERALDO JOSE RODRIGUES ALCKMIN FILHO,GERALDO ALCKMIN,PSB,v,,,,,04/10/2026 17:44:56,sim
1,04/10/2026,6257,Presidente,1,municipio,TO,73130,1718881,SANTA MARIA DO TOCANTINS,,,,,DEMOCRACIA CRISTÃ,i,DC,0,27,DC,DEMOCRACIA CRISTÃ,,27,280002552484,CLARIANA ZACARKIM BARAO,CLARIANA BARAO,03/04/1987,8,Válido,nao,,0,0.00,0,FABIANA CRISTINA TAVARES TORQUATO,FABIANA TORQUATO,DC,v,,,,,04/10/2026 17:44:56,sim
1,04/10/2026,6257,Presidente,1,municipio,TO,73130,1718881,SANTA MARIA DO TOCANTINS,,,,,PARTIDO COMUNISTA BRASILEIRO,i,PCB,0,21,PCB,PARTIDO COMUNISTA BRASILEIRO,,21,280002551975,EDMILSON SILVA COSTA,EDMILSON COSTA,08/04/1950,10,Válido,nao,,0,0.00,0,CLEUSA DOS SANTOS,CLEUSA SANTOS,PCB,v,,,,,04/10/2026 17:44:56,sim
1,04/10/2026,6257,Presidente,1,municipio,TO,73130,1718881,SANTA MARIA DO TOCANTINS,,,,,PARTIDO SOCIALISTA  DOS TRABALHADORES UNIFICADO,i,PSTU,0,16,PSTU,PARTIDO SOCIALISTA  DOS TRABALHADORES UNIFICADO,,16,280002541457,HERTZ DA CONCEICAO DIAS,HERTZ DIAS,20/10/1970,9,Válido,nao,,0,0.00,0,VANESSA PORTUGAL BARBOSA,VANESSA PORTUGAL,PSTU,v,,,,,04/10/2026 17:44:56,sim
1,04/10/2026,6257,Presidente,1,municipio,TO,73130,1718881,SANTA MARIA DO TOCANTINS,,,,,BRASIL DOS NOSSOS SONHOS,c,AGIR / AVANTE,,70,AVANTE,AVANTE,,70,280002551547,AUGUSTO JORGE CURY,ESCRITOR AUGUSTO CURY,02/10/1958,3,Válido,nao,,42,2.06,2.062868369,JULIO CESAR DELGADO,JÚLIO DELGADO,AVANTE,v,,,,,04/10/2026 17:44:56,sim
1,04/10/2026,6257,Presidente,1,municipio,TO,73130,1718881,SANTA MARIA DO TOCANTINS,,,,,PARTIDO NOVO,i,NOVO,0,30,NOVO,PARTIDO NOVO,,30,280002539826,ROMEU ZEMA NETO,ZEMA,28/10/1964,6,Válido,nao,,0,0.00,0,LUIS EDUARDO GRANGEIRO GIRÃO,EDUARDO GIRÃO,NOVO,v,,,,,04/10/2026 17:44:56,sim
1,04/10/2026,6257,Presidente,1,municipio,TO,73130,1718881,SANTA MARIA DO TOCANTINS,,,,,UNIDADE POPULAR,i,UP,0,80,UP,UNIDADE POPULAR,,80,280002538811,SAMARA MARTINS DA SILVA FEITOSA,SAMARA,31/08/1987,7,Válido,nao,,1,0.05,0.049115914,RAQUEL NONATO DE BRICIO,RAQUEL BRÍCIO,UP,v,,,,,04/10/2026 17:44:56,sim
1,04/10/2026,6257,Presidente,1,municipio,TO,73130,1718881,SANTA MARIA DO TOCANTINS,,,,,DEMOCRATA,i,DEMOCRATA,0,35,DEMOCRATA,DEMOCRATA,,35,280002548139,WILSON GRASSI JUNIOR,VETERINÁRIO WILSON GRASSI,13/03/1970,11,Válido,nao,,0,0.00,0,SUÊD HAIDAR NOGUEIRA,SUÊD HAIDAR,DEMOCRATA,v,,,,,04/10/2026 17:44:56,sim
1,04/10/2026,6257,Presidente,1,municipio,TO,73130,1718881,SANTA MARIA DO TOCANTINS,,,,,PARTIDO MISSÃO,i,MISSÃO,0,14,MISSÃO,PARTIDO MISSÃO,,14,280002540694,RENAN ANTONIO FERREIRA DOS SANTOS,RENAN SANTOS,14/02/1984,5,Válido,nao,,13,0.64,0.638506876,AROLDO MEDINA,CORONEL MEDINA,MISSÃO,v,,,,,04/10/2026 17:44:56,sim
1,04/10/2026,6257,Presidente,1,municipio,TO,73130,1718881,SANTA MARIA DO TOCANTINS,,,,,PARTIDO DA CAUSA OPERÁRIA,i,PCO,0,29,PCO,PARTIDO DA CAUSA OPERÁRIA,,29,280002552487,RUI COSTA PIMENTA,RUI COSTA PIMENTA,25/06/1957,12,Válido,nao,,0,0.00,0,ANTONIO CARLOS SILVA,ANTÔNIO CARLOS,PCO,v,,,,,04/10/2026 17:44:56,sim
1,04/10/2026,6257,Presidente,1,municipio,TO,73148,1715150,NOVO ALEGRE,,,,,PARTIDO LIBERAL,i,PL,0,22,PL,PARTIDO LIBERAL,,22,280002551544,FLAVIO NANTES BOLSONARO,FLAVIO BOLSONARO,30/04/1981,1,Válido,nao,,572,37.34,37.336814621,ALFREDO GASPAR DE MENDONÇA NETO,ALFREDO GASPAR,PL,v,,,,,04/10/2026 18:00:37,sim
1,04/10/2026,6257,Presidente,1,municipio,TO,73148,1715150,NOVO ALEGRE,,,,,PARTIDO SOCIAL DEMOCRÁTICO,i,PSD,0,55,PSD,PARTIDO SOCIAL DEMOCRÁTICO,,55,280002551932,RONALDO RAMOS CAIADO,RONALDO CAIADO,25/09/1949,4,Válido,nao,,84,5.48,5.483028721,GILBERTO KASSAB,GILBERTO KASSAB,PSD,v,,,,,04/10/2026 18:00:37,sim
1,04/10/2026,6257,Presidente,1,municipio,TO,73148,1715150,NOVO ALEGRE,,PT/PC do B/PV,FEDERAÇÃO BRASIL DA ESPERANÇA - FE BRASIL,PT/PC do B/PV,BRASIL PRONTO PRA MAIS,c,PSB / PDT / PCDOB / PT / PV / PSOL / REDE,,13,PT,PARTIDO DOS TRABALHADORES,101,13,280002542548,LUIZ INÁCIO LULA DA SILVA,LULA,06/10/1945,2,Válido,nao,,820,53.52,53.524804178,GERALDO JOSE RODRIGUES ALCKMIN FILHO,GERALDO ALCKMIN,PSB,v,,,,,04/10/2026 18:00:37,sim
1,04/10/2026,6257,Presidente,1,municipio,TO,73148,1715150,NOVO ALEGRE,,,,,DEMOCRACIA CRISTÃ,i,DC,0,27,DC,DEMOCRACIA CRISTÃ,,27,280002552484,CLARIANA ZACARKIM BARAO,CLARIANA BARAO,03/04/1987,8,Válido,nao,,0,0.00,0,FABIANA CRISTINA TAVARES TORQUATO,FABIANA TORQUATO,DC,v,,,,,04/10/2026 18:00:37,sim
1,04/10/2026,6257,Presidente,1,municipio,TO,73148,1715150,NOVO ALEGRE,,,,,PARTIDO COMUNISTA BRASILEIRO,i,PCB,0,21,PCB,PARTIDO COMUNISTA BRASILEIRO,,21,280002551975,EDMILSON SILVA COSTA,EDMILSON COSTA,08/04/1950,10,Válido,nao,,1,0.07,0.065274151,CLEUSA DOS SANTOS,CLEUSA SANTOS,PCB,v,,,,,04/10/2026 18:00:37,sim
1,04/10/2026,6257,Presidente,1,municipio,TO,73148,1715150,NOVO ALEGRE,,,,,PARTIDO SOCIALISTA  DOS TRABALHADORES UNIFICADO,i,PSTU,0,16,PSTU,PARTIDO SOCIALISTA  DOS TRABALHADORES UNIFICADO,,16,280002541457,HERTZ DA CONCEICAO DIAS,HERTZ DIAS,20/10/1970,9,Válido,nao,,0,0.00,0,VANESSA PORTUGAL BARBOSA,VANESSA PORTUGAL,PSTU,v,,,,,04/10/2026 18:00:37,sim
1,04/10/2026,6257,Presidente,1,municipio,TO,73148,1715150,NOVO ALEGRE,,,,,BRASIL DOS NOSSOS SONHOS,c,AGIR / AVANTE,,70,AVANTE,AVANTE,,70,280002551547,AUGUSTO JORGE CURY,ESCRITOR AUGUSTO CURY,02/10/1958,3,Válido,nao,,32,2.09,2.088772846,JULIO CESAR DELGADO,JÚLIO DELGADO,AVANTE,v,,,,,04/10/2026 18:00:37,sim
1,04/10/2026,6257,Presidente,1,municipio,TO,73148,1715150,NOVO ALEGRE,,,,,PARTIDO NOVO,i,NOVO,0,30,NOVO,PARTIDO NOVO,,30,280002539826,ROMEU ZEMA NETO,ZEMA,28/10/1964,6,Válido,nao,,0,0.00,0,LUIS EDUARDO GRANGEIRO GIRÃO,EDUARDO GIRÃO,NOVO,v,,,,,04/10/2026 18:00:37,sim
1,04/10/2026,6257,Presidente,1,municipio,TO,73148,1715150,NOVO ALEGRE,,,,,UNIDADE POPULAR,i,UP,0,80,UP,UNIDADE POPULAR,,80,280002538811,SAMARA MARTINS DA SILVA FEITOSA,SAMARA,31/08/1987,7,Válido,nao,,0,0.00,0,RAQUEL NONATO DE BRICIO,RAQUEL BRÍCIO,UP,v,,,,,04/10/2026 18:00:37,sim
1,04/10/2026,6257,Presidente,1,municipio,TO,73148,1715150,NOVO ALEGRE,,,,,DEMOCRATA,i,DEMOCRATA,0,35,DEMOCRATA,DEMOCRATA,,35,280002548139,WILSON GRASSI JUNIOR,VETERINÁRIO WILSON GRASSI,13/03/1970,11,Válido,nao,,0,0.00,0,SUÊD HAIDAR NOGUEIRA,SUÊD HAIDAR,DEMOCRATA,v,,,,,04/10/2026 18:00:37,sim
1,04/10/2026,6257,Presidente,1,municipio,TO,73148,1715150,NOVO ALEGRE,,,,,PARTIDO MISSÃO,i,MISSÃO,0,14,MISSÃO,PARTIDO MISSÃO,,14,280002540694,RENAN ANTONIO FERREIRA DOS SANTOS,RENAN SANTOS,14/02/1984,5,Válido,nao,,23,1.50,1.501305483,AROLDO MEDINA,CORONEL MEDINA,MISSÃO,v,,,,,04/10/2026 18:00:37,sim
1,04/10/2026,6257,Presidente,1,municipio,TO,73148,1715150,NOVO ALEGRE,,,,,PARTIDO DA CAUSA OPERÁRIA,i,PCO,0,29,PCO,PARTIDO DA CAUSA OPERÁRIA,,29,280002552487,RUI COSTA PIMENTA,RUI COSTA PIMENTA,25/06/1957,12,Válido,nao,,0,0.00,0,ANTONIO CARLOS SILVA,ANTÔNIO CARLOS,PCO,v,,,,,04/10/2026 18:00:37,sim
1,04/10/2026,6257,Presidente,1,municipio,TO,73156,1718840,SANDOLÂNDIA,,,,,PARTIDO LIBERAL,i,PL,0,22,PL,PARTIDO LIBERAL,,22,280002551544,FLAVIO NANTES BOLSONARO,FLAVIO BOLSONARO,30/04/1981,1,Válido,nao,,1523,57.00,56.998502994,ALFREDO GASPAR DE MENDONÇA NETO,ALFREDO GASPAR,PL,v,,,,,04/10/2026 18:23:28,sim
1,04/10/2026,6257,Presidente,1,municipio,TO,73156,1718840,SANDOLÂNDIA,,,,,PARTIDO SOCIAL DEMOCRÁTICO,i,PSD,0,55,PSD,PARTIDO SOCIAL DEMOCRÁTICO,,55,280002551932,RONALDO RAMOS CAIADO,RONALDO CAIADO,25/09/1949,4,Válido,nao,,104,3.89,3.892215569,GILBERTO KASSAB,GILBERTO KASSAB,PSD,v,,,,,04/10/2026 18:23:28,sim
1,04/10/2026,6257,Presidente,1,municipio,TO,73156,1718840,SANDOLÂNDIA,,PT/PC do B/PV,FEDERAÇÃO BRASIL DA ESPERANÇA - FE BRASIL,PT/PC do B/PV,BRASIL PRONTO PRA MAIS,c,PSB / PDT / PCDOB / PT / PV / PSOL / REDE,,13,PT,PARTIDO DOS TRABALHADORES,101,13,280002542548,LUIZ INÁCIO LULA DA SILVA,LULA,06/10/1945,2,Válido,nao,,1002,37.50,37.500000000,GERALDO JOSE RODRIGUES ALCKMIN FILHO,GERALDO ALCKMIN,PSB,v,,,,,04/10/2026 18:23:28,sim
1,04/10/2026,6257,Presidente,1,municipio,TO,73156,1718840,SANDOLÂNDIA,,,,,DEMOCRACIA CRISTÃ,i,DC,0,27,DC,DEMOCRACIA CRISTÃ,,27,280002552484,CLARIANA ZACARKIM BARAO,CLARIANA BARAO,03/04/1987,8,Válido,nao,,0,0.00,0,FABIANA CRISTINA TAVARES TORQUATO,FABIANA TORQUATO,DC,v,,,,,04/10/2026 18:23:28,sim
1,04/10/2026,6257,Presidente,1,municipio,TO,73156,1718840,SANDOLÂNDIA,,,,,PARTIDO COMUNISTA BRASILEIRO,i,PCB,0,21,PCB,PARTIDO COMUNISTA BRASILEIRO,,21,280002551975,EDMILSON SILVA COSTA,EDMILSON COSTA,08/04/1950,10,Válido,nao,,0,0.00,0,CLEUSA DOS SANTOS,CLEUSA SANTOS,PCB,v,,,,,04/10/2026 18:23:28,sim
1,04/10/2026,6257,Presidente,1,municipio,TO,73156,1718840,SANDOLÂNDIA,,,,,PARTIDO SOCIALISTA  DOS TRABALHADORES UNIFICADO,i,PSTU,0,16,PSTU,PARTIDO SOCIALISTA  DOS TRABALHADORES UNIFICADO,,16,280002541457,HERTZ DA CONCEICAO DIAS,HERTZ DIAS,20/10/1970,9,Válido,nao,,0,0.00,0,VANESSA PORTUGAL BARBOSA,VANESSA PORTUGAL,PSTU,v,,,,,04/10/2026 18:23:28,sim
1,04/10/2026,6257,Presidente,1,municipio,TO,73156,1718840,SANDOLÂNDIA,,,,,BRASIL DOS NOSSOS SONHOS,c,AGIR / AVANTE,,70,AVANTE,AVANTE,,70,280002551547,AUGUSTO JORGE CURY,ESCRITOR AUGUSTO CURY,02/10/1958,3,Válido,nao,,24,0.90,0.898203593,JULIO CESAR DELGADO,JÚLIO DELGADO,AVANTE,v,,,,,04/10/2026 18:23:28,sim
1,04/10/2026,6257,Presidente,1,municipio,TO,73156,1718840,SANDOLÂNDIA,,,,,PARTIDO NOVO,i,NOVO,0,30,NOVO,PARTIDO NOVO,,30,280002539826,ROMEU ZEMA NETO,ZEMA,28/10/1964,6,Válido,nao,,3,0.11,0.112275449,LUIS EDUARDO GRANGEIRO GIRÃO,EDUARDO GIRÃO,NOVO,v,,,,,04/10/2026 18:23:28,sim
1,04/10/2026,6257,Presidente,1,municipio,TO,73156,1718840,SANDOLÂNDIA,,,,,UNIDADE POPULAR,i,UP,0,80,UP,UNIDADE POPULAR,,80,280002538811,SAMARA MARTINS DA SILVA FEITOSA,SAMARA,31/08/1987,7,Válido,nao,,0,0.00,0,RAQUEL NONATO DE BRICIO,RAQUEL BRÍCIO,UP,v,,,,,04/10/2026 18:23:28,sim
1,04/10/2026,6257,Presidente,1,municipio,TO,73156,1718840,SANDOLÂNDIA,,,,,DEMOCRATA,i,DEMOCRATA,0,35,DEMOCRATA,DEMOCRATA,,35,280002548139,WILSON GRASSI JUNIOR,VETERINÁRIO WILSON GRASSI,13/03/1970,11,Válido,nao,,1,0.04,0.037425150,SUÊD HAIDAR NOGUEIRA,SUÊD HAIDAR,DEMOCRATA,v,,,,,04/10/2026 18:23:28,sim
1,04/10/2026,6257,Presidente,1,municipio,TO,73156,1718840,SANDOLÂNDIA,,,,,PARTIDO MISSÃO,i,MISSÃO,0,14,MISSÃO,PARTIDO MISSÃO,,14,280002540694,RENAN ANTONIO FERREIRA DOS SANTOS,RENAN SANTOS,14/02/1984,5,Válido,nao,,15,0.56,0.561377246,AROLDO MEDINA,CORONEL MEDINA,MISSÃO,v,,,,,04/10/2026 18:23:28,sim
1,04/10/2026,6257,Presidente,1,municipio,TO,73156,1718840,SANDOLÂNDIA,,,,,PARTIDO DA CAUSA OPERÁRIA,i,PCO,0,29,PCO,PARTIDO DA CAUSA OPERÁRIA,,29,280002552487,RUI COSTA PIMENTA,RUI COSTA PIMENTA,25/06/1957,12,Válido,nao,,0,0.00,0,ANTONIO CARLOS SILVA,ANTÔNIO CARLOS,PCO,v,,,,,04/10/2026 18:23:28,sim
1,04/10/2026,6257,Presidente,1,municipio,TO,73164,1720937,TAIPAS DO TOCANTINS,,,,,PARTIDO LIBERAL,i,PL,0,22,PL,PARTIDO LIBERAL,,22,280002551544,FLAVIO NANTES BOLSONARO,FLAVIO BOLSONARO,30/04/1981,1,Válido,nao,,366,26.05,26.049822064,ALFREDO GASPAR DE MENDONÇA NETO,ALFREDO GASPAR,PL,v,,,,,04/10/2026 18:15:02,sim
1,04/10/2026,6257,Presidente,1,municipio,TO,73164,1720937,TAIPAS DO TOCANTINS,,,,,PARTIDO SOCIAL DEMOCRÁTICO,i,PSD,0,55,PSD,PARTIDO SOCIAL DEMOCRÁTICO,,55,280002551932,RONALDO RAMOS CAIADO,RONALDO CAIADO,25/09/1949,4,Válido,nao,,27,1.92,1.921708185,GILBERTO KASSAB,GILBERTO KASSAB,PSD,v,,,,,04/10/2026 18:15:02,sim
1,04/10/2026,6257,Presidente,1,municipio,TO,73164,1720937,TAIPAS DO TOCANTINS,,PT/PC do B/PV,FEDERAÇÃO BRASIL DA ESPERANÇA - FE BRASIL,PT/PC do B/PV,BRASIL PRONTO PRA MAIS,c,PSB / PDT / PCDOB / PT / PV / PSOL / REDE,,13,PT,PARTIDO DOS TRABALHADORES,101,13,280002542548,LUIZ INÁCIO LULA DA SILVA,LULA,06/10/1945,2,Válido,nao,,973,69.25,69.252669039,GERALDO JOSE RODRIGUES ALCKMIN FILHO,GERALDO ALCKMIN,PSB,v,,,,,04/10/2026 18:15:02,sim
1,04/10/2026,6257,Presidente,1,municipio,TO,73164,1720937,TAIPAS DO TOCANTINS,,,,,DEMOCRACIA CRISTÃ,i,DC,0,27,DC,DEMOCRACIA CRISTÃ,,27,280002552484,CLARIANA ZACARKIM BARAO,CLARIANA BARAO,03/04/1987,8,Válido,nao,,0,0.00,0,FABIANA CRISTINA TAVARES TORQUATO,FABIANA TORQUATO,DC,v,,,,,04/10/2026 18:15:02,sim
1,04/10/2026,6257,Presidente,1,municipio,TO,73164,1720937,TAIPAS DO TOCANTINS,,,,,PARTIDO COMUNISTA BRASILEIRO,i,PCB,0,21,PCB,PARTIDO COMUNISTA BRASILEIRO,,21,280002551975,EDMILSON SILVA COSTA,EDMILSON COSTA,08/04/1950,10,Válido,nao,,0,0.00,0,CLEUSA DOS SANTOS,CLEUSA SANTOS,PCB,v,,,,,04/10/2026 18:15:02,sim
1,04/10/2026,6257,Presidente,1,municipio,TO,73164,1720937,TAIPAS DO TOCANTINS,,,,,PARTIDO SOCIALISTA  DOS TRABALHADORES UNIFICADO,i,PSTU,0,16,PSTU,PARTIDO SOCIALISTA  DOS TRABALHADORES UNIFICADO,,16,280002541457,HERTZ DA CONCEICAO DIAS,HERTZ DIAS,20/10/1970,9,Válido,nao,,0,0.00,0,VANESSA PORTUGAL BARBOSA,VANESSA PORTUGAL,PSTU,v,,,,,04/10/2026 18:15:02,sim
1,04/10/2026,6257,Presidente,1,municipio,TO,73164,1720937,TAIPAS DO TOCANTINS,,,,,BRASIL DOS NOSSOS SONHOS,c,AGIR / AVANTE,,70,AVANTE,AVANTE,,70,280002551547,AUGUSTO JORGE CURY,ESCRITOR AUGUSTO CURY,02/10/1958,3,Válido,nao,,23,1.64,1.637010676,JULIO CESAR DELGADO,JÚLIO DELGADO,AVANTE,v,,,,,04/10/2026 18:15:02,sim
1,04/10/2026,6257,Presidente,1,municipio,TO,73164,1720937,TAIPAS DO TOCANTINS,,,,,PARTIDO NOVO,i,NOVO,0,30,NOVO,PARTIDO NOVO,,30,280002539826,ROMEU ZEMA NETO,ZEMA,28/10/1964,6,Válido,nao,,0,0.00,0,LUIS EDUARDO GRANGEIRO GIRÃO,EDUARDO GIRÃO,NOVO,v,,,,,04/10/2026 18:15:02,sim
1,04/10/2026,6257,Presidente,1,municipio,TO,73164,1720937,TAIPAS DO TOCANTINS,,,,,UNIDADE POPULAR,i,UP,0,80,UP,UNIDADE POPULAR,,80,280002538811,SAMARA MARTINS DA SILVA FEITOSA,SAMARA,31/08/1987,7,Válido,nao,,1,0.07,0.071174377,RAQUEL NONATO DE BRICIO,RAQUEL BRÍCIO,UP,v,,,,,04/10/2026 18:15:02,sim
1,04/10/2026,6257,Presidente,1,municipio,TO,73164,1720937,TAIPAS DO TOCANTINS,,,,,DEMOCRATA,i,DEMOCRATA,0,35,DEMOCRATA,DEMOCRATA,,35,280002548139,WILSON GRASSI JUNIOR,VETERINÁRIO WILSON GRASSI,13/03/1970,11,Válido,nao,,0,0.00,0,SUÊD HAIDAR NOGUEIRA,SUÊD HAIDAR,DEMOCRATA,v,,,,,04/10/2026 18:15:02,sim
1,04/10/2026,6257,Presidente,1,municipio,TO,73164,1720937,TAIPAS DO TOCANTINS,,,,,PARTIDO MISSÃO,i,MISSÃO,0,14,MISSÃO,PARTIDO MISSÃO,,14,280002540694,RENAN ANTONIO FERREIRA DOS SANTOS,RENAN SANTOS,14/02/1984,5,Válido,nao,,15,1.07,1.067615658,AROLDO MEDINA,CORONEL MEDINA,MISSÃO,v,,,,,04/10/2026 18:15:02,sim
1,04/10/2026,6257,Presidente,1,municipio,TO,73164,1720937,TAIPAS DO TOCANTINS,,,,,PARTIDO DA CAUSA OPERÁRIA,i,PCO,0,29,PCO,PARTIDO DA CAUSA OPERÁRIA,,29,280002552487,RUI COSTA PIMENTA,RUI COSTA PIMENTA,25/06/1957,12,Válido,nao,,0,0.00,0,ANTONIO CARLOS SILVA,ANTÔNIO CARLOS,PCO,v,,,,,04/10/2026 18:15:02,sim
1,04/10/2026,6257,Presidente,1,municipio,TO,73172,1715259,NOVO JARDIM,,,,,PARTIDO LIBERAL,i,PL,0,22,PL,PARTIDO LIBERAL,,22,280002551544,FLAVIO NANTES BOLSONARO,FLAVIO BOLSONARO,30/04/1981,1,Válido,nao,,614,35.19,35.186246418,ALFREDO GASPAR DE MENDONÇA NETO,ALFREDO GASPAR,PL,v,,,,,04/10/2026 17:59:26,sim
1,04/10/2026,6257,Presidente,1,municipio,TO,73172,1715259,NOVO JARDIM,,,,,PARTIDO SOCIAL DEMOCRÁTICO,i,PSD,0,55,PSD,PARTIDO SOCIAL DEMOCRÁTICO,,55,280002551932,RONALDO RAMOS CAIADO,RONALDO CAIADO,25/09/1949,4,Válido,nao,,43,2.46,2.464183381,GILBERTO KASSAB,GILBERTO KASSAB,PSD,v,,,,,04/10/2026 17:59:26,sim
1,04/10/2026,6257,Presidente,1,municipio,TO,73172,1715259,NOVO JARDIM,,PT/PC do B/PV,FEDERAÇÃO BRASIL DA ESPERANÇA - FE BRASIL,PT/PC do B/PV,BRASIL PRONTO PRA MAIS,c,PSB / PDT / PCDOB / PT / PV / PSOL / REDE,,13,PT,PARTIDO DOS TRABALHADORES,101,13,280002542548,LUIZ INÁCIO LULA DA SILVA,LULA,06/10/1945,2,Válido,nao,,1034,59.26,59.255014327,GERALDO JOSE RODRIGUES ALCKMIN FILHO,GERALDO ALCKMIN,PSB,v,,,,,04/10/2026 17:59:26,sim
1,04/10/2026,6257,Presidente,1,municipio,TO,73172,1715259,NOVO JARDIM,,,,,DEMOCRACIA CRISTÃ,i,DC,0,27,DC,DEMOCRACIA CRISTÃ,,27,280002552484,CLARIANA ZACARKIM BARAO,CLARIANA BARAO,03/04/1987,8,Válido,nao,,0,0.00,0,FABIANA CRISTINA TAVARES TORQUATO,FABIANA TORQUATO,DC,v,,,,,04/10/2026 17:59:26,sim
1,04/10/2026,6257,Presidente,1,municipio,TO,73172,1715259,NOVO JARDIM,,,,,PARTIDO COMUNISTA BRASILEIRO,i,PCB,0,21,PCB,PARTIDO COMUNISTA BRASILEIRO,,21,280002551975,EDMILSON SILVA COSTA,EDMILSON COSTA,08/04/1950,10,Válido,nao,,0,0.00,0,CLEUSA DOS SANTOS,CLEUSA SANTOS,PCB,v,,,,,04/10/2026 17:59:26,sim
1,04/10/2026,6257,Presidente,1,municipio,TO,73172,1715259,NOVO JARDIM,,,,,PARTIDO SOCIALISTA  DOS TRABALHADORES UNIFICADO,i,PSTU,0,16,PSTU,PARTIDO SOCIALISTA  DOS TRABALHADORES UNIFICADO,,16,280002541457,HERTZ DA CONCEICAO DIAS,HERTZ DIAS,20/10/1970,9,Válido,nao,,0,0.00,0,VANESSA PORTUGAL BARBOSA,VANESSA PORTUGAL,PSTU,v,,,,,04/10/2026 17:59:26,sim
1,04/10/2026,6257,Presidente,1,municipio,TO,73172,1715259,NOVO JARDIM,,,,,BRASIL DOS NOSSOS SONHOS,c,AGIR / AVANTE,,70,AVANTE,AVANTE,,70,280002551547,AUGUSTO JORGE CURY,ESCRITOR AUGUSTO CURY,02/10/1958,3,Válido,nao,,34,1.95,1.948424069,JULIO CESAR DELGADO,JÚLIO DELGADO,AVANTE,v,,,,,04/10/2026 17:59:26,sim
1,04/10/2026,6257,Presidente,1,municipio,TO,73172,1715259,NOVO JARDIM,,,,,PARTIDO NOVO,i,NOVO,0,30,NOVO,PARTIDO NOVO,,30,280002539826,ROMEU ZEMA NETO,ZEMA,28/10/1964,6,Válido,nao,,0,0.00,0,LUIS EDUARDO GRANGEIRO GIRÃO,EDUARDO GIRÃO,NOVO,v,,,,,04/10/2026 17:59:26,sim
1,04/10/2026,6257,Presidente,1,municipio,TO,73172,1715259,NOVO JARDIM,,,,,UNIDADE POPULAR,i,UP,0,80,UP,UNIDADE POPULAR,,80,280002538811,SAMARA MARTINS DA SILVA FEITOSA,SAMARA,31/08/1987,7,Válido,nao,,0,0.00,0,RAQUEL NONATO DE BRICIO,RAQUEL BRÍCIO,UP,v,,,,,04/10/2026 17:59:26,sim
1,04/10/2026,6257,Presidente,1,municipio,TO,73172,1715259,NOVO JARDIM,,,,,DEMOCRATA,i,DEMOCRATA,0,35,DEMOCRATA,DEMOCRATA,,35,280002548139,WILSON GRASSI JUNIOR,VETERINÁRIO WILSON GRASSI,13/03/1970,11,Válido,nao,,0,0.00,0,SUÊD HAIDAR NOGUEIRA,SUÊD HAIDAR,DEMOCRATA,v,,,,,04/10/2026 17:59:26,sim
1,04/10/2026,6257,Presidente,1,municipio,TO,73172,1715259,NOVO JARDIM,,,,,PARTIDO MISSÃO,i,MISSÃO,0,14,MISSÃO,PARTIDO MISSÃO,,14,280002540694,RENAN ANTONIO FERREIRA DOS SANTOS,RENAN SANTOS,14/02/1984,5,Válido,nao,,20,1.15,1.146131805,AROLDO MEDINA,CORONEL MEDINA,MISSÃO,v,,,,,04/10/2026 17:59:26,sim
1,04/10/2026,6257,Presidente,1,municipio,TO,73172,1715259,NOVO JARDIM,,,,,PARTIDO DA CAUSA OPERÁRIA,i,PCO,0,29,PCO,PARTIDO DA CAUSA OPERÁRIA,,29,280002552487,RUI COSTA PIMENTA,RUI COSTA PIMENTA,25/06/1957,12,Válido,nao,,0,0.00,0,ANTONIO CARLOS SILVA,ANTÔNIO CARLOS,PCO,v,,,,,04/10/2026 17:59:26,sim
1,04/10/2026,6257,Presidente,1,municipio,TO,73180,1720200,SÃO MIGUEL DO TOCANTINS,,,,,PARTIDO LIBERAL,i,PL,0,22,PL,PARTIDO LIBERAL,,22,280002551544,FLAVIO NANTES BOLSONARO,FLAVIO BOLSONARO,30/04/1981,1,Válido,nao,,3258,39.89,39.887365328,ALFREDO GASPAR DE MENDONÇA NETO,ALFREDO GASPAR,PL,v,,,,,04/10/2026 19:32:14,sim
1,04/10/2026,6257,Presidente,1,municipio,TO,73180,1720200,SÃO MIGUEL DO TOCANTINS,,,,,PARTIDO SOCIAL DEMOCRÁTICO,i,PSD,0,55,PSD,PARTIDO SOCIAL DEMOCRÁTICO,,55,280002551932,RONALDO RAMOS CAIADO,RONALDO CAIADO,25/09/1949,5,Válido,nao,,114,1.40,1.395690500,GILBERTO KASSAB,GILBERTO KASSAB,PSD,v,,,,,04/10/2026 19:32:14,sim
1,04/10/2026,6257,Presidente,1,municipio,TO,73180,1720200,SÃO MIGUEL DO TOCANTINS,,PT/PC do B/PV,FEDERAÇÃO BRASIL DA ESPERANÇA - FE BRASIL,PT/PC do B/PV,BRASIL PRONTO PRA MAIS,c,PSB / PDT / PCDOB / PT / PV / PSOL / REDE,,13,PT,PARTIDO DOS TRABALHADORES,101,13,280002542548,LUIZ INÁCIO LULA DA SILVA,LULA,06/10/1945,2,Válido,nao,,4432,54.26,54.260528893,GERALDO JOSE RODRIGUES ALCKMIN FILHO,GERALDO ALCKMIN,PSB,v,,,,,04/10/2026 19:32:14,sim
1,04/10/2026,6257,Presidente,1,municipio,TO,73180,1720200,SÃO MIGUEL DO TOCANTINS,,,,,DEMOCRACIA CRISTÃ,i,DC,0,27,DC,DEMOCRACIA CRISTÃ,,27,280002552484,CLARIANA ZACARKIM BARAO,CLARIANA BARAO,03/04/1987,9,Válido,nao,,1,0.01,0.012242899,FABIANA CRISTINA TAVARES TORQUATO,FABIANA TORQUATO,DC,v,,,,,04/10/2026 19:32:14,sim
1,04/10/2026,6257,Presidente,1,municipio,TO,73180,1720200,SÃO MIGUEL DO TOCANTINS,,,,,PARTIDO COMUNISTA BRASILEIRO,i,PCB,0,21,PCB,PARTIDO COMUNISTA BRASILEIRO,,21,280002551975,EDMILSON SILVA COSTA,EDMILSON COSTA,08/04/1950,10,Válido,nao,,0,0.00,0,CLEUSA DOS SANTOS,CLEUSA SANTOS,PCB,v,,,,,04/10/2026 19:32:14,sim
1,04/10/2026,6257,Presidente,1,municipio,TO,73180,1720200,SÃO MIGUEL DO TOCANTINS,,,,,PARTIDO SOCIALISTA  DOS TRABALHADORES UNIFICADO,i,PSTU,0,16,PSTU,PARTIDO SOCIALISTA  DOS TRABALHADORES UNIFICADO,,16,280002541457,HERTZ DA CONCEICAO DIAS,HERTZ DIAS,20/10/1970,8,Válido,nao,,0,0.00,0,VANESSA PORTUGAL BARBOSA,VANESSA PORTUGAL,PSTU,v,,,,,04/10/2026 19:32:14,sim
1,04/10/2026,6257,Presidente,1,municipio,TO,73180,1720200,SÃO MIGUEL DO TOCANTINS,,,,,BRASIL DOS NOSSOS SONHOS,c,AGIR / AVANTE,,70,AVANTE,AVANTE,,70,280002551547,AUGUSTO JORGE CURY,ESCRITOR AUGUSTO CURY,02/10/1958,3,Válido,nao,,222,2.72,2.717923604,JULIO CESAR DELGADO,JÚLIO DELGADO,AVANTE,v,,,,,04/10/2026 19:32:14,sim
1,04/10/2026,6257,Presidente,1,municipio,TO,73180,1720200,SÃO MIGUEL DO TOCANTINS,,,,,PARTIDO NOVO,i,NOVO,0,30,NOVO,PARTIDO NOVO,,30,280002539826,ROMEU ZEMA NETO,ZEMA,28/10/1964,6,Válido,nao,,2,0.02,0.024485798,LUIS EDUARDO GRANGEIRO GIRÃO,EDUARDO GIRÃO,NOVO,v,,,,,04/10/2026 19:32:14,sim
1,04/10/2026,6257,Presidente,1,municipio,TO,73180,1720200,SÃO MIGUEL DO TOCANTINS,,,,,UNIDADE POPULAR,i,UP,0,80,UP,UNIDADE POPULAR,,80,280002538811,SAMARA MARTINS DA SILVA FEITOSA,SAMARA,31/08/1987,7,Válido,nao,,1,0.01,0.012242899,RAQUEL NONATO DE BRICIO,RAQUEL BRÍCIO,UP,v,,,,,04/10/2026 19:32:14,sim
1,04/10/2026,6257,Presidente,1,municipio,TO,73180,1720200,SÃO MIGUEL DO TOCANTINS,,,,,DEMOCRATA,i,DEMOCRATA,0,35,DEMOCRATA,DEMOCRATA,,35,280002548139,WILSON GRASSI JUNIOR,VETERINÁRIO WILSON GRASSI,13/03/1970,11,Válido,nao,,0,0.00,0,SUÊD HAIDAR NOGUEIRA,SUÊD HAIDAR,DEMOCRATA,v,,,,,04/10/2026 19:32:14,sim
1,04/10/2026,6257,Presidente,1,municipio,TO,73180,1720200,SÃO MIGUEL DO TOCANTINS,,,,,PARTIDO MISSÃO,i,MISSÃO,0,14,MISSÃO,PARTIDO MISSÃO,,14,280002540694,RENAN ANTONIO FERREIRA DOS SANTOS,RENAN SANTOS,14/02/1984,4,Válido,nao,,137,1.68,1.677277179,AROLDO MEDINA,CORONEL MEDINA,MISSÃO,v,,,,,04/10/2026 19:32:14,sim
1,04/10/2026,6257,Presidente,1,municipio,TO,73180,1720200,SÃO MIGUEL DO TOCANTINS,,,,,PARTIDO DA CAUSA OPERÁRIA,i,PCO,0,29,PCO,PARTIDO DA CAUSA OPERÁRIA,,29,280002552487,RUI COSTA PIMENTA,RUI COSTA PIMENTA,25/06/1957,12,Válido,nao,,1,0.01,0.012242899,ANTONIO CARLOS SILVA,ANTÔNIO CARLOS,PCO,v,,,,,04/10/2026 19:32:14,sim
1,04/10/2026,6257,Presidente,1,municipio,TO,73199,1708254,TABOCÃO,,,,,PARTIDO LIBERAL,i,PL,0,22,PL,PARTIDO LIBERAL,,22,280002551544,FLAVIO NANTES BOLSONARO,FLAVIO BOLSONARO,30/04/1981,1,Válido,nao,,1131,47.48,47.481108312,ALFREDO GASPAR DE MENDONÇA NETO,ALFREDO GASPAR,PL,v,,,,,04/10/2026 18:20:12,sim
1,04/10/2026,6257,Presidente,1,municipio,TO,73199,1708254,TABOCÃO,,,,,PARTIDO SOCIAL DEMOCRÁTICO,i,PSD,0,55,PSD,PARTIDO SOCIAL DEMOCRÁTICO,,55,280002551932,RONALDO RAMOS CAIADO,RONALDO CAIADO,25/09/1949,4,Válido,nao,,66,2.77,2.770780856,GILBERTO KASSAB,GILBERTO KASSAB,PSD,v,,,,,04/10/2026 18:20:12,sim
1,04/10/2026,6257,Presidente,1,municipio,TO,73199,1708254,TABOCÃO,,PT/PC do B/PV,FEDERAÇÃO BRASIL DA ESPERANÇA - FE BRASIL,PT/PC do B/PV,BRASIL PRONTO PRA MAIS,c,PSB / PDT / PCDOB / PT / PV / PSOL / REDE,,13,PT,PARTIDO DOS TRABALHADORES,101,13,280002542548,LUIZ INÁCIO LULA DA SILVA,LULA,06/10/1945,2,Válido,nao,,1114,46.77,46.767422334,GERALDO JOSE RODRIGUES ALCKMIN FILHO,GERALDO ALCKMIN,PSB,v,,,,,04/10/2026 18:20:12,sim
1,04/10/2026,6257,Presidente,1,municipio,TO,73199,1708254,TABOCÃO,,,,,DEMOCRACIA CRISTÃ,i,DC,0,27,DC,DEMOCRACIA CRISTÃ,,27,280002552484,CLARIANA ZACARKIM BARAO,CLARIANA BARAO,03/04/1987,8,Válido,nao,,0,0.00,0,FABIANA CRISTINA TAVARES TORQUATO,FABIANA TORQUATO,DC,v,,,,,04/10/2026 18:20:12,sim
1,04/10/2026,6257,Presidente,1,municipio,TO,73199,1708254,TABOCÃO,,,,,PARTIDO COMUNISTA BRASILEIRO,i,PCB,0,21,PCB,PARTIDO COMUNISTA BRASILEIRO,,21,280002551975,EDMILSON SILVA COSTA,EDMILSON COSTA,08/04/1950,10,Válido,nao,,0,0.00,0,CLEUSA DOS SANTOS,CLEUSA SANTOS,PCB,v,,,,,04/10/2026 18:20:12,sim
1,04/10/2026,6257,Presidente,1,municipio,TO,73199,1708254,TABOCÃO,,,,,PARTIDO SOCIALISTA  DOS TRABALHADORES UNIFICADO,i,PSTU,0,16,PSTU,PARTIDO SOCIALISTA  DOS TRABALHADORES UNIFICADO,,16,280002541457,HERTZ DA CONCEICAO DIAS,HERTZ DIAS,20/10/1970,9,Válido,nao,,0,0.00,0,VANESSA PORTUGAL BARBOSA,VANESSA PORTUGAL,PSTU,v,,,,,04/10/2026 18:20:12,sim
1,04/10/2026,6257,Presidente,1,municipio,TO,73199,1708254,TABOCÃO,,,,,BRASIL DOS NOSSOS SONHOS,c,AGIR / AVANTE,,70,AVANTE,AVANTE,,70,280002551547,AUGUSTO JORGE CURY,ESCRITOR AUGUSTO CURY,02/10/1958,3,Válido,nao,,42,1.76,1.763224181,JULIO CESAR DELGADO,JÚLIO DELGADO,AVANTE,v,,,,,04/10/2026 18:20:12,sim
1,04/10/2026,6257,Presidente,1,municipio,TO,73199,1708254,TABOCÃO,,,,,PARTIDO NOVO,i,NOVO,0,30,NOVO,PARTIDO NOVO,,30,280002539826,ROMEU ZEMA NETO,ZEMA,28/10/1964,6,Válido,nao,,1,0.04,0.041981528,LUIS EDUARDO GRANGEIRO GIRÃO,EDUARDO GIRÃO,NOVO,v,,,,,04/10/2026 18:20:12,sim
1,04/10/2026,6257,Presidente,1,municipio,TO,73199,1708254,TABOCÃO,,,,,UNIDADE POPULAR,i,UP,0,80,UP,UNIDADE POPULAR,,80,280002538811,SAMARA MARTINS DA SILVA FEITOSA,SAMARA,31/08/1987,7,Válido,nao,,0,0.00,0,RAQUEL NONATO DE BRICIO,RAQUEL BRÍCIO,UP,v,,,,,04/10/2026 18:20:12,sim
1,04/10/2026,6257,Presidente,1,municipio,TO,73199,1708254,TABOCÃO,,,,,DEMOCRATA,i,DEMOCRATA,0,35,DEMOCRATA,DEMOCRATA,,35,280002548139,WILSON GRASSI JUNIOR,VETERINÁRIO WILSON GRASSI,13/03/1970,11,Válido,nao,,0,0.00,0,SUÊD HAIDAR NOGUEIRA,SUÊD HAIDAR,DEMOCRATA,v,,,,,04/10/2026 18:20:12,sim
1,04/10/2026,6257,Presidente,1,municipio,TO,73199,1708254,TABOCÃO,,,,,PARTIDO MISSÃO,i,MISSÃO,0,14,MISSÃO,PARTIDO MISSÃO,,14,280002540694,RENAN ANTONIO FERREIRA DOS SANTOS,RENAN SANTOS,14/02/1984,5,Válido,nao,,27,1.13,1.133501259,AROLDO MEDINA,CORONEL MEDINA,MISSÃO,v,,,,,04/10/2026 18:20:12,sim
1,04/10/2026,6257,Presidente,1,municipio,TO,73199,1708254,TABOCÃO,,,,,PARTIDO DA CAUSA OPERÁRIA,i,PCO,0,29,PCO,PARTIDO DA CAUSA OPERÁRIA,,29,280002552487,RUI COSTA PIMENTA,RUI COSTA PIMENTA,25/06/1957,12,Válido,nao,,1,0.04,0.041981528,ANTONIO CARLOS SILVA,ANTÔNIO CARLOS,PCO,v,,,,,04/10/2026 18:20:12,sim
1,04/10/2026,6257,Presidente,1,municipio,TO,73202,1710904,ITAPIRATINS,,,,,PARTIDO LIBERAL,i,PL,0,22,PL,PARTIDO LIBERAL,,22,280002551544,FLAVIO NANTES BOLSONARO,FLAVIO BOLSONARO,30/04/1981,1,Válido,nao,,1106,40.23,40.232811932,ALFREDO GASPAR DE MENDONÇA NETO,ALFREDO GASPAR,PL,v,,,,,04/10/2026 18:37:14,sim
1,04/10/2026,6257,Presidente,1,municipio,TO,73202,1710904,ITAPIRATINS,,,,,PARTIDO SOCIAL DEMOCRÁTICO,i,PSD,0,55,PSD,PARTIDO SOCIAL DEMOCRÁTICO,,55,280002551932,RONALDO RAMOS CAIADO,RONALDO CAIADO,25/09/1949,4,Válido,nao,,30,1.09,1.091305929,GILBERTO KASSAB,GILBERTO KASSAB,PSD,v,,,,,04/10/2026 18:37:14,sim
1,04/10/2026,6257,Presidente,1,municipio,TO,73202,1710904,ITAPIRATINS,,PT/PC do B/PV,FEDERAÇÃO BRASIL DA ESPERANÇA - FE BRASIL,PT/PC do B/PV,BRASIL PRONTO PRA MAIS,c,PSB / PDT / PCDOB / PT / PV / PSOL / REDE,,13,PT,PARTIDO DOS TRABALHADORES,101,13,280002542548,LUIZ INÁCIO LULA DA SILVA,LULA,06/10/1945,2,Válido,nao,,1439,52.35,52.346307748,GERALDO JOSE RODRIGUES ALCKMIN FILHO,GERALDO ALCKMIN,PSB,v,,,,,04/10/2026 18:37:14,sim
1,04/10/2026,6257,Presidente,1,municipio,TO,73202,1710904,ITAPIRATINS,,,,,DEMOCRACIA CRISTÃ,i,DC,0,27,DC,DEMOCRACIA CRISTÃ,,27,280002552484,CLARIANA ZACARKIM BARAO,CLARIANA BARAO,03/04/1987,9,Válido,nao,,0,0.00,0,FABIANA CRISTINA TAVARES TORQUATO,FABIANA TORQUATO,DC,v,,,,,04/10/2026 18:37:14,sim
1,04/10/2026,6257,Presidente,1,municipio,TO,73202,1710904,ITAPIRATINS,,,,,PARTIDO COMUNISTA BRASILEIRO,i,PCB,0,21,PCB,PARTIDO COMUNISTA BRASILEIRO,,21,280002551975,EDMILSON SILVA COSTA,EDMILSON COSTA,08/04/1950,10,Válido,nao,,1,0.04,0.036376864,CLEUSA DOS SANTOS,CLEUSA SANTOS,PCB,v,,,,,04/10/2026 18:37:14,sim
1,04/10/2026,6257,Presidente,1,municipio,TO,73202,1710904,ITAPIRATINS,,,,,PARTIDO SOCIALISTA  DOS TRABALHADORES UNIFICADO,i,PSTU,0,16,PSTU,PARTIDO SOCIALISTA  DOS TRABALHADORES UNIFICADO,,16,280002541457,HERTZ DA CONCEICAO DIAS,HERTZ DIAS,20/10/1970,8,Válido,nao,,0,0.00,0,VANESSA PORTUGAL BARBOSA,VANESSA PORTUGAL,PSTU,v,,,,,04/10/2026 18:37:14,sim
1,04/10/2026,6257,Presidente,1,municipio,TO,73202,1710904,ITAPIRATINS,,,,,BRASIL DOS NOSSOS SONHOS,c,AGIR / AVANTE,,70,AVANTE,AVANTE,,70,280002551547,AUGUSTO JORGE CURY,ESCRITOR AUGUSTO CURY,02/10/1958,3,Válido,nao,,155,5.64,5.638413969,JULIO CESAR DELGADO,JÚLIO DELGADO,AVANTE,v,,,,,04/10/2026 18:37:14,sim
1,04/10/2026,6257,Presidente,1,municipio,TO,73202,1710904,ITAPIRATINS,,,,,PARTIDO NOVO,i,NOVO,0,30,NOVO,PARTIDO NOVO,,30,280002539826,ROMEU ZEMA NETO,ZEMA,28/10/1964,6,Válido,nao,,0,0.00,0,LUIS EDUARDO GRANGEIRO GIRÃO,EDUARDO GIRÃO,NOVO,v,,,,,04/10/2026 18:37:14,sim
1,04/10/2026,6257,Presidente,1,municipio,TO,73202,1710904,ITAPIRATINS,,,,,UNIDADE POPULAR,i,UP,0,80,UP,UNIDADE POPULAR,,80,280002538811,SAMARA MARTINS DA SILVA FEITOSA,SAMARA,31/08/1987,7,Válido,nao,,0,0.00,0,RAQUEL NONATO DE BRICIO,RAQUEL BRÍCIO,UP,v,,,,,04/10/2026 18:37:14,sim
1,04/10/2026,6257,Presidente,1,municipio,TO,73202,1710904,ITAPIRATINS,,,,,DEMOCRATA,i,DEMOCRATA,0,35,DEMOCRATA,DEMOCRATA,,35,280002548139,WILSON GRASSI JUNIOR,VETERINÁRIO WILSON GRASSI,13/03/1970,11,Válido,nao,,0,0.00,0,SUÊD HAIDAR NOGUEIRA,SUÊD HAIDAR,DEMOCRATA,v,,,,,04/10/2026 18:37:14,sim
1,04/10/2026,6257,Presidente,1,municipio,TO,73202,1710904,ITAPIRATINS,,,,,PARTIDO MISSÃO,i,MISSÃO,0,14,MISSÃO,PARTIDO MISSÃO,,14,280002540694,RENAN ANTONIO FERREIRA DOS SANTOS,RENAN SANTOS,14/02/1984,5,Válido,nao,,17,0.62,0.618406693,AROLDO MEDINA,CORONEL MEDINA,MISSÃO,v,,,,,04/10/2026 18:37:14,sim
1,04/10/2026,6257,Presidente,1,municipio,TO,73202,1710904,ITAPIRATINS,,,,,PARTIDO DA CAUSA OPERÁRIA,i,PCO,0,29,PCO,PARTIDO DA CAUSA OPERÁRIA,,29,280002552487,RUI COSTA PIMENTA,RUI COSTA PIMENTA,25/06/1957,12,Válido,nao,,1,0.04,0.036376864,ANTONIO CARLOS SILVA,ANTÔNIO CARLOS,PCO,v,,,,,04/10/2026 18:37:14,sim
1,04/10/2026,6257,Presidente,1,municipio,TO,73210,1704105,CENTENÁRIO,,,,,PARTIDO LIBERAL,i,PL,0,22,PL,PARTIDO LIBERAL,,22,280002551544,FLAVIO NANTES BOLSONARO,FLAVIO BOLSONARO,30/04/1981,1,Válido,nao,,599,39.20,39.201570681,ALFREDO GASPAR DE MENDONÇA NETO,ALFREDO GASPAR,PL,v,,,,,04/10/2026 18:12:20,sim
1,04/10/2026,6257,Presidente,1,municipio,TO,73210,1704105,CENTENÁRIO,,,,,PARTIDO SOCIAL DEMOCRÁTICO,i,PSD,0,55,PSD,PARTIDO SOCIAL DEMOCRÁTICO,,55,280002551932,RONALDO RAMOS CAIADO,RONALDO CAIADO,25/09/1949,4,Válido,nao,,31,2.03,2.028795812,GILBERTO KASSAB,GILBERTO KASSAB,PSD,v,,,,,04/10/2026 18:12:20,sim
1,04/10/2026,6257,Presidente,1,municipio,TO,73210,1704105,CENTENÁRIO,,PT/PC do B/PV,FEDERAÇÃO BRASIL DA ESPERANÇA - FE BRASIL,PT/PC do B/PV,BRASIL PRONTO PRA MAIS,c,PSB / PDT / PCDOB / PT / PV / PSOL / REDE,,13,PT,PARTIDO DOS TRABALHADORES,101,13,280002542548,LUIZ INÁCIO LULA DA SILVA,LULA,06/10/1945,2,Válido,nao,,858,56.15,56.151832461,GERALDO JOSE RODRIGUES ALCKMIN FILHO,GERALDO ALCKMIN,PSB,v,,,,,04/10/2026 18:12:20,sim
1,04/10/2026,6257,Presidente,1,municipio,TO,73210,1704105,CENTENÁRIO,,,,,DEMOCRACIA CRISTÃ,i,DC,0,27,DC,DEMOCRACIA CRISTÃ,,27,280002552484,CLARIANA ZACARKIM BARAO,CLARIANA BARAO,03/04/1987,8,Válido,nao,,0,0.00,0,FABIANA CRISTINA TAVARES TORQUATO,FABIANA TORQUATO,DC,v,,,,,04/10/2026 18:12:20,sim
1,04/10/2026,6257,Presidente,1,municipio,TO,73210,1704105,CENTENÁRIO,,,,,PARTIDO COMUNISTA BRASILEIRO,i,PCB,0,21,PCB,PARTIDO COMUNISTA BRASILEIRO,,21,280002551975,EDMILSON SILVA COSTA,EDMILSON COSTA,08/04/1950,10,Válido,nao,,0,0.00,0,CLEUSA DOS SANTOS,CLEUSA SANTOS,PCB,v,,,,,04/10/2026 18:12:20,sim
1,04/10/2026,6257,Presidente,1,municipio,TO,73210,1704105,CENTENÁRIO,,,,,PARTIDO SOCIALISTA  DOS TRABALHADORES UNIFICADO,i,PSTU,0,16,PSTU,PARTIDO SOCIALISTA  DOS TRABALHADORES UNIFICADO,,16,280002541457,HERTZ DA CONCEICAO DIAS,HERTZ DIAS,20/10/1970,9,Válido,nao,,0,0.00,0,VANESSA PORTUGAL BARBOSA,VANESSA PORTUGAL,PSTU,v,,,,,04/10/2026 18:12:20,sim
1,04/10/2026,6257,Presidente,1,municipio,TO,73210,1704105,CENTENÁRIO,,,,,BRASIL DOS NOSSOS SONHOS,c,AGIR / AVANTE,,70,AVANTE,AVANTE,,70,280002551547,AUGUSTO JORGE CURY,ESCRITOR AUGUSTO CURY,02/10/1958,3,Válido,nao,,28,1.83,1.832460733,JULIO CESAR DELGADO,JÚLIO DELGADO,AVANTE,v,,,,,04/10/2026 18:12:20,sim
1,04/10/2026,6257,Presidente,1,municipio,TO,73210,1704105,CENTENÁRIO,,,,,PARTIDO NOVO,i,NOVO,0,30,NOVO,PARTIDO NOVO,,30,280002539826,ROMEU ZEMA NETO,ZEMA,28/10/1964,6,Válido,nao,,0,0.00,0,LUIS EDUARDO GRANGEIRO GIRÃO,EDUARDO GIRÃO,NOVO,v,,,,,04/10/2026 18:12:20,sim
1,04/10/2026,6257,Presidente,1,municipio,TO,73210,1704105,CENTENÁRIO,,,,,UNIDADE POPULAR,i,UP,0,80,UP,UNIDADE POPULAR,,80,280002538811,SAMARA MARTINS DA SILVA FEITOSA,SAMARA,31/08/1987,7,Válido,nao,,0,0.00,0,RAQUEL NONATO DE BRICIO,RAQUEL BRÍCIO,UP,v,,,,,04/10/2026 18:12:20,sim
1,04/10/2026,6257,Presidente,1,municipio,TO,73210,1704105,CENTENÁRIO,,,,,DEMOCRATA,i,DEMOCRATA,0,35,DEMOCRATA,DEMOCRATA,,35,280002548139,WILSON GRASSI JUNIOR,VETERINÁRIO WILSON GRASSI,13/03/1970,11,Válido,nao,,0,0.00,0,SUÊD HAIDAR NOGUEIRA,SUÊD HAIDAR,DEMOCRATA,v,,,,,04/10/2026 18:12:20,sim
1,04/10/2026,6257,Presidente,1,municipio,TO,73210,1704105,CENTENÁRIO,,,,,PARTIDO MISSÃO,i,MISSÃO,0,14,MISSÃO,PARTIDO MISSÃO,,14,280002540694,RENAN ANTONIO FERREIRA DOS SANTOS,RENAN SANTOS,14/02/1984,5,Válido,nao,,12,0.79,0.785340314,AROLDO MEDINA,CORONEL MEDINA,MISSÃO,v,,,,,04/10/2026 18:12:20,sim
1,04/10/2026,6257,Presidente,1,municipio,TO,73210,1704105,CENTENÁRIO,,,,,PARTIDO DA CAUSA OPERÁRIA,i,PCO,0,29,PCO,PARTIDO DA CAUSA OPERÁRIA,,29,280002552487,RUI COSTA PIMENTA,RUI COSTA PIMENTA,25/06/1957,12,Válido,nao,,0,0.00,0,ANTONIO CARLOS SILVA,ANTÔNIO CARLOS,PCO,v,,,,,04/10/2026 18:12:20,sim
1,04/10/2026,6257,Presidente,1,municipio,TO,73229,1718501,RECURSOLÂNDIA,,,,,PARTIDO LIBERAL,i,PL,0,22,PL,PARTIDO LIBERAL,,22,280002551544,FLAVIO NANTES BOLSONARO,FLAVIO BOLSONARO,30/04/1981,1,Válido,nao,,760,31.30,31.301482702,ALFREDO GASPAR DE MENDONÇA NETO,ALFREDO GASPAR,PL,v,,,,,04/10/2026 17:51:50,sim
1,04/10/2026,6257,Presidente,1,municipio,TO,73229,1718501,RECURSOLÂNDIA,,,,,PARTIDO SOCIAL DEMOCRÁTICO,i,PSD,0,55,PSD,PARTIDO SOCIAL DEMOCRÁTICO,,55,280002551932,RONALDO RAMOS CAIADO,RONALDO CAIADO,25/09/1949,4,Válido,nao,,24,0.99,0.988467875,GILBERTO KASSAB,GILBERTO KASSAB,PSD,v,,,,,04/10/2026 17:51:50,sim
1,04/10/2026,6257,Presidente,1,municipio,TO,73229,1718501,RECURSOLÂNDIA,,PT/PC do B/PV,FEDERAÇÃO BRASIL DA ESPERANÇA - FE BRASIL,PT/PC do B/PV,BRASIL PRONTO PRA MAIS,c,PSB / PDT / PCDOB / PT / PV / PSOL / REDE,,13,PT,PARTIDO DOS TRABALHADORES,101,13,280002542548,LUIZ INÁCIO LULA DA SILVA,LULA,06/10/1945,2,Válido,nao,,1591,65.53,65.527182867,GERALDO JOSE RODRIGUES ALCKMIN FILHO,GERALDO ALCKMIN,PSB,v,,,,,04/10/2026 17:51:50,sim
1,04/10/2026,6257,Presidente,1,municipio,TO,73229,1718501,RECURSOLÂNDIA,,,,,DEMOCRACIA CRISTÃ,i,DC,0,27,DC,DEMOCRACIA CRISTÃ,,27,280002552484,CLARIANA ZACARKIM BARAO,CLARIANA BARAO,03/04/1987,8,Válido,nao,,0,0.00,0,FABIANA CRISTINA TAVARES TORQUATO,FABIANA TORQUATO,DC,v,,,,,04/10/2026 17:51:50,sim
1,04/10/2026,6257,Presidente,1,municipio,TO,73229,1718501,RECURSOLÂNDIA,,,,,PARTIDO COMUNISTA BRASILEIRO,i,PCB,0,21,PCB,PARTIDO COMUNISTA BRASILEIRO,,21,280002551975,EDMILSON SILVA COSTA,EDMILSON COSTA,08/04/1950,10,Válido,nao,,0,0.00,0,CLEUSA DOS SANTOS,CLEUSA SANTOS,PCB,v,,,,,04/10/2026 17:51:50,sim
1,04/10/2026,6257,Presidente,1,municipio,TO,73229,1718501,RECURSOLÂNDIA,,,,,PARTIDO SOCIALISTA  DOS TRABALHADORES UNIFICADO,i,PSTU,0,16,PSTU,PARTIDO SOCIALISTA  DOS TRABALHADORES UNIFICADO,,16,280002541457,HERTZ DA CONCEICAO DIAS,HERTZ DIAS,20/10/1970,9,Válido,nao,,0,0.00,0,VANESSA PORTUGAL BARBOSA,VANESSA PORTUGAL,PSTU,v,,,,,04/10/2026 17:51:50,sim
1,04/10/2026,6257,Presidente,1,municipio,TO,73229,1718501,RECURSOLÂNDIA,,,,,BRASIL DOS NOSSOS SONHOS,c,AGIR / AVANTE,,70,AVANTE,AVANTE,,70,280002551547,AUGUSTO JORGE CURY,ESCRITOR AUGUSTO CURY,02/10/1958,3,Válido,nao,,42,1.73,1.729818781,JULIO CESAR DELGADO,JÚLIO DELGADO,AVANTE,v,,,,,04/10/2026 17:51:50,sim
1,04/10/2026,6257,Presidente,1,municipio,TO,73229,1718501,RECURSOLÂNDIA,,,,,PARTIDO NOVO,i,NOVO,0,30,NOVO,PARTIDO NOVO,,30,280002539826,ROMEU ZEMA NETO,ZEMA,28/10/1964,6,Válido,nao,,0,0.00,0,LUIS EDUARDO GRANGEIRO GIRÃO,EDUARDO GIRÃO,NOVO,v,,,,,04/10/2026 17:51:50,sim
1,04/10/2026,6257,Presidente,1,municipio,TO,73229,1718501,RECURSOLÂNDIA,,,,,UNIDADE POPULAR,i,UP,0,80,UP,UNIDADE POPULAR,,80,280002538811,SAMARA MARTINS DA SILVA FEITOSA,SAMARA,31/08/1987,7,Válido,nao,,0,0.00,0,RAQUEL NONATO DE BRICIO,RAQUEL BRÍCIO,UP,v,,,,,04/10/2026 17:51:50,sim
1,04/10/2026,6257,Presidente,1,municipio,TO,73229,1718501,RECURSOLÂNDIA,,,,,DEMOCRATA,i,DEMOCRATA,0,35,DEMOCRATA,DEMOCRATA,,35,280002548139,WILSON GRASSI JUNIOR,VETERINÁRIO WILSON GRASSI,13/03/1970,11,Válido,nao,,0,0.00,0,SUÊD HAIDAR NOGUEIRA,SUÊD HAIDAR,DEMOCRATA,v,,,,,04/10/2026 17:51:50,sim
1,04/10/2026,6257,Presidente,1,municipio,TO,73229,1718501,RECURSOLÂNDIA,,,,,PARTIDO MISSÃO,i,MISSÃO,0,14,MISSÃO,PARTIDO MISSÃO,,14,280002540694,RENAN ANTONIO FERREIRA DOS SANTOS,RENAN SANTOS,14/02/1984,5,Válido,nao,,11,0.45,0.453047776,AROLDO MEDINA,CORONEL MEDINA,MISSÃO,v,,,,,04/10/2026 17:51:50,sim
1,04/10/2026,6257,Presidente,1,municipio,TO,73229,1718501,RECURSOLÂNDIA,,,,,PARTIDO DA CAUSA OPERÁRIA,i,PCO,0,29,PCO,PARTIDO DA CAUSA OPERÁRIA,,29,280002552487,RUI COSTA PIMENTA,RUI COSTA PIMENTA,25/06/1957,12,Válido,nao,,0,0.00,0,ANTONIO CARLOS SILVA,ANTÔNIO CARLOS,PCO,v,,,,,04/10/2026 17:51:50,sim
1,04/10/2026,6257,Presidente,1,municipio,TO,73237,1721307,TUPIRATINS,,,,,PARTIDO LIBERAL,i,PL,0,22,PL,PARTIDO LIBERAL,,22,280002551544,FLAVIO NANTES BOLSONARO,FLAVIO BOLSONARO,30/04/1981,1,Válido,nao,,526,37.79,37.787356322,ALFREDO GASPAR DE MENDONÇA NETO,ALFREDO GASPAR,PL,v,,,,,04/10/2026 17:47:46,sim
1,04/10/2026,6257,Presidente,1,municipio,TO,73237,1721307,TUPIRATINS,,,,,PARTIDO SOCIAL DEMOCRÁTICO,i,PSD,0,55,PSD,PARTIDO SOCIAL DEMOCRÁTICO,,55,280002551932,RONALDO RAMOS CAIADO,RONALDO CAIADO,25/09/1949,4,Válido,nao,,16,1.15,1.149425287,GILBERTO KASSAB,GILBERTO KASSAB,PSD,v,,,,,04/10/2026 17:47:46,sim
1,04/10/2026,6257,Presidente,1,municipio,TO,73237,1721307,TUPIRATINS,,PT/PC do B/PV,FEDERAÇÃO BRASIL DA ESPERANÇA - FE BRASIL,PT/PC do B/PV,BRASIL PRONTO PRA MAIS,c,PSB / PDT / PCDOB / PT / PV / PSOL / REDE,,13,PT,PARTIDO DOS TRABALHADORES,101,13,280002542548,LUIZ INÁCIO LULA DA SILVA,LULA,06/10/1945,2,Válido,nao,,798,57.33,57.327586207,GERALDO JOSE RODRIGUES ALCKMIN FILHO,GERALDO ALCKMIN,PSB,v,,,,,04/10/2026 17:47:46,sim
1,04/10/2026,6257,Presidente,1,municipio,TO,73237,1721307,TUPIRATINS,,,,,DEMOCRACIA CRISTÃ,i,DC,0,27,DC,DEMOCRACIA CRISTÃ,,27,280002552484,CLARIANA ZACARKIM BARAO,CLARIANA BARAO,03/04/1987,8,Válido,nao,,0,0.00,0,FABIANA CRISTINA TAVARES TORQUATO,FABIANA TORQUATO,DC,v,,,,,04/10/2026 17:47:46,sim
1,04/10/2026,6257,Presidente,1,municipio,TO,73237,1721307,TUPIRATINS,,,,,PARTIDO COMUNISTA BRASILEIRO,i,PCB,0,21,PCB,PARTIDO COMUNISTA BRASILEIRO,,21,280002551975,EDMILSON SILVA COSTA,EDMILSON COSTA,08/04/1950,10,Válido,nao,,1,0.07,0.071839080,CLEUSA DOS SANTOS,CLEUSA SANTOS,PCB,v,,,,,04/10/2026 17:47:46,sim
1,04/10/2026,6257,Presidente,1,municipio,TO,73237,1721307,TUPIRATINS,,,,,PARTIDO SOCIALISTA  DOS TRABALHADORES UNIFICADO,i,PSTU,0,16,PSTU,PARTIDO SOCIALISTA  DOS TRABALHADORES UNIFICADO,,16,280002541457,HERTZ DA CONCEICAO DIAS,HERTZ DIAS,20/10/1970,9,Válido,nao,,1,0.07,0.071839080,VANESSA PORTUGAL BARBOSA,VANESSA PORTUGAL,PSTU,v,,,,,04/10/2026 17:47:46,sim
1,04/10/2026,6257,Presidente,1,municipio,TO,73237,1721307,TUPIRATINS,,,,,BRASIL DOS NOSSOS SONHOS,c,AGIR / AVANTE,,70,AVANTE,AVANTE,,70,280002551547,AUGUSTO JORGE CURY,ESCRITOR AUGUSTO CURY,02/10/1958,3,Válido,nao,,47,3.38,3.376436782,JULIO CESAR DELGADO,JÚLIO DELGADO,AVANTE,v,,,,,04/10/2026 17:47:46,sim
1,04/10/2026,6257,Presidente,1,municipio,TO,73237,1721307,TUPIRATINS,,,,,PARTIDO NOVO,i,NOVO,0,30,NOVO,PARTIDO NOVO,,30,280002539826,ROMEU ZEMA NETO,ZEMA,28/10/1964,6,Válido,nao,,0,0.00,0,LUIS EDUARDO GRANGEIRO GIRÃO,EDUARDO GIRÃO,NOVO,v,,,,,04/10/2026 17:47:46,sim
1,04/10/2026,6257,Presidente,1,municipio,TO,73237,1721307,TUPIRATINS,,,,,UNIDADE POPULAR,i,UP,0,80,UP,UNIDADE POPULAR,,80,280002538811,SAMARA MARTINS DA SILVA FEITOSA,SAMARA,31/08/1987,7,Válido,nao,,0,0.00,0,RAQUEL NONATO DE BRICIO,RAQUEL BRÍCIO,UP,v,,,,,04/10/2026 17:47:46,sim
1,04/10/2026,6257,Presidente,1,municipio,TO,73237,1721307,TUPIRATINS,,,,,DEMOCRATA,i,DEMOCRATA,0,35,DEMOCRATA,DEMOCRATA,,35,280002548139,WILSON GRASSI JUNIOR,VETERINÁRIO WILSON GRASSI,13/03/1970,11,Válido,nao,,0,0.00,0,SUÊD HAIDAR NOGUEIRA,SUÊD HAIDAR,DEMOCRATA,v,,,,,04/10/2026 17:47:46,sim
1,04/10/2026,6257,Presidente,1,municipio,TO,73237,1721307,TUPIRATINS,,,,,PARTIDO MISSÃO,i,MISSÃO,0,14,MISSÃO,PARTIDO MISSÃO,,14,280002540694,RENAN ANTONIO FERREIRA DOS SANTOS,RENAN SANTOS,14/02/1984,5,Válido,nao,,3,0.22,0.215517241,AROLDO MEDINA,CORONEL MEDINA,MISSÃO,v,,,,,04/10/2026 17:47:46,sim
1,04/10/2026,6257,Presidente,1,municipio,TO,73237,1721307,TUPIRATINS,,,,,PARTIDO DA CAUSA OPERÁRIA,i,PCO,0,29,PCO,PARTIDO DA CAUSA OPERÁRIA,,29,280002552487,RUI COSTA PIMENTA,RUI COSTA PIMENTA,25/06/1957,12,Válido,nao,,0,0.00,0,ANTONIO CARLOS SILVA,ANTÔNIO CARLOS,PCO,v,,,,,04/10/2026 17:47:46,sim
1,04/10/2026,6257,Presidente,1,municipio,TO,73245,1703602,BRASILÂNDIA DO TOCANTINS,,,,,PARTIDO LIBERAL,i,PL,0,22,PL,PARTIDO LIBERAL,,22,280002551544,FLAVIO NANTES BOLSONARO,FLAVIO BOLSONARO,30/04/1981,1,Válido,nao,,762,47.71,47.714464621,ALFREDO GASPAR DE MENDONÇA NETO,ALFREDO GASPAR,PL,v,,,,,04/10/2026 18:41:08,sim
1,04/10/2026,6257,Presidente,1,municipio,TO,73245,1703602,BRASILÂNDIA DO TOCANTINS,,,,,PARTIDO SOCIAL DEMOCRÁTICO,i,PSD,0,55,PSD,PARTIDO SOCIAL DEMOCRÁTICO,,55,280002551932,RONALDO RAMOS CAIADO,RONALDO CAIADO,25/09/1949,4,Válido,nao,,26,1.63,1.628052599,GILBERTO KASSAB,GILBERTO KASSAB,PSD,v,,,,,04/10/2026 18:41:08,sim
1,04/10/2026,6257,Presidente,1,municipio,TO,73245,1703602,BRASILÂNDIA DO TOCANTINS,,PT/PC do B/PV,FEDERAÇÃO BRASIL DA ESPERANÇA - FE BRASIL,PT/PC do B/PV,BRASIL PRONTO PRA MAIS,c,PSB / PDT / PCDOB / PT / PV / PSOL / REDE,,13,PT,PARTIDO DOS TRABALHADORES,101,13,280002542548,LUIZ INÁCIO LULA DA SILVA,LULA,06/10/1945,2,Válido,nao,,752,47.09,47.088290545,GERALDO JOSE RODRIGUES ALCKMIN FILHO,GERALDO ALCKMIN,PSB,v,,,,,04/10/2026 18:41:08,sim
1,04/10/2026,6257,Presidente,1,municipio,TO,73245,1703602,BRASILÂNDIA DO TOCANTINS,,,,,DEMOCRACIA CRISTÃ,i,DC,0,27,DC,DEMOCRACIA CRISTÃ,,27,280002552484,CLARIANA ZACARKIM BARAO,CLARIANA BARAO,03/04/1987,9,Válido,nao,,0,0.00,0,FABIANA CRISTINA TAVARES TORQUATO,FABIANA TORQUATO,DC,v,,,,,04/10/2026 18:41:08,sim
1,04/10/2026,6257,Presidente,1,municipio,TO,73245,1703602,BRASILÂNDIA DO TOCANTINS,,,,,PARTIDO COMUNISTA BRASILEIRO,i,PCB,0,21,PCB,PARTIDO COMUNISTA BRASILEIRO,,21,280002551975,EDMILSON SILVA COSTA,EDMILSON COSTA,08/04/1950,10,Válido,nao,,1,0.06,0.062617408,CLEUSA DOS SANTOS,CLEUSA SANTOS,PCB,v,,,,,04/10/2026 18:41:08,sim
1,04/10/2026,6257,Presidente,1,municipio,TO,73245,1703602,BRASILÂNDIA DO TOCANTINS,,,,,PARTIDO SOCIALISTA  DOS TRABALHADORES UNIFICADO,i,PSTU,0,16,PSTU,PARTIDO SOCIALISTA  DOS TRABALHADORES UNIFICADO,,16,280002541457,HERTZ DA CONCEICAO DIAS,HERTZ DIAS,20/10/1970,8,Válido,nao,,0,0.00,0,VANESSA PORTUGAL BARBOSA,VANESSA PORTUGAL,PSTU,v,,,,,04/10/2026 18:41:08,sim
1,04/10/2026,6257,Presidente,1,municipio,TO,73245,1703602,BRASILÂNDIA DO TOCANTINS,,,,,BRASIL DOS NOSSOS SONHOS,c,AGIR / AVANTE,,70,AVANTE,AVANTE,,70,280002551547,AUGUSTO JORGE CURY,ESCRITOR AUGUSTO CURY,02/10/1958,3,Válido,nao,,37,2.32,2.316844083,JULIO CESAR DELGADO,JÚLIO DELGADO,AVANTE,v,,,,,04/10/2026 18:41:08,sim
1,04/10/2026,6257,Presidente,1,municipio,TO,73245,1703602,BRASILÂNDIA DO TOCANTINS,,,,,PARTIDO NOVO,i,NOVO,0,30,NOVO,PARTIDO NOVO,,30,280002539826,ROMEU ZEMA NETO,ZEMA,28/10/1964,6,Válido,nao,,0,0.00,0,LUIS EDUARDO GRANGEIRO GIRÃO,EDUARDO GIRÃO,NOVO,v,,,,,04/10/2026 18:41:08,sim
1,04/10/2026,6257,Presidente,1,municipio,TO,73245,1703602,BRASILÂNDIA DO TOCANTINS,,,,,UNIDADE POPULAR,i,UP,0,80,UP,UNIDADE POPULAR,,80,280002538811,SAMARA MARTINS DA SILVA FEITOSA,SAMARA,31/08/1987,7,Válido,nao,,0,0.00,0,RAQUEL NONATO DE BRICIO,RAQUEL BRÍCIO,UP,v,,,,,04/10/2026 18:41:08,sim
1,04/10/2026,6257,Presidente,1,municipio,TO,73245,1703602,BRASILÂNDIA DO TOCANTINS,,,,,DEMOCRATA,i,DEMOCRATA,0,35,DEMOCRATA,DEMOCRATA,,35,280002548139,WILSON GRASSI JUNIOR,VETERINÁRIO WILSON GRASSI,13/03/1970,11,Válido,nao,,0,0.00,0,SUÊD HAIDAR NOGUEIRA,SUÊD HAIDAR,DEMOCRATA,v,,,,,04/10/2026 18:41:08,sim
1,04/10/2026,6257,Presidente,1,municipio,TO,73245,1703602,BRASILÂNDIA DO TOCANTINS,,,,,PARTIDO MISSÃO,i,MISSÃO,0,14,MISSÃO,PARTIDO MISSÃO,,14,280002540694,RENAN ANTONIO FERREIRA DOS SANTOS,RENAN SANTOS,14/02/1984,5,Válido,nao,,19,1.19,1.189730745,AROLDO MEDINA,CORONEL MEDINA,MISSÃO,v,,,,,04/10/2026 18:41:08,sim
1,04/10/2026,6257,Presidente,1,municipio,TO,73245,1703602,BRASILÂNDIA DO TOCANTINS,,,,,PARTIDO DA CAUSA OPERÁRIA,i,PCO,0,29,PCO,PARTIDO DA CAUSA OPERÁRIA,,29,280002552487,RUI COSTA PIMENTA,RUI COSTA PIMENTA,25/06/1957,12,Válido,nao,,0,0.00,0,ANTONIO CARLOS SILVA,ANTÔNIO CARLOS,PCO,v,,,,,04/10/2026 18:41:08,sim
1,04/10/2026,6257,Presidente,1,municipio,TO,73253,1711803,JUARINA,,,,,PARTIDO LIBERAL,i,PL,0,22,PL,PARTIDO LIBERAL,,22,280002551544,FLAVIO NANTES BOLSONARO,FLAVIO BOLSONARO,30/04/1981,1,Válido,nao,,812,44.91,44.911504425,ALFREDO GASPAR DE MENDONÇA NETO,ALFREDO GASPAR,PL,v,,,,,04/10/2026 18:10:51,sim
1,04/10/2026,6257,Presidente,1,municipio,TO,73253,1711803,JUARINA,,,,,PARTIDO SOCIAL DEMOCRÁTICO,i,PSD,0,55,PSD,PARTIDO SOCIAL DEMOCRÁTICO,,55,280002551932,RONALDO RAMOS CAIADO,RONALDO CAIADO,25/09/1949,4,Válido,nao,,35,1.94,1.935840708,GILBERTO KASSAB,GILBERTO KASSAB,PSD,v,,,,,04/10/2026 18:10:51,sim
1,04/10/2026,6257,Presidente,1,municipio,TO,73253,1711803,JUARINA,,PT/PC do B/PV,FEDERAÇÃO BRASIL DA ESPERANÇA - FE BRASIL,PT/PC do B/PV,BRASIL PRONTO PRA MAIS,c,PSB / PDT / PCDOB / PT / PV / PSOL / REDE,,13,PT,PARTIDO DOS TRABALHADORES,101,13,280002542548,LUIZ INÁCIO LULA DA SILVA,LULA,06/10/1945,2,Válido,nao,,901,49.83,49.834070796,GERALDO JOSE RODRIGUES ALCKMIN FILHO,GERALDO ALCKMIN,PSB,v,,,,,04/10/2026 18:10:51,sim
1,04/10/2026,6257,Presidente,1,municipio,TO,73253,1711803,JUARINA,,,,,DEMOCRACIA CRISTÃ,i,DC,0,27,DC,DEMOCRACIA CRISTÃ,,27,280002552484,CLARIANA ZACARKIM BARAO,CLARIANA BARAO,03/04/1987,8,Válido,nao,,0,0.00,0,FABIANA CRISTINA TAVARES TORQUATO,FABIANA TORQUATO,DC,v,,,,,04/10/2026 18:10:51,sim
1,04/10/2026,6257,Presidente,1,municipio,TO,73253,1711803,JUARINA,,,,,PARTIDO COMUNISTA BRASILEIRO,i,PCB,0,21,PCB,PARTIDO COMUNISTA BRASILEIRO,,21,280002551975,EDMILSON SILVA COSTA,EDMILSON COSTA,08/04/1950,10,Válido,nao,,0,0.00,0,CLEUSA DOS SANTOS,CLEUSA SANTOS,PCB,v,,,,,04/10/2026 18:10:51,sim
1,04/10/2026,6257,Presidente,1,municipio,TO,73253,1711803,JUARINA,,,,,PARTIDO SOCIALISTA  DOS TRABALHADORES UNIFICADO,i,PSTU,0,16,PSTU,PARTIDO SOCIALISTA  DOS TRABALHADORES UNIFICADO,,16,280002541457,HERTZ DA CONCEICAO DIAS,HERTZ DIAS,20/10/1970,9,Válido,nao,,1,0.06,0.055309735,VANESSA PORTUGAL BARBOSA,VANESSA PORTUGAL,PSTU,v,,,,,04/10/2026 18:10:51,sim
1,04/10/2026,6257,Presidente,1,municipio,TO,73253,1711803,JUARINA,,,,,BRASIL DOS NOSSOS SONHOS,c,AGIR / AVANTE,,70,AVANTE,AVANTE,,70,280002551547,AUGUSTO JORGE CURY,ESCRITOR AUGUSTO CURY,02/10/1958,3,Válido,nao,,43,2.38,2.378318584,JULIO CESAR DELGADO,JÚLIO DELGADO,AVANTE,v,,,,,04/10/2026 18:10:51,sim
1,04/10/2026,6257,Presidente,1,municipio,TO,73253,1711803,JUARINA,,,,,PARTIDO NOVO,i,NOVO,0,30,NOVO,PARTIDO NOVO,,30,280002539826,ROMEU ZEMA NETO,ZEMA,28/10/1964,6,Válido,nao,,1,0.06,0.055309735,LUIS EDUARDO GRANGEIRO GIRÃO,EDUARDO GIRÃO,NOVO,v,,,,,04/10/2026 18:10:51,sim
1,04/10/2026,6257,Presidente,1,municipio,TO,73253,1711803,JUARINA,,,,,UNIDADE POPULAR,i,UP,0,80,UP,UNIDADE POPULAR,,80,280002538811,SAMARA MARTINS DA SILVA FEITOSA,SAMARA,31/08/1987,7,Válido,nao,,0,0.00,0,RAQUEL NONATO DE BRICIO,RAQUEL BRÍCIO,UP,v,,,,,04/10/2026 18:10:51,sim
1,04/10/2026,6257,Presidente,1,municipio,TO,73253,1711803,JUARINA,,,,,DEMOCRATA,i,DEMOCRATA,0,35,DEMOCRATA,DEMOCRATA,,35,280002548139,WILSON GRASSI JUNIOR,VETERINÁRIO WILSON GRASSI,13/03/1970,11,Válido,nao,,0,0.00,0,SUÊD HAIDAR NOGUEIRA,SUÊD HAIDAR,DEMOCRATA,v,,,,,04/10/2026 18:10:51,sim
1,04/10/2026,6257,Presidente,1,municipio,TO,73253,1711803,JUARINA,,,,,PARTIDO MISSÃO,i,MISSÃO,0,14,MISSÃO,PARTIDO MISSÃO,,14,280002540694,RENAN ANTONIO FERREIRA DOS SANTOS,RENAN SANTOS,14/02/1984,5,Válido,nao,,15,0.83,0.829646018,AROLDO MEDINA,CORONEL MEDINA,MISSÃO,v,,,,,04/10/2026 18:10:51,sim
1,04/10/2026,6257,Presidente,1,municipio,TO,73253,1711803,JUARINA,,,,,PARTIDO DA CAUSA OPERÁRIA,i,PCO,0,29,PCO,PARTIDO DA CAUSA OPERÁRIA,,29,280002552487,RUI COSTA PIMENTA,RUI COSTA PIMENTA,25/06/1957,12,Válido,nao,,0,0.00,0,ANTONIO CARLOS SILVA,ANTÔNIO CARLOS,PCO,v,,,,,04/10/2026 18:10:51,sim
1,04/10/2026,6257,Presidente,1,municipio,TO,73261,1716307,PAU D'ARCO,,,,,PARTIDO LIBERAL,i,PL,0,22,PL,PARTIDO LIBERAL,,22,280002551544,FLAVIO NANTES BOLSONARO,FLAVIO BOLSONARO,30/04/1981,1,Válido,nao,,1331,47.42,47.417171357,ALFREDO GASPAR DE MENDONÇA NETO,ALFREDO GASPAR,PL,v,,,,,04/10/2026 19:10:58,sim
1,04/10/2026,6257,Presidente,1,municipio,TO,73261,1716307,PAU D'ARCO,,,,,PARTIDO SOCIAL DEMOCRÁTICO,i,PSD,0,55,PSD,PARTIDO SOCIAL DEMOCRÁTICO,,55,280002551932,RONALDO RAMOS CAIADO,RONALDO CAIADO,25/09/1949,5,Válido,nao,,67,2.39,2.386889918,GILBERTO KASSAB,GILBERTO KASSAB,PSD,v,,,,,04/10/2026 19:10:58,sim
1,04/10/2026,6257,Presidente,1,municipio,TO,73261,1716307,PAU D'ARCO,,PT/PC do B/PV,FEDERAÇÃO BRASIL DA ESPERANÇA - FE BRASIL,PT/PC do B/PV,BRASIL PRONTO PRA MAIS,c,PSB / PDT / PCDOB / PT / PV / PSOL / REDE,,13,PT,PARTIDO DOS TRABALHADORES,101,13,280002542548,LUIZ INÁCIO LULA DA SILVA,LULA,06/10/1945,2,Válido,nao,,1333,47.49,47.488421803,GERALDO JOSE RODRIGUES ALCKMIN FILHO,GERALDO ALCKMIN,PSB,v,,,,,04/10/2026 19:10:58,sim
1,04/10/2026,6257,Presidente,1,municipio,TO,73261,1716307,PAU D'ARCO,,,,,DEMOCRACIA CRISTÃ,i,DC,0,27,DC,DEMOCRACIA CRISTÃ,,27,280002552484,CLARIANA ZACARKIM BARAO,CLARIANA BARAO,03/04/1987,9,Válido,nao,,1,0.04,0.035625223,FABIANA CRISTINA TAVARES TORQUATO,FABIANA TORQUATO,DC,v,,,,,04/10/2026 19:10:58,sim
1,04/10/2026,6257,Presidente,1,municipio,TO,73261,1716307,PAU D'ARCO,,,,,PARTIDO COMUNISTA BRASILEIRO,i,PCB,0,21,PCB,PARTIDO COMUNISTA BRASILEIRO,,21,280002551975,EDMILSON SILVA COSTA,EDMILSON COSTA,08/04/1950,10,Válido,nao,,0,0.00,0,CLEUSA DOS SANTOS,CLEUSA SANTOS,PCB,v,,,,,04/10/2026 19:10:58,sim
1,04/10/2026,6257,Presidente,1,municipio,TO,73261,1716307,PAU D'ARCO,,,,,PARTIDO SOCIALISTA  DOS TRABALHADORES UNIFICADO,i,PSTU,0,16,PSTU,PARTIDO SOCIALISTA  DOS TRABALHADORES UNIFICADO,,16,280002541457,HERTZ DA CONCEICAO DIAS,HERTZ DIAS,20/10/1970,8,Válido,nao,,0,0.00,0,VANESSA PORTUGAL BARBOSA,VANESSA PORTUGAL,PSTU,v,,,,,04/10/2026 19:10:58,sim
1,04/10/2026,6257,Presidente,1,municipio,TO,73261,1716307,PAU D'ARCO,,,,,BRASIL DOS NOSSOS SONHOS,c,AGIR / AVANTE,,70,AVANTE,AVANTE,,70,280002551547,AUGUSTO JORGE CURY,ESCRITOR AUGUSTO CURY,02/10/1958,3,Válido,nao,,56,2.00,1.995012469,JULIO CESAR DELGADO,JÚLIO DELGADO,AVANTE,v,,,,,04/10/2026 19:10:58,sim
1,04/10/2026,6257,Presidente,1,municipio,TO,73261,1716307,PAU D'ARCO,,,,,PARTIDO NOVO,i,NOVO,0,30,NOVO,PARTIDO NOVO,,30,280002539826,ROMEU ZEMA NETO,ZEMA,28/10/1964,6,Válido,nao,,0,0.00,0,LUIS EDUARDO GRANGEIRO GIRÃO,EDUARDO GIRÃO,NOVO,v,,,,,04/10/2026 19:10:58,sim
1,04/10/2026,6257,Presidente,1,municipio,TO,73261,1716307,PAU D'ARCO,,,,,UNIDADE POPULAR,i,UP,0,80,UP,UNIDADE POPULAR,,80,280002538811,SAMARA MARTINS DA SILVA FEITOSA,SAMARA,31/08/1987,7,Válido,nao,,1,0.04,0.035625223,RAQUEL NONATO DE BRICIO,RAQUEL BRÍCIO,UP,v,,,,,04/10/2026 19:10:58,sim
1,04/10/2026,6257,Presidente,1,municipio,TO,73261,1716307,PAU D'ARCO,,,,,DEMOCRATA,i,DEMOCRATA,0,35,DEMOCRATA,DEMOCRATA,,35,280002548139,WILSON GRASSI JUNIOR,VETERINÁRIO WILSON GRASSI,13/03/1970,11,Válido,nao,,0,0.00,0,SUÊD HAIDAR NOGUEIRA,SUÊD HAIDAR,DEMOCRATA,v,,,,,04/10/2026 19:10:58,sim
1,04/10/2026,6257,Presidente,1,municipio,TO,73261,1716307,PAU D'ARCO,,,,,PARTIDO MISSÃO,i,MISSÃO,0,14,MISSÃO,PARTIDO MISSÃO,,14,280002540694,RENAN ANTONIO FERREIRA DOS SANTOS,RENAN SANTOS,14/02/1984,4,Válido,nao,,18,0.64,0.641254008,AROLDO MEDINA,CORONEL MEDINA,MISSÃO,v,,,,,04/10/2026 19:10:58,sim
1,04/10/2026,6257,Presidente,1,municipio,TO,73261,1716307,PAU D'ARCO,,,,,PARTIDO DA CAUSA OPERÁRIA,i,PCO,0,29,PCO,PARTIDO DA CAUSA OPERÁRIA,,29,280002552487,RUI COSTA PIMENTA,RUI COSTA PIMENTA,25/06/1957,12,Válido,nao,,0,0.00,0,ANTONIO CARLOS SILVA,ANTÔNIO CARLOS,PCO,v,,,,,04/10/2026 19:10:58,sim
1,04/10/2026,6257,Presidente,1,municipio,TO,73270,1712702,MATEIROS,,,,,PARTIDO LIBERAL,i,PL,0,22,PL,PARTIDO LIBERAL,,22,280002551544,FLAVIO NANTES BOLSONARO,FLAVIO BOLSONARO,30/04/1981,1,Válido,nao,,494,32.44,32.435981615,ALFREDO GASPAR DE MENDONÇA NETO,ALFREDO GASPAR,PL,v,,,,,04/10/2026 19:14:52,sim
1,04/10/2026,6257,Presidente,1,municipio,TO,73270,1712702,MATEIROS,,,,,PARTIDO SOCIAL DEMOCRÁTICO,i,PSD,0,55,PSD,PARTIDO SOCIAL DEMOCRÁTICO,,55,280002551932,RONALDO RAMOS CAIADO,RONALDO CAIADO,25/09/1949,5,Válido,nao,,14,0.92,0.919238345,GILBERTO KASSAB,GILBERTO KASSAB,PSD,v,,,,,04/10/2026 19:14:52,sim
1,04/10/2026,6257,Presidente,1,municipio,TO,73270,1712702,MATEIROS,,PT/PC do B/PV,FEDERAÇÃO BRASIL DA ESPERANÇA - FE BRASIL,PT/PC do B/PV,BRASIL PRONTO PRA MAIS,c,PSB / PDT / PCDOB / PT / PV / PSOL / REDE,,13,PT,PARTIDO DOS TRABALHADORES,101,13,280002542548,LUIZ INÁCIO LULA DA SILVA,LULA,06/10/1945,2,Válido,nao,,984,64.61,64.609323703,GERALDO JOSE RODRIGUES ALCKMIN FILHO,GERALDO ALCKMIN,PSB,v,,,,,04/10/2026 19:14:52,sim
1,04/10/2026,6257,Presidente,1,municipio,TO,73270,1712702,MATEIROS,,,,,DEMOCRACIA CRISTÃ,i,DC,0,27,DC,DEMOCRACIA CRISTÃ,,27,280002552484,CLARIANA ZACARKIM BARAO,CLARIANA BARAO,03/04/1987,9,Válido,nao,,0,0.00,0,FABIANA CRISTINA TAVARES TORQUATO,FABIANA TORQUATO,DC,v,,,,,04/10/2026 19:14:52,sim
1,04/10/2026,6257,Presidente,1,municipio,TO,73270,1712702,MATEIROS,,,,,PARTIDO COMUNISTA BRASILEIRO,i,PCB,0,21,PCB,PARTIDO COMUNISTA BRASILEIRO,,21,280002551975,EDMILSON SILVA COSTA,EDMILSON COSTA,08/04/1950,10,Válido,nao,,0,0.00,0,CLEUSA DOS SANTOS,CLEUSA SANTOS,PCB,v,,,,,04/10/2026 19:14:52,sim
1,04/10/2026,6257,Presidente,1,municipio,TO,73270,1712702,MATEIROS,,,,,PARTIDO SOCIALISTA  DOS TRABALHADORES UNIFICADO,i,PSTU,0,16,PSTU,PARTIDO SOCIALISTA  DOS TRABALHADORES UNIFICADO,,16,280002541457,HERTZ DA CONCEICAO DIAS,HERTZ DIAS,20/10/1970,8,Válido,nao,,0,0.00,0,VANESSA PORTUGAL BARBOSA,VANESSA PORTUGAL,PSTU,v,,,,,04/10/2026 19:14:52,sim
1,04/10/2026,6257,Presidente,1,municipio,TO,73270,1712702,MATEIROS,,,,,BRASIL DOS NOSSOS SONHOS,c,AGIR / AVANTE,,70,AVANTE,AVANTE,,70,280002551547,AUGUSTO JORGE CURY,ESCRITOR AUGUSTO CURY,02/10/1958,3,Válido,nao,,23,1.51,1.510177282,JULIO CESAR DELGADO,JÚLIO DELGADO,AVANTE,v,,,,,04/10/2026 19:14:52,sim
1,04/10/2026,6257,Presidente,1,municipio,TO,73270,1712702,MATEIROS,,,,,PARTIDO NOVO,i,NOVO,0,30,NOVO,PARTIDO NOVO,,30,280002539826,ROMEU ZEMA NETO,ZEMA,28/10/1964,6,Válido,nao,,0,0.00,0,LUIS EDUARDO GRANGEIRO GIRÃO,EDUARDO GIRÃO,NOVO,v,,,,,04/10/2026 19:14:52,sim
1,04/10/2026,6257,Presidente,1,municipio,TO,73270,1712702,MATEIROS,,,,,UNIDADE POPULAR,i,UP,0,80,UP,UNIDADE POPULAR,,80,280002538811,SAMARA MARTINS DA SILVA FEITOSA,SAMARA,31/08/1987,7,Válido,nao,,0,0.00,0,RAQUEL NONATO DE BRICIO,RAQUEL BRÍCIO,UP,v,,,,,04/10/2026 19:14:52,sim
1,04/10/2026,6257,Presidente,1,municipio,TO,73270,1712702,MATEIROS,,,,,DEMOCRATA,i,DEMOCRATA,0,35,DEMOCRATA,DEMOCRATA,,35,280002548139,WILSON GRASSI JUNIOR,VETERINÁRIO WILSON GRASSI,13/03/1970,11,Válido,nao,,0,0.00,0,SUÊD HAIDAR NOGUEIRA,SUÊD HAIDAR,DEMOCRATA,v,,,,,04/10/2026 19:14:52,sim
1,04/10/2026,6257,Presidente,1,municipio,TO,73270,1712702,MATEIROS,,,,,PARTIDO MISSÃO,i,MISSÃO,0,14,MISSÃO,PARTIDO MISSÃO,,14,280002540694,RENAN ANTONIO FERREIRA DOS SANTOS,RENAN SANTOS,14/02/1984,4,Válido,nao,,8,0.53,0.525279054,AROLDO MEDINA,CORONEL MEDINA,MISSÃO,v,,,,,04/10/2026 19:14:52,sim
1,04/10/2026,6257,Presidente,1,municipio,TO,73270,1712702,MATEIROS,,,,,PARTIDO DA CAUSA OPERÁRIA,i,PCO,0,29,PCO,PARTIDO DA CAUSA OPERÁRIA,,29,280002552487,RUI COSTA PIMENTA,RUI COSTA PIMENTA,25/06/1957,12,Válido,nao,,0,0.00,0,ANTONIO CARLOS SILVA,ANTÔNIO CARLOS,PCO,v,,,,,04/10/2026 19:14:52,sim
1,04/10/2026,6257,Presidente,1,municipio,TO,73288,1720101,SÃO BENTO DO TOCANTINS,,,,,PARTIDO LIBERAL,i,PL,0,22,PL,PARTIDO LIBERAL,,22,280002551544,FLAVIO NANTES BOLSONARO,FLAVIO BOLSONARO,30/04/1981,1,Válido,nao,,1476,34.90,34.901868054,ALFREDO GASPAR DE MENDONÇA NETO,ALFREDO GASPAR,PL,v,,,,,04/10/2026 18:57:35,sim
1,04/10/2026,6257,Presidente,1,municipio,TO,73288,1720101,SÃO BENTO DO TOCANTINS,,,,,PARTIDO SOCIAL DEMOCRÁTICO,i,PSD,0,55,PSD,PARTIDO SOCIAL DEMOCRÁTICO,,55,280002551932,RONALDO RAMOS CAIADO,RONALDO CAIADO,25/09/1949,4,Válido,nao,,67,1.58,1.584298889,GILBERTO KASSAB,GILBERTO KASSAB,PSD,v,,,,,04/10/2026 18:57:35,sim
1,04/10/2026,6257,Presidente,1,municipio,TO,73288,1720101,SÃO BENTO DO TOCANTINS,,PT/PC do B/PV,FEDERAÇÃO BRASIL DA ESPERANÇA - FE BRASIL,PT/PC do B/PV,BRASIL PRONTO PRA MAIS,c,PSB / PDT / PCDOB / PT / PV / PSOL / REDE,,13,PT,PARTIDO DOS TRABALHADORES,101,13,280002542548,LUIZ INÁCIO LULA DA SILVA,LULA,06/10/1945,2,Válido,nao,,2518,59.54,59.541262710,GERALDO JOSE RODRIGUES ALCKMIN FILHO,GERALDO ALCKMIN,PSB,v,,,,,04/10/2026 18:57:35,sim
1,04/10/2026,6257,Presidente,1,municipio,TO,73288,1720101,SÃO BENTO DO TOCANTINS,,,,,DEMOCRACIA CRISTÃ,i,DC,0,27,DC,DEMOCRACIA CRISTÃ,,27,280002552484,CLARIANA ZACARKIM BARAO,CLARIANA BARAO,03/04/1987,9,Válido,nao,,0,0.00,0,FABIANA CRISTINA TAVARES TORQUATO,FABIANA TORQUATO,DC,v,,,,,04/10/2026 18:57:35,sim
1,04/10/2026,6257,Presidente,1,municipio,TO,73288,1720101,SÃO BENTO DO TOCANTINS,,,,,PARTIDO COMUNISTA BRASILEIRO,i,PCB,0,21,PCB,PARTIDO COMUNISTA BRASILEIRO,,21,280002551975,EDMILSON SILVA COSTA,EDMILSON COSTA,08/04/1950,10,Válido,nao,,1,0.02,0.023646252,CLEUSA DOS SANTOS,CLEUSA SANTOS,PCB,v,,,,,04/10/2026 18:57:35,sim
1,04/10/2026,6257,Presidente,1,municipio,TO,73288,1720101,SÃO BENTO DO TOCANTINS,,,,,PARTIDO SOCIALISTA  DOS TRABALHADORES UNIFICADO,i,PSTU,0,16,PSTU,PARTIDO SOCIALISTA  DOS TRABALHADORES UNIFICADO,,16,280002541457,HERTZ DA CONCEICAO DIAS,HERTZ DIAS,20/10/1970,8,Válido,nao,,0,0.00,0,VANESSA PORTUGAL BARBOSA,VANESSA PORTUGAL,PSTU,v,,,,,04/10/2026 18:57:35,sim
1,04/10/2026,6257,Presidente,1,municipio,TO,73288,1720101,SÃO BENTO DO TOCANTINS,,,,,BRASIL DOS NOSSOS SONHOS,c,AGIR / AVANTE,,70,AVANTE,AVANTE,,70,280002551547,AUGUSTO JORGE CURY,ESCRITOR AUGUSTO CURY,02/10/1958,3,Válido,nao,,115,2.72,2.719318988,JULIO CESAR DELGADO,JÚLIO DELGADO,AVANTE,v,,,,,04/10/2026 18:57:35,sim
1,04/10/2026,6257,Presidente,1,municipio,TO,73288,1720101,SÃO BENTO DO TOCANTINS,,,,,PARTIDO NOVO,i,NOVO,0,30,NOVO,PARTIDO NOVO,,30,280002539826,ROMEU ZEMA NETO,ZEMA,28/10/1964,6,Válido,nao,,1,0.02,0.023646252,LUIS EDUARDO GRANGEIRO GIRÃO,EDUARDO GIRÃO,NOVO,v,,,,,04/10/2026 18:57:35,sim
1,04/10/2026,6257,Presidente,1,municipio,TO,73288,1720101,SÃO BENTO DO TOCANTINS,,,,,UNIDADE POPULAR,i,UP,0,80,UP,UNIDADE POPULAR,,80,280002538811,SAMARA MARTINS DA SILVA FEITOSA,SAMARA,31/08/1987,7,Válido,nao,,1,0.02,0.023646252,RAQUEL NONATO DE BRICIO,RAQUEL BRÍCIO,UP,v,,,,,04/10/2026 18:57:35,sim
1,04/10/2026,6257,Presidente,1,municipio,TO,73288,1720101,SÃO BENTO DO TOCANTINS,,,,,DEMOCRATA,i,DEMOCRATA,0,35,DEMOCRATA,DEMOCRATA,,35,280002548139,WILSON GRASSI JUNIOR,VETERINÁRIO WILSON GRASSI,13/03/1970,11,Válido,nao,,0,0.00,0,SUÊD HAIDAR NOGUEIRA,SUÊD HAIDAR,DEMOCRATA,v,,,,,04/10/2026 18:57:35,sim
1,04/10/2026,6257,Presidente,1,municipio,TO,73288,1720101,SÃO BENTO DO TOCANTINS,,,,,PARTIDO MISSÃO,i,MISSÃO,0,14,MISSÃO,PARTIDO MISSÃO,,14,280002540694,RENAN ANTONIO FERREIRA DOS SANTOS,RENAN SANTOS,14/02/1984,5,Válido,nao,,50,1.18,1.182312603,AROLDO MEDINA,CORONEL MEDINA,MISSÃO,v,,,,,04/10/2026 18:57:35,sim
1,04/10/2026,6257,Presidente,1,municipio,TO,73288,1720101,SÃO BENTO DO TOCANTINS,,,,,PARTIDO DA CAUSA OPERÁRIA,i,PCO,0,29,PCO,PARTIDO DA CAUSA OPERÁRIA,,29,280002552487,RUI COSTA PIMENTA,RUI COSTA PIMENTA,25/06/1957,12,Válido,nao,,0,0.00,0,ANTONIO CARLOS SILVA,ANTÔNIO CARLOS,PCO,v,,,,,04/10/2026 18:57:35,sim
1,04/10/2026,6257,Presidente,1,municipio,TO,73296,1707405,ESPERANTINA,,,,,PARTIDO LIBERAL,i,PL,0,22,PL,PARTIDO LIBERAL,,22,280002551544,FLAVIO NANTES BOLSONARO,FLAVIO BOLSONARO,30/04/1981,1,Válido,nao,,1521,30.27,30.268656716,ALFREDO GASPAR DE MENDONÇA NETO,ALFREDO GASPAR,PL,v,,,,,04/10/2026 20:23:17,sim
1,04/10/2026,6257,Presidente,1,municipio,TO,73296,1707405,ESPERANTINA,,,,,PARTIDO SOCIAL DEMOCRÁTICO,i,PSD,0,55,PSD,PARTIDO SOCIAL DEMOCRÁTICO,,55,280002551932,RONALDO RAMOS CAIADO,RONALDO CAIADO,25/09/1949,5,Válido,nao,,59,1.17,1.174129353,GILBERTO KASSAB,GILBERTO KASSAB,PSD,v,,,,,04/10/2026 20:23:17,sim
1,04/10/2026,6257,Presidente,1,municipio,TO,73296,1707405,ESPERANTINA,,PT/PC do B/PV,FEDERAÇÃO BRASIL DA ESPERANÇA - FE BRASIL,PT/PC do B/PV,BRASIL PRONTO PRA MAIS,c,PSB / PDT / PCDOB / PT / PV / PSOL / REDE,,13,PT,PARTIDO DOS TRABALHADORES,101,13,280002542548,LUIZ INÁCIO LULA DA SILVA,LULA,06/10/1945,2,Válido,nao,,3289,65.45,65.452736318,GERALDO JOSE RODRIGUES ALCKMIN FILHO,GERALDO ALCKMIN,PSB,v,,,,,04/10/2026 20:23:17,sim
1,04/10/2026,6257,Presidente,1,municipio,TO,73296,1707405,ESPERANTINA,,,,,PARTIDO SOCIALISTA  DOS TRABALHADORES UNIFICADO,i,PSTU,0,16,PSTU,PARTIDO SOCIALISTA  DOS TRABALHADORES UNIFICADO,,16,280002541457,HERTZ DA CONCEICAO DIAS,HERTZ DIAS,20/10/1970,8,Válido,nao,,0,0.00,0,VANESSA PORTUGAL BARBOSA,VANESSA PORTUGAL,PSTU,v,,,,,04/10/2026 20:23:17,sim
1,04/10/2026,6257,Presidente,1,municipio,TO,73296,1707405,ESPERANTINA,,,,,PARTIDO COMUNISTA BRASILEIRO,i,PCB,0,21,PCB,PARTIDO COMUNISTA BRASILEIRO,,21,280002551975,EDMILSON SILVA COSTA,EDMILSON COSTA,08/04/1950,10,Válido,nao,,0,0.00,0,CLEUSA DOS SANTOS,CLEUSA SANTOS,PCB,v,,,,,04/10/2026 20:23:17,sim
1,04/10/2026,6257,Presidente,1,municipio,TO,73296,1707405,ESPERANTINA,,,,,DEMOCRACIA CRISTÃ,i,DC,0,27,DC,DEMOCRACIA CRISTÃ,,27,280002552484,CLARIANA ZACARKIM BARAO,CLARIANA BARAO,03/04/1987,9,Válido,nao,,1,0.02,0.019900498,FABIANA CRISTINA TAVARES TORQUATO,FABIANA TORQUATO,DC,v,,,,,04/10/2026 20:23:17,sim
1,04/10/2026,6257,Presidente,1,municipio,TO,73296,1707405,ESPERANTINA,,,,,PARTIDO NOVO,i,NOVO,0,30,NOVO,PARTIDO NOVO,,30,280002539826,ROMEU ZEMA NETO,ZEMA,28/10/1964,6,Válido,nao,,0,0.00,0,LUIS EDUARDO GRANGEIRO GIRÃO,EDUARDO GIRÃO,NOVO,v,,,,,04/10/2026 20:23:17,sim
1,04/10/2026,6257,Presidente,1,municipio,TO,73296,1707405,ESPERANTINA,,,,,BRASIL DOS NOSSOS SONHOS,c,AGIR / AVANTE,,70,AVANTE,AVANTE,,70,280002551547,AUGUSTO JORGE CURY,ESCRITOR AUGUSTO CURY,02/10/1958,3,Válido,nao,,92,1.83,1.830845771,JULIO CESAR DELGADO,JÚLIO DELGADO,AVANTE,v,,,,,04/10/2026 20:23:17,sim
1,04/10/2026,6257,Presidente,1,municipio,TO,73296,1707405,ESPERANTINA,,,,,DEMOCRATA,i,DEMOCRATA,0,35,DEMOCRATA,DEMOCRATA,,35,280002548139,WILSON GRASSI JUNIOR,VETERINÁRIO WILSON GRASSI,13/03/1970,11,Válido,nao,,0,0.00,0,SUÊD HAIDAR NOGUEIRA,SUÊD HAIDAR,DEMOCRATA,v,,,,,04/10/2026 20:23:17,sim
1,04/10/2026,6257,Presidente,1,municipio,TO,73296,1707405,ESPERANTINA,,,,,UNIDADE POPULAR,i,UP,0,80,UP,UNIDADE POPULAR,,80,280002538811,SAMARA MARTINS DA SILVA FEITOSA,SAMARA,31/08/1987,7,Válido,nao,,0,0.00,0,RAQUEL NONATO DE BRICIO,RAQUEL BRÍCIO,UP,v,,,,,04/10/2026 20:23:17,sim
1,04/10/2026,6257,Presidente,1,municipio,TO,73296,1707405,ESPERANTINA,,,,,PARTIDO MISSÃO,i,MISSÃO,0,14,MISSÃO,PARTIDO MISSÃO,,14,280002540694,RENAN ANTONIO FERREIRA DOS SANTOS,RENAN SANTOS,14/02/1984,4,Válido,nao,,63,1.25,1.253731343,AROLDO MEDINA,CORONEL MEDINA,MISSÃO,v,,,,,04/10/2026 20:23:17,sim
1,04/10/2026,6257,Presidente,1,municipio,TO,73296,1707405,ESPERANTINA,,,,,PARTIDO DA CAUSA OPERÁRIA,i,PCO,0,29,PCO,PARTIDO DA CAUSA OPERÁRIA,,29,280002552487,RUI COSTA PIMENTA,RUI COSTA PIMENTA,25/06/1957,12,Válido,nao,,0,0.00,0,ANTONIO CARLOS SILVA,ANTÔNIO CARLOS,PCO,v,,,,,04/10/2026 20:23:17,sim
1,04/10/2026,6257,Presidente,1,municipio,TO,73300,1703867,CARIRI DO TOCANTINS,,,,,PARTIDO LIBERAL,i,PL,0,22,PL,PARTIDO LIBERAL,,22,280002551544,FLAVIO NANTES BOLSONARO,FLAVIO BOLSONARO,30/04/1981,1,Válido,nao,,1621,54.95,54.949152542,ALFREDO GASPAR DE MENDONÇA NETO,ALFREDO GASPAR,PL,v,,,,,04/10/2026 18:46:31,sim
1,04/10/2026,6257,Presidente,1,municipio,TO,73300,1703867,CARIRI DO TOCANTINS,,,,,PARTIDO SOCIAL DEMOCRÁTICO,i,PSD,0,55,PSD,PARTIDO SOCIAL DEMOCRÁTICO,,55,280002551932,RONALDO RAMOS CAIADO,RONALDO CAIADO,25/09/1949,4,Válido,nao,,61,2.07,2.067796610,GILBERTO KASSAB,GILBERTO KASSAB,PSD,v,,,,,04/10/2026 18:46:31,sim
1,04/10/2026,6257,Presidente,1,municipio,TO,73300,1703867,CARIRI DO TOCANTINS,,PT/PC do B/PV,FEDERAÇÃO BRASIL DA ESPERANÇA - FE BRASIL,PT/PC do B/PV,BRASIL PRONTO PRA MAIS,c,PSB / PDT / PCDOB / PT / PV / PSOL / REDE,,13,PT,PARTIDO DOS TRABALHADORES,101,13,280002542548,LUIZ INÁCIO LULA DA SILVA,LULA,06/10/1945,2,Válido,nao,,1184,40.14,40.135593220,GERALDO JOSE RODRIGUES ALCKMIN FILHO,GERALDO ALCKMIN,PSB,v,,,,,04/10/2026 18:46:31,sim
1,04/10/2026,6257,Presidente,1,municipio,TO,73300,1703867,CARIRI DO TOCANTINS,,,,,DEMOCRACIA CRISTÃ,i,DC,0,27,DC,DEMOCRACIA CRISTÃ,,27,280002552484,CLARIANA ZACARKIM BARAO,CLARIANA BARAO,03/04/1987,9,Válido,nao,,1,0.03,0.033898305,FABIANA CRISTINA TAVARES TORQUATO,FABIANA TORQUATO,DC,v,,,,,04/10/2026 18:46:31,sim
1,04/10/2026,6257,Presidente,1,municipio,TO,73300,1703867,CARIRI DO TOCANTINS,,,,,PARTIDO COMUNISTA BRASILEIRO,i,PCB,0,21,PCB,PARTIDO COMUNISTA BRASILEIRO,,21,280002551975,EDMILSON SILVA COSTA,EDMILSON COSTA,08/04/1950,10,Válido,nao,,0,0.00,0,CLEUSA DOS SANTOS,CLEUSA SANTOS,PCB,v,,,,,04/10/2026 18:46:31,sim
1,04/10/2026,6257,Presidente,1,municipio,TO,73300,1703867,CARIRI DO TOCANTINS,,,,,PARTIDO SOCIALISTA  DOS TRABALHADORES UNIFICADO,i,PSTU,0,16,PSTU,PARTIDO SOCIALISTA  DOS TRABALHADORES UNIFICADO,,16,280002541457,HERTZ DA CONCEICAO DIAS,HERTZ DIAS,20/10/1970,8,Válido,nao,,0,0.00,0,VANESSA PORTUGAL BARBOSA,VANESSA PORTUGAL,PSTU,v,,,,,04/10/2026 18:46:31,sim
1,04/10/2026,6257,Presidente,1,municipio,TO,73300,1703867,CARIRI DO TOCANTINS,,,,,BRASIL DOS NOSSOS SONHOS,c,AGIR / AVANTE,,70,AVANTE,AVANTE,,70,280002551547,AUGUSTO JORGE CURY,ESCRITOR AUGUSTO CURY,02/10/1958,3,Válido,nao,,60,2.03,2.033898305,JULIO CESAR DELGADO,JÚLIO DELGADO,AVANTE,v,,,,,04/10/2026 18:46:31,sim
1,04/10/2026,6257,Presidente,1,municipio,TO,73300,1703867,CARIRI DO TOCANTINS,,,,,PARTIDO NOVO,i,NOVO,0,30,NOVO,PARTIDO NOVO,,30,280002539826,ROMEU ZEMA NETO,ZEMA,28/10/1964,6,Válido,nao,,1,0.03,0.033898305,LUIS EDUARDO GRANGEIRO GIRÃO,EDUARDO GIRÃO,NOVO,v,,,,,04/10/2026 18:46:31,sim
1,04/10/2026,6257,Presidente,1,municipio,TO,73300,1703867,CARIRI DO TOCANTINS,,,,,UNIDADE POPULAR,i,UP,0,80,UP,UNIDADE POPULAR,,80,280002538811,SAMARA MARTINS DA SILVA FEITOSA,SAMARA,31/08/1987,7,Válido,nao,,0,0.00,0,RAQUEL NONATO DE BRICIO,RAQUEL BRÍCIO,UP,v,,,,,04/10/2026 18:46:31,sim
1,04/10/2026,6257,Presidente,1,municipio,TO,73300,1703867,CARIRI DO TOCANTINS,,,,,DEMOCRATA,i,DEMOCRATA,0,35,DEMOCRATA,DEMOCRATA,,35,280002548139,WILSON GRASSI JUNIOR,VETERINÁRIO WILSON GRASSI,13/03/1970,11,Válido,nao,,0,0.00,0,SUÊD HAIDAR NOGUEIRA,SUÊD HAIDAR,DEMOCRATA,v,,,,,04/10/2026 18:46:31,sim
1,04/10/2026,6257,Presidente,1,municipio,TO,73300,1703867,CARIRI DO TOCANTINS,,,,,PARTIDO MISSÃO,i,MISSÃO,0,14,MISSÃO,PARTIDO MISSÃO,,14,280002540694,RENAN ANTONIO FERREIRA DOS SANTOS,RENAN SANTOS,14/02/1984,5,Válido,nao,,22,0.75,0.745762712,AROLDO MEDINA,CORONEL MEDINA,MISSÃO,v,,,,,04/10/2026 18:46:31,sim
1,04/10/2026,6257,Presidente,1,municipio,TO,73300,1703867,CARIRI DO TOCANTINS,,,,,PARTIDO DA CAUSA OPERÁRIA,i,PCO,0,29,PCO,PARTIDO DA CAUSA OPERÁRIA,,29,280002552487,RUI COSTA PIMENTA,RUI COSTA PIMENTA,25/06/1957,12,Válido,nao,,0,0.00,0,ANTONIO CARLOS SILVA,ANTÔNIO CARLOS,PCO,v,,,,,04/10/2026 18:46:31,sim
1,04/10/2026,6257,Presidente,1,municipio,TO,73318,1702158,ARAGUANÃ,,,,,PARTIDO LIBERAL,i,PL,0,22,PL,PARTIDO LIBERAL,,22,280002551544,FLAVIO NANTES BOLSONARO,FLAVIO BOLSONARO,30/04/1981,1,Válido,nao,,1397,49.24,49.242157208,ALFREDO GASPAR DE MENDONÇA NETO,ALFREDO GASPAR,PL,v,,,,,04/10/2026 18:43:13,sim
1,04/10/2026,6257,Presidente,1,municipio,TO,73318,1702158,ARAGUANÃ,,,,,PARTIDO SOCIAL DEMOCRÁTICO,i,PSD,0,55,PSD,PARTIDO SOCIAL DEMOCRÁTICO,,55,280002551932,RONALDO RAMOS CAIADO,RONALDO CAIADO,25/09/1949,4,Válido,nao,,38,1.34,1.339443074,GILBERTO KASSAB,GILBERTO KASSAB,PSD,v,,,,,04/10/2026 18:43:13,sim
1,04/10/2026,6257,Presidente,1,municipio,TO,73318,1702158,ARAGUANÃ,,PT/PC do B/PV,FEDERAÇÃO BRASIL DA ESPERANÇA - FE BRASIL,PT/PC do B/PV,BRASIL PRONTO PRA MAIS,c,PSB / PDT / PCDOB / PT / PV / PSOL / REDE,,13,PT,PARTIDO DOS TRABALHADORES,101,13,280002542548,LUIZ INÁCIO LULA DA SILVA,LULA,06/10/1945,2,Válido,nao,,1321,46.56,46.563271061,GERALDO JOSE RODRIGUES ALCKMIN FILHO,GERALDO ALCKMIN,PSB,v,,,,,04/10/2026 18:43:13,sim
1,04/10/2026,6257,Presidente,1,municipio,TO,73318,1702158,ARAGUANÃ,,,,,DEMOCRACIA CRISTÃ,i,DC,0,27,DC,DEMOCRACIA CRISTÃ,,27,280002552484,CLARIANA ZACARKIM BARAO,CLARIANA BARAO,03/04/1987,9,Válido,nao,,1,0.04,0.035248502,FABIANA CRISTINA TAVARES TORQUATO,FABIANA TORQUATO,DC,v,,,,,04/10/2026 18:43:13,sim
1,04/10/2026,6257,Presidente,1,municipio,TO,73318,1702158,ARAGUANÃ,,,,,PARTIDO COMUNISTA BRASILEIRO,i,PCB,0,21,PCB,PARTIDO COMUNISTA BRASILEIRO,,21,280002551975,EDMILSON SILVA COSTA,EDMILSON COSTA,08/04/1950,10,Válido,nao,,1,0.04,0.035248502,CLEUSA DOS SANTOS,CLEUSA SANTOS,PCB,v,,,,,04/10/2026 18:43:13,sim
1,04/10/2026,6257,Presidente,1,municipio,TO,73318,1702158,ARAGUANÃ,,,,,PARTIDO SOCIALISTA  DOS TRABALHADORES UNIFICADO,i,PSTU,0,16,PSTU,PARTIDO SOCIALISTA  DOS TRABALHADORES UNIFICADO,,16,280002541457,HERTZ DA CONCEICAO DIAS,HERTZ DIAS,20/10/1970,8,Válido,nao,,0,0.00,0,VANESSA PORTUGAL BARBOSA,VANESSA PORTUGAL,PSTU,v,,,,,04/10/2026 18:43:13,sim
1,04/10/2026,6257,Presidente,1,municipio,TO,73318,1702158,ARAGUANÃ,,,,,BRASIL DOS NOSSOS SONHOS,c,AGIR / AVANTE,,70,AVANTE,AVANTE,,70,280002551547,AUGUSTO JORGE CURY,ESCRITOR AUGUSTO CURY,02/10/1958,3,Válido,nao,,48,1.69,1.691928093,JULIO CESAR DELGADO,JÚLIO DELGADO,AVANTE,v,,,,,04/10/2026 18:43:13,sim
1,04/10/2026,6257,Presidente,1,municipio,TO,73318,1702158,ARAGUANÃ,,,,,PARTIDO NOVO,i,NOVO,0,30,NOVO,PARTIDO NOVO,,30,280002539826,ROMEU ZEMA NETO,ZEMA,28/10/1964,6,Válido,nao,,0,0.00,0,LUIS EDUARDO GRANGEIRO GIRÃO,EDUARDO GIRÃO,NOVO,v,,,,,04/10/2026 18:43:13,sim
1,04/10/2026,6257,Presidente,1,municipio,TO,73318,1702158,ARAGUANÃ,,,,,UNIDADE POPULAR,i,UP,0,80,UP,UNIDADE POPULAR,,80,280002538811,SAMARA MARTINS DA SILVA FEITOSA,SAMARA,31/08/1987,7,Válido,nao,,0,0.00,0,RAQUEL NONATO DE BRICIO,RAQUEL BRÍCIO,UP,v,,,,,04/10/2026 18:43:13,sim
1,04/10/2026,6257,Presidente,1,municipio,TO,73318,1702158,ARAGUANÃ,,,,,DEMOCRATA,i,DEMOCRATA,0,35,DEMOCRATA,DEMOCRATA,,35,280002548139,WILSON GRASSI JUNIOR,VETERINÁRIO WILSON GRASSI,13/03/1970,11,Válido,nao,,0,0.00,0,SUÊD HAIDAR NOGUEIRA,SUÊD HAIDAR,DEMOCRATA,v,,,,,04/10/2026 18:43:13,sim
1,04/10/2026,6257,Presidente,1,municipio,TO,73318,1702158,ARAGUANÃ,,,,,PARTIDO MISSÃO,i,MISSÃO,0,14,MISSÃO,PARTIDO MISSÃO,,14,280002540694,RENAN ANTONIO FERREIRA DOS SANTOS,RENAN SANTOS,14/02/1984,5,Válido,nao,,31,1.09,1.092703560,AROLDO MEDINA,CORONEL MEDINA,MISSÃO,v,,,,,04/10/2026 18:43:13,sim
1,04/10/2026,6257,Presidente,1,municipio,TO,73318,1702158,ARAGUANÃ,,,,,PARTIDO DA CAUSA OPERÁRIA,i,PCO,0,29,PCO,PARTIDO DA CAUSA OPERÁRIA,,29,280002552487,RUI COSTA PIMENTA,RUI COSTA PIMENTA,25/06/1957,12,Válido,nao,,0,0.00,0,ANTONIO CARLOS SILVA,ANTÔNIO CARLOS,PCO,v,,,,,04/10/2026 18:43:13,sim
1,04/10/2026,6257,Presidente,1,municipio,TO,73326,1703883,CARMOLÂNDIA,,,,,PARTIDO LIBERAL,i,PL,0,22,PL,PARTIDO LIBERAL,,22,280002551544,FLAVIO NANTES BOLSONARO,FLAVIO BOLSONARO,30/04/1981,1,Válido,nao,,809,42.60,42.601369142,ALFREDO GASPAR DE MENDONÇA NETO,ALFREDO GASPAR,PL,v,,,,,04/10/2026 18:38:43,sim
1,04/10/2026,6257,Presidente,1,municipio,TO,73326,1703883,CARMOLÂNDIA,,,,,PARTIDO SOCIAL DEMOCRÁTICO,i,PSD,0,55,PSD,PARTIDO SOCIAL DEMOCRÁTICO,,55,280002551932,RONALDO RAMOS CAIADO,RONALDO CAIADO,25/09/1949,4,Válido,nao,,21,1.11,1.105845182,GILBERTO KASSAB,GILBERTO KASSAB,PSD,v,,,,,04/10/2026 18:38:43,sim
1,04/10/2026,6257,Presidente,1,municipio,TO,73326,1703883,CARMOLÂNDIA,,PT/PC do B/PV,FEDERAÇÃO BRASIL DA ESPERANÇA - FE BRASIL,PT/PC do B/PV,BRASIL PRONTO PRA MAIS,c,PSB / PDT / PCDOB / PT / PV / PSOL / REDE,,13,PT,PARTIDO DOS TRABALHADORES,101,13,280002542548,LUIZ INÁCIO LULA DA SILVA,LULA,06/10/1945,2,Válido,nao,,998,52.55,52.553975777,GERALDO JOSE RODRIGUES ALCKMIN FILHO,GERALDO ALCKMIN,PSB,v,,,,,04/10/2026 18:38:43,sim
1,04/10/2026,6257,Presidente,1,municipio,TO,73326,1703883,CARMOLÂNDIA,,,,,PARTIDO SOCIALISTA  DOS TRABALHADORES UNIFICADO,i,PSTU,0,16,PSTU,PARTIDO SOCIALISTA  DOS TRABALHADORES UNIFICADO,,16,280002541457,HERTZ DA CONCEICAO DIAS,HERTZ DIAS,20/10/1970,8,Válido,nao,,0,0.00,0,VANESSA PORTUGAL BARBOSA,VANESSA PORTUGAL,PSTU,v,,,,,04/10/2026 18:38:43,sim
1,04/10/2026,6257,Presidente,1,municipio,TO,73326,1703883,CARMOLÂNDIA,,,,,PARTIDO COMUNISTA BRASILEIRO,i,PCB,0,21,PCB,PARTIDO COMUNISTA BRASILEIRO,,21,280002551975,EDMILSON SILVA COSTA,EDMILSON COSTA,08/04/1950,10,Válido,nao,,0,0.00,0,CLEUSA DOS SANTOS,CLEUSA SANTOS,PCB,v,,,,,04/10/2026 18:38:43,sim
1,04/10/2026,6257,Presidente,1,municipio,TO,73326,1703883,CARMOLÂNDIA,,,,,DEMOCRACIA CRISTÃ,i,DC,0,27,DC,DEMOCRACIA CRISTÃ,,27,280002552484,CLARIANA ZACARKIM BARAO,CLARIANA BARAO,03/04/1987,9,Válido,nao,,0,0.00,0,FABIANA CRISTINA TAVARES TORQUATO,FABIANA TORQUATO,DC,v,,,,,04/10/2026 18:38:43,sim
1,04/10/2026,6257,Presidente,1,municipio,TO,73326,1703883,CARMOLÂNDIA,,,,,PARTIDO NOVO,i,NOVO,0,30,NOVO,PARTIDO NOVO,,30,280002539826,ROMEU ZEMA NETO,ZEMA,28/10/1964,6,Válido,nao,,0,0.00,0,LUIS EDUARDO GRANGEIRO GIRÃO,EDUARDO GIRÃO,NOVO,v,,,,,04/10/2026 18:38:43,sim
1,04/10/2026,6257,Presidente,1,municipio,TO,73326,1703883,CARMOLÂNDIA,,,,,BRASIL DOS NOSSOS SONHOS,c,AGIR / AVANTE,,70,AVANTE,AVANTE,,70,280002551547,AUGUSTO JORGE CURY,ESCRITOR AUGUSTO CURY,02/10/1958,3,Válido,nao,,51,2.69,2.685624013,JULIO CESAR DELGADO,JÚLIO DELGADO,AVANTE,v,,,,,04/10/2026 18:38:43,sim
1,04/10/2026,6257,Presidente,1,municipio,TO,73326,1703883,CARMOLÂNDIA,,,,,DEMOCRATA,i,DEMOCRATA,0,35,DEMOCRATA,DEMOCRATA,,35,280002548139,WILSON GRASSI JUNIOR,VETERINÁRIO WILSON GRASSI,13/03/1970,11,Válido,nao,,0,0.00,0,SUÊD HAIDAR NOGUEIRA,SUÊD HAIDAR,DEMOCRATA,v,,,,,04/10/2026 18:38:43,sim
1,04/10/2026,6257,Presidente,1,municipio,TO,73326,1703883,CARMOLÂNDIA,,,,,UNIDADE POPULAR,i,UP,0,80,UP,UNIDADE POPULAR,,80,280002538811,SAMARA MARTINS DA SILVA FEITOSA,SAMARA,31/08/1987,7,Válido,nao,,0,0.00,0,RAQUEL NONATO DE BRICIO,RAQUEL BRÍCIO,UP,v,,,,,04/10/2026 18:38:43,sim
1,04/10/2026,6257,Presidente,1,municipio,TO,73326,1703883,CARMOLÂNDIA,,,,,PARTIDO MISSÃO,i,MISSÃO,0,14,MISSÃO,PARTIDO MISSÃO,,14,280002540694,RENAN ANTONIO FERREIRA DOS SANTOS,RENAN SANTOS,14/02/1984,5,Válido,nao,,20,1.05,1.053185887,AROLDO MEDINA,CORONEL MEDINA,MISSÃO,v,,,,,04/10/2026 18:38:43,sim
1,04/10/2026,6257,Presidente,1,municipio,TO,73326,1703883,CARMOLÂNDIA,,,,,PARTIDO DA CAUSA OPERÁRIA,i,PCO,0,29,PCO,PARTIDO DA CAUSA OPERÁRIA,,29,280002552487,RUI COSTA PIMENTA,RUI COSTA PIMENTA,25/06/1957,12,Válido,nao,,0,0.00,0,ANTONIO CARLOS SILVA,ANTÔNIO CARLOS,PCO,v,,,,,04/10/2026 18:38:43,sim
1,04/10/2026,6257,Presidente,1,municipio,TO,73334,1701309,ARAGOMINAS,,,,,PARTIDO LIBERAL,i,PL,0,22,PL,PARTIDO LIBERAL,,22,280002551544,FLAVIO NANTES BOLSONARO,FLAVIO BOLSONARO,30/04/1981,1,Válido,nao,,1484,42.17,42.171071327,ALFREDO GASPAR DE MENDONÇA NETO,ALFREDO GASPAR,PL,v,,,,,04/10/2026 19:12:41,sim
1,04/10/2026,6257,Presidente,1,municipio,TO,73334,1701309,ARAGOMINAS,,,,,PARTIDO SOCIAL DEMOCRÁTICO,i,PSD,0,55,PSD,PARTIDO SOCIAL DEMOCRÁTICO,,55,280002551932,RONALDO RAMOS CAIADO,RONALDO CAIADO,25/09/1949,5,Válido,nao,,67,1.90,1.903949986,GILBERTO KASSAB,GILBERTO KASSAB,PSD,v,,,,,04/10/2026 19:12:41,sim
1,04/10/2026,6257,Presidente,1,municipio,TO,73334,1701309,ARAGOMINAS,,PT/PC do B/PV,FEDERAÇÃO BRASIL DA ESPERANÇA - FE BRASIL,PT/PC do B/PV,BRASIL PRONTO PRA MAIS,c,PSB / PDT / PCDOB / PT / PV / PSOL / REDE,,13,PT,PARTIDO DOS TRABALHADORES,101,13,280002542548,LUIZ INÁCIO LULA DA SILVA,LULA,06/10/1945,2,Válido,nao,,1882,53.48,53.481102586,GERALDO JOSE RODRIGUES ALCKMIN FILHO,GERALDO ALCKMIN,PSB,v,,,,,04/10/2026 19:12:41,sim
1,04/10/2026,6257,Presidente,1,municipio,TO,73334,1701309,ARAGOMINAS,,,,,PARTIDO SOCIALISTA  DOS TRABALHADORES UNIFICADO,i,PSTU,0,16,PSTU,PARTIDO SOCIALISTA  DOS TRABALHADORES UNIFICADO,,16,280002541457,HERTZ DA CONCEICAO DIAS,HERTZ DIAS,20/10/1970,8,Válido,nao,,0,0.00,0,VANESSA PORTUGAL BARBOSA,VANESSA PORTUGAL,PSTU,v,,,,,04/10/2026 19:12:41,sim
1,04/10/2026,6257,Presidente,1,municipio,TO,73334,1701309,ARAGOMINAS,,,,,PARTIDO COMUNISTA BRASILEIRO,i,PCB,0,21,PCB,PARTIDO COMUNISTA BRASILEIRO,,21,280002551975,EDMILSON SILVA COSTA,EDMILSON COSTA,08/04/1950,10,Válido,nao,,1,0.03,0.028417164,CLEUSA DOS SANTOS,CLEUSA SANTOS,PCB,v,,,,,04/10/2026 19:12:41,sim
1,04/10/2026,6257,Presidente,1,municipio,TO,73334,1701309,ARAGOMINAS,,,,,DEMOCRACIA CRISTÃ,i,DC,0,27,DC,DEMOCRACIA CRISTÃ,,27,280002552484,CLARIANA ZACARKIM BARAO,CLARIANA BARAO,03/04/1987,9,Válido,nao,,1,0.03,0.028417164,FABIANA CRISTINA TAVARES TORQUATO,FABIANA TORQUATO,DC,v,,,,,04/10/2026 19:12:41,sim
1,04/10/2026,6257,Presidente,1,municipio,TO,73334,1701309,ARAGOMINAS,,,,,PARTIDO NOVO,i,NOVO,0,30,NOVO,PARTIDO NOVO,,30,280002539826,ROMEU ZEMA NETO,ZEMA,28/10/1964,6,Válido,nao,,2,0.06,0.056834328,LUIS EDUARDO GRANGEIRO GIRÃO,EDUARDO GIRÃO,NOVO,v,,,,,04/10/2026 19:12:41,sim
1,04/10/2026,6257,Presidente,1,municipio,TO,73334,1701309,ARAGOMINAS,,,,,BRASIL DOS NOSSOS SONHOS,c,AGIR / AVANTE,,70,AVANTE,AVANTE,,70,280002551547,AUGUSTO JORGE CURY,ESCRITOR AUGUSTO CURY,02/10/1958,3,Válido,nao,,54,1.53,1.534526854,JULIO CESAR DELGADO,JÚLIO DELGADO,AVANTE,v,,,,,04/10/2026 19:12:41,sim
1,04/10/2026,6257,Presidente,1,municipio,TO,73334,1701309,ARAGOMINAS,,,,,DEMOCRATA,i,DEMOCRATA,0,35,DEMOCRATA,DEMOCRATA,,35,280002548139,WILSON GRASSI JUNIOR,VETERINÁRIO WILSON GRASSI,13/03/1970,11,Válido,nao,,0,0.00,0,SUÊD HAIDAR NOGUEIRA,SUÊD HAIDAR,DEMOCRATA,v,,,,,04/10/2026 19:12:41,sim
1,04/10/2026,6257,Presidente,1,municipio,TO,73334,1701309,ARAGOMINAS,,,,,UNIDADE POPULAR,i,UP,0,80,UP,UNIDADE POPULAR,,80,280002538811,SAMARA MARTINS DA SILVA FEITOSA,SAMARA,31/08/1987,7,Válido,nao,,1,0.03,0.028417164,RAQUEL NONATO DE BRICIO,RAQUEL BRÍCIO,UP,v,,,,,04/10/2026 19:12:41,sim
1,04/10/2026,6257,Presidente,1,municipio,TO,73334,1701309,ARAGOMINAS,,,,,PARTIDO MISSÃO,i,MISSÃO,0,14,MISSÃO,PARTIDO MISSÃO,,14,280002540694,RENAN ANTONIO FERREIRA DOS SANTOS,RENAN SANTOS,14/02/1984,4,Válido,nao,,27,0.77,0.767263427,AROLDO MEDINA,CORONEL MEDINA,MISSÃO,v,,,,,04/10/2026 19:12:41,sim
1,04/10/2026,6257,Presidente,1,municipio,TO,73334,1701309,ARAGOMINAS,,,,,PARTIDO DA CAUSA OPERÁRIA,i,PCO,0,29,PCO,PARTIDO DA CAUSA OPERÁRIA,,29,280002552487,RUI COSTA PIMENTA,RUI COSTA PIMENTA,25/06/1957,12,Válido,nao,,0,0.00,0,ANTONIO CARLOS SILVA,ANTÔNIO CARLOS,PCO,v,,,,,04/10/2026 19:12:41,sim
1,04/10/2026,6257,Presidente,1,municipio,TO,73342,1713957,MURICILÂNDIA,,,,,PARTIDO LIBERAL,i,PL,0,22,PL,PARTIDO LIBERAL,,22,280002551544,FLAVIO NANTES BOLSONARO,FLAVIO BOLSONARO,30/04/1981,1,Válido,nao,,939,40.97,40.968586387,ALFREDO GASPAR DE MENDONÇA NETO,ALFREDO GASPAR,PL,v,,,,,04/10/2026 18:48:41,sim
1,04/10/2026,6257,Presidente,1,municipio,TO,73342,1713957,MURICILÂNDIA,,,,,PARTIDO SOCIAL DEMOCRÁTICO,i,PSD,0,55,PSD,PARTIDO SOCIAL DEMOCRÁTICO,,55,280002551932,RONALDO RAMOS CAIADO,RONALDO CAIADO,25/09/1949,4,Válido,nao,,24,1.05,1.047120419,GILBERTO KASSAB,GILBERTO KASSAB,PSD,v,,,,,04/10/2026 18:48:41,sim
1,04/10/2026,6257,Presidente,1,municipio,TO,73342,1713957,MURICILÂNDIA,,PT/PC do B/PV,FEDERAÇÃO BRASIL DA ESPERANÇA - FE BRASIL,PT/PC do B/PV,BRASIL PRONTO PRA MAIS,c,PSB / PDT / PCDOB / PT / PV / PSOL / REDE,,13,PT,PARTIDO DOS TRABALHADORES,101,13,280002542548,LUIZ INÁCIO LULA DA SILVA,LULA,06/10/1945,2,Válido,nao,,1254,54.71,54.712041885,GERALDO JOSE RODRIGUES ALCKMIN FILHO,GERALDO ALCKMIN,PSB,v,,,,,04/10/2026 18:48:41,sim
1,04/10/2026,6257,Presidente,1,municipio,TO,73342,1713957,MURICILÂNDIA,,,,,DEMOCRACIA CRISTÃ,i,DC,0,27,DC,DEMOCRACIA CRISTÃ,,27,280002552484,CLARIANA ZACARKIM BARAO,CLARIANA BARAO,03/04/1987,9,Válido,nao,,0,0.00,0,FABIANA CRISTINA TAVARES TORQUATO,FABIANA TORQUATO,DC,v,,,,,04/10/2026 18:48:41,sim
1,04/10/2026,6257,Presidente,1,municipio,TO,73342,1713957,MURICILÂNDIA,,,,,PARTIDO COMUNISTA BRASILEIRO,i,PCB,0,21,PCB,PARTIDO COMUNISTA BRASILEIRO,,21,280002551975,EDMILSON SILVA COSTA,EDMILSON COSTA,08/04/1950,10,Válido,nao,,0,0.00,0,CLEUSA DOS SANTOS,CLEUSA SANTOS,PCB,v,,,,,04/10/2026 18:48:41,sim
1,04/10/2026,6257,Presidente,1,municipio,TO,73342,1713957,MURICILÂNDIA,,,,,PARTIDO SOCIALISTA  DOS TRABALHADORES UNIFICADO,i,PSTU,0,16,PSTU,PARTIDO SOCIALISTA  DOS TRABALHADORES UNIFICADO,,16,280002541457,HERTZ DA CONCEICAO DIAS,HERTZ DIAS,20/10/1970,8,Válido,nao,,1,0.04,0.043630017,VANESSA PORTUGAL BARBOSA,VANESSA PORTUGAL,PSTU,v,,,,,04/10/2026 18:48:41,sim
1,04/10/2026,6257,Presidente,1,municipio,TO,73342,1713957,MURICILÂNDIA,,,,,BRASIL DOS NOSSOS SONHOS,c,AGIR / AVANTE,,70,AVANTE,AVANTE,,70,280002551547,AUGUSTO JORGE CURY,ESCRITOR AUGUSTO CURY,02/10/1958,3,Válido,nao,,41,1.79,1.788830716,JULIO CESAR DELGADO,JÚLIO DELGADO,AVANTE,v,,,,,04/10/2026 18:48:41,sim
1,04/10/2026,6257,Presidente,1,municipio,TO,73342,1713957,MURICILÂNDIA,,,,,PARTIDO NOVO,i,NOVO,0,30,NOVO,PARTIDO NOVO,,30,280002539826,ROMEU ZEMA NETO,ZEMA,28/10/1964,6,Válido,nao,,6,0.26,0.261780105,LUIS EDUARDO GRANGEIRO GIRÃO,EDUARDO GIRÃO,NOVO,v,,,,,04/10/2026 18:48:41,sim
1,04/10/2026,6257,Presidente,1,municipio,TO,73342,1713957,MURICILÂNDIA,,,,,UNIDADE POPULAR,i,UP,0,80,UP,UNIDADE POPULAR,,80,280002538811,SAMARA MARTINS DA SILVA FEITOSA,SAMARA,31/08/1987,7,Válido,nao,,0,0.00,0,RAQUEL NONATO DE BRICIO,RAQUEL BRÍCIO,UP,v,,,,,04/10/2026 18:48:41,sim
1,04/10/2026,6257,Presidente,1,municipio,TO,73342,1713957,MURICILÂNDIA,,,,,DEMOCRATA,i,DEMOCRATA,0,35,DEMOCRATA,DEMOCRATA,,35,280002548139,WILSON GRASSI JUNIOR,VETERINÁRIO WILSON GRASSI,13/03/1970,11,Válido,nao,,1,0.04,0.043630017,SUÊD HAIDAR NOGUEIRA,SUÊD HAIDAR,DEMOCRATA,v,,,,,04/10/2026 18:48:41,sim
1,04/10/2026,6257,Presidente,1,municipio,TO,73342,1713957,MURICILÂNDIA,,,,,PARTIDO MISSÃO,i,MISSÃO,0,14,MISSÃO,PARTIDO MISSÃO,,14,280002540694,RENAN ANTONIO FERREIRA DOS SANTOS,RENAN SANTOS,14/02/1984,5,Válido,nao,,26,1.13,1.134380454,AROLDO MEDINA,CORONEL MEDINA,MISSÃO,v,,,,,04/10/2026 18:48:41,sim
1,04/10/2026,6257,Presidente,1,municipio,TO,73342,1713957,MURICILÂNDIA,,,,,PARTIDO DA CAUSA OPERÁRIA,i,PCO,0,29,PCO,PARTIDO DA CAUSA OPERÁRIA,,29,280002552487,RUI COSTA PIMENTA,RUI COSTA PIMENTA,25/06/1957,12,Válido,nao,,0,0.00,0,ANTONIO CARLOS SILVA,ANTÔNIO CARLOS,PCO,v,,,,,04/10/2026 18:48:41,sim
1,04/10/2026,6257,Presidente,1,municipio,TO,73350,1718865,SANTA FÉ DO ARAGUAIA,,,,,PARTIDO LIBERAL,i,PL,0,22,PL,PARTIDO LIBERAL,,22,280002551544,FLAVIO NANTES BOLSONARO,FLAVIO BOLSONARO,30/04/1981,1,Válido,nao,,2038,46.71,46.710978684,ALFREDO GASPAR DE MENDONÇA NETO,ALFREDO GASPAR,PL,v,,,,,04/10/2026 19:10:58,sim
1,04/10/2026,6257,Presidente,1,municipio,TO,73350,1718865,SANTA FÉ DO ARAGUAIA,,,,,PARTIDO SOCIAL DEMOCRÁTICO,i,PSD,0,55,PSD,PARTIDO SOCIAL DEMOCRÁTICO,,55,280002551932,RONALDO RAMOS CAIADO,RONALDO CAIADO,25/09/1949,5,Válido,nao,,63,1.44,1.443960578,GILBERTO KASSAB,GILBERTO KASSAB,PSD,v,,,,,04/10/2026 19:10:58,sim
1,04/10/2026,6257,Presidente,1,municipio,TO,73350,1718865,SANTA FÉ DO ARAGUAIA,,PT/PC do B/PV,FEDERAÇÃO BRASIL DA ESPERANÇA - FE BRASIL,PT/PC do B/PV,BRASIL PRONTO PRA MAIS,c,PSB / PDT / PCDOB / PT / PV / PSOL / REDE,,13,PT,PARTIDO DOS TRABALHADORES,101,13,280002542548,LUIZ INÁCIO LULA DA SILVA,LULA,06/10/1945,2,Válido,nao,,2164,49.60,49.598899840,GERALDO JOSE RODRIGUES ALCKMIN FILHO,GERALDO ALCKMIN,PSB,v,,,,,04/10/2026 19:10:58,sim
1,04/10/2026,6257,Presidente,1,municipio,TO,73350,1718865,SANTA FÉ DO ARAGUAIA,,,,,DEMOCRACIA CRISTÃ,i,DC,0,27,DC,DEMOCRACIA CRISTÃ,,27,280002552484,CLARIANA ZACARKIM BARAO,CLARIANA BARAO,03/04/1987,9,Válido,nao,,0,0.00,0,FABIANA CRISTINA TAVARES TORQUATO,FABIANA TORQUATO,DC,v,,,,,04/10/2026 19:10:58,sim
1,04/10/2026,6257,Presidente,1,municipio,TO,73350,1718865,SANTA FÉ DO ARAGUAIA,,,,,PARTIDO COMUNISTA BRASILEIRO,i,PCB,0,21,PCB,PARTIDO COMUNISTA BRASILEIRO,,21,280002551975,EDMILSON SILVA COSTA,EDMILSON COSTA,08/04/1950,10,Válido,nao,,0,0.00,0,CLEUSA DOS SANTOS,CLEUSA SANTOS,PCB,v,,,,,04/10/2026 19:10:58,sim
1,04/10/2026,6257,Presidente,1,municipio,TO,73350,1718865,SANTA FÉ DO ARAGUAIA,,,,,PARTIDO SOCIALISTA  DOS TRABALHADORES UNIFICADO,i,PSTU,0,16,PSTU,PARTIDO SOCIALISTA  DOS TRABALHADORES UNIFICADO,,16,280002541457,HERTZ DA CONCEICAO DIAS,HERTZ DIAS,20/10/1970,8,Válido,nao,,0,0.00,0,VANESSA PORTUGAL BARBOSA,VANESSA PORTUGAL,PSTU,v,,,,,04/10/2026 19:10:58,sim
1,04/10/2026,6257,Presidente,1,municipio,TO,73350,1718865,SANTA FÉ DO ARAGUAIA,,,,,BRASIL DOS NOSSOS SONHOS,c,AGIR / AVANTE,,70,AVANTE,AVANTE,,70,280002551547,AUGUSTO JORGE CURY,ESCRITOR AUGUSTO CURY,02/10/1958,3,Válido,nao,,62,1.42,1.421040568,JULIO CESAR DELGADO,JÚLIO DELGADO,AVANTE,v,,,,,04/10/2026 19:10:58,sim
1,04/10/2026,6257,Presidente,1,municipio,TO,73350,1718865,SANTA FÉ DO ARAGUAIA,,,,,PARTIDO NOVO,i,NOVO,0,30,NOVO,PARTIDO NOVO,,30,280002539826,ROMEU ZEMA NETO,ZEMA,28/10/1964,6,Válido,nao,,2,0.05,0.045840018,LUIS EDUARDO GRANGEIRO GIRÃO,EDUARDO GIRÃO,NOVO,v,,,,,04/10/2026 19:10:58,sim
1,04/10/2026,6257,Presidente,1,municipio,TO,73350,1718865,SANTA FÉ DO ARAGUAIA,,,,,UNIDADE POPULAR,i,UP,0,80,UP,UNIDADE POPULAR,,80,280002538811,SAMARA MARTINS DA SILVA FEITOSA,SAMARA,31/08/1987,7,Válido,nao,,0,0.00,0,RAQUEL NONATO DE BRICIO,RAQUEL BRÍCIO,UP,v,,,,,04/10/2026 19:10:58,sim
1,04/10/2026,6257,Presidente,1,municipio,TO,73350,1718865,SANTA FÉ DO ARAGUAIA,,,,,DEMOCRATA,i,DEMOCRATA,0,35,DEMOCRATA,DEMOCRATA,,35,280002548139,WILSON GRASSI JUNIOR,VETERINÁRIO WILSON GRASSI,13/03/1970,11,Válido,nao,,0,0.00,0,SUÊD HAIDAR NOGUEIRA,SUÊD HAIDAR,DEMOCRATA,v,,,,,04/10/2026 19:10:58,sim
1,04/10/2026,6257,Presidente,1,municipio,TO,73350,1718865,SANTA FÉ DO ARAGUAIA,,,,,PARTIDO MISSÃO,i,MISSÃO,0,14,MISSÃO,PARTIDO MISSÃO,,14,280002540694,RENAN ANTONIO FERREIRA DOS SANTOS,RENAN SANTOS,14/02/1984,4,Válido,nao,,34,0.78,0.779280312,AROLDO MEDINA,CORONEL MEDINA,MISSÃO,v,,,,,04/10/2026 19:10:58,sim
1,04/10/2026,6257,Presidente,1,municipio,TO,73350,1718865,SANTA FÉ DO ARAGUAIA,,,,,PARTIDO DA CAUSA OPERÁRIA,i,PCO,0,29,PCO,PARTIDO DA CAUSA OPERÁRIA,,29,280002552487,RUI COSTA PIMENTA,RUI COSTA PIMENTA,25/06/1957,12,Válido,nao,,0,0.00,0,ANTONIO CARLOS SILVA,ANTÔNIO CARLOS,PCO,v,,,,,04/10/2026 19:10:58,sim
1,04/10/2026,6257,Presidente,1,municipio,TO,73369,1711506,JAÚ DO TOCANTINS,,,,,PARTIDO LIBERAL,i,PL,0,22,PL,PARTIDO LIBERAL,,22,280002551544,FLAVIO NANTES BOLSONARO,FLAVIO BOLSONARO,30/04/1981,1,Válido,nao,,1165,49.72,49.722577892,ALFREDO GASPAR DE MENDONÇA NETO,ALFREDO GASPAR,PL,v,,,,,04/10/2026 18:18:43,sim
1,04/10/2026,6257,Presidente,1,municipio,TO,73369,1711506,JAÚ DO TOCANTINS,,,,,PARTIDO SOCIAL DEMOCRÁTICO,i,PSD,0,55,PSD,PARTIDO SOCIAL DEMOCRÁTICO,,55,280002551932,RONALDO RAMOS CAIADO,RONALDO CAIADO,25/09/1949,4,Válido,nao,,60,2.56,2.560819462,GILBERTO KASSAB,GILBERTO KASSAB,PSD,v,,,,,04/10/2026 18:18:43,sim
1,04/10/2026,6257,Presidente,1,municipio,TO,73369,1711506,JAÚ DO TOCANTINS,,PT/PC do B/PV,FEDERAÇÃO BRASIL DA ESPERANÇA - FE BRASIL,PT/PC do B/PV,BRASIL PRONTO PRA MAIS,c,PSB / PDT / PCDOB / PT / PV / PSOL / REDE,,13,PT,PARTIDO DOS TRABALHADORES,101,13,280002542548,LUIZ INÁCIO LULA DA SILVA,LULA,06/10/1945,2,Válido,nao,,1083,46.22,46.222791293,GERALDO JOSE RODRIGUES ALCKMIN FILHO,GERALDO ALCKMIN,PSB,v,,,,,04/10/2026 18:18:43,sim
1,04/10/2026,6257,Presidente,1,municipio,TO,73369,1711506,JAÚ DO TOCANTINS,,,,,DEMOCRACIA CRISTÃ,i,DC,0,27,DC,DEMOCRACIA CRISTÃ,,27,280002552484,CLARIANA ZACARKIM BARAO,CLARIANA BARAO,03/04/1987,8,Válido,nao,,1,0.04,0.042680324,FABIANA CRISTINA TAVARES TORQUATO,FABIANA TORQUATO,DC,v,,,,,04/10/2026 18:18:43,sim
1,04/10/2026,6257,Presidente,1,municipio,TO,73369,1711506,JAÚ DO TOCANTINS,,,,,PARTIDO COMUNISTA BRASILEIRO,i,PCB,0,21,PCB,PARTIDO COMUNISTA BRASILEIRO,,21,280002551975,EDMILSON SILVA COSTA,EDMILSON COSTA,08/04/1950,10,Válido,nao,,0,0.00,0,CLEUSA DOS SANTOS,CLEUSA SANTOS,PCB,v,,,,,04/10/2026 18:18:43,sim
1,04/10/2026,6257,Presidente,1,municipio,TO,73369,1711506,JAÚ DO TOCANTINS,,,,,PARTIDO SOCIALISTA  DOS TRABALHADORES UNIFICADO,i,PSTU,0,16,PSTU,PARTIDO SOCIALISTA  DOS TRABALHADORES UNIFICADO,,16,280002541457,HERTZ DA CONCEICAO DIAS,HERTZ DIAS,20/10/1970,9,Válido,nao,,0,0.00,0,VANESSA PORTUGAL BARBOSA,VANESSA PORTUGAL,PSTU,v,,,,,04/10/2026 18:18:43,sim
1,04/10/2026,6257,Presidente,1,municipio,TO,73369,1711506,JAÚ DO TOCANTINS,,,,,BRASIL DOS NOSSOS SONHOS,c,AGIR / AVANTE,,70,AVANTE,AVANTE,,70,280002551547,AUGUSTO JORGE CURY,ESCRITOR AUGUSTO CURY,02/10/1958,3,Válido,nao,,25,1.07,1.067008109,JULIO CESAR DELGADO,JÚLIO DELGADO,AVANTE,v,,,,,04/10/2026 18:18:43,sim
1,04/10/2026,6257,Presidente,1,municipio,TO,73369,1711506,JAÚ DO TOCANTINS,,,,,PARTIDO NOVO,i,NOVO,0,30,NOVO,PARTIDO NOVO,,30,280002539826,ROMEU ZEMA NETO,ZEMA,28/10/1964,6,Válido,nao,,2,0.09,0.085360649,LUIS EDUARDO GRANGEIRO GIRÃO,EDUARDO GIRÃO,NOVO,v,,,,,04/10/2026 18:18:43,sim
1,04/10/2026,6257,Presidente,1,municipio,TO,73369,1711506,JAÚ DO TOCANTINS,,,,,UNIDADE POPULAR,i,UP,0,80,UP,UNIDADE POPULAR,,80,280002538811,SAMARA MARTINS DA SILVA FEITOSA,SAMARA,31/08/1987,7,Válido,nao,,0,0.00,0,RAQUEL NONATO DE BRICIO,RAQUEL BRÍCIO,UP,v,,,,,04/10/2026 18:18:43,sim
1,04/10/2026,6257,Presidente,1,municipio,TO,73369,1711506,JAÚ DO TOCANTINS,,,,,DEMOCRATA,i,DEMOCRATA,0,35,DEMOCRATA,DEMOCRATA,,35,280002548139,WILSON GRASSI JUNIOR,VETERINÁRIO WILSON GRASSI,13/03/1970,11,Válido,nao,,0,0.00,0,SUÊD HAIDAR NOGUEIRA,SUÊD HAIDAR,DEMOCRATA,v,,,,,04/10/2026 18:18:43,sim
1,04/10/2026,6257,Presidente,1,municipio,TO,73369,1711506,JAÚ DO TOCANTINS,,,,,PARTIDO MISSÃO,i,MISSÃO,0,14,MISSÃO,PARTIDO MISSÃO,,14,280002540694,RENAN ANTONIO FERREIRA DOS SANTOS,RENAN SANTOS,14/02/1984,5,Válido,nao,,7,0.30,0.298762271,AROLDO MEDINA,CORONEL MEDINA,MISSÃO,v,,,,,04/10/2026 18:18:43,sim
1,04/10/2026,6257,Presidente,1,municipio,TO,73369,1711506,JAÚ DO TOCANTINS,,,,,PARTIDO DA CAUSA OPERÁRIA,i,PCO,0,29,PCO,PARTIDO DA CAUSA OPERÁRIA,,29,280002552487,RUI COSTA PIMENTA,RUI COSTA PIMENTA,25/06/1957,12,Válido,nao,,0,0.00,0,ANTONIO CARLOS SILVA,ANTÔNIO CARLOS,PCO,v,,,,,04/10/2026 18:18:43,sim
1,04/10/2026,6257,Presidente,1,municipio,TO,73377,1720853,SUCUPIRA,,,,,PARTIDO LIBERAL,i,PL,0,22,PL,PARTIDO LIBERAL,,22,280002551544,FLAVIO NANTES BOLSONARO,FLAVIO BOLSONARO,30/04/1981,1,Válido,nao,,725,51.35,51.345609065,ALFREDO GASPAR DE MENDONÇA NETO,ALFREDO GASPAR,PL,v,,,,,04/10/2026 19:10:36,sim
1,04/10/2026,6257,Presidente,1,municipio,TO,73377,1720853,SUCUPIRA,,,,,PARTIDO SOCIAL DEMOCRÁTICO,i,PSD,0,55,PSD,PARTIDO SOCIAL DEMOCRÁTICO,,55,280002551932,RONALDO RAMOS CAIADO,RONALDO CAIADO,25/09/1949,5,Válido,nao,,35,2.48,2.478753541,GILBERTO KASSAB,GILBERTO KASSAB,PSD,v,,,,,04/10/2026 19:10:36,sim
1,04/10/2026,6257,Presidente,1,municipio,TO,73377,1720853,SUCUPIRA,,PT/PC do B/PV,FEDERAÇÃO BRASIL DA ESPERANÇA - FE BRASIL,PT/PC do B/PV,BRASIL PRONTO PRA MAIS,c,PSB / PDT / PCDOB / PT / PV / PSOL / REDE,,13,PT,PARTIDO DOS TRABALHADORES,101,13,280002542548,LUIZ INÁCIO LULA DA SILVA,LULA,06/10/1945,2,Válido,nao,,608,43.06,43.059490085,GERALDO JOSE RODRIGUES ALCKMIN FILHO,GERALDO ALCKMIN,PSB,v,,,,,04/10/2026 19:10:36,sim
1,04/10/2026,6257,Presidente,1,municipio,TO,73377,1720853,SUCUPIRA,,,,,PARTIDO SOCIALISTA  DOS TRABALHADORES UNIFICADO,i,PSTU,0,16,PSTU,PARTIDO SOCIALISTA  DOS TRABALHADORES UNIFICADO,,16,280002541457,HERTZ DA CONCEICAO DIAS,HERTZ DIAS,20/10/1970,8,Válido,nao,,0,0.00,0,VANESSA PORTUGAL BARBOSA,VANESSA PORTUGAL,PSTU,v,,,,,04/10/2026 19:10:36,sim
1,04/10/2026,6257,Presidente,1,municipio,TO,73377,1720853,SUCUPIRA,,,,,PARTIDO COMUNISTA BRASILEIRO,i,PCB,0,21,PCB,PARTIDO COMUNISTA BRASILEIRO,,21,280002551975,EDMILSON SILVA COSTA,EDMILSON COSTA,08/04/1950,10,Válido,nao,,0,0.00,0,CLEUSA DOS SANTOS,CLEUSA SANTOS,PCB,v,,,,,04/10/2026 19:10:36,sim
1,04/10/2026,6257,Presidente,1,municipio,TO,73377,1720853,SUCUPIRA,,,,,DEMOCRACIA CRISTÃ,i,DC,0,27,DC,DEMOCRACIA CRISTÃ,,27,280002552484,CLARIANA ZACARKIM BARAO,CLARIANA BARAO,03/04/1987,9,Válido,nao,,1,0.07,0.070821530,FABIANA CRISTINA TAVARES TORQUATO,FABIANA TORQUATO,DC,v,,,,,04/10/2026 19:10:36,sim
1,04/10/2026,6257,Presidente,1,municipio,TO,73377,1720853,SUCUPIRA,,,,,PARTIDO NOVO,i,NOVO,0,30,NOVO,PARTIDO NOVO,,30,280002539826,ROMEU ZEMA NETO,ZEMA,28/10/1964,6,Válido,nao,,2,0.14,0.141643059,LUIS EDUARDO GRANGEIRO GIRÃO,EDUARDO GIRÃO,NOVO,v,,,,,04/10/2026 19:10:36,sim
1,04/10/2026,6257,Presidente,1,municipio,TO,73377,1720853,SUCUPIRA,,,,,BRASIL DOS NOSSOS SONHOS,c,AGIR / AVANTE,,70,AVANTE,AVANTE,,70,280002551547,AUGUSTO JORGE CURY,ESCRITOR AUGUSTO CURY,02/10/1958,3,Válido,nao,,28,1.98,1.983002833,JULIO CESAR DELGADO,JÚLIO DELGADO,AVANTE,v,,,,,04/10/2026 19:10:36,sim
1,04/10/2026,6257,Presidente,1,municipio,TO,73377,1720853,SUCUPIRA,,,,,DEMOCRATA,i,DEMOCRATA,0,35,DEMOCRATA,DEMOCRATA,,35,280002548139,WILSON GRASSI JUNIOR,VETERINÁRIO WILSON GRASSI,13/03/1970,11,Válido,nao,,0,0.00,0,SUÊD HAIDAR NOGUEIRA,SUÊD HAIDAR,DEMOCRATA,v,,,,,04/10/2026 19:10:36,sim
1,04/10/2026,6257,Presidente,1,municipio,TO,73377,1720853,SUCUPIRA,,,,,UNIDADE POPULAR,i,UP,0,80,UP,UNIDADE POPULAR,,80,280002538811,SAMARA MARTINS DA SILVA FEITOSA,SAMARA,31/08/1987,7,Válido,nao,,1,0.07,0.070821530,RAQUEL NONATO DE BRICIO,RAQUEL BRÍCIO,UP,v,,,,,04/10/2026 19:10:36,sim
1,04/10/2026,6257,Presidente,1,municipio,TO,73377,1720853,SUCUPIRA,,,,,PARTIDO MISSÃO,i,MISSÃO,0,14,MISSÃO,PARTIDO MISSÃO,,14,280002540694,RENAN ANTONIO FERREIRA DOS SANTOS,RENAN SANTOS,14/02/1984,4,Válido,nao,,12,0.85,0.849858357,AROLDO MEDINA,CORONEL MEDINA,MISSÃO,v,,,,,04/10/2026 19:10:36,sim
1,04/10/2026,6257,Presidente,1,municipio,TO,73377,1720853,SUCUPIRA,,,,,PARTIDO DA CAUSA OPERÁRIA,i,PCO,0,29,PCO,PARTIDO DA CAUSA OPERÁRIA,,29,280002552487,RUI COSTA PIMENTA,RUI COSTA PIMENTA,25/06/1957,12,Válido,nao,,0,0.00,0,ANTONIO CARLOS SILVA,ANTÔNIO CARLOS,PCO,v,,,,,04/10/2026 19:10:36,sim
1,04/10/2026,6257,Presidente,1,municipio,TO,73385,1711902,LAGOA DA CONFUSÃO,,,,,PARTIDO LIBERAL,i,PL,0,22,PL,PARTIDO LIBERAL,,22,280002551544,FLAVIO NANTES BOLSONARO,FLAVIO BOLSONARO,30/04/1981,1,Válido,nao,,4535,56.15,56.147084313,ALFREDO GASPAR DE MENDONÇA NETO,ALFREDO GASPAR,PL,v,,,,,04/10/2026 19:20:55,sim
1,04/10/2026,6257,Presidente,1,municipio,TO,73385,1711902,LAGOA DA CONFUSÃO,,,,,PARTIDO SOCIAL DEMOCRÁTICO,i,PSD,0,55,PSD,PARTIDO SOCIAL DEMOCRÁTICO,,55,280002551932,RONALDO RAMOS CAIADO,RONALDO CAIADO,25/09/1949,5,Válido,nao,,128,1.58,1.584746812,GILBERTO KASSAB,GILBERTO KASSAB,PSD,v,,,,,04/10/2026 19:20:55,sim
1,04/10/2026,6257,Presidente,1,municipio,TO,73385,1711902,LAGOA DA CONFUSÃO,,PT/PC do B/PV,FEDERAÇÃO BRASIL DA ESPERANÇA - FE BRASIL,PT/PC do B/PV,BRASIL PRONTO PRA MAIS,c,PSB / PDT / PCDOB / PT / PV / PSOL / REDE,,13,PT,PARTIDO DOS TRABALHADORES,101,13,280002542548,LUIZ INÁCIO LULA DA SILVA,LULA,06/10/1945,2,Válido,nao,,3194,39.54,39.544385292,GERALDO JOSE RODRIGUES ALCKMIN FILHO,GERALDO ALCKMIN,PSB,v,,,,,04/10/2026 19:20:55,sim
1,04/10/2026,6257,Presidente,1,municipio,TO,73385,1711902,LAGOA DA CONFUSÃO,,,,,DEMOCRACIA CRISTÃ,i,DC,0,27,DC,DEMOCRACIA CRISTÃ,,27,280002552484,CLARIANA ZACARKIM BARAO,CLARIANA BARAO,03/04/1987,9,Válido,nao,,1,0.01,0.012380834,FABIANA CRISTINA TAVARES TORQUATO,FABIANA TORQUATO,DC,v,,,,,04/10/2026 19:20:55,sim
1,04/10/2026,6257,Presidente,1,municipio,TO,73385,1711902,LAGOA DA CONFUSÃO,,,,,PARTIDO COMUNISTA BRASILEIRO,i,PCB,0,21,PCB,PARTIDO COMUNISTA BRASILEIRO,,21,280002551975,EDMILSON SILVA COSTA,EDMILSON COSTA,08/04/1950,10,Válido,nao,,0,0.00,0,CLEUSA DOS SANTOS,CLEUSA SANTOS,PCB,v,,,,,04/10/2026 19:20:55,sim
1,04/10/2026,6257,Presidente,1,municipio,TO,73385,1711902,LAGOA DA CONFUSÃO,,,,,PARTIDO SOCIALISTA  DOS TRABALHADORES UNIFICADO,i,PSTU,0,16,PSTU,PARTIDO SOCIALISTA  DOS TRABALHADORES UNIFICADO,,16,280002541457,HERTZ DA CONCEICAO DIAS,HERTZ DIAS,20/10/1970,8,Válido,nao,,0,0.00,0,VANESSA PORTUGAL BARBOSA,VANESSA PORTUGAL,PSTU,v,,,,,04/10/2026 19:20:55,sim
1,04/10/2026,6257,Presidente,1,municipio,TO,73385,1711902,LAGOA DA CONFUSÃO,,,,,BRASIL DOS NOSSOS SONHOS,c,AGIR / AVANTE,,70,AVANTE,AVANTE,,70,280002551547,AUGUSTO JORGE CURY,ESCRITOR AUGUSTO CURY,02/10/1958,3,Válido,nao,,135,1.67,1.671412653,JULIO CESAR DELGADO,JÚLIO DELGADO,AVANTE,v,,,,,04/10/2026 19:20:55,sim
1,04/10/2026,6257,Presidente,1,municipio,TO,73385,1711902,LAGOA DA CONFUSÃO,,,,,PARTIDO NOVO,i,NOVO,0,30,NOVO,PARTIDO NOVO,,30,280002539826,ROMEU ZEMA NETO,ZEMA,28/10/1964,6,Válido,nao,,0,0.00,0,LUIS EDUARDO GRANGEIRO GIRÃO,EDUARDO GIRÃO,NOVO,v,,,,,04/10/2026 19:20:55,sim
1,04/10/2026,6257,Presidente,1,municipio,TO,73385,1711902,LAGOA DA CONFUSÃO,,,,,UNIDADE POPULAR,i,UP,0,80,UP,UNIDADE POPULAR,,80,280002538811,SAMARA MARTINS DA SILVA FEITOSA,SAMARA,31/08/1987,7,Válido,nao,,1,0.01,0.012380834,RAQUEL NONATO DE BRICIO,RAQUEL BRÍCIO,UP,v,,,,,04/10/2026 19:20:55,sim
1,04/10/2026,6257,Presidente,1,municipio,TO,73385,1711902,LAGOA DA CONFUSÃO,,,,,DEMOCRATA,i,DEMOCRATA,0,35,DEMOCRATA,DEMOCRATA,,35,280002548139,WILSON GRASSI JUNIOR,VETERINÁRIO WILSON GRASSI,13/03/1970,11,Válido,nao,,0,0.00,0,SUÊD HAIDAR NOGUEIRA,SUÊD HAIDAR,DEMOCRATA,v,,,,,04/10/2026 19:20:55,sim
1,04/10/2026,6257,Presidente,1,municipio,TO,73385,1711902,LAGOA DA CONFUSÃO,,,,,PARTIDO MISSÃO,i,MISSÃO,0,14,MISSÃO,PARTIDO MISSÃO,,14,280002540694,RENAN ANTONIO FERREIRA DOS SANTOS,RENAN SANTOS,14/02/1984,4,Válido,nao,,83,1.03,1.027609261,AROLDO MEDINA,CORONEL MEDINA,MISSÃO,v,,,,,04/10/2026 19:20:55,sim
1,04/10/2026,6257,Presidente,1,municipio,TO,73385,1711902,LAGOA DA CONFUSÃO,,,,,PARTIDO DA CAUSA OPERÁRIA,i,PCO,0,29,PCO,PARTIDO DA CAUSA OPERÁRIA,,29,280002552487,RUI COSTA PIMENTA,RUI COSTA PIMENTA,25/06/1957,12,Válido,nao,,0,0.00,0,ANTONIO CARLOS SILVA,ANTÔNIO CARLOS,PCO,v,,,,,04/10/2026 19:20:55,sim
1,04/10/2026,6257,Presidente,1,municipio,TO,73393,1720259,SÃO SALVADOR DO TOCANTINS,,,,,PARTIDO LIBERAL,i,PL,0,22,PL,PARTIDO LIBERAL,,22,280002551544,FLAVIO NANTES BOLSONARO,FLAVIO BOLSONARO,30/04/1981,1,Válido,nao,,586,31.12,31.120552310,ALFREDO GASPAR DE MENDONÇA NETO,ALFREDO GASPAR,PL,v,,,,,04/10/2026 17:54:11,sim
1,04/10/2026,6257,Presidente,1,municipio,TO,73393,1720259,SÃO SALVADOR DO TOCANTINS,,,,,PARTIDO SOCIAL DEMOCRÁTICO,i,PSD,0,55,PSD,PARTIDO SOCIAL DEMOCRÁTICO,,55,280002551932,RONALDO RAMOS CAIADO,RONALDO CAIADO,25/09/1949,4,Válido,nao,,102,5.42,5.416887945,GILBERTO KASSAB,GILBERTO KASSAB,PSD,v,,,,,04/10/2026 17:54:11,sim
1,04/10/2026,6257,Presidente,1,municipio,TO,73393,1720259,SÃO SALVADOR DO TOCANTINS,,PT/PC do B/PV,FEDERAÇÃO BRASIL DA ESPERANÇA - FE BRASIL,PT/PC do B/PV,BRASIL PRONTO PRA MAIS,c,PSB / PDT / PCDOB / PT / PV / PSOL / REDE,,13,PT,PARTIDO DOS TRABALHADORES,101,13,280002542548,LUIZ INÁCIO LULA DA SILVA,LULA,06/10/1945,2,Válido,nao,,1155,61.34,61.338289963,GERALDO JOSE RODRIGUES ALCKMIN FILHO,GERALDO ALCKMIN,PSB,v,,,,,04/10/2026 17:54:11,sim
1,04/10/2026,6257,Presidente,1,municipio,TO,73393,1720259,SÃO SALVADOR DO TOCANTINS,,,,,DEMOCRACIA CRISTÃ,i,DC,0,27,DC,DEMOCRACIA CRISTÃ,,27,280002552484,CLARIANA ZACARKIM BARAO,CLARIANA BARAO,03/04/1987,8,Válido,nao,,0,0.00,0,FABIANA CRISTINA TAVARES TORQUATO,FABIANA TORQUATO,DC,v,,,,,04/10/2026 17:54:11,sim
1,04/10/2026,6257,Presidente,1,municipio,TO,73393,1720259,SÃO SALVADOR DO TOCANTINS,,,,,PARTIDO COMUNISTA BRASILEIRO,i,PCB,0,21,PCB,PARTIDO COMUNISTA BRASILEIRO,,21,280002551975,EDMILSON SILVA COSTA,EDMILSON COSTA,08/04/1950,10,Válido,nao,,2,0.11,0.106213489,CLEUSA DOS SANTOS,CLEUSA SANTOS,PCB,v,,,,,04/10/2026 17:54:11,sim
1,04/10/2026,6257,Presidente,1,municipio,TO,73393,1720259,SÃO SALVADOR DO TOCANTINS,,,,,PARTIDO SOCIALISTA  DOS TRABALHADORES UNIFICADO,i,PSTU,0,16,PSTU,PARTIDO SOCIALISTA  DOS TRABALHADORES UNIFICADO,,16,280002541457,HERTZ DA CONCEICAO DIAS,HERTZ DIAS,20/10/1970,9,Válido,nao,,0,0.00,0,VANESSA PORTUGAL BARBOSA,VANESSA PORTUGAL,PSTU,v,,,,,04/10/2026 17:54:11,sim
1,04/10/2026,6257,Presidente,1,municipio,TO,73393,1720259,SÃO SALVADOR DO TOCANTINS,,,,,BRASIL DOS NOSSOS SONHOS,c,AGIR / AVANTE,,70,AVANTE,AVANTE,,70,280002551547,AUGUSTO JORGE CURY,ESCRITOR AUGUSTO CURY,02/10/1958,3,Válido,nao,,21,1.12,1.115241636,JULIO CESAR DELGADO,JÚLIO DELGADO,AVANTE,v,,,,,04/10/2026 17:54:11,sim
1,04/10/2026,6257,Presidente,1,municipio,TO,73393,1720259,SÃO SALVADOR DO TOCANTINS,,,,,PARTIDO NOVO,i,NOVO,0,30,NOVO,PARTIDO NOVO,,30,280002539826,ROMEU ZEMA NETO,ZEMA,28/10/1964,6,Válido,nao,,1,0.05,0.053106745,LUIS EDUARDO GRANGEIRO GIRÃO,EDUARDO GIRÃO,NOVO,v,,,,,04/10/2026 17:54:11,sim
1,04/10/2026,6257,Presidente,1,municipio,TO,73393,1720259,SÃO SALVADOR DO TOCANTINS,,,,,UNIDADE POPULAR,i,UP,0,80,UP,UNIDADE POPULAR,,80,280002538811,SAMARA MARTINS DA SILVA FEITOSA,SAMARA,31/08/1987,7,Válido,nao,,0,0.00,0,RAQUEL NONATO DE BRICIO,RAQUEL BRÍCIO,UP,v,,,,,04/10/2026 17:54:11,sim
1,04/10/2026,6257,Presidente,1,municipio,TO,73393,1720259,SÃO SALVADOR DO TOCANTINS,,,,,DEMOCRATA,i,DEMOCRATA,0,35,DEMOCRATA,DEMOCRATA,,35,280002548139,WILSON GRASSI JUNIOR,VETERINÁRIO WILSON GRASSI,13/03/1970,11,Válido,nao,,1,0.05,0.053106745,SUÊD HAIDAR NOGUEIRA,SUÊD HAIDAR,DEMOCRATA,v,,,,,04/10/2026 17:54:11,sim
1,04/10/2026,6257,Presidente,1,municipio,TO,73393,1720259,SÃO SALVADOR DO TOCANTINS,,,,,PARTIDO MISSÃO,i,MISSÃO,0,14,MISSÃO,PARTIDO MISSÃO,,14,280002540694,RENAN ANTONIO FERREIRA DOS SANTOS,RENAN SANTOS,14/02/1984,5,Válido,nao,,15,0.80,0.796601168,AROLDO MEDINA,CORONEL MEDINA,MISSÃO,v,,,,,04/10/2026 17:54:11,sim
1,04/10/2026,6257,Presidente,1,municipio,TO,73393,1720259,SÃO SALVADOR DO TOCANTINS,,,,,PARTIDO DA CAUSA OPERÁRIA,i,PCO,0,29,PCO,PARTIDO DA CAUSA OPERÁRIA,,29,280002552487,RUI COSTA PIMENTA,RUI COSTA PIMENTA,25/06/1957,12,Válido,nao,,0,0.00,0,ANTONIO CARLOS SILVA,ANTÔNIO CARLOS,PCO,v,,,,,04/10/2026 17:54:11,sim
1,04/10/2026,6257,Presidente,1,municipio,TO,73407,1712009,LAJEADO,,,,,PARTIDO LIBERAL,i,PL,0,22,PL,PARTIDO LIBERAL,,22,280002551544,FLAVIO NANTES BOLSONARO,FLAVIO BOLSONARO,30/04/1981,1,Válido,nao,,1432,51.64,51.640822214,ALFREDO GASPAR DE MENDONÇA NETO,ALFREDO GASPAR,PL,v,,,,,04/10/2026 18:21:53,sim
1,04/10/2026,6257,Presidente,1,municipio,TO,73407,1712009,LAJEADO,,,,,PARTIDO SOCIAL DEMOCRÁTICO,i,PSD,0,55,PSD,PARTIDO SOCIAL DEMOCRÁTICO,,55,280002551932,RONALDO RAMOS CAIADO,RONALDO CAIADO,25/09/1949,4,Válido,nao,,67,2.42,2.416155788,GILBERTO KASSAB,GILBERTO KASSAB,PSD,v,,,,,04/10/2026 18:21:53,sim
1,04/10/2026,6257,Presidente,1,municipio,TO,73407,1712009,LAJEADO,,PT/PC do B/PV,FEDERAÇÃO BRASIL DA ESPERANÇA - FE BRASIL,PT/PC do B/PV,BRASIL PRONTO PRA MAIS,c,PSB / PDT / PCDOB / PT / PV / PSOL / REDE,,13,PT,PARTIDO DOS TRABALHADORES,101,13,280002542548,LUIZ INÁCIO LULA DA SILVA,LULA,06/10/1945,2,Válido,nao,,1187,42.81,42.805625676,GERALDO JOSE RODRIGUES ALCKMIN FILHO,GERALDO ALCKMIN,PSB,v,,,,,04/10/2026 18:21:53,sim
1,04/10/2026,6257,Presidente,1,municipio,TO,73407,1712009,LAJEADO,,,,,DEMOCRACIA CRISTÃ,i,DC,0,27,DC,DEMOCRACIA CRISTÃ,,27,280002552484,CLARIANA ZACARKIM BARAO,CLARIANA BARAO,03/04/1987,8,Válido,nao,,0,0.00,0,FABIANA CRISTINA TAVARES TORQUATO,FABIANA TORQUATO,DC,v,,,,,04/10/2026 18:21:53,sim
1,04/10/2026,6257,Presidente,1,municipio,TO,73407,1712009,LAJEADO,,,,,PARTIDO COMUNISTA BRASILEIRO,i,PCB,0,21,PCB,PARTIDO COMUNISTA BRASILEIRO,,21,280002551975,EDMILSON SILVA COSTA,EDMILSON COSTA,08/04/1950,10,Válido,nao,,0,0.00,0,CLEUSA DOS SANTOS,CLEUSA SANTOS,PCB,v,,,,,04/10/2026 18:21:53,sim
1,04/10/2026,6257,Presidente,1,municipio,TO,73407,1712009,LAJEADO,,,,,PARTIDO SOCIALISTA  DOS TRABALHADORES UNIFICADO,i,PSTU,0,16,PSTU,PARTIDO SOCIALISTA  DOS TRABALHADORES UNIFICADO,,16,280002541457,HERTZ DA CONCEICAO DIAS,HERTZ DIAS,20/10/1970,9,Válido,nao,,1,0.04,0.036062027,VANESSA PORTUGAL BARBOSA,VANESSA PORTUGAL,PSTU,v,,,,,04/10/2026 18:21:53,sim
1,04/10/2026,6257,Presidente,1,municipio,TO,73407,1712009,LAJEADO,,,,,BRASIL DOS NOSSOS SONHOS,c,AGIR / AVANTE,,70,AVANTE,AVANTE,,70,280002551547,AUGUSTO JORGE CURY,ESCRITOR AUGUSTO CURY,02/10/1958,3,Válido,nao,,54,1.95,1.947349441,JULIO CESAR DELGADO,JÚLIO DELGADO,AVANTE,v,,,,,04/10/2026 18:21:53,sim
1,04/10/2026,6257,Presidente,1,municipio,TO,73407,1712009,LAJEADO,,,,,PARTIDO NOVO,i,NOVO,0,30,NOVO,PARTIDO NOVO,,30,280002539826,ROMEU ZEMA NETO,ZEMA,28/10/1964,6,Válido,nao,,1,0.04,0.036062027,LUIS EDUARDO GRANGEIRO GIRÃO,EDUARDO GIRÃO,NOVO,v,,,,,04/10/2026 18:21:53,sim
1,04/10/2026,6257,Presidente,1,municipio,TO,73407,1712009,LAJEADO,,,,,UNIDADE POPULAR,i,UP,0,80,UP,UNIDADE POPULAR,,80,280002538811,SAMARA MARTINS DA SILVA FEITOSA,SAMARA,31/08/1987,7,Válido,nao,,1,0.04,0.036062027,RAQUEL NONATO DE BRICIO,RAQUEL BRÍCIO,UP,v,,,,,04/10/2026 18:21:53,sim
1,04/10/2026,6257,Presidente,1,municipio,TO,73407,1712009,LAJEADO,,,,,DEMOCRATA,i,DEMOCRATA,0,35,DEMOCRATA,DEMOCRATA,,35,280002548139,WILSON GRASSI JUNIOR,VETERINÁRIO WILSON GRASSI,13/03/1970,11,Válido,nao,,0,0.00,0,SUÊD HAIDAR NOGUEIRA,SUÊD HAIDAR,DEMOCRATA,v,,,,,04/10/2026 18:21:53,sim
1,04/10/2026,6257,Presidente,1,municipio,TO,73407,1712009,LAJEADO,,,,,PARTIDO MISSÃO,i,MISSÃO,0,14,MISSÃO,PARTIDO MISSÃO,,14,280002540694,RENAN ANTONIO FERREIRA DOS SANTOS,RENAN SANTOS,14/02/1984,5,Válido,nao,,30,1.08,1.081860801,AROLDO MEDINA,CORONEL MEDINA,MISSÃO,v,,,,,04/10/2026 18:21:53,sim
1,04/10/2026,6257,Presidente,1,municipio,TO,73407,1712009,LAJEADO,,,,,PARTIDO DA CAUSA OPERÁRIA,i,PCO,0,29,PCO,PARTIDO DA CAUSA OPERÁRIA,,29,280002552487,RUI COSTA PIMENTA,RUI COSTA PIMENTA,25/06/1957,12,Válido,nao,,0,0.00,0,ANTONIO CARLOS SILVA,ANTÔNIO CARLOS,PCO,v,,,,,04/10/2026 18:21:53,sim
1,04/10/2026,6257,Presidente,1,municipio,TO,73415,1718709,RIO DOS BOIS,,,,,PARTIDO LIBERAL,i,PL,0,22,PL,PARTIDO LIBERAL,,22,280002551544,FLAVIO NANTES BOLSONARO,FLAVIO BOLSONARO,30/04/1981,1,Válido,nao,,840,40.48,40.481927711,ALFREDO GASPAR DE MENDONÇA NETO,ALFREDO GASPAR,PL,v,,,,,04/10/2026 17:38:24,sim
1,04/10/2026,6257,Presidente,1,municipio,TO,73415,1718709,RIO DOS BOIS,,,,,PARTIDO SOCIAL DEMOCRÁTICO,i,PSD,0,55,PSD,PARTIDO SOCIAL DEMOCRÁTICO,,55,280002551932,RONALDO RAMOS CAIADO,RONALDO CAIADO,25/09/1949,4,Válido,nao,,32,1.54,1.542168675,GILBERTO KASSAB,GILBERTO KASSAB,PSD,v,,,,,04/10/2026 17:38:24,sim
1,04/10/2026,6257,Presidente,1,municipio,TO,73415,1718709,RIO DOS BOIS,,PT/PC do B/PV,FEDERAÇÃO BRASIL DA ESPERANÇA - FE BRASIL,PT/PC do B/PV,BRASIL PRONTO PRA MAIS,c,PSB / PDT / PCDOB / PT / PV / PSOL / REDE,,13,PT,PARTIDO DOS TRABALHADORES,101,13,280002542548,LUIZ INÁCIO LULA DA SILVA,LULA,06/10/1945,2,Válido,nao,,1142,55.04,55.036144578,GERALDO JOSE RODRIGUES ALCKMIN FILHO,GERALDO ALCKMIN,PSB,v,,,,,04/10/2026 17:38:24,sim
1,04/10/2026,6257,Presidente,1,municipio,TO,73415,1718709,RIO DOS BOIS,,,,,DEMOCRACIA CRISTÃ,i,DC,0,27,DC,DEMOCRACIA CRISTÃ,,27,280002552484,CLARIANA ZACARKIM BARAO,CLARIANA BARAO,03/04/1987,8,Válido,nao,,0,0.00,0,FABIANA CRISTINA TAVARES TORQUATO,FABIANA TORQUATO,DC,v,,,,,04/10/2026 17:38:24,sim
1,04/10/2026,6257,Presidente,1,municipio,TO,73415,1718709,RIO DOS BOIS,,,,,PARTIDO COMUNISTA BRASILEIRO,i,PCB,0,21,PCB,PARTIDO COMUNISTA BRASILEIRO,,21,280002551975,EDMILSON SILVA COSTA,EDMILSON COSTA,08/04/1950,10,Válido,nao,,1,0.05,0.048192771,CLEUSA DOS SANTOS,CLEUSA SANTOS,PCB,v,,,,,04/10/2026 17:38:24,sim
1,04/10/2026,6257,Presidente,1,municipio,TO,73415,1718709,RIO DOS BOIS,,,,,PARTIDO SOCIALISTA  DOS TRABALHADORES UNIFICADO,i,PSTU,0,16,PSTU,PARTIDO SOCIALISTA  DOS TRABALHADORES UNIFICADO,,16,280002541457,HERTZ DA CONCEICAO DIAS,HERTZ DIAS,20/10/1970,9,Válido,nao,,1,0.05,0.048192771,VANESSA PORTUGAL BARBOSA,VANESSA PORTUGAL,PSTU,v,,,,,04/10/2026 17:38:24,sim
1,04/10/2026,6257,Presidente,1,municipio,TO,73415,1718709,RIO DOS BOIS,,,,,BRASIL DOS NOSSOS SONHOS,c,AGIR / AVANTE,,70,AVANTE,AVANTE,,70,280002551547,AUGUSTO JORGE CURY,ESCRITOR AUGUSTO CURY,02/10/1958,3,Válido,nao,,44,2.12,2.120481928,JULIO CESAR DELGADO,JÚLIO DELGADO,AVANTE,v,,,,,04/10/2026 17:38:24,sim
1,04/10/2026,6257,Presidente,1,municipio,TO,73415,1718709,RIO DOS BOIS,,,,,PARTIDO NOVO,i,NOVO,0,30,NOVO,PARTIDO NOVO,,30,280002539826,ROMEU ZEMA NETO,ZEMA,28/10/1964,6,Válido,nao,,1,0.05,0.048192771,LUIS EDUARDO GRANGEIRO GIRÃO,EDUARDO GIRÃO,NOVO,v,,,,,04/10/2026 17:38:24,sim
1,04/10/2026,6257,Presidente,1,municipio,TO,73415,1718709,RIO DOS BOIS,,,,,UNIDADE POPULAR,i,UP,0,80,UP,UNIDADE POPULAR,,80,280002538811,SAMARA MARTINS DA SILVA FEITOSA,SAMARA,31/08/1987,7,Válido,nao,,0,0.00,0,RAQUEL NONATO DE BRICIO,RAQUEL BRÍCIO,UP,v,,,,,04/10/2026 17:38:24,sim
1,04/10/2026,6257,Presidente,1,municipio,TO,73415,1718709,RIO DOS BOIS,,,,,DEMOCRATA,i,DEMOCRATA,0,35,DEMOCRATA,DEMOCRATA,,35,280002548139,WILSON GRASSI JUNIOR,VETERINÁRIO WILSON GRASSI,13/03/1970,11,Válido,nao,,1,0.05,0.048192771,SUÊD HAIDAR NOGUEIRA,SUÊD HAIDAR,DEMOCRATA,v,,,,,04/10/2026 17:38:24,sim
1,04/10/2026,6257,Presidente,1,municipio,TO,73415,1718709,RIO DOS BOIS,,,,,PARTIDO MISSÃO,i,MISSÃO,0,14,MISSÃO,PARTIDO MISSÃO,,14,280002540694,RENAN ANTONIO FERREIRA DOS SANTOS,RENAN SANTOS,14/02/1984,5,Válido,nao,,13,0.63,0.626506024,AROLDO MEDINA,CORONEL MEDINA,MISSÃO,v,,,,,04/10/2026 17:38:24,sim
1,04/10/2026,6257,Presidente,1,municipio,TO,73415,1718709,RIO DOS BOIS,,,,,PARTIDO DA CAUSA OPERÁRIA,i,PCO,0,29,PCO,PARTIDO DA CAUSA OPERÁRIA,,29,280002552487,RUI COSTA PIMENTA,RUI COSTA PIMENTA,25/06/1957,12,Válido,nao,,0,0.00,0,ANTONIO CARLOS SILVA,ANTÔNIO CARLOS,PCO,v,,,,,04/10/2026 17:38:24,sim
1,04/10/2026,6257,Presidente,1,municipio,TO,73423,1703891,CARRASCO BONITO,,,,,PARTIDO LIBERAL,i,PL,0,22,PL,PARTIDO LIBERAL,,22,280002551544,FLAVIO NANTES BOLSONARO,FLAVIO BOLSONARO,30/04/1981,1,Válido,nao,,1031,38.53,38.527653214,ALFREDO GASPAR DE MENDONÇA NETO,ALFREDO GASPAR,PL,v,,,,,04/10/2026 19:07:10,sim
1,04/10/2026,6257,Presidente,1,municipio,TO,73423,1703891,CARRASCO BONITO,,,,,PARTIDO SOCIAL DEMOCRÁTICO,i,PSD,0,55,PSD,PARTIDO SOCIAL DEMOCRÁTICO,,55,280002551932,RONALDO RAMOS CAIADO,RONALDO CAIADO,25/09/1949,4,Válido,nao,,9,0.34,0.336322870,GILBERTO KASSAB,GILBERTO KASSAB,PSD,v,,,,,04/10/2026 19:07:10,sim
1,04/10/2026,6257,Presidente,1,municipio,TO,73423,1703891,CARRASCO BONITO,,PT/PC do B/PV,FEDERAÇÃO BRASIL DA ESPERANÇA - FE BRASIL,PT/PC do B/PV,BRASIL PRONTO PRA MAIS,c,PSB / PDT / PCDOB / PT / PV / PSOL / REDE,,13,PT,PARTIDO DOS TRABALHADORES,101,13,280002542548,LUIZ INÁCIO LULA DA SILVA,LULA,06/10/1945,2,Válido,nao,,1575,58.86,58.856502242,GERALDO JOSE RODRIGUES ALCKMIN FILHO,GERALDO ALCKMIN,PSB,v,,,,,04/10/2026 19:07:10,sim
1,04/10/2026,6257,Presidente,1,municipio,TO,73423,1703891,CARRASCO BONITO,,,,,DEMOCRACIA CRISTÃ,i,DC,0,27,DC,DEMOCRACIA CRISTÃ,,27,280002552484,CLARIANA ZACARKIM BARAO,CLARIANA BARAO,03/04/1987,9,Válido,nao,,0,0.00,0,FABIANA CRISTINA TAVARES TORQUATO,FABIANA TORQUATO,DC,v,,,,,04/10/2026 19:07:10,sim
1,04/10/2026,6257,Presidente,1,municipio,TO,73423,1703891,CARRASCO BONITO,,,,,PARTIDO COMUNISTA BRASILEIRO,i,PCB,0,21,PCB,PARTIDO COMUNISTA BRASILEIRO,,21,280002551975,EDMILSON SILVA COSTA,EDMILSON COSTA,08/04/1950,10,Válido,nao,,0,0.00,0,CLEUSA DOS SANTOS,CLEUSA SANTOS,PCB,v,,,,,04/10/2026 19:07:10,sim
1,04/10/2026,6257,Presidente,1,municipio,TO,73423,1703891,CARRASCO BONITO,,,,,PARTIDO SOCIALISTA  DOS TRABALHADORES UNIFICADO,i,PSTU,0,16,PSTU,PARTIDO SOCIALISTA  DOS TRABALHADORES UNIFICADO,,16,280002541457,HERTZ DA CONCEICAO DIAS,HERTZ DIAS,20/10/1970,8,Válido,nao,,0,0.00,0,VANESSA PORTUGAL BARBOSA,VANESSA PORTUGAL,PSTU,v,,,,,04/10/2026 19:07:10,sim
1,04/10/2026,6257,Presidente,1,municipio,TO,73423,1703891,CARRASCO BONITO,,,,,BRASIL DOS NOSSOS SONHOS,c,AGIR / AVANTE,,70,AVANTE,AVANTE,,70,280002551547,AUGUSTO JORGE CURY,ESCRITOR AUGUSTO CURY,02/10/1958,3,Válido,nao,,34,1.27,1.270553064,JULIO CESAR DELGADO,JÚLIO DELGADO,AVANTE,v,,,,,04/10/2026 19:07:10,sim
1,04/10/2026,6257,Presidente,1,municipio,TO,73423,1703891,CARRASCO BONITO,,,,,PARTIDO NOVO,i,NOVO,0,30,NOVO,PARTIDO NOVO,,30,280002539826,ROMEU ZEMA NETO,ZEMA,28/10/1964,6,Válido,nao,,1,0.04,0.037369208,LUIS EDUARDO GRANGEIRO GIRÃO,EDUARDO GIRÃO,NOVO,v,,,,,04/10/2026 19:07:10,sim
1,04/10/2026,6257,Presidente,1,municipio,TO,73423,1703891,CARRASCO BONITO,,,,,UNIDADE POPULAR,i,UP,0,80,UP,UNIDADE POPULAR,,80,280002538811,SAMARA MARTINS DA SILVA FEITOSA,SAMARA,31/08/1987,7,Válido,nao,,0,0.00,0,RAQUEL NONATO DE BRICIO,RAQUEL BRÍCIO,UP,v,,,,,04/10/2026 19:07:10,sim
1,04/10/2026,6257,Presidente,1,municipio,TO,73423,1703891,CARRASCO BONITO,,,,,DEMOCRATA,i,DEMOCRATA,0,35,DEMOCRATA,DEMOCRATA,,35,280002548139,WILSON GRASSI JUNIOR,VETERINÁRIO WILSON GRASSI,13/03/1970,11,Válido,nao,,1,0.04,0.037369208,SUÊD HAIDAR NOGUEIRA,SUÊD HAIDAR,DEMOCRATA,v,,,,,04/10/2026 19:07:10,sim
1,04/10/2026,6257,Presidente,1,municipio,TO,73423,1703891,CARRASCO BONITO,,,,,PARTIDO MISSÃO,i,MISSÃO,0,14,MISSÃO,PARTIDO MISSÃO,,14,280002540694,RENAN ANTONIO FERREIRA DOS SANTOS,RENAN SANTOS,14/02/1984,5,Válido,nao,,25,0.93,0.934230194,AROLDO MEDINA,CORONEL MEDINA,MISSÃO,v,,,,,04/10/2026 19:07:10,sim
1,04/10/2026,6257,Presidente,1,municipio,TO,73423,1703891,CARRASCO BONITO,,,,,PARTIDO DA CAUSA OPERÁRIA,i,PCO,0,29,PCO,PARTIDO DA CAUSA OPERÁRIA,,29,280002552487,RUI COSTA PIMENTA,RUI COSTA PIMENTA,25/06/1957,12,Válido,nao,,0,0.00,0,ANTONIO CARLOS SILVA,ANTÔNIO CARLOS,PCO,v,,,,,04/10/2026 19:07:10,sim
1,04/10/2026,6257,Presidente,1,municipio,TO,73431,1718659,RIO DA CONCEIÇÃO,,,,,PARTIDO LIBERAL,i,PL,0,22,PL,PARTIDO LIBERAL,,22,280002551544,FLAVIO NANTES BOLSONARO,FLAVIO BOLSONARO,30/04/1981,1,Válido,nao,,527,34.69,34.693877551,ALFREDO GASPAR DE MENDONÇA NETO,ALFREDO GASPAR,PL,v,,,,,04/10/2026 17:39:55,sim
1,04/10/2026,6257,Presidente,1,municipio,TO,73431,1718659,RIO DA CONCEIÇÃO,,,,,PARTIDO SOCIAL DEMOCRÁTICO,i,PSD,0,55,PSD,PARTIDO SOCIAL DEMOCRÁTICO,,55,280002551932,RONALDO RAMOS CAIADO,RONALDO CAIADO,25/09/1949,4,Válido,nao,,40,2.63,2.633311389,GILBERTO KASSAB,GILBERTO KASSAB,PSD,v,,,,,04/10/2026 17:39:55,sim
1,04/10/2026,6257,Presidente,1,municipio,TO,73431,1718659,RIO DA CONCEIÇÃO,,PT/PC do B/PV,FEDERAÇÃO BRASIL DA ESPERANÇA - FE BRASIL,PT/PC do B/PV,BRASIL PRONTO PRA MAIS,c,PSB / PDT / PCDOB / PT / PV / PSOL / REDE,,13,PT,PARTIDO DOS TRABALHADORES,101,13,280002542548,LUIZ INÁCIO LULA DA SILVA,LULA,06/10/1945,2,Válido,nao,,894,58.85,58.854509546,GERALDO JOSE RODRIGUES ALCKMIN FILHO,GERALDO ALCKMIN,PSB,v,,,,,04/10/2026 17:39:55,sim
1,04/10/2026,6257,Presidente,1,municipio,TO,73431,1718659,RIO DA CONCEIÇÃO,,,,,DEMOCRACIA CRISTÃ,i,DC,0,27,DC,DEMOCRACIA CRISTÃ,,27,280002552484,CLARIANA ZACARKIM BARAO,CLARIANA BARAO,03/04/1987,8,Válido,nao,,0,0.00,0,FABIANA CRISTINA TAVARES TORQUATO,FABIANA TORQUATO,DC,v,,,,,04/10/2026 17:39:55,sim
1,04/10/2026,6257,Presidente,1,municipio,TO,73431,1718659,RIO DA CONCEIÇÃO,,,,,PARTIDO COMUNISTA BRASILEIRO,i,PCB,0,21,PCB,PARTIDO COMUNISTA BRASILEIRO,,21,280002551975,EDMILSON SILVA COSTA,EDMILSON COSTA,08/04/1950,10,Válido,nao,,0,0.00,0,CLEUSA DOS SANTOS,CLEUSA SANTOS,PCB,v,,,,,04/10/2026 17:39:55,sim
1,04/10/2026,6257,Presidente,1,municipio,TO,73431,1718659,RIO DA CONCEIÇÃO,,,,,PARTIDO SOCIALISTA  DOS TRABALHADORES UNIFICADO,i,PSTU,0,16,PSTU,PARTIDO SOCIALISTA  DOS TRABALHADORES UNIFICADO,,16,280002541457,HERTZ DA CONCEICAO DIAS,HERTZ DIAS,20/10/1970,9,Válido,nao,,0,0.00,0,VANESSA PORTUGAL BARBOSA,VANESSA PORTUGAL,PSTU,v,,,,,04/10/2026 17:39:55,sim
1,04/10/2026,6257,Presidente,1,municipio,TO,73431,1718659,RIO DA CONCEIÇÃO,,,,,BRASIL DOS NOSSOS SONHOS,c,AGIR / AVANTE,,70,AVANTE,AVANTE,,70,280002551547,AUGUSTO JORGE CURY,ESCRITOR AUGUSTO CURY,02/10/1958,3,Válido,nao,,39,2.57,2.567478604,JULIO CESAR DELGADO,JÚLIO DELGADO,AVANTE,v,,,,,04/10/2026 17:39:55,sim
1,04/10/2026,6257,Presidente,1,municipio,TO,73431,1718659,RIO DA CONCEIÇÃO,,,,,PARTIDO NOVO,i,NOVO,0,30,NOVO,PARTIDO NOVO,,30,280002539826,ROMEU ZEMA NETO,ZEMA,28/10/1964,6,Válido,nao,,2,0.13,0.131665569,LUIS EDUARDO GRANGEIRO GIRÃO,EDUARDO GIRÃO,NOVO,v,,,,,04/10/2026 17:39:55,sim
1,04/10/2026,6257,Presidente,1,municipio,TO,73431,1718659,RIO DA CONCEIÇÃO,,,,,UNIDADE POPULAR,i,UP,0,80,UP,UNIDADE POPULAR,,80,280002538811,SAMARA MARTINS DA SILVA FEITOSA,SAMARA,31/08/1987,7,Válido,nao,,0,0.00,0,RAQUEL NONATO DE BRICIO,RAQUEL BRÍCIO,UP,v,,,,,04/10/2026 17:39:55,sim
1,04/10/2026,6257,Presidente,1,municipio,TO,73431,1718659,RIO DA CONCEIÇÃO,,,,,DEMOCRATA,i,DEMOCRATA,0,35,DEMOCRATA,DEMOCRATA,,35,280002548139,WILSON GRASSI JUNIOR,VETERINÁRIO WILSON GRASSI,13/03/1970,11,Válido,nao,,0,0.00,0,SUÊD HAIDAR NOGUEIRA,SUÊD HAIDAR,DEMOCRATA,v,,,,,04/10/2026 17:39:55,sim
1,04/10/2026,6257,Presidente,1,municipio,TO,73431,1718659,RIO DA CONCEIÇÃO,,,,,PARTIDO MISSÃO,i,MISSÃO,0,14,MISSÃO,PARTIDO MISSÃO,,14,280002540694,RENAN ANTONIO FERREIRA DOS SANTOS,RENAN SANTOS,14/02/1984,5,Válido,nao,,16,1.05,1.053324556,AROLDO MEDINA,CORONEL MEDINA,MISSÃO,v,,,,,04/10/2026 17:39:55,sim
1,04/10/2026,6257,Presidente,1,municipio,TO,73431,1718659,RIO DA CONCEIÇÃO,,,,,PARTIDO DA CAUSA OPERÁRIA,i,PCO,0,29,PCO,PARTIDO DA CAUSA OPERÁRIA,,29,280002552487,RUI COSTA PIMENTA,RUI COSTA PIMENTA,25/06/1957,12,Válido,nao,,1,0.07,0.065832785,ANTONIO CARLOS SILVA,ANTÔNIO CARLOS,PCO,v,,,,,04/10/2026 17:39:55,sim
1,04/10/2026,6257,Presidente,1,municipio,TO,73440,1721000,PALMAS,,,,,PARTIDO LIBERAL,i,PL,0,22,PL,PARTIDO LIBERAL,,22,280002551544,FLAVIO NANTES BOLSONARO,FLAVIO BOLSONARO,30/04/1981,1,Válido,nao,,103652,58.26,58.255679327,ALFREDO GASPAR DE MENDONÇA NETO,ALFREDO GASPAR,PL,v,,,,,04/10/2026 20:07:31,sim
1,04/10/2026,6257,Presidente,1,municipio,TO,73440,1721000,PALMAS,,,,,PARTIDO SOCIAL DEMOCRÁTICO,i,PSD,0,55,PSD,PARTIDO SOCIAL DEMOCRÁTICO,,55,280002551932,RONALDO RAMOS CAIADO,RONALDO CAIADO,25/09/1949,5,Válido,nao,,4333,2.44,2.435282084,GILBERTO KASSAB,GILBERTO KASSAB,PSD,v,,,,,04/10/2026 20:07:31,sim
1,04/10/2026,6257,Presidente,1,municipio,TO,73440,1721000,PALMAS,,PT/PC do B/PV,FEDERAÇÃO BRASIL DA ESPERANÇA - FE BRASIL,PT/PC do B/PV,BRASIL PRONTO PRA MAIS,c,PSB / PDT / PCDOB / PT / PV / PSOL / REDE,,13,PT,PARTIDO DOS TRABALHADORES,101,13,280002542548,LUIZ INÁCIO LULA DA SILVA,LULA,06/10/1945,2,Válido,nao,,59524,33.45,33.454357429,GERALDO JOSE RODRIGUES ALCKMIN FILHO,GERALDO ALCKMIN,PSB,v,,,,,04/10/2026 20:07:31,sim
1,04/10/2026,6257,Presidente,1,municipio,TO,73440,1721000,PALMAS,,,,,DEMOCRACIA CRISTÃ,i,DC,0,27,DC,DEMOCRACIA CRISTÃ,,27,280002552484,CLARIANA ZACARKIM BARAO,CLARIANA BARAO,03/04/1987,9,Válido,nao,,49,0.03,0.027539539,FABIANA CRISTINA TAVARES TORQUATO,FABIANA TORQUATO,DC,v,,,,,04/10/2026 20:07:31,sim
1,04/10/2026,6257,Presidente,1,municipio,TO,73440,1721000,PALMAS,,,,,PARTIDO COMUNISTA BRASILEIRO,i,PCB,0,21,PCB,PARTIDO COMUNISTA BRASILEIRO,,21,280002551975,EDMILSON SILVA COSTA,EDMILSON COSTA,08/04/1950,10,Válido,nao,,20,0.01,0.011240628,CLEUSA DOS SANTOS,CLEUSA SANTOS,PCB,v,,,,,04/10/2026 20:07:31,sim
1,04/10/2026,6257,Presidente,1,municipio,TO,73440,1721000,PALMAS,,,,,PARTIDO SOCIALISTA  DOS TRABALHADORES UNIFICADO,i,PSTU,0,16,PSTU,PARTIDO SOCIALISTA  DOS TRABALHADORES UNIFICADO,,16,280002541457,HERTZ DA CONCEICAO DIAS,HERTZ DIAS,20/10/1970,8,Válido,nao,,42,0.02,0.023605319,VANESSA PORTUGAL BARBOSA,VANESSA PORTUGAL,PSTU,v,,,,,04/10/2026 20:07:31,sim
1,04/10/2026,6257,Presidente,1,municipio,TO,73440,1721000,PALMAS,,,,,BRASIL DOS NOSSOS SONHOS,c,AGIR / AVANTE,,70,AVANTE,AVANTE,,70,280002551547,AUGUSTO JORGE CURY,ESCRITOR AUGUSTO CURY,02/10/1958,3,Válido,nao,,5737,3.22,3.224374178,JULIO CESAR DELGADO,JÚLIO DELGADO,AVANTE,v,,,,,04/10/2026 20:07:31,sim
1,04/10/2026,6257,Presidente,1,municipio,TO,73440,1721000,PALMAS,,,,,PARTIDO NOVO,i,NOVO,0,30,NOVO,PARTIDO NOVO,,30,280002539826,ROMEU ZEMA NETO,ZEMA,28/10/1964,6,Válido,nao,,245,0.14,0.137697695,LUIS EDUARDO GRANGEIRO GIRÃO,EDUARDO GIRÃO,NOVO,v,,,,,04/10/2026 20:07:31,sim
1,04/10/2026,6257,Presidente,1,municipio,TO,73440,1721000,PALMAS,,,,,UNIDADE POPULAR,i,UP,0,80,UP,UNIDADE POPULAR,,80,280002538811,SAMARA MARTINS DA SILVA FEITOSA,SAMARA,31/08/1987,7,Válido,nao,,133,0.07,0.074750177,RAQUEL NONATO DE BRICIO,RAQUEL BRÍCIO,UP,v,,,,,04/10/2026 20:07:31,sim
1,04/10/2026,6257,Presidente,1,municipio,TO,73440,1721000,PALMAS,,,,,DEMOCRATA,i,DEMOCRATA,0,35,DEMOCRATA,DEMOCRATA,,35,280002548139,WILSON GRASSI JUNIOR,VETERINÁRIO WILSON GRASSI,13/03/1970,11,Válido,nao,,15,0.01,0.008430471,SUÊD HAIDAR NOGUEIRA,SUÊD HAIDAR,DEMOCRATA,v,,,,,04/10/2026 20:07:31,sim
1,04/10/2026,6257,Presidente,1,municipio,TO,73440,1721000,PALMAS,,,,,PARTIDO MISSÃO,i,MISSÃO,0,14,MISSÃO,PARTIDO MISSÃO,,14,280002540694,RENAN ANTONIO FERREIRA DOS SANTOS,RENAN SANTOS,14/02/1984,4,Válido,nao,,4164,2.34,2.340298776,AROLDO MEDINA,CORONEL MEDINA,MISSÃO,v,,,,,04/10/2026 20:07:31,sim
1,04/10/2026,6257,Presidente,1,municipio,TO,73440,1721000,PALMAS,,,,,PARTIDO DA CAUSA OPERÁRIA,i,PCO,0,29,PCO,PARTIDO DA CAUSA OPERÁRIA,,29,280002552487,RUI COSTA PIMENTA,RUI COSTA PIMENTA,25/06/1957,12,Válido,nao,,12,0.01,0.006744377,ANTONIO CARLOS SILVA,ANTÔNIO CARLOS,PCO,v,,,,,04/10/2026 20:07:31,sim
1,04/10/2026,6257,Presidente,1,municipio,TO,73458,1721257,TUPIRAMA,,,,,PARTIDO LIBERAL,i,PL,0,22,PL,PARTIDO LIBERAL,,22,280002551544,FLAVIO NANTES BOLSONARO,FLAVIO BOLSONARO,30/04/1981,1,Válido,nao,,619,42.72,42.719116632,ALFREDO GASPAR DE MENDONÇA NETO,ALFREDO GASPAR,PL,v,,,,,04/10/2026 17:36:54,sim
1,04/10/2026,6257,Presidente,1,municipio,TO,73458,1721257,TUPIRAMA,,,,,PARTIDO SOCIAL DEMOCRÁTICO,i,PSD,0,55,PSD,PARTIDO SOCIAL DEMOCRÁTICO,,55,280002551932,RONALDO RAMOS CAIADO,RONALDO CAIADO,25/09/1949,4,Válido,nao,,19,1.31,1.311249137,GILBERTO KASSAB,GILBERTO KASSAB,PSD,v,,,,,04/10/2026 17:36:54,sim
1,04/10/2026,6257,Presidente,1,municipio,TO,73458,1721257,TUPIRAMA,,PT/PC do B/PV,FEDERAÇÃO BRASIL DA ESPERANÇA - FE BRASIL,PT/PC do B/PV,BRASIL PRONTO PRA MAIS,c,PSB / PDT / PCDOB / PT / PV / PSOL / REDE,,13,PT,PARTIDO DOS TRABALHADORES,101,13,280002542548,LUIZ INÁCIO LULA DA SILVA,LULA,06/10/1945,2,Válido,nao,,770,53.14,53.140096618,GERALDO JOSE RODRIGUES ALCKMIN FILHO,GERALDO ALCKMIN,PSB,v,,,,,04/10/2026 17:36:54,sim
1,04/10/2026,6257,Presidente,1,municipio,TO,73458,1721257,TUPIRAMA,,,,,DEMOCRACIA CRISTÃ,i,DC,0,27,DC,DEMOCRACIA CRISTÃ,,27,280002552484,CLARIANA ZACARKIM BARAO,CLARIANA BARAO,03/04/1987,8,Válido,nao,,1,0.07,0.069013112,FABIANA CRISTINA TAVARES TORQUATO,FABIANA TORQUATO,DC,v,,,,,04/10/2026 17:36:54,sim
1,04/10/2026,6257,Presidente,1,municipio,TO,73458,1721257,TUPIRAMA,,,,,PARTIDO COMUNISTA BRASILEIRO,i,PCB,0,21,PCB,PARTIDO COMUNISTA BRASILEIRO,,21,280002551975,EDMILSON SILVA COSTA,EDMILSON COSTA,08/04/1950,10,Válido,nao,,0,0.00,0,CLEUSA DOS SANTOS,CLEUSA SANTOS,PCB,v,,,,,04/10/2026 17:36:54,sim
1,04/10/2026,6257,Presidente,1,municipio,TO,73458,1721257,TUPIRAMA,,,,,PARTIDO SOCIALISTA  DOS TRABALHADORES UNIFICADO,i,PSTU,0,16,PSTU,PARTIDO SOCIALISTA  DOS TRABALHADORES UNIFICADO,,16,280002541457,HERTZ DA CONCEICAO DIAS,HERTZ DIAS,20/10/1970,9,Válido,nao,,0,0.00,0,VANESSA PORTUGAL BARBOSA,VANESSA PORTUGAL,PSTU,v,,,,,04/10/2026 17:36:54,sim
1,04/10/2026,6257,Presidente,1,municipio,TO,73458,1721257,TUPIRAMA,,,,,BRASIL DOS NOSSOS SONHOS,c,AGIR / AVANTE,,70,AVANTE,AVANTE,,70,280002551547,AUGUSTO JORGE CURY,ESCRITOR AUGUSTO CURY,02/10/1958,3,Válido,nao,,28,1.93,1.932367150,JULIO CESAR DELGADO,JÚLIO DELGADO,AVANTE,v,,,,,04/10/2026 17:36:54,sim
1,04/10/2026,6257,Presidente,1,municipio,TO,73458,1721257,TUPIRAMA,,,,,PARTIDO NOVO,i,NOVO,0,30,NOVO,PARTIDO NOVO,,30,280002539826,ROMEU ZEMA NETO,ZEMA,28/10/1964,6,Válido,nao,,1,0.07,0.069013112,LUIS EDUARDO GRANGEIRO GIRÃO,EDUARDO GIRÃO,NOVO,v,,,,,04/10/2026 17:36:54,sim
1,04/10/2026,6257,Presidente,1,municipio,TO,73458,1721257,TUPIRAMA,,,,,UNIDADE POPULAR,i,UP,0,80,UP,UNIDADE POPULAR,,80,280002538811,SAMARA MARTINS DA SILVA FEITOSA,SAMARA,31/08/1987,7,Válido,nao,,0,0.00,0,RAQUEL NONATO DE BRICIO,RAQUEL BRÍCIO,UP,v,,,,,04/10/2026 17:36:54,sim
1,04/10/2026,6257,Presidente,1,municipio,TO,73458,1721257,TUPIRAMA,,,,,DEMOCRATA,i,DEMOCRATA,0,35,DEMOCRATA,DEMOCRATA,,35,280002548139,WILSON GRASSI JUNIOR,VETERINÁRIO WILSON GRASSI,13/03/1970,11,Válido,nao,,0,0.00,0,SUÊD HAIDAR NOGUEIRA,SUÊD HAIDAR,DEMOCRATA,v,,,,,04/10/2026 17:36:54,sim
1,04/10/2026,6257,Presidente,1,municipio,TO,73458,1721257,TUPIRAMA,,,,,PARTIDO MISSÃO,i,MISSÃO,0,14,MISSÃO,PARTIDO MISSÃO,,14,280002540694,RENAN ANTONIO FERREIRA DOS SANTOS,RENAN SANTOS,14/02/1984,5,Válido,nao,,11,0.76,0.759144237,AROLDO MEDINA,CORONEL MEDINA,MISSÃO,v,,,,,04/10/2026 17:36:54,sim
1,04/10/2026,6257,Presidente,1,municipio,TO,73458,1721257,TUPIRAMA,,,,,PARTIDO DA CAUSA OPERÁRIA,i,PCO,0,29,PCO,PARTIDO DA CAUSA OPERÁRIA,,29,280002552487,RUI COSTA PIMENTA,RUI COSTA PIMENTA,25/06/1957,12,Válido,nao,,0,0.00,0,ANTONIO CARLOS SILVA,ANTÔNIO CARLOS,PCO,v,,,,,04/10/2026 17:36:54,sim
1,04/10/2026,6257,Presidente,1,municipio,TO,73466,1715507,OLIVEIRA DE FÁTIMA,,,,,PARTIDO LIBERAL,i,PL,0,22,PL,PARTIDO LIBERAL,,22,280002551544,FLAVIO NANTES BOLSONARO,FLAVIO BOLSONARO,30/04/1981,1,Válido,nao,,657,48.81,48.811292719,ALFREDO GASPAR DE MENDONÇA NETO,ALFREDO GASPAR,PL,v,,,,,04/10/2026 18:28:20,sim
1,04/10/2026,6257,Presidente,1,municipio,TO,73466,1715507,OLIVEIRA DE FÁTIMA,,,,,PARTIDO SOCIAL DEMOCRÁTICO,i,PSD,0,55,PSD,PARTIDO SOCIAL DEMOCRÁTICO,,55,280002551932,RONALDO RAMOS CAIADO,RONALDO CAIADO,25/09/1949,4,Válido,nao,,22,1.63,1.634472511,GILBERTO KASSAB,GILBERTO KASSAB,PSD,v,,,,,04/10/2026 18:28:20,sim
1,04/10/2026,6257,Presidente,1,municipio,TO,73466,1715507,OLIVEIRA DE FÁTIMA,,PT/PC do B/PV,FEDERAÇÃO BRASIL DA ESPERANÇA - FE BRASIL,PT/PC do B/PV,BRASIL PRONTO PRA MAIS,c,PSB / PDT / PCDOB / PT / PV / PSOL / REDE,,13,PT,PARTIDO DOS TRABALHADORES,101,13,280002542548,LUIZ INÁCIO LULA DA SILVA,LULA,06/10/1945,2,Válido,nao,,632,46.95,46.953937593,GERALDO JOSE RODRIGUES ALCKMIN FILHO,GERALDO ALCKMIN,PSB,v,,,,,04/10/2026 18:28:20,sim
1,04/10/2026,6257,Presidente,1,municipio,TO,73466,1715507,OLIVEIRA DE FÁTIMA,,,,,DEMOCRACIA CRISTÃ,i,DC,0,27,DC,DEMOCRACIA CRISTÃ,,27,280002552484,CLARIANA ZACARKIM BARAO,CLARIANA BARAO,03/04/1987,8,Válido,nao,,0,0.00,0,FABIANA CRISTINA TAVARES TORQUATO,FABIANA TORQUATO,DC,v,,,,,04/10/2026 18:28:20,sim
1,04/10/2026,6257,Presidente,1,municipio,TO,73466,1715507,OLIVEIRA DE FÁTIMA,,,,,PARTIDO COMUNISTA BRASILEIRO,i,PCB,0,21,PCB,PARTIDO COMUNISTA BRASILEIRO,,21,280002551975,EDMILSON SILVA COSTA,EDMILSON COSTA,08/04/1950,10,Válido,nao,,0,0.00,0,CLEUSA DOS SANTOS,CLEUSA SANTOS,PCB,v,,,,,04/10/2026 18:28:20,sim
1,04/10/2026,6257,Presidente,1,municipio,TO,73466,1715507,OLIVEIRA DE FÁTIMA,,,,,PARTIDO SOCIALISTA  DOS TRABALHADORES UNIFICADO,i,PSTU,0,16,PSTU,PARTIDO SOCIALISTA  DOS TRABALHADORES UNIFICADO,,16,280002541457,HERTZ DA CONCEICAO DIAS,HERTZ DIAS,20/10/1970,9,Válido,nao,,0,0.00,0,VANESSA PORTUGAL BARBOSA,VANESSA PORTUGAL,PSTU,v,,,,,04/10/2026 18:28:20,sim
1,04/10/2026,6257,Presidente,1,municipio,TO,73466,1715507,OLIVEIRA DE FÁTIMA,,,,,BRASIL DOS NOSSOS SONHOS,c,AGIR / AVANTE,,70,AVANTE,AVANTE,,70,280002551547,AUGUSTO JORGE CURY,ESCRITOR AUGUSTO CURY,02/10/1958,3,Válido,nao,,22,1.63,1.634472511,JULIO CESAR DELGADO,JÚLIO DELGADO,AVANTE,v,,,,,04/10/2026 18:28:20,sim
1,04/10/2026,6257,Presidente,1,municipio,TO,73466,1715507,OLIVEIRA DE FÁTIMA,,,,,PARTIDO NOVO,i,NOVO,0,30,NOVO,PARTIDO NOVO,,30,280002539826,ROMEU ZEMA NETO,ZEMA,28/10/1964,6,Válido,nao,,0,0.00,0,LUIS EDUARDO GRANGEIRO GIRÃO,EDUARDO GIRÃO,NOVO,v,,,,,04/10/2026 18:28:20,sim
1,04/10/2026,6257,Presidente,1,municipio,TO,73466,1715507,OLIVEIRA DE FÁTIMA,,,,,UNIDADE POPULAR,i,UP,0,80,UP,UNIDADE POPULAR,,80,280002538811,SAMARA MARTINS DA SILVA FEITOSA,SAMARA,31/08/1987,7,Válido,nao,,0,0.00,0,RAQUEL NONATO DE BRICIO,RAQUEL BRÍCIO,UP,v,,,,,04/10/2026 18:28:20,sim
1,04/10/2026,6257,Presidente,1,municipio,TO,73466,1715507,OLIVEIRA DE FÁTIMA,,,,,DEMOCRATA,i,DEMOCRATA,0,35,DEMOCRATA,DEMOCRATA,,35,280002548139,WILSON GRASSI JUNIOR,VETERINÁRIO WILSON GRASSI,13/03/1970,11,Válido,nao,,0,0.00,0,SUÊD HAIDAR NOGUEIRA,SUÊD HAIDAR,DEMOCRATA,v,,,,,04/10/2026 18:28:20,sim
1,04/10/2026,6257,Presidente,1,municipio,TO,73466,1715507,OLIVEIRA DE FÁTIMA,,,,,PARTIDO MISSÃO,i,MISSÃO,0,14,MISSÃO,PARTIDO MISSÃO,,14,280002540694,RENAN ANTONIO FERREIRA DOS SANTOS,RENAN SANTOS,14/02/1984,5,Válido,nao,,13,0.97,0.965824666,AROLDO MEDINA,CORONEL MEDINA,MISSÃO,v,,,,,04/10/2026 18:28:20,sim
1,04/10/2026,6257,Presidente,1,municipio,TO,73466,1715507,OLIVEIRA DE FÁTIMA,,,,,PARTIDO DA CAUSA OPERÁRIA,i,PCO,0,29,PCO,PARTIDO DA CAUSA OPERÁRIA,,29,280002552487,RUI COSTA PIMENTA,RUI COSTA PIMENTA,25/06/1957,12,Válido,nao,,0,0.00,0,ANTONIO CARLOS SILVA,ANTÔNIO CARLOS,PCO,v,,,,,04/10/2026 18:28:20,sim
1,04/10/2026,6257,Presidente,1,municipio,TO,73474,1704600,CHAPADA DE AREIA,,,,,PARTIDO LIBERAL,i,PL,0,22,PL,PARTIDO LIBERAL,,22,280002551544,FLAVIO NANTES BOLSONARO,FLAVIO BOLSONARO,30/04/1981,1,Válido,nao,,1063,54.15,54.151808456,ALFREDO GASPAR DE MENDONÇA NETO,ALFREDO GASPAR,PL,v,,,,,04/10/2026 18:31:51,sim
1,04/10/2026,6257,Presidente,1,municipio,TO,73474,1704600,CHAPADA DE AREIA,,,,,PARTIDO SOCIAL DEMOCRÁTICO,i,PSD,0,55,PSD,PARTIDO SOCIAL DEMOCRÁTICO,,55,280002551932,RONALDO RAMOS CAIADO,RONALDO CAIADO,25/09/1949,4,Válido,nao,,53,2.70,2.699949058,GILBERTO KASSAB,GILBERTO KASSAB,PSD,v,,,,,04/10/2026 18:31:51,sim
1,04/10/2026,6257,Presidente,1,municipio,TO,73474,1704600,CHAPADA DE AREIA,,PT/PC do B/PV,FEDERAÇÃO BRASIL DA ESPERANÇA - FE BRASIL,PT/PC do B/PV,BRASIL PRONTO PRA MAIS,c,PSB / PDT / PCDOB / PT / PV / PSOL / REDE,,13,PT,PARTIDO DOS TRABALHADORES,101,13,280002542548,LUIZ INÁCIO LULA DA SILVA,LULA,06/10/1945,2,Válido,nao,,767,39.07,39.072847682,GERALDO JOSE RODRIGUES ALCKMIN FILHO,GERALDO ALCKMIN,PSB,v,,,,,04/10/2026 18:31:51,sim
1,04/10/2026,6257,Presidente,1,municipio,TO,73474,1704600,CHAPADA DE AREIA,,,,,DEMOCRACIA CRISTÃ,i,DC,0,27,DC,DEMOCRACIA CRISTÃ,,27,280002552484,CLARIANA ZACARKIM BARAO,CLARIANA BARAO,03/04/1987,8,Válido,nao,,1,0.05,0.050942435,FABIANA CRISTINA TAVARES TORQUATO,FABIANA TORQUATO,DC,v,,,,,04/10/2026 18:31:51,sim
1,04/10/2026,6257,Presidente,1,municipio,TO,73474,1704600,CHAPADA DE AREIA,,,,,PARTIDO COMUNISTA BRASILEIRO,i,PCB,0,21,PCB,PARTIDO COMUNISTA BRASILEIRO,,21,280002551975,EDMILSON SILVA COSTA,EDMILSON COSTA,08/04/1950,10,Válido,nao,,0,0.00,0,CLEUSA DOS SANTOS,CLEUSA SANTOS,PCB,v,,,,,04/10/2026 18:31:51,sim
1,04/10/2026,6257,Presidente,1,municipio,TO,73474,1704600,CHAPADA DE AREIA,,,,,PARTIDO SOCIALISTA  DOS TRABALHADORES UNIFICADO,i,PSTU,0,16,PSTU,PARTIDO SOCIALISTA  DOS TRABALHADORES UNIFICADO,,16,280002541457,HERTZ DA CONCEICAO DIAS,HERTZ DIAS,20/10/1970,9,Válido,nao,,0,0.00,0,VANESSA PORTUGAL BARBOSA,VANESSA PORTUGAL,PSTU,v,,,,,04/10/2026 18:31:51,sim
1,04/10/2026,6257,Presidente,1,municipio,TO,73474,1704600,CHAPADA DE AREIA,,,,,BRASIL DOS NOSSOS SONHOS,c,AGIR / AVANTE,,70,AVANTE,AVANTE,,70,280002551547,AUGUSTO JORGE CURY,ESCRITOR AUGUSTO CURY,02/10/1958,3,Válido,nao,,65,3.31,3.311258278,JULIO CESAR DELGADO,JÚLIO DELGADO,AVANTE,v,,,,,04/10/2026 18:31:51,sim
1,04/10/2026,6257,Presidente,1,municipio,TO,73474,1704600,CHAPADA DE AREIA,,,,,PARTIDO NOVO,i,NOVO,0,30,NOVO,PARTIDO NOVO,,30,280002539826,ROMEU ZEMA NETO,ZEMA,28/10/1964,6,Válido,nao,,0,0.00,0,LUIS EDUARDO GRANGEIRO GIRÃO,EDUARDO GIRÃO,NOVO,v,,,,,04/10/2026 18:31:51,sim
1,04/10/2026,6257,Presidente,1,municipio,TO,73474,1704600,CHAPADA DE AREIA,,,,,UNIDADE POPULAR,i,UP,0,80,UP,UNIDADE POPULAR,,80,280002538811,SAMARA MARTINS DA SILVA FEITOSA,SAMARA,31/08/1987,7,Válido,nao,,1,0.05,0.050942435,RAQUEL NONATO DE BRICIO,RAQUEL BRÍCIO,UP,v,,,,,04/10/2026 18:31:51,sim
1,04/10/2026,6257,Presidente,1,municipio,TO,73474,1704600,CHAPADA DE AREIA,,,,,DEMOCRATA,i,DEMOCRATA,0,35,DEMOCRATA,DEMOCRATA,,35,280002548139,WILSON GRASSI JUNIOR,VETERINÁRIO WILSON GRASSI,13/03/1970,11,Válido,nao,,0,0.00,0,SUÊD HAIDAR NOGUEIRA,SUÊD HAIDAR,DEMOCRATA,v,,,,,04/10/2026 18:31:51,sim
1,04/10/2026,6257,Presidente,1,municipio,TO,73474,1704600,CHAPADA DE AREIA,,,,,PARTIDO MISSÃO,i,MISSÃO,0,14,MISSÃO,PARTIDO MISSÃO,,14,280002540694,RENAN ANTONIO FERREIRA DOS SANTOS,RENAN SANTOS,14/02/1984,5,Válido,nao,,13,0.66,0.662251656,AROLDO MEDINA,CORONEL MEDINA,MISSÃO,v,,,,,04/10/2026 18:31:51,sim
1,04/10/2026,6257,Presidente,1,municipio,TO,73474,1704600,CHAPADA DE AREIA,,,,,PARTIDO DA CAUSA OPERÁRIA,i,PCO,0,29,PCO,PARTIDO DA CAUSA OPERÁRIA,,29,280002552487,RUI COSTA PIMENTA,RUI COSTA PIMENTA,25/06/1957,12,Válido,nao,,0,0.00,0,ANTONIO CARLOS SILVA,ANTÔNIO CARLOS,PCO,v,,,,,04/10/2026 18:31:51,sim
1,04/10/2026,6257,Presidente,1,municipio,TO,73482,1705102,CHAPADA DA NATIVIDADE,,,,,PARTIDO LIBERAL,i,PL,0,22,PL,PARTIDO LIBERAL,,22,280002551544,FLAVIO NANTES BOLSONARO,FLAVIO BOLSONARO,30/04/1981,1,Válido,nao,,688,29.20,29.202037351,ALFREDO GASPAR DE MENDONÇA NETO,ALFREDO GASPAR,PL,v,,,,,04/10/2026 18:38:43,sim
1,04/10/2026,6257,Presidente,1,municipio,TO,73482,1705102,CHAPADA DA NATIVIDADE,,,,,PARTIDO SOCIAL DEMOCRÁTICO,i,PSD,0,55,PSD,PARTIDO SOCIAL DEMOCRÁTICO,,55,280002551932,RONALDO RAMOS CAIADO,RONALDO CAIADO,25/09/1949,4,Válido,nao,,44,1.87,1.867572156,GILBERTO KASSAB,GILBERTO KASSAB,PSD,v,,,,,04/10/2026 18:38:43,sim
1,04/10/2026,6257,Presidente,1,municipio,TO,73482,1705102,CHAPADA DA NATIVIDADE,,PT/PC do B/PV,FEDERAÇÃO BRASIL DA ESPERANÇA - FE BRASIL,PT/PC do B/PV,BRASIL PRONTO PRA MAIS,c,PSB / PDT / PCDOB / PT / PV / PSOL / REDE,,13,PT,PARTIDO DOS TRABALHADORES,101,13,280002542548,LUIZ INÁCIO LULA DA SILVA,LULA,06/10/1945,2,Válido,nao,,1550,65.79,65.789473684,GERALDO JOSE RODRIGUES ALCKMIN FILHO,GERALDO ALCKMIN,PSB,v,,,,,04/10/2026 18:38:43,sim
1,04/10/2026,6257,Presidente,1,municipio,TO,73482,1705102,CHAPADA DA NATIVIDADE,,,,,PARTIDO SOCIALISTA  DOS TRABALHADORES UNIFICADO,i,PSTU,0,16,PSTU,PARTIDO SOCIALISTA  DOS TRABALHADORES UNIFICADO,,16,280002541457,HERTZ DA CONCEICAO DIAS,HERTZ DIAS,20/10/1970,8,Válido,nao,,0,0.00,0,VANESSA PORTUGAL BARBOSA,VANESSA PORTUGAL,PSTU,v,,,,,04/10/2026 18:38:43,sim
1,04/10/2026,6257,Presidente,1,municipio,TO,73482,1705102,CHAPADA DA NATIVIDADE,,,,,PARTIDO COMUNISTA BRASILEIRO,i,PCB,0,21,PCB,PARTIDO COMUNISTA BRASILEIRO,,21,280002551975,EDMILSON SILVA COSTA,EDMILSON COSTA,08/04/1950,10,Válido,nao,,0,0.00,0,CLEUSA DOS SANTOS,CLEUSA SANTOS,PCB,v,,,,,04/10/2026 18:38:43,sim
1,04/10/2026,6257,Presidente,1,municipio,TO,73482,1705102,CHAPADA DA NATIVIDADE,,,,,DEMOCRACIA CRISTÃ,i,DC,0,27,DC,DEMOCRACIA CRISTÃ,,27,280002552484,CLARIANA ZACARKIM BARAO,CLARIANA BARAO,03/04/1987,9,Válido,nao,,0,0.00,0,FABIANA CRISTINA TAVARES TORQUATO,FABIANA TORQUATO,DC,v,,,,,04/10/2026 18:38:43,sim
1,04/10/2026,6257,Presidente,1,municipio,TO,73482,1705102,CHAPADA DA NATIVIDADE,,,,,PARTIDO NOVO,i,NOVO,0,30,NOVO,PARTIDO NOVO,,30,280002539826,ROMEU ZEMA NETO,ZEMA,28/10/1964,6,Válido,nao,,1,0.04,0.042444822,LUIS EDUARDO GRANGEIRO GIRÃO,EDUARDO GIRÃO,NOVO,v,,,,,04/10/2026 18:38:43,sim
1,04/10/2026,6257,Presidente,1,municipio,TO,73482,1705102,CHAPADA DA NATIVIDADE,,,,,BRASIL DOS NOSSOS SONHOS,c,AGIR / AVANTE,,70,AVANTE,AVANTE,,70,280002551547,AUGUSTO JORGE CURY,ESCRITOR AUGUSTO CURY,02/10/1958,3,Válido,nao,,65,2.76,2.758913413,JULIO CESAR DELGADO,JÚLIO DELGADO,AVANTE,v,,,,,04/10/2026 18:38:43,sim
1,04/10/2026,6257,Presidente,1,municipio,TO,73482,1705102,CHAPADA DA NATIVIDADE,,,,,DEMOCRATA,i,DEMOCRATA,0,35,DEMOCRATA,DEMOCRATA,,35,280002548139,WILSON GRASSI JUNIOR,VETERINÁRIO WILSON GRASSI,13/03/1970,11,Válido,nao,,0,0.00,0,SUÊD HAIDAR NOGUEIRA,SUÊD HAIDAR,DEMOCRATA,v,,,,,04/10/2026 18:38:43,sim
1,04/10/2026,6257,Presidente,1,municipio,TO,73482,1705102,CHAPADA DA NATIVIDADE,,,,,UNIDADE POPULAR,i,UP,0,80,UP,UNIDADE POPULAR,,80,280002538811,SAMARA MARTINS DA SILVA FEITOSA,SAMARA,31/08/1987,7,Válido,nao,,1,0.04,0.042444822,RAQUEL NONATO DE BRICIO,RAQUEL BRÍCIO,UP,v,,,,,04/10/2026 18:38:43,sim
1,04/10/2026,6257,Presidente,1,municipio,TO,73482,1705102,CHAPADA DA NATIVIDADE,,,,,PARTIDO MISSÃO,i,MISSÃO,0,14,MISSÃO,PARTIDO MISSÃO,,14,280002540694,RENAN ANTONIO FERREIRA DOS SANTOS,RENAN SANTOS,14/02/1984,5,Válido,nao,,7,0.30,0.297113752,AROLDO MEDINA,CORONEL MEDINA,MISSÃO,v,,,,,04/10/2026 18:38:43,sim
1,04/10/2026,6257,Presidente,1,municipio,TO,73482,1705102,CHAPADA DA NATIVIDADE,,,,,PARTIDO DA CAUSA OPERÁRIA,i,PCO,0,29,PCO,PARTIDO DA CAUSA OPERÁRIA,,29,280002552487,RUI COSTA PIMENTA,RUI COSTA PIMENTA,25/06/1957,12,Válido,nao,,0,0.00,0,ANTONIO CARLOS SILVA,ANTÔNIO CARLOS,PCO,v,,,,,04/10/2026 18:38:43,sim
1,04/10/2026,6257,Presidente,1,municipio,TO,73504,1720978,TALISMÃ,,,,,PARTIDO LIBERAL,i,PL,0,22,PL,PARTIDO LIBERAL,,22,280002551544,FLAVIO NANTES BOLSONARO,FLAVIO BOLSONARO,30/04/1981,1,Válido,nao,,1008,53.93,53.932584270,ALFREDO GASPAR DE MENDONÇA NETO,ALFREDO GASPAR,PL,v,,,,,04/10/2026 19:23:51,sim
1,04/10/2026,6257,Presidente,1,municipio,TO,73504,1720978,TALISMÃ,,,,,PARTIDO SOCIAL DEMOCRÁTICO,i,PSD,0,55,PSD,PARTIDO SOCIAL DEMOCRÁTICO,,55,280002551932,RONALDO RAMOS CAIADO,RONALDO CAIADO,25/09/1949,5,Válido,nao,,55,2.94,2.942750134,GILBERTO KASSAB,GILBERTO KASSAB,PSD,v,,,,,04/10/2026 19:23:51,sim
1,04/10/2026,6257,Presidente,1,municipio,TO,73504,1720978,TALISMÃ,,PT/PC do B/PV,FEDERAÇÃO BRASIL DA ESPERANÇA - FE BRASIL,PT/PC do B/PV,BRASIL PRONTO PRA MAIS,c,PSB / PDT / PCDOB / PT / PV / PSOL / REDE,,13,PT,PARTIDO DOS TRABALHADORES,101,13,280002542548,LUIZ INÁCIO LULA DA SILVA,LULA,06/10/1945,2,Válido,nao,,763,40.82,40.823970037,GERALDO JOSE RODRIGUES ALCKMIN FILHO,GERALDO ALCKMIN,PSB,v,,,,,04/10/2026 19:23:51,sim
1,04/10/2026,6257,Presidente,1,municipio,TO,73504,1720978,TALISMÃ,,,,,DEMOCRACIA CRISTÃ,i,DC,0,27,DC,DEMOCRACIA CRISTÃ,,27,280002552484,CLARIANA ZACARKIM BARAO,CLARIANA BARAO,03/04/1987,9,Válido,nao,,0,0.00,0,FABIANA CRISTINA TAVARES TORQUATO,FABIANA TORQUATO,DC,v,,,,,04/10/2026 19:23:51,sim
1,04/10/2026,6257,Presidente,1,municipio,TO,73504,1720978,TALISMÃ,,,,,PARTIDO COMUNISTA BRASILEIRO,i,PCB,0,21,PCB,PARTIDO COMUNISTA BRASILEIRO,,21,280002551975,EDMILSON SILVA COSTA,EDMILSON COSTA,08/04/1950,10,Válido,nao,,0,0.00,0,CLEUSA DOS SANTOS,CLEUSA SANTOS,PCB,v,,,,,04/10/2026 19:23:51,sim
1,04/10/2026,6257,Presidente,1,municipio,TO,73504,1720978,TALISMÃ,,,,,PARTIDO SOCIALISTA  DOS TRABALHADORES UNIFICADO,i,PSTU,0,16,PSTU,PARTIDO SOCIALISTA  DOS TRABALHADORES UNIFICADO,,16,280002541457,HERTZ DA CONCEICAO DIAS,HERTZ DIAS,20/10/1970,8,Válido,nao,,0,0.00,0,VANESSA PORTUGAL BARBOSA,VANESSA PORTUGAL,PSTU,v,,,,,04/10/2026 19:23:51,sim
1,04/10/2026,6257,Presidente,1,municipio,TO,73504,1720978,TALISMÃ,,,,,BRASIL DOS NOSSOS SONHOS,c,AGIR / AVANTE,,70,AVANTE,AVANTE,,70,280002551547,AUGUSTO JORGE CURY,ESCRITOR AUGUSTO CURY,02/10/1958,3,Válido,nao,,28,1.50,1.498127341,JULIO CESAR DELGADO,JÚLIO DELGADO,AVANTE,v,,,,,04/10/2026 19:23:51,sim
1,04/10/2026,6257,Presidente,1,municipio,TO,73504,1720978,TALISMÃ,,,,,PARTIDO NOVO,i,NOVO,0,30,NOVO,PARTIDO NOVO,,30,280002539826,ROMEU ZEMA NETO,ZEMA,28/10/1964,6,Válido,nao,,0,0.00,0,LUIS EDUARDO GRANGEIRO GIRÃO,EDUARDO GIRÃO,NOVO,v,,,,,04/10/2026 19:23:51,sim
1,04/10/2026,6257,Presidente,1,municipio,TO,73504,1720978,TALISMÃ,,,,,UNIDADE POPULAR,i,UP,0,80,UP,UNIDADE POPULAR,,80,280002538811,SAMARA MARTINS DA SILVA FEITOSA,SAMARA,31/08/1987,7,Válido,nao,,0,0.00,0,RAQUEL NONATO DE BRICIO,RAQUEL BRÍCIO,UP,v,,,,,04/10/2026 19:23:51,sim
1,04/10/2026,6257,Presidente,1,municipio,TO,73504,1720978,TALISMÃ,,,,,DEMOCRATA,i,DEMOCRATA,0,35,DEMOCRATA,DEMOCRATA,,35,280002548139,WILSON GRASSI JUNIOR,VETERINÁRIO WILSON GRASSI,13/03/1970,11,Válido,nao,,1,0.05,0.053504548,SUÊD HAIDAR NOGUEIRA,SUÊD HAIDAR,DEMOCRATA,v,,,,,04/10/2026 19:23:51,sim
1,04/10/2026,6257,Presidente,1,municipio,TO,73504,1720978,TALISMÃ,,,,,PARTIDO MISSÃO,i,MISSÃO,0,14,MISSÃO,PARTIDO MISSÃO,,14,280002540694,RENAN ANTONIO FERREIRA DOS SANTOS,RENAN SANTOS,14/02/1984,4,Válido,nao,,14,0.75,0.749063670,AROLDO MEDINA,CORONEL MEDINA,MISSÃO,v,,,,,04/10/2026 19:23:51,sim
1,04/10/2026,6257,Presidente,1,municipio,TO,73504,1720978,TALISMÃ,,,,,PARTIDO DA CAUSA OPERÁRIA,i,PCO,0,29,PCO,PARTIDO DA CAUSA OPERÁRIA,,29,280002552487,RUI COSTA PIMENTA,RUI COSTA PIMENTA,25/06/1957,12,Válido,nao,,0,0.00,0,ANTONIO CARLOS SILVA,ANTÔNIO CARLOS,PCO,v,,,,,04/10/2026 19:23:51,sim
1,04/10/2026,6257,Presidente,1,municipio,TO,73512,1700301,AGUIARNÓPOLIS,,,,,PARTIDO LIBERAL,i,PL,0,22,PL,PARTIDO LIBERAL,,22,280002551544,FLAVIO NANTES BOLSONARO,FLAVIO BOLSONARO,30/04/1981,1,Válido,nao,,1221,40.06,40.059055118,ALFREDO GASPAR DE MENDONÇA NETO,ALFREDO GASPAR,PL,v,,,,,04/10/2026 18:23:54,sim
1,04/10/2026,6257,Presidente,1,municipio,TO,73512,1700301,AGUIARNÓPOLIS,,,,,PARTIDO SOCIAL DEMOCRÁTICO,i,PSD,0,55,PSD,PARTIDO SOCIAL DEMOCRÁTICO,,55,280002551932,RONALDO RAMOS CAIADO,RONALDO CAIADO,25/09/1949,4,Válido,nao,,30,0.98,0.984251969,GILBERTO KASSAB,GILBERTO KASSAB,PSD,v,,,,,04/10/2026 18:23:54,sim
1,04/10/2026,6257,Presidente,1,municipio,TO,73512,1700301,AGUIARNÓPOLIS,,PT/PC do B/PV,FEDERAÇÃO BRASIL DA ESPERANÇA - FE BRASIL,PT/PC do B/PV,BRASIL PRONTO PRA MAIS,c,PSB / PDT / PCDOB / PT / PV / PSOL / REDE,,13,PT,PARTIDO DOS TRABALHADORES,101,13,280002542548,LUIZ INÁCIO LULA DA SILVA,LULA,06/10/1945,2,Válido,nao,,1660,54.46,54.461942257,GERALDO JOSE RODRIGUES ALCKMIN FILHO,GERALDO ALCKMIN,PSB,v,,,,,04/10/2026 18:23:54,sim
1,04/10/2026,6257,Presidente,1,municipio,TO,73512,1700301,AGUIARNÓPOLIS,,,,,DEMOCRACIA CRISTÃ,i,DC,0,27,DC,DEMOCRACIA CRISTÃ,,27,280002552484,CLARIANA ZACARKIM BARAO,CLARIANA BARAO,03/04/1987,8,Válido,nao,,0,0.00,0,FABIANA CRISTINA TAVARES TORQUATO,FABIANA TORQUATO,DC,v,,,,,04/10/2026 18:23:54,sim
1,04/10/2026,6257,Presidente,1,municipio,TO,73512,1700301,AGUIARNÓPOLIS,,,,,PARTIDO COMUNISTA BRASILEIRO,i,PCB,0,21,PCB,PARTIDO COMUNISTA BRASILEIRO,,21,280002551975,EDMILSON SILVA COSTA,EDMILSON COSTA,08/04/1950,10,Válido,nao,,2,0.07,0.065616798,CLEUSA DOS SANTOS,CLEUSA SANTOS,PCB,v,,,,,04/10/2026 18:23:54,sim
1,04/10/2026,6257,Presidente,1,municipio,TO,73512,1700301,AGUIARNÓPOLIS,,,,,PARTIDO SOCIALISTA  DOS TRABALHADORES UNIFICADO,i,PSTU,0,16,PSTU,PARTIDO SOCIALISTA  DOS TRABALHADORES UNIFICADO,,16,280002541457,HERTZ DA CONCEICAO DIAS,HERTZ DIAS,20/10/1970,9,Válido,nao,,0,0.00,0,VANESSA PORTUGAL BARBOSA,VANESSA PORTUGAL,PSTU,v,,,,,04/10/2026 18:23:54,sim
1,04/10/2026,6257,Presidente,1,municipio,TO,73512,1700301,AGUIARNÓPOLIS,,,,,BRASIL DOS NOSSOS SONHOS,c,AGIR / AVANTE,,70,AVANTE,AVANTE,,70,280002551547,AUGUSTO JORGE CURY,ESCRITOR AUGUSTO CURY,02/10/1958,3,Válido,nao,,76,2.49,2.493438320,JULIO CESAR DELGADO,JÚLIO DELGADO,AVANTE,v,,,,,04/10/2026 18:23:54,sim
1,04/10/2026,6257,Presidente,1,municipio,TO,73512,1700301,AGUIARNÓPOLIS,,,,,PARTIDO NOVO,i,NOVO,0,30,NOVO,PARTIDO NOVO,,30,280002539826,ROMEU ZEMA NETO,ZEMA,28/10/1964,6,Válido,nao,,2,0.07,0.065616798,LUIS EDUARDO GRANGEIRO GIRÃO,EDUARDO GIRÃO,NOVO,v,,,,,04/10/2026 18:23:54,sim
1,04/10/2026,6257,Presidente,1,municipio,TO,73512,1700301,AGUIARNÓPOLIS,,,,,UNIDADE POPULAR,i,UP,0,80,UP,UNIDADE POPULAR,,80,280002538811,SAMARA MARTINS DA SILVA FEITOSA,SAMARA,31/08/1987,7,Válido,nao,,1,0.03,0.032808399,RAQUEL NONATO DE BRICIO,RAQUEL BRÍCIO,UP,v,,,,,04/10/2026 18:23:54,sim
1,04/10/2026,6257,Presidente,1,municipio,TO,73512,1700301,AGUIARNÓPOLIS,,,,,DEMOCRATA,i,DEMOCRATA,0,35,DEMOCRATA,DEMOCRATA,,35,280002548139,WILSON GRASSI JUNIOR,VETERINÁRIO WILSON GRASSI,13/03/1970,11,Válido,nao,,1,0.03,0.032808399,SUÊD HAIDAR NOGUEIRA,SUÊD HAIDAR,DEMOCRATA,v,,,,,04/10/2026 18:23:54,sim
1,04/10/2026,6257,Presidente,1,municipio,TO,73512,1700301,AGUIARNÓPOLIS,,,,,PARTIDO MISSÃO,i,MISSÃO,0,14,MISSÃO,PARTIDO MISSÃO,,14,280002540694,RENAN ANTONIO FERREIRA DOS SANTOS,RENAN SANTOS,14/02/1984,5,Válido,nao,,55,1.80,1.804461942,AROLDO MEDINA,CORONEL MEDINA,MISSÃO,v,,,,,04/10/2026 18:23:54,sim
1,04/10/2026,6257,Presidente,1,municipio,TO,73512,1700301,AGUIARNÓPOLIS,,,,,PARTIDO DA CAUSA OPERÁRIA,i,PCO,0,29,PCO,PARTIDO DA CAUSA OPERÁRIA,,29,280002552487,RUI COSTA PIMENTA,RUI COSTA PIMENTA,25/06/1957,12,Válido,nao,,0,0.00,0,ANTONIO CARLOS SILVA,ANTÔNIO CARLOS,PCO,v,,,,,04/10/2026 18:23:54,sim
1,04/10/2026,6257,Presidente,1,municipio,TO,73520,1712454,LUZINÓPOLIS,,,,,PARTIDO LIBERAL,i,PL,0,22,PL,PARTIDO LIBERAL,,22,280002551544,FLAVIO NANTES BOLSONARO,FLAVIO BOLSONARO,30/04/1981,1,Válido,nao,,870,41.57,41.567128524,ALFREDO GASPAR DE MENDONÇA NETO,ALFREDO GASPAR,PL,v,,,,,04/10/2026 18:42:04,sim
1,04/10/2026,6257,Presidente,1,municipio,TO,73520,1712454,LUZINÓPOLIS,,,,,PARTIDO SOCIAL DEMOCRÁTICO,i,PSD,0,55,PSD,PARTIDO SOCIAL DEMOCRÁTICO,,55,280002551932,RONALDO RAMOS CAIADO,RONALDO CAIADO,25/09/1949,4,Válido,nao,,26,1.24,1.242236025,GILBERTO KASSAB,GILBERTO KASSAB,PSD,v,,,,,04/10/2026 18:42:04,sim
1,04/10/2026,6257,Presidente,1,municipio,TO,73520,1712454,LUZINÓPOLIS,,PT/PC do B/PV,FEDERAÇÃO BRASIL DA ESPERANÇA - FE BRASIL,PT/PC do B/PV,BRASIL PRONTO PRA MAIS,c,PSB / PDT / PCDOB / PT / PV / PSOL / REDE,,13,PT,PARTIDO DOS TRABALHADORES,101,13,280002542548,LUIZ INÁCIO LULA DA SILVA,LULA,06/10/1945,2,Válido,nao,,1109,52.99,52.986144290,GERALDO JOSE RODRIGUES ALCKMIN FILHO,GERALDO ALCKMIN,PSB,v,,,,,04/10/2026 18:42:04,sim
1,04/10/2026,6257,Presidente,1,municipio,TO,73520,1712454,LUZINÓPOLIS,,,,,DEMOCRACIA CRISTÃ,i,DC,0,27,DC,DEMOCRACIA CRISTÃ,,27,280002552484,CLARIANA ZACARKIM BARAO,CLARIANA BARAO,03/04/1987,9,Válido,nao,,0,0.00,0,FABIANA CRISTINA TAVARES TORQUATO,FABIANA TORQUATO,DC,v,,,,,04/10/2026 18:42:04,sim
1,04/10/2026,6257,Presidente,1,municipio,TO,73520,1712454,LUZINÓPOLIS,,,,,PARTIDO COMUNISTA BRASILEIRO,i,PCB,0,21,PCB,PARTIDO COMUNISTA BRASILEIRO,,21,280002551975,EDMILSON SILVA COSTA,EDMILSON COSTA,08/04/1950,10,Válido,nao,,1,0.05,0.047778309,CLEUSA DOS SANTOS,CLEUSA SANTOS,PCB,v,,,,,04/10/2026 18:42:04,sim
1,04/10/2026,6257,Presidente,1,municipio,TO,73520,1712454,LUZINÓPOLIS,,,,,PARTIDO SOCIALISTA  DOS TRABALHADORES UNIFICADO,i,PSTU,0,16,PSTU,PARTIDO SOCIALISTA  DOS TRABALHADORES UNIFICADO,,16,280002541457,HERTZ DA CONCEICAO DIAS,HERTZ DIAS,20/10/1970,8,Válido,nao,,0,0.00,0,VANESSA PORTUGAL BARBOSA,VANESSA PORTUGAL,PSTU,v,,,,,04/10/2026 18:42:04,sim
1,04/10/2026,6257,Presidente,1,municipio,TO,73520,1712454,LUZINÓPOLIS,,,,,BRASIL DOS NOSSOS SONHOS,c,AGIR / AVANTE,,70,AVANTE,AVANTE,,70,280002551547,AUGUSTO JORGE CURY,ESCRITOR AUGUSTO CURY,02/10/1958,3,Válido,nao,,63,3.01,3.010033445,JULIO CESAR DELGADO,JÚLIO DELGADO,AVANTE,v,,,,,04/10/2026 18:42:04,sim
1,04/10/2026,6257,Presidente,1,municipio,TO,73520,1712454,LUZINÓPOLIS,,,,,PARTIDO NOVO,i,NOVO,0,30,NOVO,PARTIDO NOVO,,30,280002539826,ROMEU ZEMA NETO,ZEMA,28/10/1964,6,Válido,nao,,1,0.05,0.047778309,LUIS EDUARDO GRANGEIRO GIRÃO,EDUARDO GIRÃO,NOVO,v,,,,,04/10/2026 18:42:04,sim
1,04/10/2026,6257,Presidente,1,municipio,TO,73520,1712454,LUZINÓPOLIS,,,,,UNIDADE POPULAR,i,UP,0,80,UP,UNIDADE POPULAR,,80,280002538811,SAMARA MARTINS DA SILVA FEITOSA,SAMARA,31/08/1987,7,Válido,nao,,1,0.05,0.047778309,RAQUEL NONATO DE BRICIO,RAQUEL BRÍCIO,UP,v,,,,,04/10/2026 18:42:04,sim
1,04/10/2026,6257,Presidente,1,municipio,TO,73520,1712454,LUZINÓPOLIS,,,,,DEMOCRATA,i,DEMOCRATA,0,35,DEMOCRATA,DEMOCRATA,,35,280002548139,WILSON GRASSI JUNIOR,VETERINÁRIO WILSON GRASSI,13/03/1970,11,Válido,nao,,0,0.00,0,SUÊD HAIDAR NOGUEIRA,SUÊD HAIDAR,DEMOCRATA,v,,,,,04/10/2026 18:42:04,sim
1,04/10/2026,6257,Presidente,1,municipio,TO,73520,1712454,LUZINÓPOLIS,,,,,PARTIDO MISSÃO,i,MISSÃO,0,14,MISSÃO,PARTIDO MISSÃO,,14,280002540694,RENAN ANTONIO FERREIRA DOS SANTOS,RENAN SANTOS,14/02/1984,5,Válido,nao,,22,1.05,1.051122790,AROLDO MEDINA,CORONEL MEDINA,MISSÃO,v,,,,,04/10/2026 18:42:04,sim
1,04/10/2026,6257,Presidente,1,municipio,TO,73520,1712454,LUZINÓPOLIS,,,,,PARTIDO DA CAUSA OPERÁRIA,i,PCO,0,29,PCO,PARTIDO DA CAUSA OPERÁRIA,,29,280002552487,RUI COSTA PIMENTA,RUI COSTA PIMENTA,25/06/1957,12,Válido,nao,,0,0.00,0,ANTONIO CARLOS SILVA,ANTÔNIO CARLOS,PCO,v,,,,,04/10/2026 18:42:04,sim
1,04/10/2026,6257,Presidente,1,municipio,TO,73539,1720002,SANTA TEREZINHA DO TOCANTINS,,,,,PARTIDO LIBERAL,i,PL,0,22,PL,PARTIDO LIBERAL,,22,280002551544,FLAVIO NANTES BOLSONARO,FLAVIO BOLSONARO,30/04/1981,1,Válido,nao,,601,36.67,36.668700427,ALFREDO GASPAR DE MENDONÇA NETO,ALFREDO GASPAR,PL,v,,,,,04/10/2026 19:11:45,sim
1,04/10/2026,6257,Presidente,1,municipio,TO,73539,1720002,SANTA TEREZINHA DO TOCANTINS,,,,,PARTIDO SOCIAL DEMOCRÁTICO,i,PSD,0,55,PSD,PARTIDO SOCIAL DEMOCRÁTICO,,55,280002551932,RONALDO RAMOS CAIADO,RONALDO CAIADO,25/09/1949,5,Válido,nao,,52,3.17,3.172666260,GILBERTO KASSAB,GILBERTO KASSAB,PSD,v,,,,,04/10/2026 19:11:45,sim
1,04/10/2026,6257,Presidente,1,municipio,TO,73539,1720002,SANTA TEREZINHA DO TOCANTINS,,PT/PC do B/PV,FEDERAÇÃO BRASIL DA ESPERANÇA - FE BRASIL,PT/PC do B/PV,BRASIL PRONTO PRA MAIS,c,PSB / PDT / PCDOB / PT / PV / PSOL / REDE,,13,PT,PARTIDO DOS TRABALHADORES,101,13,280002542548,LUIZ INÁCIO LULA DA SILVA,LULA,06/10/1945,2,Válido,nao,,913,55.70,55.704697987,GERALDO JOSE RODRIGUES ALCKMIN FILHO,GERALDO ALCKMIN,PSB,v,,,,,04/10/2026 19:11:45,sim
1,04/10/2026,6257,Presidente,1,municipio,TO,73539,1720002,SANTA TEREZINHA DO TOCANTINS,,,,,DEMOCRACIA CRISTÃ,i,DC,0,27,DC,DEMOCRACIA CRISTÃ,,27,280002552484,CLARIANA ZACARKIM BARAO,CLARIANA BARAO,03/04/1987,9,Válido,nao,,0,0.00,0,FABIANA CRISTINA TAVARES TORQUATO,FABIANA TORQUATO,DC,v,,,,,04/10/2026 19:11:45,sim
1,04/10/2026,6257,Presidente,1,municipio,TO,73539,1720002,SANTA TEREZINHA DO TOCANTINS,,,,,PARTIDO COMUNISTA BRASILEIRO,i,PCB,0,21,PCB,PARTIDO COMUNISTA BRASILEIRO,,21,280002551975,EDMILSON SILVA COSTA,EDMILSON COSTA,08/04/1950,10,Válido,nao,,0,0.00,0,CLEUSA DOS SANTOS,CLEUSA SANTOS,PCB,v,,,,,04/10/2026 19:11:45,sim
1,04/10/2026,6257,Presidente,1,municipio,TO,73539,1720002,SANTA TEREZINHA DO TOCANTINS,,,,,PARTIDO SOCIALISTA  DOS TRABALHADORES UNIFICADO,i,PSTU,0,16,PSTU,PARTIDO SOCIALISTA  DOS TRABALHADORES UNIFICADO,,16,280002541457,HERTZ DA CONCEICAO DIAS,HERTZ DIAS,20/10/1970,8,Válido,nao,,1,0.06,0.061012813,VANESSA PORTUGAL BARBOSA,VANESSA PORTUGAL,PSTU,v,,,,,04/10/2026 19:11:45,sim
1,04/10/2026,6257,Presidente,1,municipio,TO,73539,1720002,SANTA TEREZINHA DO TOCANTINS,,,,,BRASIL DOS NOSSOS SONHOS,c,AGIR / AVANTE,,70,AVANTE,AVANTE,,70,280002551547,AUGUSTO JORGE CURY,ESCRITOR AUGUSTO CURY,02/10/1958,3,Válido,nao,,58,3.54,3.538743136,JULIO CESAR DELGADO,JÚLIO DELGADO,AVANTE,v,,,,,04/10/2026 19:11:45,sim
1,04/10/2026,6257,Presidente,1,municipio,TO,73539,1720002,SANTA TEREZINHA DO TOCANTINS,,,,,PARTIDO NOVO,i,NOVO,0,30,NOVO,PARTIDO NOVO,,30,280002539826,ROMEU ZEMA NETO,ZEMA,28/10/1964,6,Válido,nao,,0,0.00,0,LUIS EDUARDO GRANGEIRO GIRÃO,EDUARDO GIRÃO,NOVO,v,,,,,04/10/2026 19:11:45,sim
1,04/10/2026,6257,Presidente,1,municipio,TO,73539,1720002,SANTA TEREZINHA DO TOCANTINS,,,,,UNIDADE POPULAR,i,UP,0,80,UP,UNIDADE POPULAR,,80,280002538811,SAMARA MARTINS DA SILVA FEITOSA,SAMARA,31/08/1987,7,Válido,nao,,1,0.06,0.061012813,RAQUEL NONATO DE BRICIO,RAQUEL BRÍCIO,UP,v,,,,,04/10/2026 19:11:45,sim
1,04/10/2026,6257,Presidente,1,municipio,TO,73539,1720002,SANTA TEREZINHA DO TOCANTINS,,,,,DEMOCRATA,i,DEMOCRATA,0,35,DEMOCRATA,DEMOCRATA,,35,280002548139,WILSON GRASSI JUNIOR,VETERINÁRIO WILSON GRASSI,13/03/1970,11,Válido,nao,,0,0.00,0,SUÊD HAIDAR NOGUEIRA,SUÊD HAIDAR,DEMOCRATA,v,,,,,04/10/2026 19:11:45,sim
1,04/10/2026,6257,Presidente,1,municipio,TO,73539,1720002,SANTA TEREZINHA DO TOCANTINS,,,,,PARTIDO MISSÃO,i,MISSÃO,0,14,MISSÃO,PARTIDO MISSÃO,,14,280002540694,RENAN ANTONIO FERREIRA DOS SANTOS,RENAN SANTOS,14/02/1984,4,Válido,nao,,13,0.79,0.793166565,AROLDO MEDINA,CORONEL MEDINA,MISSÃO,v,,,,,04/10/2026 19:11:45,sim
1,04/10/2026,6257,Presidente,1,municipio,TO,73539,1720002,SANTA TEREZINHA DO TOCANTINS,,,,,PARTIDO DA CAUSA OPERÁRIA,i,PCO,0,29,PCO,PARTIDO DA CAUSA OPERÁRIA,,29,280002552487,RUI COSTA PIMENTA,RUI COSTA PIMENTA,25/06/1957,12,Válido,nao,,0,0.00,0,ANTONIO CARLOS SILVA,ANTÔNIO CARLOS,PCO,v,,,,,04/10/2026 19:11:45,sim
1,04/10/2026,6257,Presidente,1,municipio,TO,73547,1718899,SANTA RITA DO TOCANTINS,,,,,PARTIDO LIBERAL,i,PL,0,22,PL,PARTIDO LIBERAL,,22,280002551544,FLAVIO NANTES BOLSONARO,FLAVIO BOLSONARO,30/04/1981,1,Válido,nao,,898,54.89,54.889975550,ALFREDO GASPAR DE MENDONÇA NETO,ALFREDO GASPAR,PL,v,,,,,04/10/2026 17:44:56,sim
1,04/10/2026,6257,Presidente,1,municipio,TO,73547,1718899,SANTA RITA DO TOCANTINS,,,,,PARTIDO SOCIAL DEMOCRÁTICO,i,PSD,0,55,PSD,PARTIDO SOCIAL DEMOCRÁTICO,,55,280002551932,RONALDO RAMOS CAIADO,RONALDO CAIADO,25/09/1949,4,Válido,nao,,35,2.14,2.139364303,GILBERTO KASSAB,GILBERTO KASSAB,PSD,v,,,,,04/10/2026 17:44:56,sim
1,04/10/2026,6257,Presidente,1,municipio,TO,73547,1718899,SANTA RITA DO TOCANTINS,,PT/PC do B/PV,FEDERAÇÃO BRASIL DA ESPERANÇA - FE BRASIL,PT/PC do B/PV,BRASIL PRONTO PRA MAIS,c,PSB / PDT / PCDOB / PT / PV / PSOL / REDE,,13,PT,PARTIDO DOS TRABALHADORES,101,13,280002542548,LUIZ INÁCIO LULA DA SILVA,LULA,06/10/1945,2,Válido,nao,,643,39.30,39.303178484,GERALDO JOSE RODRIGUES ALCKMIN FILHO,GERALDO ALCKMIN,PSB,v,,,,,04/10/2026 17:44:56,sim
1,04/10/2026,6257,Presidente,1,municipio,TO,73547,1718899,SANTA RITA DO TOCANTINS,,,,,DEMOCRACIA CRISTÃ,i,DC,0,27,DC,DEMOCRACIA CRISTÃ,,27,280002552484,CLARIANA ZACARKIM BARAO,CLARIANA BARAO,03/04/1987,8,Válido,nao,,0,0.00,0,FABIANA CRISTINA TAVARES TORQUATO,FABIANA TORQUATO,DC,v,,,,,04/10/2026 17:44:56,sim
1,04/10/2026,6257,Presidente,1,municipio,TO,73547,1718899,SANTA RITA DO TOCANTINS,,,,,PARTIDO COMUNISTA BRASILEIRO,i,PCB,0,21,PCB,PARTIDO COMUNISTA BRASILEIRO,,21,280002551975,EDMILSON SILVA COSTA,EDMILSON COSTA,08/04/1950,10,Válido,nao,,0,0.00,0,CLEUSA DOS SANTOS,CLEUSA SANTOS,PCB,v,,,,,04/10/2026 17:44:56,sim
1,04/10/2026,6257,Presidente,1,municipio,TO,73547,1718899,SANTA RITA DO TOCANTINS,,,,,PARTIDO SOCIALISTA  DOS TRABALHADORES UNIFICADO,i,PSTU,0,16,PSTU,PARTIDO SOCIALISTA  DOS TRABALHADORES UNIFICADO,,16,280002541457,HERTZ DA CONCEICAO DIAS,HERTZ DIAS,20/10/1970,9,Válido,nao,,0,0.00,0,VANESSA PORTUGAL BARBOSA,VANESSA PORTUGAL,PSTU,v,,,,,04/10/2026 17:44:56,sim
1,04/10/2026,6257,Presidente,1,municipio,TO,73547,1718899,SANTA RITA DO TOCANTINS,,,,,BRASIL DOS NOSSOS SONHOS,c,AGIR / AVANTE,,70,AVANTE,AVANTE,,70,280002551547,AUGUSTO JORGE CURY,ESCRITOR AUGUSTO CURY,02/10/1958,3,Válido,nao,,54,3.30,3.300733496,JULIO CESAR DELGADO,JÚLIO DELGADO,AVANTE,v,,,,,04/10/2026 17:44:56,sim
1,04/10/2026,6257,Presidente,1,municipio,TO,73547,1718899,SANTA RITA DO TOCANTINS,,,,,PARTIDO NOVO,i,NOVO,0,30,NOVO,PARTIDO NOVO,,30,280002539826,ROMEU ZEMA NETO,ZEMA,28/10/1964,6,Válido,nao,,0,0.00,0,LUIS EDUARDO GRANGEIRO GIRÃO,EDUARDO GIRÃO,NOVO,v,,,,,04/10/2026 17:44:56,sim
1,04/10/2026,6257,Presidente,1,municipio,TO,73547,1718899,SANTA RITA DO TOCANTINS,,,,,UNIDADE POPULAR,i,UP,0,80,UP,UNIDADE POPULAR,,80,280002538811,SAMARA MARTINS DA SILVA FEITOSA,SAMARA,31/08/1987,7,Válido,nao,,1,0.06,0.061124694,RAQUEL NONATO DE BRICIO,RAQUEL BRÍCIO,UP,v,,,,,04/10/2026 17:44:56,sim
1,04/10/2026,6257,Presidente,1,municipio,TO,73547,1718899,SANTA RITA DO TOCANTINS,,,,,DEMOCRATA,i,DEMOCRATA,0,35,DEMOCRATA,DEMOCRATA,,35,280002548139,WILSON GRASSI JUNIOR,VETERINÁRIO WILSON GRASSI,13/03/1970,11,Válido,nao,,1,0.06,0.061124694,SUÊD HAIDAR NOGUEIRA,SUÊD HAIDAR,DEMOCRATA,v,,,,,04/10/2026 17:44:56,sim
1,04/10/2026,6257,Presidente,1,municipio,TO,73547,1718899,SANTA RITA DO TOCANTINS,,,,,PARTIDO MISSÃO,i,MISSÃO,0,14,MISSÃO,PARTIDO MISSÃO,,14,280002540694,RENAN ANTONIO FERREIRA DOS SANTOS,RENAN SANTOS,14/02/1984,5,Válido,nao,,4,0.24,0.244498778,AROLDO MEDINA,CORONEL MEDINA,MISSÃO,v,,,,,04/10/2026 17:44:56,sim
1,04/10/2026,6257,Presidente,1,municipio,TO,73547,1718899,SANTA RITA DO TOCANTINS,,,,,PARTIDO DA CAUSA OPERÁRIA,i,PCO,0,29,PCO,PARTIDO DA CAUSA OPERÁRIA,,29,280002552487,RUI COSTA PIMENTA,RUI COSTA PIMENTA,25/06/1957,12,Válido,nao,,0,0.00,0,ANTONIO CARLOS SILVA,ANTÔNIO CARLOS,PCO,v,,,,,04/10/2026 17:44:56,sim
1,04/10/2026,6257,Presidente,1,municipio,TO,73555,1706258,CRIXÁS DO TOCANTINS,,,,,PARTIDO LIBERAL,i,PL,0,22,PL,PARTIDO LIBERAL,,22,280002551544,FLAVIO NANTES BOLSONARO,FLAVIO BOLSONARO,30/04/1981,1,Válido,nao,,679,47.75,47.749648383,ALFREDO GASPAR DE MENDONÇA NETO,ALFREDO GASPAR,PL,v,,,,,04/10/2026 18:15:16,sim
1,04/10/2026,6257,Presidente,1,municipio,TO,73555,1706258,CRIXÁS DO TOCANTINS,,,,,PARTIDO SOCIAL DEMOCRÁTICO,i,PSD,0,55,PSD,PARTIDO SOCIAL DEMOCRÁTICO,,55,280002551932,RONALDO RAMOS CAIADO,RONALDO CAIADO,25/09/1949,4,Válido,nao,,32,2.25,2.250351617,GILBERTO KASSAB,GILBERTO KASSAB,PSD,v,,,,,04/10/2026 18:15:16,sim
1,04/10/2026,6257,Presidente,1,municipio,TO,73555,1706258,CRIXÁS DO TOCANTINS,,PT/PC do B/PV,FEDERAÇÃO BRASIL DA ESPERANÇA - FE BRASIL,PT/PC do B/PV,BRASIL PRONTO PRA MAIS,c,PSB / PDT / PCDOB / PT / PV / PSOL / REDE,,13,PT,PARTIDO DOS TRABALHADORES,101,13,280002542548,LUIZ INÁCIO LULA DA SILVA,LULA,06/10/1945,2,Válido,nao,,679,47.75,47.749648383,GERALDO JOSE RODRIGUES ALCKMIN FILHO,GERALDO ALCKMIN,PSB,v,,,,,04/10/2026 18:15:16,sim
1,04/10/2026,6257,Presidente,1,municipio,TO,73555,1706258,CRIXÁS DO TOCANTINS,,,,,DEMOCRACIA CRISTÃ,i,DC,0,27,DC,DEMOCRACIA CRISTÃ,,27,280002552484,CLARIANA ZACARKIM BARAO,CLARIANA BARAO,03/04/1987,8,Válido,nao,,0,0.00,0,FABIANA CRISTINA TAVARES TORQUATO,FABIANA TORQUATO,DC,v,,,,,04/10/2026 18:15:16,sim
1,04/10/2026,6257,Presidente,1,municipio,TO,73555,1706258,CRIXÁS DO TOCANTINS,,,,,PARTIDO COMUNISTA BRASILEIRO,i,PCB,0,21,PCB,PARTIDO COMUNISTA BRASILEIRO,,21,280002551975,EDMILSON SILVA COSTA,EDMILSON COSTA,08/04/1950,10,Válido,nao,,0,0.00,0,CLEUSA DOS SANTOS,CLEUSA SANTOS,PCB,v,,,,,04/10/2026 18:15:16,sim
1,04/10/2026,6257,Presidente,1,municipio,TO,73555,1706258,CRIXÁS DO TOCANTINS,,,,,PARTIDO SOCIALISTA  DOS TRABALHADORES UNIFICADO,i,PSTU,0,16,PSTU,PARTIDO SOCIALISTA  DOS TRABALHADORES UNIFICADO,,16,280002541457,HERTZ DA CONCEICAO DIAS,HERTZ DIAS,20/10/1970,9,Válido,nao,,0,0.00,0,VANESSA PORTUGAL BARBOSA,VANESSA PORTUGAL,PSTU,v,,,,,04/10/2026 18:15:16,sim
1,04/10/2026,6257,Presidente,1,municipio,TO,73555,1706258,CRIXÁS DO TOCANTINS,,,,,BRASIL DOS NOSSOS SONHOS,c,AGIR / AVANTE,,70,AVANTE,AVANTE,,70,280002551547,AUGUSTO JORGE CURY,ESCRITOR AUGUSTO CURY,02/10/1958,3,Válido,nao,,23,1.62,1.617440225,JULIO CESAR DELGADO,JÚLIO DELGADO,AVANTE,v,,,,,04/10/2026 18:15:16,sim
1,04/10/2026,6257,Presidente,1,municipio,TO,73555,1706258,CRIXÁS DO TOCANTINS,,,,,PARTIDO NOVO,i,NOVO,0,30,NOVO,PARTIDO NOVO,,30,280002539826,ROMEU ZEMA NETO,ZEMA,28/10/1964,6,Válido,nao,,0,0.00,0,LUIS EDUARDO GRANGEIRO GIRÃO,EDUARDO GIRÃO,NOVO,v,,,,,04/10/2026 18:15:16,sim
1,04/10/2026,6257,Presidente,1,municipio,TO,73555,1706258,CRIXÁS DO TOCANTINS,,,,,UNIDADE POPULAR,i,UP,0,80,UP,UNIDADE POPULAR,,80,280002538811,SAMARA MARTINS DA SILVA FEITOSA,SAMARA,31/08/1987,7,Válido,nao,,1,0.07,0.070323488,RAQUEL NONATO DE BRICIO,RAQUEL BRÍCIO,UP,v,,,,,04/10/2026 18:15:16,sim
1,04/10/2026,6257,Presidente,1,municipio,TO,73555,1706258,CRIXÁS DO TOCANTINS,,,,,DEMOCRATA,i,DEMOCRATA,0,35,DEMOCRATA,DEMOCRATA,,35,280002548139,WILSON GRASSI JUNIOR,VETERINÁRIO WILSON GRASSI,13/03/1970,11,Válido,nao,,0,0.00,0,SUÊD HAIDAR NOGUEIRA,SUÊD HAIDAR,DEMOCRATA,v,,,,,04/10/2026 18:15:16,sim
1,04/10/2026,6257,Presidente,1,municipio,TO,73555,1706258,CRIXÁS DO TOCANTINS,,,,,PARTIDO MISSÃO,i,MISSÃO,0,14,MISSÃO,PARTIDO MISSÃO,,14,280002540694,RENAN ANTONIO FERREIRA DOS SANTOS,RENAN SANTOS,14/02/1984,5,Válido,nao,,8,0.56,0.562587904,AROLDO MEDINA,CORONEL MEDINA,MISSÃO,v,,,,,04/10/2026 18:15:16,sim
1,04/10/2026,6257,Presidente,1,municipio,TO,73555,1706258,CRIXÁS DO TOCANTINS,,,,,PARTIDO DA CAUSA OPERÁRIA,i,PCO,0,29,PCO,PARTIDO DA CAUSA OPERÁRIA,,29,280002552487,RUI COSTA PIMENTA,RUI COSTA PIMENTA,25/06/1957,12,Válido,nao,,0,0.00,0,ANTONIO CARLOS SILVA,ANTÔNIO CARLOS,PCO,v,,,,,04/10/2026 18:15:16,sim
1,04/10/2026,6257,Presidente,1,municipio,TO,73563,1713700,MONTE SANTO DO TOCANTINS,,,,,PARTIDO LIBERAL,i,PL,0,22,PL,PARTIDO LIBERAL,,22,280002551544,FLAVIO NANTES BOLSONARO,FLAVIO BOLSONARO,30/04/1981,1,Válido,nao,,1199,60.28,60.281548517,ALFREDO GASPAR DE MENDONÇA NETO,ALFREDO GASPAR,PL,v,,,,,04/10/2026 18:36:12,sim
1,04/10/2026,6257,Presidente,1,municipio,TO,73563,1713700,MONTE SANTO DO TOCANTINS,,,,,PARTIDO SOCIAL DEMOCRÁTICO,i,PSD,0,55,PSD,PARTIDO SOCIAL DEMOCRÁTICO,,55,280002551932,RONALDO RAMOS CAIADO,RONALDO CAIADO,25/09/1949,4,Válido,nao,,60,3.02,3.016591252,GILBERTO KASSAB,GILBERTO KASSAB,PSD,v,,,,,04/10/2026 18:36:12,sim
1,04/10/2026,6257,Presidente,1,municipio,TO,73563,1713700,MONTE SANTO DO TOCANTINS,,PT/PC do B/PV,FEDERAÇÃO BRASIL DA ESPERANÇA - FE BRASIL,PT/PC do B/PV,BRASIL PRONTO PRA MAIS,c,PSB / PDT / PCDOB / PT / PV / PSOL / REDE,,13,PT,PARTIDO DOS TRABALHADORES,101,13,280002542548,LUIZ INÁCIO LULA DA SILVA,LULA,06/10/1945,2,Válido,nao,,702,35.29,35.294117647,GERALDO JOSE RODRIGUES ALCKMIN FILHO,GERALDO ALCKMIN,PSB,v,,,,,04/10/2026 18:36:12,sim
1,04/10/2026,6257,Presidente,1,municipio,TO,73563,1713700,MONTE SANTO DO TOCANTINS,,,,,DEMOCRACIA CRISTÃ,i,DC,0,27,DC,DEMOCRACIA CRISTÃ,,27,280002552484,CLARIANA ZACARKIM BARAO,CLARIANA BARAO,03/04/1987,9,Válido,nao,,1,0.05,0.050276521,FABIANA CRISTINA TAVARES TORQUATO,FABIANA TORQUATO,DC,v,,,,,04/10/2026 18:36:12,sim
1,04/10/2026,6257,Presidente,1,municipio,TO,73563,1713700,MONTE SANTO DO TOCANTINS,,,,,PARTIDO COMUNISTA BRASILEIRO,i,PCB,0,21,PCB,PARTIDO COMUNISTA BRASILEIRO,,21,280002551975,EDMILSON SILVA COSTA,EDMILSON COSTA,08/04/1950,10,Válido,nao,,0,0.00,0,CLEUSA DOS SANTOS,CLEUSA SANTOS,PCB,v,,,,,04/10/2026 18:36:12,sim
1,04/10/2026,6257,Presidente,1,municipio,TO,73563,1713700,MONTE SANTO DO TOCANTINS,,,,,PARTIDO SOCIALISTA  DOS TRABALHADORES UNIFICADO,i,PSTU,0,16,PSTU,PARTIDO SOCIALISTA  DOS TRABALHADORES UNIFICADO,,16,280002541457,HERTZ DA CONCEICAO DIAS,HERTZ DIAS,20/10/1970,8,Válido,nao,,0,0.00,0,VANESSA PORTUGAL BARBOSA,VANESSA PORTUGAL,PSTU,v,,,,,04/10/2026 18:36:12,sim
1,04/10/2026,6257,Presidente,1,municipio,TO,73563,1713700,MONTE SANTO DO TOCANTINS,,,,,BRASIL DOS NOSSOS SONHOS,c,AGIR / AVANTE,,70,AVANTE,AVANTE,,70,280002551547,AUGUSTO JORGE CURY,ESCRITOR AUGUSTO CURY,02/10/1958,3,Válido,nao,,16,0.80,0.804424334,JULIO CESAR DELGADO,JÚLIO DELGADO,AVANTE,v,,,,,04/10/2026 18:36:12,sim
1,04/10/2026,6257,Presidente,1,municipio,TO,73563,1713700,MONTE SANTO DO TOCANTINS,,,,,PARTIDO NOVO,i,NOVO,0,30,NOVO,PARTIDO NOVO,,30,280002539826,ROMEU ZEMA NETO,ZEMA,28/10/1964,6,Válido,nao,,1,0.05,0.050276521,LUIS EDUARDO GRANGEIRO GIRÃO,EDUARDO GIRÃO,NOVO,v,,,,,04/10/2026 18:36:12,sim
1,04/10/2026,6257,Presidente,1,municipio,TO,73563,1713700,MONTE SANTO DO TOCANTINS,,,,,UNIDADE POPULAR,i,UP,0,80,UP,UNIDADE POPULAR,,80,280002538811,SAMARA MARTINS DA SILVA FEITOSA,SAMARA,31/08/1987,7,Válido,nao,,0,0.00,0,RAQUEL NONATO DE BRICIO,RAQUEL BRÍCIO,UP,v,,,,,04/10/2026 18:36:12,sim
1,04/10/2026,6257,Presidente,1,municipio,TO,73563,1713700,MONTE SANTO DO TOCANTINS,,,,,DEMOCRATA,i,DEMOCRATA,0,35,DEMOCRATA,DEMOCRATA,,35,280002548139,WILSON GRASSI JUNIOR,VETERINÁRIO WILSON GRASSI,13/03/1970,11,Válido,nao,,0,0.00,0,SUÊD HAIDAR NOGUEIRA,SUÊD HAIDAR,DEMOCRATA,v,,,,,04/10/2026 18:36:12,sim
1,04/10/2026,6257,Presidente,1,municipio,TO,73563,1713700,MONTE SANTO DO TOCANTINS,,,,,PARTIDO MISSÃO,i,MISSÃO,0,14,MISSÃO,PARTIDO MISSÃO,,14,280002540694,RENAN ANTONIO FERREIRA DOS SANTOS,RENAN SANTOS,14/02/1984,5,Válido,nao,,10,0.50,0.502765209,AROLDO MEDINA,CORONEL MEDINA,MISSÃO,v,,,,,04/10/2026 18:36:12,sim
1,04/10/2026,6257,Presidente,1,municipio,TO,73563,1713700,MONTE SANTO DO TOCANTINS,,,,,PARTIDO DA CAUSA OPERÁRIA,i,PCO,0,29,PCO,PARTIDO DA CAUSA OPERÁRIA,,29,280002552487,RUI COSTA PIMENTA,RUI COSTA PIMENTA,25/06/1957,12,Válido,nao,,0,0.00,0,ANTONIO CARLOS SILVA,ANTÔNIO CARLOS,PCO,v,,,,,04/10/2026 18:36:12,sim
1,04/10/2026,6257,Presidente,1,municipio,TO,73571,1718451,PUGMIL,,,,,PARTIDO LIBERAL,i,PL,0,22,PL,PARTIDO LIBERAL,,22,280002551544,FLAVIO NANTES BOLSONARO,FLAVIO BOLSONARO,30/04/1981,1,Válido,nao,,1038,55.51,55.508021390,ALFREDO GASPAR DE MENDONÇA NETO,ALFREDO GASPAR,PL,v,,,,,04/10/2026 17:51:50,sim
1,04/10/2026,6257,Presidente,1,municipio,TO,73571,1718451,PUGMIL,,,,,PARTIDO SOCIAL DEMOCRÁTICO,i,PSD,0,55,PSD,PARTIDO SOCIAL DEMOCRÁTICO,,55,280002551932,RONALDO RAMOS CAIADO,RONALDO CAIADO,25/09/1949,4,Válido,nao,,19,1.02,1.016042781,GILBERTO KASSAB,GILBERTO KASSAB,PSD,v,,,,,04/10/2026 17:51:50,sim
1,04/10/2026,6257,Presidente,1,municipio,TO,73571,1718451,PUGMIL,,PT/PC do B/PV,FEDERAÇÃO BRASIL DA ESPERANÇA - FE BRASIL,PT/PC do B/PV,BRASIL PRONTO PRA MAIS,c,PSB / PDT / PCDOB / PT / PV / PSOL / REDE,,13,PT,PARTIDO DOS TRABALHADORES,101,13,280002542548,LUIZ INÁCIO LULA DA SILVA,LULA,06/10/1945,2,Válido,nao,,743,39.73,39.732620321,GERALDO JOSE RODRIGUES ALCKMIN FILHO,GERALDO ALCKMIN,PSB,v,,,,,04/10/2026 17:51:50,sim
1,04/10/2026,6257,Presidente,1,municipio,TO,73571,1718451,PUGMIL,,,,,DEMOCRACIA CRISTÃ,i,DC,0,27,DC,DEMOCRACIA CRISTÃ,,27,280002552484,CLARIANA ZACARKIM BARAO,CLARIANA BARAO,03/04/1987,8,Válido,nao,,0,0.00,0,FABIANA CRISTINA TAVARES TORQUATO,FABIANA TORQUATO,DC,v,,,,,04/10/2026 17:51:50,sim
1,04/10/2026,6257,Presidente,1,municipio,TO,73571,1718451,PUGMIL,,,,,PARTIDO COMUNISTA BRASILEIRO,i,PCB,0,21,PCB,PARTIDO COMUNISTA BRASILEIRO,,21,280002551975,EDMILSON SILVA COSTA,EDMILSON COSTA,08/04/1950,10,Válido,nao,,0,0.00,0,CLEUSA DOS SANTOS,CLEUSA SANTOS,PCB,v,,,,,04/10/2026 17:51:50,sim
1,04/10/2026,6257,Presidente,1,municipio,TO,73571,1718451,PUGMIL,,,,,PARTIDO SOCIALISTA  DOS TRABALHADORES UNIFICADO,i,PSTU,0,16,PSTU,PARTIDO SOCIALISTA  DOS TRABALHADORES UNIFICADO,,16,280002541457,HERTZ DA CONCEICAO DIAS,HERTZ DIAS,20/10/1970,9,Válido,nao,,0,0.00,0,VANESSA PORTUGAL BARBOSA,VANESSA PORTUGAL,PSTU,v,,,,,04/10/2026 17:51:50,sim
1,04/10/2026,6257,Presidente,1,municipio,TO,73571,1718451,PUGMIL,,,,,BRASIL DOS NOSSOS SONHOS,c,AGIR / AVANTE,,70,AVANTE,AVANTE,,70,280002551547,AUGUSTO JORGE CURY,ESCRITOR AUGUSTO CURY,02/10/1958,3,Válido,nao,,54,2.89,2.887700535,JULIO CESAR DELGADO,JÚLIO DELGADO,AVANTE,v,,,,,04/10/2026 17:51:50,sim
1,04/10/2026,6257,Presidente,1,municipio,TO,73571,1718451,PUGMIL,,,,,PARTIDO NOVO,i,NOVO,0,30,NOVO,PARTIDO NOVO,,30,280002539826,ROMEU ZEMA NETO,ZEMA,28/10/1964,6,Válido,nao,,1,0.05,0.053475936,LUIS EDUARDO GRANGEIRO GIRÃO,EDUARDO GIRÃO,NOVO,v,,,,,04/10/2026 17:51:50,sim
1,04/10/2026,6257,Presidente,1,municipio,TO,73571,1718451,PUGMIL,,,,,UNIDADE POPULAR,i,UP,0,80,UP,UNIDADE POPULAR,,80,280002538811,SAMARA MARTINS DA SILVA FEITOSA,SAMARA,31/08/1987,7,Válido,nao,,0,0.00,0,RAQUEL NONATO DE BRICIO,RAQUEL BRÍCIO,UP,v,,,,,04/10/2026 17:51:50,sim
1,04/10/2026,6257,Presidente,1,municipio,TO,73571,1718451,PUGMIL,,,,,DEMOCRATA,i,DEMOCRATA,0,35,DEMOCRATA,DEMOCRATA,,35,280002548139,WILSON GRASSI JUNIOR,VETERINÁRIO WILSON GRASSI,13/03/1970,11,Válido,nao,,0,0.00,0,SUÊD HAIDAR NOGUEIRA,SUÊD HAIDAR,DEMOCRATA,v,,,,,04/10/2026 17:51:50,sim
1,04/10/2026,6257,Presidente,1,municipio,TO,73571,1718451,PUGMIL,,,,,PARTIDO MISSÃO,i,MISSÃO,0,14,MISSÃO,PARTIDO MISSÃO,,14,280002540694,RENAN ANTONIO FERREIRA DOS SANTOS,RENAN SANTOS,14/02/1984,5,Válido,nao,,15,0.80,0.802139037,AROLDO MEDINA,CORONEL MEDINA,MISSÃO,v,,,,,04/10/2026 17:51:50,sim
1,04/10/2026,6257,Presidente,1,municipio,TO,73571,1718451,PUGMIL,,,,,PARTIDO DA CAUSA OPERÁRIA,i,PCO,0,29,PCO,PARTIDO DA CAUSA OPERÁRIA,,29,280002552487,RUI COSTA PIMENTA,RUI COSTA PIMENTA,25/06/1957,12,Válido,nao,,0,0.00,0,ANTONIO CARLOS SILVA,ANTÔNIO CARLOS,PCO,v,,,,,04/10/2026 17:51:50,sim
1,04/10/2026,6257,Presidente,1,municipio,TO,73580,1703057,BANDEIRANTES DO TOCANTINS,,,,,PARTIDO LIBERAL,i,PL,0,22,PL,PARTIDO LIBERAL,,22,280002551544,FLAVIO NANTES BOLSONARO,FLAVIO BOLSONARO,30/04/1981,1,Válido,nao,,1308,56.16,56.161442679,ALFREDO GASPAR DE MENDONÇA NETO,ALFREDO GASPAR,PL,v,,,,,04/10/2026 18:27:08,sim
1,04/10/2026,6257,Presidente,1,municipio,TO,73580,1703057,BANDEIRANTES DO TOCANTINS,,,,,PARTIDO SOCIAL DEMOCRÁTICO,i,PSD,0,55,PSD,PARTIDO SOCIAL DEMOCRÁTICO,,55,280002551932,RONALDO RAMOS CAIADO,RONALDO CAIADO,25/09/1949,4,Válido,nao,,35,1.50,1.502790897,GILBERTO KASSAB,GILBERTO KASSAB,PSD,v,,,,,04/10/2026 18:27:08,sim
1,04/10/2026,6257,Presidente,1,municipio,TO,73580,1703057,BANDEIRANTES DO TOCANTINS,,PT/PC do B/PV,FEDERAÇÃO BRASIL DA ESPERANÇA - FE BRASIL,PT/PC do B/PV,BRASIL PRONTO PRA MAIS,c,PSB / PDT / PCDOB / PT / PV / PSOL / REDE,,13,PT,PARTIDO DOS TRABALHADORES,101,13,280002542548,LUIZ INÁCIO LULA DA SILVA,LULA,06/10/1945,2,Válido,nao,,906,38.90,38.900815801,GERALDO JOSE RODRIGUES ALCKMIN FILHO,GERALDO ALCKMIN,PSB,v,,,,,04/10/2026 18:27:08,sim
1,04/10/2026,6257,Presidente,1,municipio,TO,73580,1703057,BANDEIRANTES DO TOCANTINS,,,,,DEMOCRACIA CRISTÃ,i,DC,0,27,DC,DEMOCRACIA CRISTÃ,,27,280002552484,CLARIANA ZACARKIM BARAO,CLARIANA BARAO,03/04/1987,8,Válido,nao,,0,0.00,0,FABIANA CRISTINA TAVARES TORQUATO,FABIANA TORQUATO,DC,v,,,,,04/10/2026 18:27:08,sim
1,04/10/2026,6257,Presidente,1,municipio,TO,73580,1703057,BANDEIRANTES DO TOCANTINS,,,,,PARTIDO COMUNISTA BRASILEIRO,i,PCB,0,21,PCB,PARTIDO COMUNISTA BRASILEIRO,,21,280002551975,EDMILSON SILVA COSTA,EDMILSON COSTA,08/04/1950,10,Válido,nao,,0,0.00,0,CLEUSA DOS SANTOS,CLEUSA SANTOS,PCB,v,,,,,04/10/2026 18:27:08,sim
1,04/10/2026,6257,Presidente,1,municipio,TO,73580,1703057,BANDEIRANTES DO TOCANTINS,,,,,PARTIDO SOCIALISTA  DOS TRABALHADORES UNIFICADO,i,PSTU,0,16,PSTU,PARTIDO SOCIALISTA  DOS TRABALHADORES UNIFICADO,,16,280002541457,HERTZ DA CONCEICAO DIAS,HERTZ DIAS,20/10/1970,9,Válido,nao,,0,0.00,0,VANESSA PORTUGAL BARBOSA,VANESSA PORTUGAL,PSTU,v,,,,,04/10/2026 18:27:08,sim
1,04/10/2026,6257,Presidente,1,municipio,TO,73580,1703057,BANDEIRANTES DO TOCANTINS,,,,,BRASIL DOS NOSSOS SONHOS,c,AGIR / AVANTE,,70,AVANTE,AVANTE,,70,280002551547,AUGUSTO JORGE CURY,ESCRITOR AUGUSTO CURY,02/10/1958,3,Válido,nao,,53,2.28,2.275654787,JULIO CESAR DELGADO,JÚLIO DELGADO,AVANTE,v,,,,,04/10/2026 18:27:08,sim
1,04/10/2026,6257,Presidente,1,municipio,TO,73580,1703057,BANDEIRANTES DO TOCANTINS,,,,,PARTIDO NOVO,i,NOVO,0,30,NOVO,PARTIDO NOVO,,30,280002539826,ROMEU ZEMA NETO,ZEMA,28/10/1964,6,Válido,nao,,0,0.00,0,LUIS EDUARDO GRANGEIRO GIRÃO,EDUARDO GIRÃO,NOVO,v,,,,,04/10/2026 18:27:08,sim
1,04/10/2026,6257,Presidente,1,municipio,TO,73580,1703057,BANDEIRANTES DO TOCANTINS,,,,,UNIDADE POPULAR,i,UP,0,80,UP,UNIDADE POPULAR,,80,280002538811,SAMARA MARTINS DA SILVA FEITOSA,SAMARA,31/08/1987,7,Válido,nao,,0,0.00,0,RAQUEL NONATO DE BRICIO,RAQUEL BRÍCIO,UP,v,,,,,04/10/2026 18:27:08,sim
1,04/10/2026,6257,Presidente,1,municipio,TO,73580,1703057,BANDEIRANTES DO TOCANTINS,,,,,DEMOCRATA,i,DEMOCRATA,0,35,DEMOCRATA,DEMOCRATA,,35,280002548139,WILSON GRASSI JUNIOR,VETERINÁRIO WILSON GRASSI,13/03/1970,11,Válido,nao,,0,0.00,0,SUÊD HAIDAR NOGUEIRA,SUÊD HAIDAR,DEMOCRATA,v,,,,,04/10/2026 18:27:08,sim
1,04/10/2026,6257,Presidente,1,municipio,TO,73580,1703057,BANDEIRANTES DO TOCANTINS,,,,,PARTIDO MISSÃO,i,MISSÃO,0,14,MISSÃO,PARTIDO MISSÃO,,14,280002540694,RENAN ANTONIO FERREIRA DOS SANTOS,RENAN SANTOS,14/02/1984,5,Válido,nao,,27,1.16,1.159295835,AROLDO MEDINA,CORONEL MEDINA,MISSÃO,v,,,,,04/10/2026 18:27:08,sim
1,04/10/2026,6257,Presidente,1,municipio,TO,73580,1703057,BANDEIRANTES DO TOCANTINS,,,,,PARTIDO DA CAUSA OPERÁRIA,i,PCO,0,29,PCO,PARTIDO DA CAUSA OPERÁRIA,,29,280002552487,RUI COSTA PIMENTA,RUI COSTA PIMENTA,25/06/1957,12,Válido,nao,,0,0.00,0,ANTONIO CARLOS SILVA,ANTÔNIO CARLOS,PCO,v,,,,,04/10/2026 18:27:08,sim
1,04/10/2026,6257,Presidente,1,municipio,TO,73598,1709807,IPUEIRAS,,,,,PARTIDO LIBERAL,i,PL,0,22,PL,PARTIDO LIBERAL,,22,280002551544,FLAVIO NANTES BOLSONARO,FLAVIO BOLSONARO,30/04/1981,1,Válido,nao,,527,33.85,33.847141940,ALFREDO GASPAR DE MENDONÇA NETO,ALFREDO GASPAR,PL,v,,,,,04/10/2026 18:12:03,sim
1,04/10/2026,6257,Presidente,1,municipio,TO,73598,1709807,IPUEIRAS,,,,,PARTIDO SOCIAL DEMOCRÁTICO,i,PSD,0,55,PSD,PARTIDO SOCIAL DEMOCRÁTICO,,55,280002551932,RONALDO RAMOS CAIADO,RONALDO CAIADO,25/09/1949,4,Válido,nao,,33,2.12,2.119460501,GILBERTO KASSAB,GILBERTO KASSAB,PSD,v,,,,,04/10/2026 18:12:03,sim
1,04/10/2026,6257,Presidente,1,municipio,TO,73598,1709807,IPUEIRAS,,PT/PC do B/PV,FEDERAÇÃO BRASIL DA ESPERANÇA - FE BRASIL,PT/PC do B/PV,BRASIL PRONTO PRA MAIS,c,PSB / PDT / PCDOB / PT / PV / PSOL / REDE,,13,PT,PARTIDO DOS TRABALHADORES,101,13,280002542548,LUIZ INÁCIO LULA DA SILVA,LULA,06/10/1945,2,Válido,nao,,965,61.98,61.978163134,GERALDO JOSE RODRIGUES ALCKMIN FILHO,GERALDO ALCKMIN,PSB,v,,,,,04/10/2026 18:12:03,sim
1,04/10/2026,6257,Presidente,1,municipio,TO,73598,1709807,IPUEIRAS,,,,,DEMOCRACIA CRISTÃ,i,DC,0,27,DC,DEMOCRACIA CRISTÃ,,27,280002552484,CLARIANA ZACARKIM BARAO,CLARIANA BARAO,03/04/1987,8,Válido,nao,,0,0.00,0,FABIANA CRISTINA TAVARES TORQUATO,FABIANA TORQUATO,DC,v,,,,,04/10/2026 18:12:03,sim
1,04/10/2026,6257,Presidente,1,municipio,TO,73598,1709807,IPUEIRAS,,,,,PARTIDO COMUNISTA BRASILEIRO,i,PCB,0,21,PCB,PARTIDO COMUNISTA BRASILEIRO,,21,280002551975,EDMILSON SILVA COSTA,EDMILSON COSTA,08/04/1950,10,Válido,nao,,0,0.00,0,CLEUSA DOS SANTOS,CLEUSA SANTOS,PCB,v,,,,,04/10/2026 18:12:03,sim
1,04/10/2026,6257,Presidente,1,municipio,TO,73598,1709807,IPUEIRAS,,,,,PARTIDO SOCIALISTA  DOS TRABALHADORES UNIFICADO,i,PSTU,0,16,PSTU,PARTIDO SOCIALISTA  DOS TRABALHADORES UNIFICADO,,16,280002541457,HERTZ DA CONCEICAO DIAS,HERTZ DIAS,20/10/1970,9,Válido,nao,,0,0.00,0,VANESSA PORTUGAL BARBOSA,VANESSA PORTUGAL,PSTU,v,,,,,04/10/2026 18:12:03,sim
1,04/10/2026,6257,Presidente,1,municipio,TO,73598,1709807,IPUEIRAS,,,,,BRASIL DOS NOSSOS SONHOS,c,AGIR / AVANTE,,70,AVANTE,AVANTE,,70,280002551547,AUGUSTO JORGE CURY,ESCRITOR AUGUSTO CURY,02/10/1958,3,Válido,nao,,28,1.80,1.798330122,JULIO CESAR DELGADO,JÚLIO DELGADO,AVANTE,v,,,,,04/10/2026 18:12:03,sim
1,04/10/2026,6257,Presidente,1,municipio,TO,73598,1709807,IPUEIRAS,,,,,PARTIDO NOVO,i,NOVO,0,30,NOVO,PARTIDO NOVO,,30,280002539826,ROMEU ZEMA NETO,ZEMA,28/10/1964,6,Válido,nao,,0,0.00,0,LUIS EDUARDO GRANGEIRO GIRÃO,EDUARDO GIRÃO,NOVO,v,,,,,04/10/2026 18:12:03,sim
1,04/10/2026,6257,Presidente,1,municipio,TO,73598,1709807,IPUEIRAS,,,,,UNIDADE POPULAR,i,UP,0,80,UP,UNIDADE POPULAR,,80,280002538811,SAMARA MARTINS DA SILVA FEITOSA,SAMARA,31/08/1987,7,Válido,nao,,0,0.00,0,RAQUEL NONATO DE BRICIO,RAQUEL BRÍCIO,UP,v,,,,,04/10/2026 18:12:03,sim
1,04/10/2026,6257,Presidente,1,municipio,TO,73598,1709807,IPUEIRAS,,,,,DEMOCRATA,i,DEMOCRATA,0,35,DEMOCRATA,DEMOCRATA,,35,280002548139,WILSON GRASSI JUNIOR,VETERINÁRIO WILSON GRASSI,13/03/1970,11,Válido,nao,,0,0.00,0,SUÊD HAIDAR NOGUEIRA,SUÊD HAIDAR,DEMOCRATA,v,,,,,04/10/2026 18:12:03,sim
1,04/10/2026,6257,Presidente,1,municipio,TO,73598,1709807,IPUEIRAS,,,,,PARTIDO MISSÃO,i,MISSÃO,0,14,MISSÃO,PARTIDO MISSÃO,,14,280002540694,RENAN ANTONIO FERREIRA DOS SANTOS,RENAN SANTOS,14/02/1984,5,Válido,nao,,4,0.26,0.256904303,AROLDO MEDINA,CORONEL MEDINA,MISSÃO,v,,,,,04/10/2026 18:12:03,sim
1,04/10/2026,6257,Presidente,1,municipio,TO,73598,1709807,IPUEIRAS,,,,,PARTIDO DA CAUSA OPERÁRIA,i,PCO,0,29,PCO,PARTIDO DA CAUSA OPERÁRIA,,29,280002552487,RUI COSTA PIMENTA,RUI COSTA PIMENTA,25/06/1957,12,Válido,nao,,0,0.00,0,ANTONIO CARLOS SILVA,ANTÔNIO CARLOS,PCO,v,,,,,04/10/2026 18:12:03,sim
1,04/10/2026,6257,Presidente,1,municipio,TO,73601,1712157,LAVANDEIRA,,,,,PARTIDO LIBERAL,i,PL,0,22,PL,PARTIDO LIBERAL,,22,280002551544,FLAVIO NANTES BOLSONARO,FLAVIO BOLSONARO,30/04/1981,1,Válido,nao,,630,39.95,39.949270767,ALFREDO GASPAR DE MENDONÇA NETO,ALFREDO GASPAR,PL,v,,,,,04/10/2026 18:22:11,sim
1,04/10/2026,6257,Presidente,1,municipio,TO,73601,1712157,LAVANDEIRA,,,,,PARTIDO SOCIAL DEMOCRÁTICO,i,PSD,0,55,PSD,PARTIDO SOCIAL DEMOCRÁTICO,,55,280002551932,RONALDO RAMOS CAIADO,RONALDO CAIADO,25/09/1949,4,Válido,nao,,75,4.76,4.755865568,GILBERTO KASSAB,GILBERTO KASSAB,PSD,v,,,,,04/10/2026 18:22:11,sim
1,04/10/2026,6257,Presidente,1,municipio,TO,73601,1712157,LAVANDEIRA,,PT/PC do B/PV,FEDERAÇÃO BRASIL DA ESPERANÇA - FE BRASIL,PT/PC do B/PV,BRASIL PRONTO PRA MAIS,c,PSB / PDT / PCDOB / PT / PV / PSOL / REDE,,13,PT,PARTIDO DOS TRABALHADORES,101,13,280002542548,LUIZ INÁCIO LULA DA SILVA,LULA,06/10/1945,2,Válido,nao,,807,51.17,51.173113507,GERALDO JOSE RODRIGUES ALCKMIN FILHO,GERALDO ALCKMIN,PSB,v,,,,,04/10/2026 18:22:11,sim
1,04/10/2026,6257,Presidente,1,municipio,TO,73601,1712157,LAVANDEIRA,,,,,DEMOCRACIA CRISTÃ,i,DC,0,27,DC,DEMOCRACIA CRISTÃ,,27,280002552484,CLARIANA ZACARKIM BARAO,CLARIANA BARAO,03/04/1987,8,Válido,nao,,0,0.00,0,FABIANA CRISTINA TAVARES TORQUATO,FABIANA TORQUATO,DC,v,,,,,04/10/2026 18:22:11,sim
1,04/10/2026,6257,Presidente,1,municipio,TO,73601,1712157,LAVANDEIRA,,,,,PARTIDO COMUNISTA BRASILEIRO,i,PCB,0,21,PCB,PARTIDO COMUNISTA BRASILEIRO,,21,280002551975,EDMILSON SILVA COSTA,EDMILSON COSTA,08/04/1950,10,Válido,nao,,0,0.00,0,CLEUSA DOS SANTOS,CLEUSA SANTOS,PCB,v,,,,,04/10/2026 18:22:11,sim
1,04/10/2026,6257,Presidente,1,municipio,TO,73601,1712157,LAVANDEIRA,,,,,PARTIDO SOCIALISTA  DOS TRABALHADORES UNIFICADO,i,PSTU,0,16,PSTU,PARTIDO SOCIALISTA  DOS TRABALHADORES UNIFICADO,,16,280002541457,HERTZ DA CONCEICAO DIAS,HERTZ DIAS,20/10/1970,9,Válido,nao,,1,0.06,0.063411541,VANESSA PORTUGAL BARBOSA,VANESSA PORTUGAL,PSTU,v,,,,,04/10/2026 18:22:11,sim
1,04/10/2026,6257,Presidente,1,municipio,TO,73601,1712157,LAVANDEIRA,,,,,BRASIL DOS NOSSOS SONHOS,c,AGIR / AVANTE,,70,AVANTE,AVANTE,,70,280002551547,AUGUSTO JORGE CURY,ESCRITOR AUGUSTO CURY,02/10/1958,3,Válido,nao,,38,2.41,2.409638554,JULIO CESAR DELGADO,JÚLIO DELGADO,AVANTE,v,,,,,04/10/2026 18:22:11,sim
1,04/10/2026,6257,Presidente,1,municipio,TO,73601,1712157,LAVANDEIRA,,,,,PARTIDO NOVO,i,NOVO,0,30,NOVO,PARTIDO NOVO,,30,280002539826,ROMEU ZEMA NETO,ZEMA,28/10/1964,6,Válido,nao,,1,0.06,0.063411541,LUIS EDUARDO GRANGEIRO GIRÃO,EDUARDO GIRÃO,NOVO,v,,,,,04/10/2026 18:22:11,sim
1,04/10/2026,6257,Presidente,1,municipio,TO,73601,1712157,LAVANDEIRA,,,,,UNIDADE POPULAR,i,UP,0,80,UP,UNIDADE POPULAR,,80,280002538811,SAMARA MARTINS DA SILVA FEITOSA,SAMARA,31/08/1987,7,Válido,nao,,0,0.00,0,RAQUEL NONATO DE BRICIO,RAQUEL BRÍCIO,UP,v,,,,,04/10/2026 18:22:11,sim
1,04/10/2026,6257,Presidente,1,municipio,TO,73601,1712157,LAVANDEIRA,,,,,DEMOCRATA,i,DEMOCRATA,0,35,DEMOCRATA,DEMOCRATA,,35,280002548139,WILSON GRASSI JUNIOR,VETERINÁRIO WILSON GRASSI,13/03/1970,11,Válido,nao,,1,0.06,0.063411541,SUÊD HAIDAR NOGUEIRA,SUÊD HAIDAR,DEMOCRATA,v,,,,,04/10/2026 18:22:11,sim
1,04/10/2026,6257,Presidente,1,municipio,TO,73601,1712157,LAVANDEIRA,,,,,PARTIDO MISSÃO,i,MISSÃO,0,14,MISSÃO,PARTIDO MISSÃO,,14,280002540694,RENAN ANTONIO FERREIRA DOS SANTOS,RENAN SANTOS,14/02/1984,5,Válido,nao,,23,1.46,1.458465441,AROLDO MEDINA,CORONEL MEDINA,MISSÃO,v,,,,,04/10/2026 18:22:11,sim
1,04/10/2026,6257,Presidente,1,municipio,TO,73601,1712157,LAVANDEIRA,,,,,PARTIDO DA CAUSA OPERÁRIA,i,PCO,0,29,PCO,PARTIDO DA CAUSA OPERÁRIA,,29,280002552487,RUI COSTA PIMENTA,RUI COSTA PIMENTA,25/06/1957,12,Válido,nao,,1,0.06,0.063411541,ANTONIO CARLOS SILVA,ANTÔNIO CARLOS,PCO,v,,,,,04/10/2026 18:22:11,sim
1,04/10/2026,6257,Presidente,1,municipio,TO,73610,1703073,BARRA DO OURO,,,,,PARTIDO LIBERAL,i,PL,0,22,PL,PARTIDO LIBERAL,,22,280002551544,FLAVIO NANTES BOLSONARO,FLAVIO BOLSONARO,30/04/1981,1,Válido,nao,,1263,40.53,40.532734275,ALFREDO GASPAR DE MENDONÇA NETO,ALFREDO GASPAR,PL,v,,,,,04/10/2026 19:25:19,sim
1,04/10/2026,6257,Presidente,1,municipio,TO,73610,1703073,BARRA DO OURO,,,,,PARTIDO SOCIAL DEMOCRÁTICO,i,PSD,0,55,PSD,PARTIDO SOCIAL DEMOCRÁTICO,,55,280002551932,RONALDO RAMOS CAIADO,RONALDO CAIADO,25/09/1949,5,Válido,nao,,32,1.03,1.026957638,GILBERTO KASSAB,GILBERTO KASSAB,PSD,v,,,,,04/10/2026 19:25:19,sim
1,04/10/2026,6257,Presidente,1,municipio,TO,73610,1703073,BARRA DO OURO,,PT/PC do B/PV,FEDERAÇÃO BRASIL DA ESPERANÇA - FE BRASIL,PT/PC do B/PV,BRASIL PRONTO PRA MAIS,c,PSB / PDT / PCDOB / PT / PV / PSOL / REDE,,13,PT,PARTIDO DOS TRABALHADORES,101,13,280002542548,LUIZ INÁCIO LULA DA SILVA,LULA,06/10/1945,2,Válido,nao,,1758,56.42,56.418485237,GERALDO JOSE RODRIGUES ALCKMIN FILHO,GERALDO ALCKMIN,PSB,v,,,,,04/10/2026 19:25:19,sim
1,04/10/2026,6257,Presidente,1,municipio,TO,73610,1703073,BARRA DO OURO,,,,,DEMOCRACIA CRISTÃ,i,DC,0,27,DC,DEMOCRACIA CRISTÃ,,27,280002552484,CLARIANA ZACARKIM BARAO,CLARIANA BARAO,03/04/1987,9,Válido,nao,,1,0.03,0.032092426,FABIANA CRISTINA TAVARES TORQUATO,FABIANA TORQUATO,DC,v,,,,,04/10/2026 19:25:19,sim
1,04/10/2026,6257,Presidente,1,municipio,TO,73610,1703073,BARRA DO OURO,,,,,PARTIDO COMUNISTA BRASILEIRO,i,PCB,0,21,PCB,PARTIDO COMUNISTA BRASILEIRO,,21,280002551975,EDMILSON SILVA COSTA,EDMILSON COSTA,08/04/1950,10,Válido,nao,,1,0.03,0.032092426,CLEUSA DOS SANTOS,CLEUSA SANTOS,PCB,v,,,,,04/10/2026 19:25:19,sim
1,04/10/2026,6257,Presidente,1,municipio,TO,73610,1703073,BARRA DO OURO,,,,,PARTIDO SOCIALISTA  DOS TRABALHADORES UNIFICADO,i,PSTU,0,16,PSTU,PARTIDO SOCIALISTA  DOS TRABALHADORES UNIFICADO,,16,280002541457,HERTZ DA CONCEICAO DIAS,HERTZ DIAS,20/10/1970,8,Válido,nao,,0,0.00,0,VANESSA PORTUGAL BARBOSA,VANESSA PORTUGAL,PSTU,v,,,,,04/10/2026 19:25:19,sim
1,04/10/2026,6257,Presidente,1,municipio,TO,73610,1703073,BARRA DO OURO,,,,,BRASIL DOS NOSSOS SONHOS,c,AGIR / AVANTE,,70,AVANTE,AVANTE,,70,280002551547,AUGUSTO JORGE CURY,ESCRITOR AUGUSTO CURY,02/10/1958,3,Válido,nao,,45,1.44,1.444159178,JULIO CESAR DELGADO,JÚLIO DELGADO,AVANTE,v,,,,,04/10/2026 19:25:19,sim
1,04/10/2026,6257,Presidente,1,municipio,TO,73610,1703073,BARRA DO OURO,,,,,PARTIDO NOVO,i,NOVO,0,30,NOVO,PARTIDO NOVO,,30,280002539826,ROMEU ZEMA NETO,ZEMA,28/10/1964,6,Válido,nao,,0,0.00,0,LUIS EDUARDO GRANGEIRO GIRÃO,EDUARDO GIRÃO,NOVO,v,,,,,04/10/2026 19:25:19,sim
1,04/10/2026,6257,Presidente,1,municipio,TO,73610,1703073,BARRA DO OURO,,,,,UNIDADE POPULAR,i,UP,0,80,UP,UNIDADE POPULAR,,80,280002538811,SAMARA MARTINS DA SILVA FEITOSA,SAMARA,31/08/1987,7,Válido,nao,,0,0.00,0,RAQUEL NONATO DE BRICIO,RAQUEL BRÍCIO,UP,v,,,,,04/10/2026 19:25:19,sim
1,04/10/2026,6257,Presidente,1,municipio,TO,73610,1703073,BARRA DO OURO,,,,,DEMOCRATA,i,DEMOCRATA,0,35,DEMOCRATA,DEMOCRATA,,35,280002548139,WILSON GRASSI JUNIOR,VETERINÁRIO WILSON GRASSI,13/03/1970,11,Válido,nao,,0,0.00,0,SUÊD HAIDAR NOGUEIRA,SUÊD HAIDAR,DEMOCRATA,v,,,,,04/10/2026 19:25:19,sim
1,04/10/2026,6257,Presidente,1,municipio,TO,73610,1703073,BARRA DO OURO,,,,,PARTIDO MISSÃO,i,MISSÃO,0,14,MISSÃO,PARTIDO MISSÃO,,14,280002540694,RENAN ANTONIO FERREIRA DOS SANTOS,RENAN SANTOS,14/02/1984,4,Válido,nao,,16,0.51,0.513478819,AROLDO MEDINA,CORONEL MEDINA,MISSÃO,v,,,,,04/10/2026 19:25:19,sim
1,04/10/2026,6257,Presidente,1,municipio,TO,73610,1703073,BARRA DO OURO,,,,,PARTIDO DA CAUSA OPERÁRIA,i,PCO,0,29,PCO,PARTIDO DA CAUSA OPERÁRIA,,29,280002552487,RUI COSTA PIMENTA,RUI COSTA PIMENTA,25/06/1957,12,Válido,nao,,0,0.00,0,ANTONIO CARLOS SILVA,ANTÔNIO CARLOS,PCO,v,,,,,04/10/2026 19:25:19,sim
1,04/10/2026,6257,Presidente,1,municipio,TO,92002,1703206,BERNARDO SAYÃO,,,,,PARTIDO LIBERAL,i,PL,0,22,PL,PARTIDO LIBERAL,,22,280002551544,FLAVIO NANTES BOLSONARO,FLAVIO BOLSONARO,30/04/1981,1,Válido,nao,,1602,55.39,55.394190871,ALFREDO GASPAR DE MENDONÇA NETO,ALFREDO GASPAR,PL,v,,,,,04/10/2026 17:52:44,sim
1,04/10/2026,6257,Presidente,1,municipio,TO,92002,1703206,BERNARDO SAYÃO,,,,,PARTIDO SOCIAL DEMOCRÁTICO,i,PSD,0,55,PSD,PARTIDO SOCIAL DEMOCRÁTICO,,55,280002551932,RONALDO RAMOS CAIADO,RONALDO CAIADO,25/09/1949,4,Válido,nao,,54,1.87,1.867219917,GILBERTO KASSAB,GILBERTO KASSAB,PSD,v,,,,,04/10/2026 17:52:44,sim
1,04/10/2026,6257,Presidente,1,municipio,TO,92002,1703206,BERNARDO SAYÃO,,PT/PC do B/PV,FEDERAÇÃO BRASIL DA ESPERANÇA - FE BRASIL,PT/PC do B/PV,BRASIL PRONTO PRA MAIS,c,PSB / PDT / PCDOB / PT / PV / PSOL / REDE,,13,PT,PARTIDO DOS TRABALHADORES,101,13,280002542548,LUIZ INÁCIO LULA DA SILVA,LULA,06/10/1945,2,Válido,nao,,1155,39.94,39.937759336,GERALDO JOSE RODRIGUES ALCKMIN FILHO,GERALDO ALCKMIN,PSB,v,,,,,04/10/2026 17:52:44,sim
1,04/10/2026,6257,Presidente,1,municipio,TO,92002,1703206,BERNARDO SAYÃO,,,,,DEMOCRACIA CRISTÃ,i,DC,0,27,DC,DEMOCRACIA CRISTÃ,,27,280002552484,CLARIANA ZACARKIM BARAO,CLARIANA BARAO,03/04/1987,8,Válido,nao,,1,0.03,0.034578147,FABIANA CRISTINA TAVARES TORQUATO,FABIANA TORQUATO,DC,v,,,,,04/10/2026 17:52:44,sim
1,04/10/2026,6257,Presidente,1,municipio,TO,92002,1703206,BERNARDO SAYÃO,,,,,PARTIDO COMUNISTA BRASILEIRO,i,PCB,0,21,PCB,PARTIDO COMUNISTA BRASILEIRO,,21,280002551975,EDMILSON SILVA COSTA,EDMILSON COSTA,08/04/1950,10,Válido,nao,,0,0.00,0,CLEUSA DOS SANTOS,CLEUSA SANTOS,PCB,v,,,,,04/10/2026 17:52:44,sim
1,04/10/2026,6257,Presidente,1,municipio,TO,92002,1703206,BERNARDO SAYÃO,,,,,PARTIDO SOCIALISTA  DOS TRABALHADORES UNIFICADO,i,PSTU,0,16,PSTU,PARTIDO SOCIALISTA  DOS TRABALHADORES UNIFICADO,,16,280002541457,HERTZ DA CONCEICAO DIAS,HERTZ DIAS,20/10/1970,9,Válido,nao,,0,0.00,0,VANESSA PORTUGAL BARBOSA,VANESSA PORTUGAL,PSTU,v,,,,,04/10/2026 17:52:44,sim
1,04/10/2026,6257,Presidente,1,municipio,TO,92002,1703206,BERNARDO SAYÃO,,,,,BRASIL DOS NOSSOS SONHOS,c,AGIR / AVANTE,,70,AVANTE,AVANTE,,70,280002551547,AUGUSTO JORGE CURY,ESCRITOR AUGUSTO CURY,02/10/1958,3,Válido,nao,,48,1.66,1.659751037,JULIO CESAR DELGADO,JÚLIO DELGADO,AVANTE,v,,,,,04/10/2026 17:52:44,sim
1,04/10/2026,6257,Presidente,1,municipio,TO,92002,1703206,BERNARDO SAYÃO,,,,,PARTIDO NOVO,i,NOVO,0,30,NOVO,PARTIDO NOVO,,30,280002539826,ROMEU ZEMA NETO,ZEMA,28/10/1964,6,Válido,nao,,0,0.00,0,LUIS EDUARDO GRANGEIRO GIRÃO,EDUARDO GIRÃO,NOVO,v,,,,,04/10/2026 17:52:44,sim
1,04/10/2026,6257,Presidente,1,municipio,TO,92002,1703206,BERNARDO SAYÃO,,,,,UNIDADE POPULAR,i,UP,0,80,UP,UNIDADE POPULAR,,80,280002538811,SAMARA MARTINS DA SILVA FEITOSA,SAMARA,31/08/1987,7,Válido,nao,,1,0.03,0.034578147,RAQUEL NONATO DE BRICIO,RAQUEL BRÍCIO,UP,v,,,,,04/10/2026 17:52:44,sim
1,04/10/2026,6257,Presidente,1,municipio,TO,92002,1703206,BERNARDO SAYÃO,,,,,DEMOCRATA,i,DEMOCRATA,0,35,DEMOCRATA,DEMOCRATA,,35,280002548139,WILSON GRASSI JUNIOR,VETERINÁRIO WILSON GRASSI,13/03/1970,11,Válido,nao,,0,0.00,0,SUÊD HAIDAR NOGUEIRA,SUÊD HAIDAR,DEMOCRATA,v,,,,,04/10/2026 17:52:44,sim
1,04/10/2026,6257,Presidente,1,municipio,TO,92002,1703206,BERNARDO SAYÃO,,,,,PARTIDO MISSÃO,i,MISSÃO,0,14,MISSÃO,PARTIDO MISSÃO,,14,280002540694,RENAN ANTONIO FERREIRA DOS SANTOS,RENAN SANTOS,14/02/1984,5,Válido,nao,,31,1.07,1.071922545,AROLDO MEDINA,CORONEL MEDINA,MISSÃO,v,,,,,04/10/2026 17:52:44,sim
1,04/10/2026,6257,Presidente,1,municipio,TO,92002,1703206,BERNARDO SAYÃO,,,,,PARTIDO DA CAUSA OPERÁRIA,i,PCO,0,29,PCO,PARTIDO DA CAUSA OPERÁRIA,,29,280002552487,RUI COSTA PIMENTA,RUI COSTA PIMENTA,25/06/1957,12,Válido,nao,,0,0.00,0,ANTONIO CARLOS SILVA,ANTÔNIO CARLOS,PCO,v,,,,,04/10/2026 17:52:44,sim
1,04/10/2026,6257,Presidente,1,municipio,TO,92045,1703800,BURITI DO TOCANTINS,,,,,PARTIDO LIBERAL,i,PL,0,22,PL,PARTIDO LIBERAL,,22,280002551544,FLAVIO NANTES BOLSONARO,FLAVIO BOLSONARO,30/04/1981,1,Válido,nao,,2296,43.21,43.206624012,ALFREDO GASPAR DE MENDONÇA NETO,ALFREDO GASPAR,PL,v,,,,,04/10/2026 19:08:20,sim
1,04/10/2026,6257,Presidente,1,municipio,TO,92045,1703800,BURITI DO TOCANTINS,,,,,PARTIDO SOCIAL DEMOCRÁTICO,i,PSD,0,55,PSD,PARTIDO SOCIAL DEMOCRÁTICO,,55,280002551932,RONALDO RAMOS CAIADO,RONALDO CAIADO,25/09/1949,5,Válido,nao,,62,1.17,1.166729394,GILBERTO KASSAB,GILBERTO KASSAB,PSD,v,,,,,04/10/2026 19:08:20,sim
1,04/10/2026,6257,Presidente,1,municipio,TO,92045,1703800,BURITI DO TOCANTINS,,PT/PC do B/PV,FEDERAÇÃO BRASIL DA ESPERANÇA - FE BRASIL,PT/PC do B/PV,BRASIL PRONTO PRA MAIS,c,PSB / PDT / PCDOB / PT / PV / PSOL / REDE,,13,PT,PARTIDO DOS TRABALHADORES,101,13,280002542548,LUIZ INÁCIO LULA DA SILVA,LULA,06/10/1945,2,Válido,nao,,2793,52.56,52.559277381,GERALDO JOSE RODRIGUES ALCKMIN FILHO,GERALDO ALCKMIN,PSB,v,,,,,04/10/2026 19:08:20,sim
1,04/10/2026,6257,Presidente,1,municipio,TO,92045,1703800,BURITI DO TOCANTINS,,,,,DEMOCRACIA CRISTÃ,i,DC,0,27,DC,DEMOCRACIA CRISTÃ,,27,280002552484,CLARIANA ZACARKIM BARAO,CLARIANA BARAO,03/04/1987,9,Válido,nao,,1,0.02,0.018818216,FABIANA CRISTINA TAVARES TORQUATO,FABIANA TORQUATO,DC,v,,,,,04/10/2026 19:08:20,sim
1,04/10/2026,6257,Presidente,1,municipio,TO,92045,1703800,BURITI DO TOCANTINS,,,,,PARTIDO COMUNISTA BRASILEIRO,i,PCB,0,21,PCB,PARTIDO COMUNISTA BRASILEIRO,,21,280002551975,EDMILSON SILVA COSTA,EDMILSON COSTA,08/04/1950,10,Válido,nao,,2,0.04,0.037636432,CLEUSA DOS SANTOS,CLEUSA SANTOS,PCB,v,,,,,04/10/2026 19:08:20,sim
1,04/10/2026,6257,Presidente,1,municipio,TO,92045,1703800,BURITI DO TOCANTINS,,,,,PARTIDO SOCIALISTA  DOS TRABALHADORES UNIFICADO,i,PSTU,0,16,PSTU,PARTIDO SOCIALISTA  DOS TRABALHADORES UNIFICADO,,16,280002541457,HERTZ DA CONCEICAO DIAS,HERTZ DIAS,20/10/1970,8,Válido,nao,,0,0.00,0,VANESSA PORTUGAL BARBOSA,VANESSA PORTUGAL,PSTU,v,,,,,04/10/2026 19:08:20,sim
1,04/10/2026,6257,Presidente,1,municipio,TO,92045,1703800,BURITI DO TOCANTINS,,,,,BRASIL DOS NOSSOS SONHOS,c,AGIR / AVANTE,,70,AVANTE,AVANTE,,70,280002551547,AUGUSTO JORGE CURY,ESCRITOR AUGUSTO CURY,02/10/1958,3,Válido,nao,,113,2.13,2.126458412,JULIO CESAR DELGADO,JÚLIO DELGADO,AVANTE,v,,,,,04/10/2026 19:08:20,sim
1,04/10/2026,6257,Presidente,1,municipio,TO,92045,1703800,BURITI DO TOCANTINS,,,,,PARTIDO NOVO,i,NOVO,0,30,NOVO,PARTIDO NOVO,,30,280002539826,ROMEU ZEMA NETO,ZEMA,28/10/1964,6,Válido,nao,,1,0.02,0.018818216,LUIS EDUARDO GRANGEIRO GIRÃO,EDUARDO GIRÃO,NOVO,v,,,,,04/10/2026 19:08:20,sim
1,04/10/2026,6257,Presidente,1,municipio,TO,92045,1703800,BURITI DO TOCANTINS,,,,,UNIDADE POPULAR,i,UP,0,80,UP,UNIDADE POPULAR,,80,280002538811,SAMARA MARTINS DA SILVA FEITOSA,SAMARA,31/08/1987,7,Válido,nao,,4,0.08,0.075272864,RAQUEL NONATO DE BRICIO,RAQUEL BRÍCIO,UP,v,,,,,04/10/2026 19:08:20,sim
1,04/10/2026,6257,Presidente,1,municipio,TO,92045,1703800,BURITI DO TOCANTINS,,,,,DEMOCRATA,i,DEMOCRATA,0,35,DEMOCRATA,DEMOCRATA,,35,280002548139,WILSON GRASSI JUNIOR,VETERINÁRIO WILSON GRASSI,13/03/1970,11,Válido,nao,,0,0.00,0,SUÊD HAIDAR NOGUEIRA,SUÊD HAIDAR,DEMOCRATA,v,,,,,04/10/2026 19:08:20,sim
1,04/10/2026,6257,Presidente,1,municipio,TO,92045,1703800,BURITI DO TOCANTINS,,,,,PARTIDO MISSÃO,i,MISSÃO,0,14,MISSÃO,PARTIDO MISSÃO,,14,280002540694,RENAN ANTONIO FERREIRA DOS SANTOS,RENAN SANTOS,14/02/1984,4,Válido,nao,,42,0.79,0.790365073,AROLDO MEDINA,CORONEL MEDINA,MISSÃO,v,,,,,04/10/2026 19:08:20,sim
1,04/10/2026,6257,Presidente,1,municipio,TO,92045,1703800,BURITI DO TOCANTINS,,,,,PARTIDO DA CAUSA OPERÁRIA,i,PCO,0,29,PCO,PARTIDO DA CAUSA OPERÁRIA,,29,280002552487,RUI COSTA PIMENTA,RUI COSTA PIMENTA,25/06/1957,12,Válido,nao,,0,0.00,0,ANTONIO CARLOS SILVA,ANTÔNIO CARLOS,PCO,v,,,,,04/10/2026 19:08:20,sim
1,04/10/2026,6257,Presidente,1,municipio,TO,92070,1700400,ALMAS,,,,,PARTIDO LIBERAL,i,PL,0,22,PL,PARTIDO LIBERAL,,22,280002551544,FLAVIO NANTES BOLSONARO,FLAVIO BOLSONARO,30/04/1981,1,Válido,nao,,1590,36.98,36.976744186,ALFREDO GASPAR DE MENDONÇA NETO,ALFREDO GASPAR,PL,v,,,,,04/10/2026 18:24:57,sim
1,04/10/2026,6257,Presidente,1,municipio,TO,92070,1700400,ALMAS,,,,,PARTIDO SOCIAL DEMOCRÁTICO,i,PSD,0,55,PSD,PARTIDO SOCIAL DEMOCRÁTICO,,55,280002551932,RONALDO RAMOS CAIADO,RONALDO CAIADO,25/09/1949,4,Válido,nao,,131,3.05,3.046511628,GILBERTO KASSAB,GILBERTO KASSAB,PSD,v,,,,,04/10/2026 18:24:57,sim
1,04/10/2026,6257,Presidente,1,municipio,TO,92070,1700400,ALMAS,,PT/PC do B/PV,FEDERAÇÃO BRASIL DA ESPERANÇA - FE BRASIL,PT/PC do B/PV,BRASIL PRONTO PRA MAIS,c,PSB / PDT / PCDOB / PT / PV / PSOL / REDE,,13,PT,PARTIDO DOS TRABALHADORES,101,13,280002542548,LUIZ INÁCIO LULA DA SILVA,LULA,06/10/1945,2,Válido,nao,,2446,56.88,56.883720930,GERALDO JOSE RODRIGUES ALCKMIN FILHO,GERALDO ALCKMIN,PSB,v,,,,,04/10/2026 18:24:57,sim
1,04/10/2026,6257,Presidente,1,municipio,TO,92070,1700400,ALMAS,,,,,DEMOCRACIA CRISTÃ,i,DC,0,27,DC,DEMOCRACIA CRISTÃ,,27,280002552484,CLARIANA ZACARKIM BARAO,CLARIANA BARAO,03/04/1987,8,Válido,nao,,0,0.00,0,FABIANA CRISTINA TAVARES TORQUATO,FABIANA TORQUATO,DC,v,,,,,04/10/2026 18:24:57,sim
1,04/10/2026,6257,Presidente,1,municipio,TO,92070,1700400,ALMAS,,,,,PARTIDO COMUNISTA BRASILEIRO,i,PCB,0,21,PCB,PARTIDO COMUNISTA BRASILEIRO,,21,280002551975,EDMILSON SILVA COSTA,EDMILSON COSTA,08/04/1950,10,Válido,nao,,0,0.00,0,CLEUSA DOS SANTOS,CLEUSA SANTOS,PCB,v,,,,,04/10/2026 18:24:57,sim
1,04/10/2026,6257,Presidente,1,municipio,TO,92070,1700400,ALMAS,,,,,PARTIDO SOCIALISTA  DOS TRABALHADORES UNIFICADO,i,PSTU,0,16,PSTU,PARTIDO SOCIALISTA  DOS TRABALHADORES UNIFICADO,,16,280002541457,HERTZ DA CONCEICAO DIAS,HERTZ DIAS,20/10/1970,9,Válido,nao,,0,0.00,0,VANESSA PORTUGAL BARBOSA,VANESSA PORTUGAL,PSTU,v,,,,,04/10/2026 18:24:57,sim
1,04/10/2026,6257,Presidente,1,municipio,TO,92070,1700400,ALMAS,,,,,BRASIL DOS NOSSOS SONHOS,c,AGIR / AVANTE,,70,AVANTE,AVANTE,,70,280002551547,AUGUSTO JORGE CURY,ESCRITOR AUGUSTO CURY,02/10/1958,3,Válido,nao,,91,2.12,2.116279070,JULIO CESAR DELGADO,JÚLIO DELGADO,AVANTE,v,,,,,04/10/2026 18:24:57,sim
1,04/10/2026,6257,Presidente,1,municipio,TO,92070,1700400,ALMAS,,,,,PARTIDO NOVO,i,NOVO,0,30,NOVO,PARTIDO NOVO,,30,280002539826,ROMEU ZEMA NETO,ZEMA,28/10/1964,6,Válido,nao,,3,0.07,0.069767442,LUIS EDUARDO GRANGEIRO GIRÃO,EDUARDO GIRÃO,NOVO,v,,,,,04/10/2026 18:24:57,sim
1,04/10/2026,6257,Presidente,1,municipio,TO,92070,1700400,ALMAS,,,,,UNIDADE POPULAR,i,UP,0,80,UP,UNIDADE POPULAR,,80,280002538811,SAMARA MARTINS DA SILVA FEITOSA,SAMARA,31/08/1987,7,Válido,nao,,1,0.02,0.023255814,RAQUEL NONATO DE BRICIO,RAQUEL BRÍCIO,UP,v,,,,,04/10/2026 18:24:57,sim
1,04/10/2026,6257,Presidente,1,municipio,TO,92070,1700400,ALMAS,,,,,DEMOCRATA,i,DEMOCRATA,0,35,DEMOCRATA,DEMOCRATA,,35,280002548139,WILSON GRASSI JUNIOR,VETERINÁRIO WILSON GRASSI,13/03/1970,11,Válido,nao,,1,0.02,0.023255814,SUÊD HAIDAR NOGUEIRA,SUÊD HAIDAR,DEMOCRATA,v,,,,,04/10/2026 18:24:57,sim
1,04/10/2026,6257,Presidente,1,municipio,TO,92070,1700400,ALMAS,,,,,PARTIDO MISSÃO,i,MISSÃO,0,14,MISSÃO,PARTIDO MISSÃO,,14,280002540694,RENAN ANTONIO FERREIRA DOS SANTOS,RENAN SANTOS,14/02/1984,5,Válido,nao,,37,0.86,0.860465116,AROLDO MEDINA,CORONEL MEDINA,MISSÃO,v,,,,,04/10/2026 18:24:57,sim
1,04/10/2026,6257,Presidente,1,municipio,TO,92070,1700400,ALMAS,,,,,PARTIDO DA CAUSA OPERÁRIA,i,PCO,0,29,PCO,PARTIDO DA CAUSA OPERÁRIA,,29,280002552487,RUI COSTA PIMENTA,RUI COSTA PIMENTA,25/06/1957,12,Válido,nao,,0,0.00,0,ANTONIO CARLOS SILVA,ANTÔNIO CARLOS,PCO,v,,,,,04/10/2026 18:24:57,sim
1,04/10/2026,6257,Presidente,1,municipio,TO,92088,1703909,CASEARA,,,,,PARTIDO LIBERAL,i,PL,0,22,PL,PARTIDO LIBERAL,,22,280002551544,FLAVIO NANTES BOLSONARO,FLAVIO BOLSONARO,30/04/1981,1,Válido,nao,,1518,48.41,48.405612245,ALFREDO GASPAR DE MENDONÇA NETO,ALFREDO GASPAR,PL,v,,,,,04/10/2026 18:50:13,sim
1,04/10/2026,6257,Presidente,1,municipio,TO,92088,1703909,CASEARA,,,,,PARTIDO SOCIAL DEMOCRÁTICO,i,PSD,0,55,PSD,PARTIDO SOCIAL DEMOCRÁTICO,,55,280002551932,RONALDO RAMOS CAIADO,RONALDO CAIADO,25/09/1949,4,Válido,nao,,60,1.91,1.913265306,GILBERTO KASSAB,GILBERTO KASSAB,PSD,v,,,,,04/10/2026 18:50:13,sim
1,04/10/2026,6257,Presidente,1,municipio,TO,92088,1703909,CASEARA,,PT/PC do B/PV,FEDERAÇÃO BRASIL DA ESPERANÇA - FE BRASIL,PT/PC do B/PV,BRASIL PRONTO PRA MAIS,c,PSB / PDT / PCDOB / PT / PV / PSOL / REDE,,13,PT,PARTIDO DOS TRABALHADORES,101,13,280002542548,LUIZ INÁCIO LULA DA SILVA,LULA,06/10/1945,2,Válido,nao,,1470,46.88,46.875000000,GERALDO JOSE RODRIGUES ALCKMIN FILHO,GERALDO ALCKMIN,PSB,v,,,,,04/10/2026 18:50:13,sim
1,04/10/2026,6257,Presidente,1,municipio,TO,92088,1703909,CASEARA,,,,,DEMOCRACIA CRISTÃ,i,DC,0,27,DC,DEMOCRACIA CRISTÃ,,27,280002552484,CLARIANA ZACARKIM BARAO,CLARIANA BARAO,03/04/1987,9,Válido,nao,,1,0.03,0.031887755,FABIANA CRISTINA TAVARES TORQUATO,FABIANA TORQUATO,DC,v,,,,,04/10/2026 18:50:13,sim
1,04/10/2026,6257,Presidente,1,municipio,TO,92088,1703909,CASEARA,,,,,PARTIDO COMUNISTA BRASILEIRO,i,PCB,0,21,PCB,PARTIDO COMUNISTA BRASILEIRO,,21,280002551975,EDMILSON SILVA COSTA,EDMILSON COSTA,08/04/1950,10,Válido,nao,,1,0.03,0.031887755,CLEUSA DOS SANTOS,CLEUSA SANTOS,PCB,v,,,,,04/10/2026 18:50:13,sim
1,04/10/2026,6257,Presidente,1,municipio,TO,92088,1703909,CASEARA,,,,,PARTIDO SOCIALISTA  DOS TRABALHADORES UNIFICADO,i,PSTU,0,16,PSTU,PARTIDO SOCIALISTA  DOS TRABALHADORES UNIFICADO,,16,280002541457,HERTZ DA CONCEICAO DIAS,HERTZ DIAS,20/10/1970,8,Válido,nao,,0,0.00,0,VANESSA PORTUGAL BARBOSA,VANESSA PORTUGAL,PSTU,v,,,,,04/10/2026 18:50:13,sim
1,04/10/2026,6257,Presidente,1,municipio,TO,92088,1703909,CASEARA,,,,,BRASIL DOS NOSSOS SONHOS,c,AGIR / AVANTE,,70,AVANTE,AVANTE,,70,280002551547,AUGUSTO JORGE CURY,ESCRITOR AUGUSTO CURY,02/10/1958,3,Válido,nao,,66,2.10,2.104591837,JULIO CESAR DELGADO,JÚLIO DELGADO,AVANTE,v,,,,,04/10/2026 18:50:13,sim
1,04/10/2026,6257,Presidente,1,municipio,TO,92088,1703909,CASEARA,,,,,PARTIDO NOVO,i,NOVO,0,30,NOVO,PARTIDO NOVO,,30,280002539826,ROMEU ZEMA NETO,ZEMA,28/10/1964,6,Válido,nao,,0,0.00,0,LUIS EDUARDO GRANGEIRO GIRÃO,EDUARDO GIRÃO,NOVO,v,,,,,04/10/2026 18:50:13,sim
1,04/10/2026,6257,Presidente,1,municipio,TO,92088,1703909,CASEARA,,,,,UNIDADE POPULAR,i,UP,0,80,UP,UNIDADE POPULAR,,80,280002538811,SAMARA MARTINS DA SILVA FEITOSA,SAMARA,31/08/1987,7,Válido,nao,,0,0.00,0,RAQUEL NONATO DE BRICIO,RAQUEL BRÍCIO,UP,v,,,,,04/10/2026 18:50:13,sim
1,04/10/2026,6257,Presidente,1,municipio,TO,92088,1703909,CASEARA,,,,,DEMOCRATA,i,DEMOCRATA,0,35,DEMOCRATA,DEMOCRATA,,35,280002548139,WILSON GRASSI JUNIOR,VETERINÁRIO WILSON GRASSI,13/03/1970,11,Válido,nao,,0,0.00,0,SUÊD HAIDAR NOGUEIRA,SUÊD HAIDAR,DEMOCRATA,v,,,,,04/10/2026 18:50:13,sim
1,04/10/2026,6257,Presidente,1,municipio,TO,92088,1703909,CASEARA,,,,,PARTIDO MISSÃO,i,MISSÃO,0,14,MISSÃO,PARTIDO MISSÃO,,14,280002540694,RENAN ANTONIO FERREIRA DOS SANTOS,RENAN SANTOS,14/02/1984,5,Válido,nao,,19,0.61,0.605867347,AROLDO MEDINA,CORONEL MEDINA,MISSÃO,v,,,,,04/10/2026 18:50:13,sim
1,04/10/2026,6257,Presidente,1,municipio,TO,92088,1703909,CASEARA,,,,,PARTIDO DA CAUSA OPERÁRIA,i,PCO,0,29,PCO,PARTIDO DA CAUSA OPERÁRIA,,29,280002552487,RUI COSTA PIMENTA,RUI COSTA PIMENTA,25/06/1957,12,Válido,nao,,1,0.03,0.031887755,ANTONIO CARLOS SILVA,ANTÔNIO CARLOS,PCO,v,,,,,04/10/2026 18:50:13,sim
1,04/10/2026,6257,Presidente,1,municipio,TO,92134,1700707,ALVORADA,,,,,PARTIDO LIBERAL,i,PL,0,22,PL,PARTIDO LIBERAL,,22,280002551544,FLAVIO NANTES BOLSONARO,FLAVIO BOLSONARO,30/04/1981,1,Válido,nao,,3557,59.53,59.531380753,ALFREDO GASPAR DE MENDONÇA NETO,ALFREDO GASPAR,PL,v,,,,,04/10/2026 18:22:49,sim
1,04/10/2026,6257,Presidente,1,municipio,TO,92134,1700707,ALVORADA,,,,,PARTIDO SOCIAL DEMOCRÁTICO,i,PSD,0,55,PSD,PARTIDO SOCIAL DEMOCRÁTICO,,55,280002551932,RONALDO RAMOS CAIADO,RONALDO CAIADO,25/09/1949,4,Válido,nao,,151,2.53,2.527196653,GILBERTO KASSAB,GILBERTO KASSAB,PSD,v,,,,,04/10/2026 18:22:49,sim
1,04/10/2026,6257,Presidente,1,municipio,TO,92134,1700707,ALVORADA,,PT/PC do B/PV,FEDERAÇÃO BRASIL DA ESPERANÇA - FE BRASIL,PT/PC do B/PV,BRASIL PRONTO PRA MAIS,c,PSB / PDT / PCDOB / PT / PV / PSOL / REDE,,13,PT,PARTIDO DOS TRABALHADORES,101,13,280002542548,LUIZ INÁCIO LULA DA SILVA,LULA,06/10/1945,2,Válido,nao,,2101,35.16,35.163179916,GERALDO JOSE RODRIGUES ALCKMIN FILHO,GERALDO ALCKMIN,PSB,v,,,,,04/10/2026 18:22:49,sim
1,04/10/2026,6257,Presidente,1,municipio,TO,92134,1700707,ALVORADA,,,,,PARTIDO SOCIALISTA  DOS TRABALHADORES UNIFICADO,i,PSTU,0,16,PSTU,PARTIDO SOCIALISTA  DOS TRABALHADORES UNIFICADO,,16,280002541457,HERTZ DA CONCEICAO DIAS,HERTZ DIAS,20/10/1970,9,Válido,nao,,0,0.00,0,VANESSA PORTUGAL BARBOSA,VANESSA PORTUGAL,PSTU,v,,,,,04/10/2026 18:22:49,sim
1,04/10/2026,6257,Presidente,1,municipio,TO,92134,1700707,ALVORADA,,,,,PARTIDO COMUNISTA BRASILEIRO,i,PCB,0,21,PCB,PARTIDO COMUNISTA BRASILEIRO,,21,280002551975,EDMILSON SILVA COSTA,EDMILSON COSTA,08/04/1950,10,Válido,nao,,2,0.03,0.033472803,CLEUSA DOS SANTOS,CLEUSA SANTOS,PCB,v,,,,,04/10/2026 18:22:49,sim
1,04/10/2026,6257,Presidente,1,municipio,TO,92134,1700707,ALVORADA,,,,,DEMOCRACIA CRISTÃ,i,DC,0,27,DC,DEMOCRACIA CRISTÃ,,27,280002552484,CLARIANA ZACARKIM BARAO,CLARIANA BARAO,03/04/1987,8,Válido,nao,,0,0.00,0,FABIANA CRISTINA TAVARES TORQUATO,FABIANA TORQUATO,DC,v,,,,,04/10/2026 18:22:49,sim
1,04/10/2026,6257,Presidente,1,municipio,TO,92134,1700707,ALVORADA,,,,,PARTIDO NOVO,i,NOVO,0,30,NOVO,PARTIDO NOVO,,30,280002539826,ROMEU ZEMA NETO,ZEMA,28/10/1964,6,Válido,nao,,0,0.00,0,LUIS EDUARDO GRANGEIRO GIRÃO,EDUARDO GIRÃO,NOVO,v,,,,,04/10/2026 18:22:49,sim
1,04/10/2026,6257,Presidente,1,municipio,TO,92134,1700707,ALVORADA,,,,,BRASIL DOS NOSSOS SONHOS,c,AGIR / AVANTE,,70,AVANTE,AVANTE,,70,280002551547,AUGUSTO JORGE CURY,ESCRITOR AUGUSTO CURY,02/10/1958,3,Válido,nao,,80,1.34,1.338912134,JULIO CESAR DELGADO,JÚLIO DELGADO,AVANTE,v,,,,,04/10/2026 18:22:49,sim
1,04/10/2026,6257,Presidente,1,municipio,TO,92134,1700707,ALVORADA,,,,,DEMOCRATA,i,DEMOCRATA,0,35,DEMOCRATA,DEMOCRATA,,35,280002548139,WILSON GRASSI JUNIOR,VETERINÁRIO WILSON GRASSI,13/03/1970,11,Válido,nao,,0,0.00,0,SUÊD HAIDAR NOGUEIRA,SUÊD HAIDAR,DEMOCRATA,v,,,,,04/10/2026 18:22:49,sim
1,04/10/2026,6257,Presidente,1,municipio,TO,92134,1700707,ALVORADA,,,,,UNIDADE POPULAR,i,UP,0,80,UP,UNIDADE POPULAR,,80,280002538811,SAMARA MARTINS DA SILVA FEITOSA,SAMARA,31/08/1987,7,Válido,nao,,2,0.03,0.033472803,RAQUEL NONATO DE BRICIO,RAQUEL BRÍCIO,UP,v,,,,,04/10/2026 18:22:49,sim
1,04/10/2026,6257,Presidente,1,municipio,TO,92134,1700707,ALVORADA,,,,,PARTIDO MISSÃO,i,MISSÃO,0,14,MISSÃO,PARTIDO MISSÃO,,14,280002540694,RENAN ANTONIO FERREIRA DOS SANTOS,RENAN SANTOS,14/02/1984,5,Válido,nao,,81,1.36,1.355648536,AROLDO MEDINA,CORONEL MEDINA,MISSÃO,v,,,,,04/10/2026 18:22:49,sim
1,04/10/2026,6257,Presidente,1,municipio,TO,92134,1700707,ALVORADA,,,,,PARTIDO DA CAUSA OPERÁRIA,i,PCO,0,29,PCO,PARTIDO DA CAUSA OPERÁRIA,,29,280002552487,RUI COSTA PIMENTA,RUI COSTA PIMENTA,25/06/1957,12,Válido,nao,,1,0.02,0.016736402,ANTONIO CARLOS SILVA,ANTÔNIO CARLOS,PCO,v,,,,,04/10/2026 18:22:49,sim
1,04/10/2026,6257,Presidente,1,municipio,TO,92142,1705557,COMBINADO,,,,,PARTIDO LIBERAL,i,PL,0,22,PL,PARTIDO LIBERAL,,22,280002551544,FLAVIO NANTES BOLSONARO,FLAVIO BOLSONARO,30/04/1981,1,Válido,nao,,1548,49.54,49.536000000,ALFREDO GASPAR DE MENDONÇA NETO,ALFREDO GASPAR,PL,v,,,,,04/10/2026 18:39:53,sim
1,04/10/2026,6257,Presidente,1,municipio,TO,92142,1705557,COMBINADO,,,,,PARTIDO SOCIAL DEMOCRÁTICO,i,PSD,0,55,PSD,PARTIDO SOCIAL DEMOCRÁTICO,,55,280002551932,RONALDO RAMOS CAIADO,RONALDO CAIADO,25/09/1949,4,Válido,nao,,141,4.51,4.512000000,GILBERTO KASSAB,GILBERTO KASSAB,PSD,v,,,,,04/10/2026 18:39:53,sim
1,04/10/2026,6257,Presidente,1,municipio,TO,92142,1705557,COMBINADO,,PT/PC do B/PV,FEDERAÇÃO BRASIL DA ESPERANÇA - FE BRASIL,PT/PC do B/PV,BRASIL PRONTO PRA MAIS,c,PSB / PDT / PCDOB / PT / PV / PSOL / REDE,,13,PT,PARTIDO DOS TRABALHADORES,101,13,280002542548,LUIZ INÁCIO LULA DA SILVA,LULA,06/10/1945,2,Válido,nao,,1339,42.85,42.848000000,GERALDO JOSE RODRIGUES ALCKMIN FILHO,GERALDO ALCKMIN,PSB,v,,,,,04/10/2026 18:39:53,sim
1,04/10/2026,6257,Presidente,1,municipio,TO,92142,1705557,COMBINADO,,,,,DEMOCRACIA CRISTÃ,i,DC,0,27,DC,DEMOCRACIA CRISTÃ,,27,280002552484,CLARIANA ZACARKIM BARAO,CLARIANA BARAO,03/04/1987,9,Válido,nao,,0,0.00,0,FABIANA CRISTINA TAVARES TORQUATO,FABIANA TORQUATO,DC,v,,,,,04/10/2026 18:39:53,sim
1,04/10/2026,6257,Presidente,1,municipio,TO,92142,1705557,COMBINADO,,,,,PARTIDO COMUNISTA BRASILEIRO,i,PCB,0,21,PCB,PARTIDO COMUNISTA BRASILEIRO,,21,280002551975,EDMILSON SILVA COSTA,EDMILSON COSTA,08/04/1950,10,Válido,nao,,1,0.03,0.032000000,CLEUSA DOS SANTOS,CLEUSA SANTOS,PCB,v,,,,,04/10/2026 18:39:53,sim
1,04/10/2026,6257,Presidente,1,municipio,TO,92142,1705557,COMBINADO,,,,,PARTIDO SOCIALISTA  DOS TRABALHADORES UNIFICADO,i,PSTU,0,16,PSTU,PARTIDO SOCIALISTA  DOS TRABALHADORES UNIFICADO,,16,280002541457,HERTZ DA CONCEICAO DIAS,HERTZ DIAS,20/10/1970,8,Válido,nao,,0,0.00,0,VANESSA PORTUGAL BARBOSA,VANESSA PORTUGAL,PSTU,v,,,,,04/10/2026 18:39:53,sim
1,04/10/2026,6257,Presidente,1,municipio,TO,92142,1705557,COMBINADO,,,,,BRASIL DOS NOSSOS SONHOS,c,AGIR / AVANTE,,70,AVANTE,AVANTE,,70,280002551547,AUGUSTO JORGE CURY,ESCRITOR AUGUSTO CURY,02/10/1958,3,Válido,nao,,71,2.27,2.272000000,JULIO CESAR DELGADO,JÚLIO DELGADO,AVANTE,v,,,,,04/10/2026 18:39:53,sim
1,04/10/2026,6257,Presidente,1,municipio,TO,92142,1705557,COMBINADO,,,,,PARTIDO NOVO,i,NOVO,0,30,NOVO,PARTIDO NOVO,,30,280002539826,ROMEU ZEMA NETO,ZEMA,28/10/1964,6,Válido,nao,,0,0.00,0,LUIS EDUARDO GRANGEIRO GIRÃO,EDUARDO GIRÃO,NOVO,v,,,,,04/10/2026 18:39:53,sim
1,04/10/2026,6257,Presidente,1,municipio,TO,92142,1705557,COMBINADO,,,,,UNIDADE POPULAR,i,UP,0,80,UP,UNIDADE POPULAR,,80,280002538811,SAMARA MARTINS DA SILVA FEITOSA,SAMARA,31/08/1987,7,Válido,nao,,0,0.00,0,RAQUEL NONATO DE BRICIO,RAQUEL BRÍCIO,UP,v,,,,,04/10/2026 18:39:53,sim
1,04/10/2026,6257,Presidente,1,municipio,TO,92142,1705557,COMBINADO,,,,,DEMOCRATA,i,DEMOCRATA,0,35,DEMOCRATA,DEMOCRATA,,35,280002548139,WILSON GRASSI JUNIOR,VETERINÁRIO WILSON GRASSI,13/03/1970,11,Válido,nao,,0,0.00,0,SUÊD HAIDAR NOGUEIRA,SUÊD HAIDAR,DEMOCRATA,v,,,,,04/10/2026 18:39:53,sim
1,04/10/2026,6257,Presidente,1,municipio,TO,92142,1705557,COMBINADO,,,,,PARTIDO MISSÃO,i,MISSÃO,0,14,MISSÃO,PARTIDO MISSÃO,,14,280002540694,RENAN ANTONIO FERREIRA DOS SANTOS,RENAN SANTOS,14/02/1984,5,Válido,nao,,25,0.80,0.800000000,AROLDO MEDINA,CORONEL MEDINA,MISSÃO,v,,,,,04/10/2026 18:39:53,sim
1,04/10/2026,6257,Presidente,1,municipio,TO,92142,1705557,COMBINADO,,,,,PARTIDO DA CAUSA OPERÁRIA,i,PCO,0,29,PCO,PARTIDO DA CAUSA OPERÁRIA,,29,280002552487,RUI COSTA PIMENTA,RUI COSTA PIMENTA,25/06/1957,12,Válido,nao,,0,0.00,0,ANTONIO CARLOS SILVA,ANTÔNIO CARLOS,PCO,v,,,,,04/10/2026 18:39:53,sim
1,04/10/2026,6257,Presidente,1,municipio,TO,92185,1707108,DIVINÓPOLIS DO TOCANTINS,,,,,PARTIDO LIBERAL,i,PL,0,22,PL,PARTIDO LIBERAL,,22,280002551544,FLAVIO NANTES BOLSONARO,FLAVIO BOLSONARO,30/04/1981,1,Válido,nao,,2153,48.22,48.219484882,ALFREDO GASPAR DE MENDONÇA NETO,ALFREDO GASPAR,PL,v,,,,,04/10/2026 18:25:54,sim
1,04/10/2026,6257,Presidente,1,municipio,TO,92185,1707108,DIVINÓPOLIS DO TOCANTINS,,,,,PARTIDO SOCIAL DEMOCRÁTICO,i,PSD,0,55,PSD,PARTIDO SOCIAL DEMOCRÁTICO,,55,280002551932,RONALDO RAMOS CAIADO,RONALDO CAIADO,25/09/1949,4,Válido,nao,,72,1.61,1.612541993,GILBERTO KASSAB,GILBERTO KASSAB,PSD,v,,,,,04/10/2026 18:25:54,sim
1,04/10/2026,6257,Presidente,1,municipio,TO,92185,1707108,DIVINÓPOLIS DO TOCANTINS,,PT/PC do B/PV,FEDERAÇÃO BRASIL DA ESPERANÇA - FE BRASIL,PT/PC do B/PV,BRASIL PRONTO PRA MAIS,c,PSB / PDT / PCDOB / PT / PV / PSOL / REDE,,13,PT,PARTIDO DOS TRABALHADORES,101,13,280002542548,LUIZ INÁCIO LULA DA SILVA,LULA,06/10/1945,2,Válido,nao,,2086,46.72,46.718924972,GERALDO JOSE RODRIGUES ALCKMIN FILHO,GERALDO ALCKMIN,PSB,v,,,,,04/10/2026 18:25:54,sim
1,04/10/2026,6257,Presidente,1,municipio,TO,92185,1707108,DIVINÓPOLIS DO TOCANTINS,,,,,PARTIDO SOCIALISTA  DOS TRABALHADORES UNIFICADO,i,PSTU,0,16,PSTU,PARTIDO SOCIALISTA  DOS TRABALHADORES UNIFICADO,,16,280002541457,HERTZ DA CONCEICAO DIAS,HERTZ DIAS,20/10/1970,9,Válido,nao,,0,0.00,0,VANESSA PORTUGAL BARBOSA,VANESSA PORTUGAL,PSTU,v,,,,,04/10/2026 18:25:54,sim
1,04/10/2026,6257,Presidente,1,municipio,TO,92185,1707108,DIVINÓPOLIS DO TOCANTINS,,,,,PARTIDO COMUNISTA BRASILEIRO,i,PCB,0,21,PCB,PARTIDO COMUNISTA BRASILEIRO,,21,280002551975,EDMILSON SILVA COSTA,EDMILSON COSTA,08/04/1950,10,Válido,nao,,0,0.00,0,CLEUSA DOS SANTOS,CLEUSA SANTOS,PCB,v,,,,,04/10/2026 18:25:54,sim
1,04/10/2026,6257,Presidente,1,municipio,TO,92185,1707108,DIVINÓPOLIS DO TOCANTINS,,,,,DEMOCRACIA CRISTÃ,i,DC,0,27,DC,DEMOCRACIA CRISTÃ,,27,280002552484,CLARIANA ZACARKIM BARAO,CLARIANA BARAO,03/04/1987,8,Válido,nao,,0,0.00,0,FABIANA CRISTINA TAVARES TORQUATO,FABIANA TORQUATO,DC,v,,,,,04/10/2026 18:25:54,sim
1,04/10/2026,6257,Presidente,1,municipio,TO,92185,1707108,DIVINÓPOLIS DO TOCANTINS,,,,,PARTIDO NOVO,i,NOVO,0,30,NOVO,PARTIDO NOVO,,30,280002539826,ROMEU ZEMA NETO,ZEMA,28/10/1964,6,Válido,nao,,0,0.00,0,LUIS EDUARDO GRANGEIRO GIRÃO,EDUARDO GIRÃO,NOVO,v,,,,,04/10/2026 18:25:54,sim
1,04/10/2026,6257,Presidente,1,municipio,TO,92185,1707108,DIVINÓPOLIS DO TOCANTINS,,,,,BRASIL DOS NOSSOS SONHOS,c,AGIR / AVANTE,,70,AVANTE,AVANTE,,70,280002551547,AUGUSTO JORGE CURY,ESCRITOR AUGUSTO CURY,02/10/1958,3,Válido,nao,,103,2.31,2.306830907,JULIO CESAR DELGADO,JÚLIO DELGADO,AVANTE,v,,,,,04/10/2026 18:25:54,sim
1,04/10/2026,6257,Presidente,1,municipio,TO,92185,1707108,DIVINÓPOLIS DO TOCANTINS,,,,,DEMOCRATA,i,DEMOCRATA,0,35,DEMOCRATA,DEMOCRATA,,35,280002548139,WILSON GRASSI JUNIOR,VETERINÁRIO WILSON GRASSI,13/03/1970,11,Válido,nao,,1,0.02,0.022396417,SUÊD HAIDAR NOGUEIRA,SUÊD HAIDAR,DEMOCRATA,v,,,,,04/10/2026 18:25:54,sim
1,04/10/2026,6257,Presidente,1,municipio,TO,92185,1707108,DIVINÓPOLIS DO TOCANTINS,,,,,UNIDADE POPULAR,i,UP,0,80,UP,UNIDADE POPULAR,,80,280002538811,SAMARA MARTINS DA SILVA FEITOSA,SAMARA,31/08/1987,7,Válido,nao,,1,0.02,0.022396417,RAQUEL NONATO DE BRICIO,RAQUEL BRÍCIO,UP,v,,,,,04/10/2026 18:25:54,sim
1,04/10/2026,6257,Presidente,1,municipio,TO,92185,1707108,DIVINÓPOLIS DO TOCANTINS,,,,,PARTIDO MISSÃO,i,MISSÃO,0,14,MISSÃO,PARTIDO MISSÃO,,14,280002540694,RENAN ANTONIO FERREIRA DOS SANTOS,RENAN SANTOS,14/02/1984,5,Válido,nao,,49,1.10,1.097424412,AROLDO MEDINA,CORONEL MEDINA,MISSÃO,v,,,,,04/10/2026 18:25:54,sim
1,04/10/2026,6257,Presidente,1,municipio,TO,92185,1707108,DIVINÓPOLIS DO TOCANTINS,,,,,PARTIDO DA CAUSA OPERÁRIA,i,PCO,0,29,PCO,PARTIDO DA CAUSA OPERÁRIA,,29,280002552487,RUI COSTA PIMENTA,RUI COSTA PIMENTA,25/06/1957,12,Válido,nao,,0,0.00,0,ANTONIO CARLOS SILVA,ANTÔNIO CARLOS,PCO,v,,,,,04/10/2026 18:25:54,sim
1,04/10/2026,6257,Presidente,1,municipio,TO,92193,1701002,ANANÁS,,,,,PARTIDO LIBERAL,i,PL,0,22,PL,PARTIDO LIBERAL,,22,280002551544,FLAVIO NANTES BOLSONARO,FLAVIO BOLSONARO,30/04/1981,1,Válido,nao,,2493,40.75,40.748610657,ALFREDO GASPAR DE MENDONÇA NETO,ALFREDO GASPAR,PL,v,,,,,04/10/2026 18:44:23,sim
1,04/10/2026,6257,Presidente,1,municipio,TO,92193,1701002,ANANÁS,,,,,PARTIDO SOCIAL DEMOCRÁTICO,i,PSD,0,55,PSD,PARTIDO SOCIAL DEMOCRÁTICO,,55,280002551932,RONALDO RAMOS CAIADO,RONALDO CAIADO,25/09/1949,4,Válido,nao,,96,1.57,1.569140242,GILBERTO KASSAB,GILBERTO KASSAB,PSD,v,,,,,04/10/2026 18:44:23,sim
1,04/10/2026,6257,Presidente,1,municipio,TO,92193,1701002,ANANÁS,,PT/PC do B/PV,FEDERAÇÃO BRASIL DA ESPERANÇA - FE BRASIL,PT/PC do B/PV,BRASIL PRONTO PRA MAIS,c,PSB / PDT / PCDOB / PT / PV / PSOL / REDE,,13,PT,PARTIDO DOS TRABALHADORES,101,13,280002542548,LUIZ INÁCIO LULA DA SILVA,LULA,06/10/1945,2,Válido,nao,,3337,54.54,54.543968617,GERALDO JOSE RODRIGUES ALCKMIN FILHO,GERALDO ALCKMIN,PSB,v,,,,,04/10/2026 18:44:23,sim
1,04/10/2026,6257,Presidente,1,municipio,TO,92193,1701002,ANANÁS,,,,,PARTIDO SOCIALISTA  DOS TRABALHADORES UNIFICADO,i,PSTU,0,16,PSTU,PARTIDO SOCIALISTA  DOS TRABALHADORES UNIFICADO,,16,280002541457,HERTZ DA CONCEICAO DIAS,HERTZ DIAS,20/10/1970,8,Válido,nao,,0,0.00,0,VANESSA PORTUGAL BARBOSA,VANESSA PORTUGAL,PSTU,v,,,,,04/10/2026 18:44:23,sim
1,04/10/2026,6257,Presidente,1,municipio,TO,92193,1701002,ANANÁS,,,,,PARTIDO COMUNISTA BRASILEIRO,i,PCB,0,21,PCB,PARTIDO COMUNISTA BRASILEIRO,,21,280002551975,EDMILSON SILVA COSTA,EDMILSON COSTA,08/04/1950,10,Válido,nao,,0,0.00,0,CLEUSA DOS SANTOS,CLEUSA SANTOS,PCB,v,,,,,04/10/2026 18:44:23,sim
1,04/10/2026,6257,Presidente,1,municipio,TO,92193,1701002,ANANÁS,,,,,DEMOCRACIA CRISTÃ,i,DC,0,27,DC,DEMOCRACIA CRISTÃ,,27,280002552484,CLARIANA ZACARKIM BARAO,CLARIANA BARAO,03/04/1987,9,Válido,nao,,0,0.00,0,FABIANA CRISTINA TAVARES TORQUATO,FABIANA TORQUATO,DC,v,,,,,04/10/2026 18:44:23,sim
1,04/10/2026,6257,Presidente,1,municipio,TO,92193,1701002,ANANÁS,,,,,PARTIDO NOVO,i,NOVO,0,30,NOVO,PARTIDO NOVO,,30,280002539826,ROMEU ZEMA NETO,ZEMA,28/10/1964,6,Válido,nao,,1,0.02,0.016345211,LUIS EDUARDO GRANGEIRO GIRÃO,EDUARDO GIRÃO,NOVO,v,,,,,04/10/2026 18:44:23,sim
1,04/10/2026,6257,Presidente,1,municipio,TO,92193,1701002,ANANÁS,,,,,BRASIL DOS NOSSOS SONHOS,c,AGIR / AVANTE,,70,AVANTE,AVANTE,,70,280002551547,AUGUSTO JORGE CURY,ESCRITOR AUGUSTO CURY,02/10/1958,3,Válido,nao,,135,2.21,2.206603465,JULIO CESAR DELGADO,JÚLIO DELGADO,AVANTE,v,,,,,04/10/2026 18:44:23,sim
1,04/10/2026,6257,Presidente,1,municipio,TO,92193,1701002,ANANÁS,,,,,DEMOCRATA,i,DEMOCRATA,0,35,DEMOCRATA,DEMOCRATA,,35,280002548139,WILSON GRASSI JUNIOR,VETERINÁRIO WILSON GRASSI,13/03/1970,11,Válido,nao,,0,0.00,0,SUÊD HAIDAR NOGUEIRA,SUÊD HAIDAR,DEMOCRATA,v,,,,,04/10/2026 18:44:23,sim
1,04/10/2026,6257,Presidente,1,municipio,TO,92193,1701002,ANANÁS,,,,,UNIDADE POPULAR,i,UP,0,80,UP,UNIDADE POPULAR,,80,280002538811,SAMARA MARTINS DA SILVA FEITOSA,SAMARA,31/08/1987,7,Válido,nao,,2,0.03,0.032690422,RAQUEL NONATO DE BRICIO,RAQUEL BRÍCIO,UP,v,,,,,04/10/2026 18:44:23,sim
1,04/10/2026,6257,Presidente,1,municipio,TO,92193,1701002,ANANÁS,,,,,PARTIDO MISSÃO,i,MISSÃO,0,14,MISSÃO,PARTIDO MISSÃO,,14,280002540694,RENAN ANTONIO FERREIRA DOS SANTOS,RENAN SANTOS,14/02/1984,5,Válido,nao,,54,0.88,0.882641386,AROLDO MEDINA,CORONEL MEDINA,MISSÃO,v,,,,,04/10/2026 18:44:23,sim
1,04/10/2026,6257,Presidente,1,municipio,TO,92193,1701002,ANANÁS,,,,,PARTIDO DA CAUSA OPERÁRIA,i,PCO,0,29,PCO,PARTIDO DA CAUSA OPERÁRIA,,29,280002552487,RUI COSTA PIMENTA,RUI COSTA PIMENTA,25/06/1957,12,Válido,nao,,0,0.00,0,ANTONIO CARLOS SILVA,ANTÔNIO CARLOS,PCO,v,,,,,04/10/2026 18:44:23,sim
1,04/10/2026,6257,Presidente,1,municipio,TO,92240,1708304,GOIANORTE,,,,,PARTIDO LIBERAL,i,PL,0,22,PL,PARTIDO LIBERAL,,22,280002551544,FLAVIO NANTES BOLSONARO,FLAVIO BOLSONARO,30/04/1981,1,Válido,nao,,1893,52.01,52.005494505,ALFREDO GASPAR DE MENDONÇA NETO,ALFREDO GASPAR,PL,v,,,,,04/10/2026 18:49:58,sim
1,04/10/2026,6257,Presidente,1,municipio,TO,92240,1708304,GOIANORTE,,,,,PARTIDO SOCIAL DEMOCRÁTICO,i,PSD,0,55,PSD,PARTIDO SOCIAL DEMOCRÁTICO,,55,280002551932,RONALDO RAMOS CAIADO,RONALDO CAIADO,25/09/1949,4,Válido,nao,,124,3.41,3.406593407,GILBERTO KASSAB,GILBERTO KASSAB,PSD,v,,,,,04/10/2026 18:49:58,sim
1,04/10/2026,6257,Presidente,1,municipio,TO,92240,1708304,GOIANORTE,,PT/PC do B/PV,FEDERAÇÃO BRASIL DA ESPERANÇA - FE BRASIL,PT/PC do B/PV,BRASIL PRONTO PRA MAIS,c,PSB / PDT / PCDOB / PT / PV / PSOL / REDE,,13,PT,PARTIDO DOS TRABALHADORES,101,13,280002542548,LUIZ INÁCIO LULA DA SILVA,LULA,06/10/1945,2,Válido,nao,,1516,41.65,41.648351648,GERALDO JOSE RODRIGUES ALCKMIN FILHO,GERALDO ALCKMIN,PSB,v,,,,,04/10/2026 18:49:58,sim
1,04/10/2026,6257,Presidente,1,municipio,TO,92240,1708304,GOIANORTE,,,,,DEMOCRACIA CRISTÃ,i,DC,0,27,DC,DEMOCRACIA CRISTÃ,,27,280002552484,CLARIANA ZACARKIM BARAO,CLARIANA BARAO,03/04/1987,9,Válido,nao,,0,0.00,0,FABIANA CRISTINA TAVARES TORQUATO,FABIANA TORQUATO,DC,v,,,,,04/10/2026 18:49:58,sim
1,04/10/2026,6257,Presidente,1,municipio,TO,92240,1708304,GOIANORTE,,,,,PARTIDO COMUNISTA BRASILEIRO,i,PCB,0,21,PCB,PARTIDO COMUNISTA BRASILEIRO,,21,280002551975,EDMILSON SILVA COSTA,EDMILSON COSTA,08/04/1950,10,Válido,nao,,0,0.00,0,CLEUSA DOS SANTOS,CLEUSA SANTOS,PCB,v,,,,,04/10/2026 18:49:58,sim
1,04/10/2026,6257,Presidente,1,municipio,TO,92240,1708304,GOIANORTE,,,,,PARTIDO SOCIALISTA  DOS TRABALHADORES UNIFICADO,i,PSTU,0,16,PSTU,PARTIDO SOCIALISTA  DOS TRABALHADORES UNIFICADO,,16,280002541457,HERTZ DA CONCEICAO DIAS,HERTZ DIAS,20/10/1970,8,Válido,nao,,0,0.00,0,VANESSA PORTUGAL BARBOSA,VANESSA PORTUGAL,PSTU,v,,,,,04/10/2026 18:49:58,sim
1,04/10/2026,6257,Presidente,1,municipio,TO,92240,1708304,GOIANORTE,,,,,BRASIL DOS NOSSOS SONHOS,c,AGIR / AVANTE,,70,AVANTE,AVANTE,,70,280002551547,AUGUSTO JORGE CURY,ESCRITOR AUGUSTO CURY,02/10/1958,3,Válido,nao,,81,2.23,2.225274725,JULIO CESAR DELGADO,JÚLIO DELGADO,AVANTE,v,,,,,04/10/2026 18:49:58,sim
1,04/10/2026,6257,Presidente,1,municipio,TO,92240,1708304,GOIANORTE,,,,,PARTIDO NOVO,i,NOVO,0,30,NOVO,PARTIDO NOVO,,30,280002539826,ROMEU ZEMA NETO,ZEMA,28/10/1964,6,Válido,nao,,0,0.00,0,LUIS EDUARDO GRANGEIRO GIRÃO,EDUARDO GIRÃO,NOVO,v,,,,,04/10/2026 18:49:58,sim
1,04/10/2026,6257,Presidente,1,municipio,TO,92240,1708304,GOIANORTE,,,,,UNIDADE POPULAR,i,UP,0,80,UP,UNIDADE POPULAR,,80,280002538811,SAMARA MARTINS DA SILVA FEITOSA,SAMARA,31/08/1987,7,Válido,nao,,1,0.03,0.027472527,RAQUEL NONATO DE BRICIO,RAQUEL BRÍCIO,UP,v,,,,,04/10/2026 18:49:58,sim
1,04/10/2026,6257,Presidente,1,municipio,TO,92240,1708304,GOIANORTE,,,,,DEMOCRATA,i,DEMOCRATA,0,35,DEMOCRATA,DEMOCRATA,,35,280002548139,WILSON GRASSI JUNIOR,VETERINÁRIO WILSON GRASSI,13/03/1970,11,Válido,nao,,1,0.03,0.027472527,SUÊD HAIDAR NOGUEIRA,SUÊD HAIDAR,DEMOCRATA,v,,,,,04/10/2026 18:49:58,sim
1,04/10/2026,6257,Presidente,1,municipio,TO,92240,1708304,GOIANORTE,,,,,PARTIDO MISSÃO,i,MISSÃO,0,14,MISSÃO,PARTIDO MISSÃO,,14,280002540694,RENAN ANTONIO FERREIRA DOS SANTOS,RENAN SANTOS,14/02/1984,5,Válido,nao,,24,0.66,0.659340659,AROLDO MEDINA,CORONEL MEDINA,MISSÃO,v,,,,,04/10/2026 18:49:58,sim
1,04/10/2026,6257,Presidente,1,municipio,TO,92240,1708304,GOIANORTE,,,,,PARTIDO DA CAUSA OPERÁRIA,i,PCO,0,29,PCO,PARTIDO DA CAUSA OPERÁRIA,,29,280002552487,RUI COSTA PIMENTA,RUI COSTA PIMENTA,25/06/1957,12,Válido,nao,,0,0.00,0,ANTONIO CARLOS SILVA,ANTÔNIO CARLOS,PCO,v,,,,,04/10/2026 18:49:58,sim
1,04/10/2026,6257,Presidente,1,municipio,TO,92304,1712504,MARIANÓPOLIS DO TOCANTINS,,,,,PARTIDO LIBERAL,i,PL,0,22,PL,PARTIDO LIBERAL,,22,280002551544,FLAVIO NANTES BOLSONARO,FLAVIO BOLSONARO,30/04/1981,1,Válido,nao,,1528,52.24,52.239316239,ALFREDO GASPAR DE MENDONÇA NETO,ALFREDO GASPAR,PL,v,,,,,04/10/2026 18:36:12,sim
1,04/10/2026,6257,Presidente,1,municipio,TO,92304,1712504,MARIANÓPOLIS DO TOCANTINS,,,,,PARTIDO SOCIAL DEMOCRÁTICO,i,PSD,0,55,PSD,PARTIDO SOCIAL DEMOCRÁTICO,,55,280002551932,RONALDO RAMOS CAIADO,RONALDO CAIADO,25/09/1949,4,Válido,nao,,50,1.71,1.709401709,GILBERTO KASSAB,GILBERTO KASSAB,PSD,v,,,,,04/10/2026 18:36:12,sim
1,04/10/2026,6257,Presidente,1,municipio,TO,92304,1712504,MARIANÓPOLIS DO TOCANTINS,,PT/PC do B/PV,FEDERAÇÃO BRASIL DA ESPERANÇA - FE BRASIL,PT/PC do B/PV,BRASIL PRONTO PRA MAIS,c,PSB / PDT / PCDOB / PT / PV / PSOL / REDE,,13,PT,PARTIDO DOS TRABALHADORES,101,13,280002542548,LUIZ INÁCIO LULA DA SILVA,LULA,06/10/1945,2,Válido,nao,,1265,43.25,43.247863248,GERALDO JOSE RODRIGUES ALCKMIN FILHO,GERALDO ALCKMIN,PSB,v,,,,,04/10/2026 18:36:12,sim
1,04/10/2026,6257,Presidente,1,municipio,TO,92304,1712504,MARIANÓPOLIS DO TOCANTINS,,,,,DEMOCRACIA CRISTÃ,i,DC,0,27,DC,DEMOCRACIA CRISTÃ,,27,280002552484,CLARIANA ZACARKIM BARAO,CLARIANA BARAO,03/04/1987,9,Válido,nao,,0,0.00,0,FABIANA CRISTINA TAVARES TORQUATO,FABIANA TORQUATO,DC,v,,,,,04/10/2026 18:36:12,sim
1,04/10/2026,6257,Presidente,1,municipio,TO,92304,1712504,MARIANÓPOLIS DO TOCANTINS,,,,,PARTIDO COMUNISTA BRASILEIRO,i,PCB,0,21,PCB,PARTIDO COMUNISTA BRASILEIRO,,21,280002551975,EDMILSON SILVA COSTA,EDMILSON COSTA,08/04/1950,10,Válido,nao,,1,0.03,0.034188034,CLEUSA DOS SANTOS,CLEUSA SANTOS,PCB,v,,,,,04/10/2026 18:36:12,sim
1,04/10/2026,6257,Presidente,1,municipio,TO,92304,1712504,MARIANÓPOLIS DO TOCANTINS,,,,,PARTIDO SOCIALISTA  DOS TRABALHADORES UNIFICADO,i,PSTU,0,16,PSTU,PARTIDO SOCIALISTA  DOS TRABALHADORES UNIFICADO,,16,280002541457,HERTZ DA CONCEICAO DIAS,HERTZ DIAS,20/10/1970,8,Válido,nao,,0,0.00,0,VANESSA PORTUGAL BARBOSA,VANESSA PORTUGAL,PSTU,v,,,,,04/10/2026 18:36:12,sim
1,04/10/2026,6257,Presidente,1,municipio,TO,92304,1712504,MARIANÓPOLIS DO TOCANTINS,,,,,BRASIL DOS NOSSOS SONHOS,c,AGIR / AVANTE,,70,AVANTE,AVANTE,,70,280002551547,AUGUSTO JORGE CURY,ESCRITOR AUGUSTO CURY,02/10/1958,3,Válido,nao,,48,1.64,1.641025641,JULIO CESAR DELGADO,JÚLIO DELGADO,AVANTE,v,,,,,04/10/2026 18:36:12,sim
1,04/10/2026,6257,Presidente,1,municipio,TO,92304,1712504,MARIANÓPOLIS DO TOCANTINS,,,,,PARTIDO NOVO,i,NOVO,0,30,NOVO,PARTIDO NOVO,,30,280002539826,ROMEU ZEMA NETO,ZEMA,28/10/1964,6,Válido,nao,,1,0.03,0.034188034,LUIS EDUARDO GRANGEIRO GIRÃO,EDUARDO GIRÃO,NOVO,v,,,,,04/10/2026 18:36:12,sim
1,04/10/2026,6257,Presidente,1,municipio,TO,92304,1712504,MARIANÓPOLIS DO TOCANTINS,,,,,UNIDADE POPULAR,i,UP,0,80,UP,UNIDADE POPULAR,,80,280002538811,SAMARA MARTINS DA SILVA FEITOSA,SAMARA,31/08/1987,7,Válido,nao,,2,0.07,0.068376068,RAQUEL NONATO DE BRICIO,RAQUEL BRÍCIO,UP,v,,,,,04/10/2026 18:36:12,sim
1,04/10/2026,6257,Presidente,1,municipio,TO,92304,1712504,MARIANÓPOLIS DO TOCANTINS,,,,,DEMOCRATA,i,DEMOCRATA,0,35,DEMOCRATA,DEMOCRATA,,35,280002548139,WILSON GRASSI JUNIOR,VETERINÁRIO WILSON GRASSI,13/03/1970,11,Válido,nao,,0,0.00,0,SUÊD HAIDAR NOGUEIRA,SUÊD HAIDAR,DEMOCRATA,v,,,,,04/10/2026 18:36:12,sim
1,04/10/2026,6257,Presidente,1,municipio,TO,92304,1712504,MARIANÓPOLIS DO TOCANTINS,,,,,PARTIDO MISSÃO,i,MISSÃO,0,14,MISSÃO,PARTIDO MISSÃO,,14,280002540694,RENAN ANTONIO FERREIRA DOS SANTOS,RENAN SANTOS,14/02/1984,5,Válido,nao,,30,1.03,1.025641026,AROLDO MEDINA,CORONEL MEDINA,MISSÃO,v,,,,,04/10/2026 18:36:12,sim
1,04/10/2026,6257,Presidente,1,municipio,TO,92304,1712504,MARIANÓPOLIS DO TOCANTINS,,,,,PARTIDO DA CAUSA OPERÁRIA,i,PCO,0,29,PCO,PARTIDO DA CAUSA OPERÁRIA,,29,280002552487,RUI COSTA PIMENTA,RUI COSTA PIMENTA,25/06/1957,12,Válido,nao,,0,0.00,0,ANTONIO CARLOS SILVA,ANTÔNIO CARLOS,PCO,v,,,,,04/10/2026 18:36:12,sim
1,04/10/2026,6257,Presidente,1,municipio,TO,92371,1701903,ARAGUACEMA,,,,,PARTIDO LIBERAL,i,PL,0,22,PL,PARTIDO LIBERAL,,22,280002551544,FLAVIO NANTES BOLSONARO,FLAVIO BOLSONARO,30/04/1981,1,Válido,nao,,1647,42.13,42.133537989,ALFREDO GASPAR DE MENDONÇA NETO,ALFREDO GASPAR,PL,v,,,,,04/10/2026 18:57:35,sim
1,04/10/2026,6257,Presidente,1,municipio,TO,92371,1701903,ARAGUACEMA,,,,,PARTIDO SOCIAL DEMOCRÁTICO,i,PSD,0,55,PSD,PARTIDO SOCIAL DEMOCRÁTICO,,55,280002551932,RONALDO RAMOS CAIADO,RONALDO CAIADO,25/09/1949,4,Válido,nao,,82,2.10,2.097723203,GILBERTO KASSAB,GILBERTO KASSAB,PSD,v,,,,,04/10/2026 18:57:35,sim
1,04/10/2026,6257,Presidente,1,municipio,TO,92371,1701903,ARAGUACEMA,,PT/PC do B/PV,FEDERAÇÃO BRASIL DA ESPERANÇA - FE BRASIL,PT/PC do B/PV,BRASIL PRONTO PRA MAIS,c,PSB / PDT / PCDOB / PT / PV / PSOL / REDE,,13,PT,PARTIDO DOS TRABALHADORES,101,13,280002542548,LUIZ INÁCIO LULA DA SILVA,LULA,06/10/1945,2,Válido,nao,,2084,53.31,53.312867741,GERALDO JOSE RODRIGUES ALCKMIN FILHO,GERALDO ALCKMIN,PSB,v,,,,,04/10/2026 18:57:35,sim
1,04/10/2026,6257,Presidente,1,municipio,TO,92371,1701903,ARAGUACEMA,,,,,DEMOCRACIA CRISTÃ,i,DC,0,27,DC,DEMOCRACIA CRISTÃ,,27,280002552484,CLARIANA ZACARKIM BARAO,CLARIANA BARAO,03/04/1987,9,Válido,nao,,0,0.00,0,FABIANA CRISTINA TAVARES TORQUATO,FABIANA TORQUATO,DC,v,,,,,04/10/2026 18:57:35,sim
1,04/10/2026,6257,Presidente,1,municipio,TO,92371,1701903,ARAGUACEMA,,,,,PARTIDO COMUNISTA BRASILEIRO,i,PCB,0,21,PCB,PARTIDO COMUNISTA BRASILEIRO,,21,280002551975,EDMILSON SILVA COSTA,EDMILSON COSTA,08/04/1950,10,Válido,nao,,2,0.05,0.051163981,CLEUSA DOS SANTOS,CLEUSA SANTOS,PCB,v,,,,,04/10/2026 18:57:35,sim
1,04/10/2026,6257,Presidente,1,municipio,TO,92371,1701903,ARAGUACEMA,,,,,PARTIDO SOCIALISTA  DOS TRABALHADORES UNIFICADO,i,PSTU,0,16,PSTU,PARTIDO SOCIALISTA  DOS TRABALHADORES UNIFICADO,,16,280002541457,HERTZ DA CONCEICAO DIAS,HERTZ DIAS,20/10/1970,8,Válido,nao,,0,0.00,0,VANESSA PORTUGAL BARBOSA,VANESSA PORTUGAL,PSTU,v,,,,,04/10/2026 18:57:35,sim
1,04/10/2026,6257,Presidente,1,municipio,TO,92371,1701903,ARAGUACEMA,,,,,BRASIL DOS NOSSOS SONHOS,c,AGIR / AVANTE,,70,AVANTE,AVANTE,,70,280002551547,AUGUSTO JORGE CURY,ESCRITOR AUGUSTO CURY,02/10/1958,3,Válido,nao,,67,1.71,1.713993349,JULIO CESAR DELGADO,JÚLIO DELGADO,AVANTE,v,,,,,04/10/2026 18:57:35,sim
1,04/10/2026,6257,Presidente,1,municipio,TO,92371,1701903,ARAGUACEMA,,,,,PARTIDO NOVO,i,NOVO,0,30,NOVO,PARTIDO NOVO,,30,280002539826,ROMEU ZEMA NETO,ZEMA,28/10/1964,6,Válido,nao,,1,0.03,0.025581990,LUIS EDUARDO GRANGEIRO GIRÃO,EDUARDO GIRÃO,NOVO,v,,,,,04/10/2026 18:57:35,sim
1,04/10/2026,6257,Presidente,1,municipio,TO,92371,1701903,ARAGUACEMA,,,,,UNIDADE POPULAR,i,UP,0,80,UP,UNIDADE POPULAR,,80,280002538811,SAMARA MARTINS DA SILVA FEITOSA,SAMARA,31/08/1987,7,Válido,nao,,0,0.00,0,RAQUEL NONATO DE BRICIO,RAQUEL BRÍCIO,UP,v,,,,,04/10/2026 18:57:35,sim
1,04/10/2026,6257,Presidente,1,municipio,TO,92371,1701903,ARAGUACEMA,,,,,DEMOCRATA,i,DEMOCRATA,0,35,DEMOCRATA,DEMOCRATA,,35,280002548139,WILSON GRASSI JUNIOR,VETERINÁRIO WILSON GRASSI,13/03/1970,11,Válido,nao,,0,0.00,0,SUÊD HAIDAR NOGUEIRA,SUÊD HAIDAR,DEMOCRATA,v,,,,,04/10/2026 18:57:35,sim
1,04/10/2026,6257,Presidente,1,municipio,TO,92371,1701903,ARAGUACEMA,,,,,PARTIDO MISSÃO,i,MISSÃO,0,14,MISSÃO,PARTIDO MISSÃO,,14,280002540694,RENAN ANTONIO FERREIRA DOS SANTOS,RENAN SANTOS,14/02/1984,5,Válido,nao,,26,0.67,0.665131747,AROLDO MEDINA,CORONEL MEDINA,MISSÃO,v,,,,,04/10/2026 18:57:35,sim
1,04/10/2026,6257,Presidente,1,municipio,TO,92371,1701903,ARAGUACEMA,,,,,PARTIDO DA CAUSA OPERÁRIA,i,PCO,0,29,PCO,PARTIDO DA CAUSA OPERÁRIA,,29,280002552487,RUI COSTA PIMENTA,RUI COSTA PIMENTA,25/06/1957,12,Válido,nao,,0,0.00,0,ANTONIO CARLOS SILVA,ANTÔNIO CARLOS,PCO,v,,,,,04/10/2026 18:57:35,sim
1,04/10/2026,6257,Presidente,1,municipio,TO,92398,1702000,ARAGUAÇU,,,,,PARTIDO LIBERAL,i,PL,0,22,PL,PARTIDO LIBERAL,,22,280002551544,FLAVIO NANTES BOLSONARO,FLAVIO BOLSONARO,30/04/1981,1,Válido,nao,,3585,70.96,70.961995249,ALFREDO GASPAR DE MENDONÇA NETO,ALFREDO GASPAR,PL,v,,,,,04/10/2026 19:11:44,sim
1,04/10/2026,6257,Presidente,1,municipio,TO,92398,1702000,ARAGUAÇU,,,,,PARTIDO SOCIAL DEMOCRÁTICO,i,PSD,0,55,PSD,PARTIDO SOCIAL DEMOCRÁTICO,,55,280002551932,RONALDO RAMOS CAIADO,RONALDO CAIADO,25/09/1949,5,Válido,nao,,174,3.44,3.444180523,GILBERTO KASSAB,GILBERTO KASSAB,PSD,v,,,,,04/10/2026 19:11:44,sim
1,04/10/2026,6257,Presidente,1,municipio,TO,92398,1702000,ARAGUAÇU,,PT/PC do B/PV,FEDERAÇÃO BRASIL DA ESPERANÇA - FE BRASIL,PT/PC do B/PV,BRASIL PRONTO PRA MAIS,c,PSB / PDT / PCDOB / PT / PV / PSOL / REDE,,13,PT,PARTIDO DOS TRABALHADORES,101,13,280002542548,LUIZ INÁCIO LULA DA SILVA,LULA,06/10/1945,2,Válido,nao,,1177,23.30,23.297703880,GERALDO JOSE RODRIGUES ALCKMIN FILHO,GERALDO ALCKMIN,PSB,v,,,,,04/10/2026 19:11:44,sim
1,04/10/2026,6257,Presidente,1,municipio,TO,92398,1702000,ARAGUAÇU,,,,,DEMOCRACIA CRISTÃ,i,DC,0,27,DC,DEMOCRACIA CRISTÃ,,27,280002552484,CLARIANA ZACARKIM BARAO,CLARIANA BARAO,03/04/1987,9,Válido,nao,,2,0.04,0.039588282,FABIANA CRISTINA TAVARES TORQUATO,FABIANA TORQUATO,DC,v,,,,,04/10/2026 19:11:44,sim
1,04/10/2026,6257,Presidente,1,municipio,TO,92398,1702000,ARAGUAÇU,,,,,PARTIDO COMUNISTA BRASILEIRO,i,PCB,0,21,PCB,PARTIDO COMUNISTA BRASILEIRO,,21,280002551975,EDMILSON SILVA COSTA,EDMILSON COSTA,08/04/1950,10,Válido,nao,,1,0.02,0.019794141,CLEUSA DOS SANTOS,CLEUSA SANTOS,PCB,v,,,,,04/10/2026 19:11:44,sim
1,04/10/2026,6257,Presidente,1,municipio,TO,92398,1702000,ARAGUAÇU,,,,,PARTIDO SOCIALISTA  DOS TRABALHADORES UNIFICADO,i,PSTU,0,16,PSTU,PARTIDO SOCIALISTA  DOS TRABALHADORES UNIFICADO,,16,280002541457,HERTZ DA CONCEICAO DIAS,HERTZ DIAS,20/10/1970,8,Válido,nao,,0,0.00,0,VANESSA PORTUGAL BARBOSA,VANESSA PORTUGAL,PSTU,v,,,,,04/10/2026 19:11:44,sim
1,04/10/2026,6257,Presidente,1,municipio,TO,92398,1702000,ARAGUAÇU,,,,,BRASIL DOS NOSSOS SONHOS,c,AGIR / AVANTE,,70,AVANTE,AVANTE,,70,280002551547,AUGUSTO JORGE CURY,ESCRITOR AUGUSTO CURY,02/10/1958,3,Válido,nao,,62,1.23,1.227236738,JULIO CESAR DELGADO,JÚLIO DELGADO,AVANTE,v,,,,,04/10/2026 19:11:44,sim
1,04/10/2026,6257,Presidente,1,municipio,TO,92398,1702000,ARAGUAÇU,,,,,PARTIDO NOVO,i,NOVO,0,30,NOVO,PARTIDO NOVO,,30,280002539826,ROMEU ZEMA NETO,ZEMA,28/10/1964,6,Válido,nao,,6,0.12,0.118764846,LUIS EDUARDO GRANGEIRO GIRÃO,EDUARDO GIRÃO,NOVO,v,,,,,04/10/2026 19:11:44,sim
1,04/10/2026,6257,Presidente,1,municipio,TO,92398,1702000,ARAGUAÇU,,,,,UNIDADE POPULAR,i,UP,0,80,UP,UNIDADE POPULAR,,80,280002538811,SAMARA MARTINS DA SILVA FEITOSA,SAMARA,31/08/1987,7,Válido,nao,,1,0.02,0.019794141,RAQUEL NONATO DE BRICIO,RAQUEL BRÍCIO,UP,v,,,,,04/10/2026 19:11:44,sim
1,04/10/2026,6257,Presidente,1,municipio,TO,92398,1702000,ARAGUAÇU,,,,,DEMOCRATA,i,DEMOCRATA,0,35,DEMOCRATA,DEMOCRATA,,35,280002548139,WILSON GRASSI JUNIOR,VETERINÁRIO WILSON GRASSI,13/03/1970,11,Válido,nao,,0,0.00,0,SUÊD HAIDAR NOGUEIRA,SUÊD HAIDAR,DEMOCRATA,v,,,,,04/10/2026 19:11:44,sim
1,04/10/2026,6257,Presidente,1,municipio,TO,92398,1702000,ARAGUAÇU,,,,,PARTIDO MISSÃO,i,MISSÃO,0,14,MISSÃO,PARTIDO MISSÃO,,14,280002540694,RENAN ANTONIO FERREIRA DOS SANTOS,RENAN SANTOS,14/02/1984,4,Válido,nao,,44,0.87,0.870942201,AROLDO MEDINA,CORONEL MEDINA,MISSÃO,v,,,,,04/10/2026 19:11:44,sim
1,04/10/2026,6257,Presidente,1,municipio,TO,92398,1702000,ARAGUAÇU,,,,,PARTIDO DA CAUSA OPERÁRIA,i,PCO,0,29,PCO,PARTIDO DA CAUSA OPERÁRIA,,29,280002552487,RUI COSTA PIMENTA,RUI COSTA PIMENTA,25/06/1957,12,Válido,nao,,0,0.00,0,ANTONIO CARLOS SILVA,ANTÔNIO CARLOS,PCO,v,,,,,04/10/2026 19:11:44,sim
1,04/10/2026,6257,Presidente,1,municipio,TO,92401,1715002,NOVA ROSALÂNDIA,,,,,PARTIDO LIBERAL,i,PL,0,22,PL,PARTIDO LIBERAL,,22,280002551544,FLAVIO NANTES BOLSONARO,FLAVIO BOLSONARO,30/04/1981,1,Válido,nao,,1312,56.24,56.236605229,ALFREDO GASPAR DE MENDONÇA NETO,ALFREDO GASPAR,PL,v,,,,,04/10/2026 18:31:51,sim
1,04/10/2026,6257,Presidente,1,municipio,TO,92401,1715002,NOVA ROSALÂNDIA,,,,,PARTIDO SOCIAL DEMOCRÁTICO,i,PSD,0,55,PSD,PARTIDO SOCIAL DEMOCRÁTICO,,55,280002551932,RONALDO RAMOS CAIADO,RONALDO CAIADO,25/09/1949,4,Válido,nao,,34,1.46,1.457351050,GILBERTO KASSAB,GILBERTO KASSAB,PSD,v,,,,,04/10/2026 18:31:51,sim
1,04/10/2026,6257,Presidente,1,municipio,TO,92401,1715002,NOVA ROSALÂNDIA,,PT/PC do B/PV,FEDERAÇÃO BRASIL DA ESPERANÇA - FE BRASIL,PT/PC do B/PV,BRASIL PRONTO PRA MAIS,c,PSB / PDT / PCDOB / PT / PV / PSOL / REDE,,13,PT,PARTIDO DOS TRABALHADORES,101,13,280002542548,LUIZ INÁCIO LULA DA SILVA,LULA,06/10/1945,2,Válido,nao,,901,38.62,38.619802829,GERALDO JOSE RODRIGUES ALCKMIN FILHO,GERALDO ALCKMIN,PSB,v,,,,,04/10/2026 18:31:51,sim
1,04/10/2026,6257,Presidente,1,municipio,TO,92401,1715002,NOVA ROSALÂNDIA,,,,,DEMOCRACIA CRISTÃ,i,DC,0,27,DC,DEMOCRACIA CRISTÃ,,27,280002552484,CLARIANA ZACARKIM BARAO,CLARIANA BARAO,03/04/1987,8,Válido,nao,,0,0.00,0,FABIANA CRISTINA TAVARES TORQUATO,FABIANA TORQUATO,DC,v,,,,,04/10/2026 18:31:51,sim
1,04/10/2026,6257,Presidente,1,municipio,TO,92401,1715002,NOVA ROSALÂNDIA,,,,,PARTIDO COMUNISTA BRASILEIRO,i,PCB,0,21,PCB,PARTIDO COMUNISTA BRASILEIRO,,21,280002551975,EDMILSON SILVA COSTA,EDMILSON COSTA,08/04/1950,10,Válido,nao,,0,0.00,0,CLEUSA DOS SANTOS,CLEUSA SANTOS,PCB,v,,,,,04/10/2026 18:31:51,sim
1,04/10/2026,6257,Presidente,1,municipio,TO,92401,1715002,NOVA ROSALÂNDIA,,,,,PARTIDO SOCIALISTA  DOS TRABALHADORES UNIFICADO,i,PSTU,0,16,PSTU,PARTIDO SOCIALISTA  DOS TRABALHADORES UNIFICADO,,16,280002541457,HERTZ DA CONCEICAO DIAS,HERTZ DIAS,20/10/1970,9,Válido,nao,,0,0.00,0,VANESSA PORTUGAL BARBOSA,VANESSA PORTUGAL,PSTU,v,,,,,04/10/2026 18:31:51,sim
1,04/10/2026,6257,Presidente,1,municipio,TO,92401,1715002,NOVA ROSALÂNDIA,,,,,BRASIL DOS NOSSOS SONHOS,c,AGIR / AVANTE,,70,AVANTE,AVANTE,,70,280002551547,AUGUSTO JORGE CURY,ESCRITOR AUGUSTO CURY,02/10/1958,3,Válido,nao,,47,2.01,2.014573511,JULIO CESAR DELGADO,JÚLIO DELGADO,AVANTE,v,,,,,04/10/2026 18:31:51,sim
1,04/10/2026,6257,Presidente,1,municipio,TO,92401,1715002,NOVA ROSALÂNDIA,,,,,PARTIDO NOVO,i,NOVO,0,30,NOVO,PARTIDO NOVO,,30,280002539826,ROMEU ZEMA NETO,ZEMA,28/10/1964,6,Válido,nao,,1,0.04,0.042863266,LUIS EDUARDO GRANGEIRO GIRÃO,EDUARDO GIRÃO,NOVO,v,,,,,04/10/2026 18:31:51,sim
1,04/10/2026,6257,Presidente,1,municipio,TO,92401,1715002,NOVA ROSALÂNDIA,,,,,UNIDADE POPULAR,i,UP,0,80,UP,UNIDADE POPULAR,,80,280002538811,SAMARA MARTINS DA SILVA FEITOSA,SAMARA,31/08/1987,7,Válido,nao,,0,0.00,0,RAQUEL NONATO DE BRICIO,RAQUEL BRÍCIO,UP,v,,,,,04/10/2026 18:31:51,sim
1,04/10/2026,6257,Presidente,1,municipio,TO,92401,1715002,NOVA ROSALÂNDIA,,,,,DEMOCRATA,i,DEMOCRATA,0,35,DEMOCRATA,DEMOCRATA,,35,280002548139,WILSON GRASSI JUNIOR,VETERINÁRIO WILSON GRASSI,13/03/1970,11,Válido,nao,,0,0.00,0,SUÊD HAIDAR NOGUEIRA,SUÊD HAIDAR,DEMOCRATA,v,,,,,04/10/2026 18:31:51,sim
1,04/10/2026,6257,Presidente,1,municipio,TO,92401,1715002,NOVA ROSALÂNDIA,,,,,PARTIDO MISSÃO,i,MISSÃO,0,14,MISSÃO,PARTIDO MISSÃO,,14,280002540694,RENAN ANTONIO FERREIRA DOS SANTOS,RENAN SANTOS,14/02/1984,5,Válido,nao,,38,1.63,1.628804115,AROLDO MEDINA,CORONEL MEDINA,MISSÃO,v,,,,,04/10/2026 18:31:51,sim
1,04/10/2026,6257,Presidente,1,municipio,TO,92401,1715002,NOVA ROSALÂNDIA,,,,,PARTIDO DA CAUSA OPERÁRIA,i,PCO,0,29,PCO,PARTIDO DA CAUSA OPERÁRIA,,29,280002552487,RUI COSTA PIMENTA,RUI COSTA PIMENTA,25/06/1957,12,Válido,nao,,0,0.00,0,ANTONIO CARLOS SILVA,ANTÔNIO CARLOS,PCO,v,,,,,04/10/2026 18:31:51,sim
1,04/10/2026,6257,Presidente,1,municipio,TO,92410,1702109,ARAGUAÍNA,,,,,PARTIDO LIBERAL,i,PL,0,22,PL,PARTIDO LIBERAL,,22,280002551544,FLAVIO NANTES BOLSONARO,FLAVIO BOLSONARO,30/04/1981,1,Válido,nao,,57270,57.55,57.547378364,ALFREDO GASPAR DE MENDONÇA NETO,ALFREDO GASPAR,PL,v,,,,,04/10/2026 20:55:40,sim
1,04/10/2026,6257,Presidente,1,municipio,TO,92410,1702109,ARAGUAÍNA,,,,,PARTIDO SOCIAL DEMOCRÁTICO,i,PSD,0,55,PSD,PARTIDO SOCIAL DEMOCRÁTICO,,55,280002551932,RONALDO RAMOS CAIADO,RONALDO CAIADO,25/09/1949,5,Válido,nao,,2091,2.10,2.101127434,GILBERTO KASSAB,GILBERTO KASSAB,PSD,v,,,,,04/10/2026 20:55:40,sim
1,04/10/2026,6257,Presidente,1,municipio,TO,92410,1702109,ARAGUAÍNA,,PT/PC do B/PV,FEDERAÇÃO BRASIL DA ESPERANÇA - FE BRASIL,PT/PC do B/PV,BRASIL PRONTO PRA MAIS,c,PSB / PDT / PCDOB / PT / PV / PSOL / REDE,,13,PT,PARTIDO DOS TRABALHADORES,101,13,280002542548,LUIZ INÁCIO LULA DA SILVA,LULA,06/10/1945,2,Válido,nao,,35210,35.38,35.380534175,GERALDO JOSE RODRIGUES ALCKMIN FILHO,GERALDO ALCKMIN,PSB,v,,,,,04/10/2026 20:55:40,sim
1,04/10/2026,6257,Presidente,1,municipio,TO,92410,1702109,ARAGUAÍNA,,,,,PARTIDO SOCIALISTA  DOS TRABALHADORES UNIFICADO,i,PSTU,0,16,PSTU,PARTIDO SOCIALISTA  DOS TRABALHADORES UNIFICADO,,16,280002541457,HERTZ DA CONCEICAO DIAS,HERTZ DIAS,20/10/1970,8,Válido,nao,,16,0.02,0.016077494,VANESSA PORTUGAL BARBOSA,VANESSA PORTUGAL,PSTU,v,,,,,04/10/2026 20:55:40,sim
1,04/10/2026,6257,Presidente,1,municipio,TO,92410,1702109,ARAGUAÍNA,,,,,PARTIDO COMUNISTA BRASILEIRO,i,PCB,0,21,PCB,PARTIDO COMUNISTA BRASILEIRO,,21,280002551975,EDMILSON SILVA COSTA,EDMILSON COSTA,08/04/1950,10,Válido,nao,,11,0.01,0.011053277,CLEUSA DOS SANTOS,CLEUSA SANTOS,PCB,v,,,,,04/10/2026 20:55:40,sim
1,04/10/2026,6257,Presidente,1,municipio,TO,92410,1702109,ARAGUAÍNA,,,,,DEMOCRACIA CRISTÃ,i,DC,0,27,DC,DEMOCRACIA CRISTÃ,,27,280002552484,CLARIANA ZACARKIM BARAO,CLARIANA BARAO,03/04/1987,9,Válido,nao,,28,0.03,0.028135614,FABIANA CRISTINA TAVARES TORQUATO,FABIANA TORQUATO,DC,v,,,,,04/10/2026 20:55:40,sim
1,04/10/2026,6257,Presidente,1,municipio,TO,92410,1702109,ARAGUAÍNA,,,,,PARTIDO NOVO,i,NOVO,0,30,NOVO,PARTIDO NOVO,,30,280002539826,ROMEU ZEMA NETO,ZEMA,28/10/1964,6,Válido,nao,,83,0.08,0.083401998,LUIS EDUARDO GRANGEIRO GIRÃO,EDUARDO GIRÃO,NOVO,v,,,,,04/10/2026 20:55:40,sim
1,04/10/2026,6257,Presidente,1,municipio,TO,92410,1702109,ARAGUAÍNA,,,,,BRASIL DOS NOSSOS SONHOS,c,AGIR / AVANTE,,70,AVANTE,AVANTE,,70,280002551547,AUGUSTO JORGE CURY,ESCRITOR AUGUSTO CURY,02/10/1958,3,Válido,nao,,2684,2.70,2.696999538,JULIO CESAR DELGADO,JÚLIO DELGADO,AVANTE,v,,,,,04/10/2026 20:55:40,sim
1,04/10/2026,6257,Presidente,1,municipio,TO,92410,1702109,ARAGUAÍNA,,,,,DEMOCRATA,i,DEMOCRATA,0,35,DEMOCRATA,DEMOCRATA,,35,280002548139,WILSON GRASSI JUNIOR,VETERINÁRIO WILSON GRASSI,13/03/1970,11,Válido,nao,,11,0.01,0.011053277,SUÊD HAIDAR NOGUEIRA,SUÊD HAIDAR,DEMOCRATA,v,,,,,04/10/2026 20:55:40,sim
1,04/10/2026,6257,Presidente,1,municipio,TO,92410,1702109,ARAGUAÍNA,,,,,UNIDADE POPULAR,i,UP,0,80,UP,UNIDADE POPULAR,,80,280002538811,SAMARA MARTINS DA SILVA FEITOSA,SAMARA,31/08/1987,7,Válido,nao,,66,0.07,0.066319661,RAQUEL NONATO DE BRICIO,RAQUEL BRÍCIO,UP,v,,,,,04/10/2026 20:55:40,sim
1,04/10/2026,6257,Presidente,1,municipio,TO,92410,1702109,ARAGUAÍNA,,,,,PARTIDO MISSÃO,i,MISSÃO,0,14,MISSÃO,PARTIDO MISSÃO,,14,280002540694,RENAN ANTONIO FERREIRA DOS SANTOS,RENAN SANTOS,14/02/1984,4,Válido,nao,,2030,2.04,2.039831990,AROLDO MEDINA,CORONEL MEDINA,MISSÃO,v,,,,,04/10/2026 20:55:40,sim
1,04/10/2026,6257,Presidente,1,municipio,TO,92410,1702109,ARAGUAÍNA,,,,,PARTIDO DA CAUSA OPERÁRIA,i,PCO,0,29,PCO,PARTIDO DA CAUSA OPERÁRIA,,29,280002552487,RUI COSTA PIMENTA,RUI COSTA PIMENTA,25/06/1957,12,Válido,nao,,18,0.02,0.018087180,ANTONIO CARLOS SILVA,ANTÔNIO CARLOS,PCO,v,,,,,04/10/2026 20:55:40,sim
1,04/10/2026,6257,Presidente,1,municipio,TO,92436,1702208,ARAGUATINS,,,,,PARTIDO LIBERAL,i,PL,0,22,PL,PARTIDO LIBERAL,,22,280002551544,FLAVIO NANTES BOLSONARO,FLAVIO BOLSONARO,30/04/1981,1,Válido,nao,,7176,42.30,42.298850575,ALFREDO GASPAR DE MENDONÇA NETO,ALFREDO GASPAR,PL,v,,,,,04/10/2026 19:22:33,sim
1,04/10/2026,6257,Presidente,1,municipio,TO,92436,1702208,ARAGUATINS,,,,,PARTIDO SOCIAL DEMOCRÁTICO,i,PSD,0,55,PSD,PARTIDO SOCIAL DEMOCRÁTICO,,55,280002551932,RONALDO RAMOS CAIADO,RONALDO CAIADO,25/09/1949,5,Válido,nao,,238,1.40,1.402888299,GILBERTO KASSAB,GILBERTO KASSAB,PSD,v,,,,,04/10/2026 19:22:33,sim
1,04/10/2026,6257,Presidente,1,municipio,TO,92436,1702208,ARAGUATINS,,PT/PC do B/PV,FEDERAÇÃO BRASIL DA ESPERANÇA - FE BRASIL,PT/PC do B/PV,BRASIL PRONTO PRA MAIS,c,PSB / PDT / PCDOB / PT / PV / PSOL / REDE,,13,PT,PARTIDO DOS TRABALHADORES,101,13,280002542548,LUIZ INÁCIO LULA DA SILVA,LULA,06/10/1945,2,Válido,nao,,8731,51.46,51.464780430,GERALDO JOSE RODRIGUES ALCKMIN FILHO,GERALDO ALCKMIN,PSB,v,,,,,04/10/2026 19:22:33,sim
1,04/10/2026,6257,Presidente,1,municipio,TO,92436,1702208,ARAGUATINS,,,,,DEMOCRACIA CRISTÃ,i,DC,0,27,DC,DEMOCRACIA CRISTÃ,,27,280002552484,CLARIANA ZACARKIM BARAO,CLARIANA BARAO,03/04/1987,9,Válido,nao,,5,0.03,0.029472443,FABIANA CRISTINA TAVARES TORQUATO,FABIANA TORQUATO,DC,v,,,,,04/10/2026 19:22:33,sim
1,04/10/2026,6257,Presidente,1,municipio,TO,92436,1702208,ARAGUATINS,,,,,PARTIDO COMUNISTA BRASILEIRO,i,PCB,0,21,PCB,PARTIDO COMUNISTA BRASILEIRO,,21,280002551975,EDMILSON SILVA COSTA,EDMILSON COSTA,08/04/1950,10,Válido,nao,,3,0.02,0.017683466,CLEUSA DOS SANTOS,CLEUSA SANTOS,PCB,v,,,,,04/10/2026 19:22:33,sim
1,04/10/2026,6257,Presidente,1,municipio,TO,92436,1702208,ARAGUATINS,,,,,PARTIDO SOCIALISTA  DOS TRABALHADORES UNIFICADO,i,PSTU,0,16,PSTU,PARTIDO SOCIALISTA  DOS TRABALHADORES UNIFICADO,,16,280002541457,HERTZ DA CONCEICAO DIAS,HERTZ DIAS,20/10/1970,8,Válido,nao,,5,0.03,0.029472443,VANESSA PORTUGAL BARBOSA,VANESSA PORTUGAL,PSTU,v,,,,,04/10/2026 19:22:33,sim
1,04/10/2026,6257,Presidente,1,municipio,TO,92436,1702208,ARAGUATINS,,,,,BRASIL DOS NOSSOS SONHOS,c,AGIR / AVANTE,,70,AVANTE,AVANTE,,70,280002551547,AUGUSTO JORGE CURY,ESCRITOR AUGUSTO CURY,02/10/1958,3,Válido,nao,,512,3.02,3.017978190,JULIO CESAR DELGADO,JÚLIO DELGADO,AVANTE,v,,,,,04/10/2026 19:22:33,sim
1,04/10/2026,6257,Presidente,1,municipio,TO,92436,1702208,ARAGUATINS,,,,,PARTIDO NOVO,i,NOVO,0,30,NOVO,PARTIDO NOVO,,30,280002539826,ROMEU ZEMA NETO,ZEMA,28/10/1964,6,Válido,nao,,12,0.07,0.070733864,LUIS EDUARDO GRANGEIRO GIRÃO,EDUARDO GIRÃO,NOVO,v,,,,,04/10/2026 19:22:33,sim
1,04/10/2026,6257,Presidente,1,municipio,TO,92436,1702208,ARAGUATINS,,,,,UNIDADE POPULAR,i,UP,0,80,UP,UNIDADE POPULAR,,80,280002538811,SAMARA MARTINS DA SILVA FEITOSA,SAMARA,31/08/1987,7,Válido,nao,,7,0.04,0.041261421,RAQUEL NONATO DE BRICIO,RAQUEL BRÍCIO,UP,v,,,,,04/10/2026 19:22:33,sim
1,04/10/2026,6257,Presidente,1,municipio,TO,92436,1702208,ARAGUATINS,,,,,DEMOCRATA,i,DEMOCRATA,0,35,DEMOCRATA,DEMOCRATA,,35,280002548139,WILSON GRASSI JUNIOR,VETERINÁRIO WILSON GRASSI,13/03/1970,11,Válido,nao,,0,0.00,0,SUÊD HAIDAR NOGUEIRA,SUÊD HAIDAR,DEMOCRATA,v,,,,,04/10/2026 19:22:33,sim
1,04/10/2026,6257,Presidente,1,municipio,TO,92436,1702208,ARAGUATINS,,,,,PARTIDO MISSÃO,i,MISSÃO,0,14,MISSÃO,PARTIDO MISSÃO,,14,280002540694,RENAN ANTONIO FERREIRA DOS SANTOS,RENAN SANTOS,14/02/1984,4,Válido,nao,,276,1.63,1.626878868,AROLDO MEDINA,CORONEL MEDINA,MISSÃO,v,,,,,04/10/2026 19:22:33,sim
1,04/10/2026,6257,Presidente,1,municipio,TO,92436,1702208,ARAGUATINS,,,,,PARTIDO DA CAUSA OPERÁRIA,i,PCO,0,29,PCO,PARTIDO DA CAUSA OPERÁRIA,,29,280002552487,RUI COSTA PIMENTA,RUI COSTA PIMENTA,25/06/1957,12,Válido,nao,,0,0.00,0,ANTONIO CARLOS SILVA,ANTÔNIO CARLOS,PCO,v,,,,,04/10/2026 19:22:33,sim
1,04/10/2026,6257,Presidente,1,municipio,TO,92452,1702307,ARAPOEMA,,,,,PARTIDO LIBERAL,i,PL,0,22,PL,PARTIDO LIBERAL,,22,280002551544,FLAVIO NANTES BOLSONARO,FLAVIO BOLSONARO,30/04/1981,1,Válido,nao,,1658,47.91,47.905229702,ALFREDO GASPAR DE MENDONÇA NETO,ALFREDO GASPAR,PL,v,,,,,04/10/2026 19:11:18,sim
1,04/10/2026,6257,Presidente,1,municipio,TO,92452,1702307,ARAPOEMA,,,,,PARTIDO SOCIAL DEMOCRÁTICO,i,PSD,0,55,PSD,PARTIDO SOCIAL DEMOCRÁTICO,,55,280002551932,RONALDO RAMOS CAIADO,RONALDO CAIADO,25/09/1949,5,Válido,nao,,70,2.02,2.022536839,GILBERTO KASSAB,GILBERTO KASSAB,PSD,v,,,,,04/10/2026 19:11:18,sim
1,04/10/2026,6257,Presidente,1,municipio,TO,92452,1702307,ARAPOEMA,,PT/PC do B/PV,FEDERAÇÃO BRASIL DA ESPERANÇA - FE BRASIL,PT/PC do B/PV,BRASIL PRONTO PRA MAIS,c,PSB / PDT / PCDOB / PT / PV / PSOL / REDE,,13,PT,PARTIDO DOS TRABALHADORES,101,13,280002542548,LUIZ INÁCIO LULA DA SILVA,LULA,06/10/1945,2,Válido,nao,,1638,47.33,47.327362034,GERALDO JOSE RODRIGUES ALCKMIN FILHO,GERALDO ALCKMIN,PSB,v,,,,,04/10/2026 19:11:18,sim
1,04/10/2026,6257,Presidente,1,municipio,TO,92452,1702307,ARAPOEMA,,,,,DEMOCRACIA CRISTÃ,i,DC,0,27,DC,DEMOCRACIA CRISTÃ,,27,280002552484,CLARIANA ZACARKIM BARAO,CLARIANA BARAO,03/04/1987,9,Válido,nao,,1,0.03,0.028893383,FABIANA CRISTINA TAVARES TORQUATO,FABIANA TORQUATO,DC,v,,,,,04/10/2026 19:11:18,sim
1,04/10/2026,6257,Presidente,1,municipio,TO,92452,1702307,ARAPOEMA,,,,,PARTIDO COMUNISTA BRASILEIRO,i,PCB,0,21,PCB,PARTIDO COMUNISTA BRASILEIRO,,21,280002551975,EDMILSON SILVA COSTA,EDMILSON COSTA,08/04/1950,10,Válido,nao,,1,0.03,0.028893383,CLEUSA DOS SANTOS,CLEUSA SANTOS,PCB,v,,,,,04/10/2026 19:11:18,sim
1,04/10/2026,6257,Presidente,1,municipio,TO,92452,1702307,ARAPOEMA,,,,,PARTIDO SOCIALISTA  DOS TRABALHADORES UNIFICADO,i,PSTU,0,16,PSTU,PARTIDO SOCIALISTA  DOS TRABALHADORES UNIFICADO,,16,280002541457,HERTZ DA CONCEICAO DIAS,HERTZ DIAS,20/10/1970,8,Válido,nao,,0,0.00,0,VANESSA PORTUGAL BARBOSA,VANESSA PORTUGAL,PSTU,v,,,,,04/10/2026 19:11:18,sim
1,04/10/2026,6257,Presidente,1,municipio,TO,92452,1702307,ARAPOEMA,,,,,BRASIL DOS NOSSOS SONHOS,c,AGIR / AVANTE,,70,AVANTE,AVANTE,,70,280002551547,AUGUSTO JORGE CURY,ESCRITOR AUGUSTO CURY,02/10/1958,3,Válido,nao,,61,1.76,1.762496388,JULIO CESAR DELGADO,JÚLIO DELGADO,AVANTE,v,,,,,04/10/2026 19:11:18,sim
1,04/10/2026,6257,Presidente,1,municipio,TO,92452,1702307,ARAPOEMA,,,,,PARTIDO NOVO,i,NOVO,0,30,NOVO,PARTIDO NOVO,,30,280002539826,ROMEU ZEMA NETO,ZEMA,28/10/1964,6,Válido,nao,,1,0.03,0.028893383,LUIS EDUARDO GRANGEIRO GIRÃO,EDUARDO GIRÃO,NOVO,v,,,,,04/10/2026 19:11:18,sim
1,04/10/2026,6257,Presidente,1,municipio,TO,92452,1702307,ARAPOEMA,,,,,UNIDADE POPULAR,i,UP,0,80,UP,UNIDADE POPULAR,,80,280002538811,SAMARA MARTINS DA SILVA FEITOSA,SAMARA,31/08/1987,7,Válido,nao,,0,0.00,0,RAQUEL NONATO DE BRICIO,RAQUEL BRÍCIO,UP,v,,,,,04/10/2026 19:11:18,sim
1,04/10/2026,6257,Presidente,1,municipio,TO,92452,1702307,ARAPOEMA,,,,,DEMOCRATA,i,DEMOCRATA,0,35,DEMOCRATA,DEMOCRATA,,35,280002548139,WILSON GRASSI JUNIOR,VETERINÁRIO WILSON GRASSI,13/03/1970,11,Válido,nao,,0,0.00,0,SUÊD HAIDAR NOGUEIRA,SUÊD HAIDAR,DEMOCRATA,v,,,,,04/10/2026 19:11:18,sim
1,04/10/2026,6257,Presidente,1,municipio,TO,92452,1702307,ARAPOEMA,,,,,PARTIDO MISSÃO,i,MISSÃO,0,14,MISSÃO,PARTIDO MISSÃO,,14,280002540694,RENAN ANTONIO FERREIRA DOS SANTOS,RENAN SANTOS,14/02/1984,4,Válido,nao,,31,0.90,0.895694886,AROLDO MEDINA,CORONEL MEDINA,MISSÃO,v,,,,,04/10/2026 19:11:18,sim
1,04/10/2026,6257,Presidente,1,municipio,TO,92452,1702307,ARAPOEMA,,,,,PARTIDO DA CAUSA OPERÁRIA,i,PCO,0,29,PCO,PARTIDO DA CAUSA OPERÁRIA,,29,280002552487,RUI COSTA PIMENTA,RUI COSTA PIMENTA,25/06/1957,12,Válido,nao,,0,0.00,0,ANTONIO CARLOS SILVA,ANTÔNIO CARLOS,PCO,v,,,,,04/10/2026 19:11:18,sim
1,04/10/2026,6257,Presidente,1,municipio,TO,92479,1702406,ARRAIAS,,,,,PARTIDO LIBERAL,i,PL,0,22,PL,PARTIDO LIBERAL,,22,280002551544,FLAVIO NANTES BOLSONARO,FLAVIO BOLSONARO,30/04/1981,1,Válido,nao,,1650,27.94,27.942421677,ALFREDO GASPAR DE MENDONÇA NETO,ALFREDO GASPAR,PL,v,,,,,04/10/2026 19:03:09,sim
1,04/10/2026,6257,Presidente,1,municipio,TO,92479,1702406,ARRAIAS,,,,,PARTIDO SOCIAL DEMOCRÁTICO,i,PSD,0,55,PSD,PARTIDO SOCIAL DEMOCRÁTICO,,55,280002551932,RONALDO RAMOS CAIADO,RONALDO CAIADO,25/09/1949,4,Válido,nao,,192,3.25,3.251481795,GILBERTO KASSAB,GILBERTO KASSAB,PSD,v,,,,,04/10/2026 19:03:09,sim
1,04/10/2026,6257,Presidente,1,municipio,TO,92479,1702406,ARRAIAS,,PT/PC do B/PV,FEDERAÇÃO BRASIL DA ESPERANÇA - FE BRASIL,PT/PC do B/PV,BRASIL PRONTO PRA MAIS,c,PSB / PDT / PCDOB / PT / PV / PSOL / REDE,,13,PT,PARTIDO DOS TRABALHADORES,101,13,280002542548,LUIZ INÁCIO LULA DA SILVA,LULA,06/10/1945,2,Válido,nao,,3928,66.52,66.519898391,GERALDO JOSE RODRIGUES ALCKMIN FILHO,GERALDO ALCKMIN,PSB,v,,,,,04/10/2026 19:03:09,sim
1,04/10/2026,6257,Presidente,1,municipio,TO,92479,1702406,ARRAIAS,,,,,DEMOCRACIA CRISTÃ,i,DC,0,27,DC,DEMOCRACIA CRISTÃ,,27,280002552484,CLARIANA ZACARKIM BARAO,CLARIANA BARAO,03/04/1987,9,Válido,nao,,1,0.02,0.016934801,FABIANA CRISTINA TAVARES TORQUATO,FABIANA TORQUATO,DC,v,,,,,04/10/2026 19:03:09,sim
1,04/10/2026,6257,Presidente,1,municipio,TO,92479,1702406,ARRAIAS,,,,,PARTIDO COMUNISTA BRASILEIRO,i,PCB,0,21,PCB,PARTIDO COMUNISTA BRASILEIRO,,21,280002551975,EDMILSON SILVA COSTA,EDMILSON COSTA,08/04/1950,10,Válido,nao,,1,0.02,0.016934801,CLEUSA DOS SANTOS,CLEUSA SANTOS,PCB,v,,,,,04/10/2026 19:03:09,sim
1,04/10/2026,6257,Presidente,1,municipio,TO,92479,1702406,ARRAIAS,,,,,PARTIDO SOCIALISTA  DOS TRABALHADORES UNIFICADO,i,PSTU,0,16,PSTU,PARTIDO SOCIALISTA  DOS TRABALHADORES UNIFICADO,,16,280002541457,HERTZ DA CONCEICAO DIAS,HERTZ DIAS,20/10/1970,8,Válido,nao,,0,0.00,0,VANESSA PORTUGAL BARBOSA,VANESSA PORTUGAL,PSTU,v,,,,,04/10/2026 19:03:09,sim
1,04/10/2026,6257,Presidente,1,municipio,TO,92479,1702406,ARRAIAS,,,,,BRASIL DOS NOSSOS SONHOS,c,AGIR / AVANTE,,70,AVANTE,AVANTE,,70,280002551547,AUGUSTO JORGE CURY,ESCRITOR AUGUSTO CURY,02/10/1958,3,Válido,nao,,90,1.52,1.524132091,JULIO CESAR DELGADO,JÚLIO DELGADO,AVANTE,v,,,,,04/10/2026 19:03:09,sim
1,04/10/2026,6257,Presidente,1,municipio,TO,92479,1702406,ARRAIAS,,,,,PARTIDO NOVO,i,NOVO,0,30,NOVO,PARTIDO NOVO,,30,280002539826,ROMEU ZEMA NETO,ZEMA,28/10/1964,6,Válido,nao,,0,0.00,0,LUIS EDUARDO GRANGEIRO GIRÃO,EDUARDO GIRÃO,NOVO,v,,,,,04/10/2026 19:03:09,sim
1,04/10/2026,6257,Presidente,1,municipio,TO,92479,1702406,ARRAIAS,,,,,UNIDADE POPULAR,i,UP,0,80,UP,UNIDADE POPULAR,,80,280002538811,SAMARA MARTINS DA SILVA FEITOSA,SAMARA,31/08/1987,7,Válido,nao,,3,0.05,0.050804403,RAQUEL NONATO DE BRICIO,RAQUEL BRÍCIO,UP,v,,,,,04/10/2026 19:03:09,sim
1,04/10/2026,6257,Presidente,1,municipio,TO,92479,1702406,ARRAIAS,,,,,DEMOCRATA,i,DEMOCRATA,0,35,DEMOCRATA,DEMOCRATA,,35,280002548139,WILSON GRASSI JUNIOR,VETERINÁRIO WILSON GRASSI,13/03/1970,11,Válido,nao,,1,0.02,0.016934801,SUÊD HAIDAR NOGUEIRA,SUÊD HAIDAR,DEMOCRATA,v,,,,,04/10/2026 19:03:09,sim
1,04/10/2026,6257,Presidente,1,municipio,TO,92479,1702406,ARRAIAS,,,,,PARTIDO MISSÃO,i,MISSÃO,0,14,MISSÃO,PARTIDO MISSÃO,,14,280002540694,RENAN ANTONIO FERREIRA DOS SANTOS,RENAN SANTOS,14/02/1984,5,Válido,nao,,39,0.66,0.660457240,AROLDO MEDINA,CORONEL MEDINA,MISSÃO,v,,,,,04/10/2026 19:03:09,sim
1,04/10/2026,6257,Presidente,1,municipio,TO,92479,1702406,ARRAIAS,,,,,PARTIDO DA CAUSA OPERÁRIA,i,PCO,0,29,PCO,PARTIDO DA CAUSA OPERÁRIA,,29,280002552487,RUI COSTA PIMENTA,RUI COSTA PIMENTA,25/06/1957,12,Válido,nao,,0,0.00,0,ANTONIO CARLOS SILVA,ANTÔNIO CARLOS,PCO,v,,,,,04/10/2026 19:03:09,sim
1,04/10/2026,6257,Presidente,1,municipio,TO,92487,1716653,PEQUIZEIRO,,,,,PARTIDO LIBERAL,i,PL,0,22,PL,PARTIDO LIBERAL,,22,280002551544,FLAVIO NANTES BOLSONARO,FLAVIO BOLSONARO,30/04/1981,1,Válido,nao,,1616,45.80,45.804988662,ALFREDO GASPAR DE MENDONÇA NETO,ALFREDO GASPAR,PL,v,,,,,04/10/2026 19:07:10,sim
1,04/10/2026,6257,Presidente,1,municipio,TO,92487,1716653,PEQUIZEIRO,,,,,PARTIDO SOCIAL DEMOCRÁTICO,i,PSD,0,55,PSD,PARTIDO SOCIAL DEMOCRÁTICO,,55,280002551932,RONALDO RAMOS CAIADO,RONALDO CAIADO,25/09/1949,4,Válido,nao,,42,1.19,1.190476190,GILBERTO KASSAB,GILBERTO KASSAB,PSD,v,,,,,04/10/2026 19:07:10,sim
1,04/10/2026,6257,Presidente,1,municipio,TO,92487,1716653,PEQUIZEIRO,,PT/PC do B/PV,FEDERAÇÃO BRASIL DA ESPERANÇA - FE BRASIL,PT/PC do B/PV,BRASIL PRONTO PRA MAIS,c,PSB / PDT / PCDOB / PT / PV / PSOL / REDE,,13,PT,PARTIDO DOS TRABALHADORES,101,13,280002542548,LUIZ INÁCIO LULA DA SILVA,LULA,06/10/1945,2,Válido,nao,,1786,50.62,50.623582766,GERALDO JOSE RODRIGUES ALCKMIN FILHO,GERALDO ALCKMIN,PSB,v,,,,,04/10/2026 19:07:10,sim
1,04/10/2026,6257,Presidente,1,municipio,TO,92487,1716653,PEQUIZEIRO,,,,,DEMOCRACIA CRISTÃ,i,DC,0,27,DC,DEMOCRACIA CRISTÃ,,27,280002552484,CLARIANA ZACARKIM BARAO,CLARIANA BARAO,03/04/1987,9,Válido,nao,,0,0.00,0,FABIANA CRISTINA TAVARES TORQUATO,FABIANA TORQUATO,DC,v,,,,,04/10/2026 19:07:10,sim
1,04/10/2026,6257,Presidente,1,municipio,TO,92487,1716653,PEQUIZEIRO,,,,,PARTIDO COMUNISTA BRASILEIRO,i,PCB,0,21,PCB,PARTIDO COMUNISTA BRASILEIRO,,21,280002551975,EDMILSON SILVA COSTA,EDMILSON COSTA,08/04/1950,10,Válido,nao,,0,0.00,0,CLEUSA DOS SANTOS,CLEUSA SANTOS,PCB,v,,,,,04/10/2026 19:07:10,sim
1,04/10/2026,6257,Presidente,1,municipio,TO,92487,1716653,PEQUIZEIRO,,,,,PARTIDO SOCIALISTA  DOS TRABALHADORES UNIFICADO,i,PSTU,0,16,PSTU,PARTIDO SOCIALISTA  DOS TRABALHADORES UNIFICADO,,16,280002541457,HERTZ DA CONCEICAO DIAS,HERTZ DIAS,20/10/1970,8,Válido,nao,,0,0.00,0,VANESSA PORTUGAL BARBOSA,VANESSA PORTUGAL,PSTU,v,,,,,04/10/2026 19:07:10,sim
1,04/10/2026,6257,Presidente,1,municipio,TO,92487,1716653,PEQUIZEIRO,,,,,BRASIL DOS NOSSOS SONHOS,c,AGIR / AVANTE,,70,AVANTE,AVANTE,,70,280002551547,AUGUSTO JORGE CURY,ESCRITOR AUGUSTO CURY,02/10/1958,3,Válido,nao,,59,1.67,1.672335601,JULIO CESAR DELGADO,JÚLIO DELGADO,AVANTE,v,,,,,04/10/2026 19:07:10,sim
1,04/10/2026,6257,Presidente,1,municipio,TO,92487,1716653,PEQUIZEIRO,,,,,PARTIDO NOVO,i,NOVO,0,30,NOVO,PARTIDO NOVO,,30,280002539826,ROMEU ZEMA NETO,ZEMA,28/10/1964,6,Válido,nao,,1,0.03,0.028344671,LUIS EDUARDO GRANGEIRO GIRÃO,EDUARDO GIRÃO,NOVO,v,,,,,04/10/2026 19:07:10,sim
1,04/10/2026,6257,Presidente,1,municipio,TO,92487,1716653,PEQUIZEIRO,,,,,UNIDADE POPULAR,i,UP,0,80,UP,UNIDADE POPULAR,,80,280002538811,SAMARA MARTINS DA SILVA FEITOSA,SAMARA,31/08/1987,7,Válido,nao,,2,0.06,0.056689342,RAQUEL NONATO DE BRICIO,RAQUEL BRÍCIO,UP,v,,,,,04/10/2026 19:07:10,sim
1,04/10/2026,6257,Presidente,1,municipio,TO,92487,1716653,PEQUIZEIRO,,,,,DEMOCRATA,i,DEMOCRATA,0,35,DEMOCRATA,DEMOCRATA,,35,280002548139,WILSON GRASSI JUNIOR,VETERINÁRIO WILSON GRASSI,13/03/1970,11,Válido,nao,,0,0.00,0,SUÊD HAIDAR NOGUEIRA,SUÊD HAIDAR,DEMOCRATA,v,,,,,04/10/2026 19:07:10,sim
1,04/10/2026,6257,Presidente,1,municipio,TO,92487,1716653,PEQUIZEIRO,,,,,PARTIDO MISSÃO,i,MISSÃO,0,14,MISSÃO,PARTIDO MISSÃO,,14,280002540694,RENAN ANTONIO FERREIRA DOS SANTOS,RENAN SANTOS,14/02/1984,5,Válido,nao,,22,0.62,0.623582766,AROLDO MEDINA,CORONEL MEDINA,MISSÃO,v,,,,,04/10/2026 19:07:10,sim
1,04/10/2026,6257,Presidente,1,municipio,TO,92487,1716653,PEQUIZEIRO,,,,,PARTIDO DA CAUSA OPERÁRIA,i,PCO,0,29,PCO,PARTIDO DA CAUSA OPERÁRIA,,29,280002552487,RUI COSTA PIMENTA,RUI COSTA PIMENTA,25/06/1957,12,Válido,nao,,0,0.00,0,ANTONIO CARLOS SILVA,ANTÔNIO CARLOS,PCO,v,,,,,04/10/2026 19:07:10,sim
1,04/10/2026,6257,Presidente,1,municipio,TO,92509,1718006,PORTO ALEGRE DO TOCANTINS,,,,,PARTIDO LIBERAL,i,PL,0,22,PL,PARTIDO LIBERAL,,22,280002551544,FLAVIO NANTES BOLSONARO,FLAVIO BOLSONARO,30/04/1981,1,Válido,nao,,705,35.66,35.660091047,ALFREDO GASPAR DE MENDONÇA NETO,ALFREDO GASPAR,PL,v,,,,,04/10/2026 17:36:55,sim
1,04/10/2026,6257,Presidente,1,municipio,TO,92509,1718006,PORTO ALEGRE DO TOCANTINS,,,,,PARTIDO SOCIAL DEMOCRÁTICO,i,PSD,0,55,PSD,PARTIDO SOCIAL DEMOCRÁTICO,,55,280002551932,RONALDO RAMOS CAIADO,RONALDO CAIADO,25/09/1949,4,Válido,nao,,49,2.48,2.478502782,GILBERTO KASSAB,GILBERTO KASSAB,PSD,v,,,,,04/10/2026 17:36:55,sim
1,04/10/2026,6257,Presidente,1,municipio,TO,92509,1718006,PORTO ALEGRE DO TOCANTINS,,PT/PC do B/PV,FEDERAÇÃO BRASIL DA ESPERANÇA - FE BRASIL,PT/PC do B/PV,BRASIL PRONTO PRA MAIS,c,PSB / PDT / PCDOB / PT / PV / PSOL / REDE,,13,PT,PARTIDO DOS TRABALHADORES,101,13,280002542548,LUIZ INÁCIO LULA DA SILVA,LULA,06/10/1945,2,Válido,nao,,1140,57.66,57.663125948,GERALDO JOSE RODRIGUES ALCKMIN FILHO,GERALDO ALCKMIN,PSB,v,,,,,04/10/2026 17:36:55,sim
1,04/10/2026,6257,Presidente,1,municipio,TO,92509,1718006,PORTO ALEGRE DO TOCANTINS,,,,,DEMOCRACIA CRISTÃ,i,DC,0,27,DC,DEMOCRACIA CRISTÃ,,27,280002552484,CLARIANA ZACARKIM BARAO,CLARIANA BARAO,03/04/1987,8,Válido,nao,,0,0.00,0,FABIANA CRISTINA TAVARES TORQUATO,FABIANA TORQUATO,DC,v,,,,,04/10/2026 17:36:55,sim
1,04/10/2026,6257,Presidente,1,municipio,TO,92509,1718006,PORTO ALEGRE DO TOCANTINS,,,,,PARTIDO COMUNISTA BRASILEIRO,i,PCB,0,21,PCB,PARTIDO COMUNISTA BRASILEIRO,,21,280002551975,EDMILSON SILVA COSTA,EDMILSON COSTA,08/04/1950,10,Válido,nao,,0,0.00,0,CLEUSA DOS SANTOS,CLEUSA SANTOS,PCB,v,,,,,04/10/2026 17:36:55,sim
1,04/10/2026,6257,Presidente,1,municipio,TO,92509,1718006,PORTO ALEGRE DO TOCANTINS,,,,,PARTIDO SOCIALISTA  DOS TRABALHADORES UNIFICADO,i,PSTU,0,16,PSTU,PARTIDO SOCIALISTA  DOS TRABALHADORES UNIFICADO,,16,280002541457,HERTZ DA CONCEICAO DIAS,HERTZ DIAS,20/10/1970,9,Válido,nao,,0,0.00,0,VANESSA PORTUGAL BARBOSA,VANESSA PORTUGAL,PSTU,v,,,,,04/10/2026 17:36:55,sim
1,04/10/2026,6257,Presidente,1,municipio,TO,92509,1718006,PORTO ALEGRE DO TOCANTINS,,,,,BRASIL DOS NOSSOS SONHOS,c,AGIR / AVANTE,,70,AVANTE,AVANTE,,70,280002551547,AUGUSTO JORGE CURY,ESCRITOR AUGUSTO CURY,02/10/1958,3,Válido,nao,,61,3.09,3.085483055,JULIO CESAR DELGADO,JÚLIO DELGADO,AVANTE,v,,,,,04/10/2026 17:36:55,sim
1,04/10/2026,6257,Presidente,1,municipio,TO,92509,1718006,PORTO ALEGRE DO TOCANTINS,,,,,PARTIDO NOVO,i,NOVO,0,30,NOVO,PARTIDO NOVO,,30,280002539826,ROMEU ZEMA NETO,ZEMA,28/10/1964,6,Válido,nao,,7,0.35,0.354071826,LUIS EDUARDO GRANGEIRO GIRÃO,EDUARDO GIRÃO,NOVO,v,,,,,04/10/2026 17:36:55,sim
1,04/10/2026,6257,Presidente,1,municipio,TO,92509,1718006,PORTO ALEGRE DO TOCANTINS,,,,,UNIDADE POPULAR,i,UP,0,80,UP,UNIDADE POPULAR,,80,280002538811,SAMARA MARTINS DA SILVA FEITOSA,SAMARA,31/08/1987,7,Válido,nao,,1,0.05,0.050581689,RAQUEL NONATO DE BRICIO,RAQUEL BRÍCIO,UP,v,,,,,04/10/2026 17:36:55,sim
1,04/10/2026,6257,Presidente,1,municipio,TO,92509,1718006,PORTO ALEGRE DO TOCANTINS,,,,,DEMOCRATA,i,DEMOCRATA,0,35,DEMOCRATA,DEMOCRATA,,35,280002548139,WILSON GRASSI JUNIOR,VETERINÁRIO WILSON GRASSI,13/03/1970,11,Válido,nao,,0,0.00,0,SUÊD HAIDAR NOGUEIRA,SUÊD HAIDAR,DEMOCRATA,v,,,,,04/10/2026 17:36:55,sim
1,04/10/2026,6257,Presidente,1,municipio,TO,92509,1718006,PORTO ALEGRE DO TOCANTINS,,,,,PARTIDO MISSÃO,i,MISSÃO,0,14,MISSÃO,PARTIDO MISSÃO,,14,280002540694,RENAN ANTONIO FERREIRA DOS SANTOS,RENAN SANTOS,14/02/1984,5,Válido,nao,,14,0.71,0.708143652,AROLDO MEDINA,CORONEL MEDINA,MISSÃO,v,,,,,04/10/2026 17:36:55,sim
1,04/10/2026,6257,Presidente,1,municipio,TO,92509,1718006,PORTO ALEGRE DO TOCANTINS,,,,,PARTIDO DA CAUSA OPERÁRIA,i,PCO,0,29,PCO,PARTIDO DA CAUSA OPERÁRIA,,29,280002552487,RUI COSTA PIMENTA,RUI COSTA PIMENTA,25/06/1957,12,Válido,nao,,0,0.00,0,ANTONIO CARLOS SILVA,ANTÔNIO CARLOS,PCO,v,,,,,04/10/2026 17:36:55,sim
1,04/10/2026,6257,Presidente,1,municipio,TO,92525,1718303,PRAIA NORTE,,,,,PARTIDO LIBERAL,i,PL,0,22,PL,PARTIDO LIBERAL,,22,280002551544,FLAVIO NANTES BOLSONARO,FLAVIO BOLSONARO,30/04/1981,1,Válido,nao,,1475,33.14,33.138620535,ALFREDO GASPAR DE MENDONÇA NETO,ALFREDO GASPAR,PL,v,,,,,04/10/2026 18:44:43,sim
1,04/10/2026,6257,Presidente,1,municipio,TO,92525,1718303,PRAIA NORTE,,,,,PARTIDO SOCIAL DEMOCRÁTICO,i,PSD,0,55,PSD,PARTIDO SOCIAL DEMOCRÁTICO,,55,280002551932,RONALDO RAMOS CAIADO,RONALDO CAIADO,25/09/1949,4,Válido,nao,,57,1.28,1.280611099,GILBERTO KASSAB,GILBERTO KASSAB,PSD,v,,,,,04/10/2026 18:44:43,sim
1,04/10/2026,6257,Presidente,1,municipio,TO,92525,1718303,PRAIA NORTE,,PT/PC do B/PV,FEDERAÇÃO BRASIL DA ESPERANÇA - FE BRASIL,PT/PC do B/PV,BRASIL PRONTO PRA MAIS,c,PSB / PDT / PCDOB / PT / PV / PSOL / REDE,,13,PT,PARTIDO DOS TRABALHADORES,101,13,280002542548,LUIZ INÁCIO LULA DA SILVA,LULA,06/10/1945,2,Válido,nao,,2766,62.14,62.143338576,GERALDO JOSE RODRIGUES ALCKMIN FILHO,GERALDO ALCKMIN,PSB,v,,,,,04/10/2026 18:44:43,sim
1,04/10/2026,6257,Presidente,1,municipio,TO,92525,1718303,PRAIA NORTE,,,,,DEMOCRACIA CRISTÃ,i,DC,0,27,DC,DEMOCRACIA CRISTÃ,,27,280002552484,CLARIANA ZACARKIM BARAO,CLARIANA BARAO,03/04/1987,9,Válido,nao,,1,0.02,0.022466861,FABIANA CRISTINA TAVARES TORQUATO,FABIANA TORQUATO,DC,v,,,,,04/10/2026 18:44:43,sim
1,04/10/2026,6257,Presidente,1,municipio,TO,92525,1718303,PRAIA NORTE,,,,,PARTIDO COMUNISTA BRASILEIRO,i,PCB,0,21,PCB,PARTIDO COMUNISTA BRASILEIRO,,21,280002551975,EDMILSON SILVA COSTA,EDMILSON COSTA,08/04/1950,10,Válido,nao,,1,0.02,0.022466861,CLEUSA DOS SANTOS,CLEUSA SANTOS,PCB,v,,,,,04/10/2026 18:44:43,sim
1,04/10/2026,6257,Presidente,1,municipio,TO,92525,1718303,PRAIA NORTE,,,,,PARTIDO SOCIALISTA  DOS TRABALHADORES UNIFICADO,i,PSTU,0,16,PSTU,PARTIDO SOCIALISTA  DOS TRABALHADORES UNIFICADO,,16,280002541457,HERTZ DA CONCEICAO DIAS,HERTZ DIAS,20/10/1970,8,Válido,nao,,0,0.00,0,VANESSA PORTUGAL BARBOSA,VANESSA PORTUGAL,PSTU,v,,,,,04/10/2026 18:44:43,sim
1,04/10/2026,6257,Presidente,1,municipio,TO,92525,1718303,PRAIA NORTE,,,,,BRASIL DOS NOSSOS SONHOS,c,AGIR / AVANTE,,70,AVANTE,AVANTE,,70,280002551547,AUGUSTO JORGE CURY,ESCRITOR AUGUSTO CURY,02/10/1958,3,Válido,nao,,96,2.16,2.156818692,JULIO CESAR DELGADO,JÚLIO DELGADO,AVANTE,v,,,,,04/10/2026 18:44:43,sim
1,04/10/2026,6257,Presidente,1,municipio,TO,92525,1718303,PRAIA NORTE,,,,,PARTIDO NOVO,i,NOVO,0,30,NOVO,PARTIDO NOVO,,30,280002539826,ROMEU ZEMA NETO,ZEMA,28/10/1964,6,Válido,nao,,1,0.02,0.022466861,LUIS EDUARDO GRANGEIRO GIRÃO,EDUARDO GIRÃO,NOVO,v,,,,,04/10/2026 18:44:43,sim
1,04/10/2026,6257,Presidente,1,municipio,TO,92525,1718303,PRAIA NORTE,,,,,UNIDADE POPULAR,i,UP,0,80,UP,UNIDADE POPULAR,,80,280002538811,SAMARA MARTINS DA SILVA FEITOSA,SAMARA,31/08/1987,7,Válido,nao,,2,0.04,0.044933723,RAQUEL NONATO DE BRICIO,RAQUEL BRÍCIO,UP,v,,,,,04/10/2026 18:44:43,sim
1,04/10/2026,6257,Presidente,1,municipio,TO,92525,1718303,PRAIA NORTE,,,,,DEMOCRATA,i,DEMOCRATA,0,35,DEMOCRATA,DEMOCRATA,,35,280002548139,WILSON GRASSI JUNIOR,VETERINÁRIO WILSON GRASSI,13/03/1970,11,Válido,nao,,0,0.00,0,SUÊD HAIDAR NOGUEIRA,SUÊD HAIDAR,DEMOCRATA,v,,,,,04/10/2026 18:44:43,sim
1,04/10/2026,6257,Presidente,1,municipio,TO,92525,1718303,PRAIA NORTE,,,,,PARTIDO MISSÃO,i,MISSÃO,0,14,MISSÃO,PARTIDO MISSÃO,,14,280002540694,RENAN ANTONIO FERREIRA DOS SANTOS,RENAN SANTOS,14/02/1984,5,Válido,nao,,52,1.17,1.168276792,AROLDO MEDINA,CORONEL MEDINA,MISSÃO,v,,,,,04/10/2026 18:44:43,sim
1,04/10/2026,6257,Presidente,1,municipio,TO,92525,1718303,PRAIA NORTE,,,,,PARTIDO DA CAUSA OPERÁRIA,i,PCO,0,29,PCO,PARTIDO DA CAUSA OPERÁRIA,,29,280002552487,RUI COSTA PIMENTA,RUI COSTA PIMENTA,25/06/1957,12,Válido,nao,,0,0.00,0,ANTONIO CARLOS SILVA,ANTÔNIO CARLOS,PCO,v,,,,,04/10/2026 18:44:43,sim
1,04/10/2026,6257,Presidente,1,municipio,TO,92533,1702703,AURORA DO TOCANTINS,,,,,PARTIDO LIBERAL,i,PL,0,22,PL,PARTIDO LIBERAL,,22,280002551544,FLAVIO NANTES BOLSONARO,FLAVIO BOLSONARO,30/04/1981,1,Válido,nao,,990,40.66,40.657084189,ALFREDO GASPAR DE MENDONÇA NETO,ALFREDO GASPAR,PL,v,,,,,04/10/2026 17:29:30,sim
1,04/10/2026,6257,Presidente,1,municipio,TO,92533,1702703,AURORA DO TOCANTINS,,,,,PARTIDO SOCIAL DEMOCRÁTICO,i,PSD,0,55,PSD,PARTIDO SOCIAL DEMOCRÁTICO,,55,280002551932,RONALDO RAMOS CAIADO,RONALDO CAIADO,25/09/1949,5,Válido,nao,,82,3.37,3.367556468,GILBERTO KASSAB,GILBERTO KASSAB,PSD,v,,,,,04/10/2026 17:29:30,sim
1,04/10/2026,6257,Presidente,1,municipio,TO,92533,1702703,AURORA DO TOCANTINS,,PT/PC do B/PV,FEDERAÇÃO BRASIL DA ESPERANÇA - FE BRASIL,PT/PC do B/PV,BRASIL PRONTO PRA MAIS,c,PSB / PDT / PCDOB / PT / PV / PSOL / REDE,,13,PT,PARTIDO DOS TRABALHADORES,101,13,280002542548,LUIZ INÁCIO LULA DA SILVA,LULA,06/10/1945,2,Válido,nao,,1288,52.90,52.895277207,GERALDO JOSE RODRIGUES ALCKMIN FILHO,GERALDO ALCKMIN,PSB,v,,,,,04/10/2026 17:29:30,sim
1,04/10/2026,6257,Presidente,1,municipio,TO,92533,1702703,AURORA DO TOCANTINS,,,,,PARTIDO SOCIALISTA  DOS TRABALHADORES UNIFICADO,i,PSTU,0,16,PSTU,PARTIDO SOCIALISTA  DOS TRABALHADORES UNIFICADO,,16,280002541457,HERTZ DA CONCEICAO DIAS,HERTZ DIAS,20/10/1970,9,Válido,nao,,0,0.00,0,VANESSA PORTUGAL BARBOSA,VANESSA PORTUGAL,PSTU,v,,,,,04/10/2026 17:29:30,sim
1,04/10/2026,6257,Presidente,1,municipio,TO,92533,1702703,AURORA DO TOCANTINS,,,,,PARTIDO COMUNISTA BRASILEIRO,i,PCB,0,21,PCB,PARTIDO COMUNISTA BRASILEIRO,,21,280002551975,EDMILSON SILVA COSTA,EDMILSON COSTA,08/04/1950,10,Válido,nao,,0,0.00,0,CLEUSA DOS SANTOS,CLEUSA SANTOS,PCB,v,,,,,04/10/2026 17:29:30,sim
1,04/10/2026,6257,Presidente,1,municipio,TO,92533,1702703,AURORA DO TOCANTINS,,,,,DEMOCRACIA CRISTÃ,i,DC,0,27,DC,DEMOCRACIA CRISTÃ,,27,280002552484,CLARIANA ZACARKIM BARAO,CLARIANA BARAO,03/04/1987,8,Válido,nao,,0,0.00,0,FABIANA CRISTINA TAVARES TORQUATO,FABIANA TORQUATO,DC,v,,,,,04/10/2026 17:29:30,sim
1,04/10/2026,6257,Presidente,1,municipio,TO,92533,1702703,AURORA DO TOCANTINS,,,,,PARTIDO NOVO,i,NOVO,0,30,NOVO,PARTIDO NOVO,,30,280002539826,ROMEU ZEMA NETO,ZEMA,28/10/1964,6,Válido,nao,,0,0.00,0,LUIS EDUARDO GRANGEIRO GIRÃO,EDUARDO GIRÃO,NOVO,v,,,,,04/10/2026 17:29:30,sim
1,04/10/2026,6257,Presidente,1,municipio,TO,92533,1702703,AURORA DO TOCANTINS,,,,,BRASIL DOS NOSSOS SONHOS,c,AGIR / AVANTE,,70,AVANTE,AVANTE,,70,280002551547,AUGUSTO JORGE CURY,ESCRITOR AUGUSTO CURY,02/10/1958,3,Válido,nao,,46,1.89,1.889117043,JULIO CESAR DELGADO,JÚLIO DELGADO,AVANTE,v,,,,,04/10/2026 17:29:30,sim
1,04/10/2026,6257,Presidente,1,municipio,TO,92533,1702703,AURORA DO TOCANTINS,,,,,DEMOCRATA,i,DEMOCRATA,0,35,DEMOCRATA,DEMOCRATA,,35,280002548139,WILSON GRASSI JUNIOR,VETERINÁRIO WILSON GRASSI,13/03/1970,11,Válido,nao,,0,0.00,0,SUÊD HAIDAR NOGUEIRA,SUÊD HAIDAR,DEMOCRATA,v,,,,,04/10/2026 17:29:30,sim
1,04/10/2026,6257,Presidente,1,municipio,TO,92533,1702703,AURORA DO TOCANTINS,,,,,UNIDADE POPULAR,i,UP,0,80,UP,UNIDADE POPULAR,,80,280002538811,SAMARA MARTINS DA SILVA FEITOSA,SAMARA,31/08/1987,7,Válido,nao,,1,0.04,0.041067762,RAQUEL NONATO DE BRICIO,RAQUEL BRÍCIO,UP,v,,,,,04/10/2026 17:29:30,sim
1,04/10/2026,6257,Presidente,1,municipio,TO,92533,1702703,AURORA DO TOCANTINS,,,,,PARTIDO MISSÃO,i,MISSÃO,0,14,MISSÃO,PARTIDO MISSÃO,,14,280002540694,RENAN ANTONIO FERREIRA DOS SANTOS,RENAN SANTOS,14/02/1984,4,Válido,nao,,28,1.15,1.149897331,AROLDO MEDINA,CORONEL MEDINA,MISSÃO,v,,,,,04/10/2026 17:29:30,sim
1,04/10/2026,6257,Presidente,1,municipio,TO,92533,1702703,AURORA DO TOCANTINS,,,,,PARTIDO DA CAUSA OPERÁRIA,i,PCO,0,29,PCO,PARTIDO DA CAUSA OPERÁRIA,,29,280002552487,RUI COSTA PIMENTA,RUI COSTA PIMENTA,25/06/1957,12,Válido,nao,,0,0.00,0,ANTONIO CARLOS SILVA,ANTÔNIO CARLOS,PCO,v,,,,,04/10/2026 17:29:30,sim
1,04/10/2026,6257,Presidente,1,municipio,TO,92541,1718808,SAMPAIO,,,,,PARTIDO LIBERAL,i,PL,0,22,PL,PARTIDO LIBERAL,,22,280002551544,FLAVIO NANTES BOLSONARO,FLAVIO BOLSONARO,30/04/1981,1,Válido,nao,,966,32.32,32.318501171,ALFREDO GASPAR DE MENDONÇA NETO,ALFREDO GASPAR,PL,v,,,,,04/10/2026 19:20:55,sim
1,04/10/2026,6257,Presidente,1,municipio,TO,92541,1718808,SAMPAIO,,,,,PARTIDO SOCIAL DEMOCRÁTICO,i,PSD,0,55,PSD,PARTIDO SOCIAL DEMOCRÁTICO,,55,280002551932,RONALDO RAMOS CAIADO,RONALDO CAIADO,25/09/1949,5,Válido,nao,,28,0.94,0.936768150,GILBERTO KASSAB,GILBERTO KASSAB,PSD,v,,,,,04/10/2026 19:20:55,sim
1,04/10/2026,6257,Presidente,1,municipio,TO,92541,1718808,SAMPAIO,,PT/PC do B/PV,FEDERAÇÃO BRASIL DA ESPERANÇA - FE BRASIL,PT/PC do B/PV,BRASIL PRONTO PRA MAIS,c,PSB / PDT / PCDOB / PT / PV / PSOL / REDE,,13,PT,PARTIDO DOS TRABALHADORES,101,13,280002542548,LUIZ INÁCIO LULA DA SILVA,LULA,06/10/1945,2,Válido,nao,,1927,64.47,64.469722315,GERALDO JOSE RODRIGUES ALCKMIN FILHO,GERALDO ALCKMIN,PSB,v,,,,,04/10/2026 19:20:55,sim
1,04/10/2026,6257,Presidente,1,municipio,TO,92541,1718808,SAMPAIO,,,,,DEMOCRACIA CRISTÃ,i,DC,0,27,DC,DEMOCRACIA CRISTÃ,,27,280002552484,CLARIANA ZACARKIM BARAO,CLARIANA BARAO,03/04/1987,9,Válido,nao,,0,0.00,0,FABIANA CRISTINA TAVARES TORQUATO,FABIANA TORQUATO,DC,v,,,,,04/10/2026 19:20:55,sim
1,04/10/2026,6257,Presidente,1,municipio,TO,92541,1718808,SAMPAIO,,,,,PARTIDO COMUNISTA BRASILEIRO,i,PCB,0,21,PCB,PARTIDO COMUNISTA BRASILEIRO,,21,280002551975,EDMILSON SILVA COSTA,EDMILSON COSTA,08/04/1950,10,Válido,nao,,0,0.00,0,CLEUSA DOS SANTOS,CLEUSA SANTOS,PCB,v,,,,,04/10/2026 19:20:55,sim
1,04/10/2026,6257,Presidente,1,municipio,TO,92541,1718808,SAMPAIO,,,,,PARTIDO SOCIALISTA  DOS TRABALHADORES UNIFICADO,i,PSTU,0,16,PSTU,PARTIDO SOCIALISTA  DOS TRABALHADORES UNIFICADO,,16,280002541457,HERTZ DA CONCEICAO DIAS,HERTZ DIAS,20/10/1970,8,Válido,nao,,0,0.00,0,VANESSA PORTUGAL BARBOSA,VANESSA PORTUGAL,PSTU,v,,,,,04/10/2026 19:20:55,sim
1,04/10/2026,6257,Presidente,1,municipio,TO,92541,1718808,SAMPAIO,,,,,BRASIL DOS NOSSOS SONHOS,c,AGIR / AVANTE,,70,AVANTE,AVANTE,,70,280002551547,AUGUSTO JORGE CURY,ESCRITOR AUGUSTO CURY,02/10/1958,3,Válido,nao,,47,1.57,1.572432252,JULIO CESAR DELGADO,JÚLIO DELGADO,AVANTE,v,,,,,04/10/2026 19:20:55,sim
1,04/10/2026,6257,Presidente,1,municipio,TO,92541,1718808,SAMPAIO,,,,,PARTIDO NOVO,i,NOVO,0,30,NOVO,PARTIDO NOVO,,30,280002539826,ROMEU ZEMA NETO,ZEMA,28/10/1964,6,Válido,nao,,0,0.00,0,LUIS EDUARDO GRANGEIRO GIRÃO,EDUARDO GIRÃO,NOVO,v,,,,,04/10/2026 19:20:55,sim
1,04/10/2026,6257,Presidente,1,municipio,TO,92541,1718808,SAMPAIO,,,,,UNIDADE POPULAR,i,UP,0,80,UP,UNIDADE POPULAR,,80,280002538811,SAMARA MARTINS DA SILVA FEITOSA,SAMARA,31/08/1987,7,Válido,nao,,1,0.03,0.033456005,RAQUEL NONATO DE BRICIO,RAQUEL BRÍCIO,UP,v,,,,,04/10/2026 19:20:55,sim
1,04/10/2026,6257,Presidente,1,municipio,TO,92541,1718808,SAMPAIO,,,,,DEMOCRATA,i,DEMOCRATA,0,35,DEMOCRATA,DEMOCRATA,,35,280002548139,WILSON GRASSI JUNIOR,VETERINÁRIO WILSON GRASSI,13/03/1970,11,Válido,nao,,0,0.00,0,SUÊD HAIDAR NOGUEIRA,SUÊD HAIDAR,DEMOCRATA,v,,,,,04/10/2026 19:20:55,sim
1,04/10/2026,6257,Presidente,1,municipio,TO,92541,1718808,SAMPAIO,,,,,PARTIDO MISSÃO,i,MISSÃO,0,14,MISSÃO,PARTIDO MISSÃO,,14,280002540694,RENAN ANTONIO FERREIRA DOS SANTOS,RENAN SANTOS,14/02/1984,4,Válido,nao,,20,0.67,0.669120107,AROLDO MEDINA,CORONEL MEDINA,MISSÃO,v,,,,,04/10/2026 19:20:55,sim
1,04/10/2026,6257,Presidente,1,municipio,TO,92541,1718808,SAMPAIO,,,,,PARTIDO DA CAUSA OPERÁRIA,i,PCO,0,29,PCO,PARTIDO DA CAUSA OPERÁRIA,,29,280002552487,RUI COSTA PIMENTA,RUI COSTA PIMENTA,25/06/1957,12,Válido,nao,,0,0.00,0,ANTONIO CARLOS SILVA,ANTÔNIO CARLOS,PCO,v,,,,,04/10/2026 19:20:55,sim
1,04/10/2026,6257,Presidente,1,municipio,TO,92576,1702901,AXIXÁ DO TOCANTINS,,,,,PARTIDO LIBERAL,i,PL,0,22,PL,PARTIDO LIBERAL,,22,280002551544,FLAVIO NANTES BOLSONARO,FLAVIO BOLSONARO,30/04/1981,1,Válido,nao,,2982,41.49,41.491582023,ALFREDO GASPAR DE MENDONÇA NETO,ALFREDO GASPAR,PL,v,,,,,04/10/2026 18:56:33,sim
1,04/10/2026,6257,Presidente,1,municipio,TO,92576,1702901,AXIXÁ DO TOCANTINS,,,,,PARTIDO SOCIAL DEMOCRÁTICO,i,PSD,0,55,PSD,PARTIDO SOCIAL DEMOCRÁTICO,,55,280002551932,RONALDO RAMOS CAIADO,RONALDO CAIADO,25/09/1949,4,Válido,nao,,85,1.18,1.182690970,GILBERTO KASSAB,GILBERTO KASSAB,PSD,v,,,,,04/10/2026 18:56:33,sim
1,04/10/2026,6257,Presidente,1,municipio,TO,92576,1702901,AXIXÁ DO TOCANTINS,,PT/PC do B/PV,FEDERAÇÃO BRASIL DA ESPERANÇA - FE BRASIL,PT/PC do B/PV,BRASIL PRONTO PRA MAIS,c,PSB / PDT / PCDOB / PT / PV / PSOL / REDE,,13,PT,PARTIDO DOS TRABALHADORES,101,13,280002542548,LUIZ INÁCIO LULA DA SILVA,LULA,06/10/1945,2,Válido,nao,,3979,55.36,55.363851398,GERALDO JOSE RODRIGUES ALCKMIN FILHO,GERALDO ALCKMIN,PSB,v,,,,,04/10/2026 18:56:33,sim
1,04/10/2026,6257,Presidente,1,municipio,TO,92576,1702901,AXIXÁ DO TOCANTINS,,,,,DEMOCRACIA CRISTÃ,i,DC,0,27,DC,DEMOCRACIA CRISTÃ,,27,280002552484,CLARIANA ZACARKIM BARAO,CLARIANA BARAO,03/04/1987,9,Válido,nao,,0,0.00,0,FABIANA CRISTINA TAVARES TORQUATO,FABIANA TORQUATO,DC,v,,,,,04/10/2026 18:56:33,sim
1,04/10/2026,6257,Presidente,1,municipio,TO,92576,1702901,AXIXÁ DO TOCANTINS,,,,,PARTIDO COMUNISTA BRASILEIRO,i,PCB,0,21,PCB,PARTIDO COMUNISTA BRASILEIRO,,21,280002551975,EDMILSON SILVA COSTA,EDMILSON COSTA,08/04/1950,10,Válido,nao,,0,0.00,0,CLEUSA DOS SANTOS,CLEUSA SANTOS,PCB,v,,,,,04/10/2026 18:56:33,sim
1,04/10/2026,6257,Presidente,1,municipio,TO,92576,1702901,AXIXÁ DO TOCANTINS,,,,,PARTIDO SOCIALISTA  DOS TRABALHADORES UNIFICADO,i,PSTU,0,16,PSTU,PARTIDO SOCIALISTA  DOS TRABALHADORES UNIFICADO,,16,280002541457,HERTZ DA CONCEICAO DIAS,HERTZ DIAS,20/10/1970,8,Válido,nao,,0,0.00,0,VANESSA PORTUGAL BARBOSA,VANESSA PORTUGAL,PSTU,v,,,,,04/10/2026 18:56:33,sim
1,04/10/2026,6257,Presidente,1,municipio,TO,92576,1702901,AXIXÁ DO TOCANTINS,,,,,BRASIL DOS NOSSOS SONHOS,c,AGIR / AVANTE,,70,AVANTE,AVANTE,,70,280002551547,AUGUSTO JORGE CURY,ESCRITOR AUGUSTO CURY,02/10/1958,3,Válido,nao,,100,1.39,1.391401141,JULIO CESAR DELGADO,JÚLIO DELGADO,AVANTE,v,,,,,04/10/2026 18:56:33,sim
1,04/10/2026,6257,Presidente,1,municipio,TO,92576,1702901,AXIXÁ DO TOCANTINS,,,,,PARTIDO NOVO,i,NOVO,0,30,NOVO,PARTIDO NOVO,,30,280002539826,ROMEU ZEMA NETO,ZEMA,28/10/1964,6,Válido,nao,,1,0.01,0.013914011,LUIS EDUARDO GRANGEIRO GIRÃO,EDUARDO GIRÃO,NOVO,v,,,,,04/10/2026 18:56:33,sim
1,04/10/2026,6257,Presidente,1,municipio,TO,92576,1702901,AXIXÁ DO TOCANTINS,,,,,UNIDADE POPULAR,i,UP,0,80,UP,UNIDADE POPULAR,,80,280002538811,SAMARA MARTINS DA SILVA FEITOSA,SAMARA,31/08/1987,7,Válido,nao,,0,0.00,0,RAQUEL NONATO DE BRICIO,RAQUEL BRÍCIO,UP,v,,,,,04/10/2026 18:56:33,sim
1,04/10/2026,6257,Presidente,1,municipio,TO,92576,1702901,AXIXÁ DO TOCANTINS,,,,,DEMOCRATA,i,DEMOCRATA,0,35,DEMOCRATA,DEMOCRATA,,35,280002548139,WILSON GRASSI JUNIOR,VETERINÁRIO WILSON GRASSI,13/03/1970,11,Válido,nao,,0,0.00,0,SUÊD HAIDAR NOGUEIRA,SUÊD HAIDAR,DEMOCRATA,v,,,,,04/10/2026 18:56:33,sim
1,04/10/2026,6257,Presidente,1,municipio,TO,92576,1702901,AXIXÁ DO TOCANTINS,,,,,PARTIDO MISSÃO,i,MISSÃO,0,14,MISSÃO,PARTIDO MISSÃO,,14,280002540694,RENAN ANTONIO FERREIRA DOS SANTOS,RENAN SANTOS,14/02/1984,5,Válido,nao,,40,0.56,0.556560456,AROLDO MEDINA,CORONEL MEDINA,MISSÃO,v,,,,,04/10/2026 18:56:33,sim
1,04/10/2026,6257,Presidente,1,municipio,TO,92576,1702901,AXIXÁ DO TOCANTINS,,,,,PARTIDO DA CAUSA OPERÁRIA,i,PCO,0,29,PCO,PARTIDO DA CAUSA OPERÁRIA,,29,280002552487,RUI COSTA PIMENTA,RUI COSTA PIMENTA,25/06/1957,12,Válido,nao,,0,0.00,0,ANTONIO CARLOS SILVA,ANTÔNIO CARLOS,PCO,v,,,,,04/10/2026 18:56:33,sim
1,04/10/2026,6257,Presidente,1,municipio,TO,92584,1718907,SANTA ROSA DO TOCANTINS,,,,,PARTIDO LIBERAL,i,PL,0,22,PL,PARTIDO LIBERAL,,22,280002551544,FLAVIO NANTES BOLSONARO,FLAVIO BOLSONARO,30/04/1981,1,Válido,nao,,1253,37.54,37.537447573,ALFREDO GASPAR DE MENDONÇA NETO,ALFREDO GASPAR,PL,v,,,,,04/10/2026 20:11:08,sim
1,04/10/2026,6257,Presidente,1,municipio,TO,92584,1718907,SANTA ROSA DO TOCANTINS,,,,,PARTIDO SOCIAL DEMOCRÁTICO,i,PSD,0,55,PSD,PARTIDO SOCIAL DEMOCRÁTICO,,55,280002551932,RONALDO RAMOS CAIADO,RONALDO CAIADO,25/09/1949,5,Válido,nao,,73,2.19,2.186938286,GILBERTO KASSAB,GILBERTO KASSAB,PSD,v,,,,,04/10/2026 20:11:08,sim
1,04/10/2026,6257,Presidente,1,municipio,TO,92584,1718907,SANTA ROSA DO TOCANTINS,,PT/PC do B/PV,FEDERAÇÃO BRASIL DA ESPERANÇA - FE BRASIL,PT/PC do B/PV,BRASIL PRONTO PRA MAIS,c,PSB / PDT / PCDOB / PT / PV / PSOL / REDE,,13,PT,PARTIDO DOS TRABALHADORES,101,13,280002542548,LUIZ INÁCIO LULA DA SILVA,LULA,06/10/1945,2,Válido,nao,,1923,57.61,57.609346914,GERALDO JOSE RODRIGUES ALCKMIN FILHO,GERALDO ALCKMIN,PSB,v,,,,,04/10/2026 20:11:08,sim
1,04/10/2026,6257,Presidente,1,municipio,TO,92584,1718907,SANTA ROSA DO TOCANTINS,,,,,PARTIDO SOCIALISTA  DOS TRABALHADORES UNIFICADO,i,PSTU,0,16,PSTU,PARTIDO SOCIALISTA  DOS TRABALHADORES UNIFICADO,,16,280002541457,HERTZ DA CONCEICAO DIAS,HERTZ DIAS,20/10/1970,8,Válido,nao,,0,0.00,0,VANESSA PORTUGAL BARBOSA,VANESSA PORTUGAL,PSTU,v,,,,,04/10/2026 20:11:08,sim
1,04/10/2026,6257,Presidente,1,municipio,TO,92584,1718907,SANTA ROSA DO TOCANTINS,,,,,PARTIDO COMUNISTA BRASILEIRO,i,PCB,0,21,PCB,PARTIDO COMUNISTA BRASILEIRO,,21,280002551975,EDMILSON SILVA COSTA,EDMILSON COSTA,08/04/1950,10,Válido,nao,,1,0.03,0.029958059,CLEUSA DOS SANTOS,CLEUSA SANTOS,PCB,v,,,,,04/10/2026 20:11:08,sim
1,04/10/2026,6257,Presidente,1,municipio,TO,92584,1718907,SANTA ROSA DO TOCANTINS,,,,,DEMOCRACIA CRISTÃ,i,DC,0,27,DC,DEMOCRACIA CRISTÃ,,27,280002552484,CLARIANA ZACARKIM BARAO,CLARIANA BARAO,03/04/1987,9,Válido,nao,,0,0.00,0,FABIANA CRISTINA TAVARES TORQUATO,FABIANA TORQUATO,DC,v,,,,,04/10/2026 20:11:08,sim
1,04/10/2026,6257,Presidente,1,municipio,TO,92584,1718907,SANTA ROSA DO TOCANTINS,,,,,PARTIDO NOVO,i,NOVO,0,30,NOVO,PARTIDO NOVO,,30,280002539826,ROMEU ZEMA NETO,ZEMA,28/10/1964,6,Válido,nao,,1,0.03,0.029958059,LUIS EDUARDO GRANGEIRO GIRÃO,EDUARDO GIRÃO,NOVO,v,,,,,04/10/2026 20:11:08,sim
1,04/10/2026,6257,Presidente,1,municipio,TO,92584,1718907,SANTA ROSA DO TOCANTINS,,,,,BRASIL DOS NOSSOS SONHOS,c,AGIR / AVANTE,,70,AVANTE,AVANTE,,70,280002551547,AUGUSTO JORGE CURY,ESCRITOR AUGUSTO CURY,02/10/1958,3,Válido,nao,,67,2.01,2.007189934,JULIO CESAR DELGADO,JÚLIO DELGADO,AVANTE,v,,,,,04/10/2026 20:11:08,sim
1,04/10/2026,6257,Presidente,1,municipio,TO,92584,1718907,SANTA ROSA DO TOCANTINS,,,,,DEMOCRATA,i,DEMOCRATA,0,35,DEMOCRATA,DEMOCRATA,,35,280002548139,WILSON GRASSI JUNIOR,VETERINÁRIO WILSON GRASSI,13/03/1970,11,Válido,nao,,0,0.00,0,SUÊD HAIDAR NOGUEIRA,SUÊD HAIDAR,DEMOCRATA,v,,,,,04/10/2026 20:11:08,sim
1,04/10/2026,6257,Presidente,1,municipio,TO,92584,1718907,SANTA ROSA DO TOCANTINS,,,,,UNIDADE POPULAR,i,UP,0,80,UP,UNIDADE POPULAR,,80,280002538811,SAMARA MARTINS DA SILVA FEITOSA,SAMARA,31/08/1987,7,Válido,nao,,1,0.03,0.029958059,RAQUEL NONATO DE BRICIO,RAQUEL BRÍCIO,UP,v,,,,,04/10/2026 20:11:08,sim
1,04/10/2026,6257,Presidente,1,municipio,TO,92584,1718907,SANTA ROSA DO TOCANTINS,,,,,PARTIDO MISSÃO,i,MISSÃO,0,14,MISSÃO,PARTIDO MISSÃO,,14,280002540694,RENAN ANTONIO FERREIRA DOS SANTOS,RENAN SANTOS,14/02/1984,4,Válido,nao,,19,0.57,0.569203116,AROLDO MEDINA,CORONEL MEDINA,MISSÃO,v,,,,,04/10/2026 20:11:08,sim
1,04/10/2026,6257,Presidente,1,municipio,TO,92584,1718907,SANTA ROSA DO TOCANTINS,,,,,PARTIDO DA CAUSA OPERÁRIA,i,PCO,0,29,PCO,PARTIDO DA CAUSA OPERÁRIA,,29,280002552487,RUI COSTA PIMENTA,RUI COSTA PIMENTA,25/06/1957,12,Válido,nao,,0,0.00,0,ANTONIO CARLOS SILVA,ANTÔNIO CARLOS,PCO,v,,,,,04/10/2026 20:11:08,sim
1,04/10/2026,6257,Presidente,1,municipio,TO,92592,1703008,BABAÇULÂNDIA,,,,,PARTIDO LIBERAL,i,PL,0,22,PL,PARTIDO LIBERAL,,22,280002551544,FLAVIO NANTES BOLSONARO,FLAVIO BOLSONARO,30/04/1981,1,Válido,nao,,1916,35.52,35.520949203,ALFREDO GASPAR DE MENDONÇA NETO,ALFREDO GASPAR,PL,v,,,,,04/10/2026 19:16:11,sim
1,04/10/2026,6257,Presidente,1,municipio,TO,92592,1703008,BABAÇULÂNDIA,,,,,PARTIDO SOCIAL DEMOCRÁTICO,i,PSD,0,55,PSD,PARTIDO SOCIAL DEMOCRÁTICO,,55,280002551932,RONALDO RAMOS CAIADO,RONALDO CAIADO,25/09/1949,5,Válido,nao,,78,1.45,1.446051168,GILBERTO KASSAB,GILBERTO KASSAB,PSD,v,,,,,04/10/2026 19:16:11,sim
1,04/10/2026,6257,Presidente,1,municipio,TO,92592,1703008,BABAÇULÂNDIA,,PT/PC do B/PV,FEDERAÇÃO BRASIL DA ESPERANÇA - FE BRASIL,PT/PC do B/PV,BRASIL PRONTO PRA MAIS,c,PSB / PDT / PCDOB / PT / PV / PSOL / REDE,,13,PT,PARTIDO DOS TRABALHADORES,101,13,280002542548,LUIZ INÁCIO LULA DA SILVA,LULA,06/10/1945,2,Válido,nao,,3268,60.59,60.585836114,GERALDO JOSE RODRIGUES ALCKMIN FILHO,GERALDO ALCKMIN,PSB,v,,,,,04/10/2026 19:16:11,sim
1,04/10/2026,6257,Presidente,1,municipio,TO,92592,1703008,BABAÇULÂNDIA,,,,,DEMOCRACIA CRISTÃ,i,DC,0,27,DC,DEMOCRACIA CRISTÃ,,27,280002552484,CLARIANA ZACARKIM BARAO,CLARIANA BARAO,03/04/1987,9,Válido,nao,,2,0.04,0.037078235,FABIANA CRISTINA TAVARES TORQUATO,FABIANA TORQUATO,DC,v,,,,,04/10/2026 19:16:11,sim
1,04/10/2026,6257,Presidente,1,municipio,TO,92592,1703008,BABAÇULÂNDIA,,,,,PARTIDO COMUNISTA BRASILEIRO,i,PCB,0,21,PCB,PARTIDO COMUNISTA BRASILEIRO,,21,280002551975,EDMILSON SILVA COSTA,EDMILSON COSTA,08/04/1950,10,Válido,nao,,1,0.02,0.018539118,CLEUSA DOS SANTOS,CLEUSA SANTOS,PCB,v,,,,,04/10/2026 19:16:11,sim
1,04/10/2026,6257,Presidente,1,municipio,TO,92592,1703008,BABAÇULÂNDIA,,,,,PARTIDO SOCIALISTA  DOS TRABALHADORES UNIFICADO,i,PSTU,0,16,PSTU,PARTIDO SOCIALISTA  DOS TRABALHADORES UNIFICADO,,16,280002541457,HERTZ DA CONCEICAO DIAS,HERTZ DIAS,20/10/1970,8,Válido,nao,,0,0.00,0,VANESSA PORTUGAL BARBOSA,VANESSA PORTUGAL,PSTU,v,,,,,04/10/2026 19:16:11,sim
1,04/10/2026,6257,Presidente,1,municipio,TO,92592,1703008,BABAÇULÂNDIA,,,,,BRASIL DOS NOSSOS SONHOS,c,AGIR / AVANTE,,70,AVANTE,AVANTE,,70,280002551547,AUGUSTO JORGE CURY,ESCRITOR AUGUSTO CURY,02/10/1958,3,Válido,nao,,89,1.65,1.649981461,JULIO CESAR DELGADO,JÚLIO DELGADO,AVANTE,v,,,,,04/10/2026 19:16:11,sim
1,04/10/2026,6257,Presidente,1,municipio,TO,92592,1703008,BABAÇULÂNDIA,,,,,PARTIDO NOVO,i,NOVO,0,30,NOVO,PARTIDO NOVO,,30,280002539826,ROMEU ZEMA NETO,ZEMA,28/10/1964,6,Válido,nao,,2,0.04,0.037078235,LUIS EDUARDO GRANGEIRO GIRÃO,EDUARDO GIRÃO,NOVO,v,,,,,04/10/2026 19:16:11,sim
1,04/10/2026,6257,Presidente,1,municipio,TO,92592,1703008,BABAÇULÂNDIA,,,,,UNIDADE POPULAR,i,UP,0,80,UP,UNIDADE POPULAR,,80,280002538811,SAMARA MARTINS DA SILVA FEITOSA,SAMARA,31/08/1987,7,Válido,nao,,0,0.00,0,RAQUEL NONATO DE BRICIO,RAQUEL BRÍCIO,UP,v,,,,,04/10/2026 19:16:11,sim
1,04/10/2026,6257,Presidente,1,municipio,TO,92592,1703008,BABAÇULÂNDIA,,,,,DEMOCRATA,i,DEMOCRATA,0,35,DEMOCRATA,DEMOCRATA,,35,280002548139,WILSON GRASSI JUNIOR,VETERINÁRIO WILSON GRASSI,13/03/1970,11,Válido,nao,,0,0.00,0,SUÊD HAIDAR NOGUEIRA,SUÊD HAIDAR,DEMOCRATA,v,,,,,04/10/2026 19:16:11,sim
1,04/10/2026,6257,Presidente,1,municipio,TO,92592,1703008,BABAÇULÂNDIA,,,,,PARTIDO MISSÃO,i,MISSÃO,0,14,MISSÃO,PARTIDO MISSÃO,,14,280002540694,RENAN ANTONIO FERREIRA DOS SANTOS,RENAN SANTOS,14/02/1984,4,Válido,nao,,38,0.70,0.704486466,AROLDO MEDINA,CORONEL MEDINA,MISSÃO,v,,,,,04/10/2026 19:16:11,sim
1,04/10/2026,6257,Presidente,1,municipio,TO,92592,1703008,BABAÇULÂNDIA,,,,,PARTIDO DA CAUSA OPERÁRIA,i,PCO,0,29,PCO,PARTIDO DA CAUSA OPERÁRIA,,29,280002552487,RUI COSTA PIMENTA,RUI COSTA PIMENTA,25/06/1957,12,Válido,nao,,0,0.00,0,ANTONIO CARLOS SILVA,ANTÔNIO CARLOS,PCO,v,,,,,04/10/2026 19:16:11,sim
1,04/10/2026,6257,Presidente,1,municipio,TO,92606,1719004,SANTA TEREZA DO TOCANTINS,,,,,PARTIDO LIBERAL,i,PL,0,22,PL,PARTIDO LIBERAL,,22,280002551544,FLAVIO NANTES BOLSONARO,FLAVIO BOLSONARO,30/04/1981,1,Válido,nao,,1296,52.01,52.006420546,ALFREDO GASPAR DE MENDONÇA NETO,ALFREDO GASPAR,PL,v,,,,,04/10/2026 18:17:48,sim
1,04/10/2026,6257,Presidente,1,municipio,TO,92606,1719004,SANTA TEREZA DO TOCANTINS,,,,,PARTIDO SOCIAL DEMOCRÁTICO,i,PSD,0,55,PSD,PARTIDO SOCIAL DEMOCRÁTICO,,55,280002551932,RONALDO RAMOS CAIADO,RONALDO CAIADO,25/09/1949,4,Válido,nao,,70,2.81,2.808988764,GILBERTO KASSAB,GILBERTO KASSAB,PSD,v,,,,,04/10/2026 18:17:48,sim
1,04/10/2026,6257,Presidente,1,municipio,TO,92606,1719004,SANTA TEREZA DO TOCANTINS,,PT/PC do B/PV,FEDERAÇÃO BRASIL DA ESPERANÇA - FE BRASIL,PT/PC do B/PV,BRASIL PRONTO PRA MAIS,c,PSB / PDT / PCDOB / PT / PV / PSOL / REDE,,13,PT,PARTIDO DOS TRABALHADORES,101,13,280002542548,LUIZ INÁCIO LULA DA SILVA,LULA,06/10/1945,2,Válido,nao,,1049,42.09,42.094703050,GERALDO JOSE RODRIGUES ALCKMIN FILHO,GERALDO ALCKMIN,PSB,v,,,,,04/10/2026 18:17:48,sim
1,04/10/2026,6257,Presidente,1,municipio,TO,92606,1719004,SANTA TEREZA DO TOCANTINS,,,,,DEMOCRACIA CRISTÃ,i,DC,0,27,DC,DEMOCRACIA CRISTÃ,,27,280002552484,CLARIANA ZACARKIM BARAO,CLARIANA BARAO,03/04/1987,8,Válido,nao,,0,0.00,0,FABIANA CRISTINA TAVARES TORQUATO,FABIANA TORQUATO,DC,v,,,,,04/10/2026 18:17:48,sim
1,04/10/2026,6257,Presidente,1,municipio,TO,92606,1719004,SANTA TEREZA DO TOCANTINS,,,,,PARTIDO COMUNISTA BRASILEIRO,i,PCB,0,21,PCB,PARTIDO COMUNISTA BRASILEIRO,,21,280002551975,EDMILSON SILVA COSTA,EDMILSON COSTA,08/04/1950,10,Válido,nao,,0,0.00,0,CLEUSA DOS SANTOS,CLEUSA SANTOS,PCB,v,,,,,04/10/2026 18:17:48,sim
1,04/10/2026,6257,Presidente,1,municipio,TO,92606,1719004,SANTA TEREZA DO TOCANTINS,,,,,PARTIDO SOCIALISTA  DOS TRABALHADORES UNIFICADO,i,PSTU,0,16,PSTU,PARTIDO SOCIALISTA  DOS TRABALHADORES UNIFICADO,,16,280002541457,HERTZ DA CONCEICAO DIAS,HERTZ DIAS,20/10/1970,9,Válido,nao,,0,0.00,0,VANESSA PORTUGAL BARBOSA,VANESSA PORTUGAL,PSTU,v,,,,,04/10/2026 18:17:48,sim
1,04/10/2026,6257,Presidente,1,municipio,TO,92606,1719004,SANTA TEREZA DO TOCANTINS,,,,,BRASIL DOS NOSSOS SONHOS,c,AGIR / AVANTE,,70,AVANTE,AVANTE,,70,280002551547,AUGUSTO JORGE CURY,ESCRITOR AUGUSTO CURY,02/10/1958,3,Válido,nao,,60,2.41,2.407704655,JULIO CESAR DELGADO,JÚLIO DELGADO,AVANTE,v,,,,,04/10/2026 18:17:48,sim
1,04/10/2026,6257,Presidente,1,municipio,TO,92606,1719004,SANTA TEREZA DO TOCANTINS,,,,,PARTIDO NOVO,i,NOVO,0,30,NOVO,PARTIDO NOVO,,30,280002539826,ROMEU ZEMA NETO,ZEMA,28/10/1964,6,Válido,nao,,0,0.00,0,LUIS EDUARDO GRANGEIRO GIRÃO,EDUARDO GIRÃO,NOVO,v,,,,,04/10/2026 18:17:48,sim
1,04/10/2026,6257,Presidente,1,municipio,TO,92606,1719004,SANTA TEREZA DO TOCANTINS,,,,,UNIDADE POPULAR,i,UP,0,80,UP,UNIDADE POPULAR,,80,280002538811,SAMARA MARTINS DA SILVA FEITOSA,SAMARA,31/08/1987,7,Válido,nao,,0,0.00,0,RAQUEL NONATO DE BRICIO,RAQUEL BRÍCIO,UP,v,,,,,04/10/2026 18:17:48,sim
1,04/10/2026,6257,Presidente,1,municipio,TO,92606,1719004,SANTA TEREZA DO TOCANTINS,,,,,DEMOCRATA,i,DEMOCRATA,0,35,DEMOCRATA,DEMOCRATA,,35,280002548139,WILSON GRASSI JUNIOR,VETERINÁRIO WILSON GRASSI,13/03/1970,11,Válido,nao,,0,0.00,0,SUÊD HAIDAR NOGUEIRA,SUÊD HAIDAR,DEMOCRATA,v,,,,,04/10/2026 18:17:48,sim
1,04/10/2026,6257,Presidente,1,municipio,TO,92606,1719004,SANTA TEREZA DO TOCANTINS,,,,,PARTIDO MISSÃO,i,MISSÃO,0,14,MISSÃO,PARTIDO MISSÃO,,14,280002540694,RENAN ANTONIO FERREIRA DOS SANTOS,RENAN SANTOS,14/02/1984,5,Válido,nao,,17,0.68,0.682182986,AROLDO MEDINA,CORONEL MEDINA,MISSÃO,v,,,,,04/10/2026 18:17:48,sim
1,04/10/2026,6257,Presidente,1,municipio,TO,92606,1719004,SANTA TEREZA DO TOCANTINS,,,,,PARTIDO DA CAUSA OPERÁRIA,i,PCO,0,29,PCO,PARTIDO DA CAUSA OPERÁRIA,,29,280002552487,RUI COSTA PIMENTA,RUI COSTA PIMENTA,25/06/1957,12,Válido,nao,,0,0.00,0,ANTONIO CARLOS SILVA,ANTÔNIO CARLOS,PCO,v,,,,,04/10/2026 18:17:48,sim
1,04/10/2026,6257,Presidente,1,municipio,TO,92681,1720499,SÃO VALÉRIO,,,,,PARTIDO LIBERAL,i,PL,0,22,PL,PARTIDO LIBERAL,,22,280002551544,FLAVIO NANTES BOLSONARO,FLAVIO BOLSONARO,30/04/1981,1,Válido,nao,,1087,35.55,35.546108568,ALFREDO GASPAR DE MENDONÇA NETO,ALFREDO GASPAR,PL,v,,,,,04/10/2026 18:38:27,sim
1,04/10/2026,6257,Presidente,1,municipio,TO,92681,1720499,SÃO VALÉRIO,,,,,PARTIDO SOCIAL DEMOCRÁTICO,i,PSD,0,55,PSD,PARTIDO SOCIAL DEMOCRÁTICO,,55,280002551932,RONALDO RAMOS CAIADO,RONALDO CAIADO,25/09/1949,4,Válido,nao,,75,2.45,2.452583388,GILBERTO KASSAB,GILBERTO KASSAB,PSD,v,,,,,04/10/2026 18:38:27,sim
1,04/10/2026,6257,Presidente,1,municipio,TO,92681,1720499,SÃO VALÉRIO,,PT/PC do B/PV,FEDERAÇÃO BRASIL DA ESPERANÇA - FE BRASIL,PT/PC do B/PV,BRASIL PRONTO PRA MAIS,c,PSB / PDT / PCDOB / PT / PV / PSOL / REDE,,13,PT,PARTIDO DOS TRABALHADORES,101,13,280002542548,LUIZ INÁCIO LULA DA SILVA,LULA,06/10/1945,2,Válido,nao,,1792,58.60,58.600392413,GERALDO JOSE RODRIGUES ALCKMIN FILHO,GERALDO ALCKMIN,PSB,v,,,,,04/10/2026 18:38:27,sim
1,04/10/2026,6257,Presidente,1,municipio,TO,92681,1720499,SÃO VALÉRIO,,,,,DEMOCRACIA CRISTÃ,i,DC,0,27,DC,DEMOCRACIA CRISTÃ,,27,280002552484,CLARIANA ZACARKIM BARAO,CLARIANA BARAO,03/04/1987,9,Válido,nao,,0,0.00,0,FABIANA CRISTINA TAVARES TORQUATO,FABIANA TORQUATO,DC,v,,,,,04/10/2026 18:38:27,sim
1,04/10/2026,6257,Presidente,1,municipio,TO,92681,1720499,SÃO VALÉRIO,,,,,PARTIDO COMUNISTA BRASILEIRO,i,PCB,0,21,PCB,PARTIDO COMUNISTA BRASILEIRO,,21,280002551975,EDMILSON SILVA COSTA,EDMILSON COSTA,08/04/1950,10,Válido,nao,,0,0.00,0,CLEUSA DOS SANTOS,CLEUSA SANTOS,PCB,v,,,,,04/10/2026 18:38:27,sim
1,04/10/2026,6257,Presidente,1,municipio,TO,92681,1720499,SÃO VALÉRIO,,,,,PARTIDO SOCIALISTA  DOS TRABALHADORES UNIFICADO,i,PSTU,0,16,PSTU,PARTIDO SOCIALISTA  DOS TRABALHADORES UNIFICADO,,16,280002541457,HERTZ DA CONCEICAO DIAS,HERTZ DIAS,20/10/1970,8,Válido,nao,,0,0.00,0,VANESSA PORTUGAL BARBOSA,VANESSA PORTUGAL,PSTU,v,,,,,04/10/2026 18:38:27,sim
1,04/10/2026,6257,Presidente,1,municipio,TO,92681,1720499,SÃO VALÉRIO,,,,,BRASIL DOS NOSSOS SONHOS,c,AGIR / AVANTE,,70,AVANTE,AVANTE,,70,280002551547,AUGUSTO JORGE CURY,ESCRITOR AUGUSTO CURY,02/10/1958,3,Válido,nao,,75,2.45,2.452583388,JULIO CESAR DELGADO,JÚLIO DELGADO,AVANTE,v,,,,,04/10/2026 18:38:27,sim
1,04/10/2026,6257,Presidente,1,municipio,TO,92681,1720499,SÃO VALÉRIO,,,,,PARTIDO NOVO,i,NOVO,0,30,NOVO,PARTIDO NOVO,,30,280002539826,ROMEU ZEMA NETO,ZEMA,28/10/1964,6,Válido,nao,,4,0.13,0.130804447,LUIS EDUARDO GRANGEIRO GIRÃO,EDUARDO GIRÃO,NOVO,v,,,,,04/10/2026 18:38:27,sim
1,04/10/2026,6257,Presidente,1,municipio,TO,92681,1720499,SÃO VALÉRIO,,,,,UNIDADE POPULAR,i,UP,0,80,UP,UNIDADE POPULAR,,80,280002538811,SAMARA MARTINS DA SILVA FEITOSA,SAMARA,31/08/1987,7,Válido,nao,,1,0.03,0.032701112,RAQUEL NONATO DE BRICIO,RAQUEL BRÍCIO,UP,v,,,,,04/10/2026 18:38:27,sim
1,04/10/2026,6257,Presidente,1,municipio,TO,92681,1720499,SÃO VALÉRIO,,,,,DEMOCRATA,i,DEMOCRATA,0,35,DEMOCRATA,DEMOCRATA,,35,280002548139,WILSON GRASSI JUNIOR,VETERINÁRIO WILSON GRASSI,13/03/1970,11,Válido,nao,,0,0.00,0,SUÊD HAIDAR NOGUEIRA,SUÊD HAIDAR,DEMOCRATA,v,,,,,04/10/2026 18:38:27,sim
1,04/10/2026,6257,Presidente,1,municipio,TO,92681,1720499,SÃO VALÉRIO,,,,,PARTIDO MISSÃO,i,MISSÃO,0,14,MISSÃO,PARTIDO MISSÃO,,14,280002540694,RENAN ANTONIO FERREIRA DOS SANTOS,RENAN SANTOS,14/02/1984,5,Válido,nao,,24,0.78,0.784826684,AROLDO MEDINA,CORONEL MEDINA,MISSÃO,v,,,,,04/10/2026 18:38:27,sim
1,04/10/2026,6257,Presidente,1,municipio,TO,92681,1720499,SÃO VALÉRIO,,,,,PARTIDO DA CAUSA OPERÁRIA,i,PCO,0,29,PCO,PARTIDO DA CAUSA OPERÁRIA,,29,280002552487,RUI COSTA PIMENTA,RUI COSTA PIMENTA,25/06/1957,12,Válido,nao,,0,0.00,0,ANTONIO CARLOS SILVA,ANTÔNIO CARLOS,PCO,v,,,,,04/10/2026 18:38:27,sim
1,04/10/2026,6257,Presidente,1,municipio,TO,92738,1703701,BREJINHO DE NAZARÉ,,,,,PARTIDO LIBERAL,i,PL,0,22,PL,PARTIDO LIBERAL,,22,280002551544,FLAVIO NANTES BOLSONARO,FLAVIO BOLSONARO,30/04/1981,1,Válido,nao,,1562,46.52,46.515783204,ALFREDO GASPAR DE MENDONÇA NETO,ALFREDO GASPAR,PL,v,,,,,04/10/2026 20:15:27,sim
1,04/10/2026,6257,Presidente,1,municipio,TO,92738,1703701,BREJINHO DE NAZARÉ,,,,,PARTIDO SOCIAL DEMOCRÁTICO,i,PSD,0,55,PSD,PARTIDO SOCIAL DEMOCRÁTICO,,55,280002551932,RONALDO RAMOS CAIADO,RONALDO CAIADO,25/09/1949,5,Válido,nao,,114,3.39,3.394877904,GILBERTO KASSAB,GILBERTO KASSAB,PSD,v,,,,,04/10/2026 20:15:27,sim
1,04/10/2026,6257,Presidente,1,municipio,TO,92738,1703701,BREJINHO DE NAZARÉ,,PT/PC do B/PV,FEDERAÇÃO BRASIL DA ESPERANÇA - FE BRASIL,PT/PC do B/PV,BRASIL PRONTO PRA MAIS,c,PSB / PDT / PCDOB / PT / PV / PSOL / REDE,,13,PT,PARTIDO DOS TRABALHADORES,101,13,280002542548,LUIZ INÁCIO LULA DA SILVA,LULA,06/10/1945,2,Válido,nao,,1612,48.00,48.004764741,GERALDO JOSE RODRIGUES ALCKMIN FILHO,GERALDO ALCKMIN,PSB,v,,,,,04/10/2026 20:15:27,sim
1,04/10/2026,6257,Presidente,1,municipio,TO,92738,1703701,BREJINHO DE NAZARÉ,,,,,DEMOCRACIA CRISTÃ,i,DC,0,27,DC,DEMOCRACIA CRISTÃ,,27,280002552484,CLARIANA ZACARKIM BARAO,CLARIANA BARAO,03/04/1987,9,Válido,nao,,1,0.03,0.029779631,FABIANA CRISTINA TAVARES TORQUATO,FABIANA TORQUATO,DC,v,,,,,04/10/2026 20:15:27,sim
1,04/10/2026,6257,Presidente,1,municipio,TO,92738,1703701,BREJINHO DE NAZARÉ,,,,,PARTIDO COMUNISTA BRASILEIRO,i,PCB,0,21,PCB,PARTIDO COMUNISTA BRASILEIRO,,21,280002551975,EDMILSON SILVA COSTA,EDMILSON COSTA,08/04/1950,10,Válido,nao,,1,0.03,0.029779631,CLEUSA DOS SANTOS,CLEUSA SANTOS,PCB,v,,,,,04/10/2026 20:15:27,sim
1,04/10/2026,6257,Presidente,1,municipio,TO,92738,1703701,BREJINHO DE NAZARÉ,,,,,PARTIDO SOCIALISTA  DOS TRABALHADORES UNIFICADO,i,PSTU,0,16,PSTU,PARTIDO SOCIALISTA  DOS TRABALHADORES UNIFICADO,,16,280002541457,HERTZ DA CONCEICAO DIAS,HERTZ DIAS,20/10/1970,8,Válido,nao,,0,0.00,0,VANESSA PORTUGAL BARBOSA,VANESSA PORTUGAL,PSTU,v,,,,,04/10/2026 20:15:27,sim
1,04/10/2026,6257,Presidente,1,municipio,TO,92738,1703701,BREJINHO DE NAZARÉ,,,,,BRASIL DOS NOSSOS SONHOS,c,AGIR / AVANTE,,70,AVANTE,AVANTE,,70,280002551547,AUGUSTO JORGE CURY,ESCRITOR AUGUSTO CURY,02/10/1958,3,Válido,nao,,51,1.52,1.518761167,JULIO CESAR DELGADO,JÚLIO DELGADO,AVANTE,v,,,,,04/10/2026 20:15:27,sim
1,04/10/2026,6257,Presidente,1,municipio,TO,92738,1703701,BREJINHO DE NAZARÉ,,,,,PARTIDO NOVO,i,NOVO,0,30,NOVO,PARTIDO NOVO,,30,280002539826,ROMEU ZEMA NETO,ZEMA,28/10/1964,6,Válido,nao,,1,0.03,0.029779631,LUIS EDUARDO GRANGEIRO GIRÃO,EDUARDO GIRÃO,NOVO,v,,,,,04/10/2026 20:15:27,sim
1,04/10/2026,6257,Presidente,1,municipio,TO,92738,1703701,BREJINHO DE NAZARÉ,,,,,UNIDADE POPULAR,i,UP,0,80,UP,UNIDADE POPULAR,,80,280002538811,SAMARA MARTINS DA SILVA FEITOSA,SAMARA,31/08/1987,7,Válido,nao,,1,0.03,0.029779631,RAQUEL NONATO DE BRICIO,RAQUEL BRÍCIO,UP,v,,,,,04/10/2026 20:15:27,sim
1,04/10/2026,6257,Presidente,1,municipio,TO,92738,1703701,BREJINHO DE NAZARÉ,,,,,DEMOCRATA,i,DEMOCRATA,0,35,DEMOCRATA,DEMOCRATA,,35,280002548139,WILSON GRASSI JUNIOR,VETERINÁRIO WILSON GRASSI,13/03/1970,11,Válido,nao,,0,0.00,0,SUÊD HAIDAR NOGUEIRA,SUÊD HAIDAR,DEMOCRATA,v,,,,,04/10/2026 20:15:27,sim
1,04/10/2026,6257,Presidente,1,municipio,TO,92738,1703701,BREJINHO DE NAZARÉ,,,,,PARTIDO MISSÃO,i,MISSÃO,0,14,MISSÃO,PARTIDO MISSÃO,,14,280002540694,RENAN ANTONIO FERREIRA DOS SANTOS,RENAN SANTOS,14/02/1984,4,Válido,nao,,15,0.45,0.446694461,AROLDO MEDINA,CORONEL MEDINA,MISSÃO,v,,,,,04/10/2026 20:15:27,sim
1,04/10/2026,6257,Presidente,1,municipio,TO,92738,1703701,BREJINHO DE NAZARÉ,,,,,PARTIDO DA CAUSA OPERÁRIA,i,PCO,0,29,PCO,PARTIDO DA CAUSA OPERÁRIA,,29,280002552487,RUI COSTA PIMENTA,RUI COSTA PIMENTA,25/06/1957,12,Válido,nao,,0,0.00,0,ANTONIO CARLOS SILVA,ANTÔNIO CARLOS,PCO,v,,,,,04/10/2026 20:15:27,sim
1,04/10/2026,6257,Presidente,1,municipio,TO,93114,1705508,COLINAS DO TOCANTINS,,,,,PARTIDO LIBERAL,i,PL,0,22,PL,PARTIDO LIBERAL,,22,280002551544,FLAVIO NANTES BOLSONARO,FLAVIO BOLSONARO,30/04/1981,1,Válido,nao,,11628,59.57,59.569672131,ALFREDO GASPAR DE MENDONÇA NETO,ALFREDO GASPAR,PL,v,,,,,04/10/2026 19:20:55,sim
1,04/10/2026,6257,Presidente,1,municipio,TO,93114,1705508,COLINAS DO TOCANTINS,,,,,PARTIDO SOCIAL DEMOCRÁTICO,i,PSD,0,55,PSD,PARTIDO SOCIAL DEMOCRÁTICO,,55,280002551932,RONALDO RAMOS CAIADO,RONALDO CAIADO,25/09/1949,5,Válido,nao,,348,1.78,1.782786885,GILBERTO KASSAB,GILBERTO KASSAB,PSD,v,,,,,04/10/2026 19:20:55,sim
1,04/10/2026,6257,Presidente,1,municipio,TO,93114,1705508,COLINAS DO TOCANTINS,,PT/PC do B/PV,FEDERAÇÃO BRASIL DA ESPERANÇA - FE BRASIL,PT/PC do B/PV,BRASIL PRONTO PRA MAIS,c,PSB / PDT / PCDOB / PT / PV / PSOL / REDE,,13,PT,PARTIDO DOS TRABALHADORES,101,13,280002542548,LUIZ INÁCIO LULA DA SILVA,LULA,06/10/1945,2,Válido,nao,,6858,35.13,35.133196721,GERALDO JOSE RODRIGUES ALCKMIN FILHO,GERALDO ALCKMIN,PSB,v,,,,,04/10/2026 19:20:55,sim
1,04/10/2026,6257,Presidente,1,municipio,TO,93114,1705508,COLINAS DO TOCANTINS,,,,,DEMOCRACIA CRISTÃ,i,DC,0,27,DC,DEMOCRACIA CRISTÃ,,27,280002552484,CLARIANA ZACARKIM BARAO,CLARIANA BARAO,03/04/1987,9,Válido,nao,,3,0.02,0.015368852,FABIANA CRISTINA TAVARES TORQUATO,FABIANA TORQUATO,DC,v,,,,,04/10/2026 19:20:55,sim
1,04/10/2026,6257,Presidente,1,municipio,TO,93114,1705508,COLINAS DO TOCANTINS,,,,,PARTIDO COMUNISTA BRASILEIRO,i,PCB,0,21,PCB,PARTIDO COMUNISTA BRASILEIRO,,21,280002551975,EDMILSON SILVA COSTA,EDMILSON COSTA,08/04/1950,10,Válido,nao,,4,0.02,0.020491803,CLEUSA DOS SANTOS,CLEUSA SANTOS,PCB,v,,,,,04/10/2026 19:20:55,sim
1,04/10/2026,6257,Presidente,1,municipio,TO,93114,1705508,COLINAS DO TOCANTINS,,,,,PARTIDO SOCIALISTA  DOS TRABALHADORES UNIFICADO,i,PSTU,0,16,PSTU,PARTIDO SOCIALISTA  DOS TRABALHADORES UNIFICADO,,16,280002541457,HERTZ DA CONCEICAO DIAS,HERTZ DIAS,20/10/1970,8,Válido,nao,,2,0.01,0.010245902,VANESSA PORTUGAL BARBOSA,VANESSA PORTUGAL,PSTU,v,,,,,04/10/2026 19:20:55,sim
1,04/10/2026,6257,Presidente,1,municipio,TO,93114,1705508,COLINAS DO TOCANTINS,,,,,BRASIL DOS NOSSOS SONHOS,c,AGIR / AVANTE,,70,AVANTE,AVANTE,,70,280002551547,AUGUSTO JORGE CURY,ESCRITOR AUGUSTO CURY,02/10/1958,3,Válido,nao,,403,2.06,2.064549180,JULIO CESAR DELGADO,JÚLIO DELGADO,AVANTE,v,,,,,04/10/2026 19:20:55,sim
1,04/10/2026,6257,Presidente,1,municipio,TO,93114,1705508,COLINAS DO TOCANTINS,,,,,PARTIDO NOVO,i,NOVO,0,30,NOVO,PARTIDO NOVO,,30,280002539826,ROMEU ZEMA NETO,ZEMA,28/10/1964,6,Válido,nao,,6,0.03,0.030737705,LUIS EDUARDO GRANGEIRO GIRÃO,EDUARDO GIRÃO,NOVO,v,,,,,04/10/2026 19:20:55,sim
1,04/10/2026,6257,Presidente,1,municipio,TO,93114,1705508,COLINAS DO TOCANTINS,,,,,UNIDADE POPULAR,i,UP,0,80,UP,UNIDADE POPULAR,,80,280002538811,SAMARA MARTINS DA SILVA FEITOSA,SAMARA,31/08/1987,7,Válido,nao,,13,0.07,0.066598361,RAQUEL NONATO DE BRICIO,RAQUEL BRÍCIO,UP,v,,,,,04/10/2026 19:20:55,sim
1,04/10/2026,6257,Presidente,1,municipio,TO,93114,1705508,COLINAS DO TOCANTINS,,,,,DEMOCRATA,i,DEMOCRATA,0,35,DEMOCRATA,DEMOCRATA,,35,280002548139,WILSON GRASSI JUNIOR,VETERINÁRIO WILSON GRASSI,13/03/1970,11,Válido,nao,,3,0.02,0.015368852,SUÊD HAIDAR NOGUEIRA,SUÊD HAIDAR,DEMOCRATA,v,,,,,04/10/2026 19:20:55,sim
1,04/10/2026,6257,Presidente,1,municipio,TO,93114,1705508,COLINAS DO TOCANTINS,,,,,PARTIDO MISSÃO,i,MISSÃO,0,14,MISSÃO,PARTIDO MISSÃO,,14,280002540694,RENAN ANTONIO FERREIRA DOS SANTOS,RENAN SANTOS,14/02/1984,4,Válido,nao,,251,1.29,1.285860656,AROLDO MEDINA,CORONEL MEDINA,MISSÃO,v,,,,,04/10/2026 19:20:55,sim
1,04/10/2026,6257,Presidente,1,municipio,TO,93114,1705508,COLINAS DO TOCANTINS,,,,,PARTIDO DA CAUSA OPERÁRIA,i,PCO,0,29,PCO,PARTIDO DA CAUSA OPERÁRIA,,29,280002552487,RUI COSTA PIMENTA,RUI COSTA PIMENTA,25/06/1957,12,Válido,nao,,1,0.01,0.005122951,ANTONIO CARLOS SILVA,ANTÔNIO CARLOS,PCO,v,,,,,04/10/2026 19:20:55,sim
1,04/10/2026,6257,Presidente,1,municipio,TO,93130,1705607,CONCEIÇÃO DO TOCANTINS,,,,,PARTIDO LIBERAL,i,PL,0,22,PL,PARTIDO LIBERAL,,22,280002551544,FLAVIO NANTES BOLSONARO,FLAVIO BOLSONARO,30/04/1981,1,Válido,nao,,781,30.41,30.412772586,ALFREDO GASPAR DE MENDONÇA NETO,ALFREDO GASPAR,PL,v,,,,,04/10/2026 17:35:03,sim
1,04/10/2026,6257,Presidente,1,municipio,TO,93130,1705607,CONCEIÇÃO DO TOCANTINS,,,,,PARTIDO SOCIAL DEMOCRÁTICO,i,PSD,0,55,PSD,PARTIDO SOCIAL DEMOCRÁTICO,,55,280002551932,RONALDO RAMOS CAIADO,RONALDO CAIADO,25/09/1949,5,Válido,nao,,103,4.01,4.010903427,GILBERTO KASSAB,GILBERTO KASSAB,PSD,v,,,,,04/10/2026 17:35:03,sim
1,04/10/2026,6257,Presidente,1,municipio,TO,93130,1705607,CONCEIÇÃO DO TOCANTINS,,PT/PC do B/PV,FEDERAÇÃO BRASIL DA ESPERANÇA - FE BRASIL,PT/PC do B/PV,BRASIL PRONTO PRA MAIS,c,PSB / PDT / PCDOB / PT / PV / PSOL / REDE,,13,PT,PARTIDO DOS TRABALHADORES,101,13,280002542548,LUIZ INÁCIO LULA DA SILVA,LULA,06/10/1945,2,Válido,nao,,1636,63.71,63.707165109,GERALDO JOSE RODRIGUES ALCKMIN FILHO,GERALDO ALCKMIN,PSB,v,,,,,04/10/2026 17:35:03,sim
1,04/10/2026,6257,Presidente,1,municipio,TO,93130,1705607,CONCEIÇÃO DO TOCANTINS,,,,,DEMOCRACIA CRISTÃ,i,DC,0,27,DC,DEMOCRACIA CRISTÃ,,27,280002552484,CLARIANA ZACARKIM BARAO,CLARIANA BARAO,03/04/1987,8,Válido,nao,,0,0.00,0,FABIANA CRISTINA TAVARES TORQUATO,FABIANA TORQUATO,DC,v,,,,,04/10/2026 17:35:03,sim
1,04/10/2026,6257,Presidente,1,municipio,TO,93130,1705607,CONCEIÇÃO DO TOCANTINS,,,,,PARTIDO COMUNISTA BRASILEIRO,i,PCB,0,21,PCB,PARTIDO COMUNISTA BRASILEIRO,,21,280002551975,EDMILSON SILVA COSTA,EDMILSON COSTA,08/04/1950,10,Válido,nao,,1,0.04,0.038940810,CLEUSA DOS SANTOS,CLEUSA SANTOS,PCB,v,,,,,04/10/2026 17:35:03,sim
1,04/10/2026,6257,Presidente,1,municipio,TO,93130,1705607,CONCEIÇÃO DO TOCANTINS,,,,,PARTIDO SOCIALISTA  DOS TRABALHADORES UNIFICADO,i,PSTU,0,16,PSTU,PARTIDO SOCIALISTA  DOS TRABALHADORES UNIFICADO,,16,280002541457,HERTZ DA CONCEICAO DIAS,HERTZ DIAS,20/10/1970,9,Válido,nao,,0,0.00,0,VANESSA PORTUGAL BARBOSA,VANESSA PORTUGAL,PSTU,v,,,,,04/10/2026 17:35:03,sim
1,04/10/2026,6257,Presidente,1,municipio,TO,93130,1705607,CONCEIÇÃO DO TOCANTINS,,,,,BRASIL DOS NOSSOS SONHOS,c,AGIR / AVANTE,,70,AVANTE,AVANTE,,70,280002551547,AUGUSTO JORGE CURY,ESCRITOR AUGUSTO CURY,02/10/1958,3,Válido,nao,,34,1.32,1.323987539,JULIO CESAR DELGADO,JÚLIO DELGADO,AVANTE,v,,,,,04/10/2026 17:35:03,sim
1,04/10/2026,6257,Presidente,1,municipio,TO,93130,1705607,CONCEIÇÃO DO TOCANTINS,,,,,PARTIDO NOVO,i,NOVO,0,30,NOVO,PARTIDO NOVO,,30,280002539826,ROMEU ZEMA NETO,ZEMA,28/10/1964,6,Válido,nao,,1,0.04,0.038940810,LUIS EDUARDO GRANGEIRO GIRÃO,EDUARDO GIRÃO,NOVO,v,,,,,04/10/2026 17:35:03,sim
1,04/10/2026,6257,Presidente,1,municipio,TO,93130,1705607,CONCEIÇÃO DO TOCANTINS,,,,,UNIDADE POPULAR,i,UP,0,80,UP,UNIDADE POPULAR,,80,280002538811,SAMARA MARTINS DA SILVA FEITOSA,SAMARA,31/08/1987,7,Válido,nao,,1,0.04,0.038940810,RAQUEL NONATO DE BRICIO,RAQUEL BRÍCIO,UP,v,,,,,04/10/2026 17:35:03,sim
1,04/10/2026,6257,Presidente,1,municipio,TO,93130,1705607,CONCEIÇÃO DO TOCANTINS,,,,,DEMOCRATA,i,DEMOCRATA,0,35,DEMOCRATA,DEMOCRATA,,35,280002548139,WILSON GRASSI JUNIOR,VETERINÁRIO WILSON GRASSI,13/03/1970,11,Válido,nao,,1,0.04,0.038940810,SUÊD HAIDAR NOGUEIRA,SUÊD HAIDAR,DEMOCRATA,v,,,,,04/10/2026 17:35:03,sim
1,04/10/2026,6257,Presidente,1,municipio,TO,93130,1705607,CONCEIÇÃO DO TOCANTINS,,,,,PARTIDO MISSÃO,i,MISSÃO,0,14,MISSÃO,PARTIDO MISSÃO,,14,280002540694,RENAN ANTONIO FERREIRA DOS SANTOS,RENAN SANTOS,14/02/1984,4,Válido,nao,,9,0.35,0.350467290,AROLDO MEDINA,CORONEL MEDINA,MISSÃO,v,,,,,04/10/2026 17:35:03,sim
1,04/10/2026,6257,Presidente,1,municipio,TO,93130,1705607,CONCEIÇÃO DO TOCANTINS,,,,,PARTIDO DA CAUSA OPERÁRIA,i,PCO,0,29,PCO,PARTIDO DA CAUSA OPERÁRIA,,29,280002552487,RUI COSTA PIMENTA,RUI COSTA PIMENTA,25/06/1957,12,Válido,nao,,1,0.04,0.038940810,ANTONIO CARLOS SILVA,ANTÔNIO CARLOS,PCO,v,,,,,04/10/2026 17:35:03,sim
1,04/10/2026,6257,Presidente,1,municipio,TO,93211,1706001,COUTO MAGALHÃES,,,,,PARTIDO LIBERAL,i,PL,0,22,PL,PARTIDO LIBERAL,,22,280002551544,FLAVIO NANTES BOLSONARO,FLAVIO BOLSONARO,30/04/1981,1,Válido,nao,,1624,43.56,43.562231760,ALFREDO GASPAR DE MENDONÇA NETO,ALFREDO GASPAR,PL,v,,,,,04/10/2026 18:18:43,sim
1,04/10/2026,6257,Presidente,1,municipio,TO,93211,1706001,COUTO MAGALHÃES,,,,,PARTIDO SOCIAL DEMOCRÁTICO,i,PSD,0,55,PSD,PARTIDO SOCIAL DEMOCRÁTICO,,55,280002551932,RONALDO RAMOS CAIADO,RONALDO CAIADO,25/09/1949,4,Válido,nao,,39,1.05,1.046137339,GILBERTO KASSAB,GILBERTO KASSAB,PSD,v,,,,,04/10/2026 18:18:43,sim
1,04/10/2026,6257,Presidente,1,municipio,TO,93211,1706001,COUTO MAGALHÃES,,PT/PC do B/PV,FEDERAÇÃO BRASIL DA ESPERANÇA - FE BRASIL,PT/PC do B/PV,BRASIL PRONTO PRA MAIS,c,PSB / PDT / PCDOB / PT / PV / PSOL / REDE,,13,PT,PARTIDO DOS TRABALHADORES,101,13,280002542548,LUIZ INÁCIO LULA DA SILVA,LULA,06/10/1945,2,Válido,nao,,1989,53.35,53.353004292,GERALDO JOSE RODRIGUES ALCKMIN FILHO,GERALDO ALCKMIN,PSB,v,,,,,04/10/2026 18:18:43,sim
1,04/10/2026,6257,Presidente,1,municipio,TO,93211,1706001,COUTO MAGALHÃES,,,,,DEMOCRACIA CRISTÃ,i,DC,0,27,DC,DEMOCRACIA CRISTÃ,,27,280002552484,CLARIANA ZACARKIM BARAO,CLARIANA BARAO,03/04/1987,8,Válido,nao,,3,0.08,0.080472103,FABIANA CRISTINA TAVARES TORQUATO,FABIANA TORQUATO,DC,v,,,,,04/10/2026 18:18:43,sim
1,04/10/2026,6257,Presidente,1,municipio,TO,93211,1706001,COUTO MAGALHÃES,,,,,PARTIDO COMUNISTA BRASILEIRO,i,PCB,0,21,PCB,PARTIDO COMUNISTA BRASILEIRO,,21,280002551975,EDMILSON SILVA COSTA,EDMILSON COSTA,08/04/1950,10,Válido,nao,,1,0.03,0.026824034,CLEUSA DOS SANTOS,CLEUSA SANTOS,PCB,v,,,,,04/10/2026 18:18:43,sim
1,04/10/2026,6257,Presidente,1,municipio,TO,93211,1706001,COUTO MAGALHÃES,,,,,PARTIDO SOCIALISTA  DOS TRABALHADORES UNIFICADO,i,PSTU,0,16,PSTU,PARTIDO SOCIALISTA  DOS TRABALHADORES UNIFICADO,,16,280002541457,HERTZ DA CONCEICAO DIAS,HERTZ DIAS,20/10/1970,9,Válido,nao,,0,0.00,0,VANESSA PORTUGAL BARBOSA,VANESSA PORTUGAL,PSTU,v,,,,,04/10/2026 18:18:43,sim
1,04/10/2026,6257,Presidente,1,municipio,TO,93211,1706001,COUTO MAGALHÃES,,,,,BRASIL DOS NOSSOS SONHOS,c,AGIR / AVANTE,,70,AVANTE,AVANTE,,70,280002551547,AUGUSTO JORGE CURY,ESCRITOR AUGUSTO CURY,02/10/1958,3,Válido,nao,,50,1.34,1.341201717,JULIO CESAR DELGADO,JÚLIO DELGADO,AVANTE,v,,,,,04/10/2026 18:18:43,sim
1,04/10/2026,6257,Presidente,1,municipio,TO,93211,1706001,COUTO MAGALHÃES,,,,,PARTIDO NOVO,i,NOVO,0,30,NOVO,PARTIDO NOVO,,30,280002539826,ROMEU ZEMA NETO,ZEMA,28/10/1964,6,Válido,nao,,1,0.03,0.026824034,LUIS EDUARDO GRANGEIRO GIRÃO,EDUARDO GIRÃO,NOVO,v,,,,,04/10/2026 18:18:43,sim
1,04/10/2026,6257,Presidente,1,municipio,TO,93211,1706001,COUTO MAGALHÃES,,,,,UNIDADE POPULAR,i,UP,0,80,UP,UNIDADE POPULAR,,80,280002538811,SAMARA MARTINS DA SILVA FEITOSA,SAMARA,31/08/1987,7,Válido,nao,,0,0.00,0,RAQUEL NONATO DE BRICIO,RAQUEL BRÍCIO,UP,v,,,,,04/10/2026 18:18:43,sim
1,04/10/2026,6257,Presidente,1,municipio,TO,93211,1706001,COUTO MAGALHÃES,,,,,DEMOCRATA,i,DEMOCRATA,0,35,DEMOCRATA,DEMOCRATA,,35,280002548139,WILSON GRASSI JUNIOR,VETERINÁRIO WILSON GRASSI,13/03/1970,11,Válido,nao,,0,0.00,0,SUÊD HAIDAR NOGUEIRA,SUÊD HAIDAR,DEMOCRATA,v,,,,,04/10/2026 18:18:43,sim
1,04/10/2026,6257,Presidente,1,municipio,TO,93211,1706001,COUTO MAGALHÃES,,,,,PARTIDO MISSÃO,i,MISSÃO,0,14,MISSÃO,PARTIDO MISSÃO,,14,280002540694,RENAN ANTONIO FERREIRA DOS SANTOS,RENAN SANTOS,14/02/1984,5,Válido,nao,,21,0.56,0.563304721,AROLDO MEDINA,CORONEL MEDINA,MISSÃO,v,,,,,04/10/2026 18:18:43,sim
1,04/10/2026,6257,Presidente,1,municipio,TO,93211,1706001,COUTO MAGALHÃES,,,,,PARTIDO DA CAUSA OPERÁRIA,i,PCO,0,29,PCO,PARTIDO DA CAUSA OPERÁRIA,,29,280002552487,RUI COSTA PIMENTA,RUI COSTA PIMENTA,25/06/1957,12,Válido,nao,,0,0.00,0,ANTONIO CARLOS SILVA,ANTÔNIO CARLOS,PCO,v,,,,,04/10/2026 18:18:43,sim
1,04/10/2026,6257,Presidente,1,municipio,TO,93238,1706100,CRISTALÂNDIA,,,,,PARTIDO LIBERAL,i,PL,0,22,PL,PARTIDO LIBERAL,,22,280002551544,FLAVIO NANTES BOLSONARO,FLAVIO BOLSONARO,30/04/1981,1,Válido,nao,,2327,52.91,52.910413824,ALFREDO GASPAR DE MENDONÇA NETO,ALFREDO GASPAR,PL,v,,,,,04/10/2026 18:10:52,sim
1,04/10/2026,6257,Presidente,1,municipio,TO,93238,1706100,CRISTALÂNDIA,,,,,PARTIDO SOCIAL DEMOCRÁTICO,i,PSD,0,55,PSD,PARTIDO SOCIAL DEMOCRÁTICO,,55,280002551932,RONALDO RAMOS CAIADO,RONALDO CAIADO,25/09/1949,4,Válido,nao,,106,2.41,2.410186448,GILBERTO KASSAB,GILBERTO KASSAB,PSD,v,,,,,04/10/2026 18:10:52,sim
1,04/10/2026,6257,Presidente,1,municipio,TO,93238,1706100,CRISTALÂNDIA,,PT/PC do B/PV,FEDERAÇÃO BRASIL DA ESPERANÇA - FE BRASIL,PT/PC do B/PV,BRASIL PRONTO PRA MAIS,c,PSB / PDT / PCDOB / PT / PV / PSOL / REDE,,13,PT,PARTIDO DOS TRABALHADORES,101,13,280002542548,LUIZ INÁCIO LULA DA SILVA,LULA,06/10/1945,2,Válido,nao,,1834,41.70,41.700773079,GERALDO JOSE RODRIGUES ALCKMIN FILHO,GERALDO ALCKMIN,PSB,v,,,,,04/10/2026 18:10:52,sim
1,04/10/2026,6257,Presidente,1,municipio,TO,93238,1706100,CRISTALÂNDIA,,,,,DEMOCRACIA CRISTÃ,i,DC,0,27,DC,DEMOCRACIA CRISTÃ,,27,280002552484,CLARIANA ZACARKIM BARAO,CLARIANA BARAO,03/04/1987,8,Válido,nao,,0,0.00,0,FABIANA CRISTINA TAVARES TORQUATO,FABIANA TORQUATO,DC,v,,,,,04/10/2026 18:10:52,sim
1,04/10/2026,6257,Presidente,1,municipio,TO,93238,1706100,CRISTALÂNDIA,,,,,PARTIDO COMUNISTA BRASILEIRO,i,PCB,0,21,PCB,PARTIDO COMUNISTA BRASILEIRO,,21,280002551975,EDMILSON SILVA COSTA,EDMILSON COSTA,08/04/1950,10,Válido,nao,,0,0.00,0,CLEUSA DOS SANTOS,CLEUSA SANTOS,PCB,v,,,,,04/10/2026 18:10:52,sim
1,04/10/2026,6257,Presidente,1,municipio,TO,93238,1706100,CRISTALÂNDIA,,,,,PARTIDO SOCIALISTA  DOS TRABALHADORES UNIFICADO,i,PSTU,0,16,PSTU,PARTIDO SOCIALISTA  DOS TRABALHADORES UNIFICADO,,16,280002541457,HERTZ DA CONCEICAO DIAS,HERTZ DIAS,20/10/1970,9,Válido,nao,,1,0.02,0.022737608,VANESSA PORTUGAL BARBOSA,VANESSA PORTUGAL,PSTU,v,,,,,04/10/2026 18:10:52,sim
1,04/10/2026,6257,Presidente,1,municipio,TO,93238,1706100,CRISTALÂNDIA,,,,,BRASIL DOS NOSSOS SONHOS,c,AGIR / AVANTE,,70,AVANTE,AVANTE,,70,280002551547,AUGUSTO JORGE CURY,ESCRITOR AUGUSTO CURY,02/10/1958,3,Válido,nao,,92,2.09,2.091859936,JULIO CESAR DELGADO,JÚLIO DELGADO,AVANTE,v,,,,,04/10/2026 18:10:52,sim
1,04/10/2026,6257,Presidente,1,municipio,TO,93238,1706100,CRISTALÂNDIA,,,,,PARTIDO NOVO,i,NOVO,0,30,NOVO,PARTIDO NOVO,,30,280002539826,ROMEU ZEMA NETO,ZEMA,28/10/1964,6,Válido,nao,,6,0.14,0.136425648,LUIS EDUARDO GRANGEIRO GIRÃO,EDUARDO GIRÃO,NOVO,v,,,,,04/10/2026 18:10:52,sim
1,04/10/2026,6257,Presidente,1,municipio,TO,93238,1706100,CRISTALÂNDIA,,,,,UNIDADE POPULAR,i,UP,0,80,UP,UNIDADE POPULAR,,80,280002538811,SAMARA MARTINS DA SILVA FEITOSA,SAMARA,31/08/1987,7,Válido,nao,,1,0.02,0.022737608,RAQUEL NONATO DE BRICIO,RAQUEL BRÍCIO,UP,v,,,,,04/10/2026 18:10:52,sim
1,04/10/2026,6257,Presidente,1,municipio,TO,93238,1706100,CRISTALÂNDIA,,,,,DEMOCRATA,i,DEMOCRATA,0,35,DEMOCRATA,DEMOCRATA,,35,280002548139,WILSON GRASSI JUNIOR,VETERINÁRIO WILSON GRASSI,13/03/1970,11,Válido,nao,,0,0.00,0,SUÊD HAIDAR NOGUEIRA,SUÊD HAIDAR,DEMOCRATA,v,,,,,04/10/2026 18:10:52,sim
1,04/10/2026,6257,Presidente,1,municipio,TO,93238,1706100,CRISTALÂNDIA,,,,,PARTIDO MISSÃO,i,MISSÃO,0,14,MISSÃO,PARTIDO MISSÃO,,14,280002540694,RENAN ANTONIO FERREIRA DOS SANTOS,RENAN SANTOS,14/02/1984,5,Válido,nao,,31,0.70,0.704865848,AROLDO MEDINA,CORONEL MEDINA,MISSÃO,v,,,,,04/10/2026 18:10:52,sim
1,04/10/2026,6257,Presidente,1,municipio,TO,93238,1706100,CRISTALÂNDIA,,,,,PARTIDO DA CAUSA OPERÁRIA,i,PCO,0,29,PCO,PARTIDO DA CAUSA OPERÁRIA,,29,280002552487,RUI COSTA PIMENTA,RUI COSTA PIMENTA,25/06/1957,12,Válido,nao,,0,0.00,0,ANTONIO CARLOS SILVA,ANTÔNIO CARLOS,PCO,v,,,,,04/10/2026 18:10:52,sim
1,04/10/2026,6257,Presidente,1,municipio,TO,93416,1707009,DIANÓPOLIS,,,,,PARTIDO LIBERAL,i,PL,0,22,PL,PARTIDO LIBERAL,,22,280002551544,FLAVIO NANTES BOLSONARO,FLAVIO BOLSONARO,30/04/1981,1,Válido,nao,,3935,39.31,39.314616845,ALFREDO GASPAR DE MENDONÇA NETO,ALFREDO GASPAR,PL,v,,,,,04/10/2026 18:21:52,sim
1,04/10/2026,6257,Presidente,1,municipio,TO,93416,1707009,DIANÓPOLIS,,,,,PARTIDO SOCIAL DEMOCRÁTICO,i,PSD,0,55,PSD,PARTIDO SOCIAL DEMOCRÁTICO,,55,280002551932,RONALDO RAMOS CAIADO,RONALDO CAIADO,25/09/1949,4,Válido,nao,,248,2.48,2.477770007,GILBERTO KASSAB,GILBERTO KASSAB,PSD,v,,,,,04/10/2026 18:21:52,sim
1,04/10/2026,6257,Presidente,1,municipio,TO,93416,1707009,DIANÓPOLIS,,PT/PC do B/PV,FEDERAÇÃO BRASIL DA ESPERANÇA - FE BRASIL,PT/PC do B/PV,BRASIL PRONTO PRA MAIS,c,PSB / PDT / PCDOB / PT / PV / PSOL / REDE,,13,PT,PARTIDO DOS TRABALHADORES,101,13,280002542548,LUIZ INÁCIO LULA DA SILVA,LULA,06/10/1945,2,Válido,nao,,5368,53.63,53.631731442,GERALDO JOSE RODRIGUES ALCKMIN FILHO,GERALDO ALCKMIN,PSB,v,,,,,04/10/2026 18:21:52,sim
1,04/10/2026,6257,Presidente,1,municipio,TO,93416,1707009,DIANÓPOLIS,,,,,DEMOCRACIA CRISTÃ,i,DC,0,27,DC,DEMOCRACIA CRISTÃ,,27,280002552484,CLARIANA ZACARKIM BARAO,CLARIANA BARAO,03/04/1987,8,Válido,nao,,1,0.01,0.009991008,FABIANA CRISTINA TAVARES TORQUATO,FABIANA TORQUATO,DC,v,,,,,04/10/2026 18:21:52,sim
1,04/10/2026,6257,Presidente,1,municipio,TO,93416,1707009,DIANÓPOLIS,,,,,PARTIDO COMUNISTA BRASILEIRO,i,PCB,0,21,PCB,PARTIDO COMUNISTA BRASILEIRO,,21,280002551975,EDMILSON SILVA COSTA,EDMILSON COSTA,08/04/1950,10,Válido,nao,,0,0.00,0,CLEUSA DOS SANTOS,CLEUSA SANTOS,PCB,v,,,,,04/10/2026 18:21:52,sim
1,04/10/2026,6257,Presidente,1,municipio,TO,93416,1707009,DIANÓPOLIS,,,,,PARTIDO SOCIALISTA  DOS TRABALHADORES UNIFICADO,i,PSTU,0,16,PSTU,PARTIDO SOCIALISTA  DOS TRABALHADORES UNIFICADO,,16,280002541457,HERTZ DA CONCEICAO DIAS,HERTZ DIAS,20/10/1970,9,Válido,nao,,0,0.00,0,VANESSA PORTUGAL BARBOSA,VANESSA PORTUGAL,PSTU,v,,,,,04/10/2026 18:21:52,sim
1,04/10/2026,6257,Presidente,1,municipio,TO,93416,1707009,DIANÓPOLIS,,,,,BRASIL DOS NOSSOS SONHOS,c,AGIR / AVANTE,,70,AVANTE,AVANTE,,70,280002551547,AUGUSTO JORGE CURY,ESCRITOR AUGUSTO CURY,02/10/1958,3,Válido,nao,,338,3.38,3.376960735,JULIO CESAR DELGADO,JÚLIO DELGADO,AVANTE,v,,,,,04/10/2026 18:21:52,sim
1,04/10/2026,6257,Presidente,1,municipio,TO,93416,1707009,DIANÓPOLIS,,,,,PARTIDO NOVO,i,NOVO,0,30,NOVO,PARTIDO NOVO,,30,280002539826,ROMEU ZEMA NETO,ZEMA,28/10/1964,6,Válido,nao,,4,0.04,0.039964032,LUIS EDUARDO GRANGEIRO GIRÃO,EDUARDO GIRÃO,NOVO,v,,,,,04/10/2026 18:21:52,sim
1,04/10/2026,6257,Presidente,1,municipio,TO,93416,1707009,DIANÓPOLIS,,,,,UNIDADE POPULAR,i,UP,0,80,UP,UNIDADE POPULAR,,80,280002538811,SAMARA MARTINS DA SILVA FEITOSA,SAMARA,31/08/1987,7,Válido,nao,,1,0.01,0.009991008,RAQUEL NONATO DE BRICIO,RAQUEL BRÍCIO,UP,v,,,,,04/10/2026 18:21:52,sim
1,04/10/2026,6257,Presidente,1,municipio,TO,93416,1707009,DIANÓPOLIS,,,,,DEMOCRATA,i,DEMOCRATA,0,35,DEMOCRATA,DEMOCRATA,,35,280002548139,WILSON GRASSI JUNIOR,VETERINÁRIO WILSON GRASSI,13/03/1970,11,Válido,nao,,2,0.02,0.019982016,SUÊD HAIDAR NOGUEIRA,SUÊD HAIDAR,DEMOCRATA,v,,,,,04/10/2026 18:21:52,sim
1,04/10/2026,6257,Presidente,1,municipio,TO,93416,1707009,DIANÓPOLIS,,,,,PARTIDO MISSÃO,i,MISSÃO,0,14,MISSÃO,PARTIDO MISSÃO,,14,280002540694,RENAN ANTONIO FERREIRA DOS SANTOS,RENAN SANTOS,14/02/1984,5,Válido,nao,,112,1.12,1.118992906,AROLDO MEDINA,CORONEL MEDINA,MISSÃO,v,,,,,04/10/2026 18:21:52,sim
1,04/10/2026,6257,Presidente,1,municipio,TO,93416,1707009,DIANÓPOLIS,,,,,PARTIDO DA CAUSA OPERÁRIA,i,PCO,0,29,PCO,PARTIDO DA CAUSA OPERÁRIA,,29,280002552487,RUI COSTA PIMENTA,RUI COSTA PIMENTA,25/06/1957,12,Válido,nao,,0,0.00,0,ANTONIO CARLOS SILVA,ANTÔNIO CARLOS,PCO,v,,,,,04/10/2026 18:21:52,sim
1,04/10/2026,6257,Presidente,1,municipio,TO,93459,1707207,DOIS IRMÃOS DO TOCANTINS,,,,,PARTIDO LIBERAL,i,PL,0,22,PL,PARTIDO LIBERAL,,22,280002551544,FLAVIO NANTES BOLSONARO,FLAVIO BOLSONARO,30/04/1981,1,Válido,nao,,1712,43.53,43.529112637,ALFREDO GASPAR DE MENDONÇA NETO,ALFREDO GASPAR,PL,v,,,,,04/10/2026 18:38:43,sim
1,04/10/2026,6257,Presidente,1,municipio,TO,93459,1707207,DOIS IRMÃOS DO TOCANTINS,,,,,PARTIDO SOCIAL DEMOCRÁTICO,i,PSD,0,55,PSD,PARTIDO SOCIAL DEMOCRÁTICO,,55,280002551932,RONALDO RAMOS CAIADO,RONALDO CAIADO,25/09/1949,4,Válido,nao,,103,2.62,2.618866006,GILBERTO KASSAB,GILBERTO KASSAB,PSD,v,,,,,04/10/2026 18:38:43,sim
1,04/10/2026,6257,Presidente,1,municipio,TO,93459,1707207,DOIS IRMÃOS DO TOCANTINS,,PT/PC do B/PV,FEDERAÇÃO BRASIL DA ESPERANÇA - FE BRASIL,PT/PC do B/PV,BRASIL PRONTO PRA MAIS,c,PSB / PDT / PCDOB / PT / PV / PSOL / REDE,,13,PT,PARTIDO DOS TRABALHADORES,101,13,280002542548,LUIZ INÁCIO LULA DA SILVA,LULA,06/10/1945,2,Válido,nao,,1986,50.50,50.495804729,GERALDO JOSE RODRIGUES ALCKMIN FILHO,GERALDO ALCKMIN,PSB,v,,,,,04/10/2026 18:38:43,sim
1,04/10/2026,6257,Presidente,1,municipio,TO,93459,1707207,DOIS IRMÃOS DO TOCANTINS,,,,,PARTIDO SOCIALISTA  DOS TRABALHADORES UNIFICADO,i,PSTU,0,16,PSTU,PARTIDO SOCIALISTA  DOS TRABALHADORES UNIFICADO,,16,280002541457,HERTZ DA CONCEICAO DIAS,HERTZ DIAS,20/10/1970,8,Válido,nao,,0,0.00,0,VANESSA PORTUGAL BARBOSA,VANESSA PORTUGAL,PSTU,v,,,,,04/10/2026 18:38:43,sim
1,04/10/2026,6257,Presidente,1,municipio,TO,93459,1707207,DOIS IRMÃOS DO TOCANTINS,,,,,PARTIDO COMUNISTA BRASILEIRO,i,PCB,0,21,PCB,PARTIDO COMUNISTA BRASILEIRO,,21,280002551975,EDMILSON SILVA COSTA,EDMILSON COSTA,08/04/1950,10,Válido,nao,,0,0.00,0,CLEUSA DOS SANTOS,CLEUSA SANTOS,PCB,v,,,,,04/10/2026 18:38:43,sim
1,04/10/2026,6257,Presidente,1,municipio,TO,93459,1707207,DOIS IRMÃOS DO TOCANTINS,,,,,DEMOCRACIA CRISTÃ,i,DC,0,27,DC,DEMOCRACIA CRISTÃ,,27,280002552484,CLARIANA ZACARKIM BARAO,CLARIANA BARAO,03/04/1987,9,Válido,nao,,0,0.00,0,FABIANA CRISTINA TAVARES TORQUATO,FABIANA TORQUATO,DC,v,,,,,04/10/2026 18:38:43,sim
1,04/10/2026,6257,Presidente,1,municipio,TO,93459,1707207,DOIS IRMÃOS DO TOCANTINS,,,,,PARTIDO NOVO,i,NOVO,0,30,NOVO,PARTIDO NOVO,,30,280002539826,ROMEU ZEMA NETO,ZEMA,28/10/1964,6,Válido,nao,,1,0.03,0.025425884,LUIS EDUARDO GRANGEIRO GIRÃO,EDUARDO GIRÃO,NOVO,v,,,,,04/10/2026 18:38:43,sim
1,04/10/2026,6257,Presidente,1,municipio,TO,93459,1707207,DOIS IRMÃOS DO TOCANTINS,,,,,BRASIL DOS NOSSOS SONHOS,c,AGIR / AVANTE,,70,AVANTE,AVANTE,,70,280002551547,AUGUSTO JORGE CURY,ESCRITOR AUGUSTO CURY,02/10/1958,3,Válido,nao,,105,2.67,2.669717773,JULIO CESAR DELGADO,JÚLIO DELGADO,AVANTE,v,,,,,04/10/2026 18:38:43,sim
1,04/10/2026,6257,Presidente,1,municipio,TO,93459,1707207,DOIS IRMÃOS DO TOCANTINS,,,,,DEMOCRATA,i,DEMOCRATA,0,35,DEMOCRATA,DEMOCRATA,,35,280002548139,WILSON GRASSI JUNIOR,VETERINÁRIO WILSON GRASSI,13/03/1970,11,Válido,nao,,0,0.00,0,SUÊD HAIDAR NOGUEIRA,SUÊD HAIDAR,DEMOCRATA,v,,,,,04/10/2026 18:38:43,sim
1,04/10/2026,6257,Presidente,1,municipio,TO,93459,1707207,DOIS IRMÃOS DO TOCANTINS,,,,,UNIDADE POPULAR,i,UP,0,80,UP,UNIDADE POPULAR,,80,280002538811,SAMARA MARTINS DA SILVA FEITOSA,SAMARA,31/08/1987,7,Válido,nao,,1,0.03,0.025425884,RAQUEL NONATO DE BRICIO,RAQUEL BRÍCIO,UP,v,,,,,04/10/2026 18:38:43,sim
1,04/10/2026,6257,Presidente,1,municipio,TO,93459,1707207,DOIS IRMÃOS DO TOCANTINS,,,,,PARTIDO MISSÃO,i,MISSÃO,0,14,MISSÃO,PARTIDO MISSÃO,,14,280002540694,RENAN ANTONIO FERREIRA DOS SANTOS,RENAN SANTOS,14/02/1984,5,Válido,nao,,25,0.64,0.635647089,AROLDO MEDINA,CORONEL MEDINA,MISSÃO,v,,,,,04/10/2026 18:38:43,sim
1,04/10/2026,6257,Presidente,1,municipio,TO,93459,1707207,DOIS IRMÃOS DO TOCANTINS,,,,,PARTIDO DA CAUSA OPERÁRIA,i,PCO,0,29,PCO,PARTIDO DA CAUSA OPERÁRIA,,29,280002552487,RUI COSTA PIMENTA,RUI COSTA PIMENTA,25/06/1957,12,Válido,nao,,0,0.00,0,ANTONIO CARLOS SILVA,ANTÔNIO CARLOS,PCO,v,,,,,04/10/2026 18:38:43,sim
1,04/10/2026,6257,Presidente,1,municipio,TO,93475,1707306,DUERÉ,,,,,PARTIDO LIBERAL,i,PL,0,22,PL,PARTIDO LIBERAL,,22,280002551544,FLAVIO NANTES BOLSONARO,FLAVIO BOLSONARO,30/04/1981,1,Válido,nao,,1307,45.62,45.619546248,ALFREDO GASPAR DE MENDONÇA NETO,ALFREDO GASPAR,PL,v,,,,,04/10/2026 17:55:45,sim
1,04/10/2026,6257,Presidente,1,municipio,TO,93475,1707306,DUERÉ,,,,,PARTIDO SOCIAL DEMOCRÁTICO,i,PSD,0,55,PSD,PARTIDO SOCIAL DEMOCRÁTICO,,55,280002551932,RONALDO RAMOS CAIADO,RONALDO CAIADO,25/09/1949,4,Válido,nao,,102,3.56,3.560209424,GILBERTO KASSAB,GILBERTO KASSAB,PSD,v,,,,,04/10/2026 17:55:45,sim
1,04/10/2026,6257,Presidente,1,municipio,TO,93475,1707306,DUERÉ,,PT/PC do B/PV,FEDERAÇÃO BRASIL DA ESPERANÇA - FE BRASIL,PT/PC do B/PV,BRASIL PRONTO PRA MAIS,c,PSB / PDT / PCDOB / PT / PV / PSOL / REDE,,13,PT,PARTIDO DOS TRABALHADORES,101,13,280002542548,LUIZ INÁCIO LULA DA SILVA,LULA,06/10/1945,2,Válido,nao,,1352,47.19,47.190226876,GERALDO JOSE RODRIGUES ALCKMIN FILHO,GERALDO ALCKMIN,PSB,v,,,,,04/10/2026 17:55:45,sim
1,04/10/2026,6257,Presidente,1,municipio,TO,93475,1707306,DUERÉ,,,,,DEMOCRACIA CRISTÃ,i,DC,0,27,DC,DEMOCRACIA CRISTÃ,,27,280002552484,CLARIANA ZACARKIM BARAO,CLARIANA BARAO,03/04/1987,8,Válido,nao,,0,0.00,0,FABIANA CRISTINA TAVARES TORQUATO,FABIANA TORQUATO,DC,v,,,,,04/10/2026 17:55:45,sim
1,04/10/2026,6257,Presidente,1,municipio,TO,93475,1707306,DUERÉ,,,,,PARTIDO COMUNISTA BRASILEIRO,i,PCB,0,21,PCB,PARTIDO COMUNISTA BRASILEIRO,,21,280002551975,EDMILSON SILVA COSTA,EDMILSON COSTA,08/04/1950,10,Válido,nao,,0,0.00,0,CLEUSA DOS SANTOS,CLEUSA SANTOS,PCB,v,,,,,04/10/2026 17:55:45,sim
1,04/10/2026,6257,Presidente,1,municipio,TO,93475,1707306,DUERÉ,,,,,PARTIDO SOCIALISTA  DOS TRABALHADORES UNIFICADO,i,PSTU,0,16,PSTU,PARTIDO SOCIALISTA  DOS TRABALHADORES UNIFICADO,,16,280002541457,HERTZ DA CONCEICAO DIAS,HERTZ DIAS,20/10/1970,9,Válido,nao,,1,0.03,0.034904014,VANESSA PORTUGAL BARBOSA,VANESSA PORTUGAL,PSTU,v,,,,,04/10/2026 17:55:45,sim
1,04/10/2026,6257,Presidente,1,municipio,TO,93475,1707306,DUERÉ,,,,,BRASIL DOS NOSSOS SONHOS,c,AGIR / AVANTE,,70,AVANTE,AVANTE,,70,280002551547,AUGUSTO JORGE CURY,ESCRITOR AUGUSTO CURY,02/10/1958,3,Válido,nao,,49,1.71,1.710296684,JULIO CESAR DELGADO,JÚLIO DELGADO,AVANTE,v,,,,,04/10/2026 17:55:45,sim
1,04/10/2026,6257,Presidente,1,municipio,TO,93475,1707306,DUERÉ,,,,,PARTIDO NOVO,i,NOVO,0,30,NOVO,PARTIDO NOVO,,30,280002539826,ROMEU ZEMA NETO,ZEMA,28/10/1964,6,Válido,nao,,6,0.21,0.209424084,LUIS EDUARDO GRANGEIRO GIRÃO,EDUARDO GIRÃO,NOVO,v,,,,,04/10/2026 17:55:45,sim
1,04/10/2026,6257,Presidente,1,municipio,TO,93475,1707306,DUERÉ,,,,,UNIDADE POPULAR,i,UP,0,80,UP,UNIDADE POPULAR,,80,280002538811,SAMARA MARTINS DA SILVA FEITOSA,SAMARA,31/08/1987,7,Válido,nao,,1,0.03,0.034904014,RAQUEL NONATO DE BRICIO,RAQUEL BRÍCIO,UP,v,,,,,04/10/2026 17:55:45,sim
1,04/10/2026,6257,Presidente,1,municipio,TO,93475,1707306,DUERÉ,,,,,DEMOCRATA,i,DEMOCRATA,0,35,DEMOCRATA,DEMOCRATA,,35,280002548139,WILSON GRASSI JUNIOR,VETERINÁRIO WILSON GRASSI,13/03/1970,11,Válido,nao,,0,0.00,0,SUÊD HAIDAR NOGUEIRA,SUÊD HAIDAR,DEMOCRATA,v,,,,,04/10/2026 17:55:45,sim
1,04/10/2026,6257,Presidente,1,municipio,TO,93475,1707306,DUERÉ,,,,,PARTIDO MISSÃO,i,MISSÃO,0,14,MISSÃO,PARTIDO MISSÃO,,14,280002540694,RENAN ANTONIO FERREIRA DOS SANTOS,RENAN SANTOS,14/02/1984,5,Válido,nao,,46,1.61,1.605584642,AROLDO MEDINA,CORONEL MEDINA,MISSÃO,v,,,,,04/10/2026 17:55:45,sim
1,04/10/2026,6257,Presidente,1,municipio,TO,93475,1707306,DUERÉ,,,,,PARTIDO DA CAUSA OPERÁRIA,i,PCO,0,29,PCO,PARTIDO DA CAUSA OPERÁRIA,,29,280002552487,RUI COSTA PIMENTA,RUI COSTA PIMENTA,25/06/1957,12,Válido,nao,,1,0.03,0.034904014,ANTONIO CARLOS SILVA,ANTÔNIO CARLOS,PCO,v,,,,,04/10/2026 17:55:45,sim
1,04/10/2026,6257,Presidente,1,municipio,TO,93556,1707702,FILADÉLFIA,,,,,PARTIDO LIBERAL,i,PL,0,22,PL,PARTIDO LIBERAL,,22,280002551544,FLAVIO NANTES BOLSONARO,FLAVIO BOLSONARO,30/04/1981,1,Válido,nao,,1965,40.66,40.657976412,ALFREDO GASPAR DE MENDONÇA NETO,ALFREDO GASPAR,PL,v,,,,,04/10/2026 18:44:23,sim
1,04/10/2026,6257,Presidente,1,municipio,TO,93556,1707702,FILADÉLFIA,,,,,PARTIDO SOCIAL DEMOCRÁTICO,i,PSD,0,55,PSD,PARTIDO SOCIAL DEMOCRÁTICO,,55,280002551932,RONALDO RAMOS CAIADO,RONALDO CAIADO,25/09/1949,4,Válido,nao,,91,1.88,1.882888475,GILBERTO KASSAB,GILBERTO KASSAB,PSD,v,,,,,04/10/2026 18:44:23,sim
1,04/10/2026,6257,Presidente,1,municipio,TO,93556,1707702,FILADÉLFIA,,PT/PC do B/PV,FEDERAÇÃO BRASIL DA ESPERANÇA - FE BRASIL,PT/PC do B/PV,BRASIL PRONTO PRA MAIS,c,PSB / PDT / PCDOB / PT / PV / PSOL / REDE,,13,PT,PARTIDO DOS TRABALHADORES,101,13,280002542548,LUIZ INÁCIO LULA DA SILVA,LULA,06/10/1945,2,Válido,nao,,2649,54.81,54.810676598,GERALDO JOSE RODRIGUES ALCKMIN FILHO,GERALDO ALCKMIN,PSB,v,,,,,04/10/2026 18:44:23,sim
1,04/10/2026,6257,Presidente,1,municipio,TO,93556,1707702,FILADÉLFIA,,,,,PARTIDO SOCIALISTA  DOS TRABALHADORES UNIFICADO,i,PSTU,0,16,PSTU,PARTIDO SOCIALISTA  DOS TRABALHADORES UNIFICADO,,16,280002541457,HERTZ DA CONCEICAO DIAS,HERTZ DIAS,20/10/1970,8,Válido,nao,,0,0.00,0,VANESSA PORTUGAL BARBOSA,VANESSA PORTUGAL,PSTU,v,,,,,04/10/2026 18:44:23,sim
1,04/10/2026,6257,Presidente,1,municipio,TO,93556,1707702,FILADÉLFIA,,,,,PARTIDO COMUNISTA BRASILEIRO,i,PCB,0,21,PCB,PARTIDO COMUNISTA BRASILEIRO,,21,280002551975,EDMILSON SILVA COSTA,EDMILSON COSTA,08/04/1950,10,Válido,nao,,0,0.00,0,CLEUSA DOS SANTOS,CLEUSA SANTOS,PCB,v,,,,,04/10/2026 18:44:23,sim
1,04/10/2026,6257,Presidente,1,municipio,TO,93556,1707702,FILADÉLFIA,,,,,DEMOCRACIA CRISTÃ,i,DC,0,27,DC,DEMOCRACIA CRISTÃ,,27,280002552484,CLARIANA ZACARKIM BARAO,CLARIANA BARAO,03/04/1987,9,Válido,nao,,2,0.04,0.041382164,FABIANA CRISTINA TAVARES TORQUATO,FABIANA TORQUATO,DC,v,,,,,04/10/2026 18:44:23,sim
1,04/10/2026,6257,Presidente,1,municipio,TO,93556,1707702,FILADÉLFIA,,,,,PARTIDO NOVO,i,NOVO,0,30,NOVO,PARTIDO NOVO,,30,280002539826,ROMEU ZEMA NETO,ZEMA,28/10/1964,6,Válido,nao,,4,0.08,0.082764329,LUIS EDUARDO GRANGEIRO GIRÃO,EDUARDO GIRÃO,NOVO,v,,,,,04/10/2026 18:44:23,sim
1,04/10/2026,6257,Presidente,1,municipio,TO,93556,1707702,FILADÉLFIA,,,,,BRASIL DOS NOSSOS SONHOS,c,AGIR / AVANTE,,70,AVANTE,AVANTE,,70,280002551547,AUGUSTO JORGE CURY,ESCRITOR AUGUSTO CURY,02/10/1958,3,Válido,nao,,61,1.26,1.262156011,JULIO CESAR DELGADO,JÚLIO DELGADO,AVANTE,v,,,,,04/10/2026 18:44:23,sim
1,04/10/2026,6257,Presidente,1,municipio,TO,93556,1707702,FILADÉLFIA,,,,,DEMOCRATA,i,DEMOCRATA,0,35,DEMOCRATA,DEMOCRATA,,35,280002548139,WILSON GRASSI JUNIOR,VETERINÁRIO WILSON GRASSI,13/03/1970,11,Válido,nao,,1,0.02,0.020691082,SUÊD HAIDAR NOGUEIRA,SUÊD HAIDAR,DEMOCRATA,v,,,,,04/10/2026 18:44:23,sim
1,04/10/2026,6257,Presidente,1,municipio,TO,93556,1707702,FILADÉLFIA,,,,,UNIDADE POPULAR,i,UP,0,80,UP,UNIDADE POPULAR,,80,280002538811,SAMARA MARTINS DA SILVA FEITOSA,SAMARA,31/08/1987,7,Válido,nao,,3,0.06,0.062073246,RAQUEL NONATO DE BRICIO,RAQUEL BRÍCIO,UP,v,,,,,04/10/2026 18:44:23,sim
1,04/10/2026,6257,Presidente,1,municipio,TO,93556,1707702,FILADÉLFIA,,,,,PARTIDO MISSÃO,i,MISSÃO,0,14,MISSÃO,PARTIDO MISSÃO,,14,280002540694,RENAN ANTONIO FERREIRA DOS SANTOS,RENAN SANTOS,14/02/1984,5,Válido,nao,,57,1.18,1.179391682,AROLDO MEDINA,CORONEL MEDINA,MISSÃO,v,,,,,04/10/2026 18:44:23,sim
1,04/10/2026,6257,Presidente,1,municipio,TO,93556,1707702,FILADÉLFIA,,,,,PARTIDO DA CAUSA OPERÁRIA,i,PCO,0,29,PCO,PARTIDO DA CAUSA OPERÁRIA,,29,280002552487,RUI COSTA PIMENTA,RUI COSTA PIMENTA,25/06/1957,12,Válido,nao,,0,0.00,0,ANTONIO CARLOS SILVA,ANTÔNIO CARLOS,PCO,v,,,,,04/10/2026 18:44:23,sim
1,04/10/2026,6257,Presidente,1,municipio,TO,93653,1708205,FORMOSO DO ARAGUAIA,,,,,PARTIDO LIBERAL,i,PL,0,22,PL,PARTIDO LIBERAL,,22,280002551544,FLAVIO NANTES BOLSONARO,FLAVIO BOLSONARO,30/04/1981,1,Válido,nao,,6319,58.48,58.482184174,ALFREDO GASPAR DE MENDONÇA NETO,ALFREDO GASPAR,PL,v,,,,,04/10/2026 18:38:43,sim
1,04/10/2026,6257,Presidente,1,municipio,TO,93653,1708205,FORMOSO DO ARAGUAIA,,,,,PARTIDO SOCIAL DEMOCRÁTICO,i,PSD,0,55,PSD,PARTIDO SOCIAL DEMOCRÁTICO,,55,280002551932,RONALDO RAMOS CAIADO,RONALDO CAIADO,25/09/1949,4,Válido,nao,,224,2.07,2.073114299,GILBERTO KASSAB,GILBERTO KASSAB,PSD,v,,,,,04/10/2026 18:38:43,sim
1,04/10/2026,6257,Presidente,1,municipio,TO,93653,1708205,FORMOSO DO ARAGUAIA,,PT/PC do B/PV,FEDERAÇÃO BRASIL DA ESPERANÇA - FE BRASIL,PT/PC do B/PV,BRASIL PRONTO PRA MAIS,c,PSB / PDT / PCDOB / PT / PV / PSOL / REDE,,13,PT,PARTIDO DOS TRABALHADORES,101,13,280002542548,LUIZ INÁCIO LULA DA SILVA,LULA,06/10/1945,2,Válido,nao,,4014,37.15,37.149467839,GERALDO JOSE RODRIGUES ALCKMIN FILHO,GERALDO ALCKMIN,PSB,v,,,,,04/10/2026 18:38:43,sim
1,04/10/2026,6257,Presidente,1,municipio,TO,93653,1708205,FORMOSO DO ARAGUAIA,,,,,PARTIDO SOCIALISTA  DOS TRABALHADORES UNIFICADO,i,PSTU,0,16,PSTU,PARTIDO SOCIALISTA  DOS TRABALHADORES UNIFICADO,,16,280002541457,HERTZ DA CONCEICAO DIAS,HERTZ DIAS,20/10/1970,8,Válido,nao,,0,0.00,0,VANESSA PORTUGAL BARBOSA,VANESSA PORTUGAL,PSTU,v,,,,,04/10/2026 18:38:43,sim
1,04/10/2026,6257,Presidente,1,municipio,TO,93653,1708205,FORMOSO DO ARAGUAIA,,,,,PARTIDO COMUNISTA BRASILEIRO,i,PCB,0,21,PCB,PARTIDO COMUNISTA BRASILEIRO,,21,280002551975,EDMILSON SILVA COSTA,EDMILSON COSTA,08/04/1950,10,Válido,nao,,2,0.02,0.018509949,CLEUSA DOS SANTOS,CLEUSA SANTOS,PCB,v,,,,,04/10/2026 18:38:43,sim
1,04/10/2026,6257,Presidente,1,municipio,TO,93653,1708205,FORMOSO DO ARAGUAIA,,,,,DEMOCRACIA CRISTÃ,i,DC,0,27,DC,DEMOCRACIA CRISTÃ,,27,280002552484,CLARIANA ZACARKIM BARAO,CLARIANA BARAO,03/04/1987,9,Válido,nao,,1,0.01,0.009254975,FABIANA CRISTINA TAVARES TORQUATO,FABIANA TORQUATO,DC,v,,,,,04/10/2026 18:38:43,sim
1,04/10/2026,6257,Presidente,1,municipio,TO,93653,1708205,FORMOSO DO ARAGUAIA,,,,,PARTIDO NOVO,i,NOVO,0,30,NOVO,PARTIDO NOVO,,30,280002539826,ROMEU ZEMA NETO,ZEMA,28/10/1964,6,Válido,nao,,6,0.06,0.055529847,LUIS EDUARDO GRANGEIRO GIRÃO,EDUARDO GIRÃO,NOVO,v,,,,,04/10/2026 18:38:43,sim
1,04/10/2026,6257,Presidente,1,municipio,TO,93653,1708205,FORMOSO DO ARAGUAIA,,,,,BRASIL DOS NOSSOS SONHOS,c,AGIR / AVANTE,,70,AVANTE,AVANTE,,70,280002551547,AUGUSTO JORGE CURY,ESCRITOR AUGUSTO CURY,02/10/1958,3,Válido,nao,,168,1.55,1.554835724,JULIO CESAR DELGADO,JÚLIO DELGADO,AVANTE,v,,,,,04/10/2026 18:38:43,sim
1,04/10/2026,6257,Presidente,1,municipio,TO,93653,1708205,FORMOSO DO ARAGUAIA,,,,,DEMOCRATA,i,DEMOCRATA,0,35,DEMOCRATA,DEMOCRATA,,35,280002548139,WILSON GRASSI JUNIOR,VETERINÁRIO WILSON GRASSI,13/03/1970,11,Válido,nao,,0,0.00,0,SUÊD HAIDAR NOGUEIRA,SUÊD HAIDAR,DEMOCRATA,v,,,,,04/10/2026 18:38:43,sim
1,04/10/2026,6257,Presidente,1,municipio,TO,93653,1708205,FORMOSO DO ARAGUAIA,,,,,UNIDADE POPULAR,i,UP,0,80,UP,UNIDADE POPULAR,,80,280002538811,SAMARA MARTINS DA SILVA FEITOSA,SAMARA,31/08/1987,7,Válido,nao,,1,0.01,0.009254975,RAQUEL NONATO DE BRICIO,RAQUEL BRÍCIO,UP,v,,,,,04/10/2026 18:38:43,sim
1,04/10/2026,6257,Presidente,1,municipio,TO,93653,1708205,FORMOSO DO ARAGUAIA,,,,,PARTIDO MISSÃO,i,MISSÃO,0,14,MISSÃO,PARTIDO MISSÃO,,14,280002540694,RENAN ANTONIO FERREIRA DOS SANTOS,RENAN SANTOS,14/02/1984,5,Válido,nao,,70,0.65,0.647848218,AROLDO MEDINA,CORONEL MEDINA,MISSÃO,v,,,,,04/10/2026 18:38:43,sim
1,04/10/2026,6257,Presidente,1,municipio,TO,93653,1708205,FORMOSO DO ARAGUAIA,,,,,PARTIDO DA CAUSA OPERÁRIA,i,PCO,0,29,PCO,PARTIDO DA CAUSA OPERÁRIA,,29,280002552487,RUI COSTA PIMENTA,RUI COSTA PIMENTA,25/06/1957,12,Válido,nao,,0,0.00,0,ANTONIO CARLOS SILVA,ANTÔNIO CARLOS,PCO,v,,,,,04/10/2026 18:38:43,sim
1,04/10/2026,6257,Presidente,1,municipio,TO,93858,1709500,GURUPI,,,,,PARTIDO LIBERAL,i,PL,0,22,PL,PARTIDO LIBERAL,,22,280002551544,FLAVIO NANTES BOLSONARO,FLAVIO BOLSONARO,30/04/1981,1,Válido,nao,,28803,60.74,60.741474936,ALFREDO GASPAR DE MENDONÇA NETO,ALFREDO GASPAR,PL,v,,,,,04/10/2026 18:36:12,sim
1,04/10/2026,6257,Presidente,1,municipio,TO,93858,1709500,GURUPI,,,,,PARTIDO SOCIAL DEMOCRÁTICO,i,PSD,0,55,PSD,PARTIDO SOCIAL DEMOCRÁTICO,,55,280002551932,RONALDO RAMOS CAIADO,RONALDO CAIADO,25/09/1949,4,Válido,nao,,1420,2.99,2.994580232,GILBERTO KASSAB,GILBERTO KASSAB,PSD,v,,,,,04/10/2026 18:36:12,sim
1,04/10/2026,6257,Presidente,1,municipio,TO,93858,1709500,GURUPI,,PT/PC do B/PV,FEDERAÇÃO BRASIL DA ESPERANÇA - FE BRASIL,PT/PC do B/PV,BRASIL PRONTO PRA MAIS,c,PSB / PDT / PCDOB / PT / PV / PSOL / REDE,,13,PT,PARTIDO DOS TRABALHADORES,101,13,280002542548,LUIZ INÁCIO LULA DA SILVA,LULA,06/10/1945,2,Válido,nao,,15383,32.44,32.440582889,GERALDO JOSE RODRIGUES ALCKMIN FILHO,GERALDO ALCKMIN,PSB,v,,,,,04/10/2026 18:36:12,sim
1,04/10/2026,6257,Presidente,1,municipio,TO,93858,1709500,GURUPI,,,,,DEMOCRACIA CRISTÃ,i,DC,0,27,DC,DEMOCRACIA CRISTÃ,,27,280002552484,CLARIANA ZACARKIM BARAO,CLARIANA BARAO,03/04/1987,9,Válido,nao,,9,0.02,0.018979734,FABIANA CRISTINA TAVARES TORQUATO,FABIANA TORQUATO,DC,v,,,,,04/10/2026 18:36:12,sim
1,04/10/2026,6257,Presidente,1,municipio,TO,93858,1709500,GURUPI,,,,,PARTIDO COMUNISTA BRASILEIRO,i,PCB,0,21,PCB,PARTIDO COMUNISTA BRASILEIRO,,21,280002551975,EDMILSON SILVA COSTA,EDMILSON COSTA,08/04/1950,10,Válido,nao,,7,0.01,0.014762015,CLEUSA DOS SANTOS,CLEUSA SANTOS,PCB,v,,,,,04/10/2026 18:36:12,sim
1,04/10/2026,6257,Presidente,1,municipio,TO,93858,1709500,GURUPI,,,,,PARTIDO SOCIALISTA  DOS TRABALHADORES UNIFICADO,i,PSTU,0,16,PSTU,PARTIDO SOCIALISTA  DOS TRABALHADORES UNIFICADO,,16,280002541457,HERTZ DA CONCEICAO DIAS,HERTZ DIAS,20/10/1970,8,Válido,nao,,5,0.01,0.010544297,VANESSA PORTUGAL BARBOSA,VANESSA PORTUGAL,PSTU,v,,,,,04/10/2026 18:36:12,sim
1,04/10/2026,6257,Presidente,1,municipio,TO,93858,1709500,GURUPI,,,,,BRASIL DOS NOSSOS SONHOS,c,AGIR / AVANTE,,70,AVANTE,AVANTE,,70,280002551547,AUGUSTO JORGE CURY,ESCRITOR AUGUSTO CURY,02/10/1958,3,Válido,nao,,1051,2.22,2.216411143,JULIO CESAR DELGADO,JÚLIO DELGADO,AVANTE,v,,,,,04/10/2026 18:36:12,sim
1,04/10/2026,6257,Presidente,1,municipio,TO,93858,1709500,GURUPI,,,,,PARTIDO NOVO,i,NOVO,0,30,NOVO,PARTIDO NOVO,,30,280002539826,ROMEU ZEMA NETO,ZEMA,28/10/1964,6,Válido,nao,,41,0.09,0.086463232,LUIS EDUARDO GRANGEIRO GIRÃO,EDUARDO GIRÃO,NOVO,v,,,,,04/10/2026 18:36:12,sim
1,04/10/2026,6257,Presidente,1,municipio,TO,93858,1709500,GURUPI,,,,,UNIDADE POPULAR,i,UP,0,80,UP,UNIDADE POPULAR,,80,280002538811,SAMARA MARTINS DA SILVA FEITOSA,SAMARA,31/08/1987,7,Válido,nao,,28,0.06,0.059048061,RAQUEL NONATO DE BRICIO,RAQUEL BRÍCIO,UP,v,,,,,04/10/2026 18:36:12,sim
1,04/10/2026,6257,Presidente,1,municipio,TO,93858,1709500,GURUPI,,,,,DEMOCRATA,i,DEMOCRATA,0,35,DEMOCRATA,DEMOCRATA,,35,280002548139,WILSON GRASSI JUNIOR,VETERINÁRIO WILSON GRASSI,13/03/1970,11,Válido,nao,,5,0.01,0.010544297,SUÊD HAIDAR NOGUEIRA,SUÊD HAIDAR,DEMOCRATA,v,,,,,04/10/2026 18:36:12,sim
1,04/10/2026,6257,Presidente,1,municipio,TO,93858,1709500,GURUPI,,,,,PARTIDO MISSÃO,i,MISSÃO,0,14,MISSÃO,PARTIDO MISSÃO,,14,280002540694,RENAN ANTONIO FERREIRA DOS SANTOS,RENAN SANTOS,14/02/1984,5,Válido,nao,,663,1.40,1.398173728,AROLDO MEDINA,CORONEL MEDINA,MISSÃO,v,,,,,04/10/2026 18:36:12,sim
1,04/10/2026,6257,Presidente,1,municipio,TO,93858,1709500,GURUPI,,,,,PARTIDO DA CAUSA OPERÁRIA,i,PCO,0,29,PCO,PARTIDO DA CAUSA OPERÁRIA,,29,280002552487,RUI COSTA PIMENTA,RUI COSTA PIMENTA,25/06/1957,12,Válido,nao,,4,0.01,0.008435437,ANTONIO CARLOS SILVA,ANTÔNIO CARLOS,PCO,v,,,,,04/10/2026 18:36:12,sim
1,04/10/2026,6257,Presidente,1,municipio,TO,94056,1710508,ITACAJÁ,,,,,PARTIDO LIBERAL,i,PL,0,22,PL,PARTIDO LIBERAL,,22,280002551544,FLAVIO NANTES BOLSONARO,FLAVIO BOLSONARO,30/04/1981,1,Válido,nao,,1737,39.02,39.024938216,ALFREDO GASPAR DE MENDONÇA NETO,ALFREDO GASPAR,PL,v,,,,,04/10/2026 18:31:51,sim
1,04/10/2026,6257,Presidente,1,municipio,TO,94056,1710508,ITACAJÁ,,,,,PARTIDO SOCIAL DEMOCRÁTICO,i,PSD,0,55,PSD,PARTIDO SOCIAL DEMOCRÁTICO,,55,280002551932,RONALDO RAMOS CAIADO,RONALDO CAIADO,25/09/1949,4,Válido,nao,,79,1.77,1.774882049,GILBERTO KASSAB,GILBERTO KASSAB,PSD,v,,,,,04/10/2026 18:31:51,sim
1,04/10/2026,6257,Presidente,1,municipio,TO,94056,1710508,ITACAJÁ,,PT/PC do B/PV,FEDERAÇÃO BRASIL DA ESPERANÇA - FE BRASIL,PT/PC do B/PV,BRASIL PRONTO PRA MAIS,c,PSB / PDT / PCDOB / PT / PV / PSOL / REDE,,13,PT,PARTIDO DOS TRABALHADORES,101,13,280002542548,LUIZ INÁCIO LULA DA SILVA,LULA,06/10/1945,2,Válido,nao,,2542,57.11,57.110761627,GERALDO JOSE RODRIGUES ALCKMIN FILHO,GERALDO ALCKMIN,PSB,v,,,,,04/10/2026 18:31:51,sim
1,04/10/2026,6257,Presidente,1,municipio,TO,94056,1710508,ITACAJÁ,,,,,DEMOCRACIA CRISTÃ,i,DC,0,27,DC,DEMOCRACIA CRISTÃ,,27,280002552484,CLARIANA ZACARKIM BARAO,CLARIANA BARAO,03/04/1987,8,Válido,nao,,0,0.00,0,FABIANA CRISTINA TAVARES TORQUATO,FABIANA TORQUATO,DC,v,,,,,04/10/2026 18:31:51,sim
1,04/10/2026,6257,Presidente,1,municipio,TO,94056,1710508,ITACAJÁ,,,,,PARTIDO COMUNISTA BRASILEIRO,i,PCB,0,21,PCB,PARTIDO COMUNISTA BRASILEIRO,,21,280002551975,EDMILSON SILVA COSTA,EDMILSON COSTA,08/04/1950,10,Válido,nao,,0,0.00,0,CLEUSA DOS SANTOS,CLEUSA SANTOS,PCB,v,,,,,04/10/2026 18:31:51,sim
1,04/10/2026,6257,Presidente,1,municipio,TO,94056,1710508,ITACAJÁ,,,,,PARTIDO SOCIALISTA  DOS TRABALHADORES UNIFICADO,i,PSTU,0,16,PSTU,PARTIDO SOCIALISTA  DOS TRABALHADORES UNIFICADO,,16,280002541457,HERTZ DA CONCEICAO DIAS,HERTZ DIAS,20/10/1970,9,Válido,nao,,0,0.00,0,VANESSA PORTUGAL BARBOSA,VANESSA PORTUGAL,PSTU,v,,,,,04/10/2026 18:31:51,sim
1,04/10/2026,6257,Presidente,1,municipio,TO,94056,1710508,ITACAJÁ,,,,,BRASIL DOS NOSSOS SONHOS,c,AGIR / AVANTE,,70,AVANTE,AVANTE,,70,280002551547,AUGUSTO JORGE CURY,ESCRITOR AUGUSTO CURY,02/10/1958,3,Válido,nao,,63,1.42,1.415412267,JULIO CESAR DELGADO,JÚLIO DELGADO,AVANTE,v,,,,,04/10/2026 18:31:51,sim
1,04/10/2026,6257,Presidente,1,municipio,TO,94056,1710508,ITACAJÁ,,,,,PARTIDO NOVO,i,NOVO,0,30,NOVO,PARTIDO NOVO,,30,280002539826,ROMEU ZEMA NETO,ZEMA,28/10/1964,6,Válido,nao,,1,0.02,0.022466861,LUIS EDUARDO GRANGEIRO GIRÃO,EDUARDO GIRÃO,NOVO,v,,,,,04/10/2026 18:31:51,sim
1,04/10/2026,6257,Presidente,1,municipio,TO,94056,1710508,ITACAJÁ,,,,,UNIDADE POPULAR,i,UP,0,80,UP,UNIDADE POPULAR,,80,280002538811,SAMARA MARTINS DA SILVA FEITOSA,SAMARA,31/08/1987,7,Válido,nao,,1,0.02,0.022466861,RAQUEL NONATO DE BRICIO,RAQUEL BRÍCIO,UP,v,,,,,04/10/2026 18:31:51,sim
1,04/10/2026,6257,Presidente,1,municipio,TO,94056,1710508,ITACAJÁ,,,,,DEMOCRATA,i,DEMOCRATA,0,35,DEMOCRATA,DEMOCRATA,,35,280002548139,WILSON GRASSI JUNIOR,VETERINÁRIO WILSON GRASSI,13/03/1970,11,Válido,nao,,0,0.00,0,SUÊD HAIDAR NOGUEIRA,SUÊD HAIDAR,DEMOCRATA,v,,,,,04/10/2026 18:31:51,sim
1,04/10/2026,6257,Presidente,1,municipio,TO,94056,1710508,ITACAJÁ,,,,,PARTIDO MISSÃO,i,MISSÃO,0,14,MISSÃO,PARTIDO MISSÃO,,14,280002540694,RENAN ANTONIO FERREIRA DOS SANTOS,RENAN SANTOS,14/02/1984,5,Válido,nao,,28,0.63,0.629072119,AROLDO MEDINA,CORONEL MEDINA,MISSÃO,v,,,,,04/10/2026 18:31:51,sim
1,04/10/2026,6257,Presidente,1,municipio,TO,94056,1710508,ITACAJÁ,,,,,PARTIDO DA CAUSA OPERÁRIA,i,PCO,0,29,PCO,PARTIDO DA CAUSA OPERÁRIA,,29,280002552487,RUI COSTA PIMENTA,RUI COSTA PIMENTA,25/06/1957,12,Válido,nao,,0,0.00,0,ANTONIO CARLOS SILVA,ANTÔNIO CARLOS,PCO,v,,,,,04/10/2026 18:31:51,sim
1,04/10/2026,6257,Presidente,1,municipio,TO,94099,1710706,ITAGUATINS,,,,,PARTIDO LIBERAL,i,PL,0,22,PL,PARTIDO LIBERAL,,22,280002551544,FLAVIO NANTES BOLSONARO,FLAVIO BOLSONARO,30/04/1981,1,Válido,nao,,1330,35.53,35.532994924,ALFREDO GASPAR DE MENDONÇA NETO,ALFREDO GASPAR,PL,v,,,,,04/10/2026 18:25:54,sim
1,04/10/2026,6257,Presidente,1,municipio,TO,94099,1710706,ITAGUATINS,,,,,PARTIDO SOCIAL DEMOCRÁTICO,i,PSD,0,55,PSD,PARTIDO SOCIAL DEMOCRÁTICO,,55,280002551932,RONALDO RAMOS CAIADO,RONALDO CAIADO,25/09/1949,4,Válido,nao,,54,1.44,1.442693027,GILBERTO KASSAB,GILBERTO KASSAB,PSD,v,,,,,04/10/2026 18:25:54,sim
1,04/10/2026,6257,Presidente,1,municipio,TO,94099,1710706,ITAGUATINS,,PT/PC do B/PV,FEDERAÇÃO BRASIL DA ESPERANÇA - FE BRASIL,PT/PC do B/PV,BRASIL PRONTO PRA MAIS,c,PSB / PDT / PCDOB / PT / PV / PSOL / REDE,,13,PT,PARTIDO DOS TRABALHADORES,101,13,280002542548,LUIZ INÁCIO LULA DA SILVA,LULA,06/10/1945,2,Válido,nao,,2252,60.17,60.165642533,GERALDO JOSE RODRIGUES ALCKMIN FILHO,GERALDO ALCKMIN,PSB,v,,,,,04/10/2026 18:25:54,sim
1,04/10/2026,6257,Presidente,1,municipio,TO,94099,1710706,ITAGUATINS,,,,,PARTIDO SOCIALISTA  DOS TRABALHADORES UNIFICADO,i,PSTU,0,16,PSTU,PARTIDO SOCIALISTA  DOS TRABALHADORES UNIFICADO,,16,280002541457,HERTZ DA CONCEICAO DIAS,HERTZ DIAS,20/10/1970,9,Válido,nao,,0,0.00,0,VANESSA PORTUGAL BARBOSA,VANESSA PORTUGAL,PSTU,v,,,,,04/10/2026 18:25:54,sim
1,04/10/2026,6257,Presidente,1,municipio,TO,94099,1710706,ITAGUATINS,,,,,PARTIDO COMUNISTA BRASILEIRO,i,PCB,0,21,PCB,PARTIDO COMUNISTA BRASILEIRO,,21,280002551975,EDMILSON SILVA COSTA,EDMILSON COSTA,08/04/1950,10,Válido,nao,,0,0.00,0,CLEUSA DOS SANTOS,CLEUSA SANTOS,PCB,v,,,,,04/10/2026 18:25:54,sim
1,04/10/2026,6257,Presidente,1,municipio,TO,94099,1710706,ITAGUATINS,,,,,DEMOCRACIA CRISTÃ,i,DC,0,27,DC,DEMOCRACIA CRISTÃ,,27,280002552484,CLARIANA ZACARKIM BARAO,CLARIANA BARAO,03/04/1987,8,Válido,nao,,0,0.00,0,FABIANA CRISTINA TAVARES TORQUATO,FABIANA TORQUATO,DC,v,,,,,04/10/2026 18:25:54,sim
1,04/10/2026,6257,Presidente,1,municipio,TO,94099,1710706,ITAGUATINS,,,,,PARTIDO NOVO,i,NOVO,0,30,NOVO,PARTIDO NOVO,,30,280002539826,ROMEU ZEMA NETO,ZEMA,28/10/1964,6,Válido,nao,,1,0.03,0.026716538,LUIS EDUARDO GRANGEIRO GIRÃO,EDUARDO GIRÃO,NOVO,v,,,,,04/10/2026 18:25:54,sim
1,04/10/2026,6257,Presidente,1,municipio,TO,94099,1710706,ITAGUATINS,,,,,BRASIL DOS NOSSOS SONHOS,c,AGIR / AVANTE,,70,AVANTE,AVANTE,,70,280002551547,AUGUSTO JORGE CURY,ESCRITOR AUGUSTO CURY,02/10/1958,3,Válido,nao,,64,1.71,1.709858402,JULIO CESAR DELGADO,JÚLIO DELGADO,AVANTE,v,,,,,04/10/2026 18:25:54,sim
1,04/10/2026,6257,Presidente,1,municipio,TO,94099,1710706,ITAGUATINS,,,,,DEMOCRATA,i,DEMOCRATA,0,35,DEMOCRATA,DEMOCRATA,,35,280002548139,WILSON GRASSI JUNIOR,VETERINÁRIO WILSON GRASSI,13/03/1970,11,Válido,nao,,0,0.00,0,SUÊD HAIDAR NOGUEIRA,SUÊD HAIDAR,DEMOCRATA,v,,,,,04/10/2026 18:25:54,sim
1,04/10/2026,6257,Presidente,1,municipio,TO,94099,1710706,ITAGUATINS,,,,,UNIDADE POPULAR,i,UP,0,80,UP,UNIDADE POPULAR,,80,280002538811,SAMARA MARTINS DA SILVA FEITOSA,SAMARA,31/08/1987,7,Válido,nao,,1,0.03,0.026716538,RAQUEL NONATO DE BRICIO,RAQUEL BRÍCIO,UP,v,,,,,04/10/2026 18:25:54,sim
1,04/10/2026,6257,Presidente,1,municipio,TO,94099,1710706,ITAGUATINS,,,,,PARTIDO MISSÃO,i,MISSÃO,0,14,MISSÃO,PARTIDO MISSÃO,,14,280002540694,RENAN ANTONIO FERREIRA DOS SANTOS,RENAN SANTOS,14/02/1984,5,Válido,nao,,41,1.10,1.095378039,AROLDO MEDINA,CORONEL MEDINA,MISSÃO,v,,,,,04/10/2026 18:25:54,sim
1,04/10/2026,6257,Presidente,1,municipio,TO,94099,1710706,ITAGUATINS,,,,,PARTIDO DA CAUSA OPERÁRIA,i,PCO,0,29,PCO,PARTIDO DA CAUSA OPERÁRIA,,29,280002552487,RUI COSTA PIMENTA,RUI COSTA PIMENTA,25/06/1957,12,Válido,nao,,0,0.00,0,ANTONIO CARLOS SILVA,ANTÔNIO CARLOS,PCO,v,,,,,04/10/2026 18:25:54,sim
1,04/10/2026,6257,Presidente,1,municipio,TO,94170,1711100,ITAPORÃ DO TOCANTINS,,,,,PARTIDO LIBERAL,i,PL,0,22,PL,PARTIDO LIBERAL,,22,280002551544,FLAVIO NANTES BOLSONARO,FLAVIO BOLSONARO,30/04/1981,1,Válido,nao,,1055,48.53,48.528058878,ALFREDO GASPAR DE MENDONÇA NETO,ALFREDO GASPAR,PL,v,,,,,04/10/2026 18:15:02,sim
1,04/10/2026,6257,Presidente,1,municipio,TO,94170,1711100,ITAPORÃ DO TOCANTINS,,,,,PARTIDO SOCIAL DEMOCRÁTICO,i,PSD,0,55,PSD,PARTIDO SOCIAL DEMOCRÁTICO,,55,280002551932,RONALDO RAMOS CAIADO,RONALDO CAIADO,25/09/1949,4,Válido,nao,,45,2.07,2.069917203,GILBERTO KASSAB,GILBERTO KASSAB,PSD,v,,,,,04/10/2026 18:15:02,sim
1,04/10/2026,6257,Presidente,1,municipio,TO,94170,1711100,ITAPORÃ DO TOCANTINS,,PT/PC do B/PV,FEDERAÇÃO BRASIL DA ESPERANÇA - FE BRASIL,PT/PC do B/PV,BRASIL PRONTO PRA MAIS,c,PSB / PDT / PCDOB / PT / PV / PSOL / REDE,,13,PT,PARTIDO DOS TRABALHADORES,101,13,280002542548,LUIZ INÁCIO LULA DA SILVA,LULA,06/10/1945,2,Válido,nao,,1022,47.01,47.010119595,GERALDO JOSE RODRIGUES ALCKMIN FILHO,GERALDO ALCKMIN,PSB,v,,,,,04/10/2026 18:15:02,sim
1,04/10/2026,6257,Presidente,1,municipio,TO,94170,1711100,ITAPORÃ DO TOCANTINS,,,,,DEMOCRACIA CRISTÃ,i,DC,0,27,DC,DEMOCRACIA CRISTÃ,,27,280002552484,CLARIANA ZACARKIM BARAO,CLARIANA BARAO,03/04/1987,8,Válido,nao,,0,0.00,0,FABIANA CRISTINA TAVARES TORQUATO,FABIANA TORQUATO,DC,v,,,,,04/10/2026 18:15:02,sim
1,04/10/2026,6257,Presidente,1,municipio,TO,94170,1711100,ITAPORÃ DO TOCANTINS,,,,,PARTIDO COMUNISTA BRASILEIRO,i,PCB,0,21,PCB,PARTIDO COMUNISTA BRASILEIRO,,21,280002551975,EDMILSON SILVA COSTA,EDMILSON COSTA,08/04/1950,10,Válido,nao,,0,0.00,0,CLEUSA DOS SANTOS,CLEUSA SANTOS,PCB,v,,,,,04/10/2026 18:15:02,sim
1,04/10/2026,6257,Presidente,1,municipio,TO,94170,1711100,ITAPORÃ DO TOCANTINS,,,,,PARTIDO SOCIALISTA  DOS TRABALHADORES UNIFICADO,i,PSTU,0,16,PSTU,PARTIDO SOCIALISTA  DOS TRABALHADORES UNIFICADO,,16,280002541457,HERTZ DA CONCEICAO DIAS,HERTZ DIAS,20/10/1970,9,Válido,nao,,0,0.00,0,VANESSA PORTUGAL BARBOSA,VANESSA PORTUGAL,PSTU,v,,,,,04/10/2026 18:15:02,sim
1,04/10/2026,6257,Presidente,1,municipio,TO,94170,1711100,ITAPORÃ DO TOCANTINS,,,,,BRASIL DOS NOSSOS SONHOS,c,AGIR / AVANTE,,70,AVANTE,AVANTE,,70,280002551547,AUGUSTO JORGE CURY,ESCRITOR AUGUSTO CURY,02/10/1958,3,Válido,nao,,45,2.07,2.069917203,JULIO CESAR DELGADO,JÚLIO DELGADO,AVANTE,v,,,,,04/10/2026 18:15:02,sim
1,04/10/2026,6257,Presidente,1,municipio,TO,94170,1711100,ITAPORÃ DO TOCANTINS,,,,,PARTIDO NOVO,i,NOVO,0,30,NOVO,PARTIDO NOVO,,30,280002539826,ROMEU ZEMA NETO,ZEMA,28/10/1964,6,Válido,nao,,0,0.00,0,LUIS EDUARDO GRANGEIRO GIRÃO,EDUARDO GIRÃO,NOVO,v,,,,,04/10/2026 18:15:02,sim
1,04/10/2026,6257,Presidente,1,municipio,TO,94170,1711100,ITAPORÃ DO TOCANTINS,,,,,UNIDADE POPULAR,i,UP,0,80,UP,UNIDADE POPULAR,,80,280002538811,SAMARA MARTINS DA SILVA FEITOSA,SAMARA,31/08/1987,7,Válido,nao,,0,0.00,0,RAQUEL NONATO DE BRICIO,RAQUEL BRÍCIO,UP,v,,,,,04/10/2026 18:15:02,sim
1,04/10/2026,6257,Presidente,1,municipio,TO,94170,1711100,ITAPORÃ DO TOCANTINS,,,,,DEMOCRATA,i,DEMOCRATA,0,35,DEMOCRATA,DEMOCRATA,,35,280002548139,WILSON GRASSI JUNIOR,VETERINÁRIO WILSON GRASSI,13/03/1970,11,Válido,nao,,0,0.00,0,SUÊD HAIDAR NOGUEIRA,SUÊD HAIDAR,DEMOCRATA,v,,,,,04/10/2026 18:15:02,sim
1,04/10/2026,6257,Presidente,1,municipio,TO,94170,1711100,ITAPORÃ DO TOCANTINS,,,,,PARTIDO MISSÃO,i,MISSÃO,0,14,MISSÃO,PARTIDO MISSÃO,,14,280002540694,RENAN ANTONIO FERREIRA DOS SANTOS,RENAN SANTOS,14/02/1984,5,Válido,nao,,7,0.32,0.321987121,AROLDO MEDINA,CORONEL MEDINA,MISSÃO,v,,,,,04/10/2026 18:15:02,sim
1,04/10/2026,6257,Presidente,1,municipio,TO,94170,1711100,ITAPORÃ DO TOCANTINS,,,,,PARTIDO DA CAUSA OPERÁRIA,i,PCO,0,29,PCO,PARTIDO DA CAUSA OPERÁRIA,,29,280002552487,RUI COSTA PIMENTA,RUI COSTA PIMENTA,25/06/1957,12,Válido,nao,,0,0.00,0,ANTONIO CARLOS SILVA,ANTÔNIO CARLOS,PCO,v,,,,,04/10/2026 18:15:02,sim
1,04/10/2026,6257,Presidente,1,municipio,TO,94617,1713205,MIRACEMA DO TOCANTINS,,,,,PARTIDO LIBERAL,i,PL,0,22,PL,PARTIDO LIBERAL,,22,280002551544,FLAVIO NANTES BOLSONARO,FLAVIO BOLSONARO,30/04/1981,1,Válido,nao,,4603,41.27,41.267706652,ALFREDO GASPAR DE MENDONÇA NETO,ALFREDO GASPAR,PL,v,,,,,04/10/2026 18:17:12,sim
1,04/10/2026,6257,Presidente,1,municipio,TO,94617,1713205,MIRACEMA DO TOCANTINS,,,,,PARTIDO SOCIAL DEMOCRÁTICO,i,PSD,0,55,PSD,PARTIDO SOCIAL DEMOCRÁTICO,,55,280002551932,RONALDO RAMOS CAIADO,RONALDO CAIADO,25/09/1949,4,Válido,nao,,249,2.23,2.232383002,GILBERTO KASSAB,GILBERTO KASSAB,PSD,v,,,,,04/10/2026 18:17:12,sim
1,04/10/2026,6257,Presidente,1,municipio,TO,94617,1713205,MIRACEMA DO TOCANTINS,,PT/PC do B/PV,FEDERAÇÃO BRASIL DA ESPERANÇA - FE BRASIL,PT/PC do B/PV,BRASIL PRONTO PRA MAIS,c,PSB / PDT / PCDOB / PT / PV / PSOL / REDE,,13,PT,PARTIDO DOS TRABALHADORES,101,13,280002542548,LUIZ INÁCIO LULA DA SILVA,LULA,06/10/1945,2,Válido,nao,,5810,52.09,52.088936704,GERALDO JOSE RODRIGUES ALCKMIN FILHO,GERALDO ALCKMIN,PSB,v,,,,,04/10/2026 18:17:12,sim
1,04/10/2026,6257,Presidente,1,municipio,TO,94617,1713205,MIRACEMA DO TOCANTINS,,,,,DEMOCRACIA CRISTÃ,i,DC,0,27,DC,DEMOCRACIA CRISTÃ,,27,280002552484,CLARIANA ZACARKIM BARAO,CLARIANA BARAO,03/04/1987,8,Válido,nao,,5,0.04,0.044826968,FABIANA CRISTINA TAVARES TORQUATO,FABIANA TORQUATO,DC,v,,,,,04/10/2026 18:17:12,sim
1,04/10/2026,6257,Presidente,1,municipio,TO,94617,1713205,MIRACEMA DO TOCANTINS,,,,,PARTIDO COMUNISTA BRASILEIRO,i,PCB,0,21,PCB,PARTIDO COMUNISTA BRASILEIRO,,21,280002551975,EDMILSON SILVA COSTA,EDMILSON COSTA,08/04/1950,10,Válido,nao,,2,0.02,0.017930787,CLEUSA DOS SANTOS,CLEUSA SANTOS,PCB,v,,,,,04/10/2026 18:17:12,sim
1,04/10/2026,6257,Presidente,1,municipio,TO,94617,1713205,MIRACEMA DO TOCANTINS,,,,,PARTIDO SOCIALISTA  DOS TRABALHADORES UNIFICADO,i,PSTU,0,16,PSTU,PARTIDO SOCIALISTA  DOS TRABALHADORES UNIFICADO,,16,280002541457,HERTZ DA CONCEICAO DIAS,HERTZ DIAS,20/10/1970,9,Válido,nao,,1,0.01,0.008965394,VANESSA PORTUGAL BARBOSA,VANESSA PORTUGAL,PSTU,v,,,,,04/10/2026 18:17:12,sim
1,04/10/2026,6257,Presidente,1,municipio,TO,94617,1713205,MIRACEMA DO TOCANTINS,,,,,BRASIL DOS NOSSOS SONHOS,c,AGIR / AVANTE,,70,AVANTE,AVANTE,,70,280002551547,AUGUSTO JORGE CURY,ESCRITOR AUGUSTO CURY,02/10/1958,3,Válido,nao,,326,2.92,2.922718307,JULIO CESAR DELGADO,JÚLIO DELGADO,AVANTE,v,,,,,04/10/2026 18:17:12,sim
1,04/10/2026,6257,Presidente,1,municipio,TO,94617,1713205,MIRACEMA DO TOCANTINS,,,,,PARTIDO NOVO,i,NOVO,0,30,NOVO,PARTIDO NOVO,,30,280002539826,ROMEU ZEMA NETO,ZEMA,28/10/1964,6,Válido,nao,,14,0.13,0.125515510,LUIS EDUARDO GRANGEIRO GIRÃO,EDUARDO GIRÃO,NOVO,v,,,,,04/10/2026 18:17:12,sim
1,04/10/2026,6257,Presidente,1,municipio,TO,94617,1713205,MIRACEMA DO TOCANTINS,,,,,UNIDADE POPULAR,i,UP,0,80,UP,UNIDADE POPULAR,,80,280002538811,SAMARA MARTINS DA SILVA FEITOSA,SAMARA,31/08/1987,7,Válido,nao,,7,0.06,0.062757755,RAQUEL NONATO DE BRICIO,RAQUEL BRÍCIO,UP,v,,,,,04/10/2026 18:17:12,sim
1,04/10/2026,6257,Presidente,1,municipio,TO,94617,1713205,MIRACEMA DO TOCANTINS,,,,,DEMOCRATA,i,DEMOCRATA,0,35,DEMOCRATA,DEMOCRATA,,35,280002548139,WILSON GRASSI JUNIOR,VETERINÁRIO WILSON GRASSI,13/03/1970,11,Válido,nao,,0,0.00,0,SUÊD HAIDAR NOGUEIRA,SUÊD HAIDAR,DEMOCRATA,v,,,,,04/10/2026 18:17:12,sim
1,04/10/2026,6257,Presidente,1,municipio,TO,94617,1713205,MIRACEMA DO TOCANTINS,,,,,PARTIDO MISSÃO,i,MISSÃO,0,14,MISSÃO,PARTIDO MISSÃO,,14,280002540694,RENAN ANTONIO FERREIRA DOS SANTOS,RENAN SANTOS,14/02/1984,5,Válido,nao,,136,1.22,1.219293527,AROLDO MEDINA,CORONEL MEDINA,MISSÃO,v,,,,,04/10/2026 18:17:12,sim
1,04/10/2026,6257,Presidente,1,municipio,TO,94617,1713205,MIRACEMA DO TOCANTINS,,,,,PARTIDO DA CAUSA OPERÁRIA,i,PCO,0,29,PCO,PARTIDO DA CAUSA OPERÁRIA,,29,280002552487,RUI COSTA PIMENTA,RUI COSTA PIMENTA,25/06/1957,12,Válido,nao,,1,0.01,0.008965394,ANTONIO CARLOS SILVA,ANTÔNIO CARLOS,PCO,v,,,,,04/10/2026 18:17:12,sim
1,04/10/2026,6257,Presidente,1,municipio,TO,94633,1713304,MIRANORTE,,,,,PARTIDO LIBERAL,i,PL,0,22,PL,PARTIDO LIBERAL,,22,280002551544,FLAVIO NANTES BOLSONARO,FLAVIO BOLSONARO,30/04/1981,1,Válido,nao,,4303,54.62,54.620462046,ALFREDO GASPAR DE MENDONÇA NETO,ALFREDO GASPAR,PL,v,,,,,04/10/2026 19:13:45,sim
1,04/10/2026,6257,Presidente,1,municipio,TO,94633,1713304,MIRANORTE,,,,,PARTIDO SOCIAL DEMOCRÁTICO,i,PSD,0,55,PSD,PARTIDO SOCIAL DEMOCRÁTICO,,55,280002551932,RONALDO RAMOS CAIADO,RONALDO CAIADO,25/09/1949,5,Válido,nao,,165,2.09,2.094440213,GILBERTO KASSAB,GILBERTO KASSAB,PSD,v,,,,,04/10/2026 19:13:45,sim
1,04/10/2026,6257,Presidente,1,municipio,TO,94633,1713304,MIRANORTE,,PT/PC do B/PV,FEDERAÇÃO BRASIL DA ESPERANÇA - FE BRASIL,PT/PC do B/PV,BRASIL PRONTO PRA MAIS,c,PSB / PDT / PCDOB / PT / PV / PSOL / REDE,,13,PT,PARTIDO DOS TRABALHADORES,101,13,280002542548,LUIZ INÁCIO LULA DA SILVA,LULA,06/10/1945,2,Válido,nao,,3139,39.85,39.845138360,GERALDO JOSE RODRIGUES ALCKMIN FILHO,GERALDO ALCKMIN,PSB,v,,,,,04/10/2026 19:13:45,sim
1,04/10/2026,6257,Presidente,1,municipio,TO,94633,1713304,MIRANORTE,,,,,DEMOCRACIA CRISTÃ,i,DC,0,27,DC,DEMOCRACIA CRISTÃ,,27,280002552484,CLARIANA ZACARKIM BARAO,CLARIANA BARAO,03/04/1987,9,Válido,nao,,0,0.00,0,FABIANA CRISTINA TAVARES TORQUATO,FABIANA TORQUATO,DC,v,,,,,04/10/2026 19:13:45,sim
1,04/10/2026,6257,Presidente,1,municipio,TO,94633,1713304,MIRANORTE,,,,,PARTIDO COMUNISTA BRASILEIRO,i,PCB,0,21,PCB,PARTIDO COMUNISTA BRASILEIRO,,21,280002551975,EDMILSON SILVA COSTA,EDMILSON COSTA,08/04/1950,10,Válido,nao,,0,0.00,0,CLEUSA DOS SANTOS,CLEUSA SANTOS,PCB,v,,,,,04/10/2026 19:13:45,sim
1,04/10/2026,6257,Presidente,1,municipio,TO,94633,1713304,MIRANORTE,,,,,PARTIDO SOCIALISTA  DOS TRABALHADORES UNIFICADO,i,PSTU,0,16,PSTU,PARTIDO SOCIALISTA  DOS TRABALHADORES UNIFICADO,,16,280002541457,HERTZ DA CONCEICAO DIAS,HERTZ DIAS,20/10/1970,8,Válido,nao,,1,0.01,0.012693577,VANESSA PORTUGAL BARBOSA,VANESSA PORTUGAL,PSTU,v,,,,,04/10/2026 19:13:45,sim
1,04/10/2026,6257,Presidente,1,municipio,TO,94633,1713304,MIRANORTE,,,,,BRASIL DOS NOSSOS SONHOS,c,AGIR / AVANTE,,70,AVANTE,AVANTE,,70,280002551547,AUGUSTO JORGE CURY,ESCRITOR AUGUSTO CURY,02/10/1958,3,Válido,nao,,186,2.36,2.361005331,JULIO CESAR DELGADO,JÚLIO DELGADO,AVANTE,v,,,,,04/10/2026 19:13:45,sim
1,04/10/2026,6257,Presidente,1,municipio,TO,94633,1713304,MIRANORTE,,,,,PARTIDO NOVO,i,NOVO,0,30,NOVO,PARTIDO NOVO,,30,280002539826,ROMEU ZEMA NETO,ZEMA,28/10/1964,6,Válido,nao,,4,0.05,0.050774308,LUIS EDUARDO GRANGEIRO GIRÃO,EDUARDO GIRÃO,NOVO,v,,,,,04/10/2026 19:13:45,sim
1,04/10/2026,6257,Presidente,1,municipio,TO,94633,1713304,MIRANORTE,,,,,UNIDADE POPULAR,i,UP,0,80,UP,UNIDADE POPULAR,,80,280002538811,SAMARA MARTINS DA SILVA FEITOSA,SAMARA,31/08/1987,7,Válido,nao,,2,0.03,0.025387154,RAQUEL NONATO DE BRICIO,RAQUEL BRÍCIO,UP,v,,,,,04/10/2026 19:13:45,sim
1,04/10/2026,6257,Presidente,1,municipio,TO,94633,1713304,MIRANORTE,,,,,DEMOCRATA,i,DEMOCRATA,0,35,DEMOCRATA,DEMOCRATA,,35,280002548139,WILSON GRASSI JUNIOR,VETERINÁRIO WILSON GRASSI,13/03/1970,11,Válido,nao,,1,0.01,0.012693577,SUÊD HAIDAR NOGUEIRA,SUÊD HAIDAR,DEMOCRATA,v,,,,,04/10/2026 19:13:45,sim
1,04/10/2026,6257,Presidente,1,municipio,TO,94633,1713304,MIRANORTE,,,,,PARTIDO MISSÃO,i,MISSÃO,0,14,MISSÃO,PARTIDO MISSÃO,,14,280002540694,RENAN ANTONIO FERREIRA DOS SANTOS,RENAN SANTOS,14/02/1984,4,Válido,nao,,77,0.98,0.977405433,AROLDO MEDINA,CORONEL MEDINA,MISSÃO,v,,,,,04/10/2026 19:13:45,sim
1,04/10/2026,6257,Presidente,1,municipio,TO,94633,1713304,MIRANORTE,,,,,PARTIDO DA CAUSA OPERÁRIA,i,PCO,0,29,PCO,PARTIDO DA CAUSA OPERÁRIA,,29,280002552487,RUI COSTA PIMENTA,RUI COSTA PIMENTA,25/06/1957,12,Válido,nao,,0,0.00,0,ANTONIO CARLOS SILVA,ANTÔNIO CARLOS,PCO,v,,,,,04/10/2026 19:13:45,sim
1,04/10/2026,6257,Presidente,1,municipio,TO,94692,1713601,MONTE DO CARMO,,,,,PARTIDO LIBERAL,i,PL,0,22,PL,PARTIDO LIBERAL,,22,280002551544,FLAVIO NANTES BOLSONARO,FLAVIO BOLSONARO,30/04/1981,1,Válido,nao,,1709,43.60,43.596938776,ALFREDO GASPAR DE MENDONÇA NETO,ALFREDO GASPAR,PL,v,,,,,04/10/2026 19:09:25,sim
1,04/10/2026,6257,Presidente,1,municipio,TO,94692,1713601,MONTE DO CARMO,,,,,PARTIDO SOCIAL DEMOCRÁTICO,i,PSD,0,55,PSD,PARTIDO SOCIAL DEMOCRÁTICO,,55,280002551932,RONALDO RAMOS CAIADO,RONALDO CAIADO,25/09/1949,5,Válido,nao,,102,2.60,2.602040816,GILBERTO KASSAB,GILBERTO KASSAB,PSD,v,,,,,04/10/2026 19:09:25,sim
1,04/10/2026,6257,Presidente,1,municipio,TO,94692,1713601,MONTE DO CARMO,,PT/PC do B/PV,FEDERAÇÃO BRASIL DA ESPERANÇA - FE BRASIL,PT/PC do B/PV,BRASIL PRONTO PRA MAIS,c,PSB / PDT / PCDOB / PT / PV / PSOL / REDE,,13,PT,PARTIDO DOS TRABALHADORES,101,13,280002542548,LUIZ INÁCIO LULA DA SILVA,LULA,06/10/1945,2,Válido,nao,,1977,50.43,50.433673469,GERALDO JOSE RODRIGUES ALCKMIN FILHO,GERALDO ALCKMIN,PSB,v,,,,,04/10/2026 19:09:25,sim
1,04/10/2026,6257,Presidente,1,municipio,TO,94692,1713601,MONTE DO CARMO,,,,,DEMOCRACIA CRISTÃ,i,DC,0,27,DC,DEMOCRACIA CRISTÃ,,27,280002552484,CLARIANA ZACARKIM BARAO,CLARIANA BARAO,03/04/1987,9,Válido,nao,,0,0.00,0,FABIANA CRISTINA TAVARES TORQUATO,FABIANA TORQUATO,DC,v,,,,,04/10/2026 19:09:25,sim
1,04/10/2026,6257,Presidente,1,municipio,TO,94692,1713601,MONTE DO CARMO,,,,,PARTIDO COMUNISTA BRASILEIRO,i,PCB,0,21,PCB,PARTIDO COMUNISTA BRASILEIRO,,21,280002551975,EDMILSON SILVA COSTA,EDMILSON COSTA,08/04/1950,10,Válido,nao,,0,0.00,0,CLEUSA DOS SANTOS,CLEUSA SANTOS,PCB,v,,,,,04/10/2026 19:09:25,sim
1,04/10/2026,6257,Presidente,1,municipio,TO,94692,1713601,MONTE DO CARMO,,,,,PARTIDO SOCIALISTA  DOS TRABALHADORES UNIFICADO,i,PSTU,0,16,PSTU,PARTIDO SOCIALISTA  DOS TRABALHADORES UNIFICADO,,16,280002541457,HERTZ DA CONCEICAO DIAS,HERTZ DIAS,20/10/1970,8,Válido,nao,,0,0.00,0,VANESSA PORTUGAL BARBOSA,VANESSA PORTUGAL,PSTU,v,,,,,04/10/2026 19:09:25,sim
1,04/10/2026,6257,Presidente,1,municipio,TO,94692,1713601,MONTE DO CARMO,,,,,BRASIL DOS NOSSOS SONHOS,c,AGIR / AVANTE,,70,AVANTE,AVANTE,,70,280002551547,AUGUSTO JORGE CURY,ESCRITOR AUGUSTO CURY,02/10/1958,3,Válido,nao,,108,2.76,2.755102041,JULIO CESAR DELGADO,JÚLIO DELGADO,AVANTE,v,,,,,04/10/2026 19:09:25,sim
1,04/10/2026,6257,Presidente,1,municipio,TO,94692,1713601,MONTE DO CARMO,,,,,PARTIDO NOVO,i,NOVO,0,30,NOVO,PARTIDO NOVO,,30,280002539826,ROMEU ZEMA NETO,ZEMA,28/10/1964,6,Válido,nao,,0,0.00,0,LUIS EDUARDO GRANGEIRO GIRÃO,EDUARDO GIRÃO,NOVO,v,,,,,04/10/2026 19:09:25,sim
1,04/10/2026,6257,Presidente,1,municipio,TO,94692,1713601,MONTE DO CARMO,,,,,UNIDADE POPULAR,i,UP,0,80,UP,UNIDADE POPULAR,,80,280002538811,SAMARA MARTINS DA SILVA FEITOSA,SAMARA,31/08/1987,7,Válido,nao,,1,0.03,0.025510204,RAQUEL NONATO DE BRICIO,RAQUEL BRÍCIO,UP,v,,,,,04/10/2026 19:09:25,sim
1,04/10/2026,6257,Presidente,1,municipio,TO,94692,1713601,MONTE DO CARMO,,,,,DEMOCRATA,i,DEMOCRATA,0,35,DEMOCRATA,DEMOCRATA,,35,280002548139,WILSON GRASSI JUNIOR,VETERINÁRIO WILSON GRASSI,13/03/1970,11,Válido,nao,,0,0.00,0,SUÊD HAIDAR NOGUEIRA,SUÊD HAIDAR,DEMOCRATA,v,,,,,04/10/2026 19:09:25,sim
1,04/10/2026,6257,Presidente,1,municipio,TO,94692,1713601,MONTE DO CARMO,,,,,PARTIDO MISSÃO,i,MISSÃO,0,14,MISSÃO,PARTIDO MISSÃO,,14,280002540694,RENAN ANTONIO FERREIRA DOS SANTOS,RENAN SANTOS,14/02/1984,4,Válido,nao,,22,0.56,0.561224490,AROLDO MEDINA,CORONEL MEDINA,MISSÃO,v,,,,,04/10/2026 19:09:25,sim
1,04/10/2026,6257,Presidente,1,municipio,TO,94692,1713601,MONTE DO CARMO,,,,,PARTIDO DA CAUSA OPERÁRIA,i,PCO,0,29,PCO,PARTIDO DA CAUSA OPERÁRIA,,29,280002552487,RUI COSTA PIMENTA,RUI COSTA PIMENTA,25/06/1957,12,Válido,nao,,1,0.03,0.025510204,ANTONIO CARLOS SILVA,ANTÔNIO CARLOS,PCO,v,,,,,04/10/2026 19:09:25,sim
1,04/10/2026,6257,Presidente,1,municipio,TO,94811,1714203,NATIVIDADE,,,,,PARTIDO LIBERAL,i,PL,0,22,PL,PARTIDO LIBERAL,,22,280002551544,FLAVIO NANTES BOLSONARO,FLAVIO BOLSONARO,30/04/1981,1,Válido,nao,,2187,42.98,42.983490566,ALFREDO GASPAR DE MENDONÇA NETO,ALFREDO GASPAR,PL,v,,,,,04/10/2026 19:09:24,sim
1,04/10/2026,6257,Presidente,1,municipio,TO,94811,1714203,NATIVIDADE,,,,,PARTIDO SOCIAL DEMOCRÁTICO,i,PSD,0,55,PSD,PARTIDO SOCIAL DEMOCRÁTICO,,55,280002551932,RONALDO RAMOS CAIADO,RONALDO CAIADO,25/09/1949,5,Válido,nao,,203,3.99,3.989779874,GILBERTO KASSAB,GILBERTO KASSAB,PSD,v,,,,,04/10/2026 19:09:24,sim
1,04/10/2026,6257,Presidente,1,municipio,TO,94811,1714203,NATIVIDADE,,PT/PC do B/PV,FEDERAÇÃO BRASIL DA ESPERANÇA - FE BRASIL,PT/PC do B/PV,BRASIL PRONTO PRA MAIS,c,PSB / PDT / PCDOB / PT / PV / PSOL / REDE,,13,PT,PARTIDO DOS TRABALHADORES,101,13,280002542548,LUIZ INÁCIO LULA DA SILVA,LULA,06/10/1945,2,Válido,nao,,2522,49.57,49.567610063,GERALDO JOSE RODRIGUES ALCKMIN FILHO,GERALDO ALCKMIN,PSB,v,,,,,04/10/2026 19:09:24,sim
1,04/10/2026,6257,Presidente,1,municipio,TO,94811,1714203,NATIVIDADE,,,,,DEMOCRACIA CRISTÃ,i,DC,0,27,DC,DEMOCRACIA CRISTÃ,,27,280002552484,CLARIANA ZACARKIM BARAO,CLARIANA BARAO,03/04/1987,9,Válido,nao,,1,0.02,0.019654088,FABIANA CRISTINA TAVARES TORQUATO,FABIANA TORQUATO,DC,v,,,,,04/10/2026 19:09:24,sim
1,04/10/2026,6257,Presidente,1,municipio,TO,94811,1714203,NATIVIDADE,,,,,PARTIDO COMUNISTA BRASILEIRO,i,PCB,0,21,PCB,PARTIDO COMUNISTA BRASILEIRO,,21,280002551975,EDMILSON SILVA COSTA,EDMILSON COSTA,08/04/1950,10,Válido,nao,,1,0.02,0.019654088,CLEUSA DOS SANTOS,CLEUSA SANTOS,PCB,v,,,,,04/10/2026 19:09:24,sim
1,04/10/2026,6257,Presidente,1,municipio,TO,94811,1714203,NATIVIDADE,,,,,PARTIDO SOCIALISTA  DOS TRABALHADORES UNIFICADO,i,PSTU,0,16,PSTU,PARTIDO SOCIALISTA  DOS TRABALHADORES UNIFICADO,,16,280002541457,HERTZ DA CONCEICAO DIAS,HERTZ DIAS,20/10/1970,8,Válido,nao,,0,0.00,0,VANESSA PORTUGAL BARBOSA,VANESSA PORTUGAL,PSTU,v,,,,,04/10/2026 19:09:24,sim
1,04/10/2026,6257,Presidente,1,municipio,TO,94811,1714203,NATIVIDADE,,,,,BRASIL DOS NOSSOS SONHOS,c,AGIR / AVANTE,,70,AVANTE,AVANTE,,70,280002551547,AUGUSTO JORGE CURY,ESCRITOR AUGUSTO CURY,02/10/1958,3,Válido,nao,,131,2.57,2.574685535,JULIO CESAR DELGADO,JÚLIO DELGADO,AVANTE,v,,,,,04/10/2026 19:09:24,sim
1,04/10/2026,6257,Presidente,1,municipio,TO,94811,1714203,NATIVIDADE,,,,,PARTIDO NOVO,i,NOVO,0,30,NOVO,PARTIDO NOVO,,30,280002539826,ROMEU ZEMA NETO,ZEMA,28/10/1964,6,Válido,nao,,1,0.02,0.019654088,LUIS EDUARDO GRANGEIRO GIRÃO,EDUARDO GIRÃO,NOVO,v,,,,,04/10/2026 19:09:24,sim
1,04/10/2026,6257,Presidente,1,municipio,TO,94811,1714203,NATIVIDADE,,,,,UNIDADE POPULAR,i,UP,0,80,UP,UNIDADE POPULAR,,80,280002538811,SAMARA MARTINS DA SILVA FEITOSA,SAMARA,31/08/1987,7,Válido,nao,,2,0.04,0.039308176,RAQUEL NONATO DE BRICIO,RAQUEL BRÍCIO,UP,v,,,,,04/10/2026 19:09:24,sim
1,04/10/2026,6257,Presidente,1,municipio,TO,94811,1714203,NATIVIDADE,,,,,DEMOCRATA,i,DEMOCRATA,0,35,DEMOCRATA,DEMOCRATA,,35,280002548139,WILSON GRASSI JUNIOR,VETERINÁRIO WILSON GRASSI,13/03/1970,11,Válido,nao,,0,0.00,0,SUÊD HAIDAR NOGUEIRA,SUÊD HAIDAR,DEMOCRATA,v,,,,,04/10/2026 19:09:24,sim
1,04/10/2026,6257,Presidente,1,municipio,TO,94811,1714203,NATIVIDADE,,,,,PARTIDO MISSÃO,i,MISSÃO,0,14,MISSÃO,PARTIDO MISSÃO,,14,280002540694,RENAN ANTONIO FERREIRA DOS SANTOS,RENAN SANTOS,14/02/1984,4,Válido,nao,,40,0.79,0.786163522,AROLDO MEDINA,CORONEL MEDINA,MISSÃO,v,,,,,04/10/2026 19:09:24,sim
1,04/10/2026,6257,Presidente,1,municipio,TO,94811,1714203,NATIVIDADE,,,,,PARTIDO DA CAUSA OPERÁRIA,i,PCO,0,29,PCO,PARTIDO DA CAUSA OPERÁRIA,,29,280002552487,RUI COSTA PIMENTA,RUI COSTA PIMENTA,25/06/1957,12,Válido,nao,,0,0.00,0,ANTONIO CARLOS SILVA,ANTÔNIO CARLOS,PCO,v,,,,,04/10/2026 19:09:24,sim
1,04/10/2026,6257,Presidente,1,municipio,TO,94838,1714302,NAZARÉ,,,,,PARTIDO LIBERAL,i,PL,0,22,PL,PARTIDO LIBERAL,,22,280002551544,FLAVIO NANTES BOLSONARO,FLAVIO BOLSONARO,30/04/1981,1,Válido,nao,,968,28.99,28.990715783,ALFREDO GASPAR DE MENDONÇA NETO,ALFREDO GASPAR,PL,v,,,,,04/10/2026 18:55:47,sim
1,04/10/2026,6257,Presidente,1,municipio,TO,94838,1714302,NAZARÉ,,,,,PARTIDO SOCIAL DEMOCRÁTICO,i,PSD,0,55,PSD,PARTIDO SOCIAL DEMOCRÁTICO,,55,280002551932,RONALDO RAMOS CAIADO,RONALDO CAIADO,25/09/1949,4,Válido,nao,,75,2.25,2.246181491,GILBERTO KASSAB,GILBERTO KASSAB,PSD,v,,,,,04/10/2026 18:55:47,sim
1,04/10/2026,6257,Presidente,1,municipio,TO,94838,1714302,NAZARÉ,,PT/PC do B/PV,FEDERAÇÃO BRASIL DA ESPERANÇA - FE BRASIL,PT/PC do B/PV,BRASIL PRONTO PRA MAIS,c,PSB / PDT / PCDOB / PT / PV / PSOL / REDE,,13,PT,PARTIDO DOS TRABALHADORES,101,13,280002542548,LUIZ INÁCIO LULA DA SILVA,LULA,06/10/1945,2,Válido,nao,,2150,64.39,64.390536089,GERALDO JOSE RODRIGUES ALCKMIN FILHO,GERALDO ALCKMIN,PSB,v,,,,,04/10/2026 18:55:47,sim
1,04/10/2026,6257,Presidente,1,municipio,TO,94838,1714302,NAZARÉ,,,,,DEMOCRACIA CRISTÃ,i,DC,0,27,DC,DEMOCRACIA CRISTÃ,,27,280002552484,CLARIANA ZACARKIM BARAO,CLARIANA BARAO,03/04/1987,9,Válido,nao,,1,0.03,0.029949087,FABIANA CRISTINA TAVARES TORQUATO,FABIANA TORQUATO,DC,v,,,,,04/10/2026 18:55:47,sim
1,04/10/2026,6257,Presidente,1,municipio,TO,94838,1714302,NAZARÉ,,,,,PARTIDO COMUNISTA BRASILEIRO,i,PCB,0,21,PCB,PARTIDO COMUNISTA BRASILEIRO,,21,280002551975,EDMILSON SILVA COSTA,EDMILSON COSTA,08/04/1950,10,Válido,nao,,0,0.00,0,CLEUSA DOS SANTOS,CLEUSA SANTOS,PCB,v,,,,,04/10/2026 18:55:47,sim
1,04/10/2026,6257,Presidente,1,municipio,TO,94838,1714302,NAZARÉ,,,,,PARTIDO SOCIALISTA  DOS TRABALHADORES UNIFICADO,i,PSTU,0,16,PSTU,PARTIDO SOCIALISTA  DOS TRABALHADORES UNIFICADO,,16,280002541457,HERTZ DA CONCEICAO DIAS,HERTZ DIAS,20/10/1970,8,Válido,nao,,0,0.00,0,VANESSA PORTUGAL BARBOSA,VANESSA PORTUGAL,PSTU,v,,,,,04/10/2026 18:55:47,sim
1,04/10/2026,6257,Presidente,1,municipio,TO,94838,1714302,NAZARÉ,,,,,BRASIL DOS NOSSOS SONHOS,c,AGIR / AVANTE,,70,AVANTE,AVANTE,,70,280002551547,AUGUSTO JORGE CURY,ESCRITOR AUGUSTO CURY,02/10/1958,3,Válido,nao,,86,2.58,2.575621444,JULIO CESAR DELGADO,JÚLIO DELGADO,AVANTE,v,,,,,04/10/2026 18:55:47,sim
1,04/10/2026,6257,Presidente,1,municipio,TO,94838,1714302,NAZARÉ,,,,,PARTIDO NOVO,i,NOVO,0,30,NOVO,PARTIDO NOVO,,30,280002539826,ROMEU ZEMA NETO,ZEMA,28/10/1964,6,Válido,nao,,0,0.00,0,LUIS EDUARDO GRANGEIRO GIRÃO,EDUARDO GIRÃO,NOVO,v,,,,,04/10/2026 18:55:47,sim
1,04/10/2026,6257,Presidente,1,municipio,TO,94838,1714302,NAZARÉ,,,,,UNIDADE POPULAR,i,UP,0,80,UP,UNIDADE POPULAR,,80,280002538811,SAMARA MARTINS DA SILVA FEITOSA,SAMARA,31/08/1987,7,Válido,nao,,3,0.09,0.089847260,RAQUEL NONATO DE BRICIO,RAQUEL BRÍCIO,UP,v,,,,,04/10/2026 18:55:47,sim
1,04/10/2026,6257,Presidente,1,municipio,TO,94838,1714302,NAZARÉ,,,,,DEMOCRATA,i,DEMOCRATA,0,35,DEMOCRATA,DEMOCRATA,,35,280002548139,WILSON GRASSI JUNIOR,VETERINÁRIO WILSON GRASSI,13/03/1970,11,Válido,nao,,0,0.00,0,SUÊD HAIDAR NOGUEIRA,SUÊD HAIDAR,DEMOCRATA,v,,,,,04/10/2026 18:55:47,sim
1,04/10/2026,6257,Presidente,1,municipio,TO,94838,1714302,NAZARÉ,,,,,PARTIDO MISSÃO,i,MISSÃO,0,14,MISSÃO,PARTIDO MISSÃO,,14,280002540694,RENAN ANTONIO FERREIRA DOS SANTOS,RENAN SANTOS,14/02/1984,5,Válido,nao,,56,1.68,1.677148847,AROLDO MEDINA,CORONEL MEDINA,MISSÃO,v,,,,,04/10/2026 18:55:47,sim
1,04/10/2026,6257,Presidente,1,municipio,TO,94838,1714302,NAZARÉ,,,,,PARTIDO DA CAUSA OPERÁRIA,i,PCO,0,29,PCO,PARTIDO DA CAUSA OPERÁRIA,,29,280002552487,RUI COSTA PIMENTA,RUI COSTA PIMENTA,25/06/1957,12,Válido,nao,,0,0.00,0,ANTONIO CARLOS SILVA,ANTÔNIO CARLOS,PCO,v,,,,,04/10/2026 18:55:47,sim
1,04/10/2026,6257,Presidente,1,municipio,TO,94994,1715101,NOVO ACORDO,,,,,PARTIDO LIBERAL,i,PL,0,22,PL,PARTIDO LIBERAL,,22,280002551544,FLAVIO NANTES BOLSONARO,FLAVIO BOLSONARO,30/04/1981,1,Válido,nao,,1598,49.02,49.018404908,ALFREDO GASPAR DE MENDONÇA NETO,ALFREDO GASPAR,PL,v,,,,,04/10/2026 20:36:08,sim
1,04/10/2026,6257,Presidente,1,municipio,TO,94994,1715101,NOVO ACORDO,,,,,PARTIDO SOCIAL DEMOCRÁTICO,i,PSD,0,55,PSD,PARTIDO SOCIAL DEMOCRÁTICO,,55,280002551932,RONALDO RAMOS CAIADO,RONALDO CAIADO,25/09/1949,5,Válido,nao,,58,1.78,1.779141104,GILBERTO KASSAB,GILBERTO KASSAB,PSD,v,,,,,04/10/2026 20:36:08,sim
1,04/10/2026,6257,Presidente,1,municipio,TO,94994,1715101,NOVO ACORDO,,PT/PC do B/PV,FEDERAÇÃO BRASIL DA ESPERANÇA - FE BRASIL,PT/PC do B/PV,BRASIL PRONTO PRA MAIS,c,PSB / PDT / PCDOB / PT / PV / PSOL / REDE,,13,PT,PARTIDO DOS TRABALHADORES,101,13,280002542548,LUIZ INÁCIO LULA DA SILVA,LULA,06/10/1945,2,Válido,nao,,1507,46.23,46.226993865,GERALDO JOSE RODRIGUES ALCKMIN FILHO,GERALDO ALCKMIN,PSB,v,,,,,04/10/2026 20:36:08,sim
1,04/10/2026,6257,Presidente,1,municipio,TO,94994,1715101,NOVO ACORDO,,,,,DEMOCRACIA CRISTÃ,i,DC,0,27,DC,DEMOCRACIA CRISTÃ,,27,280002552484,CLARIANA ZACARKIM BARAO,CLARIANA BARAO,03/04/1987,9,Válido,nao,,0,0.00,0,FABIANA CRISTINA TAVARES TORQUATO,FABIANA TORQUATO,DC,v,,,,,04/10/2026 20:36:08,sim
1,04/10/2026,6257,Presidente,1,municipio,TO,94994,1715101,NOVO ACORDO,,,,,PARTIDO COMUNISTA BRASILEIRO,i,PCB,0,21,PCB,PARTIDO COMUNISTA BRASILEIRO,,21,280002551975,EDMILSON SILVA COSTA,EDMILSON COSTA,08/04/1950,10,Válido,nao,,0,0.00,0,CLEUSA DOS SANTOS,CLEUSA SANTOS,PCB,v,,,,,04/10/2026 20:36:08,sim
1,04/10/2026,6257,Presidente,1,municipio,TO,94994,1715101,NOVO ACORDO,,,,,PARTIDO SOCIALISTA  DOS TRABALHADORES UNIFICADO,i,PSTU,0,16,PSTU,PARTIDO SOCIALISTA  DOS TRABALHADORES UNIFICADO,,16,280002541457,HERTZ DA CONCEICAO DIAS,HERTZ DIAS,20/10/1970,8,Válido,nao,,0,0.00,0,VANESSA PORTUGAL BARBOSA,VANESSA PORTUGAL,PSTU,v,,,,,04/10/2026 20:36:08,sim
1,04/10/2026,6257,Presidente,1,municipio,TO,94994,1715101,NOVO ACORDO,,,,,BRASIL DOS NOSSOS SONHOS,c,AGIR / AVANTE,,70,AVANTE,AVANTE,,70,280002551547,AUGUSTO JORGE CURY,ESCRITOR AUGUSTO CURY,02/10/1958,3,Válido,nao,,73,2.24,2.239263804,JULIO CESAR DELGADO,JÚLIO DELGADO,AVANTE,v,,,,,04/10/2026 20:36:08,sim
1,04/10/2026,6257,Presidente,1,municipio,TO,94994,1715101,NOVO ACORDO,,,,,PARTIDO NOVO,i,NOVO,0,30,NOVO,PARTIDO NOVO,,30,280002539826,ROMEU ZEMA NETO,ZEMA,28/10/1964,6,Válido,nao,,1,0.03,0.030674847,LUIS EDUARDO GRANGEIRO GIRÃO,EDUARDO GIRÃO,NOVO,v,,,,,04/10/2026 20:36:08,sim
1,04/10/2026,6257,Presidente,1,municipio,TO,94994,1715101,NOVO ACORDO,,,,,UNIDADE POPULAR,i,UP,0,80,UP,UNIDADE POPULAR,,80,280002538811,SAMARA MARTINS DA SILVA FEITOSA,SAMARA,31/08/1987,7,Válido,nao,,0,0.00,0,RAQUEL NONATO DE BRICIO,RAQUEL BRÍCIO,UP,v,,,,,04/10/2026 20:36:08,sim
1,04/10/2026,6257,Presidente,1,municipio,TO,94994,1715101,NOVO ACORDO,,,,,DEMOCRATA,i,DEMOCRATA,0,35,DEMOCRATA,DEMOCRATA,,35,280002548139,WILSON GRASSI JUNIOR,VETERINÁRIO WILSON GRASSI,13/03/1970,11,Válido,nao,,0,0.00,0,SUÊD HAIDAR NOGUEIRA,SUÊD HAIDAR,DEMOCRATA,v,,,,,04/10/2026 20:36:08,sim
1,04/10/2026,6257,Presidente,1,municipio,TO,94994,1715101,NOVO ACORDO,,,,,PARTIDO MISSÃO,i,MISSÃO,0,14,MISSÃO,PARTIDO MISSÃO,,14,280002540694,RENAN ANTONIO FERREIRA DOS SANTOS,RENAN SANTOS,14/02/1984,4,Válido,nao,,23,0.71,0.705521472,AROLDO MEDINA,CORONEL MEDINA,MISSÃO,v,,,,,04/10/2026 20:36:08,sim
1,04/10/2026,6257,Presidente,1,municipio,TO,94994,1715101,NOVO ACORDO,,,,,PARTIDO DA CAUSA OPERÁRIA,i,PCO,0,29,PCO,PARTIDO DA CAUSA OPERÁRIA,,29,280002552487,RUI COSTA PIMENTA,RUI COSTA PIMENTA,25/06/1957,12,Válido,nao,,0,0.00,0,ANTONIO CARLOS SILVA,ANTÔNIO CARLOS,PCO,v,,,,,04/10/2026 20:36:08,sim
1,04/10/2026,6257,Presidente,1,municipio,TO,95192,1716109,PARAÍSO DO TOCANTINS,,,,,PARTIDO LIBERAL,i,PL,0,22,PL,PARTIDO LIBERAL,,22,280002551544,FLAVIO NANTES BOLSONARO,FLAVIO BOLSONARO,30/04/1981,1,Válido,nao,,19188,68.10,68.095677479,ALFREDO GASPAR DE MENDONÇA NETO,ALFREDO GASPAR,PL,v,,,,,04/10/2026 20:10:49,sim
1,04/10/2026,6257,Presidente,1,municipio,TO,95192,1716109,PARAÍSO DO TOCANTINS,,,,,PARTIDO SOCIAL DEMOCRÁTICO,i,PSD,0,55,PSD,PARTIDO SOCIAL DEMOCRÁTICO,,55,280002551932,RONALDO RAMOS CAIADO,RONALDO CAIADO,25/09/1949,5,Válido,nao,,616,2.19,2.186102633,GILBERTO KASSAB,GILBERTO KASSAB,PSD,v,,,,,04/10/2026 20:10:49,sim
1,04/10/2026,6257,Presidente,1,municipio,TO,95192,1716109,PARAÍSO DO TOCANTINS,,PT/PC do B/PV,FEDERAÇÃO BRASIL DA ESPERANÇA - FE BRASIL,PT/PC do B/PV,BRASIL PRONTO PRA MAIS,c,PSB / PDT / PCDOB / PT / PV / PSOL / REDE,,13,PT,PARTIDO DOS TRABALHADORES,101,13,280002542548,LUIZ INÁCIO LULA DA SILVA,LULA,06/10/1945,2,Válido,nao,,7337,26.04,26.038043864,GERALDO JOSE RODRIGUES ALCKMIN FILHO,GERALDO ALCKMIN,PSB,v,,,,,04/10/2026 20:10:49,sim
1,04/10/2026,6257,Presidente,1,municipio,TO,95192,1716109,PARAÍSO DO TOCANTINS,,,,,PARTIDO SOCIALISTA  DOS TRABALHADORES UNIFICADO,i,PSTU,0,16,PSTU,PARTIDO SOCIALISTA  DOS TRABALHADORES UNIFICADO,,16,280002541457,HERTZ DA CONCEICAO DIAS,HERTZ DIAS,20/10/1970,8,Válido,nao,,5,0.02,0.017744340,VANESSA PORTUGAL BARBOSA,VANESSA PORTUGAL,PSTU,v,,,,,04/10/2026 20:10:49,sim
1,04/10/2026,6257,Presidente,1,municipio,TO,95192,1716109,PARAÍSO DO TOCANTINS,,,,,PARTIDO COMUNISTA BRASILEIRO,i,PCB,0,21,PCB,PARTIDO COMUNISTA BRASILEIRO,,21,280002551975,EDMILSON SILVA COSTA,EDMILSON COSTA,08/04/1950,10,Válido,nao,,2,0.01,0.007097736,CLEUSA DOS SANTOS,CLEUSA SANTOS,PCB,v,,,,,04/10/2026 20:10:49,sim
1,04/10/2026,6257,Presidente,1,municipio,TO,95192,1716109,PARAÍSO DO TOCANTINS,,,,,DEMOCRACIA CRISTÃ,i,DC,0,27,DC,DEMOCRACIA CRISTÃ,,27,280002552484,CLARIANA ZACARKIM BARAO,CLARIANA BARAO,03/04/1987,9,Válido,nao,,10,0.04,0.035488679,FABIANA CRISTINA TAVARES TORQUATO,FABIANA TORQUATO,DC,v,,,,,04/10/2026 20:10:49,sim
1,04/10/2026,6257,Presidente,1,municipio,TO,95192,1716109,PARAÍSO DO TOCANTINS,,,,,PARTIDO NOVO,i,NOVO,0,30,NOVO,PARTIDO NOVO,,30,280002539826,ROMEU ZEMA NETO,ZEMA,28/10/1964,6,Válido,nao,,14,0.05,0.049684151,LUIS EDUARDO GRANGEIRO GIRÃO,EDUARDO GIRÃO,NOVO,v,,,,,04/10/2026 20:10:49,sim
1,04/10/2026,6257,Presidente,1,municipio,TO,95192,1716109,PARAÍSO DO TOCANTINS,,,,,BRASIL DOS NOSSOS SONHOS,c,AGIR / AVANTE,,70,AVANTE,AVANTE,,70,280002551547,AUGUSTO JORGE CURY,ESCRITOR AUGUSTO CURY,02/10/1958,3,Válido,nao,,597,2.12,2.118674143,JULIO CESAR DELGADO,JÚLIO DELGADO,AVANTE,v,,,,,04/10/2026 20:10:49,sim
1,04/10/2026,6257,Presidente,1,municipio,TO,95192,1716109,PARAÍSO DO TOCANTINS,,,,,DEMOCRATA,i,DEMOCRATA,0,35,DEMOCRATA,DEMOCRATA,,35,280002548139,WILSON GRASSI JUNIOR,VETERINÁRIO WILSON GRASSI,13/03/1970,11,Válido,nao,,4,0.01,0.014195472,SUÊD HAIDAR NOGUEIRA,SUÊD HAIDAR,DEMOCRATA,v,,,,,04/10/2026 20:10:49,sim
1,04/10/2026,6257,Presidente,1,municipio,TO,95192,1716109,PARAÍSO DO TOCANTINS,,,,,UNIDADE POPULAR,i,UP,0,80,UP,UNIDADE POPULAR,,80,280002538811,SAMARA MARTINS DA SILVA FEITOSA,SAMARA,31/08/1987,7,Válido,nao,,5,0.02,0.017744340,RAQUEL NONATO DE BRICIO,RAQUEL BRÍCIO,UP,v,,,,,04/10/2026 20:10:49,sim
1,04/10/2026,6257,Presidente,1,municipio,TO,95192,1716109,PARAÍSO DO TOCANTINS,,,,,PARTIDO MISSÃO,i,MISSÃO,0,14,MISSÃO,PARTIDO MISSÃO,,14,280002540694,RENAN ANTONIO FERREIRA DOS SANTOS,RENAN SANTOS,14/02/1984,4,Válido,nao,,396,1.41,1.405351693,AROLDO MEDINA,CORONEL MEDINA,MISSÃO,v,,,,,04/10/2026 20:10:49,sim
1,04/10/2026,6257,Presidente,1,municipio,TO,95192,1716109,PARAÍSO DO TOCANTINS,,,,,PARTIDO DA CAUSA OPERÁRIA,i,PCO,0,29,PCO,PARTIDO DA CAUSA OPERÁRIA,,29,280002552487,RUI COSTA PIMENTA,RUI COSTA PIMENTA,25/06/1957,12,Válido,nao,,4,0.01,0.014195472,ANTONIO CARLOS SILVA,ANTÔNIO CARLOS,PCO,v,,,,,04/10/2026 20:10:49,sim
1,04/10/2026,6257,Presidente,1,municipio,TO,95214,1716208,PARANÃ,,,,,PARTIDO LIBERAL,i,PL,0,22,PL,PARTIDO LIBERAL,,22,280002551544,FLAVIO NANTES BOLSONARO,FLAVIO BOLSONARO,30/04/1981,1,Válido,nao,,1562,25.78,25.779831655,ALFREDO GASPAR DE MENDONÇA NETO,ALFREDO GASPAR,PL,v,,,,,04/10/2026 19:04:35,sim
1,04/10/2026,6257,Presidente,1,municipio,TO,95214,1716208,PARANÃ,,,,,PARTIDO SOCIAL DEMOCRÁTICO,i,PSD,0,55,PSD,PARTIDO SOCIAL DEMOCRÁTICO,,55,280002551932,RONALDO RAMOS CAIADO,RONALDO CAIADO,25/09/1949,4,Válido,nao,,191,3.15,3.152335369,GILBERTO KASSAB,GILBERTO KASSAB,PSD,v,,,,,04/10/2026 19:04:35,sim
1,04/10/2026,6257,Presidente,1,municipio,TO,95214,1716208,PARANÃ,,PT/PC do B/PV,FEDERAÇÃO BRASIL DA ESPERANÇA - FE BRASIL,PT/PC do B/PV,BRASIL PRONTO PRA MAIS,c,PSB / PDT / PCDOB / PT / PV / PSOL / REDE,,13,PT,PARTIDO DOS TRABALHADORES,101,13,280002542548,LUIZ INÁCIO LULA DA SILVA,LULA,06/10/1945,2,Válido,nao,,4160,68.66,68.658194422,GERALDO JOSE RODRIGUES ALCKMIN FILHO,GERALDO ALCKMIN,PSB,v,,,,,04/10/2026 19:04:35,sim
1,04/10/2026,6257,Presidente,1,municipio,TO,95214,1716208,PARANÃ,,,,,DEMOCRACIA CRISTÃ,i,DC,0,27,DC,DEMOCRACIA CRISTÃ,,27,280002552484,CLARIANA ZACARKIM BARAO,CLARIANA BARAO,03/04/1987,9,Válido,nao,,0,0.00,0,FABIANA CRISTINA TAVARES TORQUATO,FABIANA TORQUATO,DC,v,,,,,04/10/2026 19:04:35,sim
1,04/10/2026,6257,Presidente,1,municipio,TO,95214,1716208,PARANÃ,,,,,PARTIDO COMUNISTA BRASILEIRO,i,PCB,0,21,PCB,PARTIDO COMUNISTA BRASILEIRO,,21,280002551975,EDMILSON SILVA COSTA,EDMILSON COSTA,08/04/1950,10,Válido,nao,,3,0.05,0.049513121,CLEUSA DOS SANTOS,CLEUSA SANTOS,PCB,v,,,,,04/10/2026 19:04:35,sim
1,04/10/2026,6257,Presidente,1,municipio,TO,95214,1716208,PARANÃ,,,,,PARTIDO SOCIALISTA  DOS TRABALHADORES UNIFICADO,i,PSTU,0,16,PSTU,PARTIDO SOCIALISTA  DOS TRABALHADORES UNIFICADO,,16,280002541457,HERTZ DA CONCEICAO DIAS,HERTZ DIAS,20/10/1970,8,Válido,nao,,0,0.00,0,VANESSA PORTUGAL BARBOSA,VANESSA PORTUGAL,PSTU,v,,,,,04/10/2026 19:04:35,sim
1,04/10/2026,6257,Presidente,1,municipio,TO,95214,1716208,PARANÃ,,,,,BRASIL DOS NOSSOS SONHOS,c,AGIR / AVANTE,,70,AVANTE,AVANTE,,70,280002551547,AUGUSTO JORGE CURY,ESCRITOR AUGUSTO CURY,02/10/1958,3,Válido,nao,,103,1.70,1.699950487,JULIO CESAR DELGADO,JÚLIO DELGADO,AVANTE,v,,,,,04/10/2026 19:04:35,sim
1,04/10/2026,6257,Presidente,1,municipio,TO,95214,1716208,PARANÃ,,,,,PARTIDO NOVO,i,NOVO,0,30,NOVO,PARTIDO NOVO,,30,280002539826,ROMEU ZEMA NETO,ZEMA,28/10/1964,6,Válido,nao,,4,0.07,0.066017495,LUIS EDUARDO GRANGEIRO GIRÃO,EDUARDO GIRÃO,NOVO,v,,,,,04/10/2026 19:04:35,sim
1,04/10/2026,6257,Presidente,1,municipio,TO,95214,1716208,PARANÃ,,,,,UNIDADE POPULAR,i,UP,0,80,UP,UNIDADE POPULAR,,80,280002538811,SAMARA MARTINS DA SILVA FEITOSA,SAMARA,31/08/1987,7,Válido,nao,,2,0.03,0.033008747,RAQUEL NONATO DE BRICIO,RAQUEL BRÍCIO,UP,v,,,,,04/10/2026 19:04:35,sim
1,04/10/2026,6257,Presidente,1,municipio,TO,95214,1716208,PARANÃ,,,,,DEMOCRATA,i,DEMOCRATA,0,35,DEMOCRATA,DEMOCRATA,,35,280002548139,WILSON GRASSI JUNIOR,VETERINÁRIO WILSON GRASSI,13/03/1970,11,Válido,nao,,0,0.00,0,SUÊD HAIDAR NOGUEIRA,SUÊD HAIDAR,DEMOCRATA,v,,,,,04/10/2026 19:04:35,sim
1,04/10/2026,6257,Presidente,1,municipio,TO,95214,1716208,PARANÃ,,,,,PARTIDO MISSÃO,i,MISSÃO,0,14,MISSÃO,PARTIDO MISSÃO,,14,280002540694,RENAN ANTONIO FERREIRA DOS SANTOS,RENAN SANTOS,14/02/1984,5,Válido,nao,,34,0.56,0.561148704,AROLDO MEDINA,CORONEL MEDINA,MISSÃO,v,,,,,04/10/2026 19:04:35,sim
1,04/10/2026,6257,Presidente,1,municipio,TO,95214,1716208,PARANÃ,,,,,PARTIDO DA CAUSA OPERÁRIA,i,PCO,0,29,PCO,PARTIDO DA CAUSA OPERÁRIA,,29,280002552487,RUI COSTA PIMENTA,RUI COSTA PIMENTA,25/06/1957,12,Válido,nao,,0,0.00,0,ANTONIO CARLOS SILVA,ANTÔNIO CARLOS,PCO,v,,,,,04/10/2026 19:04:35,sim
1,04/10/2026,6257,Presidente,1,municipio,TO,95257,1716505,PEDRO AFONSO,,,,,PARTIDO LIBERAL,i,PL,0,22,PL,PARTIDO LIBERAL,,22,280002551544,FLAVIO NANTES BOLSONARO,FLAVIO BOLSONARO,30/04/1981,1,Válido,nao,,4586,54.32,54.317185834,ALFREDO GASPAR DE MENDONÇA NETO,ALFREDO GASPAR,PL,v,,,,,04/10/2026 18:35:05,sim
1,04/10/2026,6257,Presidente,1,municipio,TO,95257,1716505,PEDRO AFONSO,,,,,PARTIDO SOCIAL DEMOCRÁTICO,i,PSD,0,55,PSD,PARTIDO SOCIAL DEMOCRÁTICO,,55,280002551932,RONALDO RAMOS CAIADO,RONALDO CAIADO,25/09/1949,4,Válido,nao,,141,1.67,1.670022504,GILBERTO KASSAB,GILBERTO KASSAB,PSD,v,,,,,04/10/2026 18:35:05,sim
1,04/10/2026,6257,Presidente,1,municipio,TO,95257,1716505,PEDRO AFONSO,,PT/PC do B/PV,FEDERAÇÃO BRASIL DA ESPERANÇA - FE BRASIL,PT/PC do B/PV,BRASIL PRONTO PRA MAIS,c,PSB / PDT / PCDOB / PT / PV / PSOL / REDE,,13,PT,PARTIDO DOS TRABALHADORES,101,13,280002542548,LUIZ INÁCIO LULA DA SILVA,LULA,06/10/1945,2,Válido,nao,,3415,40.45,40.447708161,GERALDO JOSE RODRIGUES ALCKMIN FILHO,GERALDO ALCKMIN,PSB,v,,,,,04/10/2026 18:35:05,sim
1,04/10/2026,6257,Presidente,1,municipio,TO,95257,1716505,PEDRO AFONSO,,,,,DEMOCRACIA CRISTÃ,i,DC,0,27,DC,DEMOCRACIA CRISTÃ,,27,280002552484,CLARIANA ZACARKIM BARAO,CLARIANA BARAO,03/04/1987,9,Válido,nao,,1,0.01,0.011844131,FABIANA CRISTINA TAVARES TORQUATO,FABIANA TORQUATO,DC,v,,,,,04/10/2026 18:35:05,sim
1,04/10/2026,6257,Presidente,1,municipio,TO,95257,1716505,PEDRO AFONSO,,,,,PARTIDO COMUNISTA BRASILEIRO,i,PCB,0,21,PCB,PARTIDO COMUNISTA BRASILEIRO,,21,280002551975,EDMILSON SILVA COSTA,EDMILSON COSTA,08/04/1950,10,Válido,nao,,2,0.02,0.023688262,CLEUSA DOS SANTOS,CLEUSA SANTOS,PCB,v,,,,,04/10/2026 18:35:05,sim
1,04/10/2026,6257,Presidente,1,municipio,TO,95257,1716505,PEDRO AFONSO,,,,,PARTIDO SOCIALISTA  DOS TRABALHADORES UNIFICADO,i,PSTU,0,16,PSTU,PARTIDO SOCIALISTA  DOS TRABALHADORES UNIFICADO,,16,280002541457,HERTZ DA CONCEICAO DIAS,HERTZ DIAS,20/10/1970,8,Válido,nao,,3,0.04,0.035532394,VANESSA PORTUGAL BARBOSA,VANESSA PORTUGAL,PSTU,v,,,,,04/10/2026 18:35:05,sim
1,04/10/2026,6257,Presidente,1,municipio,TO,95257,1716505,PEDRO AFONSO,,,,,BRASIL DOS NOSSOS SONHOS,c,AGIR / AVANTE,,70,AVANTE,AVANTE,,70,280002551547,AUGUSTO JORGE CURY,ESCRITOR AUGUSTO CURY,02/10/1958,3,Válido,nao,,195,2.31,2.309605590,JULIO CESAR DELGADO,JÚLIO DELGADO,AVANTE,v,,,,,04/10/2026 18:35:05,sim
1,04/10/2026,6257,Presidente,1,municipio,TO,95257,1716505,PEDRO AFONSO,,,,,PARTIDO NOVO,i,NOVO,0,30,NOVO,PARTIDO NOVO,,30,280002539826,ROMEU ZEMA NETO,ZEMA,28/10/1964,6,Válido,nao,,2,0.02,0.023688262,LUIS EDUARDO GRANGEIRO GIRÃO,EDUARDO GIRÃO,NOVO,v,,,,,04/10/2026 18:35:05,sim
1,04/10/2026,6257,Presidente,1,municipio,TO,95257,1716505,PEDRO AFONSO,,,,,UNIDADE POPULAR,i,UP,0,80,UP,UNIDADE POPULAR,,80,280002538811,SAMARA MARTINS DA SILVA FEITOSA,SAMARA,31/08/1987,7,Válido,nao,,3,0.04,0.035532394,RAQUEL NONATO DE BRICIO,RAQUEL BRÍCIO,UP,v,,,,,04/10/2026 18:35:05,sim
1,04/10/2026,6257,Presidente,1,municipio,TO,95257,1716505,PEDRO AFONSO,,,,,DEMOCRATA,i,DEMOCRATA,0,35,DEMOCRATA,DEMOCRATA,,35,280002548139,WILSON GRASSI JUNIOR,VETERINÁRIO WILSON GRASSI,13/03/1970,11,Válido,nao,,1,0.01,0.011844131,SUÊD HAIDAR NOGUEIRA,SUÊD HAIDAR,DEMOCRATA,v,,,,,04/10/2026 18:35:05,sim
1,04/10/2026,6257,Presidente,1,municipio,TO,95257,1716505,PEDRO AFONSO,,,,,PARTIDO MISSÃO,i,MISSÃO,0,14,MISSÃO,PARTIDO MISSÃO,,14,280002540694,RENAN ANTONIO FERREIRA DOS SANTOS,RENAN SANTOS,14/02/1984,5,Válido,nao,,94,1.11,1.113348336,AROLDO MEDINA,CORONEL MEDINA,MISSÃO,v,,,,,04/10/2026 18:35:05,sim
1,04/10/2026,6257,Presidente,1,municipio,TO,95257,1716505,PEDRO AFONSO,,,,,PARTIDO DA CAUSA OPERÁRIA,i,PCO,0,29,PCO,PARTIDO DA CAUSA OPERÁRIA,,29,280002552487,RUI COSTA PIMENTA,RUI COSTA PIMENTA,25/06/1957,12,Válido,nao,,0,0.00,0,ANTONIO CARLOS SILVA,ANTÔNIO CARLOS,PCO,v,,,,,04/10/2026 18:35:05,sim
1,04/10/2026,6257,Presidente,1,municipio,TO,95273,1716604,PEIXE,,,,,PARTIDO LIBERAL,i,PL,0,22,PL,PARTIDO LIBERAL,,22,280002551544,FLAVIO NANTES BOLSONARO,FLAVIO BOLSONARO,30/04/1981,1,Válido,nao,,2029,36.67,36.670883788,ALFREDO GASPAR DE MENDONÇA NETO,ALFREDO GASPAR,PL,v,,,,,04/10/2026 18:50:13,sim
1,04/10/2026,6257,Presidente,1,municipio,TO,95273,1716604,PEIXE,,,,,PARTIDO SOCIAL DEMOCRÁTICO,i,PSD,0,55,PSD,PARTIDO SOCIAL DEMOCRÁTICO,,55,280002551932,RONALDO RAMOS CAIADO,RONALDO CAIADO,25/09/1949,4,Válido,nao,,144,2.60,2.602566420,GILBERTO KASSAB,GILBERTO KASSAB,PSD,v,,,,,04/10/2026 18:50:13,sim
1,04/10/2026,6257,Presidente,1,municipio,TO,95273,1716604,PEIXE,,PT/PC do B/PV,FEDERAÇÃO BRASIL DA ESPERANÇA - FE BRASIL,PT/PC do B/PV,BRASIL PRONTO PRA MAIS,c,PSB / PDT / PCDOB / PT / PV / PSOL / REDE,,13,PT,PARTIDO DOS TRABALHADORES,101,13,280002542548,LUIZ INÁCIO LULA DA SILVA,LULA,06/10/1945,2,Válido,nao,,3189,57.64,57.636002169,GERALDO JOSE RODRIGUES ALCKMIN FILHO,GERALDO ALCKMIN,PSB,v,,,,,04/10/2026 18:50:13,sim
1,04/10/2026,6257,Presidente,1,municipio,TO,95273,1716604,PEIXE,,,,,DEMOCRACIA CRISTÃ,i,DC,0,27,DC,DEMOCRACIA CRISTÃ,,27,280002552484,CLARIANA ZACARKIM BARAO,CLARIANA BARAO,03/04/1987,9,Válido,nao,,2,0.04,0.036146756,FABIANA CRISTINA TAVARES TORQUATO,FABIANA TORQUATO,DC,v,,,,,04/10/2026 18:50:13,sim
1,04/10/2026,6257,Presidente,1,municipio,TO,95273,1716604,PEIXE,,,,,PARTIDO COMUNISTA BRASILEIRO,i,PCB,0,21,PCB,PARTIDO COMUNISTA BRASILEIRO,,21,280002551975,EDMILSON SILVA COSTA,EDMILSON COSTA,08/04/1950,10,Válido,nao,,0,0.00,0,CLEUSA DOS SANTOS,CLEUSA SANTOS,PCB,v,,,,,04/10/2026 18:50:13,sim
1,04/10/2026,6257,Presidente,1,municipio,TO,95273,1716604,PEIXE,,,,,PARTIDO SOCIALISTA  DOS TRABALHADORES UNIFICADO,i,PSTU,0,16,PSTU,PARTIDO SOCIALISTA  DOS TRABALHADORES UNIFICADO,,16,280002541457,HERTZ DA CONCEICAO DIAS,HERTZ DIAS,20/10/1970,8,Válido,nao,,1,0.02,0.018073378,VANESSA PORTUGAL BARBOSA,VANESSA PORTUGAL,PSTU,v,,,,,04/10/2026 18:50:13,sim
1,04/10/2026,6257,Presidente,1,municipio,TO,95273,1716604,PEIXE,,,,,BRASIL DOS NOSSOS SONHOS,c,AGIR / AVANTE,,70,AVANTE,AVANTE,,70,280002551547,AUGUSTO JORGE CURY,ESCRITOR AUGUSTO CURY,02/10/1958,3,Válido,nao,,116,2.10,2.096511838,JULIO CESAR DELGADO,JÚLIO DELGADO,AVANTE,v,,,,,04/10/2026 18:50:13,sim
1,04/10/2026,6257,Presidente,1,municipio,TO,95273,1716604,PEIXE,,,,,PARTIDO NOVO,i,NOVO,0,30,NOVO,PARTIDO NOVO,,30,280002539826,ROMEU ZEMA NETO,ZEMA,28/10/1964,6,Válido,nao,,1,0.02,0.018073378,LUIS EDUARDO GRANGEIRO GIRÃO,EDUARDO GIRÃO,NOVO,v,,,,,04/10/2026 18:50:13,sim
1,04/10/2026,6257,Presidente,1,municipio,TO,95273,1716604,PEIXE,,,,,UNIDADE POPULAR,i,UP,0,80,UP,UNIDADE POPULAR,,80,280002538811,SAMARA MARTINS DA SILVA FEITOSA,SAMARA,31/08/1987,7,Válido,nao,,0,0.00,0,RAQUEL NONATO DE BRICIO,RAQUEL BRÍCIO,UP,v,,,,,04/10/2026 18:50:13,sim
1,04/10/2026,6257,Presidente,1,municipio,TO,95273,1716604,PEIXE,,,,,DEMOCRATA,i,DEMOCRATA,0,35,DEMOCRATA,DEMOCRATA,,35,280002548139,WILSON GRASSI JUNIOR,VETERINÁRIO WILSON GRASSI,13/03/1970,11,Válido,nao,,1,0.02,0.018073378,SUÊD HAIDAR NOGUEIRA,SUÊD HAIDAR,DEMOCRATA,v,,,,,04/10/2026 18:50:13,sim
1,04/10/2026,6257,Presidente,1,municipio,TO,95273,1716604,PEIXE,,,,,PARTIDO MISSÃO,i,MISSÃO,0,14,MISSÃO,PARTIDO MISSÃO,,14,280002540694,RENAN ANTONIO FERREIRA DOS SANTOS,RENAN SANTOS,14/02/1984,5,Válido,nao,,50,0.90,0.903668896,AROLDO MEDINA,CORONEL MEDINA,MISSÃO,v,,,,,04/10/2026 18:50:13,sim
1,04/10/2026,6257,Presidente,1,municipio,TO,95273,1716604,PEIXE,,,,,PARTIDO DA CAUSA OPERÁRIA,i,PCO,0,29,PCO,PARTIDO DA CAUSA OPERÁRIA,,29,280002552487,RUI COSTA PIMENTA,RUI COSTA PIMENTA,25/06/1957,12,Válido,nao,,0,0.00,0,ANTONIO CARLOS SILVA,ANTÔNIO CARLOS,PCO,v,,,,,04/10/2026 18:50:13,sim
1,04/10/2026,6257,Presidente,1,municipio,TO,95290,1716703,COLMÉIA,,,,,PARTIDO LIBERAL,i,PL,0,22,PL,PARTIDO LIBERAL,,22,280002551544,FLAVIO NANTES BOLSONARO,FLAVIO BOLSONARO,30/04/1981,1,Válido,nao,,3168,60.96,60.958245141,ALFREDO GASPAR DE MENDONÇA NETO,ALFREDO GASPAR,PL,v,,,,,04/10/2026 20:33:56,sim
1,04/10/2026,6257,Presidente,1,municipio,TO,95290,1716703,COLMÉIA,,,,,PARTIDO SOCIAL DEMOCRÁTICO,i,PSD,0,55,PSD,PARTIDO SOCIAL DEMOCRÁTICO,,55,280002551932,RONALDO RAMOS CAIADO,RONALDO CAIADO,25/09/1949,5,Válido,nao,,103,1.98,1.981912642,GILBERTO KASSAB,GILBERTO KASSAB,PSD,v,,,,,04/10/2026 20:33:56,sim
1,04/10/2026,6257,Presidente,1,municipio,TO,95290,1716703,COLMÉIA,,PT/PC do B/PV,FEDERAÇÃO BRASIL DA ESPERANÇA - FE BRASIL,PT/PC do B/PV,BRASIL PRONTO PRA MAIS,c,PSB / PDT / PCDOB / PT / PV / PSOL / REDE,,13,PT,PARTIDO DOS TRABALHADORES,101,13,280002542548,LUIZ INÁCIO LULA DA SILVA,LULA,06/10/1945,2,Válido,nao,,1803,34.69,34.693092169,GERALDO JOSE RODRIGUES ALCKMIN FILHO,GERALDO ALCKMIN,PSB,v,,,,,04/10/2026 20:33:56,sim
1,04/10/2026,6257,Presidente,1,municipio,TO,95290,1716703,COLMÉIA,,,,,DEMOCRACIA CRISTÃ,i,DC,0,27,DC,DEMOCRACIA CRISTÃ,,27,280002552484,CLARIANA ZACARKIM BARAO,CLARIANA BARAO,03/04/1987,9,Válido,nao,,0,0.00,0,FABIANA CRISTINA TAVARES TORQUATO,FABIANA TORQUATO,DC,v,,,,,04/10/2026 20:33:56,sim
1,04/10/2026,6257,Presidente,1,municipio,TO,95290,1716703,COLMÉIA,,,,,PARTIDO COMUNISTA BRASILEIRO,i,PCB,0,21,PCB,PARTIDO COMUNISTA BRASILEIRO,,21,280002551975,EDMILSON SILVA COSTA,EDMILSON COSTA,08/04/1950,10,Válido,nao,,0,0.00,0,CLEUSA DOS SANTOS,CLEUSA SANTOS,PCB,v,,,,,04/10/2026 20:33:56,sim
1,04/10/2026,6257,Presidente,1,municipio,TO,95290,1716703,COLMÉIA,,,,,PARTIDO SOCIALISTA  DOS TRABALHADORES UNIFICADO,i,PSTU,0,16,PSTU,PARTIDO SOCIALISTA  DOS TRABALHADORES UNIFICADO,,16,280002541457,HERTZ DA CONCEICAO DIAS,HERTZ DIAS,20/10/1970,8,Válido,nao,,0,0.00,0,VANESSA PORTUGAL BARBOSA,VANESSA PORTUGAL,PSTU,v,,,,,04/10/2026 20:33:56,sim
1,04/10/2026,6257,Presidente,1,municipio,TO,95290,1716703,COLMÉIA,,,,,BRASIL DOS NOSSOS SONHOS,c,AGIR / AVANTE,,70,AVANTE,AVANTE,,70,280002551547,AUGUSTO JORGE CURY,ESCRITOR AUGUSTO CURY,02/10/1958,3,Válido,nao,,76,1.46,1.462382144,JULIO CESAR DELGADO,JÚLIO DELGADO,AVANTE,v,,,,,04/10/2026 20:33:56,sim
1,04/10/2026,6257,Presidente,1,municipio,TO,95290,1716703,COLMÉIA,,,,,PARTIDO NOVO,i,NOVO,0,30,NOVO,PARTIDO NOVO,,30,280002539826,ROMEU ZEMA NETO,ZEMA,28/10/1964,6,Válido,nao,,4,0.08,0.076967481,LUIS EDUARDO GRANGEIRO GIRÃO,EDUARDO GIRÃO,NOVO,v,,,,,04/10/2026 20:33:56,sim
1,04/10/2026,6257,Presidente,1,municipio,TO,95290,1716703,COLMÉIA,,,,,UNIDADE POPULAR,i,UP,0,80,UP,UNIDADE POPULAR,,80,280002538811,SAMARA MARTINS DA SILVA FEITOSA,SAMARA,31/08/1987,7,Válido,nao,,1,0.02,0.019241870,RAQUEL NONATO DE BRICIO,RAQUEL BRÍCIO,UP,v,,,,,04/10/2026 20:33:56,sim
1,04/10/2026,6257,Presidente,1,municipio,TO,95290,1716703,COLMÉIA,,,,,DEMOCRATA,i,DEMOCRATA,0,35,DEMOCRATA,DEMOCRATA,,35,280002548139,WILSON GRASSI JUNIOR,VETERINÁRIO WILSON GRASSI,13/03/1970,11,Válido,nao,,0,0.00,0,SUÊD HAIDAR NOGUEIRA,SUÊD HAIDAR,DEMOCRATA,v,,,,,04/10/2026 20:33:56,sim
1,04/10/2026,6257,Presidente,1,municipio,TO,95290,1716703,COLMÉIA,,,,,PARTIDO MISSÃO,i,MISSÃO,0,14,MISSÃO,PARTIDO MISSÃO,,14,280002540694,RENAN ANTONIO FERREIRA DOS SANTOS,RENAN SANTOS,14/02/1984,4,Válido,nao,,42,0.81,0.808158553,AROLDO MEDINA,CORONEL MEDINA,MISSÃO,v,,,,,04/10/2026 20:33:56,sim
1,04/10/2026,6257,Presidente,1,municipio,TO,95290,1716703,COLMÉIA,,,,,PARTIDO DA CAUSA OPERÁRIA,i,PCO,0,29,PCO,PARTIDO DA CAUSA OPERÁRIA,,29,280002552487,RUI COSTA PIMENTA,RUI COSTA PIMENTA,25/06/1957,12,Válido,nao,,0,0.00,0,ANTONIO CARLOS SILVA,ANTÔNIO CARLOS,PCO,v,,,,,04/10/2026 20:33:56,sim
1,04/10/2026,6257,Presidente,1,municipio,TO,95338,1709005,GOIATINS,,,,,PARTIDO LIBERAL,i,PL,0,22,PL,PARTIDO LIBERAL,,22,280002551544,FLAVIO NANTES BOLSONARO,FLAVIO BOLSONARO,30/04/1981,1,Válido,nao,,2163,30.95,30.953062393,ALFREDO GASPAR DE MENDONÇA NETO,ALFREDO GASPAR,PL,v,,,,,04/10/2026 19:20:55,sim
1,04/10/2026,6257,Presidente,1,municipio,TO,95338,1709005,GOIATINS,,,,,PARTIDO SOCIAL DEMOCRÁTICO,i,PSD,0,55,PSD,PARTIDO SOCIAL DEMOCRÁTICO,,55,280002551932,RONALDO RAMOS CAIADO,RONALDO CAIADO,25/09/1949,5,Válido,nao,,128,1.83,1.831711505,GILBERTO KASSAB,GILBERTO KASSAB,PSD,v,,,,,04/10/2026 19:20:55,sim
1,04/10/2026,6257,Presidente,1,municipio,TO,95338,1709005,GOIATINS,,PT/PC do B/PV,FEDERAÇÃO BRASIL DA ESPERANÇA - FE BRASIL,PT/PC do B/PV,BRASIL PRONTO PRA MAIS,c,PSB / PDT / PCDOB / PT / PV / PSOL / REDE,,13,PT,PARTIDO DOS TRABALHADORES,101,13,280002542548,LUIZ INÁCIO LULA DA SILVA,LULA,06/10/1945,2,Válido,nao,,4537,64.93,64.925586720,GERALDO JOSE RODRIGUES ALCKMIN FILHO,GERALDO ALCKMIN,PSB,v,,,,,04/10/2026 19:20:55,sim
1,04/10/2026,6257,Presidente,1,municipio,TO,95338,1709005,GOIATINS,,,,,DEMOCRACIA CRISTÃ,i,DC,0,27,DC,DEMOCRACIA CRISTÃ,,27,280002552484,CLARIANA ZACARKIM BARAO,CLARIANA BARAO,03/04/1987,9,Válido,nao,,0,0.00,0,FABIANA CRISTINA TAVARES TORQUATO,FABIANA TORQUATO,DC,v,,,,,04/10/2026 19:20:55,sim
1,04/10/2026,6257,Presidente,1,municipio,TO,95338,1709005,GOIATINS,,,,,PARTIDO COMUNISTA BRASILEIRO,i,PCB,0,21,PCB,PARTIDO COMUNISTA BRASILEIRO,,21,280002551975,EDMILSON SILVA COSTA,EDMILSON COSTA,08/04/1950,10,Válido,nao,,1,0.01,0.014310246,CLEUSA DOS SANTOS,CLEUSA SANTOS,PCB,v,,,,,04/10/2026 19:20:55,sim
1,04/10/2026,6257,Presidente,1,municipio,TO,95338,1709005,GOIATINS,,,,,PARTIDO SOCIALISTA  DOS TRABALHADORES UNIFICADO,i,PSTU,0,16,PSTU,PARTIDO SOCIALISTA  DOS TRABALHADORES UNIFICADO,,16,280002541457,HERTZ DA CONCEICAO DIAS,HERTZ DIAS,20/10/1970,8,Válido,nao,,0,0.00,0,VANESSA PORTUGAL BARBOSA,VANESSA PORTUGAL,PSTU,v,,,,,04/10/2026 19:20:55,sim
1,04/10/2026,6257,Presidente,1,municipio,TO,95338,1709005,GOIATINS,,,,,BRASIL DOS NOSSOS SONHOS,c,AGIR / AVANTE,,70,AVANTE,AVANTE,,70,280002551547,AUGUSTO JORGE CURY,ESCRITOR AUGUSTO CURY,02/10/1958,3,Válido,nao,,114,1.63,1.631368060,JULIO CESAR DELGADO,JÚLIO DELGADO,AVANTE,v,,,,,04/10/2026 19:20:55,sim
1,04/10/2026,6257,Presidente,1,municipio,TO,95338,1709005,GOIATINS,,,,,PARTIDO NOVO,i,NOVO,0,30,NOVO,PARTIDO NOVO,,30,280002539826,ROMEU ZEMA NETO,ZEMA,28/10/1964,6,Válido,nao,,0,0.00,0,LUIS EDUARDO GRANGEIRO GIRÃO,EDUARDO GIRÃO,NOVO,v,,,,,04/10/2026 19:20:55,sim
1,04/10/2026,6257,Presidente,1,municipio,TO,95338,1709005,GOIATINS,,,,,UNIDADE POPULAR,i,UP,0,80,UP,UNIDADE POPULAR,,80,280002538811,SAMARA MARTINS DA SILVA FEITOSA,SAMARA,31/08/1987,7,Válido,nao,,0,0.00,0,RAQUEL NONATO DE BRICIO,RAQUEL BRÍCIO,UP,v,,,,,04/10/2026 19:20:55,sim
1,04/10/2026,6257,Presidente,1,municipio,TO,95338,1709005,GOIATINS,,,,,DEMOCRATA,i,DEMOCRATA,0,35,DEMOCRATA,DEMOCRATA,,35,280002548139,WILSON GRASSI JUNIOR,VETERINÁRIO WILSON GRASSI,13/03/1970,11,Válido,nao,,1,0.01,0.014310246,SUÊD HAIDAR NOGUEIRA,SUÊD HAIDAR,DEMOCRATA,v,,,,,04/10/2026 19:20:55,sim
1,04/10/2026,6257,Presidente,1,municipio,TO,95338,1709005,GOIATINS,,,,,PARTIDO MISSÃO,i,MISSÃO,0,14,MISSÃO,PARTIDO MISSÃO,,14,280002540694,RENAN ANTONIO FERREIRA DOS SANTOS,RENAN SANTOS,14/02/1984,4,Válido,nao,,44,0.63,0.629650830,AROLDO MEDINA,CORONEL MEDINA,MISSÃO,v,,,,,04/10/2026 19:20:55,sim
1,04/10/2026,6257,Presidente,1,municipio,TO,95338,1709005,GOIATINS,,,,,PARTIDO DA CAUSA OPERÁRIA,i,PCO,0,29,PCO,PARTIDO DA CAUSA OPERÁRIA,,29,280002552487,RUI COSTA PIMENTA,RUI COSTA PIMENTA,25/06/1957,12,Válido,nao,,0,0.00,0,ANTONIO CARLOS SILVA,ANTÔNIO CARLOS,PCO,v,,,,,04/10/2026 19:20:55,sim
1,04/10/2026,6257,Presidente,1,municipio,TO,95370,1717008,PINDORAMA DO TOCANTINS,,,,,PARTIDO LIBERAL,i,PL,0,22,PL,PARTIDO LIBERAL,,22,280002551544,FLAVIO NANTES BOLSONARO,FLAVIO BOLSONARO,30/04/1981,1,Válido,nao,,1283,44.61,44.610570236,ALFREDO GASPAR DE MENDONÇA NETO,ALFREDO GASPAR,PL,v,,,,,04/10/2026 17:51:34,sim
1,04/10/2026,6257,Presidente,1,municipio,TO,95370,1717008,PINDORAMA DO TOCANTINS,,,,,PARTIDO SOCIAL DEMOCRÁTICO,i,PSD,0,55,PSD,PARTIDO SOCIAL DEMOCRÁTICO,,55,280002551932,RONALDO RAMOS CAIADO,RONALDO CAIADO,25/09/1949,4,Válido,nao,,63,2.19,2.190542420,GILBERTO KASSAB,GILBERTO KASSAB,PSD,v,,,,,04/10/2026 17:51:34,sim
1,04/10/2026,6257,Presidente,1,municipio,TO,95370,1717008,PINDORAMA DO TOCANTINS,,PT/PC do B/PV,FEDERAÇÃO BRASIL DA ESPERANÇA - FE BRASIL,PT/PC do B/PV,BRASIL PRONTO PRA MAIS,c,PSB / PDT / PCDOB / PT / PV / PSOL / REDE,,13,PT,PARTIDO DOS TRABALHADORES,101,13,280002542548,LUIZ INÁCIO LULA DA SILVA,LULA,06/10/1945,2,Válido,nao,,1463,50.87,50.869262865,GERALDO JOSE RODRIGUES ALCKMIN FILHO,GERALDO ALCKMIN,PSB,v,,,,,04/10/2026 17:51:34,sim
1,04/10/2026,6257,Presidente,1,municipio,TO,95370,1717008,PINDORAMA DO TOCANTINS,,,,,PARTIDO SOCIALISTA  DOS TRABALHADORES UNIFICADO,i,PSTU,0,16,PSTU,PARTIDO SOCIALISTA  DOS TRABALHADORES UNIFICADO,,16,280002541457,HERTZ DA CONCEICAO DIAS,HERTZ DIAS,20/10/1970,9,Válido,nao,,0,0.00,0,VANESSA PORTUGAL BARBOSA,VANESSA PORTUGAL,PSTU,v,,,,,04/10/2026 17:51:34,sim
1,04/10/2026,6257,Presidente,1,municipio,TO,95370,1717008,PINDORAMA DO TOCANTINS,,,,,PARTIDO COMUNISTA BRASILEIRO,i,PCB,0,21,PCB,PARTIDO COMUNISTA BRASILEIRO,,21,280002551975,EDMILSON SILVA COSTA,EDMILSON COSTA,08/04/1950,10,Válido,nao,,0,0.00,0,CLEUSA DOS SANTOS,CLEUSA SANTOS,PCB,v,,,,,04/10/2026 17:51:34,sim
1,04/10/2026,6257,Presidente,1,municipio,TO,95370,1717008,PINDORAMA DO TOCANTINS,,,,,DEMOCRACIA CRISTÃ,i,DC,0,27,DC,DEMOCRACIA CRISTÃ,,27,280002552484,CLARIANA ZACARKIM BARAO,CLARIANA BARAO,03/04/1987,8,Válido,nao,,0,0.00,0,FABIANA CRISTINA TAVARES TORQUATO,FABIANA TORQUATO,DC,v,,,,,04/10/2026 17:51:34,sim
1,04/10/2026,6257,Presidente,1,municipio,TO,95370,1717008,PINDORAMA DO TOCANTINS,,,,,PARTIDO NOVO,i,NOVO,0,30,NOVO,PARTIDO NOVO,,30,280002539826,ROMEU ZEMA NETO,ZEMA,28/10/1964,6,Válido,nao,,0,0.00,0,LUIS EDUARDO GRANGEIRO GIRÃO,EDUARDO GIRÃO,NOVO,v,,,,,04/10/2026 17:51:34,sim
1,04/10/2026,6257,Presidente,1,municipio,TO,95370,1717008,PINDORAMA DO TOCANTINS,,,,,BRASIL DOS NOSSOS SONHOS,c,AGIR / AVANTE,,70,AVANTE,AVANTE,,70,280002551547,AUGUSTO JORGE CURY,ESCRITOR AUGUSTO CURY,02/10/1958,3,Válido,nao,,43,1.50,1.495132128,JULIO CESAR DELGADO,JÚLIO DELGADO,AVANTE,v,,,,,04/10/2026 17:51:34,sim
1,04/10/2026,6257,Presidente,1,municipio,TO,95370,1717008,PINDORAMA DO TOCANTINS,,,,,DEMOCRATA,i,DEMOCRATA,0,35,DEMOCRATA,DEMOCRATA,,35,280002548139,WILSON GRASSI JUNIOR,VETERINÁRIO WILSON GRASSI,13/03/1970,11,Válido,nao,,0,0.00,0,SUÊD HAIDAR NOGUEIRA,SUÊD HAIDAR,DEMOCRATA,v,,,,,04/10/2026 17:51:34,sim
1,04/10/2026,6257,Presidente,1,municipio,TO,95370,1717008,PINDORAMA DO TOCANTINS,,,,,UNIDADE POPULAR,i,UP,0,80,UP,UNIDADE POPULAR,,80,280002538811,SAMARA MARTINS DA SILVA FEITOSA,SAMARA,31/08/1987,7,Válido,nao,,0,0.00,0,RAQUEL NONATO DE BRICIO,RAQUEL BRÍCIO,UP,v,,,,,04/10/2026 17:51:34,sim
1,04/10/2026,6257,Presidente,1,municipio,TO,95370,1717008,PINDORAMA DO TOCANTINS,,,,,PARTIDO MISSÃO,i,MISSÃO,0,14,MISSÃO,PARTIDO MISSÃO,,14,280002540694,RENAN ANTONIO FERREIRA DOS SANTOS,RENAN SANTOS,14/02/1984,5,Válido,nao,,23,0.80,0.799721836,AROLDO MEDINA,CORONEL MEDINA,MISSÃO,v,,,,,04/10/2026 17:51:34,sim
1,04/10/2026,6257,Presidente,1,municipio,TO,95370,1717008,PINDORAMA DO TOCANTINS,,,,,PARTIDO DA CAUSA OPERÁRIA,i,PCO,0,29,PCO,PARTIDO DA CAUSA OPERÁRIA,,29,280002552487,RUI COSTA PIMENTA,RUI COSTA PIMENTA,25/06/1957,12,Válido,nao,,1,0.03,0.034770515,ANTONIO CARLOS SILVA,ANTÔNIO CARLOS,PCO,v,,,,,04/10/2026 17:51:34,sim
1,04/10/2026,6257,Presidente,1,municipio,TO,95478,1717503,PIUM,,,,,PARTIDO LIBERAL,i,PL,0,22,PL,PARTIDO LIBERAL,,22,280002551544,FLAVIO NANTES BOLSONARO,FLAVIO BOLSONARO,30/04/1981,1,Válido,nao,,2519,55.19,55.192813322,ALFREDO GASPAR DE MENDONÇA NETO,ALFREDO GASPAR,PL,v,,,,,04/10/2026 18:12:20,sim
1,04/10/2026,6257,Presidente,1,municipio,TO,95478,1717503,PIUM,,,,,PARTIDO SOCIAL DEMOCRÁTICO,i,PSD,0,55,PSD,PARTIDO SOCIAL DEMOCRÁTICO,,55,280002551932,RONALDO RAMOS CAIADO,RONALDO CAIADO,25/09/1949,4,Válido,nao,,99,2.17,2.169149869,GILBERTO KASSAB,GILBERTO KASSAB,PSD,v,,,,,04/10/2026 18:12:20,sim
1,04/10/2026,6257,Presidente,1,municipio,TO,95478,1717503,PIUM,,PT/PC do B/PV,FEDERAÇÃO BRASIL DA ESPERANÇA - FE BRASIL,PT/PC do B/PV,BRASIL PRONTO PRA MAIS,c,PSB / PDT / PCDOB / PT / PV / PSOL / REDE,,13,PT,PARTIDO DOS TRABALHADORES,101,13,280002542548,LUIZ INÁCIO LULA DA SILVA,LULA,06/10/1945,2,Válido,nao,,1825,39.99,39.986853637,GERALDO JOSE RODRIGUES ALCKMIN FILHO,GERALDO ALCKMIN,PSB,v,,,,,04/10/2026 18:12:20,sim
1,04/10/2026,6257,Presidente,1,municipio,TO,95478,1717503,PIUM,,,,,DEMOCRACIA CRISTÃ,i,DC,0,27,DC,DEMOCRACIA CRISTÃ,,27,280002552484,CLARIANA ZACARKIM BARAO,CLARIANA BARAO,03/04/1987,8,Válido,nao,,0,0.00,0,FABIANA CRISTINA TAVARES TORQUATO,FABIANA TORQUATO,DC,v,,,,,04/10/2026 18:12:20,sim
1,04/10/2026,6257,Presidente,1,municipio,TO,95478,1717503,PIUM,,,,,PARTIDO COMUNISTA BRASILEIRO,i,PCB,0,21,PCB,PARTIDO COMUNISTA BRASILEIRO,,21,280002551975,EDMILSON SILVA COSTA,EDMILSON COSTA,08/04/1950,10,Válido,nao,,0,0.00,0,CLEUSA DOS SANTOS,CLEUSA SANTOS,PCB,v,,,,,04/10/2026 18:12:20,sim
1,04/10/2026,6257,Presidente,1,municipio,TO,95478,1717503,PIUM,,,,,PARTIDO SOCIALISTA  DOS TRABALHADORES UNIFICADO,i,PSTU,0,16,PSTU,PARTIDO SOCIALISTA  DOS TRABALHADORES UNIFICADO,,16,280002541457,HERTZ DA CONCEICAO DIAS,HERTZ DIAS,20/10/1970,9,Válido,nao,,0,0.00,0,VANESSA PORTUGAL BARBOSA,VANESSA PORTUGAL,PSTU,v,,,,,04/10/2026 18:12:20,sim
1,04/10/2026,6257,Presidente,1,municipio,TO,95478,1717503,PIUM,,,,,BRASIL DOS NOSSOS SONHOS,c,AGIR / AVANTE,,70,AVANTE,AVANTE,,70,280002551547,AUGUSTO JORGE CURY,ESCRITOR AUGUSTO CURY,02/10/1958,3,Válido,nao,,80,1.75,1.752848379,JULIO CESAR DELGADO,JÚLIO DELGADO,AVANTE,v,,,,,04/10/2026 18:12:20,sim
1,04/10/2026,6257,Presidente,1,municipio,TO,95478,1717503,PIUM,,,,,PARTIDO NOVO,i,NOVO,0,30,NOVO,PARTIDO NOVO,,30,280002539826,ROMEU ZEMA NETO,ZEMA,28/10/1964,6,Válido,nao,,1,0.02,0.021910605,LUIS EDUARDO GRANGEIRO GIRÃO,EDUARDO GIRÃO,NOVO,v,,,,,04/10/2026 18:12:20,sim
1,04/10/2026,6257,Presidente,1,municipio,TO,95478,1717503,PIUM,,,,,UNIDADE POPULAR,i,UP,0,80,UP,UNIDADE POPULAR,,80,280002538811,SAMARA MARTINS DA SILVA FEITOSA,SAMARA,31/08/1987,7,Válido,nao,,0,0.00,0,RAQUEL NONATO DE BRICIO,RAQUEL BRÍCIO,UP,v,,,,,04/10/2026 18:12:20,sim
1,04/10/2026,6257,Presidente,1,municipio,TO,95478,1717503,PIUM,,,,,DEMOCRATA,i,DEMOCRATA,0,35,DEMOCRATA,DEMOCRATA,,35,280002548139,WILSON GRASSI JUNIOR,VETERINÁRIO WILSON GRASSI,13/03/1970,11,Válido,nao,,0,0.00,0,SUÊD HAIDAR NOGUEIRA,SUÊD HAIDAR,DEMOCRATA,v,,,,,04/10/2026 18:12:20,sim
1,04/10/2026,6257,Presidente,1,municipio,TO,95478,1717503,PIUM,,,,,PARTIDO MISSÃO,i,MISSÃO,0,14,MISSÃO,PARTIDO MISSÃO,,14,280002540694,RENAN ANTONIO FERREIRA DOS SANTOS,RENAN SANTOS,14/02/1984,5,Válido,nao,,40,0.88,0.876424189,AROLDO MEDINA,CORONEL MEDINA,MISSÃO,v,,,,,04/10/2026 18:12:20,sim
1,04/10/2026,6257,Presidente,1,municipio,TO,95478,1717503,PIUM,,,,,PARTIDO DA CAUSA OPERÁRIA,i,PCO,0,29,PCO,PARTIDO DA CAUSA OPERÁRIA,,29,280002552487,RUI COSTA PIMENTA,RUI COSTA PIMENTA,25/06/1957,12,Válido,nao,,0,0.00,0,ANTONIO CARLOS SILVA,ANTÔNIO CARLOS,PCO,v,,,,,04/10/2026 18:12:20,sim
1,04/10/2026,6257,Presidente,1,municipio,TO,95516,1717800,PONTE ALTA DO BOM JESUS,,,,,PARTIDO LIBERAL,i,PL,0,22,PL,PARTIDO LIBERAL,,22,280002551544,FLAVIO NANTES BOLSONARO,FLAVIO BOLSONARO,30/04/1981,1,Válido,nao,,1014,36.24,36.240171551,ALFREDO GASPAR DE MENDONÇA NETO,ALFREDO GASPAR,PL,v,,,,,04/10/2026 18:33:54,sim
1,04/10/2026,6257,Presidente,1,municipio,TO,95516,1717800,PONTE ALTA DO BOM JESUS,,,,,PARTIDO SOCIAL DEMOCRÁTICO,i,PSD,0,55,PSD,PARTIDO SOCIAL DEMOCRÁTICO,,55,280002551932,RONALDO RAMOS CAIADO,RONALDO CAIADO,25/09/1949,4,Válido,nao,,88,3.15,3.145103645,GILBERTO KASSAB,GILBERTO KASSAB,PSD,v,,,,,04/10/2026 18:33:54,sim
1,04/10/2026,6257,Presidente,1,municipio,TO,95516,1717800,PONTE ALTA DO BOM JESUS,,PT/PC do B/PV,FEDERAÇÃO BRASIL DA ESPERANÇA - FE BRASIL,PT/PC do B/PV,BRASIL PRONTO PRA MAIS,c,PSB / PDT / PCDOB / PT / PV / PSOL / REDE,,13,PT,PARTIDO DOS TRABALHADORES,101,13,280002542548,LUIZ INÁCIO LULA DA SILVA,LULA,06/10/1945,2,Válido,nao,,1609,57.51,57.505360972,GERALDO JOSE RODRIGUES ALCKMIN FILHO,GERALDO ALCKMIN,PSB,v,,,,,04/10/2026 18:33:54,sim
1,04/10/2026,6257,Presidente,1,municipio,TO,95516,1717800,PONTE ALTA DO BOM JESUS,,,,,DEMOCRACIA CRISTÃ,i,DC,0,27,DC,DEMOCRACIA CRISTÃ,,27,280002552484,CLARIANA ZACARKIM BARAO,CLARIANA BARAO,03/04/1987,9,Válido,nao,,0,0.00,0,FABIANA CRISTINA TAVARES TORQUATO,FABIANA TORQUATO,DC,v,,,,,04/10/2026 18:33:54,sim
1,04/10/2026,6257,Presidente,1,municipio,TO,95516,1717800,PONTE ALTA DO BOM JESUS,,,,,PARTIDO COMUNISTA BRASILEIRO,i,PCB,0,21,PCB,PARTIDO COMUNISTA BRASILEIRO,,21,280002551975,EDMILSON SILVA COSTA,EDMILSON COSTA,08/04/1950,10,Válido,nao,,1,0.04,0.035739814,CLEUSA DOS SANTOS,CLEUSA SANTOS,PCB,v,,,,,04/10/2026 18:33:54,sim
1,04/10/2026,6257,Presidente,1,municipio,TO,95516,1717800,PONTE ALTA DO BOM JESUS,,,,,PARTIDO SOCIALISTA  DOS TRABALHADORES UNIFICADO,i,PSTU,0,16,PSTU,PARTIDO SOCIALISTA  DOS TRABALHADORES UNIFICADO,,16,280002541457,HERTZ DA CONCEICAO DIAS,HERTZ DIAS,20/10/1970,8,Válido,nao,,0,0.00,0,VANESSA PORTUGAL BARBOSA,VANESSA PORTUGAL,PSTU,v,,,,,04/10/2026 18:33:54,sim
1,04/10/2026,6257,Presidente,1,municipio,TO,95516,1717800,PONTE ALTA DO BOM JESUS,,,,,BRASIL DOS NOSSOS SONHOS,c,AGIR / AVANTE,,70,AVANTE,AVANTE,,70,280002551547,AUGUSTO JORGE CURY,ESCRITOR AUGUSTO CURY,02/10/1958,3,Válido,nao,,69,2.47,2.466047177,JULIO CESAR DELGADO,JÚLIO DELGADO,AVANTE,v,,,,,04/10/2026 18:33:54,sim
1,04/10/2026,6257,Presidente,1,municipio,TO,95516,1717800,PONTE ALTA DO BOM JESUS,,,,,PARTIDO NOVO,i,NOVO,0,30,NOVO,PARTIDO NOVO,,30,280002539826,ROMEU ZEMA NETO,ZEMA,28/10/1964,6,Válido,nao,,3,0.11,0.107219442,LUIS EDUARDO GRANGEIRO GIRÃO,EDUARDO GIRÃO,NOVO,v,,,,,04/10/2026 18:33:54,sim
1,04/10/2026,6257,Presidente,1,municipio,TO,95516,1717800,PONTE ALTA DO BOM JESUS,,,,,UNIDADE POPULAR,i,UP,0,80,UP,UNIDADE POPULAR,,80,280002538811,SAMARA MARTINS DA SILVA FEITOSA,SAMARA,31/08/1987,7,Válido,nao,,0,0.00,0,RAQUEL NONATO DE BRICIO,RAQUEL BRÍCIO,UP,v,,,,,04/10/2026 18:33:54,sim
1,04/10/2026,6257,Presidente,1,municipio,TO,95516,1717800,PONTE ALTA DO BOM JESUS,,,,,DEMOCRATA,i,DEMOCRATA,0,35,DEMOCRATA,DEMOCRATA,,35,280002548139,WILSON GRASSI JUNIOR,VETERINÁRIO WILSON GRASSI,13/03/1970,11,Válido,nao,,0,0.00,0,SUÊD HAIDAR NOGUEIRA,SUÊD HAIDAR,DEMOCRATA,v,,,,,04/10/2026 18:33:54,sim
1,04/10/2026,6257,Presidente,1,municipio,TO,95516,1717800,PONTE ALTA DO BOM JESUS,,,,,PARTIDO MISSÃO,i,MISSÃO,0,14,MISSÃO,PARTIDO MISSÃO,,14,280002540694,RENAN ANTONIO FERREIRA DOS SANTOS,RENAN SANTOS,14/02/1984,5,Válido,nao,,14,0.50,0.500357398,AROLDO MEDINA,CORONEL MEDINA,MISSÃO,v,,,,,04/10/2026 18:33:54,sim
1,04/10/2026,6257,Presidente,1,municipio,TO,95516,1717800,PONTE ALTA DO BOM JESUS,,,,,PARTIDO DA CAUSA OPERÁRIA,i,PCO,0,29,PCO,PARTIDO DA CAUSA OPERÁRIA,,29,280002552487,RUI COSTA PIMENTA,RUI COSTA PIMENTA,25/06/1957,12,Válido,nao,,0,0.00,0,ANTONIO CARLOS SILVA,ANTÔNIO CARLOS,PCO,v,,,,,04/10/2026 18:33:54,sim
1,04/10/2026,6257,Presidente,1,municipio,TO,95532,1717909,PONTE ALTA DO TOCANTINS,,,,,PARTIDO LIBERAL,i,PL,0,22,PL,PARTIDO LIBERAL,,22,280002551544,FLAVIO NANTES BOLSONARO,FLAVIO BOLSONARO,30/04/1981,1,Válido,nao,,2221,51.34,51.340730467,ALFREDO GASPAR DE MENDONÇA NETO,ALFREDO GASPAR,PL,v,,,,,04/10/2026 18:37:14,sim
1,04/10/2026,6257,Presidente,1,municipio,TO,95532,1717909,PONTE ALTA DO TOCANTINS,,,,,PARTIDO SOCIAL DEMOCRÁTICO,i,PSD,0,55,PSD,PARTIDO SOCIAL DEMOCRÁTICO,,55,280002551932,RONALDO RAMOS CAIADO,RONALDO CAIADO,25/09/1949,4,Válido,nao,,141,3.26,3.259361997,GILBERTO KASSAB,GILBERTO KASSAB,PSD,v,,,,,04/10/2026 18:37:14,sim
1,04/10/2026,6257,Presidente,1,municipio,TO,95532,1717909,PONTE ALTA DO TOCANTINS,,PT/PC do B/PV,FEDERAÇÃO BRASIL DA ESPERANÇA - FE BRASIL,PT/PC do B/PV,BRASIL PRONTO PRA MAIS,c,PSB / PDT / PCDOB / PT / PV / PSOL / REDE,,13,PT,PARTIDO DOS TRABALHADORES,101,13,280002542548,LUIZ INÁCIO LULA DA SILVA,LULA,06/10/1945,2,Válido,nao,,1852,42.81,42.810910772,GERALDO JOSE RODRIGUES ALCKMIN FILHO,GERALDO ALCKMIN,PSB,v,,,,,04/10/2026 18:37:14,sim
1,04/10/2026,6257,Presidente,1,municipio,TO,95532,1717909,PONTE ALTA DO TOCANTINS,,,,,DEMOCRACIA CRISTÃ,i,DC,0,27,DC,DEMOCRACIA CRISTÃ,,27,280002552484,CLARIANA ZACARKIM BARAO,CLARIANA BARAO,03/04/1987,9,Válido,nao,,2,0.05,0.046232085,FABIANA CRISTINA TAVARES TORQUATO,FABIANA TORQUATO,DC,v,,,,,04/10/2026 18:37:14,sim
1,04/10/2026,6257,Presidente,1,municipio,TO,95532,1717909,PONTE ALTA DO TOCANTINS,,,,,PARTIDO COMUNISTA BRASILEIRO,i,PCB,0,21,PCB,PARTIDO COMUNISTA BRASILEIRO,,21,280002551975,EDMILSON SILVA COSTA,EDMILSON COSTA,08/04/1950,10,Válido,nao,,2,0.05,0.046232085,CLEUSA DOS SANTOS,CLEUSA SANTOS,PCB,v,,,,,04/10/2026 18:37:14,sim
1,04/10/2026,6257,Presidente,1,municipio,TO,95532,1717909,PONTE ALTA DO TOCANTINS,,,,,PARTIDO SOCIALISTA  DOS TRABALHADORES UNIFICADO,i,PSTU,0,16,PSTU,PARTIDO SOCIALISTA  DOS TRABALHADORES UNIFICADO,,16,280002541457,HERTZ DA CONCEICAO DIAS,HERTZ DIAS,20/10/1970,8,Válido,nao,,0,0.00,0,VANESSA PORTUGAL BARBOSA,VANESSA PORTUGAL,PSTU,v,,,,,04/10/2026 18:37:14,sim
1,04/10/2026,6257,Presidente,1,municipio,TO,95532,1717909,PONTE ALTA DO TOCANTINS,,,,,BRASIL DOS NOSSOS SONHOS,c,AGIR / AVANTE,,70,AVANTE,AVANTE,,70,280002551547,AUGUSTO JORGE CURY,ESCRITOR AUGUSTO CURY,02/10/1958,3,Válido,nao,,77,1.78,1.779935275,JULIO CESAR DELGADO,JÚLIO DELGADO,AVANTE,v,,,,,04/10/2026 18:37:14,sim
1,04/10/2026,6257,Presidente,1,municipio,TO,95532,1717909,PONTE ALTA DO TOCANTINS,,,,,PARTIDO NOVO,i,NOVO,0,30,NOVO,PARTIDO NOVO,,30,280002539826,ROMEU ZEMA NETO,ZEMA,28/10/1964,6,Válido,nao,,4,0.09,0.092464170,LUIS EDUARDO GRANGEIRO GIRÃO,EDUARDO GIRÃO,NOVO,v,,,,,04/10/2026 18:37:14,sim
1,04/10/2026,6257,Presidente,1,municipio,TO,95532,1717909,PONTE ALTA DO TOCANTINS,,,,,UNIDADE POPULAR,i,UP,0,80,UP,UNIDADE POPULAR,,80,280002538811,SAMARA MARTINS DA SILVA FEITOSA,SAMARA,31/08/1987,7,Válido,nao,,1,0.02,0.023116043,RAQUEL NONATO DE BRICIO,RAQUEL BRÍCIO,UP,v,,,,,04/10/2026 18:37:14,sim
1,04/10/2026,6257,Presidente,1,municipio,TO,95532,1717909,PONTE ALTA DO TOCANTINS,,,,,DEMOCRATA,i,DEMOCRATA,0,35,DEMOCRATA,DEMOCRATA,,35,280002548139,WILSON GRASSI JUNIOR,VETERINÁRIO WILSON GRASSI,13/03/1970,11,Válido,nao,,0,0.00,0,SUÊD HAIDAR NOGUEIRA,SUÊD HAIDAR,DEMOCRATA,v,,,,,04/10/2026 18:37:14,sim
1,04/10/2026,6257,Presidente,1,municipio,TO,95532,1717909,PONTE ALTA DO TOCANTINS,,,,,PARTIDO MISSÃO,i,MISSÃO,0,14,MISSÃO,PARTIDO MISSÃO,,14,280002540694,RENAN ANTONIO FERREIRA DOS SANTOS,RENAN SANTOS,14/02/1984,5,Válido,nao,,26,0.60,0.601017106,AROLDO MEDINA,CORONEL MEDINA,MISSÃO,v,,,,,04/10/2026 18:37:14,sim
1,04/10/2026,6257,Presidente,1,municipio,TO,95532,1717909,PONTE ALTA DO TOCANTINS,,,,,PARTIDO DA CAUSA OPERÁRIA,i,PCO,0,29,PCO,PARTIDO DA CAUSA OPERÁRIA,,29,280002552487,RUI COSTA PIMENTA,RUI COSTA PIMENTA,25/06/1957,12,Válido,nao,,0,0.00,0,ANTONIO CARLOS SILVA,ANTÔNIO CARLOS,PCO,v,,,,,04/10/2026 18:37:14,sim
1,04/10/2026,6257,Presidente,1,municipio,TO,95591,1718204,PORTO NACIONAL,,,,,PARTIDO LIBERAL,i,PL,0,22,PL,PARTIDO LIBERAL,,22,280002551544,FLAVIO NANTES BOLSONARO,FLAVIO BOLSONARO,30/04/1981,1,Válido,nao,,18594,49.83,49.831162566,ALFREDO GASPAR DE MENDONÇA NETO,ALFREDO GASPAR,PL,v,,,,,04/10/2026 20:10:49,sim
1,04/10/2026,6257,Presidente,1,municipio,TO,95591,1718204,PORTO NACIONAL,,,,,PARTIDO SOCIAL DEMOCRÁTICO,i,PSD,0,55,PSD,PARTIDO SOCIAL DEMOCRÁTICO,,55,280002551932,RONALDO RAMOS CAIADO,RONALDO CAIADO,25/09/1949,5,Válido,nao,,789,2.11,2.114487860,GILBERTO KASSAB,GILBERTO KASSAB,PSD,v,,,,,04/10/2026 20:10:49,sim
1,04/10/2026,6257,Presidente,1,municipio,TO,95591,1718204,PORTO NACIONAL,,PT/PC do B/PV,FEDERAÇÃO BRASIL DA ESPERANÇA - FE BRASIL,PT/PC do B/PV,BRASIL PRONTO PRA MAIS,c,PSB / PDT / PCDOB / PT / PV / PSOL / REDE,,13,PT,PARTIDO DOS TRABALHADORES,101,13,280002542548,LUIZ INÁCIO LULA DA SILVA,LULA,06/10/1945,2,Válido,nao,,16193,43.40,43.396580372,GERALDO JOSE RODRIGUES ALCKMIN FILHO,GERALDO ALCKMIN,PSB,v,,,,,04/10/2026 20:10:49,sim
1,04/10/2026,6257,Presidente,1,municipio,TO,95591,1718204,PORTO NACIONAL,,,,,PARTIDO SOCIALISTA  DOS TRABALHADORES UNIFICADO,i,PSTU,0,16,PSTU,PARTIDO SOCIALISTA  DOS TRABALHADORES UNIFICADO,,16,280002541457,HERTZ DA CONCEICAO DIAS,HERTZ DIAS,20/10/1970,8,Válido,nao,,4,0.01,0.010719837,VANESSA PORTUGAL BARBOSA,VANESSA PORTUGAL,PSTU,v,,,,,04/10/2026 20:10:49,sim
1,04/10/2026,6257,Presidente,1,municipio,TO,95591,1718204,PORTO NACIONAL,,,,,PARTIDO COMUNISTA BRASILEIRO,i,PCB,0,21,PCB,PARTIDO COMUNISTA BRASILEIRO,,21,280002551975,EDMILSON SILVA COSTA,EDMILSON COSTA,08/04/1950,10,Válido,nao,,4,0.01,0.010719837,CLEUSA DOS SANTOS,CLEUSA SANTOS,PCB,v,,,,,04/10/2026 20:10:49,sim
1,04/10/2026,6257,Presidente,1,municipio,TO,95591,1718204,PORTO NACIONAL,,,,,DEMOCRACIA CRISTÃ,i,DC,0,27,DC,DEMOCRACIA CRISTÃ,,27,280002552484,CLARIANA ZACARKIM BARAO,CLARIANA BARAO,03/04/1987,9,Válido,nao,,7,0.02,0.018759715,FABIANA CRISTINA TAVARES TORQUATO,FABIANA TORQUATO,DC,v,,,,,04/10/2026 20:10:49,sim
1,04/10/2026,6257,Presidente,1,municipio,TO,95591,1718204,PORTO NACIONAL,,,,,PARTIDO NOVO,i,NOVO,0,30,NOVO,PARTIDO NOVO,,30,280002539826,ROMEU ZEMA NETO,ZEMA,28/10/1964,6,Válido,nao,,20,0.05,0.053599185,LUIS EDUARDO GRANGEIRO GIRÃO,EDUARDO GIRÃO,NOVO,v,,,,,04/10/2026 20:10:49,sim
1,04/10/2026,6257,Presidente,1,municipio,TO,95591,1718204,PORTO NACIONAL,,,,,BRASIL DOS NOSSOS SONHOS,c,AGIR / AVANTE,,70,AVANTE,AVANTE,,70,280002551547,AUGUSTO JORGE CURY,ESCRITOR AUGUSTO CURY,02/10/1958,3,Válido,nao,,1181,3.17,3.165031892,JULIO CESAR DELGADO,JÚLIO DELGADO,AVANTE,v,,,,,04/10/2026 20:10:49,sim
1,04/10/2026,6257,Presidente,1,municipio,TO,95591,1718204,PORTO NACIONAL,,,,,DEMOCRATA,i,DEMOCRATA,0,35,DEMOCRATA,DEMOCRATA,,35,280002548139,WILSON GRASSI JUNIOR,VETERINÁRIO WILSON GRASSI,13/03/1970,11,Válido,nao,,2,0.01,0.005359919,SUÊD HAIDAR NOGUEIRA,SUÊD HAIDAR,DEMOCRATA,v,,,,,04/10/2026 20:10:49,sim
1,04/10/2026,6257,Presidente,1,municipio,TO,95591,1718204,PORTO NACIONAL,,,,,UNIDADE POPULAR,i,UP,0,80,UP,UNIDADE POPULAR,,80,280002538811,SAMARA MARTINS DA SILVA FEITOSA,SAMARA,31/08/1987,7,Válido,nao,,34,0.09,0.091118615,RAQUEL NONATO DE BRICIO,RAQUEL BRÍCIO,UP,v,,,,,04/10/2026 20:10:49,sim
1,04/10/2026,6257,Presidente,1,municipio,TO,95591,1718204,PORTO NACIONAL,,,,,PARTIDO MISSÃO,i,MISSÃO,0,14,MISSÃO,PARTIDO MISSÃO,,14,280002540694,RENAN ANTONIO FERREIRA DOS SANTOS,RENAN SANTOS,14/02/1984,4,Válido,nao,,479,1.28,1.283700488,AROLDO MEDINA,CORONEL MEDINA,MISSÃO,v,,,,,04/10/2026 20:10:49,sim
1,04/10/2026,6257,Presidente,1,municipio,TO,95591,1718204,PORTO NACIONAL,,,,,PARTIDO DA CAUSA OPERÁRIA,i,PCO,0,29,PCO,PARTIDO DA CAUSA OPERÁRIA,,29,280002552487,RUI COSTA PIMENTA,RUI COSTA PIMENTA,25/06/1957,12,Válido,nao,,7,0.02,0.018759715,ANTONIO CARLOS SILVA,ANTÔNIO CARLOS,PCO,v,,,,,04/10/2026 20:10:49,sim
1,04/10/2026,6257,Presidente,1,municipio,TO,95699,1712405,LIZARDA,,,,,PARTIDO LIBERAL,i,PL,0,22,PL,PARTIDO LIBERAL,,22,280002551544,FLAVIO NANTES BOLSONARO,FLAVIO BOLSONARO,30/04/1981,1,Válido,nao,,727,32.40,32.397504456,ALFREDO GASPAR DE MENDONÇA NETO,ALFREDO GASPAR,PL,v,,,,,04/10/2026 18:31:51,sim
1,04/10/2026,6257,Presidente,1,municipio,TO,95699,1712405,LIZARDA,,,,,PARTIDO SOCIAL DEMOCRÁTICO,i,PSD,0,55,PSD,PARTIDO SOCIAL DEMOCRÁTICO,,55,280002551932,RONALDO RAMOS CAIADO,RONALDO CAIADO,25/09/1949,4,Válido,nao,,35,1.56,1.559714795,GILBERTO KASSAB,GILBERTO KASSAB,PSD,v,,,,,04/10/2026 18:31:51,sim
1,04/10/2026,6257,Presidente,1,municipio,TO,95699,1712405,LIZARDA,,PT/PC do B/PV,FEDERAÇÃO BRASIL DA ESPERANÇA - FE BRASIL,PT/PC do B/PV,BRASIL PRONTO PRA MAIS,c,PSB / PDT / PCDOB / PT / PV / PSOL / REDE,,13,PT,PARTIDO DOS TRABALHADORES,101,13,280002542548,LUIZ INÁCIO LULA DA SILVA,LULA,06/10/1945,2,Válido,nao,,1412,62.92,62.923351159,GERALDO JOSE RODRIGUES ALCKMIN FILHO,GERALDO ALCKMIN,PSB,v,,,,,04/10/2026 18:31:51,sim
1,04/10/2026,6257,Presidente,1,municipio,TO,95699,1712405,LIZARDA,,,,,DEMOCRACIA CRISTÃ,i,DC,0,27,DC,DEMOCRACIA CRISTÃ,,27,280002552484,CLARIANA ZACARKIM BARAO,CLARIANA BARAO,03/04/1987,8,Válido,nao,,1,0.04,0.044563280,FABIANA CRISTINA TAVARES TORQUATO,FABIANA TORQUATO,DC,v,,,,,04/10/2026 18:31:51,sim
1,04/10/2026,6257,Presidente,1,municipio,TO,95699,1712405,LIZARDA,,,,,PARTIDO COMUNISTA BRASILEIRO,i,PCB,0,21,PCB,PARTIDO COMUNISTA BRASILEIRO,,21,280002551975,EDMILSON SILVA COSTA,EDMILSON COSTA,08/04/1950,10,Válido,nao,,0,0.00,0,CLEUSA DOS SANTOS,CLEUSA SANTOS,PCB,v,,,,,04/10/2026 18:31:51,sim
1,04/10/2026,6257,Presidente,1,municipio,TO,95699,1712405,LIZARDA,,,,,PARTIDO SOCIALISTA  DOS TRABALHADORES UNIFICADO,i,PSTU,0,16,PSTU,PARTIDO SOCIALISTA  DOS TRABALHADORES UNIFICADO,,16,280002541457,HERTZ DA CONCEICAO DIAS,HERTZ DIAS,20/10/1970,9,Válido,nao,,0,0.00,0,VANESSA PORTUGAL BARBOSA,VANESSA PORTUGAL,PSTU,v,,,,,04/10/2026 18:31:51,sim
1,04/10/2026,6257,Presidente,1,municipio,TO,95699,1712405,LIZARDA,,,,,BRASIL DOS NOSSOS SONHOS,c,AGIR / AVANTE,,70,AVANTE,AVANTE,,70,280002551547,AUGUSTO JORGE CURY,ESCRITOR AUGUSTO CURY,02/10/1958,3,Válido,nao,,57,2.54,2.540106952,JULIO CESAR DELGADO,JÚLIO DELGADO,AVANTE,v,,,,,04/10/2026 18:31:51,sim
1,04/10/2026,6257,Presidente,1,municipio,TO,95699,1712405,LIZARDA,,,,,PARTIDO NOVO,i,NOVO,0,30,NOVO,PARTIDO NOVO,,30,280002539826,ROMEU ZEMA NETO,ZEMA,28/10/1964,6,Válido,nao,,0,0.00,0,LUIS EDUARDO GRANGEIRO GIRÃO,EDUARDO GIRÃO,NOVO,v,,,,,04/10/2026 18:31:51,sim
1,04/10/2026,6257,Presidente,1,municipio,TO,95699,1712405,LIZARDA,,,,,UNIDADE POPULAR,i,UP,0,80,UP,UNIDADE POPULAR,,80,280002538811,SAMARA MARTINS DA SILVA FEITOSA,SAMARA,31/08/1987,7,Válido,nao,,1,0.04,0.044563280,RAQUEL NONATO DE BRICIO,RAQUEL BRÍCIO,UP,v,,,,,04/10/2026 18:31:51,sim
1,04/10/2026,6257,Presidente,1,municipio,TO,95699,1712405,LIZARDA,,,,,DEMOCRATA,i,DEMOCRATA,0,35,DEMOCRATA,DEMOCRATA,,35,280002548139,WILSON GRASSI JUNIOR,VETERINÁRIO WILSON GRASSI,13/03/1970,11,Válido,nao,,0,0.00,0,SUÊD HAIDAR NOGUEIRA,SUÊD HAIDAR,DEMOCRATA,v,,,,,04/10/2026 18:31:51,sim
1,04/10/2026,6257,Presidente,1,municipio,TO,95699,1712405,LIZARDA,,,,,PARTIDO MISSÃO,i,MISSÃO,0,14,MISSÃO,PARTIDO MISSÃO,,14,280002540694,RENAN ANTONIO FERREIRA DOS SANTOS,RENAN SANTOS,14/02/1984,5,Válido,nao,,11,0.49,0.490196078,AROLDO MEDINA,CORONEL MEDINA,MISSÃO,v,,,,,04/10/2026 18:31:51,sim
1,04/10/2026,6257,Presidente,1,municipio,TO,95699,1712405,LIZARDA,,,,,PARTIDO DA CAUSA OPERÁRIA,i,PCO,0,29,PCO,PARTIDO DA CAUSA OPERÁRIA,,29,280002552487,RUI COSTA PIMENTA,RUI COSTA PIMENTA,25/06/1957,12,Válido,nao,,0,0.00,0,ANTONIO CARLOS SILVA,ANTÔNIO CARLOS,PCO,v,,,,,04/10/2026 18:31:51,sim
1,04/10/2026,6257,Presidente,1,municipio,TO,96032,1720309,SÃO SEBASTIÃO DO TOCANTINS,,,,,PARTIDO LIBERAL,i,PL,0,22,PL,PARTIDO LIBERAL,,22,280002551544,FLAVIO NANTES BOLSONARO,FLAVIO BOLSONARO,30/04/1981,1,Válido,nao,,812,30.95,30.945121951,ALFREDO GASPAR DE MENDONÇA NETO,ALFREDO GASPAR,PL,v,,,,,04/10/2026 18:36:13,sim
1,04/10/2026,6257,Presidente,1,municipio,TO,96032,1720309,SÃO SEBASTIÃO DO TOCANTINS,,,,,PARTIDO SOCIAL DEMOCRÁTICO,i,PSD,0,55,PSD,PARTIDO SOCIAL DEMOCRÁTICO,,55,280002551932,RONALDO RAMOS CAIADO,RONALDO CAIADO,25/09/1949,4,Válido,nao,,22,0.84,0.838414634,GILBERTO KASSAB,GILBERTO KASSAB,PSD,v,,,,,04/10/2026 18:36:13,sim
1,04/10/2026,6257,Presidente,1,municipio,TO,96032,1720309,SÃO SEBASTIÃO DO TOCANTINS,,PT/PC do B/PV,FEDERAÇÃO BRASIL DA ESPERANÇA - FE BRASIL,PT/PC do B/PV,BRASIL PRONTO PRA MAIS,c,PSB / PDT / PCDOB / PT / PV / PSOL / REDE,,13,PT,PARTIDO DOS TRABALHADORES,101,13,280002542548,LUIZ INÁCIO LULA DA SILVA,LULA,06/10/1945,2,Válido,nao,,1712,65.24,65.243902439,GERALDO JOSE RODRIGUES ALCKMIN FILHO,GERALDO ALCKMIN,PSB,v,,,,,04/10/2026 18:36:13,sim
1,04/10/2026,6257,Presidente,1,municipio,TO,96032,1720309,SÃO SEBASTIÃO DO TOCANTINS,,,,,DEMOCRACIA CRISTÃ,i,DC,0,27,DC,DEMOCRACIA CRISTÃ,,27,280002552484,CLARIANA ZACARKIM BARAO,CLARIANA BARAO,03/04/1987,9,Válido,nao,,0,0.00,0,FABIANA CRISTINA TAVARES TORQUATO,FABIANA TORQUATO,DC,v,,,,,04/10/2026 18:36:13,sim
1,04/10/2026,6257,Presidente,1,municipio,TO,96032,1720309,SÃO SEBASTIÃO DO TOCANTINS,,,,,PARTIDO COMUNISTA BRASILEIRO,i,PCB,0,21,PCB,PARTIDO COMUNISTA BRASILEIRO,,21,280002551975,EDMILSON SILVA COSTA,EDMILSON COSTA,08/04/1950,10,Válido,nao,,0,0.00,0,CLEUSA DOS SANTOS,CLEUSA SANTOS,PCB,v,,,,,04/10/2026 18:36:13,sim
1,04/10/2026,6257,Presidente,1,municipio,TO,96032,1720309,SÃO SEBASTIÃO DO TOCANTINS,,,,,PARTIDO SOCIALISTA  DOS TRABALHADORES UNIFICADO,i,PSTU,0,16,PSTU,PARTIDO SOCIALISTA  DOS TRABALHADORES UNIFICADO,,16,280002541457,HERTZ DA CONCEICAO DIAS,HERTZ DIAS,20/10/1970,8,Válido,nao,,0,0.00,0,VANESSA PORTUGAL BARBOSA,VANESSA PORTUGAL,PSTU,v,,,,,04/10/2026 18:36:13,sim
1,04/10/2026,6257,Presidente,1,municipio,TO,96032,1720309,SÃO SEBASTIÃO DO TOCANTINS,,,,,BRASIL DOS NOSSOS SONHOS,c,AGIR / AVANTE,,70,AVANTE,AVANTE,,70,280002551547,AUGUSTO JORGE CURY,ESCRITOR AUGUSTO CURY,02/10/1958,3,Válido,nao,,42,1.60,1.600609756,JULIO CESAR DELGADO,JÚLIO DELGADO,AVANTE,v,,,,,04/10/2026 18:36:13,sim
1,04/10/2026,6257,Presidente,1,municipio,TO,96032,1720309,SÃO SEBASTIÃO DO TOCANTINS,,,,,PARTIDO NOVO,i,NOVO,0,30,NOVO,PARTIDO NOVO,,30,280002539826,ROMEU ZEMA NETO,ZEMA,28/10/1964,6,Válido,nao,,0,0.00,0,LUIS EDUARDO GRANGEIRO GIRÃO,EDUARDO GIRÃO,NOVO,v,,,,,04/10/2026 18:36:13,sim
1,04/10/2026,6257,Presidente,1,municipio,TO,96032,1720309,SÃO SEBASTIÃO DO TOCANTINS,,,,,UNIDADE POPULAR,i,UP,0,80,UP,UNIDADE POPULAR,,80,280002538811,SAMARA MARTINS DA SILVA FEITOSA,SAMARA,31/08/1987,7,Válido,nao,,1,0.04,0.038109756,RAQUEL NONATO DE BRICIO,RAQUEL BRÍCIO,UP,v,,,,,04/10/2026 18:36:13,sim
1,04/10/2026,6257,Presidente,1,municipio,TO,96032,1720309,SÃO SEBASTIÃO DO TOCANTINS,,,,,DEMOCRATA,i,DEMOCRATA,0,35,DEMOCRATA,DEMOCRATA,,35,280002548139,WILSON GRASSI JUNIOR,VETERINÁRIO WILSON GRASSI,13/03/1970,11,Válido,nao,,0,0.00,0,SUÊD HAIDAR NOGUEIRA,SUÊD HAIDAR,DEMOCRATA,v,,,,,04/10/2026 18:36:13,sim
1,04/10/2026,6257,Presidente,1,municipio,TO,96032,1720309,SÃO SEBASTIÃO DO TOCANTINS,,,,,PARTIDO MISSÃO,i,MISSÃO,0,14,MISSÃO,PARTIDO MISSÃO,,14,280002540694,RENAN ANTONIO FERREIRA DOS SANTOS,RENAN SANTOS,14/02/1984,5,Válido,nao,,34,1.30,1.295731707,AROLDO MEDINA,CORONEL MEDINA,MISSÃO,v,,,,,04/10/2026 18:36:13,sim
1,04/10/2026,6257,Presidente,1,municipio,TO,96032,1720309,SÃO SEBASTIÃO DO TOCANTINS,,,,,PARTIDO DA CAUSA OPERÁRIA,i,PCO,0,29,PCO,PARTIDO DA CAUSA OPERÁRIA,,29,280002552487,RUI COSTA PIMENTA,RUI COSTA PIMENTA,25/06/1957,12,Válido,nao,,1,0.04,0.038109756,ANTONIO CARLOS SILVA,ANTÔNIO CARLOS,PCO,v,,,,,04/10/2026 18:36:13,sim
1,04/10/2026,6257,Presidente,1,municipio,TO,96130,1720804,SÍTIO NOVO DO TOCANTINS,,,,,PARTIDO LIBERAL,i,PL,0,22,PL,PARTIDO LIBERAL,,22,280002551544,FLAVIO NANTES BOLSONARO,FLAVIO BOLSONARO,30/04/1981,1,Válido,nao,,2187,33.63,33.625461255,ALFREDO GASPAR DE MENDONÇA NETO,ALFREDO GASPAR,PL,v,,,,,04/10/2026 18:27:08,sim
1,04/10/2026,6257,Presidente,1,municipio,TO,96130,1720804,SÍTIO NOVO DO TOCANTINS,,,,,PARTIDO SOCIAL DEMOCRÁTICO,i,PSD,0,55,PSD,PARTIDO SOCIAL DEMOCRÁTICO,,55,280002551932,RONALDO RAMOS CAIADO,RONALDO CAIADO,25/09/1949,4,Válido,nao,,96,1.48,1.476014760,GILBERTO KASSAB,GILBERTO KASSAB,PSD,v,,,,,04/10/2026 18:27:08,sim
1,04/10/2026,6257,Presidente,1,municipio,TO,96130,1720804,SÍTIO NOVO DO TOCANTINS,,PT/PC do B/PV,FEDERAÇÃO BRASIL DA ESPERANÇA - FE BRASIL,PT/PC do B/PV,BRASIL PRONTO PRA MAIS,c,PSB / PDT / PCDOB / PT / PV / PSOL / REDE,,13,PT,PARTIDO DOS TRABALHADORES,101,13,280002542548,LUIZ INÁCIO LULA DA SILVA,LULA,06/10/1945,2,Válido,nao,,3992,61.38,61.377613776,GERALDO JOSE RODRIGUES ALCKMIN FILHO,GERALDO ALCKMIN,PSB,v,,,,,04/10/2026 18:27:08,sim
1,04/10/2026,6257,Presidente,1,municipio,TO,96130,1720804,SÍTIO NOVO DO TOCANTINS,,,,,DEMOCRACIA CRISTÃ,i,DC,0,27,DC,DEMOCRACIA CRISTÃ,,27,280002552484,CLARIANA ZACARKIM BARAO,CLARIANA BARAO,03/04/1987,8,Válido,nao,,0,0.00,0,FABIANA CRISTINA TAVARES TORQUATO,FABIANA TORQUATO,DC,v,,,,,04/10/2026 18:27:08,sim
1,04/10/2026,6257,Presidente,1,municipio,TO,96130,1720804,SÍTIO NOVO DO TOCANTINS,,,,,PARTIDO COMUNISTA BRASILEIRO,i,PCB,0,21,PCB,PARTIDO COMUNISTA BRASILEIRO,,21,280002551975,EDMILSON SILVA COSTA,EDMILSON COSTA,08/04/1950,10,Válido,nao,,1,0.02,0.015375154,CLEUSA DOS SANTOS,CLEUSA SANTOS,PCB,v,,,,,04/10/2026 18:27:08,sim
1,04/10/2026,6257,Presidente,1,municipio,TO,96130,1720804,SÍTIO NOVO DO TOCANTINS,,,,,PARTIDO SOCIALISTA  DOS TRABALHADORES UNIFICADO,i,PSTU,0,16,PSTU,PARTIDO SOCIALISTA  DOS TRABALHADORES UNIFICADO,,16,280002541457,HERTZ DA CONCEICAO DIAS,HERTZ DIAS,20/10/1970,9,Válido,nao,,0,0.00,0,VANESSA PORTUGAL BARBOSA,VANESSA PORTUGAL,PSTU,v,,,,,04/10/2026 18:27:08,sim
1,04/10/2026,6257,Presidente,1,municipio,TO,96130,1720804,SÍTIO NOVO DO TOCANTINS,,,,,BRASIL DOS NOSSOS SONHOS,c,AGIR / AVANTE,,70,AVANTE,AVANTE,,70,280002551547,AUGUSTO JORGE CURY,ESCRITOR AUGUSTO CURY,02/10/1958,3,Válido,nao,,133,2.04,2.044895449,JULIO CESAR DELGADO,JÚLIO DELGADO,AVANTE,v,,,,,04/10/2026 18:27:08,sim
1,04/10/2026,6257,Presidente,1,municipio,TO,96130,1720804,SÍTIO NOVO DO TOCANTINS,,,,,PARTIDO NOVO,i,NOVO,0,30,NOVO,PARTIDO NOVO,,30,280002539826,ROMEU ZEMA NETO,ZEMA,28/10/1964,6,Válido,nao,,1,0.02,0.015375154,LUIS EDUARDO GRANGEIRO GIRÃO,EDUARDO GIRÃO,NOVO,v,,,,,04/10/2026 18:27:08,sim
1,04/10/2026,6257,Presidente,1,municipio,TO,96130,1720804,SÍTIO NOVO DO TOCANTINS,,,,,UNIDADE POPULAR,i,UP,0,80,UP,UNIDADE POPULAR,,80,280002538811,SAMARA MARTINS DA SILVA FEITOSA,SAMARA,31/08/1987,7,Válido,nao,,0,0.00,0,RAQUEL NONATO DE BRICIO,RAQUEL BRÍCIO,UP,v,,,,,04/10/2026 18:27:08,sim
1,04/10/2026,6257,Presidente,1,municipio,TO,96130,1720804,SÍTIO NOVO DO TOCANTINS,,,,,DEMOCRATA,i,DEMOCRATA,0,35,DEMOCRATA,DEMOCRATA,,35,280002548139,WILSON GRASSI JUNIOR,VETERINÁRIO WILSON GRASSI,13/03/1970,11,Válido,nao,,0,0.00,0,SUÊD HAIDAR NOGUEIRA,SUÊD HAIDAR,DEMOCRATA,v,,,,,04/10/2026 18:27:08,sim
1,04/10/2026,6257,Presidente,1,municipio,TO,96130,1720804,SÍTIO NOVO DO TOCANTINS,,,,,PARTIDO MISSÃO,i,MISSÃO,0,14,MISSÃO,PARTIDO MISSÃO,,14,280002540694,RENAN ANTONIO FERREIRA DOS SANTOS,RENAN SANTOS,14/02/1984,5,Válido,nao,,94,1.45,1.445264453,AROLDO MEDINA,CORONEL MEDINA,MISSÃO,v,,,,,04/10/2026 18:27:08,sim
1,04/10/2026,6257,Presidente,1,municipio,TO,96130,1720804,SÍTIO NOVO DO TOCANTINS,,,,,PARTIDO DA CAUSA OPERÁRIA,i,PCO,0,29,PCO,PARTIDO DA CAUSA OPERÁRIA,,29,280002552487,RUI COSTA PIMENTA,RUI COSTA PIMENTA,25/06/1957,12,Válido,nao,,0,0.00,0,ANTONIO CARLOS SILVA,ANTÔNIO CARLOS,PCO,v,,,,,04/10/2026 18:27:08,sim
1,04/10/2026,6257,Presidente,1,municipio,TO,96156,1720903,TAGUATINGA,,,,,PARTIDO LIBERAL,i,PL,0,22,PL,PARTIDO LIBERAL,,22,280002551544,FLAVIO NANTES BOLSONARO,FLAVIO BOLSONARO,30/04/1981,1,Válido,nao,,3353,40.17,40.170121002,ALFREDO GASPAR DE MENDONÇA NETO,ALFREDO GASPAR,PL,v,,,,,04/10/2026 18:43:14,sim
1,04/10/2026,6257,Presidente,1,municipio,TO,96156,1720903,TAGUATINGA,,,,,PARTIDO SOCIAL DEMOCRÁTICO,i,PSD,0,55,PSD,PARTIDO SOCIAL DEMOCRÁTICO,,55,280002551932,RONALDO RAMOS CAIADO,RONALDO CAIADO,25/09/1949,4,Válido,nao,,241,2.89,2.887264886,GILBERTO KASSAB,GILBERTO KASSAB,PSD,v,,,,,04/10/2026 18:43:14,sim
1,04/10/2026,6257,Presidente,1,municipio,TO,96156,1720903,TAGUATINGA,,PT/PC do B/PV,FEDERAÇÃO BRASIL DA ESPERANÇA - FE BRASIL,PT/PC do B/PV,BRASIL PRONTO PRA MAIS,c,PSB / PDT / PCDOB / PT / PV / PSOL / REDE,,13,PT,PARTIDO DOS TRABALHADORES,101,13,280002542548,LUIZ INÁCIO LULA DA SILVA,LULA,06/10/1945,2,Válido,nao,,4524,54.20,54.199113454,GERALDO JOSE RODRIGUES ALCKMIN FILHO,GERALDO ALCKMIN,PSB,v,,,,,04/10/2026 18:43:14,sim
1,04/10/2026,6257,Presidente,1,municipio,TO,96156,1720903,TAGUATINGA,,,,,DEMOCRACIA CRISTÃ,i,DC,0,27,DC,DEMOCRACIA CRISTÃ,,27,280002552484,CLARIANA ZACARKIM BARAO,CLARIANA BARAO,03/04/1987,9,Válido,nao,,0,0.00,0,FABIANA CRISTINA TAVARES TORQUATO,FABIANA TORQUATO,DC,v,,,,,04/10/2026 18:43:14,sim
1,04/10/2026,6257,Presidente,1,municipio,TO,96156,1720903,TAGUATINGA,,,,,PARTIDO COMUNISTA BRASILEIRO,i,PCB,0,21,PCB,PARTIDO COMUNISTA BRASILEIRO,,21,280002551975,EDMILSON SILVA COSTA,EDMILSON COSTA,08/04/1950,10,Válido,nao,,2,0.02,0.023960704,CLEUSA DOS SANTOS,CLEUSA SANTOS,PCB,v,,,,,04/10/2026 18:43:14,sim
1,04/10/2026,6257,Presidente,1,municipio,TO,96156,1720903,TAGUATINGA,,,,,PARTIDO SOCIALISTA  DOS TRABALHADORES UNIFICADO,i,PSTU,0,16,PSTU,PARTIDO SOCIALISTA  DOS TRABALHADORES UNIFICADO,,16,280002541457,HERTZ DA CONCEICAO DIAS,HERTZ DIAS,20/10/1970,8,Válido,nao,,0,0.00,0,VANESSA PORTUGAL BARBOSA,VANESSA PORTUGAL,PSTU,v,,,,,04/10/2026 18:43:14,sim
1,04/10/2026,6257,Presidente,1,municipio,TO,96156,1720903,TAGUATINGA,,,,,BRASIL DOS NOSSOS SONHOS,c,AGIR / AVANTE,,70,AVANTE,AVANTE,,70,280002551547,AUGUSTO JORGE CURY,ESCRITOR AUGUSTO CURY,02/10/1958,3,Válido,nao,,148,1.77,1.773092129,JULIO CESAR DELGADO,JÚLIO DELGADO,AVANTE,v,,,,,04/10/2026 18:43:14,sim
1,04/10/2026,6257,Presidente,1,municipio,TO,96156,1720903,TAGUATINGA,,,,,PARTIDO NOVO,i,NOVO,0,30,NOVO,PARTIDO NOVO,,30,280002539826,ROMEU ZEMA NETO,ZEMA,28/10/1964,6,Válido,nao,,0,0.00,0,LUIS EDUARDO GRANGEIRO GIRÃO,EDUARDO GIRÃO,NOVO,v,,,,,04/10/2026 18:43:14,sim
1,04/10/2026,6257,Presidente,1,municipio,TO,96156,1720903,TAGUATINGA,,,,,UNIDADE POPULAR,i,UP,0,80,UP,UNIDADE POPULAR,,80,280002538811,SAMARA MARTINS DA SILVA FEITOSA,SAMARA,31/08/1987,7,Válido,nao,,4,0.05,0.047921409,RAQUEL NONATO DE BRICIO,RAQUEL BRÍCIO,UP,v,,,,,04/10/2026 18:43:14,sim
1,04/10/2026,6257,Presidente,1,municipio,TO,96156,1720903,TAGUATINGA,,,,,DEMOCRATA,i,DEMOCRATA,0,35,DEMOCRATA,DEMOCRATA,,35,280002548139,WILSON GRASSI JUNIOR,VETERINÁRIO WILSON GRASSI,13/03/1970,11,Válido,nao,,0,0.00,0,SUÊD HAIDAR NOGUEIRA,SUÊD HAIDAR,DEMOCRATA,v,,,,,04/10/2026 18:43:14,sim
1,04/10/2026,6257,Presidente,1,municipio,TO,96156,1720903,TAGUATINGA,,,,,PARTIDO MISSÃO,i,MISSÃO,0,14,MISSÃO,PARTIDO MISSÃO,,14,280002540694,RENAN ANTONIO FERREIRA DOS SANTOS,RENAN SANTOS,14/02/1984,5,Válido,nao,,75,0.90,0.898526417,AROLDO MEDINA,CORONEL MEDINA,MISSÃO,v,,,,,04/10/2026 18:43:14,sim
1,04/10/2026,6257,Presidente,1,municipio,TO,96156,1720903,TAGUATINGA,,,,,PARTIDO DA CAUSA OPERÁRIA,i,PCO,0,29,PCO,PARTIDO DA CAUSA OPERÁRIA,,29,280002552487,RUI COSTA PIMENTA,RUI COSTA PIMENTA,25/06/1957,12,Válido,nao,,0,0.00,0,ANTONIO CARLOS SILVA,ANTÔNIO CARLOS,PCO,v,,,,,04/10/2026 18:43:14,sim
1,04/10/2026,6257,Presidente,1,municipio,TO,96199,1721109,TOCANTÍNIA,,,,,PARTIDO LIBERAL,i,PL,0,22,PL,PARTIDO LIBERAL,,22,280002551544,FLAVIO NANTES BOLSONARO,FLAVIO BOLSONARO,30/04/1981,1,Válido,nao,,1234,27.04,27.043611659,ALFREDO GASPAR DE MENDONÇA NETO,ALFREDO GASPAR,PL,v,,,,,04/10/2026 18:31:51,sim
1,04/10/2026,6257,Presidente,1,municipio,TO,96199,1721109,TOCANTÍNIA,,,,,PARTIDO SOCIAL DEMOCRÁTICO,i,PSD,0,55,PSD,PARTIDO SOCIAL DEMOCRÁTICO,,55,280002551932,RONALDO RAMOS CAIADO,RONALDO CAIADO,25/09/1949,4,Válido,nao,,42,0.92,0.920447074,GILBERTO KASSAB,GILBERTO KASSAB,PSD,v,,,,,04/10/2026 18:31:51,sim
1,04/10/2026,6257,Presidente,1,municipio,TO,96199,1721109,TOCANTÍNIA,,PT/PC do B/PV,FEDERAÇÃO BRASIL DA ESPERANÇA - FE BRASIL,PT/PC do B/PV,BRASIL PRONTO PRA MAIS,c,PSB / PDT / PCDOB / PT / PV / PSOL / REDE,,13,PT,PARTIDO DOS TRABALHADORES,101,13,280002542548,LUIZ INÁCIO LULA DA SILVA,LULA,06/10/1945,2,Válido,nao,,3206,70.26,70.260793338,GERALDO JOSE RODRIGUES ALCKMIN FILHO,GERALDO ALCKMIN,PSB,v,,,,,04/10/2026 18:31:51,sim
1,04/10/2026,6257,Presidente,1,municipio,TO,96199,1721109,TOCANTÍNIA,,,,,DEMOCRACIA CRISTÃ,i,DC,0,27,DC,DEMOCRACIA CRISTÃ,,27,280002552484,CLARIANA ZACARKIM BARAO,CLARIANA BARAO,03/04/1987,8,Válido,nao,,0,0.00,0,FABIANA CRISTINA TAVARES TORQUATO,FABIANA TORQUATO,DC,v,,,,,04/10/2026 18:31:51,sim
1,04/10/2026,6257,Presidente,1,municipio,TO,96199,1721109,TOCANTÍNIA,,,,,PARTIDO COMUNISTA BRASILEIRO,i,PCB,0,21,PCB,PARTIDO COMUNISTA BRASILEIRO,,21,280002551975,EDMILSON SILVA COSTA,EDMILSON COSTA,08/04/1950,10,Válido,nao,,0,0.00,0,CLEUSA DOS SANTOS,CLEUSA SANTOS,PCB,v,,,,,04/10/2026 18:31:51,sim
1,04/10/2026,6257,Presidente,1,municipio,TO,96199,1721109,TOCANTÍNIA,,,,,PARTIDO SOCIALISTA  DOS TRABALHADORES UNIFICADO,i,PSTU,0,16,PSTU,PARTIDO SOCIALISTA  DOS TRABALHADORES UNIFICADO,,16,280002541457,HERTZ DA CONCEICAO DIAS,HERTZ DIAS,20/10/1970,9,Válido,nao,,0,0.00,0,VANESSA PORTUGAL BARBOSA,VANESSA PORTUGAL,PSTU,v,,,,,04/10/2026 18:31:51,sim
1,04/10/2026,6257,Presidente,1,municipio,TO,96199,1721109,TOCANTÍNIA,,,,,BRASIL DOS NOSSOS SONHOS,c,AGIR / AVANTE,,70,AVANTE,AVANTE,,70,280002551547,AUGUSTO JORGE CURY,ESCRITOR AUGUSTO CURY,02/10/1958,3,Válido,nao,,52,1.14,1.139601140,JULIO CESAR DELGADO,JÚLIO DELGADO,AVANTE,v,,,,,04/10/2026 18:31:51,sim
1,04/10/2026,6257,Presidente,1,municipio,TO,96199,1721109,TOCANTÍNIA,,,,,PARTIDO NOVO,i,NOVO,0,30,NOVO,PARTIDO NOVO,,30,280002539826,ROMEU ZEMA NETO,ZEMA,28/10/1964,6,Válido,nao,,2,0.04,0.043830813,LUIS EDUARDO GRANGEIRO GIRÃO,EDUARDO GIRÃO,NOVO,v,,,,,04/10/2026 18:31:51,sim
1,04/10/2026,6257,Presidente,1,municipio,TO,96199,1721109,TOCANTÍNIA,,,,,UNIDADE POPULAR,i,UP,0,80,UP,UNIDADE POPULAR,,80,280002538811,SAMARA MARTINS DA SILVA FEITOSA,SAMARA,31/08/1987,7,Válido,nao,,0,0.00,0,RAQUEL NONATO DE BRICIO,RAQUEL BRÍCIO,UP,v,,,,,04/10/2026 18:31:51,sim
1,04/10/2026,6257,Presidente,1,municipio,TO,96199,1721109,TOCANTÍNIA,,,,,DEMOCRATA,i,DEMOCRATA,0,35,DEMOCRATA,DEMOCRATA,,35,280002548139,WILSON GRASSI JUNIOR,VETERINÁRIO WILSON GRASSI,13/03/1970,11,Válido,nao,,0,0.00,0,SUÊD HAIDAR NOGUEIRA,SUÊD HAIDAR,DEMOCRATA,v,,,,,04/10/2026 18:31:51,sim
1,04/10/2026,6257,Presidente,1,municipio,TO,96199,1721109,TOCANTÍNIA,,,,,PARTIDO MISSÃO,i,MISSÃO,0,14,MISSÃO,PARTIDO MISSÃO,,14,280002540694,RENAN ANTONIO FERREIRA DOS SANTOS,RENAN SANTOS,14/02/1984,5,Válido,nao,,27,0.59,0.591715976,AROLDO MEDINA,CORONEL MEDINA,MISSÃO,v,,,,,04/10/2026 18:31:51,sim
1,04/10/2026,6257,Presidente,1,municipio,TO,96199,1721109,TOCANTÍNIA,,,,,PARTIDO DA CAUSA OPERÁRIA,i,PCO,0,29,PCO,PARTIDO DA CAUSA OPERÁRIA,,29,280002552487,RUI COSTA PIMENTA,RUI COSTA PIMENTA,25/06/1957,12,Válido,nao,,0,0.00,0,ANTONIO CARLOS SILVA,ANTÔNIO CARLOS,PCO,v,,,,,04/10/2026 18:31:51,sim
1,04/10/2026,6257,Presidente,1,municipio,TO,96210,1721208,TOCANTINÓPOLIS,,,,,PARTIDO LIBERAL,i,PL,0,22,PL,PARTIDO LIBERAL,,22,280002551544,FLAVIO NANTES BOLSONARO,FLAVIO BOLSONARO,30/04/1981,1,Válido,nao,,4330,33.61,33.612793045,ALFREDO GASPAR DE MENDONÇA NETO,ALFREDO GASPAR,PL,v,,,,,04/10/2026 18:49:58,sim
1,04/10/2026,6257,Presidente,1,municipio,TO,96210,1721208,TOCANTINÓPOLIS,,,,,PARTIDO SOCIAL DEMOCRÁTICO,i,PSD,0,55,PSD,PARTIDO SOCIAL DEMOCRÁTICO,,55,280002551932,RONALDO RAMOS CAIADO,RONALDO CAIADO,25/09/1949,4,Válido,nao,,167,1.30,1.296382549,GILBERTO KASSAB,GILBERTO KASSAB,PSD,v,,,,,04/10/2026 18:49:58,sim
1,04/10/2026,6257,Presidente,1,municipio,TO,96210,1721208,TOCANTINÓPOLIS,,PT/PC do B/PV,FEDERAÇÃO BRASIL DA ESPERANÇA - FE BRASIL,PT/PC do B/PV,BRASIL PRONTO PRA MAIS,c,PSB / PDT / PCDOB / PT / PV / PSOL / REDE,,13,PT,PARTIDO DOS TRABALHADORES,101,13,280002542548,LUIZ INÁCIO LULA DA SILVA,LULA,06/10/1945,2,Válido,nao,,7921,61.49,61.488899239,GERALDO JOSE RODRIGUES ALCKMIN FILHO,GERALDO ALCKMIN,PSB,v,,,,,04/10/2026 18:49:58,sim
1,04/10/2026,6257,Presidente,1,municipio,TO,96210,1721208,TOCANTINÓPOLIS,,,,,DEMOCRACIA CRISTÃ,i,DC,0,27,DC,DEMOCRACIA CRISTÃ,,27,280002552484,CLARIANA ZACARKIM BARAO,CLARIANA BARAO,03/04/1987,9,Válido,nao,,3,0.02,0.023288309,FABIANA CRISTINA TAVARES TORQUATO,FABIANA TORQUATO,DC,v,,,,,04/10/2026 18:49:58,sim
1,04/10/2026,6257,Presidente,1,municipio,TO,96210,1721208,TOCANTINÓPOLIS,,,,,PARTIDO COMUNISTA BRASILEIRO,i,PCB,0,21,PCB,PARTIDO COMUNISTA BRASILEIRO,,21,280002551975,EDMILSON SILVA COSTA,EDMILSON COSTA,08/04/1950,10,Válido,nao,,1,0.01,0.007762770,CLEUSA DOS SANTOS,CLEUSA SANTOS,PCB,v,,,,,04/10/2026 18:49:58,sim
1,04/10/2026,6257,Presidente,1,municipio,TO,96210,1721208,TOCANTINÓPOLIS,,,,,PARTIDO SOCIALISTA  DOS TRABALHADORES UNIFICADO,i,PSTU,0,16,PSTU,PARTIDO SOCIALISTA  DOS TRABALHADORES UNIFICADO,,16,280002541457,HERTZ DA CONCEICAO DIAS,HERTZ DIAS,20/10/1970,8,Válido,nao,,0,0.00,0,VANESSA PORTUGAL BARBOSA,VANESSA PORTUGAL,PSTU,v,,,,,04/10/2026 18:49:58,sim
1,04/10/2026,6257,Presidente,1,municipio,TO,96210,1721208,TOCANTINÓPOLIS,,,,,BRASIL DOS NOSSOS SONHOS,c,AGIR / AVANTE,,70,AVANTE,AVANTE,,70,280002551547,AUGUSTO JORGE CURY,ESCRITOR AUGUSTO CURY,02/10/1958,3,Válido,nao,,263,2.04,2.041608446,JULIO CESAR DELGADO,JÚLIO DELGADO,AVANTE,v,,,,,04/10/2026 18:49:58,sim
1,04/10/2026,6257,Presidente,1,municipio,TO,96210,1721208,TOCANTINÓPOLIS,,,,,PARTIDO NOVO,i,NOVO,0,30,NOVO,PARTIDO NOVO,,30,280002539826,ROMEU ZEMA NETO,ZEMA,28/10/1964,6,Válido,nao,,2,0.02,0.015525540,LUIS EDUARDO GRANGEIRO GIRÃO,EDUARDO GIRÃO,NOVO,v,,,,,04/10/2026 18:49:58,sim
1,04/10/2026,6257,Presidente,1,municipio,TO,96210,1721208,TOCANTINÓPOLIS,,,,,UNIDADE POPULAR,i,UP,0,80,UP,UNIDADE POPULAR,,80,280002538811,SAMARA MARTINS DA SILVA FEITOSA,SAMARA,31/08/1987,7,Válido,nao,,6,0.05,0.046576619,RAQUEL NONATO DE BRICIO,RAQUEL BRÍCIO,UP,v,,,,,04/10/2026 18:49:58,sim
1,04/10/2026,6257,Presidente,1,municipio,TO,96210,1721208,TOCANTINÓPOLIS,,,,,DEMOCRATA,i,DEMOCRATA,0,35,DEMOCRATA,DEMOCRATA,,35,280002548139,WILSON GRASSI JUNIOR,VETERINÁRIO WILSON GRASSI,13/03/1970,11,Válido,nao,,0,0.00,0,SUÊD HAIDAR NOGUEIRA,SUÊD HAIDAR,DEMOCRATA,v,,,,,04/10/2026 18:49:58,sim
1,04/10/2026,6257,Presidente,1,municipio,TO,96210,1721208,TOCANTINÓPOLIS,,,,,PARTIDO MISSÃO,i,MISSÃO,0,14,MISSÃO,PARTIDO MISSÃO,,14,280002540694,RENAN ANTONIO FERREIRA DOS SANTOS,RENAN SANTOS,14/02/1984,5,Válido,nao,,189,1.47,1.467163484,AROLDO MEDINA,CORONEL MEDINA,MISSÃO,v,,,,,04/10/2026 18:49:58,sim
1,04/10/2026,6257,Presidente,1,municipio,TO,96210,1721208,TOCANTINÓPOLIS,,,,,PARTIDO DA CAUSA OPERÁRIA,i,PCO,0,29,PCO,PARTIDO DA CAUSA OPERÁRIA,,29,280002552487,RUI COSTA PIMENTA,RUI COSTA PIMENTA,25/06/1957,12,Válido,nao,,0,0.00,0,ANTONIO CARLOS SILVA,ANTÔNIO CARLOS,PCO,v,,,,,04/10/2026 18:49:58,sim
1,04/10/2026,6257,Presidente,1,municipio,TO,96270,1709302,GUARAÍ,,,,,PARTIDO LIBERAL,i,PL,0,22,PL,PARTIDO LIBERAL,,22,280002551544,FLAVIO NANTES BOLSONARO,FLAVIO BOLSONARO,30/04/1981,1,Válido,nao,,7851,55.78,55.779751332,ALFREDO GASPAR DE MENDONÇA NETO,ALFREDO GASPAR,PL,v,,,,,04/10/2026 18:17:49,sim
1,04/10/2026,6257,Presidente,1,municipio,TO,96270,1709302,GUARAÍ,,,,,PARTIDO SOCIAL DEMOCRÁTICO,i,PSD,0,55,PSD,PARTIDO SOCIAL DEMOCRÁTICO,,55,280002551932,RONALDO RAMOS CAIADO,RONALDO CAIADO,25/09/1949,4,Válido,nao,,313,2.22,2.223801066,GILBERTO KASSAB,GILBERTO KASSAB,PSD,v,,,,,04/10/2026 18:17:49,sim
1,04/10/2026,6257,Presidente,1,municipio,TO,96270,1709302,GUARAÍ,,PT/PC do B/PV,FEDERAÇÃO BRASIL DA ESPERANÇA - FE BRASIL,PT/PC do B/PV,BRASIL PRONTO PRA MAIS,c,PSB / PDT / PCDOB / PT / PV / PSOL / REDE,,13,PT,PARTIDO DOS TRABALHADORES,101,13,280002542548,LUIZ INÁCIO LULA DA SILVA,LULA,06/10/1945,2,Válido,nao,,5367,38.13,38.131438721,GERALDO JOSE RODRIGUES ALCKMIN FILHO,GERALDO ALCKMIN,PSB,v,,,,,04/10/2026 18:17:49,sim
1,04/10/2026,6257,Presidente,1,municipio,TO,96270,1709302,GUARAÍ,,,,,DEMOCRACIA CRISTÃ,i,DC,0,27,DC,DEMOCRACIA CRISTÃ,,27,280002552484,CLARIANA ZACARKIM BARAO,CLARIANA BARAO,03/04/1987,8,Válido,nao,,2,0.01,0.014209591,FABIANA CRISTINA TAVARES TORQUATO,FABIANA TORQUATO,DC,v,,,,,04/10/2026 18:17:49,sim
1,04/10/2026,6257,Presidente,1,municipio,TO,96270,1709302,GUARAÍ,,,,,PARTIDO COMUNISTA BRASILEIRO,i,PCB,0,21,PCB,PARTIDO COMUNISTA BRASILEIRO,,21,280002551975,EDMILSON SILVA COSTA,EDMILSON COSTA,08/04/1950,10,Válido,nao,,2,0.01,0.014209591,CLEUSA DOS SANTOS,CLEUSA SANTOS,PCB,v,,,,,04/10/2026 18:17:49,sim
1,04/10/2026,6257,Presidente,1,municipio,TO,96270,1709302,GUARAÍ,,,,,PARTIDO SOCIALISTA  DOS TRABALHADORES UNIFICADO,i,PSTU,0,16,PSTU,PARTIDO SOCIALISTA  DOS TRABALHADORES UNIFICADO,,16,280002541457,HERTZ DA CONCEICAO DIAS,HERTZ DIAS,20/10/1970,9,Válido,nao,,0,0.00,0,VANESSA PORTUGAL BARBOSA,VANESSA PORTUGAL,PSTU,v,,,,,04/10/2026 18:17:49,sim
1,04/10/2026,6257,Presidente,1,municipio,TO,96270,1709302,GUARAÍ,,,,,BRASIL DOS NOSSOS SONHOS,c,AGIR / AVANTE,,70,AVANTE,AVANTE,,70,280002551547,AUGUSTO JORGE CURY,ESCRITOR AUGUSTO CURY,02/10/1958,3,Válido,nao,,339,2.41,2.408525755,JULIO CESAR DELGADO,JÚLIO DELGADO,AVANTE,v,,,,,04/10/2026 18:17:49,sim
1,04/10/2026,6257,Presidente,1,municipio,TO,96270,1709302,GUARAÍ,,,,,PARTIDO NOVO,i,NOVO,0,30,NOVO,PARTIDO NOVO,,30,280002539826,ROMEU ZEMA NETO,ZEMA,28/10/1964,6,Válido,nao,,3,0.02,0.021314387,LUIS EDUARDO GRANGEIRO GIRÃO,EDUARDO GIRÃO,NOVO,v,,,,,04/10/2026 18:17:49,sim
1,04/10/2026,6257,Presidente,1,municipio,TO,96270,1709302,GUARAÍ,,,,,UNIDADE POPULAR,i,UP,0,80,UP,UNIDADE POPULAR,,80,280002538811,SAMARA MARTINS DA SILVA FEITOSA,SAMARA,31/08/1987,7,Válido,nao,,2,0.01,0.014209591,RAQUEL NONATO DE BRICIO,RAQUEL BRÍCIO,UP,v,,,,,04/10/2026 18:17:49,sim
1,04/10/2026,6257,Presidente,1,municipio,TO,96270,1709302,GUARAÍ,,,,,DEMOCRATA,i,DEMOCRATA,0,35,DEMOCRATA,DEMOCRATA,,35,280002548139,WILSON GRASSI JUNIOR,VETERINÁRIO WILSON GRASSI,13/03/1970,11,Válido,nao,,0,0.00,0,SUÊD HAIDAR NOGUEIRA,SUÊD HAIDAR,DEMOCRATA,v,,,,,04/10/2026 18:17:49,sim
1,04/10/2026,6257,Presidente,1,municipio,TO,96270,1709302,GUARAÍ,,,,,PARTIDO MISSÃO,i,MISSÃO,0,14,MISSÃO,PARTIDO MISSÃO,,14,280002540694,RENAN ANTONIO FERREIRA DOS SANTOS,RENAN SANTOS,14/02/1984,5,Válido,nao,,195,1.39,1.385435169,AROLDO MEDINA,CORONEL MEDINA,MISSÃO,v,,,,,04/10/2026 18:17:49,sim
1,04/10/2026,6257,Presidente,1,municipio,TO,96270,1709302,GUARAÍ,,,,,PARTIDO DA CAUSA OPERÁRIA,i,PCO,0,29,PCO,PARTIDO DA CAUSA OPERÁRIA,,29,280002552487,RUI COSTA PIMENTA,RUI COSTA PIMENTA,25/06/1957,12,Válido,nao,,1,0.01,0.007104796,ANTONIO CARLOS SILVA,ANTÔNIO CARLOS,PCO,v,,,,,04/10/2026 18:17:49,sim
1,04/10/2026,6257,Presidente,1,municipio,TO,96296,1718402,PRESIDENTE KENNEDY,,,,,PARTIDO LIBERAL,i,PL,0,22,PL,PARTIDO LIBERAL,,22,280002551544,FLAVIO NANTES BOLSONARO,FLAVIO BOLSONARO,30/04/1981,1,Válido,nao,,1067,47.57,47.570218457,ALFREDO GASPAR DE MENDONÇA NETO,ALFREDO GASPAR,PL,v,,,,,04/10/2026 18:24:57,sim
1,04/10/2026,6257,Presidente,1,municipio,TO,96296,1718402,PRESIDENTE KENNEDY,,,,,PARTIDO SOCIAL DEMOCRÁTICO,i,PSD,0,55,PSD,PARTIDO SOCIAL DEMOCRÁTICO,,55,280002551932,RONALDO RAMOS CAIADO,RONALDO CAIADO,25/09/1949,4,Válido,nao,,55,2.45,2.452073116,GILBERTO KASSAB,GILBERTO KASSAB,PSD,v,,,,,04/10/2026 18:24:57,sim
1,04/10/2026,6257,Presidente,1,municipio,TO,96296,1718402,PRESIDENTE KENNEDY,,PT/PC do B/PV,FEDERAÇÃO BRASIL DA ESPERANÇA - FE BRASIL,PT/PC do B/PV,BRASIL PRONTO PRA MAIS,c,PSB / PDT / PCDOB / PT / PV / PSOL / REDE,,13,PT,PARTIDO DOS TRABALHADORES,101,13,280002542548,LUIZ INÁCIO LULA DA SILVA,LULA,06/10/1945,2,Válido,nao,,1051,46.86,46.856888096,GERALDO JOSE RODRIGUES ALCKMIN FILHO,GERALDO ALCKMIN,PSB,v,,,,,04/10/2026 18:24:57,sim
1,04/10/2026,6257,Presidente,1,municipio,TO,96296,1718402,PRESIDENTE KENNEDY,,,,,DEMOCRACIA CRISTÃ,i,DC,0,27,DC,DEMOCRACIA CRISTÃ,,27,280002552484,CLARIANA ZACARKIM BARAO,CLARIANA BARAO,03/04/1987,8,Válido,nao,,2,0.09,0.089166295,FABIANA CRISTINA TAVARES TORQUATO,FABIANA TORQUATO,DC,v,,,,,04/10/2026 18:24:57,sim
1,04/10/2026,6257,Presidente,1,municipio,TO,96296,1718402,PRESIDENTE KENNEDY,,,,,PARTIDO COMUNISTA BRASILEIRO,i,PCB,0,21,PCB,PARTIDO COMUNISTA BRASILEIRO,,21,280002551975,EDMILSON SILVA COSTA,EDMILSON COSTA,08/04/1950,10,Válido,nao,,1,0.04,0.044583148,CLEUSA DOS SANTOS,CLEUSA SANTOS,PCB,v,,,,,04/10/2026 18:24:57,sim
1,04/10/2026,6257,Presidente,1,municipio,TO,96296,1718402,PRESIDENTE KENNEDY,,,,,PARTIDO SOCIALISTA  DOS TRABALHADORES UNIFICADO,i,PSTU,0,16,PSTU,PARTIDO SOCIALISTA  DOS TRABALHADORES UNIFICADO,,16,280002541457,HERTZ DA CONCEICAO DIAS,HERTZ DIAS,20/10/1970,9,Válido,nao,,0,0.00,0,VANESSA PORTUGAL BARBOSA,VANESSA PORTUGAL,PSTU,v,,,,,04/10/2026 18:24:57,sim
1,04/10/2026,6257,Presidente,1,municipio,TO,96296,1718402,PRESIDENTE KENNEDY,,,,,BRASIL DOS NOSSOS SONHOS,c,AGIR / AVANTE,,70,AVANTE,AVANTE,,70,280002551547,AUGUSTO JORGE CURY,ESCRITOR AUGUSTO CURY,02/10/1958,3,Válido,nao,,55,2.45,2.452073116,JULIO CESAR DELGADO,JÚLIO DELGADO,AVANTE,v,,,,,04/10/2026 18:24:57,sim
1,04/10/2026,6257,Presidente,1,municipio,TO,96296,1718402,PRESIDENTE KENNEDY,,,,,PARTIDO NOVO,i,NOVO,0,30,NOVO,PARTIDO NOVO,,30,280002539826,ROMEU ZEMA NETO,ZEMA,28/10/1964,6,Válido,nao,,1,0.04,0.044583148,LUIS EDUARDO GRANGEIRO GIRÃO,EDUARDO GIRÃO,NOVO,v,,,,,04/10/2026 18:24:57,sim
1,04/10/2026,6257,Presidente,1,municipio,TO,96296,1718402,PRESIDENTE KENNEDY,,,,,UNIDADE POPULAR,i,UP,0,80,UP,UNIDADE POPULAR,,80,280002538811,SAMARA MARTINS DA SILVA FEITOSA,SAMARA,31/08/1987,7,Válido,nao,,1,0.04,0.044583148,RAQUEL NONATO DE BRICIO,RAQUEL BRÍCIO,UP,v,,,,,04/10/2026 18:24:57,sim
1,04/10/2026,6257,Presidente,1,municipio,TO,96296,1718402,PRESIDENTE KENNEDY,,,,,DEMOCRATA,i,DEMOCRATA,0,35,DEMOCRATA,DEMOCRATA,,35,280002548139,WILSON GRASSI JUNIOR,VETERINÁRIO WILSON GRASSI,13/03/1970,11,Válido,nao,,0,0.00,0,SUÊD HAIDAR NOGUEIRA,SUÊD HAIDAR,DEMOCRATA,v,,,,,04/10/2026 18:24:57,sim
1,04/10/2026,6257,Presidente,1,municipio,TO,96296,1718402,PRESIDENTE KENNEDY,,,,,PARTIDO MISSÃO,i,MISSÃO,0,14,MISSÃO,PARTIDO MISSÃO,,14,280002540694,RENAN ANTONIO FERREIRA DOS SANTOS,RENAN SANTOS,14/02/1984,5,Válido,nao,,10,0.45,0.445831476,AROLDO MEDINA,CORONEL MEDINA,MISSÃO,v,,,,,04/10/2026 18:24:57,sim
1,04/10/2026,6257,Presidente,1,municipio,TO,96296,1718402,PRESIDENTE KENNEDY,,,,,PARTIDO DA CAUSA OPERÁRIA,i,PCO,0,29,PCO,PARTIDO DA CAUSA OPERÁRIA,,29,280002552487,RUI COSTA PIMENTA,RUI COSTA PIMENTA,25/06/1957,12,Válido,nao,,0,0.00,0,ANTONIO CARLOS SILVA,ANTÔNIO CARLOS,PCO,v,,,,,04/10/2026 18:24:57,sim
1,04/10/2026,6257,Presidente,1,municipio,TO,96431,1722107,XAMBIOÁ,,,,,PARTIDO LIBERAL,i,PL,0,22,PL,PARTIDO LIBERAL,,22,280002551544,FLAVIO NANTES BOLSONARO,FLAVIO BOLSONARO,30/04/1981,1,Válido,nao,,3568,52.00,52.004081038,ALFREDO GASPAR DE MENDONÇA NETO,ALFREDO GASPAR,PL,v,,,,,04/10/2026 17:49:25,sim
1,04/10/2026,6257,Presidente,1,municipio,TO,96431,1722107,XAMBIOÁ,,,,,PARTIDO SOCIAL DEMOCRÁTICO,i,PSD,0,55,PSD,PARTIDO SOCIAL DEMOCRÁTICO,,55,280002551932,RONALDO RAMOS CAIADO,RONALDO CAIADO,25/09/1949,4,Válido,nao,,77,1.12,1.122285381,GILBERTO KASSAB,GILBERTO KASSAB,PSD,v,,,,,04/10/2026 17:49:25,sim
1,04/10/2026,6257,Presidente,1,municipio,TO,96431,1722107,XAMBIOÁ,,PT/PC do B/PV,FEDERAÇÃO BRASIL DA ESPERANÇA - FE BRASIL,PT/PC do B/PV,BRASIL PRONTO PRA MAIS,c,PSB / PDT / PCDOB / PT / PV / PSOL / REDE,,13,PT,PARTIDO DOS TRABALHADORES,101,13,280002542548,LUIZ INÁCIO LULA DA SILVA,LULA,06/10/1945,2,Válido,nao,,3006,43.81,43.812855269,GERALDO JOSE RODRIGUES ALCKMIN FILHO,GERALDO ALCKMIN,PSB,v,,,,,04/10/2026 17:49:25,sim
1,04/10/2026,6257,Presidente,1,municipio,TO,96431,1722107,XAMBIOÁ,,,,,DEMOCRACIA CRISTÃ,i,DC,0,27,DC,DEMOCRACIA CRISTÃ,,27,280002552484,CLARIANA ZACARKIM BARAO,CLARIANA BARAO,03/04/1987,8,Válido,nao,,1,0.01,0.014575135,FABIANA CRISTINA TAVARES TORQUATO,FABIANA TORQUATO,DC,v,,,,,04/10/2026 17:49:25,sim
1,04/10/2026,6257,Presidente,1,municipio,TO,96431,1722107,XAMBIOÁ,,,,,PARTIDO COMUNISTA BRASILEIRO,i,PCB,0,21,PCB,PARTIDO COMUNISTA BRASILEIRO,,21,280002551975,EDMILSON SILVA COSTA,EDMILSON COSTA,08/04/1950,10,Válido,nao,,1,0.01,0.014575135,CLEUSA DOS SANTOS,CLEUSA SANTOS,PCB,v,,,,,04/10/2026 17:49:25,sim
1,04/10/2026,6257,Presidente,1,municipio,TO,96431,1722107,XAMBIOÁ,,,,,PARTIDO SOCIALISTA  DOS TRABALHADORES UNIFICADO,i,PSTU,0,16,PSTU,PARTIDO SOCIALISTA  DOS TRABALHADORES UNIFICADO,,16,280002541457,HERTZ DA CONCEICAO DIAS,HERTZ DIAS,20/10/1970,9,Válido,nao,,1,0.01,0.014575135,VANESSA PORTUGAL BARBOSA,VANESSA PORTUGAL,PSTU,v,,,,,04/10/2026 17:49:25,sim
1,04/10/2026,6257,Presidente,1,municipio,TO,96431,1722107,XAMBIOÁ,,,,,BRASIL DOS NOSSOS SONHOS,c,AGIR / AVANTE,,70,AVANTE,AVANTE,,70,280002551547,AUGUSTO JORGE CURY,ESCRITOR AUGUSTO CURY,02/10/1958,3,Válido,nao,,92,1.34,1.340912403,JULIO CESAR DELGADO,JÚLIO DELGADO,AVANTE,v,,,,,04/10/2026 17:49:25,sim
1,04/10/2026,6257,Presidente,1,municipio,TO,96431,1722107,XAMBIOÁ,,,,,PARTIDO NOVO,i,NOVO,0,30,NOVO,PARTIDO NOVO,,30,280002539826,ROMEU ZEMA NETO,ZEMA,28/10/1964,6,Válido,nao,,3,0.04,0.043725404,LUIS EDUARDO GRANGEIRO GIRÃO,EDUARDO GIRÃO,NOVO,v,,,,,04/10/2026 17:49:25,sim
1,04/10/2026,6257,Presidente,1,municipio,TO,96431,1722107,XAMBIOÁ,,,,,UNIDADE POPULAR,i,UP,0,80,UP,UNIDADE POPULAR,,80,280002538811,SAMARA MARTINS DA SILVA FEITOSA,SAMARA,31/08/1987,7,Válido,nao,,1,0.01,0.014575135,RAQUEL NONATO DE BRICIO,RAQUEL BRÍCIO,UP,v,,,,,04/10/2026 17:49:25,sim
1,04/10/2026,6257,Presidente,1,municipio,TO,96431,1722107,XAMBIOÁ,,,,,DEMOCRATA,i,DEMOCRATA,0,35,DEMOCRATA,DEMOCRATA,,35,280002548139,WILSON GRASSI JUNIOR,VETERINÁRIO WILSON GRASSI,13/03/1970,11,Válido,nao,,1,0.01,0.014575135,SUÊD HAIDAR NOGUEIRA,SUÊD HAIDAR,DEMOCRATA,v,,,,,04/10/2026 17:49:25,sim
1,04/10/2026,6257,Presidente,1,municipio,TO,96431,1722107,XAMBIOÁ,,,,,PARTIDO MISSÃO,i,MISSÃO,0,14,MISSÃO,PARTIDO MISSÃO,,14,280002540694,RENAN ANTONIO FERREIRA DOS SANTOS,RENAN SANTOS,14/02/1984,5,Válido,nao,,109,1.59,1.588689695,AROLDO MEDINA,CORONEL MEDINA,MISSÃO,v,,,,,04/10/2026 17:49:25,sim
1,04/10/2026,6257,Presidente,1,municipio,TO,96431,1722107,XAMBIOÁ,,,,,PARTIDO DA CAUSA OPERÁRIA,i,PCO,0,29,PCO,PARTIDO DA CAUSA OPERÁRIA,,29,280002552487,RUI COSTA PIMENTA,RUI COSTA PIMENTA,25/06/1957,12,Válido,nao,,1,0.01,0.014575135,ANTONIO CARLOS SILVA,ANTÔNIO CARLOS,PCO,v,,,,,04/10/2026 17:49:25,sim
1,04/10/2026,6257,Presidente,1,municipio,TO,96490,1715754,PALMEIRÓPOLIS,,,,,PARTIDO LIBERAL,i,PL,0,22,PL,PARTIDO LIBERAL,,22,280002551544,FLAVIO NANTES BOLSONARO,FLAVIO BOLSONARO,30/04/1981,1,Válido,nao,,2777,57.95,57.950751252,ALFREDO GASPAR DE MENDONÇA NETO,ALFREDO GASPAR,PL,v,,,,,04/10/2026 19:02:27,sim
1,04/10/2026,6257,Presidente,1,municipio,TO,96490,1715754,PALMEIRÓPOLIS,,,,,PARTIDO SOCIAL DEMOCRÁTICO,i,PSD,0,55,PSD,PARTIDO SOCIAL DEMOCRÁTICO,,55,280002551932,RONALDO RAMOS CAIADO,RONALDO CAIADO,25/09/1949,4,Válido,nao,,184,3.84,3.839732888,GILBERTO KASSAB,GILBERTO KASSAB,PSD,v,,,,,04/10/2026 19:02:27,sim
1,04/10/2026,6257,Presidente,1,municipio,TO,96490,1715754,PALMEIRÓPOLIS,,PT/PC do B/PV,FEDERAÇÃO BRASIL DA ESPERANÇA - FE BRASIL,PT/PC do B/PV,BRASIL PRONTO PRA MAIS,c,PSB / PDT / PCDOB / PT / PV / PSOL / REDE,,13,PT,PARTIDO DOS TRABALHADORES,101,13,280002542548,LUIZ INÁCIO LULA DA SILVA,LULA,06/10/1945,2,Válido,nao,,1716,35.81,35.809682805,GERALDO JOSE RODRIGUES ALCKMIN FILHO,GERALDO ALCKMIN,PSB,v,,,,,04/10/2026 19:02:27,sim
1,04/10/2026,6257,Presidente,1,municipio,TO,96490,1715754,PALMEIRÓPOLIS,,,,,DEMOCRACIA CRISTÃ,i,DC,0,27,DC,DEMOCRACIA CRISTÃ,,27,280002552484,CLARIANA ZACARKIM BARAO,CLARIANA BARAO,03/04/1987,9,Válido,nao,,1,0.02,0.020868114,FABIANA CRISTINA TAVARES TORQUATO,FABIANA TORQUATO,DC,v,,,,,04/10/2026 19:02:27,sim
1,04/10/2026,6257,Presidente,1,municipio,TO,96490,1715754,PALMEIRÓPOLIS,,,,,PARTIDO COMUNISTA BRASILEIRO,i,PCB,0,21,PCB,PARTIDO COMUNISTA BRASILEIRO,,21,280002551975,EDMILSON SILVA COSTA,EDMILSON COSTA,08/04/1950,10,Válido,nao,,0,0.00,0,CLEUSA DOS SANTOS,CLEUSA SANTOS,PCB,v,,,,,04/10/2026 19:02:27,sim
1,04/10/2026,6257,Presidente,1,municipio,TO,96490,1715754,PALMEIRÓPOLIS,,,,,PARTIDO SOCIALISTA  DOS TRABALHADORES UNIFICADO,i,PSTU,0,16,PSTU,PARTIDO SOCIALISTA  DOS TRABALHADORES UNIFICADO,,16,280002541457,HERTZ DA CONCEICAO DIAS,HERTZ DIAS,20/10/1970,8,Válido,nao,,0,0.00,0,VANESSA PORTUGAL BARBOSA,VANESSA PORTUGAL,PSTU,v,,,,,04/10/2026 19:02:27,sim
1,04/10/2026,6257,Presidente,1,municipio,TO,96490,1715754,PALMEIRÓPOLIS,,,,,BRASIL DOS NOSSOS SONHOS,c,AGIR / AVANTE,,70,AVANTE,AVANTE,,70,280002551547,AUGUSTO JORGE CURY,ESCRITOR AUGUSTO CURY,02/10/1958,3,Válido,nao,,58,1.21,1.210350584,JULIO CESAR DELGADO,JÚLIO DELGADO,AVANTE,v,,,,,04/10/2026 19:02:27,sim
1,04/10/2026,6257,Presidente,1,municipio,TO,96490,1715754,PALMEIRÓPOLIS,,,,,PARTIDO NOVO,i,NOVO,0,30,NOVO,PARTIDO NOVO,,30,280002539826,ROMEU ZEMA NETO,ZEMA,28/10/1964,6,Válido,nao,,2,0.04,0.041736227,LUIS EDUARDO GRANGEIRO GIRÃO,EDUARDO GIRÃO,NOVO,v,,,,,04/10/2026 19:02:27,sim
1,04/10/2026,6257,Presidente,1,municipio,TO,96490,1715754,PALMEIRÓPOLIS,,,,,UNIDADE POPULAR,i,UP,0,80,UP,UNIDADE POPULAR,,80,280002538811,SAMARA MARTINS DA SILVA FEITOSA,SAMARA,31/08/1987,7,Válido,nao,,0,0.00,0,RAQUEL NONATO DE BRICIO,RAQUEL BRÍCIO,UP,v,,,,,04/10/2026 19:02:27,sim
1,04/10/2026,6257,Presidente,1,municipio,TO,96490,1715754,PALMEIRÓPOLIS,,,,,DEMOCRATA,i,DEMOCRATA,0,35,DEMOCRATA,DEMOCRATA,,35,280002548139,WILSON GRASSI JUNIOR,VETERINÁRIO WILSON GRASSI,13/03/1970,11,Válido,nao,,1,0.02,0.020868114,SUÊD HAIDAR NOGUEIRA,SUÊD HAIDAR,DEMOCRATA,v,,,,,04/10/2026 19:02:27,sim
1,04/10/2026,6257,Presidente,1,municipio,TO,96490,1715754,PALMEIRÓPOLIS,,,,,PARTIDO MISSÃO,i,MISSÃO,0,14,MISSÃO,PARTIDO MISSÃO,,14,280002540694,RENAN ANTONIO FERREIRA DOS SANTOS,RENAN SANTOS,14/02/1984,5,Válido,nao,,53,1.11,1.106010017,AROLDO MEDINA,CORONEL MEDINA,MISSÃO,v,,,,,04/10/2026 19:02:27,sim
1,04/10/2026,6257,Presidente,1,municipio,TO,96490,1715754,PALMEIRÓPOLIS,,,,,PARTIDO DA CAUSA OPERÁRIA,i,PCO,0,29,PCO,PARTIDO DA CAUSA OPERÁRIA,,29,280002552487,RUI COSTA PIMENTA,RUI COSTA PIMENTA,25/06/1957,12,Válido,nao,,0,0.00,0,ANTONIO CARLOS SILVA,ANTÔNIO CARLOS,PCO,v,,,,,04/10/2026 19:02:27,sim
1,04/10/2026,6257,Presidente,1,municipio,TO,96598,1720655,SILVANÓPOLIS,,,,,PARTIDO LIBERAL,i,PL,0,22,PL,PARTIDO LIBERAL,,22,280002551544,FLAVIO NANTES BOLSONARO,FLAVIO BOLSONARO,30/04/1981,1,Válido,nao,,1827,47.01,47.014925373,ALFREDO GASPAR DE MENDONÇA NETO,ALFREDO GASPAR,PL,v,,,,,04/10/2026 19:13:45,sim
1,04/10/2026,6257,Presidente,1,municipio,TO,96598,1720655,SILVANÓPOLIS,,,,,PARTIDO SOCIAL DEMOCRÁTICO,i,PSD,0,55,PSD,PARTIDO SOCIAL DEMOCRÁTICO,,55,280002551932,RONALDO RAMOS CAIADO,RONALDO CAIADO,25/09/1949,5,Válido,nao,,124,3.19,3.190941843,GILBERTO KASSAB,GILBERTO KASSAB,PSD,v,,,,,04/10/2026 19:13:45,sim
1,04/10/2026,6257,Presidente,1,municipio,TO,96598,1720655,SILVANÓPOLIS,,PT/PC do B/PV,FEDERAÇÃO BRASIL DA ESPERANÇA - FE BRASIL,PT/PC do B/PV,BRASIL PRONTO PRA MAIS,c,PSB / PDT / PCDOB / PT / PV / PSOL / REDE,,13,PT,PARTIDO DOS TRABALHADORES,101,13,280002542548,LUIZ INÁCIO LULA DA SILVA,LULA,06/10/1945,2,Válido,nao,,1834,47.20,47.195059187,GERALDO JOSE RODRIGUES ALCKMIN FILHO,GERALDO ALCKMIN,PSB,v,,,,,04/10/2026 19:13:45,sim
1,04/10/2026,6257,Presidente,1,municipio,TO,96598,1720655,SILVANÓPOLIS,,,,,DEMOCRACIA CRISTÃ,i,DC,0,27,DC,DEMOCRACIA CRISTÃ,,27,280002552484,CLARIANA ZACARKIM BARAO,CLARIANA BARAO,03/04/1987,9,Válido,nao,,1,0.03,0.025733402,FABIANA CRISTINA TAVARES TORQUATO,FABIANA TORQUATO,DC,v,,,,,04/10/2026 19:13:45,sim
1,04/10/2026,6257,Presidente,1,municipio,TO,96598,1720655,SILVANÓPOLIS,,,,,PARTIDO COMUNISTA BRASILEIRO,i,PCB,0,21,PCB,PARTIDO COMUNISTA BRASILEIRO,,21,280002551975,EDMILSON SILVA COSTA,EDMILSON COSTA,08/04/1950,10,Válido,nao,,0,0.00,0,CLEUSA DOS SANTOS,CLEUSA SANTOS,PCB,v,,,,,04/10/2026 19:13:45,sim
1,04/10/2026,6257,Presidente,1,municipio,TO,96598,1720655,SILVANÓPOLIS,,,,,PARTIDO SOCIALISTA  DOS TRABALHADORES UNIFICADO,i,PSTU,0,16,PSTU,PARTIDO SOCIALISTA  DOS TRABALHADORES UNIFICADO,,16,280002541457,HERTZ DA CONCEICAO DIAS,HERTZ DIAS,20/10/1970,8,Válido,nao,,1,0.03,0.025733402,VANESSA PORTUGAL BARBOSA,VANESSA PORTUGAL,PSTU,v,,,,,04/10/2026 19:13:45,sim
1,04/10/2026,6257,Presidente,1,municipio,TO,96598,1720655,SILVANÓPOLIS,,,,,BRASIL DOS NOSSOS SONHOS,c,AGIR / AVANTE,,70,AVANTE,AVANTE,,70,280002551547,AUGUSTO JORGE CURY,ESCRITOR AUGUSTO CURY,02/10/1958,3,Válido,nao,,59,1.52,1.518270715,JULIO CESAR DELGADO,JÚLIO DELGADO,AVANTE,v,,,,,04/10/2026 19:13:45,sim
1,04/10/2026,6257,Presidente,1,municipio,TO,96598,1720655,SILVANÓPOLIS,,,,,PARTIDO NOVO,i,NOVO,0,30,NOVO,PARTIDO NOVO,,30,280002539826,ROMEU ZEMA NETO,ZEMA,28/10/1964,6,Válido,nao,,2,0.05,0.051466804,LUIS EDUARDO GRANGEIRO GIRÃO,EDUARDO GIRÃO,NOVO,v,,,,,04/10/2026 19:13:45,sim
1,04/10/2026,6257,Presidente,1,municipio,TO,96598,1720655,SILVANÓPOLIS,,,,,UNIDADE POPULAR,i,UP,0,80,UP,UNIDADE POPULAR,,80,280002538811,SAMARA MARTINS DA SILVA FEITOSA,SAMARA,31/08/1987,7,Válido,nao,,2,0.05,0.051466804,RAQUEL NONATO DE BRICIO,RAQUEL BRÍCIO,UP,v,,,,,04/10/2026 19:13:45,sim
1,04/10/2026,6257,Presidente,1,municipio,TO,96598,1720655,SILVANÓPOLIS,,,,,DEMOCRATA,i,DEMOCRATA,0,35,DEMOCRATA,DEMOCRATA,,35,280002548139,WILSON GRASSI JUNIOR,VETERINÁRIO WILSON GRASSI,13/03/1970,11,Válido,nao,,0,0.00,0,SUÊD HAIDAR NOGUEIRA,SUÊD HAIDAR,DEMOCRATA,v,,,,,04/10/2026 19:13:45,sim
1,04/10/2026,6257,Presidente,1,municipio,TO,96598,1720655,SILVANÓPOLIS,,,,,PARTIDO MISSÃO,i,MISSÃO,0,14,MISSÃO,PARTIDO MISSÃO,,14,280002540694,RENAN ANTONIO FERREIRA DOS SANTOS,RENAN SANTOS,14/02/1984,4,Válido,nao,,36,0.93,0.926402470,AROLDO MEDINA,CORONEL MEDINA,MISSÃO,v,,,,,04/10/2026 19:13:45,sim
1,04/10/2026,6257,Presidente,1,municipio,TO,96598,1720655,SILVANÓPOLIS,,,,,PARTIDO DA CAUSA OPERÁRIA,i,PCO,0,29,PCO,PARTIDO DA CAUSA OPERÁRIA,,29,280002552487,RUI COSTA PIMENTA,RUI COSTA PIMENTA,25/06/1957,12,Válido,nao,,0,0.00,0,ANTONIO CARLOS SILVA,ANTÔNIO CARLOS,PCO,v,,,,,04/10/2026 19:13:45,sim
1,04/10/2026,6257,Presidente,1,municipio,TO,96636,1714880,NOVA OLINDA,,,,,PARTIDO LIBERAL,i,PL,0,22,PL,PARTIDO LIBERAL,,22,280002551544,FLAVIO NANTES BOLSONARO,FLAVIO BOLSONARO,30/04/1981,1,Válido,nao,,3064,47.46,47.459727385,ALFREDO GASPAR DE MENDONÇA NETO,ALFREDO GASPAR,PL,v,,,,,04/10/2026 19:07:10,sim
1,04/10/2026,6257,Presidente,1,municipio,TO,96636,1714880,NOVA OLINDA,,,,,PARTIDO SOCIAL DEMOCRÁTICO,i,PSD,0,55,PSD,PARTIDO SOCIAL DEMOCRÁTICO,,55,280002551932,RONALDO RAMOS CAIADO,RONALDO CAIADO,25/09/1949,4,Válido,nao,,89,1.38,1.378562577,GILBERTO KASSAB,GILBERTO KASSAB,PSD,v,,,,,04/10/2026 19:07:10,sim
1,04/10/2026,6257,Presidente,1,municipio,TO,96636,1714880,NOVA OLINDA,,PT/PC do B/PV,FEDERAÇÃO BRASIL DA ESPERANÇA - FE BRASIL,PT/PC do B/PV,BRASIL PRONTO PRA MAIS,c,PSB / PDT / PCDOB / PT / PV / PSOL / REDE,,13,PT,PARTIDO DOS TRABALHADORES,101,13,280002542548,LUIZ INÁCIO LULA DA SILVA,LULA,06/10/1945,2,Válido,nao,,3104,48.08,48.079306072,GERALDO JOSE RODRIGUES ALCKMIN FILHO,GERALDO ALCKMIN,PSB,v,,,,,04/10/2026 19:07:10,sim
1,04/10/2026,6257,Presidente,1,municipio,TO,96636,1714880,NOVA OLINDA,,,,,DEMOCRACIA CRISTÃ,i,DC,0,27,DC,DEMOCRACIA CRISTÃ,,27,280002552484,CLARIANA ZACARKIM BARAO,CLARIANA BARAO,03/04/1987,9,Válido,nao,,0,0.00,0,FABIANA CRISTINA TAVARES TORQUATO,FABIANA TORQUATO,DC,v,,,,,04/10/2026 19:07:10,sim
1,04/10/2026,6257,Presidente,1,municipio,TO,96636,1714880,NOVA OLINDA,,,,,PARTIDO COMUNISTA BRASILEIRO,i,PCB,0,21,PCB,PARTIDO COMUNISTA BRASILEIRO,,21,280002551975,EDMILSON SILVA COSTA,EDMILSON COSTA,08/04/1950,10,Válido,nao,,0,0.00,0,CLEUSA DOS SANTOS,CLEUSA SANTOS,PCB,v,,,,,04/10/2026 19:07:10,sim
1,04/10/2026,6257,Presidente,1,municipio,TO,96636,1714880,NOVA OLINDA,,,,,PARTIDO SOCIALISTA  DOS TRABALHADORES UNIFICADO,i,PSTU,0,16,PSTU,PARTIDO SOCIALISTA  DOS TRABALHADORES UNIFICADO,,16,280002541457,HERTZ DA CONCEICAO DIAS,HERTZ DIAS,20/10/1970,8,Válido,nao,,0,0.00,0,VANESSA PORTUGAL BARBOSA,VANESSA PORTUGAL,PSTU,v,,,,,04/10/2026 19:07:10,sim
1,04/10/2026,6257,Presidente,1,municipio,TO,96636,1714880,NOVA OLINDA,,,,,BRASIL DOS NOSSOS SONHOS,c,AGIR / AVANTE,,70,AVANTE,AVANTE,,70,280002551547,AUGUSTO JORGE CURY,ESCRITOR AUGUSTO CURY,02/10/1958,3,Válido,nao,,137,2.12,2.122057001,JULIO CESAR DELGADO,JÚLIO DELGADO,AVANTE,v,,,,,04/10/2026 19:07:10,sim
1,04/10/2026,6257,Presidente,1,municipio,TO,96636,1714880,NOVA OLINDA,,,,,PARTIDO NOVO,i,NOVO,0,30,NOVO,PARTIDO NOVO,,30,280002539826,ROMEU ZEMA NETO,ZEMA,28/10/1964,6,Válido,nao,,0,0.00,0,LUIS EDUARDO GRANGEIRO GIRÃO,EDUARDO GIRÃO,NOVO,v,,,,,04/10/2026 19:07:10,sim
1,04/10/2026,6257,Presidente,1,municipio,TO,96636,1714880,NOVA OLINDA,,,,,UNIDADE POPULAR,i,UP,0,80,UP,UNIDADE POPULAR,,80,280002538811,SAMARA MARTINS DA SILVA FEITOSA,SAMARA,31/08/1987,7,Válido,nao,,1,0.02,0.015489467,RAQUEL NONATO DE BRICIO,RAQUEL BRÍCIO,UP,v,,,,,04/10/2026 19:07:10,sim
1,04/10/2026,6257,Presidente,1,municipio,TO,96636,1714880,NOVA OLINDA,,,,,DEMOCRATA,i,DEMOCRATA,0,35,DEMOCRATA,DEMOCRATA,,35,280002548139,WILSON GRASSI JUNIOR,VETERINÁRIO WILSON GRASSI,13/03/1970,11,Válido,nao,,0,0.00,0,SUÊD HAIDAR NOGUEIRA,SUÊD HAIDAR,DEMOCRATA,v,,,,,04/10/2026 19:07:10,sim
1,04/10/2026,6257,Presidente,1,municipio,TO,96636,1714880,NOVA OLINDA,,,,,PARTIDO MISSÃO,i,MISSÃO,0,14,MISSÃO,PARTIDO MISSÃO,,14,280002540694,RENAN ANTONIO FERREIRA DOS SANTOS,RENAN SANTOS,14/02/1984,5,Válido,nao,,60,0.93,0.929368030,AROLDO MEDINA,CORONEL MEDINA,MISSÃO,v,,,,,04/10/2026 19:07:10,sim
1,04/10/2026,6257,Presidente,1,municipio,TO,96636,1714880,NOVA OLINDA,,,,,PARTIDO DA CAUSA OPERÁRIA,i,PCO,0,29,PCO,PARTIDO DA CAUSA OPERÁRIA,,29,280002552487,RUI COSTA PIMENTA,RUI COSTA PIMENTA,25/06/1957,12,Válido,nao,,1,0.02,0.015489467,ANTONIO CARLOS SILVA,ANTÔNIO CARLOS,PCO,v,,,,,04/10/2026 19:07:10,sim
1,04/10/2026,6257,Presidente,1,municipio,TO,96652,1722081,WANDERLÂNDIA,,,,,PARTIDO LIBERAL,i,PL,0,22,PL,PARTIDO LIBERAL,,22,280002551544,FLAVIO NANTES BOLSONARO,FLAVIO BOLSONARO,30/04/1981,1,Válido,nao,,2519,44.07,44.069279216,ALFREDO GASPAR DE MENDONÇA NETO,ALFREDO GASPAR,PL,v,,,,,04/10/2026 18:47:44,sim
1,04/10/2026,6257,Presidente,1,municipio,TO,96652,1722081,WANDERLÂNDIA,,,,,PARTIDO SOCIAL DEMOCRÁTICO,i,PSD,0,55,PSD,PARTIDO SOCIAL DEMOCRÁTICO,,55,280002551932,RONALDO RAMOS CAIADO,RONALDO CAIADO,25/09/1949,4,Válido,nao,,72,1.26,1.259622113,GILBERTO KASSAB,GILBERTO KASSAB,PSD,v,,,,,04/10/2026 18:47:44,sim
1,04/10/2026,6257,Presidente,1,municipio,TO,96652,1722081,WANDERLÂNDIA,,PT/PC do B/PV,FEDERAÇÃO BRASIL DA ESPERANÇA - FE BRASIL,PT/PC do B/PV,BRASIL PRONTO PRA MAIS,c,PSB / PDT / PCDOB / PT / PV / PSOL / REDE,,13,PT,PARTIDO DOS TRABALHADORES,101,13,280002542548,LUIZ INÁCIO LULA DA SILVA,LULA,06/10/1945,2,Válido,nao,,2933,51.31,51.312106368,GERALDO JOSE RODRIGUES ALCKMIN FILHO,GERALDO ALCKMIN,PSB,v,,,,,04/10/2026 18:47:44,sim
1,04/10/2026,6257,Presidente,1,municipio,TO,96652,1722081,WANDERLÂNDIA,,,,,DEMOCRACIA CRISTÃ,i,DC,0,27,DC,DEMOCRACIA CRISTÃ,,27,280002552484,CLARIANA ZACARKIM BARAO,CLARIANA BARAO,03/04/1987,9,Válido,nao,,1,0.02,0.017494752,FABIANA CRISTINA TAVARES TORQUATO,FABIANA TORQUATO,DC,v,,,,,04/10/2026 18:47:44,sim
1,04/10/2026,6257,Presidente,1,municipio,TO,96652,1722081,WANDERLÂNDIA,,,,,PARTIDO COMUNISTA BRASILEIRO,i,PCB,0,21,PCB,PARTIDO COMUNISTA BRASILEIRO,,21,280002551975,EDMILSON SILVA COSTA,EDMILSON COSTA,08/04/1950,10,Válido,nao,,1,0.02,0.017494752,CLEUSA DOS SANTOS,CLEUSA SANTOS,PCB,v,,,,,04/10/2026 18:47:44,sim
1,04/10/2026,6257,Presidente,1,municipio,TO,96652,1722081,WANDERLÂNDIA,,,,,PARTIDO SOCIALISTA  DOS TRABALHADORES UNIFICADO,i,PSTU,0,16,PSTU,PARTIDO SOCIALISTA  DOS TRABALHADORES UNIFICADO,,16,280002541457,HERTZ DA CONCEICAO DIAS,HERTZ DIAS,20/10/1970,8,Válido,nao,,0,0.00,0,VANESSA PORTUGAL BARBOSA,VANESSA PORTUGAL,PSTU,v,,,,,04/10/2026 18:47:44,sim
1,04/10/2026,6257,Presidente,1,municipio,TO,96652,1722081,WANDERLÂNDIA,,,,,BRASIL DOS NOSSOS SONHOS,c,AGIR / AVANTE,,70,AVANTE,AVANTE,,70,280002551547,AUGUSTO JORGE CURY,ESCRITOR AUGUSTO CURY,02/10/1958,3,Válido,nao,,100,1.75,1.749475157,JULIO CESAR DELGADO,JÚLIO DELGADO,AVANTE,v,,,,,04/10/2026 18:47:44,sim
1,04/10/2026,6257,Presidente,1,municipio,TO,96652,1722081,WANDERLÂNDIA,,,,,PARTIDO NOVO,i,NOVO,0,30,NOVO,PARTIDO NOVO,,30,280002539826,ROMEU ZEMA NETO,ZEMA,28/10/1964,6,Válido,nao,,4,0.07,0.069979006,LUIS EDUARDO GRANGEIRO GIRÃO,EDUARDO GIRÃO,NOVO,v,,,,,04/10/2026 18:47:44,sim
1,04/10/2026,6257,Presidente,1,municipio,TO,96652,1722081,WANDERLÂNDIA,,,,,UNIDADE POPULAR,i,UP,0,80,UP,UNIDADE POPULAR,,80,280002538811,SAMARA MARTINS DA SILVA FEITOSA,SAMARA,31/08/1987,7,Válido,nao,,2,0.03,0.034989503,RAQUEL NONATO DE BRICIO,RAQUEL BRÍCIO,UP,v,,,,,04/10/2026 18:47:44,sim
1,04/10/2026,6257,Presidente,1,municipio,TO,96652,1722081,WANDERLÂNDIA,,,,,DEMOCRATA,i,DEMOCRATA,0,35,DEMOCRATA,DEMOCRATA,,35,280002548139,WILSON GRASSI JUNIOR,VETERINÁRIO WILSON GRASSI,13/03/1970,11,Válido,nao,,0,0.00,0,SUÊD HAIDAR NOGUEIRA,SUÊD HAIDAR,DEMOCRATA,v,,,,,04/10/2026 18:47:44,sim
1,04/10/2026,6257,Presidente,1,municipio,TO,96652,1722081,WANDERLÂNDIA,,,,,PARTIDO MISSÃO,i,MISSÃO,0,14,MISSÃO,PARTIDO MISSÃO,,14,280002540694,RENAN ANTONIO FERREIRA DOS SANTOS,RENAN SANTOS,14/02/1984,5,Válido,nao,,84,1.47,1.469559132,AROLDO MEDINA,CORONEL MEDINA,MISSÃO,v,,,,,04/10/2026 18:47:44,sim
1,04/10/2026,6257,Presidente,1,municipio,TO,96652,1722081,WANDERLÂNDIA,,,,,PARTIDO DA CAUSA OPERÁRIA,i,PCO,0,29,PCO,PARTIDO DA CAUSA OPERÁRIA,,29,280002552487,RUI COSTA PIMENTA,RUI COSTA PIMENTA,25/06/1957,12,Válido,nao,,0,0.00,0,ANTONIO CARLOS SILVA,ANTÔNIO CARLOS,PCO,v,,,,,04/10/2026 18:47:44,sim
1,04/10/2026,6257,Presidente,1,municipio,TO,96679,1707652,FIGUEIRÓPOLIS,,,,,PARTIDO LIBERAL,i,PL,0,22,PL,PARTIDO LIBERAL,,22,280002551544,FLAVIO NANTES BOLSONARO,FLAVIO BOLSONARO,30/04/1981,1,Válido,nao,,2037,56.43,56.426592798,ALFREDO GASPAR DE MENDONÇA NETO,ALFREDO GASPAR,PL,v,,,,,04/10/2026 18:59:45,sim
1,04/10/2026,6257,Presidente,1,municipio,TO,96679,1707652,FIGUEIRÓPOLIS,,,,,PARTIDO SOCIAL DEMOCRÁTICO,i,PSD,0,55,PSD,PARTIDO SOCIAL DEMOCRÁTICO,,55,280002551932,RONALDO RAMOS CAIADO,RONALDO CAIADO,25/09/1949,4,Válido,nao,,107,2.96,2.963988920,GILBERTO KASSAB,GILBERTO KASSAB,PSD,v,,,,,04/10/2026 18:59:45,sim
1,04/10/2026,6257,Presidente,1,municipio,TO,96679,1707652,FIGUEIRÓPOLIS,,PT/PC do B/PV,FEDERAÇÃO BRASIL DA ESPERANÇA - FE BRASIL,PT/PC do B/PV,BRASIL PRONTO PRA MAIS,c,PSB / PDT / PCDOB / PT / PV / PSOL / REDE,,13,PT,PARTIDO DOS TRABALHADORES,101,13,280002542548,LUIZ INÁCIO LULA DA SILVA,LULA,06/10/1945,2,Válido,nao,,1365,37.81,37.811634349,GERALDO JOSE RODRIGUES ALCKMIN FILHO,GERALDO ALCKMIN,PSB,v,,,,,04/10/2026 18:59:45,sim
1,04/10/2026,6257,Presidente,1,municipio,TO,96679,1707652,FIGUEIRÓPOLIS,,,,,DEMOCRACIA CRISTÃ,i,DC,0,27,DC,DEMOCRACIA CRISTÃ,,27,280002552484,CLARIANA ZACARKIM BARAO,CLARIANA BARAO,03/04/1987,9,Válido,nao,,1,0.03,0.027700831,FABIANA CRISTINA TAVARES TORQUATO,FABIANA TORQUATO,DC,v,,,,,04/10/2026 18:59:45,sim
1,04/10/2026,6257,Presidente,1,municipio,TO,96679,1707652,FIGUEIRÓPOLIS,,,,,PARTIDO COMUNISTA BRASILEIRO,i,PCB,0,21,PCB,PARTIDO COMUNISTA BRASILEIRO,,21,280002551975,EDMILSON SILVA COSTA,EDMILSON COSTA,08/04/1950,10,Válido,nao,,2,0.06,0.055401662,CLEUSA DOS SANTOS,CLEUSA SANTOS,PCB,v,,,,,04/10/2026 18:59:45,sim
1,04/10/2026,6257,Presidente,1,municipio,TO,96679,1707652,FIGUEIRÓPOLIS,,,,,PARTIDO SOCIALISTA  DOS TRABALHADORES UNIFICADO,i,PSTU,0,16,PSTU,PARTIDO SOCIALISTA  DOS TRABALHADORES UNIFICADO,,16,280002541457,HERTZ DA CONCEICAO DIAS,HERTZ DIAS,20/10/1970,8,Válido,nao,,0,0.00,0,VANESSA PORTUGAL BARBOSA,VANESSA PORTUGAL,PSTU,v,,,,,04/10/2026 18:59:45,sim
1,04/10/2026,6257,Presidente,1,municipio,TO,96679,1707652,FIGUEIRÓPOLIS,,,,,BRASIL DOS NOSSOS SONHOS,c,AGIR / AVANTE,,70,AVANTE,AVANTE,,70,280002551547,AUGUSTO JORGE CURY,ESCRITOR AUGUSTO CURY,02/10/1958,3,Válido,nao,,49,1.36,1.357340720,JULIO CESAR DELGADO,JÚLIO DELGADO,AVANTE,v,,,,,04/10/2026 18:59:45,sim
1,04/10/2026,6257,Presidente,1,municipio,TO,96679,1707652,FIGUEIRÓPOLIS,,,,,PARTIDO NOVO,i,NOVO,0,30,NOVO,PARTIDO NOVO,,30,280002539826,ROMEU ZEMA NETO,ZEMA,28/10/1964,6,Válido,nao,,3,0.08,0.083102493,LUIS EDUARDO GRANGEIRO GIRÃO,EDUARDO GIRÃO,NOVO,v,,,,,04/10/2026 18:59:45,sim
1,04/10/2026,6257,Presidente,1,municipio,TO,96679,1707652,FIGUEIRÓPOLIS,,,,,UNIDADE POPULAR,i,UP,0,80,UP,UNIDADE POPULAR,,80,280002538811,SAMARA MARTINS DA SILVA FEITOSA,SAMARA,31/08/1987,7,Válido,nao,,1,0.03,0.027700831,RAQUEL NONATO DE BRICIO,RAQUEL BRÍCIO,UP,v,,,,,04/10/2026 18:59:45,sim
1,04/10/2026,6257,Presidente,1,municipio,TO,96679,1707652,FIGUEIRÓPOLIS,,,,,DEMOCRATA,i,DEMOCRATA,0,35,DEMOCRATA,DEMOCRATA,,35,280002548139,WILSON GRASSI JUNIOR,VETERINÁRIO WILSON GRASSI,13/03/1970,11,Válido,nao,,0,0.00,0,SUÊD HAIDAR NOGUEIRA,SUÊD HAIDAR,DEMOCRATA,v,,,,,04/10/2026 18:59:45,sim
1,04/10/2026,6257,Presidente,1,municipio,TO,96679,1707652,FIGUEIRÓPOLIS,,,,,PARTIDO MISSÃO,i,MISSÃO,0,14,MISSÃO,PARTIDO MISSÃO,,14,280002540694,RENAN ANTONIO FERREIRA DOS SANTOS,RENAN SANTOS,14/02/1984,5,Válido,nao,,44,1.22,1.218836565,AROLDO MEDINA,CORONEL MEDINA,MISSÃO,v,,,,,04/10/2026 18:59:45,sim
1,04/10/2026,6257,Presidente,1,municipio,TO,96679,1707652,FIGUEIRÓPOLIS,,,,,PARTIDO DA CAUSA OPERÁRIA,i,PCO,0,29,PCO,PARTIDO DA CAUSA OPERÁRIA,,29,280002552487,RUI COSTA PIMENTA,RUI COSTA PIMENTA,25/06/1957,12,Válido,nao,,1,0.03,0.027700831,ANTONIO CARLOS SILVA,ANTÔNIO CARLOS,PCO,v,,,,,04/10/2026 18:59:45,sim
1,04/10/2026,6257,Presidente,1,municipio,TO,96792,1718758,RIO SONO,,,,,PARTIDO LIBERAL,i,PL,0,22,PL,PARTIDO LIBERAL,,22,280002551544,FLAVIO NANTES BOLSONARO,FLAVIO BOLSONARO,30/04/1981,1,Válido,nao,,1690,46.72,46.723804258,ALFREDO GASPAR DE MENDONÇA NETO,ALFREDO GASPAR,PL,v,,,,,04/10/2026 20:10:49,sim
1,04/10/2026,6257,Presidente,1,municipio,TO,96792,1718758,RIO SONO,,,,,PARTIDO SOCIAL DEMOCRÁTICO,i,PSD,0,55,PSD,PARTIDO SOCIAL DEMOCRÁTICO,,55,280002551932,RONALDO RAMOS CAIADO,RONALDO CAIADO,25/09/1949,5,Válido,nao,,61,1.69,1.686480509,GILBERTO KASSAB,GILBERTO KASSAB,PSD,v,,,,,04/10/2026 20:10:49,sim
1,04/10/2026,6257,Presidente,1,municipio,TO,96792,1718758,RIO SONO,,PT/PC do B/PV,FEDERAÇÃO BRASIL DA ESPERANÇA - FE BRASIL,PT/PC do B/PV,BRASIL PRONTO PRA MAIS,c,PSB / PDT / PCDOB / PT / PV / PSOL / REDE,,13,PT,PARTIDO DOS TRABALHADORES,101,13,280002542548,LUIZ INÁCIO LULA DA SILVA,LULA,06/10/1945,2,Válido,nao,,1783,49.29,49.294995853,GERALDO JOSE RODRIGUES ALCKMIN FILHO,GERALDO ALCKMIN,PSB,v,,,,,04/10/2026 20:10:49,sim
1,04/10/2026,6257,Presidente,1,municipio,TO,96792,1718758,RIO SONO,,,,,PARTIDO SOCIALISTA  DOS TRABALHADORES UNIFICADO,i,PSTU,0,16,PSTU,PARTIDO SOCIALISTA  DOS TRABALHADORES UNIFICADO,,16,280002541457,HERTZ DA CONCEICAO DIAS,HERTZ DIAS,20/10/1970,8,Válido,nao,,1,0.03,0.027647221,VANESSA PORTUGAL BARBOSA,VANESSA PORTUGAL,PSTU,v,,,,,04/10/2026 20:10:49,sim
1,04/10/2026,6257,Presidente,1,municipio,TO,96792,1718758,RIO SONO,,,,,PARTIDO COMUNISTA BRASILEIRO,i,PCB,0,21,PCB,PARTIDO COMUNISTA BRASILEIRO,,21,280002551975,EDMILSON SILVA COSTA,EDMILSON COSTA,08/04/1950,10,Válido,nao,,0,0.00,0,CLEUSA DOS SANTOS,CLEUSA SANTOS,PCB,v,,,,,04/10/2026 20:10:49,sim
1,04/10/2026,6257,Presidente,1,municipio,TO,96792,1718758,RIO SONO,,,,,DEMOCRACIA CRISTÃ,i,DC,0,27,DC,DEMOCRACIA CRISTÃ,,27,280002552484,CLARIANA ZACARKIM BARAO,CLARIANA BARAO,03/04/1987,9,Válido,nao,,0,0.00,0,FABIANA CRISTINA TAVARES TORQUATO,FABIANA TORQUATO,DC,v,,,,,04/10/2026 20:10:49,sim
1,04/10/2026,6257,Presidente,1,municipio,TO,96792,1718758,RIO SONO,,,,,PARTIDO NOVO,i,NOVO,0,30,NOVO,PARTIDO NOVO,,30,280002539826,ROMEU ZEMA NETO,ZEMA,28/10/1964,6,Válido,nao,,0,0.00,0,LUIS EDUARDO GRANGEIRO GIRÃO,EDUARDO GIRÃO,NOVO,v,,,,,04/10/2026 20:10:49,sim
1,04/10/2026,6257,Presidente,1,municipio,TO,96792,1718758,RIO SONO,,,,,BRASIL DOS NOSSOS SONHOS,c,AGIR / AVANTE,,70,AVANTE,AVANTE,,70,280002551547,AUGUSTO JORGE CURY,ESCRITOR AUGUSTO CURY,02/10/1958,3,Válido,nao,,65,1.80,1.797069395,JULIO CESAR DELGADO,JÚLIO DELGADO,AVANTE,v,,,,,04/10/2026 20:10:49,sim
1,04/10/2026,6257,Presidente,1,municipio,TO,96792,1718758,RIO SONO,,,,,DEMOCRATA,i,DEMOCRATA,0,35,DEMOCRATA,DEMOCRATA,,35,280002548139,WILSON GRASSI JUNIOR,VETERINÁRIO WILSON GRASSI,13/03/1970,11,Válido,nao,,1,0.03,0.027647221,SUÊD HAIDAR NOGUEIRA,SUÊD HAIDAR,DEMOCRATA,v,,,,,04/10/2026 20:10:49,sim
1,04/10/2026,6257,Presidente,1,municipio,TO,96792,1718758,RIO SONO,,,,,UNIDADE POPULAR,i,UP,0,80,UP,UNIDADE POPULAR,,80,280002538811,SAMARA MARTINS DA SILVA FEITOSA,SAMARA,31/08/1987,7,Válido,nao,,0,0.00,0,RAQUEL NONATO DE BRICIO,RAQUEL BRÍCIO,UP,v,,,,,04/10/2026 20:10:49,sim
1,04/10/2026,6257,Presidente,1,municipio,TO,96792,1718758,RIO SONO,,,,,PARTIDO MISSÃO,i,MISSÃO,0,14,MISSÃO,PARTIDO MISSÃO,,14,280002540694,RENAN ANTONIO FERREIRA DOS SANTOS,RENAN SANTOS,14/02/1984,4,Válido,nao,,16,0.44,0.442355543,AROLDO MEDINA,CORONEL MEDINA,MISSÃO,v,,,,,04/10/2026 20:10:49,sim
1,04/10/2026,6257,Presidente,1,municipio,TO,96792,1718758,RIO SONO,,,,,PARTIDO DA CAUSA OPERÁRIA,i,PCO,0,29,PCO,PARTIDO DA CAUSA OPERÁRIA,,29,280002552487,RUI COSTA PIMENTA,RUI COSTA PIMENTA,25/06/1957,12,Válido,nao,,0,0.00,0,ANTONIO CARLOS SILVA,ANTÔNIO CARLOS,PCO,v,,,,,04/10/2026 20:10:49,sim
1,04/10/2026,6257,Presidente,1,municipio,TO,96830,1707553,FÁTIMA,,,,,PARTIDO LIBERAL,i,PL,0,22,PL,PARTIDO LIBERAL,,22,280002551544,FLAVIO NANTES BOLSONARO,FLAVIO BOLSONARO,30/04/1981,1,Válido,nao,,1482,56.59,56.586483391,ALFREDO GASPAR DE MENDONÇA NETO,ALFREDO GASPAR,PL,v,,,,,04/10/2026 17:53:54,sim
1,04/10/2026,6257,Presidente,1,municipio,TO,96830,1707553,FÁTIMA,,,,,PARTIDO SOCIAL DEMOCRÁTICO,i,PSD,0,55,PSD,PARTIDO SOCIAL DEMOCRÁTICO,,55,280002551932,RONALDO RAMOS CAIADO,RONALDO CAIADO,25/09/1949,4,Válido,nao,,55,2.10,2.100038183,GILBERTO KASSAB,GILBERTO KASSAB,PSD,v,,,,,04/10/2026 17:53:54,sim
1,04/10/2026,6257,Presidente,1,municipio,TO,96830,1707553,FÁTIMA,,PT/PC do B/PV,FEDERAÇÃO BRASIL DA ESPERANÇA - FE BRASIL,PT/PC do B/PV,BRASIL PRONTO PRA MAIS,c,PSB / PDT / PCDOB / PT / PV / PSOL / REDE,,13,PT,PARTIDO DOS TRABALHADORES,101,13,280002542548,LUIZ INÁCIO LULA DA SILVA,LULA,06/10/1945,2,Válido,nao,,1010,38.56,38.564337533,GERALDO JOSE RODRIGUES ALCKMIN FILHO,GERALDO ALCKMIN,PSB,v,,,,,04/10/2026 17:53:54,sim
1,04/10/2026,6257,Presidente,1,municipio,TO,96830,1707553,FÁTIMA,,,,,DEMOCRACIA CRISTÃ,i,DC,0,27,DC,DEMOCRACIA CRISTÃ,,27,280002552484,CLARIANA ZACARKIM BARAO,CLARIANA BARAO,03/04/1987,8,Válido,nao,,0,0.00,0,FABIANA CRISTINA TAVARES TORQUATO,FABIANA TORQUATO,DC,v,,,,,04/10/2026 17:53:54,sim
1,04/10/2026,6257,Presidente,1,municipio,TO,96830,1707553,FÁTIMA,,,,,PARTIDO COMUNISTA BRASILEIRO,i,PCB,0,21,PCB,PARTIDO COMUNISTA BRASILEIRO,,21,280002551975,EDMILSON SILVA COSTA,EDMILSON COSTA,08/04/1950,10,Válido,nao,,0,0.00,0,CLEUSA DOS SANTOS,CLEUSA SANTOS,PCB,v,,,,,04/10/2026 17:53:54,sim
1,04/10/2026,6257,Presidente,1,municipio,TO,96830,1707553,FÁTIMA,,,,,PARTIDO SOCIALISTA  DOS TRABALHADORES UNIFICADO,i,PSTU,0,16,PSTU,PARTIDO SOCIALISTA  DOS TRABALHADORES UNIFICADO,,16,280002541457,HERTZ DA CONCEICAO DIAS,HERTZ DIAS,20/10/1970,9,Válido,nao,,0,0.00,0,VANESSA PORTUGAL BARBOSA,VANESSA PORTUGAL,PSTU,v,,,,,04/10/2026 17:53:54,sim
1,04/10/2026,6257,Presidente,1,municipio,TO,96830,1707553,FÁTIMA,,,,,BRASIL DOS NOSSOS SONHOS,c,AGIR / AVANTE,,70,AVANTE,AVANTE,,70,280002551547,AUGUSTO JORGE CURY,ESCRITOR AUGUSTO CURY,02/10/1958,3,Válido,nao,,48,1.83,1.832760596,JULIO CESAR DELGADO,JÚLIO DELGADO,AVANTE,v,,,,,04/10/2026 17:53:54,sim
1,04/10/2026,6257,Presidente,1,municipio,TO,96830,1707553,FÁTIMA,,,,,PARTIDO NOVO,i,NOVO,0,30,NOVO,PARTIDO NOVO,,30,280002539826,ROMEU ZEMA NETO,ZEMA,28/10/1964,6,Válido,nao,,1,0.04,0.038182512,LUIS EDUARDO GRANGEIRO GIRÃO,EDUARDO GIRÃO,NOVO,v,,,,,04/10/2026 17:53:54,sim
1,04/10/2026,6257,Presidente,1,municipio,TO,96830,1707553,FÁTIMA,,,,,UNIDADE POPULAR,i,UP,0,80,UP,UNIDADE POPULAR,,80,280002538811,SAMARA MARTINS DA SILVA FEITOSA,SAMARA,31/08/1987,7,Válido,nao,,0,0.00,0,RAQUEL NONATO DE BRICIO,RAQUEL BRÍCIO,UP,v,,,,,04/10/2026 17:53:54,sim
1,04/10/2026,6257,Presidente,1,municipio,TO,96830,1707553,FÁTIMA,,,,,DEMOCRATA,i,DEMOCRATA,0,35,DEMOCRATA,DEMOCRATA,,35,280002548139,WILSON GRASSI JUNIOR,VETERINÁRIO WILSON GRASSI,13/03/1970,11,Válido,nao,,1,0.04,0.038182512,SUÊD HAIDAR NOGUEIRA,SUÊD HAIDAR,DEMOCRATA,v,,,,,04/10/2026 17:53:54,sim
1,04/10/2026,6257,Presidente,1,municipio,TO,96830,1707553,FÁTIMA,,,,,PARTIDO MISSÃO,i,MISSÃO,0,14,MISSÃO,PARTIDO MISSÃO,,14,280002540694,RENAN ANTONIO FERREIRA DOS SANTOS,RENAN SANTOS,14/02/1984,5,Válido,nao,,22,0.84,0.840015273,AROLDO MEDINA,CORONEL MEDINA,MISSÃO,v,,,,,04/10/2026 17:53:54,sim
1,04/10/2026,6257,Presidente,1,municipio,TO,96830,1707553,FÁTIMA,,,,,PARTIDO DA CAUSA OPERÁRIA,i,PCO,0,29,PCO,PARTIDO DA CAUSA OPERÁRIA,,29,280002552487,RUI COSTA PIMENTA,RUI COSTA PIMENTA,25/06/1957,12,Válido,nao,,0,0.00,0,ANTONIO CARLOS SILVA,ANTÔNIO CARLOS,PCO,v,,,,,04/10/2026 17:53:54,sim
1,04/10/2026,6257,Presidente,1,municipio,TO,96857,1702554,AUGUSTINÓPOLIS,,,,,PARTIDO LIBERAL,i,PL,0,22,PL,PARTIDO LIBERAL,,22,280002551544,FLAVIO NANTES BOLSONARO,FLAVIO BOLSONARO,30/04/1981,1,Válido,nao,,4391,41.96,41.962920489,ALFREDO GASPAR DE MENDONÇA NETO,ALFREDO GASPAR,PL,v,,,,,04/10/2026 19:14:52,sim
1,04/10/2026,6257,Presidente,1,municipio,TO,96857,1702554,AUGUSTINÓPOLIS,,,,,PARTIDO SOCIAL DEMOCRÁTICO,i,PSD,0,55,PSD,PARTIDO SOCIAL DEMOCRÁTICO,,55,280002551932,RONALDO RAMOS CAIADO,RONALDO CAIADO,25/09/1949,5,Válido,nao,,115,1.10,1.099006116,GILBERTO KASSAB,GILBERTO KASSAB,PSD,v,,,,,04/10/2026 19:14:52,sim
1,04/10/2026,6257,Presidente,1,municipio,TO,96857,1702554,AUGUSTINÓPOLIS,,PT/PC do B/PV,FEDERAÇÃO BRASIL DA ESPERANÇA - FE BRASIL,PT/PC do B/PV,BRASIL PRONTO PRA MAIS,c,PSB / PDT / PCDOB / PT / PV / PSOL / REDE,,13,PT,PARTIDO DOS TRABALHADORES,101,13,280002542548,LUIZ INÁCIO LULA DA SILVA,LULA,06/10/1945,2,Válido,nao,,5553,53.07,53.067660550,GERALDO JOSE RODRIGUES ALCKMIN FILHO,GERALDO ALCKMIN,PSB,v,,,,,04/10/2026 19:14:52,sim
1,04/10/2026,6257,Presidente,1,municipio,TO,96857,1702554,AUGUSTINÓPOLIS,,,,,DEMOCRACIA CRISTÃ,i,DC,0,27,DC,DEMOCRACIA CRISTÃ,,27,280002552484,CLARIANA ZACARKIM BARAO,CLARIANA BARAO,03/04/1987,9,Válido,nao,,4,0.04,0.038226300,FABIANA CRISTINA TAVARES TORQUATO,FABIANA TORQUATO,DC,v,,,,,04/10/2026 19:14:52,sim
1,04/10/2026,6257,Presidente,1,municipio,TO,96857,1702554,AUGUSTINÓPOLIS,,,,,PARTIDO COMUNISTA BRASILEIRO,i,PCB,0,21,PCB,PARTIDO COMUNISTA BRASILEIRO,,21,280002551975,EDMILSON SILVA COSTA,EDMILSON COSTA,08/04/1950,10,Válido,nao,,4,0.04,0.038226300,CLEUSA DOS SANTOS,CLEUSA SANTOS,PCB,v,,,,,04/10/2026 19:14:52,sim
1,04/10/2026,6257,Presidente,1,municipio,TO,96857,1702554,AUGUSTINÓPOLIS,,,,,PARTIDO SOCIALISTA  DOS TRABALHADORES UNIFICADO,i,PSTU,0,16,PSTU,PARTIDO SOCIALISTA  DOS TRABALHADORES UNIFICADO,,16,280002541457,HERTZ DA CONCEICAO DIAS,HERTZ DIAS,20/10/1970,8,Válido,nao,,0,0.00,0,VANESSA PORTUGAL BARBOSA,VANESSA PORTUGAL,PSTU,v,,,,,04/10/2026 19:14:52,sim
1,04/10/2026,6257,Presidente,1,municipio,TO,96857,1702554,AUGUSTINÓPOLIS,,,,,BRASIL DOS NOSSOS SONHOS,c,AGIR / AVANTE,,70,AVANTE,AVANTE,,70,280002551547,AUGUSTO JORGE CURY,ESCRITOR AUGUSTO CURY,02/10/1958,3,Válido,nao,,250,2.39,2.389143731,JULIO CESAR DELGADO,JÚLIO DELGADO,AVANTE,v,,,,,04/10/2026 19:14:52,sim
1,04/10/2026,6257,Presidente,1,municipio,TO,96857,1702554,AUGUSTINÓPOLIS,,,,,PARTIDO NOVO,i,NOVO,0,30,NOVO,PARTIDO NOVO,,30,280002539826,ROMEU ZEMA NETO,ZEMA,28/10/1964,6,Válido,nao,,1,0.01,0.009556575,LUIS EDUARDO GRANGEIRO GIRÃO,EDUARDO GIRÃO,NOVO,v,,,,,04/10/2026 19:14:52,sim
1,04/10/2026,6257,Presidente,1,municipio,TO,96857,1702554,AUGUSTINÓPOLIS,,,,,UNIDADE POPULAR,i,UP,0,80,UP,UNIDADE POPULAR,,80,280002538811,SAMARA MARTINS DA SILVA FEITOSA,SAMARA,31/08/1987,7,Válido,nao,,2,0.02,0.019113150,RAQUEL NONATO DE BRICIO,RAQUEL BRÍCIO,UP,v,,,,,04/10/2026 19:14:52,sim
1,04/10/2026,6257,Presidente,1,municipio,TO,96857,1702554,AUGUSTINÓPOLIS,,,,,DEMOCRATA,i,DEMOCRATA,0,35,DEMOCRATA,DEMOCRATA,,35,280002548139,WILSON GRASSI JUNIOR,VETERINÁRIO WILSON GRASSI,13/03/1970,11,Válido,nao,,0,0.00,0,SUÊD HAIDAR NOGUEIRA,SUÊD HAIDAR,DEMOCRATA,v,,,,,04/10/2026 19:14:52,sim
1,04/10/2026,6257,Presidente,1,municipio,TO,96857,1702554,AUGUSTINÓPOLIS,,,,,PARTIDO MISSÃO,i,MISSÃO,0,14,MISSÃO,PARTIDO MISSÃO,,14,280002540694,RENAN ANTONIO FERREIRA DOS SANTOS,RENAN SANTOS,14/02/1984,4,Válido,nao,,144,1.38,1.376146789,AROLDO MEDINA,CORONEL MEDINA,MISSÃO,v,,,,,04/10/2026 19:14:52,sim
1,04/10/2026,6257,Presidente,1,municipio,TO,96857,1702554,AUGUSTINÓPOLIS,,,,,PARTIDO DA CAUSA OPERÁRIA,i,PCO,0,29,PCO,PARTIDO DA CAUSA OPERÁRIA,,29,280002552487,RUI COSTA PIMENTA,RUI COSTA PIMENTA,25/06/1957,12,Válido,nao,,0,0.00,0,ANTONIO CARLOS SILVA,ANTÔNIO CARLOS,PCO,v,,,,,04/10/2026 19:14:52,sim
1,04/10/2026,6257,Presidente,1,municipio,TO,96954,1700350,ALIANÇA DO TOCANTINS,,,,,PARTIDO LIBERAL,i,PL,0,22,PL,PARTIDO LIBERAL,,22,280002551544,FLAVIO NANTES BOLSONARO,FLAVIO BOLSONARO,30/04/1981,1,Válido,nao,,1738,52.79,52.794653706,ALFREDO GASPAR DE MENDONÇA NETO,ALFREDO GASPAR,PL,v,,,,,04/10/2026 19:02:47,sim
1,04/10/2026,6257,Presidente,1,municipio,TO,96954,1700350,ALIANÇA DO TOCANTINS,,,,,PARTIDO SOCIAL DEMOCRÁTICO,i,PSD,0,55,PSD,PARTIDO SOCIAL DEMOCRÁTICO,,55,280002551932,RONALDO RAMOS CAIADO,RONALDO CAIADO,25/09/1949,4,Válido,nao,,91,2.76,2.764277035,GILBERTO KASSAB,GILBERTO KASSAB,PSD,v,,,,,04/10/2026 19:02:47,sim
1,04/10/2026,6257,Presidente,1,municipio,TO,96954,1700350,ALIANÇA DO TOCANTINS,,PT/PC do B/PV,FEDERAÇÃO BRASIL DA ESPERANÇA - FE BRASIL,PT/PC do B/PV,BRASIL PRONTO PRA MAIS,c,PSB / PDT / PCDOB / PT / PV / PSOL / REDE,,13,PT,PARTIDO DOS TRABALHADORES,101,13,280002542548,LUIZ INÁCIO LULA DA SILVA,LULA,06/10/1945,2,Válido,nao,,1361,41.34,41.342648846,GERALDO JOSE RODRIGUES ALCKMIN FILHO,GERALDO ALCKMIN,PSB,v,,,,,04/10/2026 19:02:47,sim
1,04/10/2026,6257,Presidente,1,municipio,TO,96954,1700350,ALIANÇA DO TOCANTINS,,,,,DEMOCRACIA CRISTÃ,i,DC,0,27,DC,DEMOCRACIA CRISTÃ,,27,280002552484,CLARIANA ZACARKIM BARAO,CLARIANA BARAO,03/04/1987,9,Válido,nao,,0,0.00,0,FABIANA CRISTINA TAVARES TORQUATO,FABIANA TORQUATO,DC,v,,,,,04/10/2026 19:02:47,sim
1,04/10/2026,6257,Presidente,1,municipio,TO,96954,1700350,ALIANÇA DO TOCANTINS,,,,,PARTIDO COMUNISTA BRASILEIRO,i,PCB,0,21,PCB,PARTIDO COMUNISTA BRASILEIRO,,21,280002551975,EDMILSON SILVA COSTA,EDMILSON COSTA,08/04/1950,10,Válido,nao,,1,0.03,0.030376671,CLEUSA DOS SANTOS,CLEUSA SANTOS,PCB,v,,,,,04/10/2026 19:02:47,sim
1,04/10/2026,6257,Presidente,1,municipio,TO,96954,1700350,ALIANÇA DO TOCANTINS,,,,,PARTIDO SOCIALISTA  DOS TRABALHADORES UNIFICADO,i,PSTU,0,16,PSTU,PARTIDO SOCIALISTA  DOS TRABALHADORES UNIFICADO,,16,280002541457,HERTZ DA CONCEICAO DIAS,HERTZ DIAS,20/10/1970,8,Válido,nao,,0,0.00,0,VANESSA PORTUGAL BARBOSA,VANESSA PORTUGAL,PSTU,v,,,,,04/10/2026 19:02:47,sim
1,04/10/2026,6257,Presidente,1,municipio,TO,96954,1700350,ALIANÇA DO TOCANTINS,,,,,BRASIL DOS NOSSOS SONHOS,c,AGIR / AVANTE,,70,AVANTE,AVANTE,,70,280002551547,AUGUSTO JORGE CURY,ESCRITOR AUGUSTO CURY,02/10/1958,3,Válido,nao,,74,2.25,2.247873633,JULIO CESAR DELGADO,JÚLIO DELGADO,AVANTE,v,,,,,04/10/2026 19:02:47,sim
1,04/10/2026,6257,Presidente,1,municipio,TO,96954,1700350,ALIANÇA DO TOCANTINS,,,,,PARTIDO NOVO,i,NOVO,0,30,NOVO,PARTIDO NOVO,,30,280002539826,ROMEU ZEMA NETO,ZEMA,28/10/1964,6,Válido,nao,,1,0.03,0.030376671,LUIS EDUARDO GRANGEIRO GIRÃO,EDUARDO GIRÃO,NOVO,v,,,,,04/10/2026 19:02:47,sim
1,04/10/2026,6257,Presidente,1,municipio,TO,96954,1700350,ALIANÇA DO TOCANTINS,,,,,UNIDADE POPULAR,i,UP,0,80,UP,UNIDADE POPULAR,,80,280002538811,SAMARA MARTINS DA SILVA FEITOSA,SAMARA,31/08/1987,7,Válido,nao,,1,0.03,0.030376671,RAQUEL NONATO DE BRICIO,RAQUEL BRÍCIO,UP,v,,,,,04/10/2026 19:02:47,sim
1,04/10/2026,6257,Presidente,1,municipio,TO,96954,1700350,ALIANÇA DO TOCANTINS,,,,,DEMOCRATA,i,DEMOCRATA,0,35,DEMOCRATA,DEMOCRATA,,35,280002548139,WILSON GRASSI JUNIOR,VETERINÁRIO WILSON GRASSI,13/03/1970,11,Válido,nao,,0,0.00,0,SUÊD HAIDAR NOGUEIRA,SUÊD HAIDAR,DEMOCRATA,v,,,,,04/10/2026 19:02:47,sim
1,04/10/2026,6257,Presidente,1,municipio,TO,96954,1700350,ALIANÇA DO TOCANTINS,,,,,PARTIDO MISSÃO,i,MISSÃO,0,14,MISSÃO,PARTIDO MISSÃO,,14,280002540694,RENAN ANTONIO FERREIRA DOS SANTOS,RENAN SANTOS,14/02/1984,5,Válido,nao,,25,0.76,0.759416768,AROLDO MEDINA,CORONEL MEDINA,MISSÃO,v,,,,,04/10/2026 19:02:47,sim
1,04/10/2026,6257,Presidente,1,municipio,TO,96954,1700350,ALIANÇA DO TOCANTINS,,,,,PARTIDO DA CAUSA OPERÁRIA,i,PCO,0,29,PCO,PARTIDO DA CAUSA OPERÁRIA,,29,280002552487,RUI COSTA PIMENTA,RUI COSTA PIMENTA,25/06/1957,12,Válido,nao,,0,0.00,0,ANTONIO CARLOS SILVA,ANTÔNIO CARLOS,PCO,v,,,,,04/10/2026 19:02:47,sim
1,04/10/2026,6257,Presidente,1,municipio,TO,96970,1701101,APARECIDA DO RIO NEGRO,,,,,PARTIDO LIBERAL,i,PL,0,22,PL,PARTIDO LIBERAL,,22,280002551544,FLAVIO NANTES BOLSONARO,FLAVIO BOLSONARO,30/04/1981,1,Válido,nao,,1997,51.60,51.602067183,ALFREDO GASPAR DE MENDONÇA NETO,ALFREDO GASPAR,PL,v,,,,,04/10/2026 18:13:32,sim
1,04/10/2026,6257,Presidente,1,municipio,TO,96970,1701101,APARECIDA DO RIO NEGRO,,,,,PARTIDO SOCIAL DEMOCRÁTICO,i,PSD,0,55,PSD,PARTIDO SOCIAL DEMOCRÁTICO,,55,280002551932,RONALDO RAMOS CAIADO,RONALDO CAIADO,25/09/1949,4,Válido,nao,,72,1.86,1.860465116,GILBERTO KASSAB,GILBERTO KASSAB,PSD,v,,,,,04/10/2026 18:13:32,sim
1,04/10/2026,6257,Presidente,1,municipio,TO,96970,1701101,APARECIDA DO RIO NEGRO,,PT/PC do B/PV,FEDERAÇÃO BRASIL DA ESPERANÇA - FE BRASIL,PT/PC do B/PV,BRASIL PRONTO PRA MAIS,c,PSB / PDT / PCDOB / PT / PV / PSOL / REDE,,13,PT,PARTIDO DOS TRABALHADORES,101,13,280002542548,LUIZ INÁCIO LULA DA SILVA,LULA,06/10/1945,2,Válido,nao,,1683,43.49,43.488372093,GERALDO JOSE RODRIGUES ALCKMIN FILHO,GERALDO ALCKMIN,PSB,v,,,,,04/10/2026 18:13:32,sim
1,04/10/2026,6257,Presidente,1,municipio,TO,96970,1701101,APARECIDA DO RIO NEGRO,,,,,DEMOCRACIA CRISTÃ,i,DC,0,27,DC,DEMOCRACIA CRISTÃ,,27,280002552484,CLARIANA ZACARKIM BARAO,CLARIANA BARAO,03/04/1987,8,Válido,nao,,0,0.00,0,FABIANA CRISTINA TAVARES TORQUATO,FABIANA TORQUATO,DC,v,,,,,04/10/2026 18:13:32,sim
1,04/10/2026,6257,Presidente,1,municipio,TO,96970,1701101,APARECIDA DO RIO NEGRO,,,,,PARTIDO COMUNISTA BRASILEIRO,i,PCB,0,21,PCB,PARTIDO COMUNISTA BRASILEIRO,,21,280002551975,EDMILSON SILVA COSTA,EDMILSON COSTA,08/04/1950,10,Válido,nao,,0,0.00,0,CLEUSA DOS SANTOS,CLEUSA SANTOS,PCB,v,,,,,04/10/2026 18:13:32,sim
1,04/10/2026,6257,Presidente,1,municipio,TO,96970,1701101,APARECIDA DO RIO NEGRO,,,,,PARTIDO SOCIALISTA  DOS TRABALHADORES UNIFICADO,i,PSTU,0,16,PSTU,PARTIDO SOCIALISTA  DOS TRABALHADORES UNIFICADO,,16,280002541457,HERTZ DA CONCEICAO DIAS,HERTZ DIAS,20/10/1970,9,Válido,nao,,0,0.00,0,VANESSA PORTUGAL BARBOSA,VANESSA PORTUGAL,PSTU,v,,,,,04/10/2026 18:13:32,sim
1,04/10/2026,6257,Presidente,1,municipio,TO,96970,1701101,APARECIDA DO RIO NEGRO,,,,,BRASIL DOS NOSSOS SONHOS,c,AGIR / AVANTE,,70,AVANTE,AVANTE,,70,280002551547,AUGUSTO JORGE CURY,ESCRITOR AUGUSTO CURY,02/10/1958,3,Válido,nao,,87,2.25,2.248062016,JULIO CESAR DELGADO,JÚLIO DELGADO,AVANTE,v,,,,,04/10/2026 18:13:32,sim
1,04/10/2026,6257,Presidente,1,municipio,TO,96970,1701101,APARECIDA DO RIO NEGRO,,,,,PARTIDO NOVO,i,NOVO,0,30,NOVO,PARTIDO NOVO,,30,280002539826,ROMEU ZEMA NETO,ZEMA,28/10/1964,6,Válido,nao,,1,0.03,0.025839793,LUIS EDUARDO GRANGEIRO GIRÃO,EDUARDO GIRÃO,NOVO,v,,,,,04/10/2026 18:13:32,sim
1,04/10/2026,6257,Presidente,1,municipio,TO,96970,1701101,APARECIDA DO RIO NEGRO,,,,,UNIDADE POPULAR,i,UP,0,80,UP,UNIDADE POPULAR,,80,280002538811,SAMARA MARTINS DA SILVA FEITOSA,SAMARA,31/08/1987,7,Válido,nao,,1,0.03,0.025839793,RAQUEL NONATO DE BRICIO,RAQUEL BRÍCIO,UP,v,,,,,04/10/2026 18:13:32,sim
1,04/10/2026,6257,Presidente,1,municipio,TO,96970,1701101,APARECIDA DO RIO NEGRO,,,,,DEMOCRATA,i,DEMOCRATA,0,35,DEMOCRATA,DEMOCRATA,,35,280002548139,WILSON GRASSI JUNIOR,VETERINÁRIO WILSON GRASSI,13/03/1970,11,Válido,nao,,0,0.00,0,SUÊD HAIDAR NOGUEIRA,SUÊD HAIDAR,DEMOCRATA,v,,,,,04/10/2026 18:13:32,sim
1,04/10/2026,6257,Presidente,1,municipio,TO,96970,1701101,APARECIDA DO RIO NEGRO,,,,,PARTIDO MISSÃO,i,MISSÃO,0,14,MISSÃO,PARTIDO MISSÃO,,14,280002540694,RENAN ANTONIO FERREIRA DOS SANTOS,RENAN SANTOS,14/02/1984,5,Válido,nao,,29,0.75,0.749354005,AROLDO MEDINA,CORONEL MEDINA,MISSÃO,v,,,,,04/10/2026 18:13:32,sim
1,04/10/2026,6257,Presidente,1,municipio,TO,96970,1701101,APARECIDA DO RIO NEGRO,,,,,PARTIDO DA CAUSA OPERÁRIA,i,PCO,0,29,PCO,PARTIDO DA CAUSA OPERÁRIA,,29,280002552487,RUI COSTA PIMENTA,RUI COSTA PIMENTA,25/06/1957,12,Válido,nao,,0,0.00,0,ANTONIO CARLOS SILVA,ANTÔNIO CARLOS,PCO,v,,,,,04/10/2026 18:13:32,sim
1,04/10/2026,6257,Presidente,1,municipio,TO,96997,1703107,BARROLÂNDIA,,,,,PARTIDO LIBERAL,i,PL,0,22,PL,PARTIDO LIBERAL,,22,280002551544,FLAVIO NANTES BOLSONARO,FLAVIO BOLSONARO,30/04/1981,1,Válido,nao,,2004,50.99,50.992366412,ALFREDO GASPAR DE MENDONÇA NETO,ALFREDO GASPAR,PL,v,,,,,04/10/2026 18:30:15,sim
1,04/10/2026,6257,Presidente,1,municipio,TO,96997,1703107,BARROLÂNDIA,,,,,PARTIDO SOCIAL DEMOCRÁTICO,i,PSD,0,55,PSD,PARTIDO SOCIAL DEMOCRÁTICO,,55,280002551932,RONALDO RAMOS CAIADO,RONALDO CAIADO,25/09/1949,4,Válido,nao,,107,2.72,2.722646310,GILBERTO KASSAB,GILBERTO KASSAB,PSD,v,,,,,04/10/2026 18:30:15,sim
1,04/10/2026,6257,Presidente,1,municipio,TO,96997,1703107,BARROLÂNDIA,,PT/PC do B/PV,FEDERAÇÃO BRASIL DA ESPERANÇA - FE BRASIL,PT/PC do B/PV,BRASIL PRONTO PRA MAIS,c,PSB / PDT / PCDOB / PT / PV / PSOL / REDE,,13,PT,PARTIDO DOS TRABALHADORES,101,13,280002542548,LUIZ INÁCIO LULA DA SILVA,LULA,06/10/1945,2,Válido,nao,,1710,43.51,43.511450382,GERALDO JOSE RODRIGUES ALCKMIN FILHO,GERALDO ALCKMIN,PSB,v,,,,,04/10/2026 18:30:15,sim
1,04/10/2026,6257,Presidente,1,municipio,TO,96997,1703107,BARROLÂNDIA,,,,,DEMOCRACIA CRISTÃ,i,DC,0,27,DC,DEMOCRACIA CRISTÃ,,27,280002552484,CLARIANA ZACARKIM BARAO,CLARIANA BARAO,03/04/1987,8,Válido,nao,,0,0.00,0,FABIANA CRISTINA TAVARES TORQUATO,FABIANA TORQUATO,DC,v,,,,,04/10/2026 18:30:15,sim
1,04/10/2026,6257,Presidente,1,municipio,TO,96997,1703107,BARROLÂNDIA,,,,,PARTIDO COMUNISTA BRASILEIRO,i,PCB,0,21,PCB,PARTIDO COMUNISTA BRASILEIRO,,21,280002551975,EDMILSON SILVA COSTA,EDMILSON COSTA,08/04/1950,10,Válido,nao,,0,0.00,0,CLEUSA DOS SANTOS,CLEUSA SANTOS,PCB,v,,,,,04/10/2026 18:30:15,sim
1,04/10/2026,6257,Presidente,1,municipio,TO,96997,1703107,BARROLÂNDIA,,,,,PARTIDO SOCIALISTA  DOS TRABALHADORES UNIFICADO,i,PSTU,0,16,PSTU,PARTIDO SOCIALISTA  DOS TRABALHADORES UNIFICADO,,16,280002541457,HERTZ DA CONCEICAO DIAS,HERTZ DIAS,20/10/1970,9,Válido,nao,,0,0.00,0,VANESSA PORTUGAL BARBOSA,VANESSA PORTUGAL,PSTU,v,,,,,04/10/2026 18:30:15,sim
1,04/10/2026,6257,Presidente,1,municipio,TO,96997,1703107,BARROLÂNDIA,,,,,BRASIL DOS NOSSOS SONHOS,c,AGIR / AVANTE,,70,AVANTE,AVANTE,,70,280002551547,AUGUSTO JORGE CURY,ESCRITOR AUGUSTO CURY,02/10/1958,3,Válido,nao,,77,1.96,1.959287532,JULIO CESAR DELGADO,JÚLIO DELGADO,AVANTE,v,,,,,04/10/2026 18:30:15,sim
1,04/10/2026,6257,Presidente,1,municipio,TO,96997,1703107,BARROLÂNDIA,,,,,PARTIDO NOVO,i,NOVO,0,30,NOVO,PARTIDO NOVO,,30,280002539826,ROMEU ZEMA NETO,ZEMA,28/10/1964,6,Válido,nao,,2,0.05,0.050890585,LUIS EDUARDO GRANGEIRO GIRÃO,EDUARDO GIRÃO,NOVO,v,,,,,04/10/2026 18:30:15,sim
1,04/10/2026,6257,Presidente,1,municipio,TO,96997,1703107,BARROLÂNDIA,,,,,UNIDADE POPULAR,i,UP,0,80,UP,UNIDADE POPULAR,,80,280002538811,SAMARA MARTINS DA SILVA FEITOSA,SAMARA,31/08/1987,7,Válido,nao,,0,0.00,0,RAQUEL NONATO DE BRICIO,RAQUEL BRÍCIO,UP,v,,,,,04/10/2026 18:30:15,sim
1,04/10/2026,6257,Presidente,1,municipio,TO,96997,1703107,BARROLÂNDIA,,,,,DEMOCRATA,i,DEMOCRATA,0,35,DEMOCRATA,DEMOCRATA,,35,280002548139,WILSON GRASSI JUNIOR,VETERINÁRIO WILSON GRASSI,13/03/1970,11,Válido,nao,,0,0.00,0,SUÊD HAIDAR NOGUEIRA,SUÊD HAIDAR,DEMOCRATA,v,,,,,04/10/2026 18:30:15,sim
1,04/10/2026,6257,Presidente,1,municipio,TO,96997,1703107,BARROLÂNDIA,,,,,PARTIDO MISSÃO,i,MISSÃO,0,14,MISSÃO,PARTIDO MISSÃO,,14,280002540694,RENAN ANTONIO FERREIRA DOS SANTOS,RENAN SANTOS,14/02/1984,5,Válido,nao,,30,0.76,0.763358779,AROLDO MEDINA,CORONEL MEDINA,MISSÃO,v,,,,,04/10/2026 18:30:15,sim
1,04/10/2026,6257,Presidente,1,municipio,TO,96997,1703107,BARROLÂNDIA,,,,,PARTIDO DA CAUSA OPERÁRIA,i,PCO,0,29,PCO,PARTIDO DA CAUSA OPERÁRIA,,29,280002552487,RUI COSTA PIMENTA,RUI COSTA PIMENTA,25/06/1957,12,Válido,nao,,0,0.00,0,ANTONIO CARLOS SILVA,ANTÔNIO CARLOS,PCO,v,,,,,04/10/2026 18:30:15,sim
