turno,data_eleicao,cd_eleicao,cargo,cd_cargo,nivel,uf,cd_municipio_tse,cd_municipio_ibge,municipio,zona,federacao_sigla,federacao_nome,federacao_composicao,agremiacao_nome,agremiacao_tipo,agremiacao_composicao,agremiacao_vagas,partido_numero,partido_sigla,partido_nome,partido_federacao,numero_urna,sq_candidato,nome_completo,nome_urna,data_nascimento,sequencial,situacao_candidatura,eleito,situacao_totalizacao,votos,pct_votos_validos,pct_votos_validos_preciso,vice_suplente_1_nome,vice_suplente_1_nome_urna,vice_suplente_1_partido,vice_suplente_1_tipo,vice_suplente_2_nome,vice_suplente_2_nome_urna,vice_suplente_2_partido,vice_suplente_2_tipo,gerado_em,oficial
1,04/10/2026,6257,Presidente,1,municipio,RJ,58009,3304151,QUISSAMÃ,,,,,PARTIDO LIBERAL,i,PL,0,22,PL,PARTIDO LIBERAL,,22,280002551544,FLAVIO NANTES BOLSONARO,FLAVIO BOLSONARO,30/04/1981,1,Válido,nao,,7550,52.15,52.148086752,ALFREDO GASPAR DE MENDONÇA NETO,ALFREDO GASPAR,PL,v,,,,,04/10/2026 19:28:54,sim
1,04/10/2026,6257,Presidente,1,municipio,RJ,58009,3304151,QUISSAMÃ,,,,,PARTIDO SOCIAL DEMOCRÁTICO,i,PSD,0,55,PSD,PARTIDO SOCIAL DEMOCRÁTICO,,55,280002551932,RONALDO RAMOS CAIADO,RONALDO CAIADO,25/09/1949,5,Válido,nao,,273,1.89,1.885619561,GILBERTO KASSAB,GILBERTO KASSAB,PSD,v,,,,,04/10/2026 19:28:54,sim
1,04/10/2026,6257,Presidente,1,municipio,RJ,58009,3304151,QUISSAMÃ,,PT/PC do B/PV,FEDERAÇÃO BRASIL DA ESPERANÇA - FE BRASIL,PT/PC do B/PV,BRASIL PRONTO PRA MAIS,c,PSB / PDT / PCDOB / PT / PV / PSOL / REDE,,13,PT,PARTIDO DOS TRABALHADORES,101,13,280002542548,LUIZ INÁCIO LULA DA SILVA,LULA,06/10/1945,2,Válido,nao,,6028,41.64,41.635585026,GERALDO JOSE RODRIGUES ALCKMIN FILHO,GERALDO ALCKMIN,PSB,v,,,,,04/10/2026 19:28:54,sim
1,04/10/2026,6257,Presidente,1,municipio,RJ,58009,3304151,QUISSAMÃ,,,,,DEMOCRACIA CRISTÃ,i,DC,0,27,DC,DEMOCRACIA CRISTÃ,,27,280002552484,CLARIANA ZACARKIM BARAO,CLARIANA BARAO,03/04/1987,9,Válido,nao,,7,0.05,0.048349220,FABIANA CRISTINA TAVARES TORQUATO,FABIANA TORQUATO,DC,v,,,,,04/10/2026 19:28:54,sim
1,04/10/2026,6257,Presidente,1,municipio,RJ,58009,3304151,QUISSAMÃ,,,,,PARTIDO COMUNISTA BRASILEIRO,i,PCB,0,21,PCB,PARTIDO COMUNISTA BRASILEIRO,,21,280002551975,EDMILSON SILVA COSTA,EDMILSON COSTA,08/04/1950,10,Válido,nao,,3,0.02,0.020721094,CLEUSA DOS SANTOS,CLEUSA SANTOS,PCB,v,,,,,04/10/2026 19:28:54,sim
1,04/10/2026,6257,Presidente,1,municipio,RJ,58009,3304151,QUISSAMÃ,,,,,PARTIDO SOCIALISTA  DOS TRABALHADORES UNIFICADO,i,PSTU,0,16,PSTU,PARTIDO SOCIALISTA  DOS TRABALHADORES UNIFICADO,,16,280002541457,HERTZ DA CONCEICAO DIAS,HERTZ DIAS,20/10/1970,8,Válido,nao,,6,0.04,0.041442188,VANESSA PORTUGAL BARBOSA,VANESSA PORTUGAL,PSTU,v,,,,,04/10/2026 19:28:54,sim
1,04/10/2026,6257,Presidente,1,municipio,RJ,58009,3304151,QUISSAMÃ,,,,,BRASIL DOS NOSSOS SONHOS,c,AGIR / AVANTE,,70,AVANTE,AVANTE,,70,280002551547,AUGUSTO JORGE CURY,ESCRITOR AUGUSTO CURY,02/10/1958,3,Válido,nao,,393,2.71,2.714463324,JULIO CESAR DELGADO,JÚLIO DELGADO,AVANTE,v,,,,,04/10/2026 19:28:54,sim
1,04/10/2026,6257,Presidente,1,municipio,RJ,58009,3304151,QUISSAMÃ,,,,,PARTIDO NOVO,i,NOVO,0,30,NOVO,PARTIDO NOVO,,30,280002539826,ROMEU ZEMA NETO,ZEMA,28/10/1964,6,Válido,nao,,15,0.10,0.103605470,LUIS EDUARDO GRANGEIRO GIRÃO,EDUARDO GIRÃO,NOVO,v,,,,,04/10/2026 19:28:54,sim
1,04/10/2026,6257,Presidente,1,municipio,RJ,58009,3304151,QUISSAMÃ,,,,,UNIDADE POPULAR,i,UP,0,80,UP,UNIDADE POPULAR,,80,280002538811,SAMARA MARTINS DA SILVA FEITOSA,SAMARA,31/08/1987,7,Válido,nao,,13,0.09,0.089791408,RAQUEL NONATO DE BRICIO,RAQUEL BRÍCIO,UP,v,,,,,04/10/2026 19:28:54,sim
1,04/10/2026,6257,Presidente,1,municipio,RJ,58009,3304151,QUISSAMÃ,,,,,DEMOCRATA,i,DEMOCRATA,0,35,DEMOCRATA,DEMOCRATA,,35,280002548139,WILSON GRASSI JUNIOR,VETERINÁRIO WILSON GRASSI,13/03/1970,11,Válido,nao,,0,0.00,0,SUÊD HAIDAR NOGUEIRA,SUÊD HAIDAR,DEMOCRATA,v,,,,,04/10/2026 19:28:54,sim
1,04/10/2026,6257,Presidente,1,municipio,RJ,58009,3304151,QUISSAMÃ,,,,,PARTIDO MISSÃO,i,MISSÃO,0,14,MISSÃO,PARTIDO MISSÃO,,14,280002540694,RENAN ANTONIO FERREIRA DOS SANTOS,RENAN SANTOS,14/02/1984,4,Válido,nao,,189,1.31,1.305428927,AROLDO MEDINA,CORONEL MEDINA,MISSÃO,v,,,,,04/10/2026 19:28:54,sim
1,04/10/2026,6257,Presidente,1,municipio,RJ,58009,3304151,QUISSAMÃ,,,,,PARTIDO DA CAUSA OPERÁRIA,i,PCO,0,29,PCO,PARTIDO DA CAUSA OPERÁRIA,,29,280002552487,RUI COSTA PIMENTA,RUI COSTA PIMENTA,25/06/1957,12,Válido,nao,,1,0.01,0.006907031,ANTONIO CARLOS SILVA,ANTÔNIO CARLOS,PCO,v,,,,,04/10/2026 19:28:54,sim
1,04/10/2026,6257,Presidente,1,municipio,RJ,58017,3300100,ANGRA DOS REIS,,,,,PARTIDO LIBERAL,i,PL,0,22,PL,PARTIDO LIBERAL,,22,280002551544,FLAVIO NANTES BOLSONARO,FLAVIO BOLSONARO,30/04/1981,1,Válido,nao,,62802,62.17,62.174657704,ALFREDO GASPAR DE MENDONÇA NETO,ALFREDO GASPAR,PL,v,,,,,04/10/2026 21:00:45,sim
1,04/10/2026,6257,Presidente,1,municipio,RJ,58017,3300100,ANGRA DOS REIS,,,,,PARTIDO SOCIAL DEMOCRÁTICO,i,PSD,0,55,PSD,PARTIDO SOCIAL DEMOCRÁTICO,,55,280002551932,RONALDO RAMOS CAIADO,RONALDO CAIADO,25/09/1949,5,Válido,nao,,1461,1.45,1.446405766,GILBERTO KASSAB,GILBERTO KASSAB,PSD,v,,,,,04/10/2026 21:00:45,sim
1,04/10/2026,6257,Presidente,1,municipio,RJ,58017,3300100,ANGRA DOS REIS,,PT/PC do B/PV,FEDERAÇÃO BRASIL DA ESPERANÇA - FE BRASIL,PT/PC do B/PV,BRASIL PRONTO PRA MAIS,c,PSB / PDT / PCDOB / PT / PV / PSOL / REDE,,13,PT,PARTIDO DOS TRABALHADORES,101,13,280002542548,LUIZ INÁCIO LULA DA SILVA,LULA,06/10/1945,2,Válido,nao,,31859,31.54,31.540753794,GERALDO JOSE RODRIGUES ALCKMIN FILHO,GERALDO ALCKMIN,PSB,v,,,,,04/10/2026 21:00:45,sim
1,04/10/2026,6257,Presidente,1,municipio,RJ,58017,3300100,ANGRA DOS REIS,,,,,DEMOCRACIA CRISTÃ,i,DC,0,27,DC,DEMOCRACIA CRISTÃ,,27,280002552484,CLARIANA ZACARKIM BARAO,CLARIANA BARAO,03/04/1987,9,Válido,nao,,30,0.03,0.029700324,FABIANA CRISTINA TAVARES TORQUATO,FABIANA TORQUATO,DC,v,,,,,04/10/2026 21:00:45,sim
1,04/10/2026,6257,Presidente,1,municipio,RJ,58017,3300100,ANGRA DOS REIS,,,,,PARTIDO COMUNISTA BRASILEIRO,i,PCB,0,21,PCB,PARTIDO COMUNISTA BRASILEIRO,,21,280002551975,EDMILSON SILVA COSTA,EDMILSON COSTA,08/04/1950,10,Válido,nao,,22,0.02,0.021780237,CLEUSA DOS SANTOS,CLEUSA SANTOS,PCB,v,,,,,04/10/2026 21:00:45,sim
1,04/10/2026,6257,Presidente,1,municipio,RJ,58017,3300100,ANGRA DOS REIS,,,,,PARTIDO SOCIALISTA  DOS TRABALHADORES UNIFICADO,i,PSTU,0,16,PSTU,PARTIDO SOCIALISTA  DOS TRABALHADORES UNIFICADO,,16,280002541457,HERTZ DA CONCEICAO DIAS,HERTZ DIAS,20/10/1970,8,Válido,nao,,34,0.03,0.033660367,VANESSA PORTUGAL BARBOSA,VANESSA PORTUGAL,PSTU,v,,,,,04/10/2026 21:00:45,sim
1,04/10/2026,6257,Presidente,1,municipio,RJ,58017,3300100,ANGRA DOS REIS,,,,,BRASIL DOS NOSSOS SONHOS,c,AGIR / AVANTE,,70,AVANTE,AVANTE,,70,280002551547,AUGUSTO JORGE CURY,ESCRITOR AUGUSTO CURY,02/10/1958,3,Válido,nao,,2479,2.45,2.454236751,JULIO CESAR DELGADO,JÚLIO DELGADO,AVANTE,v,,,,,04/10/2026 21:00:45,sim
1,04/10/2026,6257,Presidente,1,municipio,RJ,58017,3300100,ANGRA DOS REIS,,,,,PARTIDO NOVO,i,NOVO,0,30,NOVO,PARTIDO NOVO,,30,280002539826,ROMEU ZEMA NETO,ZEMA,28/10/1964,6,Válido,nao,,164,0.16,0.162361770,LUIS EDUARDO GRANGEIRO GIRÃO,EDUARDO GIRÃO,NOVO,v,,,,,04/10/2026 21:00:45,sim
1,04/10/2026,6257,Presidente,1,municipio,RJ,58017,3300100,ANGRA DOS REIS,,,,,UNIDADE POPULAR,i,UP,0,80,UP,UNIDADE POPULAR,,80,280002538811,SAMARA MARTINS DA SILVA FEITOSA,SAMARA,31/08/1987,7,Válido,nao,,71,0.07,0.070290766,RAQUEL NONATO DE BRICIO,RAQUEL BRÍCIO,UP,v,,,,,04/10/2026 21:00:45,sim
1,04/10/2026,6257,Presidente,1,municipio,RJ,58017,3300100,ANGRA DOS REIS,,,,,DEMOCRATA,i,DEMOCRATA,0,35,DEMOCRATA,DEMOCRATA,,35,280002548139,WILSON GRASSI JUNIOR,VETERINÁRIO WILSON GRASSI,13/03/1970,11,Válido,nao,,26,0.03,0.025740281,SUÊD HAIDAR NOGUEIRA,SUÊD HAIDAR,DEMOCRATA,v,,,,,04/10/2026 21:00:45,sim
1,04/10/2026,6257,Presidente,1,municipio,RJ,58017,3300100,ANGRA DOS REIS,,,,,PARTIDO MISSÃO,i,MISSÃO,0,14,MISSÃO,PARTIDO MISSÃO,,14,280002540694,RENAN ANTONIO FERREIRA DOS SANTOS,RENAN SANTOS,14/02/1984,4,Válido,nao,,2048,2.03,2.027542100,AROLDO MEDINA,CORONEL MEDINA,MISSÃO,v,,,,,04/10/2026 21:00:45,sim
1,04/10/2026,6257,Presidente,1,municipio,RJ,58017,3300100,ANGRA DOS REIS,,,,,PARTIDO DA CAUSA OPERÁRIA,i,PCO,0,29,PCO,PARTIDO DA CAUSA OPERÁRIA,,29,280002552487,RUI COSTA PIMENTA,RUI COSTA PIMENTA,25/06/1957,12,Válido,nao,,13,0.01,0.012870140,ANTONIO CARLOS SILVA,ANTÔNIO CARLOS,PCO,v,,,,,04/10/2026 21:00:45,sim
1,04/10/2026,6257,Presidente,1,municipio,RJ,58025,3304128,QUATIS,,,,,PARTIDO LIBERAL,i,PL,0,22,PL,PARTIDO LIBERAL,,22,280002551544,FLAVIO NANTES BOLSONARO,FLAVIO BOLSONARO,30/04/1981,1,Válido,nao,,4272,50.83,50.826888757,ALFREDO GASPAR DE MENDONÇA NETO,ALFREDO GASPAR,PL,v,,,,,04/10/2026 20:10:32,sim
1,04/10/2026,6257,Presidente,1,municipio,RJ,58025,3304128,QUATIS,,,,,PARTIDO SOCIAL DEMOCRÁTICO,i,PSD,0,55,PSD,PARTIDO SOCIAL DEMOCRÁTICO,,55,280002551932,RONALDO RAMOS CAIADO,RONALDO CAIADO,25/09/1949,5,Válido,nao,,183,2.18,2.177275431,GILBERTO KASSAB,GILBERTO KASSAB,PSD,v,,,,,04/10/2026 20:10:32,sim
1,04/10/2026,6257,Presidente,1,municipio,RJ,58025,3304128,QUATIS,,PT/PC do B/PV,FEDERAÇÃO BRASIL DA ESPERANÇA - FE BRASIL,PT/PC do B/PV,BRASIL PRONTO PRA MAIS,c,PSB / PDT / PCDOB / PT / PV / PSOL / REDE,,13,PT,PARTIDO DOS TRABALHADORES,101,13,280002542548,LUIZ INÁCIO LULA DA SILVA,LULA,06/10/1945,2,Válido,nao,,3560,42.36,42.355740631,GERALDO JOSE RODRIGUES ALCKMIN FILHO,GERALDO ALCKMIN,PSB,v,,,,,04/10/2026 20:10:32,sim
1,04/10/2026,6257,Presidente,1,municipio,RJ,58025,3304128,QUATIS,,,,,DEMOCRACIA CRISTÃ,i,DC,0,27,DC,DEMOCRACIA CRISTÃ,,27,280002552484,CLARIANA ZACARKIM BARAO,CLARIANA BARAO,03/04/1987,9,Válido,nao,,3,0.04,0.035693040,FABIANA CRISTINA TAVARES TORQUATO,FABIANA TORQUATO,DC,v,,,,,04/10/2026 20:10:32,sim
1,04/10/2026,6257,Presidente,1,municipio,RJ,58025,3304128,QUATIS,,,,,PARTIDO COMUNISTA BRASILEIRO,i,PCB,0,21,PCB,PARTIDO COMUNISTA BRASILEIRO,,21,280002551975,EDMILSON SILVA COSTA,EDMILSON COSTA,08/04/1950,10,Válido,nao,,1,0.01,0.011897680,CLEUSA DOS SANTOS,CLEUSA SANTOS,PCB,v,,,,,04/10/2026 20:10:32,sim
1,04/10/2026,6257,Presidente,1,municipio,RJ,58025,3304128,QUATIS,,,,,PARTIDO SOCIALISTA  DOS TRABALHADORES UNIFICADO,i,PSTU,0,16,PSTU,PARTIDO SOCIALISTA  DOS TRABALHADORES UNIFICADO,,16,280002541457,HERTZ DA CONCEICAO DIAS,HERTZ DIAS,20/10/1970,8,Válido,nao,,3,0.04,0.035693040,VANESSA PORTUGAL BARBOSA,VANESSA PORTUGAL,PSTU,v,,,,,04/10/2026 20:10:32,sim
1,04/10/2026,6257,Presidente,1,municipio,RJ,58025,3304128,QUATIS,,,,,BRASIL DOS NOSSOS SONHOS,c,AGIR / AVANTE,,70,AVANTE,AVANTE,,70,280002551547,AUGUSTO JORGE CURY,ESCRITOR AUGUSTO CURY,02/10/1958,3,Válido,nao,,198,2.36,2.355740631,JULIO CESAR DELGADO,JÚLIO DELGADO,AVANTE,v,,,,,04/10/2026 20:10:32,sim
1,04/10/2026,6257,Presidente,1,municipio,RJ,58025,3304128,QUATIS,,,,,PARTIDO NOVO,i,NOVO,0,30,NOVO,PARTIDO NOVO,,30,280002539826,ROMEU ZEMA NETO,ZEMA,28/10/1964,6,Válido,nao,,31,0.37,0.368828079,LUIS EDUARDO GRANGEIRO GIRÃO,EDUARDO GIRÃO,NOVO,v,,,,,04/10/2026 20:10:32,sim
1,04/10/2026,6257,Presidente,1,municipio,RJ,58025,3304128,QUATIS,,,,,UNIDADE POPULAR,i,UP,0,80,UP,UNIDADE POPULAR,,80,280002538811,SAMARA MARTINS DA SILVA FEITOSA,SAMARA,31/08/1987,7,Válido,nao,,4,0.05,0.047590720,RAQUEL NONATO DE BRICIO,RAQUEL BRÍCIO,UP,v,,,,,04/10/2026 20:10:32,sim
1,04/10/2026,6257,Presidente,1,municipio,RJ,58025,3304128,QUATIS,,,,,DEMOCRATA,i,DEMOCRATA,0,35,DEMOCRATA,DEMOCRATA,,35,280002548139,WILSON GRASSI JUNIOR,VETERINÁRIO WILSON GRASSI,13/03/1970,11,Válido,nao,,0,0.00,0,SUÊD HAIDAR NOGUEIRA,SUÊD HAIDAR,DEMOCRATA,v,,,,,04/10/2026 20:10:32,sim
1,04/10/2026,6257,Presidente,1,municipio,RJ,58025,3304128,QUATIS,,,,,PARTIDO MISSÃO,i,MISSÃO,0,14,MISSÃO,PARTIDO MISSÃO,,14,280002540694,RENAN ANTONIO FERREIRA DOS SANTOS,RENAN SANTOS,14/02/1984,4,Válido,nao,,150,1.78,1.784651993,AROLDO MEDINA,CORONEL MEDINA,MISSÃO,v,,,,,04/10/2026 20:10:32,sim
1,04/10/2026,6257,Presidente,1,municipio,RJ,58025,3304128,QUATIS,,,,,PARTIDO DA CAUSA OPERÁRIA,i,PCO,0,29,PCO,PARTIDO DA CAUSA OPERÁRIA,,29,280002552487,RUI COSTA PIMENTA,RUI COSTA PIMENTA,25/06/1957,12,Válido,nao,,0,0.00,0,ANTONIO CARLOS SILVA,ANTÔNIO CARLOS,PCO,v,,,,,04/10/2026 20:10:32,sim
1,04/10/2026,6257,Presidente,1,municipio,RJ,58033,3300209,ARARUAMA,,,,,PARTIDO LIBERAL,i,PL,0,22,PL,PARTIDO LIBERAL,,22,280002551544,FLAVIO NANTES BOLSONARO,FLAVIO BOLSONARO,30/04/1981,1,Válido,nao,,53415,64.98,64.984123508,ALFREDO GASPAR DE MENDONÇA NETO,ALFREDO GASPAR,PL,v,,,,,04/10/2026 20:52:44,sim
1,04/10/2026,6257,Presidente,1,municipio,RJ,58033,3300209,ARARUAMA,,,,,PARTIDO SOCIAL DEMOCRÁTICO,i,PSD,0,55,PSD,PARTIDO SOCIAL DEMOCRÁTICO,,55,280002551932,RONALDO RAMOS CAIADO,RONALDO CAIADO,25/09/1949,5,Válido,nao,,1483,1.80,1.804202100,GILBERTO KASSAB,GILBERTO KASSAB,PSD,v,,,,,04/10/2026 20:52:44,sim
1,04/10/2026,6257,Presidente,1,municipio,RJ,58033,3300209,ARARUAMA,,PT/PC do B/PV,FEDERAÇÃO BRASIL DA ESPERANÇA - FE BRASIL,PT/PC do B/PV,BRASIL PRONTO PRA MAIS,c,PSB / PDT / PCDOB / PT / PV / PSOL / REDE,,13,PT,PARTIDO DOS TRABALHADORES,101,13,280002542548,LUIZ INÁCIO LULA DA SILVA,LULA,06/10/1945,2,Válido,nao,,23451,28.53,28.530238330,GERALDO JOSE RODRIGUES ALCKMIN FILHO,GERALDO ALCKMIN,PSB,v,,,,,04/10/2026 20:52:44,sim
1,04/10/2026,6257,Presidente,1,municipio,RJ,58033,3300209,ARARUAMA,,,,,DEMOCRACIA CRISTÃ,i,DC,0,27,DC,DEMOCRACIA CRISTÃ,,27,280002552484,CLARIANA ZACARKIM BARAO,CLARIANA BARAO,03/04/1987,9,Válido,nao,,38,0.05,0.046230398,FABIANA CRISTINA TAVARES TORQUATO,FABIANA TORQUATO,DC,v,,,,,04/10/2026 20:52:44,sim
1,04/10/2026,6257,Presidente,1,municipio,RJ,58033,3300209,ARARUAMA,,,,,PARTIDO COMUNISTA BRASILEIRO,i,PCB,0,21,PCB,PARTIDO COMUNISTA BRASILEIRO,,21,280002551975,EDMILSON SILVA COSTA,EDMILSON COSTA,08/04/1950,10,Válido,nao,,20,0.02,0.024331788,CLEUSA DOS SANTOS,CLEUSA SANTOS,PCB,v,,,,,04/10/2026 20:52:44,sim
1,04/10/2026,6257,Presidente,1,municipio,RJ,58033,3300209,ARARUAMA,,,,,PARTIDO SOCIALISTA  DOS TRABALHADORES UNIFICADO,i,PSTU,0,16,PSTU,PARTIDO SOCIALISTA  DOS TRABALHADORES UNIFICADO,,16,280002541457,HERTZ DA CONCEICAO DIAS,HERTZ DIAS,20/10/1970,8,Válido,nao,,25,0.03,0.030414735,VANESSA PORTUGAL BARBOSA,VANESSA PORTUGAL,PSTU,v,,,,,04/10/2026 20:52:44,sim
1,04/10/2026,6257,Presidente,1,municipio,RJ,58033,3300209,ARARUAMA,,,,,BRASIL DOS NOSSOS SONHOS,c,AGIR / AVANTE,,70,AVANTE,AVANTE,,70,280002551547,AUGUSTO JORGE CURY,ESCRITOR AUGUSTO CURY,02/10/1958,3,Válido,nao,,1933,2.35,2.351667336,JULIO CESAR DELGADO,JÚLIO DELGADO,AVANTE,v,,,,,04/10/2026 20:52:44,sim
1,04/10/2026,6257,Presidente,1,municipio,RJ,58033,3300209,ARARUAMA,,,,,PARTIDO NOVO,i,NOVO,0,30,NOVO,PARTIDO NOVO,,30,280002539826,ROMEU ZEMA NETO,ZEMA,28/10/1964,6,Válido,nao,,105,0.13,0.127741888,LUIS EDUARDO GRANGEIRO GIRÃO,EDUARDO GIRÃO,NOVO,v,,,,,04/10/2026 20:52:44,sim
1,04/10/2026,6257,Presidente,1,municipio,RJ,58033,3300209,ARARUAMA,,,,,UNIDADE POPULAR,i,UP,0,80,UP,UNIDADE POPULAR,,80,280002538811,SAMARA MARTINS DA SILVA FEITOSA,SAMARA,31/08/1987,7,Válido,nao,,98,0.12,0.119225762,RAQUEL NONATO DE BRICIO,RAQUEL BRÍCIO,UP,v,,,,,04/10/2026 20:52:44,sim
1,04/10/2026,6257,Presidente,1,municipio,RJ,58033,3300209,ARARUAMA,,,,,DEMOCRATA,i,DEMOCRATA,0,35,DEMOCRATA,DEMOCRATA,,35,280002548139,WILSON GRASSI JUNIOR,VETERINÁRIO WILSON GRASSI,13/03/1970,11,Válido,nao,,11,0.01,0.013382484,SUÊD HAIDAR NOGUEIRA,SUÊD HAIDAR,DEMOCRATA,v,,,,,04/10/2026 20:52:44,sim
1,04/10/2026,6257,Presidente,1,municipio,RJ,58033,3300209,ARARUAMA,,,,,PARTIDO MISSÃO,i,MISSÃO,0,14,MISSÃO,PARTIDO MISSÃO,,14,280002540694,RENAN ANTONIO FERREIRA DOS SANTOS,RENAN SANTOS,14/02/1984,4,Válido,nao,,1605,1.95,1.952626008,AROLDO MEDINA,CORONEL MEDINA,MISSÃO,v,,,,,04/10/2026 20:52:44,sim
1,04/10/2026,6257,Presidente,1,municipio,RJ,58033,3300209,ARARUAMA,,,,,PARTIDO DA CAUSA OPERÁRIA,i,PCO,0,29,PCO,PARTIDO DA CAUSA OPERÁRIA,,29,280002552487,RUI COSTA PIMENTA,RUI COSTA PIMENTA,25/06/1957,12,Válido,nao,,13,0.02,0.015815662,ANTONIO CARLOS SILVA,ANTÔNIO CARLOS,PCO,v,,,,,04/10/2026 20:52:44,sim
1,04/10/2026,6257,Presidente,1,municipio,RJ,58041,3300456,BELFORD ROXO,,,,,PARTIDO LIBERAL,i,PL,0,22,PL,PARTIDO LIBERAL,,22,280002551544,FLAVIO NANTES BOLSONARO,FLAVIO BOLSONARO,30/04/1981,1,Válido,nao,,144676,57.26,57.255929366,ALFREDO GASPAR DE MENDONÇA NETO,ALFREDO GASPAR,PL,v,,,,,04/10/2026 20:49:32,sim
1,04/10/2026,6257,Presidente,1,municipio,RJ,58041,3300456,BELFORD ROXO,,,,,PARTIDO SOCIAL DEMOCRÁTICO,i,PSD,0,55,PSD,PARTIDO SOCIAL DEMOCRÁTICO,,55,280002551932,RONALDO RAMOS CAIADO,RONALDO CAIADO,25/09/1949,5,Válido,nao,,4462,1.77,1.765848910,GILBERTO KASSAB,GILBERTO KASSAB,PSD,v,,,,,04/10/2026 20:49:32,sim
1,04/10/2026,6257,Presidente,1,municipio,RJ,58041,3300456,BELFORD ROXO,,PT/PC do B/PV,FEDERAÇÃO BRASIL DA ESPERANÇA - FE BRASIL,PT/PC do B/PV,BRASIL PRONTO PRA MAIS,c,PSB / PDT / PCDOB / PT / PV / PSOL / REDE,,13,PT,PARTIDO DOS TRABALHADORES,101,13,280002542548,LUIZ INÁCIO LULA DA SILVA,LULA,06/10/1945,2,Válido,nao,,91783,36.32,36.323377513,GERALDO JOSE RODRIGUES ALCKMIN FILHO,GERALDO ALCKMIN,PSB,v,,,,,04/10/2026 20:49:32,sim
1,04/10/2026,6257,Presidente,1,municipio,RJ,58041,3300456,BELFORD ROXO,,,,,DEMOCRACIA CRISTÃ,i,DC,0,27,DC,DEMOCRACIA CRISTÃ,,27,280002552484,CLARIANA ZACARKIM BARAO,CLARIANA BARAO,03/04/1987,9,Válido,nao,,92,0.04,0.036409256,FABIANA CRISTINA TAVARES TORQUATO,FABIANA TORQUATO,DC,v,,,,,04/10/2026 20:49:32,sim
1,04/10/2026,6257,Presidente,1,municipio,RJ,58041,3300456,BELFORD ROXO,,,,,PARTIDO COMUNISTA BRASILEIRO,i,PCB,0,21,PCB,PARTIDO COMUNISTA BRASILEIRO,,21,280002551975,EDMILSON SILVA COSTA,EDMILSON COSTA,08/04/1950,10,Válido,nao,,93,0.04,0.036805009,CLEUSA DOS SANTOS,CLEUSA SANTOS,PCB,v,,,,,04/10/2026 20:49:32,sim
1,04/10/2026,6257,Presidente,1,municipio,RJ,58041,3300456,BELFORD ROXO,,,,,PARTIDO SOCIALISTA  DOS TRABALHADORES UNIFICADO,i,PSTU,0,16,PSTU,PARTIDO SOCIALISTA  DOS TRABALHADORES UNIFICADO,,16,280002541457,HERTZ DA CONCEICAO DIAS,HERTZ DIAS,20/10/1970,8,Válido,nao,,82,0.03,0.032451728,VANESSA PORTUGAL BARBOSA,VANESSA PORTUGAL,PSTU,v,,,,,04/10/2026 20:49:32,sim
1,04/10/2026,6257,Presidente,1,municipio,RJ,58041,3300456,BELFORD ROXO,,,,,BRASIL DOS NOSSOS SONHOS,c,AGIR / AVANTE,,70,AVANTE,AVANTE,,70,280002551547,AUGUSTO JORGE CURY,ESCRITOR AUGUSTO CURY,02/10/1958,3,Válido,nao,,5874,2.32,2.324651836,JULIO CESAR DELGADO,JÚLIO DELGADO,AVANTE,v,,,,,04/10/2026 20:49:32,sim
1,04/10/2026,6257,Presidente,1,municipio,RJ,58041,3300456,BELFORD ROXO,,,,,PARTIDO NOVO,i,NOVO,0,30,NOVO,PARTIDO NOVO,,30,280002539826,ROMEU ZEMA NETO,ZEMA,28/10/1964,6,Válido,nao,,323,0.13,0.127828148,LUIS EDUARDO GRANGEIRO GIRÃO,EDUARDO GIRÃO,NOVO,v,,,,,04/10/2026 20:49:32,sim
1,04/10/2026,6257,Presidente,1,municipio,RJ,58041,3300456,BELFORD ROXO,,,,,UNIDADE POPULAR,i,UP,0,80,UP,UNIDADE POPULAR,,80,280002538811,SAMARA MARTINS DA SILVA FEITOSA,SAMARA,31/08/1987,7,Válido,nao,,350,0.14,0.138513473,RAQUEL NONATO DE BRICIO,RAQUEL BRÍCIO,UP,v,,,,,04/10/2026 20:49:32,sim
1,04/10/2026,6257,Presidente,1,municipio,RJ,58041,3300456,BELFORD ROXO,,,,,DEMOCRATA,i,DEMOCRATA,0,35,DEMOCRATA,DEMOCRATA,,35,280002548139,WILSON GRASSI JUNIOR,VETERINÁRIO WILSON GRASSI,13/03/1970,11,Válido,nao,,37,0.01,0.014642853,SUÊD HAIDAR NOGUEIRA,SUÊD HAIDAR,DEMOCRATA,v,,,,,04/10/2026 20:49:32,sim
1,04/10/2026,6257,Presidente,1,municipio,RJ,58041,3300456,BELFORD ROXO,,,,,PARTIDO MISSÃO,i,MISSÃO,0,14,MISSÃO,PARTIDO MISSÃO,,14,280002540694,RENAN ANTONIO FERREIRA DOS SANTOS,RENAN SANTOS,14/02/1984,4,Válido,nao,,4880,1.93,1.931273572,AROLDO MEDINA,CORONEL MEDINA,MISSÃO,v,,,,,04/10/2026 20:49:32,sim
1,04/10/2026,6257,Presidente,1,municipio,RJ,58041,3300456,BELFORD ROXO,,,,,PARTIDO DA CAUSA OPERÁRIA,i,PCO,0,29,PCO,PARTIDO DA CAUSA OPERÁRIA,,29,280002552487,RUI COSTA PIMENTA,RUI COSTA PIMENTA,25/06/1957,12,Válido,nao,,31,0.01,0.012268336,ANTONIO CARLOS SILVA,ANTÔNIO CARLOS,PCO,v,,,,,04/10/2026 20:49:32,sim
1,04/10/2026,6257,Presidente,1,municipio,RJ,58050,3300308,BARRA DO PIRAÍ,,,,,PARTIDO LIBERAL,i,PL,0,22,PL,PARTIDO LIBERAL,,22,280002551544,FLAVIO NANTES BOLSONARO,FLAVIO BOLSONARO,30/04/1981,1,Válido,nao,,24526,48.63,48.631821066,ALFREDO GASPAR DE MENDONÇA NETO,ALFREDO GASPAR,PL,v,,,,,04/10/2026 20:13:02,sim
1,04/10/2026,6257,Presidente,1,municipio,RJ,58050,3300308,BARRA DO PIRAÍ,,,,,PARTIDO SOCIAL DEMOCRÁTICO,i,PSD,0,55,PSD,PARTIDO SOCIAL DEMOCRÁTICO,,55,280002551932,RONALDO RAMOS CAIADO,RONALDO CAIADO,25/09/1949,5,Válido,nao,,1201,2.38,2.381424492,GILBERTO KASSAB,GILBERTO KASSAB,PSD,v,,,,,04/10/2026 20:13:02,sim
1,04/10/2026,6257,Presidente,1,municipio,RJ,58050,3300308,BARRA DO PIRAÍ,,PT/PC do B/PV,FEDERAÇÃO BRASIL DA ESPERANÇA - FE BRASIL,PT/PC do B/PV,BRASIL PRONTO PRA MAIS,c,PSB / PDT / PCDOB / PT / PV / PSOL / REDE,,13,PT,PARTIDO DOS TRABALHADORES,101,13,280002542548,LUIZ INÁCIO LULA DA SILVA,LULA,06/10/1945,2,Válido,nao,,21967,43.56,43.557661802,GERALDO JOSE RODRIGUES ALCKMIN FILHO,GERALDO ALCKMIN,PSB,v,,,,,04/10/2026 20:13:02,sim
1,04/10/2026,6257,Presidente,1,municipio,RJ,58050,3300308,BARRA DO PIRAÍ,,,,,DEMOCRACIA CRISTÃ,i,DC,0,27,DC,DEMOCRACIA CRISTÃ,,27,280002552484,CLARIANA ZACARKIM BARAO,CLARIANA BARAO,03/04/1987,9,Válido,nao,,35,0.07,0.069400381,FABIANA CRISTINA TAVARES TORQUATO,FABIANA TORQUATO,DC,v,,,,,04/10/2026 20:13:02,sim
1,04/10/2026,6257,Presidente,1,municipio,RJ,58050,3300308,BARRA DO PIRAÍ,,,,,PARTIDO COMUNISTA BRASILEIRO,i,PCB,0,21,PCB,PARTIDO COMUNISTA BRASILEIRO,,21,280002551975,EDMILSON SILVA COSTA,EDMILSON COSTA,08/04/1950,10,Válido,nao,,12,0.02,0.023794416,CLEUSA DOS SANTOS,CLEUSA SANTOS,PCB,v,,,,,04/10/2026 20:13:02,sim
1,04/10/2026,6257,Presidente,1,municipio,RJ,58050,3300308,BARRA DO PIRAÍ,,,,,PARTIDO SOCIALISTA  DOS TRABALHADORES UNIFICADO,i,PSTU,0,16,PSTU,PARTIDO SOCIALISTA  DOS TRABALHADORES UNIFICADO,,16,280002541457,HERTZ DA CONCEICAO DIAS,HERTZ DIAS,20/10/1970,8,Válido,nao,,19,0.04,0.037674492,VANESSA PORTUGAL BARBOSA,VANESSA PORTUGAL,PSTU,v,,,,,04/10/2026 20:13:02,sim
1,04/10/2026,6257,Presidente,1,municipio,RJ,58050,3300308,BARRA DO PIRAÍ,,,,,BRASIL DOS NOSSOS SONHOS,c,AGIR / AVANTE,,70,AVANTE,AVANTE,,70,280002551547,AUGUSTO JORGE CURY,ESCRITOR AUGUSTO CURY,02/10/1958,3,Válido,nao,,1451,2.88,2.877141497,JULIO CESAR DELGADO,JÚLIO DELGADO,AVANTE,v,,,,,04/10/2026 20:13:02,sim
1,04/10/2026,6257,Presidente,1,municipio,RJ,58050,3300308,BARRA DO PIRAÍ,,,,,PARTIDO NOVO,i,NOVO,0,30,NOVO,PARTIDO NOVO,,30,280002539826,ROMEU ZEMA NETO,ZEMA,28/10/1964,6,Válido,nao,,119,0.24,0.235961294,LUIS EDUARDO GRANGEIRO GIRÃO,EDUARDO GIRÃO,NOVO,v,,,,,04/10/2026 20:13:02,sim
1,04/10/2026,6257,Presidente,1,municipio,RJ,58050,3300308,BARRA DO PIRAÍ,,,,,UNIDADE POPULAR,i,UP,0,80,UP,UNIDADE POPULAR,,80,280002538811,SAMARA MARTINS DA SILVA FEITOSA,SAMARA,31/08/1987,7,Válido,nao,,69,0.14,0.136817893,RAQUEL NONATO DE BRICIO,RAQUEL BRÍCIO,UP,v,,,,,04/10/2026 20:13:02,sim
1,04/10/2026,6257,Presidente,1,municipio,RJ,58050,3300308,BARRA DO PIRAÍ,,,,,DEMOCRATA,i,DEMOCRATA,0,35,DEMOCRATA,DEMOCRATA,,35,280002548139,WILSON GRASSI JUNIOR,VETERINÁRIO WILSON GRASSI,13/03/1970,11,Válido,nao,,17,0.03,0.033708756,SUÊD HAIDAR NOGUEIRA,SUÊD HAIDAR,DEMOCRATA,v,,,,,04/10/2026 20:13:02,sim
1,04/10/2026,6257,Presidente,1,municipio,RJ,58050,3300308,BARRA DO PIRAÍ,,,,,PARTIDO MISSÃO,i,MISSÃO,0,14,MISSÃO,PARTIDO MISSÃO,,14,280002540694,RENAN ANTONIO FERREIRA DOS SANTOS,RENAN SANTOS,14/02/1984,4,Válido,nao,,1010,2.00,2.002696701,AROLDO MEDINA,CORONEL MEDINA,MISSÃO,v,,,,,04/10/2026 20:13:02,sim
1,04/10/2026,6257,Presidente,1,municipio,RJ,58050,3300308,BARRA DO PIRAÍ,,,,,PARTIDO DA CAUSA OPERÁRIA,i,PCO,0,29,PCO,PARTIDO DA CAUSA OPERÁRIA,,29,280002552487,RUI COSTA PIMENTA,RUI COSTA PIMENTA,25/06/1957,12,Válido,nao,,6,0.01,0.011897208,ANTONIO CARLOS SILVA,ANTÔNIO CARLOS,PCO,v,,,,,04/10/2026 20:13:02,sim
1,04/10/2026,6257,Presidente,1,municipio,RJ,58068,3301157,CARDOSO MOREIRA,,,,,PARTIDO LIBERAL,i,PL,0,22,PL,PARTIDO LIBERAL,,22,280002551544,FLAVIO NANTES BOLSONARO,FLAVIO BOLSONARO,30/04/1981,1,Válido,nao,,6014,62.07,62.070389101,ALFREDO GASPAR DE MENDONÇA NETO,ALFREDO GASPAR,PL,v,,,,,04/10/2026 18:34:55,sim
1,04/10/2026,6257,Presidente,1,municipio,RJ,58068,3301157,CARDOSO MOREIRA,,,,,PARTIDO SOCIAL DEMOCRÁTICO,i,PSD,0,55,PSD,PARTIDO SOCIAL DEMOCRÁTICO,,55,280002551932,RONALDO RAMOS CAIADO,RONALDO CAIADO,25/09/1949,4,Válido,nao,,217,2.24,2.239653215,GILBERTO KASSAB,GILBERTO KASSAB,PSD,v,,,,,04/10/2026 18:34:55,sim
1,04/10/2026,6257,Presidente,1,municipio,RJ,58068,3301157,CARDOSO MOREIRA,,PT/PC do B/PV,FEDERAÇÃO BRASIL DA ESPERANÇA - FE BRASIL,PT/PC do B/PV,BRASIL PRONTO PRA MAIS,c,PSB / PDT / PCDOB / PT / PV / PSOL / REDE,,13,PT,PARTIDO DOS TRABALHADORES,101,13,280002542548,LUIZ INÁCIO LULA DA SILVA,LULA,06/10/1945,2,Válido,nao,,3073,31.72,31.716379399,GERALDO JOSE RODRIGUES ALCKMIN FILHO,GERALDO ALCKMIN,PSB,v,,,,,04/10/2026 18:34:55,sim
1,04/10/2026,6257,Presidente,1,municipio,RJ,58068,3301157,CARDOSO MOREIRA,,,,,DEMOCRACIA CRISTÃ,i,DC,0,27,DC,DEMOCRACIA CRISTÃ,,27,280002552484,CLARIANA ZACARKIM BARAO,CLARIANA BARAO,03/04/1987,9,Válido,nao,,2,0.02,0.020641965,FABIANA CRISTINA TAVARES TORQUATO,FABIANA TORQUATO,DC,v,,,,,04/10/2026 18:34:55,sim
1,04/10/2026,6257,Presidente,1,municipio,RJ,58068,3301157,CARDOSO MOREIRA,,,,,PARTIDO COMUNISTA BRASILEIRO,i,PCB,0,21,PCB,PARTIDO COMUNISTA BRASILEIRO,,21,280002551975,EDMILSON SILVA COSTA,EDMILSON COSTA,08/04/1950,10,Válido,nao,,2,0.02,0.020641965,CLEUSA DOS SANTOS,CLEUSA SANTOS,PCB,v,,,,,04/10/2026 18:34:55,sim
1,04/10/2026,6257,Presidente,1,municipio,RJ,58068,3301157,CARDOSO MOREIRA,,,,,PARTIDO SOCIALISTA  DOS TRABALHADORES UNIFICADO,i,PSTU,0,16,PSTU,PARTIDO SOCIALISTA  DOS TRABALHADORES UNIFICADO,,16,280002541457,HERTZ DA CONCEICAO DIAS,HERTZ DIAS,20/10/1970,8,Válido,nao,,0,0.00,0,VANESSA PORTUGAL BARBOSA,VANESSA PORTUGAL,PSTU,v,,,,,04/10/2026 18:34:55,sim
1,04/10/2026,6257,Presidente,1,municipio,RJ,58068,3301157,CARDOSO MOREIRA,,,,,BRASIL DOS NOSSOS SONHOS,c,AGIR / AVANTE,,70,AVANTE,AVANTE,,70,280002551547,AUGUSTO JORGE CURY,ESCRITOR AUGUSTO CURY,02/10/1958,3,Válido,nao,,194,2.00,2.002270616,JULIO CESAR DELGADO,JÚLIO DELGADO,AVANTE,v,,,,,04/10/2026 18:34:55,sim
1,04/10/2026,6257,Presidente,1,municipio,RJ,58068,3301157,CARDOSO MOREIRA,,,,,PARTIDO NOVO,i,NOVO,0,30,NOVO,PARTIDO NOVO,,30,280002539826,ROMEU ZEMA NETO,ZEMA,28/10/1964,6,Válido,nao,,11,0.11,0.113530808,LUIS EDUARDO GRANGEIRO GIRÃO,EDUARDO GIRÃO,NOVO,v,,,,,04/10/2026 18:34:55,sim
1,04/10/2026,6257,Presidente,1,municipio,RJ,58068,3301157,CARDOSO MOREIRA,,,,,UNIDADE POPULAR,i,UP,0,80,UP,UNIDADE POPULAR,,80,280002538811,SAMARA MARTINS DA SILVA FEITOSA,SAMARA,31/08/1987,7,Válido,nao,,4,0.04,0.041283930,RAQUEL NONATO DE BRICIO,RAQUEL BRÍCIO,UP,v,,,,,04/10/2026 18:34:55,sim
1,04/10/2026,6257,Presidente,1,municipio,RJ,58068,3301157,CARDOSO MOREIRA,,,,,DEMOCRATA,i,DEMOCRATA,0,35,DEMOCRATA,DEMOCRATA,,35,280002548139,WILSON GRASSI JUNIOR,VETERINÁRIO WILSON GRASSI,13/03/1970,11,Válido,nao,,1,0.01,0.010320983,SUÊD HAIDAR NOGUEIRA,SUÊD HAIDAR,DEMOCRATA,v,,,,,04/10/2026 18:34:55,sim
1,04/10/2026,6257,Presidente,1,municipio,RJ,58068,3301157,CARDOSO MOREIRA,,,,,PARTIDO MISSÃO,i,MISSÃO,0,14,MISSÃO,PARTIDO MISSÃO,,14,280002540694,RENAN ANTONIO FERREIRA DOS SANTOS,RENAN SANTOS,14/02/1984,5,Válido,nao,,168,1.73,1.733925070,AROLDO MEDINA,CORONEL MEDINA,MISSÃO,v,,,,,04/10/2026 18:34:55,sim
1,04/10/2026,6257,Presidente,1,municipio,RJ,58068,3301157,CARDOSO MOREIRA,,,,,PARTIDO DA CAUSA OPERÁRIA,i,PCO,0,29,PCO,PARTIDO DA CAUSA OPERÁRIA,,29,280002552487,RUI COSTA PIMENTA,RUI COSTA PIMENTA,25/06/1957,12,Válido,nao,,3,0.03,0.030962948,ANTONIO CARLOS SILVA,ANTÔNIO CARLOS,PCO,v,,,,,04/10/2026 18:34:55,sim
1,04/10/2026,6257,Presidente,1,municipio,RJ,58076,3300407,BARRA MANSA,,,,,PARTIDO LIBERAL,i,PL,0,22,PL,PARTIDO LIBERAL,,22,280002551544,FLAVIO NANTES BOLSONARO,FLAVIO BOLSONARO,30/04/1981,1,Válido,nao,,52367,52.38,52.375380061,ALFREDO GASPAR DE MENDONÇA NETO,ALFREDO GASPAR,PL,v,,,,,04/10/2026 19:20:58,sim
1,04/10/2026,6257,Presidente,1,municipio,RJ,58076,3300407,BARRA MANSA,,,,,PARTIDO SOCIAL DEMOCRÁTICO,i,PSD,0,55,PSD,PARTIDO SOCIAL DEMOCRÁTICO,,55,280002551932,RONALDO RAMOS CAIADO,RONALDO CAIADO,25/09/1949,5,Válido,nao,,2091,2.09,2.091334614,GILBERTO KASSAB,GILBERTO KASSAB,PSD,v,,,,,04/10/2026 19:20:58,sim
1,04/10/2026,6257,Presidente,1,municipio,RJ,58076,3300407,BARRA MANSA,,PT/PC do B/PV,FEDERAÇÃO BRASIL DA ESPERANÇA - FE BRASIL,PT/PC do B/PV,BRASIL PRONTO PRA MAIS,c,PSB / PDT / PCDOB / PT / PV / PSOL / REDE,,13,PT,PARTIDO DOS TRABALHADORES,101,13,280002542548,LUIZ INÁCIO LULA DA SILVA,LULA,06/10/1945,2,Válido,nao,,39813,39.82,39.819371099,GERALDO JOSE RODRIGUES ALCKMIN FILHO,GERALDO ALCKMIN,PSB,v,,,,,04/10/2026 19:20:58,sim
1,04/10/2026,6257,Presidente,1,municipio,RJ,58076,3300407,BARRA MANSA,,,,,DEMOCRACIA CRISTÃ,i,DC,0,27,DC,DEMOCRACIA CRISTÃ,,27,280002552484,CLARIANA ZACARKIM BARAO,CLARIANA BARAO,03/04/1987,9,Válido,nao,,59,0.06,0.059009442,FABIANA CRISTINA TAVARES TORQUATO,FABIANA TORQUATO,DC,v,,,,,04/10/2026 19:20:58,sim
1,04/10/2026,6257,Presidente,1,municipio,RJ,58076,3300407,BARRA MANSA,,,,,PARTIDO COMUNISTA BRASILEIRO,i,PCB,0,21,PCB,PARTIDO COMUNISTA BRASILEIRO,,21,280002551975,EDMILSON SILVA COSTA,EDMILSON COSTA,08/04/1950,10,Válido,nao,,21,0.02,0.021003361,CLEUSA DOS SANTOS,CLEUSA SANTOS,PCB,v,,,,,04/10/2026 19:20:58,sim
1,04/10/2026,6257,Presidente,1,municipio,RJ,58076,3300407,BARRA MANSA,,,,,PARTIDO SOCIALISTA  DOS TRABALHADORES UNIFICADO,i,PSTU,0,16,PSTU,PARTIDO SOCIALISTA  DOS TRABALHADORES UNIFICADO,,16,280002541457,HERTZ DA CONCEICAO DIAS,HERTZ DIAS,20/10/1970,8,Válido,nao,,46,0.05,0.046007361,VANESSA PORTUGAL BARBOSA,VANESSA PORTUGAL,PSTU,v,,,,,04/10/2026 19:20:58,sim
1,04/10/2026,6257,Presidente,1,municipio,RJ,58076,3300407,BARRA MANSA,,,,,BRASIL DOS NOSSOS SONHOS,c,AGIR / AVANTE,,70,AVANTE,AVANTE,,70,280002551547,AUGUSTO JORGE CURY,ESCRITOR AUGUSTO CURY,02/10/1958,3,Válido,nao,,2878,2.88,2.878460554,JULIO CESAR DELGADO,JÚLIO DELGADO,AVANTE,v,,,,,04/10/2026 19:20:58,sim
1,04/10/2026,6257,Presidente,1,municipio,RJ,58076,3300407,BARRA MANSA,,,,,PARTIDO NOVO,i,NOVO,0,30,NOVO,PARTIDO NOVO,,30,280002539826,ROMEU ZEMA NETO,ZEMA,28/10/1964,6,Válido,nao,,262,0.26,0.262041927,LUIS EDUARDO GRANGEIRO GIRÃO,EDUARDO GIRÃO,NOVO,v,,,,,04/10/2026 19:20:58,sim
1,04/10/2026,6257,Presidente,1,municipio,RJ,58076,3300407,BARRA MANSA,,,,,UNIDADE POPULAR,i,UP,0,80,UP,UNIDADE POPULAR,,80,280002538811,SAMARA MARTINS DA SILVA FEITOSA,SAMARA,31/08/1987,7,Válido,nao,,126,0.13,0.126020163,RAQUEL NONATO DE BRICIO,RAQUEL BRÍCIO,UP,v,,,,,04/10/2026 19:20:58,sim
1,04/10/2026,6257,Presidente,1,municipio,RJ,58076,3300407,BARRA MANSA,,,,,DEMOCRATA,i,DEMOCRATA,0,35,DEMOCRATA,DEMOCRATA,,35,280002548139,WILSON GRASSI JUNIOR,VETERINÁRIO WILSON GRASSI,13/03/1970,11,Válido,nao,,10,0.01,0.010001600,SUÊD HAIDAR NOGUEIRA,SUÊD HAIDAR,DEMOCRATA,v,,,,,04/10/2026 19:20:58,sim
1,04/10/2026,6257,Presidente,1,municipio,RJ,58076,3300407,BARRA MANSA,,,,,PARTIDO MISSÃO,i,MISSÃO,0,14,MISSÃO,PARTIDO MISSÃO,,14,280002540694,RENAN ANTONIO FERREIRA DOS SANTOS,RENAN SANTOS,14/02/1984,4,Válido,nao,,2303,2.30,2.303368539,AROLDO MEDINA,CORONEL MEDINA,MISSÃO,v,,,,,04/10/2026 19:20:58,sim
1,04/10/2026,6257,Presidente,1,municipio,RJ,58076,3300407,BARRA MANSA,,,,,PARTIDO DA CAUSA OPERÁRIA,i,PCO,0,29,PCO,PARTIDO DA CAUSA OPERÁRIA,,29,280002552487,RUI COSTA PIMENTA,RUI COSTA PIMENTA,25/06/1957,12,Válido,nao,,8,0.01,0.008001280,ANTONIO CARLOS SILVA,ANTÔNIO CARLOS,PCO,v,,,,,04/10/2026 19:20:58,sim
1,04/10/2026,6257,Presidente,1,municipio,RJ,58084,3306156,VARRE-SAI,,,,,PARTIDO LIBERAL,i,PL,0,22,PL,PARTIDO LIBERAL,,22,280002551544,FLAVIO NANTES BOLSONARO,FLAVIO BOLSONARO,30/04/1981,1,Válido,nao,,4219,62.63,62.633610451,ALFREDO GASPAR DE MENDONÇA NETO,ALFREDO GASPAR,PL,v,,,,,04/10/2026 19:11:45,sim
1,04/10/2026,6257,Presidente,1,municipio,RJ,58084,3306156,VARRE-SAI,,,,,PARTIDO SOCIAL DEMOCRÁTICO,i,PSD,0,55,PSD,PARTIDO SOCIAL DEMOCRÁTICO,,55,280002551932,RONALDO RAMOS CAIADO,RONALDO CAIADO,25/09/1949,5,Válido,nao,,173,2.57,2.568289786,GILBERTO KASSAB,GILBERTO KASSAB,PSD,v,,,,,04/10/2026 19:11:45,sim
1,04/10/2026,6257,Presidente,1,municipio,RJ,58084,3306156,VARRE-SAI,,PT/PC do B/PV,FEDERAÇÃO BRASIL DA ESPERANÇA - FE BRASIL,PT/PC do B/PV,BRASIL PRONTO PRA MAIS,c,PSB / PDT / PCDOB / PT / PV / PSOL / REDE,,13,PT,PARTIDO DOS TRABALHADORES,101,13,280002542548,LUIZ INÁCIO LULA DA SILVA,LULA,06/10/1945,2,Válido,nao,,2102,31.21,31.205463183,GERALDO JOSE RODRIGUES ALCKMIN FILHO,GERALDO ALCKMIN,PSB,v,,,,,04/10/2026 19:11:45,sim
1,04/10/2026,6257,Presidente,1,municipio,RJ,58084,3306156,VARRE-SAI,,,,,DEMOCRACIA CRISTÃ,i,DC,0,27,DC,DEMOCRACIA CRISTÃ,,27,280002552484,CLARIANA ZACARKIM BARAO,CLARIANA BARAO,03/04/1987,9,Válido,nao,,3,0.04,0.044536817,FABIANA CRISTINA TAVARES TORQUATO,FABIANA TORQUATO,DC,v,,,,,04/10/2026 19:11:45,sim
1,04/10/2026,6257,Presidente,1,municipio,RJ,58084,3306156,VARRE-SAI,,,,,PARTIDO COMUNISTA BRASILEIRO,i,PCB,0,21,PCB,PARTIDO COMUNISTA BRASILEIRO,,21,280002551975,EDMILSON SILVA COSTA,EDMILSON COSTA,08/04/1950,10,Válido,nao,,4,0.06,0.059382423,CLEUSA DOS SANTOS,CLEUSA SANTOS,PCB,v,,,,,04/10/2026 19:11:45,sim
1,04/10/2026,6257,Presidente,1,municipio,RJ,58084,3306156,VARRE-SAI,,,,,PARTIDO SOCIALISTA  DOS TRABALHADORES UNIFICADO,i,PSTU,0,16,PSTU,PARTIDO SOCIALISTA  DOS TRABALHADORES UNIFICADO,,16,280002541457,HERTZ DA CONCEICAO DIAS,HERTZ DIAS,20/10/1970,8,Válido,nao,,2,0.03,0.029691211,VANESSA PORTUGAL BARBOSA,VANESSA PORTUGAL,PSTU,v,,,,,04/10/2026 19:11:45,sim
1,04/10/2026,6257,Presidente,1,municipio,RJ,58084,3306156,VARRE-SAI,,,,,BRASIL DOS NOSSOS SONHOS,c,AGIR / AVANTE,,70,AVANTE,AVANTE,,70,280002551547,AUGUSTO JORGE CURY,ESCRITOR AUGUSTO CURY,02/10/1958,3,Válido,nao,,119,1.77,1.766627078,JULIO CESAR DELGADO,JÚLIO DELGADO,AVANTE,v,,,,,04/10/2026 19:11:45,sim
1,04/10/2026,6257,Presidente,1,municipio,RJ,58084,3306156,VARRE-SAI,,,,,PARTIDO NOVO,i,NOVO,0,30,NOVO,PARTIDO NOVO,,30,280002539826,ROMEU ZEMA NETO,ZEMA,28/10/1964,6,Válido,nao,,13,0.19,0.192992874,LUIS EDUARDO GRANGEIRO GIRÃO,EDUARDO GIRÃO,NOVO,v,,,,,04/10/2026 19:11:45,sim
1,04/10/2026,6257,Presidente,1,municipio,RJ,58084,3306156,VARRE-SAI,,,,,UNIDADE POPULAR,i,UP,0,80,UP,UNIDADE POPULAR,,80,280002538811,SAMARA MARTINS DA SILVA FEITOSA,SAMARA,31/08/1987,7,Válido,nao,,4,0.06,0.059382423,RAQUEL NONATO DE BRICIO,RAQUEL BRÍCIO,UP,v,,,,,04/10/2026 19:11:45,sim
1,04/10/2026,6257,Presidente,1,municipio,RJ,58084,3306156,VARRE-SAI,,,,,DEMOCRATA,i,DEMOCRATA,0,35,DEMOCRATA,DEMOCRATA,,35,280002548139,WILSON GRASSI JUNIOR,VETERINÁRIO WILSON GRASSI,13/03/1970,11,Válido,nao,,0,0.00,0,SUÊD HAIDAR NOGUEIRA,SUÊD HAIDAR,DEMOCRATA,v,,,,,04/10/2026 19:11:45,sim
1,04/10/2026,6257,Presidente,1,municipio,RJ,58084,3306156,VARRE-SAI,,,,,PARTIDO MISSÃO,i,MISSÃO,0,14,MISSÃO,PARTIDO MISSÃO,,14,280002540694,RENAN ANTONIO FERREIRA DOS SANTOS,RENAN SANTOS,14/02/1984,4,Válido,nao,,96,1.43,1.425178147,AROLDO MEDINA,CORONEL MEDINA,MISSÃO,v,,,,,04/10/2026 19:11:45,sim
1,04/10/2026,6257,Presidente,1,municipio,RJ,58084,3306156,VARRE-SAI,,,,,PARTIDO DA CAUSA OPERÁRIA,i,PCO,0,29,PCO,PARTIDO DA CAUSA OPERÁRIA,,29,280002552487,RUI COSTA PIMENTA,RUI COSTA PIMENTA,25/06/1957,12,Válido,nao,,1,0.01,0.014845606,ANTONIO CARLOS SILVA,ANTÔNIO CARLOS,PCO,v,,,,,04/10/2026 19:11:45,sim
1,04/10/2026,6257,Presidente,1,municipio,RJ,58092,3300506,BOM JARDIM,,,,,PARTIDO LIBERAL,i,PL,0,22,PL,PARTIDO LIBERAL,,22,280002551544,FLAVIO NANTES BOLSONARO,FLAVIO BOLSONARO,30/04/1981,1,Válido,nao,,9554,56.88,56.875818550,ALFREDO GASPAR DE MENDONÇA NETO,ALFREDO GASPAR,PL,v,,,,,04/10/2026 19:14:09,sim
1,04/10/2026,6257,Presidente,1,municipio,RJ,58092,3300506,BOM JARDIM,,,,,PARTIDO SOCIAL DEMOCRÁTICO,i,PSD,0,55,PSD,PARTIDO SOCIAL DEMOCRÁTICO,,55,280002551932,RONALDO RAMOS CAIADO,RONALDO CAIADO,25/09/1949,5,Válido,nao,,475,2.83,2.827717585,GILBERTO KASSAB,GILBERTO KASSAB,PSD,v,,,,,04/10/2026 19:14:09,sim
1,04/10/2026,6257,Presidente,1,municipio,RJ,58092,3300506,BOM JARDIM,,PT/PC do B/PV,FEDERAÇÃO BRASIL DA ESPERANÇA - FE BRASIL,PT/PC do B/PV,BRASIL PRONTO PRA MAIS,c,PSB / PDT / PCDOB / PT / PV / PSOL / REDE,,13,PT,PARTIDO DOS TRABALHADORES,101,13,280002542548,LUIZ INÁCIO LULA DA SILVA,LULA,06/10/1945,2,Válido,nao,,5896,35.10,35.099416597,GERALDO JOSE RODRIGUES ALCKMIN FILHO,GERALDO ALCKMIN,PSB,v,,,,,04/10/2026 19:14:09,sim
1,04/10/2026,6257,Presidente,1,municipio,RJ,58092,3300506,BOM JARDIM,,,,,DEMOCRACIA CRISTÃ,i,DC,0,27,DC,DEMOCRACIA CRISTÃ,,27,280002552484,CLARIANA ZACARKIM BARAO,CLARIANA BARAO,03/04/1987,9,Válido,nao,,2,0.01,0.011906179,FABIANA CRISTINA TAVARES TORQUATO,FABIANA TORQUATO,DC,v,,,,,04/10/2026 19:14:09,sim
1,04/10/2026,6257,Presidente,1,municipio,RJ,58092,3300506,BOM JARDIM,,,,,PARTIDO COMUNISTA BRASILEIRO,i,PCB,0,21,PCB,PARTIDO COMUNISTA BRASILEIRO,,21,280002551975,EDMILSON SILVA COSTA,EDMILSON COSTA,08/04/1950,10,Válido,nao,,3,0.02,0.017859269,CLEUSA DOS SANTOS,CLEUSA SANTOS,PCB,v,,,,,04/10/2026 19:14:09,sim
1,04/10/2026,6257,Presidente,1,municipio,RJ,58092,3300506,BOM JARDIM,,,,,PARTIDO SOCIALISTA  DOS TRABALHADORES UNIFICADO,i,PSTU,0,16,PSTU,PARTIDO SOCIALISTA  DOS TRABALHADORES UNIFICADO,,16,280002541457,HERTZ DA CONCEICAO DIAS,HERTZ DIAS,20/10/1970,8,Válido,nao,,4,0.02,0.023812359,VANESSA PORTUGAL BARBOSA,VANESSA PORTUGAL,PSTU,v,,,,,04/10/2026 19:14:09,sim
1,04/10/2026,6257,Presidente,1,municipio,RJ,58092,3300506,BOM JARDIM,,,,,BRASIL DOS NOSSOS SONHOS,c,AGIR / AVANTE,,70,AVANTE,AVANTE,,70,280002551547,AUGUSTO JORGE CURY,ESCRITOR AUGUSTO CURY,02/10/1958,3,Válido,nao,,445,2.65,2.649124896,JULIO CESAR DELGADO,JÚLIO DELGADO,AVANTE,v,,,,,04/10/2026 19:14:09,sim
1,04/10/2026,6257,Presidente,1,municipio,RJ,58092,3300506,BOM JARDIM,,,,,PARTIDO NOVO,i,NOVO,0,30,NOVO,PARTIDO NOVO,,30,280002539826,ROMEU ZEMA NETO,ZEMA,28/10/1964,6,Válido,nao,,34,0.20,0.202405048,LUIS EDUARDO GRANGEIRO GIRÃO,EDUARDO GIRÃO,NOVO,v,,,,,04/10/2026 19:14:09,sim
1,04/10/2026,6257,Presidente,1,municipio,RJ,58092,3300506,BOM JARDIM,,,,,UNIDADE POPULAR,i,UP,0,80,UP,UNIDADE POPULAR,,80,280002538811,SAMARA MARTINS DA SILVA FEITOSA,SAMARA,31/08/1987,7,Válido,nao,,12,0.07,0.071437076,RAQUEL NONATO DE BRICIO,RAQUEL BRÍCIO,UP,v,,,,,04/10/2026 19:14:09,sim
1,04/10/2026,6257,Presidente,1,municipio,RJ,58092,3300506,BOM JARDIM,,,,,DEMOCRATA,i,DEMOCRATA,0,35,DEMOCRATA,DEMOCRATA,,35,280002548139,WILSON GRASSI JUNIOR,VETERINÁRIO WILSON GRASSI,13/03/1970,11,Válido,nao,,3,0.02,0.017859269,SUÊD HAIDAR NOGUEIRA,SUÊD HAIDAR,DEMOCRATA,v,,,,,04/10/2026 19:14:09,sim
1,04/10/2026,6257,Presidente,1,municipio,RJ,58092,3300506,BOM JARDIM,,,,,PARTIDO MISSÃO,i,MISSÃO,0,14,MISSÃO,PARTIDO MISSÃO,,14,280002540694,RENAN ANTONIO FERREIRA DOS SANTOS,RENAN SANTOS,14/02/1984,4,Válido,nao,,369,2.20,2.196690082,AROLDO MEDINA,CORONEL MEDINA,MISSÃO,v,,,,,04/10/2026 19:14:09,sim
1,04/10/2026,6257,Presidente,1,municipio,RJ,58092,3300506,BOM JARDIM,,,,,PARTIDO DA CAUSA OPERÁRIA,i,PCO,0,29,PCO,PARTIDO DA CAUSA OPERÁRIA,,29,280002552487,RUI COSTA PIMENTA,RUI COSTA PIMENTA,25/06/1957,12,Válido,nao,,1,0.01,0.005953090,ANTONIO CARLOS SILVA,ANTÔNIO CARLOS,PCO,v,,,,,04/10/2026 19:14:09,sim
1,04/10/2026,6257,Presidente,1,municipio,RJ,58106,3301850,GUAPIMIRIM,,,,,PARTIDO LIBERAL,i,PL,0,22,PL,PARTIDO LIBERAL,,22,280002551544,FLAVIO NANTES BOLSONARO,FLAVIO BOLSONARO,30/04/1981,1,Válido,nao,,19835,58.73,58.732085752,ALFREDO GASPAR DE MENDONÇA NETO,ALFREDO GASPAR,PL,v,,,,,04/10/2026 20:59:22,sim
1,04/10/2026,6257,Presidente,1,municipio,RJ,58106,3301850,GUAPIMIRIM,,,,,PARTIDO SOCIAL DEMOCRÁTICO,i,PSD,0,55,PSD,PARTIDO SOCIAL DEMOCRÁTICO,,55,280002551932,RONALDO RAMOS CAIADO,RONALDO CAIADO,25/09/1949,5,Válido,nao,,588,1.74,1.741087291,GILBERTO KASSAB,GILBERTO KASSAB,PSD,v,,,,,04/10/2026 20:59:22,sim
1,04/10/2026,6257,Presidente,1,municipio,RJ,58106,3301850,GUAPIMIRIM,,PT/PC do B/PV,FEDERAÇÃO BRASIL DA ESPERANÇA - FE BRASIL,PT/PC do B/PV,BRASIL PRONTO PRA MAIS,c,PSB / PDT / PCDOB / PT / PV / PSOL / REDE,,13,PT,PARTIDO DOS TRABALHADORES,101,13,280002542548,LUIZ INÁCIO LULA DA SILVA,LULA,06/10/1945,2,Válido,nao,,11616,34.40,34.395357101,GERALDO JOSE RODRIGUES ALCKMIN FILHO,GERALDO ALCKMIN,PSB,v,,,,,04/10/2026 20:59:22,sim
1,04/10/2026,6257,Presidente,1,municipio,RJ,58106,3301850,GUAPIMIRIM,,,,,DEMOCRACIA CRISTÃ,i,DC,0,27,DC,DEMOCRACIA CRISTÃ,,27,280002552484,CLARIANA ZACARKIM BARAO,CLARIANA BARAO,03/04/1987,9,Válido,nao,,9,0.03,0.026649295,FABIANA CRISTINA TAVARES TORQUATO,FABIANA TORQUATO,DC,v,,,,,04/10/2026 20:59:22,sim
1,04/10/2026,6257,Presidente,1,municipio,RJ,58106,3301850,GUAPIMIRIM,,,,,PARTIDO COMUNISTA BRASILEIRO,i,PCB,0,21,PCB,PARTIDO COMUNISTA BRASILEIRO,,21,280002551975,EDMILSON SILVA COSTA,EDMILSON COSTA,08/04/1950,10,Válido,nao,,16,0.05,0.047376525,CLEUSA DOS SANTOS,CLEUSA SANTOS,PCB,v,,,,,04/10/2026 20:59:22,sim
1,04/10/2026,6257,Presidente,1,municipio,RJ,58106,3301850,GUAPIMIRIM,,,,,PARTIDO SOCIALISTA  DOS TRABALHADORES UNIFICADO,i,PSTU,0,16,PSTU,PARTIDO SOCIALISTA  DOS TRABALHADORES UNIFICADO,,16,280002541457,HERTZ DA CONCEICAO DIAS,HERTZ DIAS,20/10/1970,8,Válido,nao,,17,0.05,0.050337558,VANESSA PORTUGAL BARBOSA,VANESSA PORTUGAL,PSTU,v,,,,,04/10/2026 20:59:22,sim
1,04/10/2026,6257,Presidente,1,municipio,RJ,58106,3301850,GUAPIMIRIM,,,,,BRASIL DOS NOSSOS SONHOS,c,AGIR / AVANTE,,70,AVANTE,AVANTE,,70,280002551547,AUGUSTO JORGE CURY,ESCRITOR AUGUSTO CURY,02/10/1958,3,Válido,nao,,897,2.66,2.656046429,JULIO CESAR DELGADO,JÚLIO DELGADO,AVANTE,v,,,,,04/10/2026 20:59:22,sim
1,04/10/2026,6257,Presidente,1,municipio,RJ,58106,3301850,GUAPIMIRIM,,,,,PARTIDO NOVO,i,NOVO,0,30,NOVO,PARTIDO NOVO,,30,280002539826,ROMEU ZEMA NETO,ZEMA,28/10/1964,6,Válido,nao,,45,0.13,0.133246476,LUIS EDUARDO GRANGEIRO GIRÃO,EDUARDO GIRÃO,NOVO,v,,,,,04/10/2026 20:59:22,sim
1,04/10/2026,6257,Presidente,1,municipio,RJ,58106,3301850,GUAPIMIRIM,,,,,UNIDADE POPULAR,i,UP,0,80,UP,UNIDADE POPULAR,,80,280002538811,SAMARA MARTINS DA SILVA FEITOSA,SAMARA,31/08/1987,7,Válido,nao,,55,0.16,0.162856804,RAQUEL NONATO DE BRICIO,RAQUEL BRÍCIO,UP,v,,,,,04/10/2026 20:59:22,sim
1,04/10/2026,6257,Presidente,1,municipio,RJ,58106,3301850,GUAPIMIRIM,,,,,DEMOCRATA,i,DEMOCRATA,0,35,DEMOCRATA,DEMOCRATA,,35,280002548139,WILSON GRASSI JUNIOR,VETERINÁRIO WILSON GRASSI,13/03/1970,11,Válido,nao,,4,0.01,0.011844131,SUÊD HAIDAR NOGUEIRA,SUÊD HAIDAR,DEMOCRATA,v,,,,,04/10/2026 20:59:22,sim
1,04/10/2026,6257,Presidente,1,municipio,RJ,58106,3301850,GUAPIMIRIM,,,,,PARTIDO MISSÃO,i,MISSÃO,0,14,MISSÃO,PARTIDO MISSÃO,,14,280002540694,RENAN ANTONIO FERREIRA DOS SANTOS,RENAN SANTOS,14/02/1984,4,Válido,nao,,681,2.02,2.016463342,AROLDO MEDINA,CORONEL MEDINA,MISSÃO,v,,,,,04/10/2026 20:59:22,sim
1,04/10/2026,6257,Presidente,1,municipio,RJ,58106,3301850,GUAPIMIRIM,,,,,PARTIDO DA CAUSA OPERÁRIA,i,PCO,0,29,PCO,PARTIDO DA CAUSA OPERÁRIA,,29,280002552487,RUI COSTA PIMENTA,RUI COSTA PIMENTA,25/06/1957,12,Válido,nao,,9,0.03,0.026649295,ANTONIO CARLOS SILVA,ANTÔNIO CARLOS,PCO,v,,,,,04/10/2026 20:59:22,sim
1,04/10/2026,6257,Presidente,1,municipio,RJ,58114,3300605,BOM JESUS DO ITABAPOANA,,,,,PARTIDO LIBERAL,i,PL,0,22,PL,PARTIDO LIBERAL,,22,280002551544,FLAVIO NANTES BOLSONARO,FLAVIO BOLSONARO,30/04/1981,1,Válido,nao,,12229,56.09,56.086039259,ALFREDO GASPAR DE MENDONÇA NETO,ALFREDO GASPAR,PL,v,,,,,04/10/2026 20:42:20,sim
1,04/10/2026,6257,Presidente,1,municipio,RJ,58114,3300605,BOM JESUS DO ITABAPOANA,,,,,PARTIDO SOCIAL DEMOCRÁTICO,i,PSD,0,55,PSD,PARTIDO SOCIAL DEMOCRÁTICO,,55,280002551932,RONALDO RAMOS CAIADO,RONALDO CAIADO,25/09/1949,5,Válido,nao,,437,2.00,2.004219409,GILBERTO KASSAB,GILBERTO KASSAB,PSD,v,,,,,04/10/2026 20:42:20,sim
1,04/10/2026,6257,Presidente,1,municipio,RJ,58114,3300605,BOM JESUS DO ITABAPOANA,,PT/PC do B/PV,FEDERAÇÃO BRASIL DA ESPERANÇA - FE BRASIL,PT/PC do B/PV,BRASIL PRONTO PRA MAIS,c,PSB / PDT / PCDOB / PT / PV / PSOL / REDE,,13,PT,PARTIDO DOS TRABALHADORES,101,13,280002542548,LUIZ INÁCIO LULA DA SILVA,LULA,06/10/1945,2,Válido,nao,,8216,37.68,37.681159420,GERALDO JOSE RODRIGUES ALCKMIN FILHO,GERALDO ALCKMIN,PSB,v,,,,,04/10/2026 20:42:20,sim
1,04/10/2026,6257,Presidente,1,municipio,RJ,58114,3300605,BOM JESUS DO ITABAPOANA,,,,,DEMOCRACIA CRISTÃ,i,DC,0,27,DC,DEMOCRACIA CRISTÃ,,27,280002552484,CLARIANA ZACARKIM BARAO,CLARIANA BARAO,03/04/1987,9,Válido,nao,,3,0.01,0.013758943,FABIANA CRISTINA TAVARES TORQUATO,FABIANA TORQUATO,DC,v,,,,,04/10/2026 20:42:20,sim
1,04/10/2026,6257,Presidente,1,municipio,RJ,58114,3300605,BOM JESUS DO ITABAPOANA,,,,,PARTIDO COMUNISTA BRASILEIRO,i,PCB,0,21,PCB,PARTIDO COMUNISTA BRASILEIRO,,21,280002551975,EDMILSON SILVA COSTA,EDMILSON COSTA,08/04/1950,10,Válido,nao,,2,0.01,0.009172629,CLEUSA DOS SANTOS,CLEUSA SANTOS,PCB,v,,,,,04/10/2026 20:42:20,sim
1,04/10/2026,6257,Presidente,1,municipio,RJ,58114,3300605,BOM JESUS DO ITABAPOANA,,,,,PARTIDO SOCIALISTA  DOS TRABALHADORES UNIFICADO,i,PSTU,0,16,PSTU,PARTIDO SOCIALISTA  DOS TRABALHADORES UNIFICADO,,16,280002541457,HERTZ DA CONCEICAO DIAS,HERTZ DIAS,20/10/1970,8,Válido,nao,,2,0.01,0.009172629,VANESSA PORTUGAL BARBOSA,VANESSA PORTUGAL,PSTU,v,,,,,04/10/2026 20:42:20,sim
1,04/10/2026,6257,Presidente,1,municipio,RJ,58114,3300605,BOM JESUS DO ITABAPOANA,,,,,BRASIL DOS NOSSOS SONHOS,c,AGIR / AVANTE,,70,AVANTE,AVANTE,,70,280002551547,AUGUSTO JORGE CURY,ESCRITOR AUGUSTO CURY,02/10/1958,3,Válido,nao,,486,2.23,2.228948817,JULIO CESAR DELGADO,JÚLIO DELGADO,AVANTE,v,,,,,04/10/2026 20:42:20,sim
1,04/10/2026,6257,Presidente,1,municipio,RJ,58114,3300605,BOM JESUS DO ITABAPOANA,,,,,PARTIDO NOVO,i,NOVO,0,30,NOVO,PARTIDO NOVO,,30,280002539826,ROMEU ZEMA NETO,ZEMA,28/10/1964,6,Válido,nao,,37,0.17,0.169693634,LUIS EDUARDO GRANGEIRO GIRÃO,EDUARDO GIRÃO,NOVO,v,,,,,04/10/2026 20:42:20,sim
1,04/10/2026,6257,Presidente,1,municipio,RJ,58114,3300605,BOM JESUS DO ITABAPOANA,,,,,UNIDADE POPULAR,i,UP,0,80,UP,UNIDADE POPULAR,,80,280002538811,SAMARA MARTINS DA SILVA FEITOSA,SAMARA,31/08/1987,7,Válido,nao,,20,0.09,0.091726289,RAQUEL NONATO DE BRICIO,RAQUEL BRÍCIO,UP,v,,,,,04/10/2026 20:42:20,sim
1,04/10/2026,6257,Presidente,1,municipio,RJ,58114,3300605,BOM JESUS DO ITABAPOANA,,,,,DEMOCRATA,i,DEMOCRATA,0,35,DEMOCRATA,DEMOCRATA,,35,280002548139,WILSON GRASSI JUNIOR,VETERINÁRIO WILSON GRASSI,13/03/1970,11,Válido,nao,,5,0.02,0.022931572,SUÊD HAIDAR NOGUEIRA,SUÊD HAIDAR,DEMOCRATA,v,,,,,04/10/2026 20:42:20,sim
1,04/10/2026,6257,Presidente,1,municipio,RJ,58114,3300605,BOM JESUS DO ITABAPOANA,,,,,PARTIDO MISSÃO,i,MISSÃO,0,14,MISSÃO,PARTIDO MISSÃO,,14,280002540694,RENAN ANTONIO FERREIRA DOS SANTOS,RENAN SANTOS,14/02/1984,4,Válido,nao,,366,1.68,1.678591084,AROLDO MEDINA,CORONEL MEDINA,MISSÃO,v,,,,,04/10/2026 20:42:20,sim
1,04/10/2026,6257,Presidente,1,municipio,RJ,58114,3300605,BOM JESUS DO ITABAPOANA,,,,,PARTIDO DA CAUSA OPERÁRIA,i,PCO,0,29,PCO,PARTIDO DA CAUSA OPERÁRIA,,29,280002552487,RUI COSTA PIMENTA,RUI COSTA PIMENTA,25/06/1957,12,Válido,nao,,1,0.01,0.004586314,ANTONIO CARLOS SILVA,ANTÔNIO CARLOS,PCO,v,,,,,04/10/2026 20:42:20,sim
1,04/10/2026,6257,Presidente,1,municipio,RJ,58122,3304144,QUEIMADOS,,,,,PARTIDO LIBERAL,i,PL,0,22,PL,PARTIDO LIBERAL,,22,280002551544,FLAVIO NANTES BOLSONARO,FLAVIO BOLSONARO,30/04/1981,1,Válido,nao,,45795,55.31,55.307971014,ALFREDO GASPAR DE MENDONÇA NETO,ALFREDO GASPAR,PL,v,,,,,04/10/2026 21:38:29,sim
1,04/10/2026,6257,Presidente,1,municipio,RJ,58122,3304144,QUEIMADOS,,,,,PARTIDO SOCIAL DEMOCRÁTICO,i,PSD,0,55,PSD,PARTIDO SOCIAL DEMOCRÁTICO,,55,280002551932,RONALDO RAMOS CAIADO,RONALDO CAIADO,25/09/1949,5,Válido,nao,,1577,1.90,1.904589372,GILBERTO KASSAB,GILBERTO KASSAB,PSD,v,,,,,04/10/2026 21:38:29,sim
1,04/10/2026,6257,Presidente,1,municipio,RJ,58122,3304144,QUEIMADOS,,PT/PC do B/PV,FEDERAÇÃO BRASIL DA ESPERANÇA - FE BRASIL,PT/PC do B/PV,BRASIL PRONTO PRA MAIS,c,PSB / PDT / PCDOB / PT / PV / PSOL / REDE,,13,PT,PARTIDO DOS TRABALHADORES,101,13,280002542548,LUIZ INÁCIO LULA DA SILVA,LULA,06/10/1945,2,Válido,nao,,30676,37.05,37.048309179,GERALDO JOSE RODRIGUES ALCKMIN FILHO,GERALDO ALCKMIN,PSB,v,,,,,04/10/2026 21:38:29,sim
1,04/10/2026,6257,Presidente,1,municipio,RJ,58122,3304144,QUEIMADOS,,,,,DEMOCRACIA CRISTÃ,i,DC,0,27,DC,DEMOCRACIA CRISTÃ,,27,280002552484,CLARIANA ZACARKIM BARAO,CLARIANA BARAO,03/04/1987,9,Válido,nao,,33,0.04,0.039855072,FABIANA CRISTINA TAVARES TORQUATO,FABIANA TORQUATO,DC,v,,,,,04/10/2026 21:38:29,sim
1,04/10/2026,6257,Presidente,1,municipio,RJ,58122,3304144,QUEIMADOS,,,,,PARTIDO COMUNISTA BRASILEIRO,i,PCB,0,21,PCB,PARTIDO COMUNISTA BRASILEIRO,,21,280002551975,EDMILSON SILVA COSTA,EDMILSON COSTA,08/04/1950,10,Válido,nao,,26,0.03,0.031400966,CLEUSA DOS SANTOS,CLEUSA SANTOS,PCB,v,,,,,04/10/2026 21:38:29,sim
1,04/10/2026,6257,Presidente,1,municipio,RJ,58122,3304144,QUEIMADOS,,,,,PARTIDO SOCIALISTA  DOS TRABALHADORES UNIFICADO,i,PSTU,0,16,PSTU,PARTIDO SOCIALISTA  DOS TRABALHADORES UNIFICADO,,16,280002541457,HERTZ DA CONCEICAO DIAS,HERTZ DIAS,20/10/1970,8,Válido,nao,,26,0.03,0.031400966,VANESSA PORTUGAL BARBOSA,VANESSA PORTUGAL,PSTU,v,,,,,04/10/2026 21:38:29,sim
1,04/10/2026,6257,Presidente,1,municipio,RJ,58122,3304144,QUEIMADOS,,,,,BRASIL DOS NOSSOS SONHOS,c,AGIR / AVANTE,,70,AVANTE,AVANTE,,70,280002551547,AUGUSTO JORGE CURY,ESCRITOR AUGUSTO CURY,02/10/1958,3,Válido,nao,,2411,2.91,2.911835749,JULIO CESAR DELGADO,JÚLIO DELGADO,AVANTE,v,,,,,04/10/2026 21:38:29,sim
1,04/10/2026,6257,Presidente,1,municipio,RJ,58122,3304144,QUEIMADOS,,,,,PARTIDO NOVO,i,NOVO,0,30,NOVO,PARTIDO NOVO,,30,280002539826,ROMEU ZEMA NETO,ZEMA,28/10/1964,6,Válido,nao,,166,0.20,0.200483092,LUIS EDUARDO GRANGEIRO GIRÃO,EDUARDO GIRÃO,NOVO,v,,,,,04/10/2026 21:38:29,sim
1,04/10/2026,6257,Presidente,1,municipio,RJ,58122,3304144,QUEIMADOS,,,,,UNIDADE POPULAR,i,UP,0,80,UP,UNIDADE POPULAR,,80,280002538811,SAMARA MARTINS DA SILVA FEITOSA,SAMARA,31/08/1987,7,Válido,nao,,131,0.16,0.158212560,RAQUEL NONATO DE BRICIO,RAQUEL BRÍCIO,UP,v,,,,,04/10/2026 21:38:29,sim
1,04/10/2026,6257,Presidente,1,municipio,RJ,58122,3304144,QUEIMADOS,,,,,DEMOCRATA,i,DEMOCRATA,0,35,DEMOCRATA,DEMOCRATA,,35,280002548139,WILSON GRASSI JUNIOR,VETERINÁRIO WILSON GRASSI,13/03/1970,11,Válido,nao,,22,0.03,0.026570048,SUÊD HAIDAR NOGUEIRA,SUÊD HAIDAR,DEMOCRATA,v,,,,,04/10/2026 21:38:29,sim
1,04/10/2026,6257,Presidente,1,municipio,RJ,58122,3304144,QUEIMADOS,,,,,PARTIDO MISSÃO,i,MISSÃO,0,14,MISSÃO,PARTIDO MISSÃO,,14,280002540694,RENAN ANTONIO FERREIRA DOS SANTOS,RENAN SANTOS,14/02/1984,4,Válido,nao,,1926,2.33,2.326086957,AROLDO MEDINA,CORONEL MEDINA,MISSÃO,v,,,,,04/10/2026 21:38:29,sim
1,04/10/2026,6257,Presidente,1,municipio,RJ,58122,3304144,QUEIMADOS,,,,,PARTIDO DA CAUSA OPERÁRIA,i,PCO,0,29,PCO,PARTIDO DA CAUSA OPERÁRIA,,29,280002552487,RUI COSTA PIMENTA,RUI COSTA PIMENTA,25/06/1957,12,Válido,nao,,11,0.01,0.013285024,ANTONIO CARLOS SILVA,ANTÔNIO CARLOS,PCO,v,,,,,04/10/2026 21:38:29,sim
1,04/10/2026,6257,Presidente,1,municipio,RJ,58130,3300704,CABO FRIO,,,,,PARTIDO LIBERAL,i,PL,0,22,PL,PARTIDO LIBERAL,,22,280002551544,FLAVIO NANTES BOLSONARO,FLAVIO BOLSONARO,30/04/1981,1,Válido,nao,,83213,63.05,63.052570961,ALFREDO GASPAR DE MENDONÇA NETO,ALFREDO GASPAR,PL,v,,,,,04/10/2026 21:02:11,sim
1,04/10/2026,6257,Presidente,1,municipio,RJ,58130,3300704,CABO FRIO,,,,,PARTIDO SOCIAL DEMOCRÁTICO,i,PSD,0,55,PSD,PARTIDO SOCIAL DEMOCRÁTICO,,55,280002551932,RONALDO RAMOS CAIADO,RONALDO CAIADO,25/09/1949,5,Válido,nao,,2018,1.53,1.529089063,GILBERTO KASSAB,GILBERTO KASSAB,PSD,v,,,,,04/10/2026 21:02:11,sim
1,04/10/2026,6257,Presidente,1,municipio,RJ,58130,3300704,CABO FRIO,,PT/PC do B/PV,FEDERAÇÃO BRASIL DA ESPERANÇA - FE BRASIL,PT/PC do B/PV,BRASIL PRONTO PRA MAIS,c,PSB / PDT / PCDOB / PT / PV / PSOL / REDE,,13,PT,PARTIDO DOS TRABALHADORES,101,13,280002542548,LUIZ INÁCIO LULA DA SILVA,LULA,06/10/1945,2,Válido,nao,,39944,30.27,30.266567657,GERALDO JOSE RODRIGUES ALCKMIN FILHO,GERALDO ALCKMIN,PSB,v,,,,,04/10/2026 21:02:11,sim
1,04/10/2026,6257,Presidente,1,municipio,RJ,58130,3300704,CABO FRIO,,,,,DEMOCRACIA CRISTÃ,i,DC,0,27,DC,DEMOCRACIA CRISTÃ,,27,280002552484,CLARIANA ZACARKIM BARAO,CLARIANA BARAO,03/04/1987,9,Válido,nao,,60,0.05,0.045463500,FABIANA CRISTINA TAVARES TORQUATO,FABIANA TORQUATO,DC,v,,,,,04/10/2026 21:02:11,sim
1,04/10/2026,6257,Presidente,1,municipio,RJ,58130,3300704,CABO FRIO,,,,,PARTIDO COMUNISTA BRASILEIRO,i,PCB,0,21,PCB,PARTIDO COMUNISTA BRASILEIRO,,21,280002551975,EDMILSON SILVA COSTA,EDMILSON COSTA,08/04/1950,10,Válido,nao,,35,0.03,0.026520375,CLEUSA DOS SANTOS,CLEUSA SANTOS,PCB,v,,,,,04/10/2026 21:02:11,sim
1,04/10/2026,6257,Presidente,1,municipio,RJ,58130,3300704,CABO FRIO,,,,,PARTIDO SOCIALISTA  DOS TRABALHADORES UNIFICADO,i,PSTU,0,16,PSTU,PARTIDO SOCIALISTA  DOS TRABALHADORES UNIFICADO,,16,280002541457,HERTZ DA CONCEICAO DIAS,HERTZ DIAS,20/10/1970,8,Válido,nao,,47,0.04,0.035613075,VANESSA PORTUGAL BARBOSA,VANESSA PORTUGAL,PSTU,v,,,,,04/10/2026 21:02:11,sim
1,04/10/2026,6257,Presidente,1,municipio,RJ,58130,3300704,CABO FRIO,,,,,BRASIL DOS NOSSOS SONHOS,c,AGIR / AVANTE,,70,AVANTE,AVANTE,,70,280002551547,AUGUSTO JORGE CURY,ESCRITOR AUGUSTO CURY,02/10/1958,3,Válido,nao,,3603,2.73,2.730083198,JULIO CESAR DELGADO,JÚLIO DELGADO,AVANTE,v,,,,,04/10/2026 21:02:11,sim
1,04/10/2026,6257,Presidente,1,municipio,RJ,58130,3300704,CABO FRIO,,,,,PARTIDO NOVO,i,NOVO,0,30,NOVO,PARTIDO NOVO,,30,280002539826,ROMEU ZEMA NETO,ZEMA,28/10/1964,6,Válido,nao,,192,0.15,0.145483201,LUIS EDUARDO GRANGEIRO GIRÃO,EDUARDO GIRÃO,NOVO,v,,,,,04/10/2026 21:02:11,sim
1,04/10/2026,6257,Presidente,1,municipio,RJ,58130,3300704,CABO FRIO,,,,,UNIDADE POPULAR,i,UP,0,80,UP,UNIDADE POPULAR,,80,280002538811,SAMARA MARTINS DA SILVA FEITOSA,SAMARA,31/08/1987,7,Válido,nao,,197,0.15,0.149271826,RAQUEL NONATO DE BRICIO,RAQUEL BRÍCIO,UP,v,,,,,04/10/2026 21:02:11,sim
1,04/10/2026,6257,Presidente,1,municipio,RJ,58130,3300704,CABO FRIO,,,,,DEMOCRATA,i,DEMOCRATA,0,35,DEMOCRATA,DEMOCRATA,,35,280002548139,WILSON GRASSI JUNIOR,VETERINÁRIO WILSON GRASSI,13/03/1970,11,Válido,nao,,31,0.02,0.023489475,SUÊD HAIDAR NOGUEIRA,SUÊD HAIDAR,DEMOCRATA,v,,,,,04/10/2026 21:02:11,sim
1,04/10/2026,6257,Presidente,1,municipio,RJ,58130,3300704,CABO FRIO,,,,,PARTIDO MISSÃO,i,MISSÃO,0,14,MISSÃO,PARTIDO MISSÃO,,14,280002540694,RENAN ANTONIO FERREIRA DOS SANTOS,RENAN SANTOS,14/02/1984,4,Válido,nao,,2613,1.98,1.979935442,AROLDO MEDINA,CORONEL MEDINA,MISSÃO,v,,,,,04/10/2026 21:02:11,sim
1,04/10/2026,6257,Presidente,1,municipio,RJ,58130,3300704,CABO FRIO,,,,,PARTIDO DA CAUSA OPERÁRIA,i,PCO,0,29,PCO,PARTIDO DA CAUSA OPERÁRIA,,29,280002552487,RUI COSTA PIMENTA,RUI COSTA PIMENTA,25/06/1957,12,Válido,nao,,21,0.02,0.015912225,ANTONIO CARLOS SILVA,ANTÔNIO CARLOS,PCO,v,,,,,04/10/2026 21:02:11,sim
1,04/10/2026,6257,Presidente,1,municipio,RJ,58149,3302270,JAPERI,,,,,PARTIDO LIBERAL,i,PL,0,22,PL,PARTIDO LIBERAL,,22,280002551544,FLAVIO NANTES BOLSONARO,FLAVIO BOLSONARO,30/04/1981,1,Válido,nao,,30840,54.35,54.353189989,ALFREDO GASPAR DE MENDONÇA NETO,ALFREDO GASPAR,PL,v,,,,,04/10/2026 19:20:58,sim
1,04/10/2026,6257,Presidente,1,municipio,RJ,58149,3302270,JAPERI,,,,,PARTIDO SOCIAL DEMOCRÁTICO,i,PSD,0,55,PSD,PARTIDO SOCIAL DEMOCRÁTICO,,55,280002551932,RONALDO RAMOS CAIADO,RONALDO CAIADO,25/09/1949,5,Válido,nao,,1024,1.80,1.804723299,GILBERTO KASSAB,GILBERTO KASSAB,PSD,v,,,,,04/10/2026 19:20:58,sim
1,04/10/2026,6257,Presidente,1,municipio,RJ,58149,3302270,JAPERI,,PT/PC do B/PV,FEDERAÇÃO BRASIL DA ESPERANÇA - FE BRASIL,PT/PC do B/PV,BRASIL PRONTO PRA MAIS,c,PSB / PDT / PCDOB / PT / PV / PSOL / REDE,,13,PT,PARTIDO DOS TRABALHADORES,101,13,280002542548,LUIZ INÁCIO LULA DA SILVA,LULA,06/10/1945,2,Válido,nao,,22217,39.16,39.155798379,GERALDO JOSE RODRIGUES ALCKMIN FILHO,GERALDO ALCKMIN,PSB,v,,,,,04/10/2026 19:20:58,sim
1,04/10/2026,6257,Presidente,1,municipio,RJ,58149,3302270,JAPERI,,,,,DEMOCRACIA CRISTÃ,i,DC,0,27,DC,DEMOCRACIA CRISTÃ,,27,280002552484,CLARIANA ZACARKIM BARAO,CLARIANA BARAO,03/04/1987,9,Válido,nao,,35,0.06,0.061684878,FABIANA CRISTINA TAVARES TORQUATO,FABIANA TORQUATO,DC,v,,,,,04/10/2026 19:20:58,sim
1,04/10/2026,6257,Presidente,1,municipio,RJ,58149,3302270,JAPERI,,,,,PARTIDO COMUNISTA BRASILEIRO,i,PCB,0,21,PCB,PARTIDO COMUNISTA BRASILEIRO,,21,280002551975,EDMILSON SILVA COSTA,EDMILSON COSTA,08/04/1950,10,Válido,nao,,22,0.04,0.038773352,CLEUSA DOS SANTOS,CLEUSA SANTOS,PCB,v,,,,,04/10/2026 19:20:58,sim
1,04/10/2026,6257,Presidente,1,municipio,RJ,58149,3302270,JAPERI,,,,,PARTIDO SOCIALISTA  DOS TRABALHADORES UNIFICADO,i,PSTU,0,16,PSTU,PARTIDO SOCIALISTA  DOS TRABALHADORES UNIFICADO,,16,280002541457,HERTZ DA CONCEICAO DIAS,HERTZ DIAS,20/10/1970,8,Válido,nao,,12,0.02,0.021149101,VANESSA PORTUGAL BARBOSA,VANESSA PORTUGAL,PSTU,v,,,,,04/10/2026 19:20:58,sim
1,04/10/2026,6257,Presidente,1,municipio,RJ,58149,3302270,JAPERI,,,,,BRASIL DOS NOSSOS SONHOS,c,AGIR / AVANTE,,70,AVANTE,AVANTE,,70,280002551547,AUGUSTO JORGE CURY,ESCRITOR AUGUSTO CURY,02/10/1958,3,Válido,nao,,1451,2.56,2.557278816,JULIO CESAR DELGADO,JÚLIO DELGADO,AVANTE,v,,,,,04/10/2026 19:20:58,sim
1,04/10/2026,6257,Presidente,1,municipio,RJ,58149,3302270,JAPERI,,,,,PARTIDO NOVO,i,NOVO,0,30,NOVO,PARTIDO NOVO,,30,280002539826,ROMEU ZEMA NETO,ZEMA,28/10/1964,6,Válido,nao,,79,0.14,0.139231583,LUIS EDUARDO GRANGEIRO GIRÃO,EDUARDO GIRÃO,NOVO,v,,,,,04/10/2026 19:20:58,sim
1,04/10/2026,6257,Presidente,1,municipio,RJ,58149,3302270,JAPERI,,,,,UNIDADE POPULAR,i,UP,0,80,UP,UNIDADE POPULAR,,80,280002538811,SAMARA MARTINS DA SILVA FEITOSA,SAMARA,31/08/1987,7,Válido,nao,,72,0.13,0.126894607,RAQUEL NONATO DE BRICIO,RAQUEL BRÍCIO,UP,v,,,,,04/10/2026 19:20:58,sim
1,04/10/2026,6257,Presidente,1,municipio,RJ,58149,3302270,JAPERI,,,,,DEMOCRATA,i,DEMOCRATA,0,35,DEMOCRATA,DEMOCRATA,,35,280002548139,WILSON GRASSI JUNIOR,VETERINÁRIO WILSON GRASSI,13/03/1970,11,Válido,nao,,11,0.02,0.019386676,SUÊD HAIDAR NOGUEIRA,SUÊD HAIDAR,DEMOCRATA,v,,,,,04/10/2026 19:20:58,sim
1,04/10/2026,6257,Presidente,1,municipio,RJ,58149,3302270,JAPERI,,,,,PARTIDO MISSÃO,i,MISSÃO,0,14,MISSÃO,PARTIDO MISSÃO,,14,280002540694,RENAN ANTONIO FERREIRA DOS SANTOS,RENAN SANTOS,14/02/1984,4,Válido,nao,,970,1.71,1.709552344,AROLDO MEDINA,CORONEL MEDINA,MISSÃO,v,,,,,04/10/2026 19:20:58,sim
1,04/10/2026,6257,Presidente,1,municipio,RJ,58149,3302270,JAPERI,,,,,PARTIDO DA CAUSA OPERÁRIA,i,PCO,0,29,PCO,PARTIDO DA CAUSA OPERÁRIA,,29,280002552487,RUI COSTA PIMENTA,RUI COSTA PIMENTA,25/06/1957,12,Válido,nao,,7,0.01,0.012336976,ANTONIO CARLOS SILVA,ANTÔNIO CARLOS,PCO,v,,,,,04/10/2026 19:20:58,sim
1,04/10/2026,6257,Presidente,1,municipio,RJ,58157,3300803,CACHOEIRAS DE MACACU,,,,,PARTIDO LIBERAL,i,PL,0,22,PL,PARTIDO LIBERAL,,22,280002551544,FLAVIO NANTES BOLSONARO,FLAVIO BOLSONARO,30/04/1981,1,Válido,nao,,20791,59.62,59.622609045,ALFREDO GASPAR DE MENDONÇA NETO,ALFREDO GASPAR,PL,v,,,,,04/10/2026 20:29:18,sim
1,04/10/2026,6257,Presidente,1,municipio,RJ,58157,3300803,CACHOEIRAS DE MACACU,,,,,PARTIDO SOCIAL DEMOCRÁTICO,i,PSD,0,55,PSD,PARTIDO SOCIAL DEMOCRÁTICO,,55,280002551932,RONALDO RAMOS CAIADO,RONALDO CAIADO,25/09/1949,5,Válido,nao,,665,1.91,1.907028763,GILBERTO KASSAB,GILBERTO KASSAB,PSD,v,,,,,04/10/2026 20:29:18,sim
1,04/10/2026,6257,Presidente,1,municipio,RJ,58157,3300803,CACHOEIRAS DE MACACU,,PT/PC do B/PV,FEDERAÇÃO BRASIL DA ESPERANÇA - FE BRASIL,PT/PC do B/PV,BRASIL PRONTO PRA MAIS,c,PSB / PDT / PCDOB / PT / PV / PSOL / REDE,,13,PT,PARTIDO DOS TRABALHADORES,101,13,280002542548,LUIZ INÁCIO LULA DA SILVA,LULA,06/10/1945,2,Válido,nao,,11917,34.17,34.174528978,GERALDO JOSE RODRIGUES ALCKMIN FILHO,GERALDO ALCKMIN,PSB,v,,,,,04/10/2026 20:29:18,sim
1,04/10/2026,6257,Presidente,1,municipio,RJ,58157,3300803,CACHOEIRAS DE MACACU,,,,,DEMOCRACIA CRISTÃ,i,DC,0,27,DC,DEMOCRACIA CRISTÃ,,27,280002552484,CLARIANA ZACARKIM BARAO,CLARIANA BARAO,03/04/1987,9,Válido,nao,,12,0.03,0.034412549,FABIANA CRISTINA TAVARES TORQUATO,FABIANA TORQUATO,DC,v,,,,,04/10/2026 20:29:18,sim
1,04/10/2026,6257,Presidente,1,municipio,RJ,58157,3300803,CACHOEIRAS DE MACACU,,,,,PARTIDO COMUNISTA BRASILEIRO,i,PCB,0,21,PCB,PARTIDO COMUNISTA BRASILEIRO,,21,280002551975,EDMILSON SILVA COSTA,EDMILSON COSTA,08/04/1950,10,Válido,nao,,12,0.03,0.034412549,CLEUSA DOS SANTOS,CLEUSA SANTOS,PCB,v,,,,,04/10/2026 20:29:18,sim
1,04/10/2026,6257,Presidente,1,municipio,RJ,58157,3300803,CACHOEIRAS DE MACACU,,,,,PARTIDO SOCIALISTA  DOS TRABALHADORES UNIFICADO,i,PSTU,0,16,PSTU,PARTIDO SOCIALISTA  DOS TRABALHADORES UNIFICADO,,16,280002541457,HERTZ DA CONCEICAO DIAS,HERTZ DIAS,20/10/1970,8,Válido,nao,,6,0.02,0.017206275,VANESSA PORTUGAL BARBOSA,VANESSA PORTUGAL,PSTU,v,,,,,04/10/2026 20:29:18,sim
1,04/10/2026,6257,Presidente,1,municipio,RJ,58157,3300803,CACHOEIRAS DE MACACU,,,,,BRASIL DOS NOSSOS SONHOS,c,AGIR / AVANTE,,70,AVANTE,AVANTE,,70,280002551547,AUGUSTO JORGE CURY,ESCRITOR AUGUSTO CURY,02/10/1958,3,Válido,nao,,786,2.25,2.254021967,JULIO CESAR DELGADO,JÚLIO DELGADO,AVANTE,v,,,,,04/10/2026 20:29:18,sim
1,04/10/2026,6257,Presidente,1,municipio,RJ,58157,3300803,CACHOEIRAS DE MACACU,,,,,PARTIDO NOVO,i,NOVO,0,30,NOVO,PARTIDO NOVO,,30,280002539826,ROMEU ZEMA NETO,ZEMA,28/10/1964,6,Válido,nao,,58,0.17,0.166327321,LUIS EDUARDO GRANGEIRO GIRÃO,EDUARDO GIRÃO,NOVO,v,,,,,04/10/2026 20:29:18,sim
1,04/10/2026,6257,Presidente,1,municipio,RJ,58157,3300803,CACHOEIRAS DE MACACU,,,,,UNIDADE POPULAR,i,UP,0,80,UP,UNIDADE POPULAR,,80,280002538811,SAMARA MARTINS DA SILVA FEITOSA,SAMARA,31/08/1987,7,Válido,nao,,35,0.10,0.100369935,RAQUEL NONATO DE BRICIO,RAQUEL BRÍCIO,UP,v,,,,,04/10/2026 20:29:18,sim
1,04/10/2026,6257,Presidente,1,municipio,RJ,58157,3300803,CACHOEIRAS DE MACACU,,,,,DEMOCRATA,i,DEMOCRATA,0,35,DEMOCRATA,DEMOCRATA,,35,280002548139,WILSON GRASSI JUNIOR,VETERINÁRIO WILSON GRASSI,13/03/1970,11,Válido,nao,,5,0.01,0.014338562,SUÊD HAIDAR NOGUEIRA,SUÊD HAIDAR,DEMOCRATA,v,,,,,04/10/2026 20:29:18,sim
1,04/10/2026,6257,Presidente,1,municipio,RJ,58157,3300803,CACHOEIRAS DE MACACU,,,,,PARTIDO MISSÃO,i,MISSÃO,0,14,MISSÃO,PARTIDO MISSÃO,,14,280002540694,RENAN ANTONIO FERREIRA DOS SANTOS,RENAN SANTOS,14/02/1984,4,Válido,nao,,582,1.67,1.669008632,AROLDO MEDINA,CORONEL MEDINA,MISSÃO,v,,,,,04/10/2026 20:29:18,sim
1,04/10/2026,6257,Presidente,1,municipio,RJ,58157,3300803,CACHOEIRAS DE MACACU,,,,,PARTIDO DA CAUSA OPERÁRIA,i,PCO,0,29,PCO,PARTIDO DA CAUSA OPERÁRIA,,29,280002552487,RUI COSTA PIMENTA,RUI COSTA PIMENTA,25/06/1957,12,Válido,nao,,2,0.01,0.005735425,ANTONIO CARLOS SILVA,ANTÔNIO CARLOS,PCO,v,,,,,04/10/2026 20:29:18,sim
1,04/10/2026,6257,Presidente,1,municipio,RJ,58165,3300951,COMENDADOR LEVY GASPARIAN,,,,,PARTIDO LIBERAL,i,PL,0,22,PL,PARTIDO LIBERAL,,22,280002551544,FLAVIO NANTES BOLSONARO,FLAVIO BOLSONARO,30/04/1981,1,Válido,nao,,2713,41.49,41.489524392,ALFREDO GASPAR DE MENDONÇA NETO,ALFREDO GASPAR,PL,v,,,,,04/10/2026 20:14:14,sim
1,04/10/2026,6257,Presidente,1,municipio,RJ,58165,3300951,COMENDADOR LEVY GASPARIAN,,,,,PARTIDO SOCIAL DEMOCRÁTICO,i,PSD,0,55,PSD,PARTIDO SOCIAL DEMOCRÁTICO,,55,280002551932,RONALDO RAMOS CAIADO,RONALDO CAIADO,25/09/1949,5,Válido,nao,,172,2.63,2.630371616,GILBERTO KASSAB,GILBERTO KASSAB,PSD,v,,,,,04/10/2026 20:14:14,sim
1,04/10/2026,6257,Presidente,1,municipio,RJ,58165,3300951,COMENDADOR LEVY GASPARIAN,,PT/PC do B/PV,FEDERAÇÃO BRASIL DA ESPERANÇA - FE BRASIL,PT/PC do B/PV,BRASIL PRONTO PRA MAIS,c,PSB / PDT / PCDOB / PT / PV / PSOL / REDE,,13,PT,PARTIDO DOS TRABALHADORES,101,13,280002542548,LUIZ INÁCIO LULA DA SILVA,LULA,06/10/1945,2,Válido,nao,,3289,50.30,50.298210736,GERALDO JOSE RODRIGUES ALCKMIN FILHO,GERALDO ALCKMIN,PSB,v,,,,,04/10/2026 20:14:14,sim
1,04/10/2026,6257,Presidente,1,municipio,RJ,58165,3300951,COMENDADOR LEVY GASPARIAN,,,,,DEMOCRACIA CRISTÃ,i,DC,0,27,DC,DEMOCRACIA CRISTÃ,,27,280002552484,CLARIANA ZACARKIM BARAO,CLARIANA BARAO,03/04/1987,9,Válido,nao,,3,0.05,0.045878575,FABIANA CRISTINA TAVARES TORQUATO,FABIANA TORQUATO,DC,v,,,,,04/10/2026 20:14:14,sim
1,04/10/2026,6257,Presidente,1,municipio,RJ,58165,3300951,COMENDADOR LEVY GASPARIAN,,,,,PARTIDO COMUNISTA BRASILEIRO,i,PCB,0,21,PCB,PARTIDO COMUNISTA BRASILEIRO,,21,280002551975,EDMILSON SILVA COSTA,EDMILSON COSTA,08/04/1950,10,Válido,nao,,1,0.02,0.015292858,CLEUSA DOS SANTOS,CLEUSA SANTOS,PCB,v,,,,,04/10/2026 20:14:14,sim
1,04/10/2026,6257,Presidente,1,municipio,RJ,58165,3300951,COMENDADOR LEVY GASPARIAN,,,,,PARTIDO SOCIALISTA  DOS TRABALHADORES UNIFICADO,i,PSTU,0,16,PSTU,PARTIDO SOCIALISTA  DOS TRABALHADORES UNIFICADO,,16,280002541457,HERTZ DA CONCEICAO DIAS,HERTZ DIAS,20/10/1970,8,Válido,nao,,0,0.00,0,VANESSA PORTUGAL BARBOSA,VANESSA PORTUGAL,PSTU,v,,,,,04/10/2026 20:14:14,sim
1,04/10/2026,6257,Presidente,1,municipio,RJ,58165,3300951,COMENDADOR LEVY GASPARIAN,,,,,BRASIL DOS NOSSOS SONHOS,c,AGIR / AVANTE,,70,AVANTE,AVANTE,,70,280002551547,AUGUSTO JORGE CURY,ESCRITOR AUGUSTO CURY,02/10/1958,3,Válido,nao,,191,2.92,2.920935923,JULIO CESAR DELGADO,JÚLIO DELGADO,AVANTE,v,,,,,04/10/2026 20:14:14,sim
1,04/10/2026,6257,Presidente,1,municipio,RJ,58165,3300951,COMENDADOR LEVY GASPARIAN,,,,,PARTIDO NOVO,i,NOVO,0,30,NOVO,PARTIDO NOVO,,30,280002539826,ROMEU ZEMA NETO,ZEMA,28/10/1964,6,Válido,nao,,27,0.41,0.412907172,LUIS EDUARDO GRANGEIRO GIRÃO,EDUARDO GIRÃO,NOVO,v,,,,,04/10/2026 20:14:14,sim
1,04/10/2026,6257,Presidente,1,municipio,RJ,58165,3300951,COMENDADOR LEVY GASPARIAN,,,,,UNIDADE POPULAR,i,UP,0,80,UP,UNIDADE POPULAR,,80,280002538811,SAMARA MARTINS DA SILVA FEITOSA,SAMARA,31/08/1987,7,Válido,nao,,6,0.09,0.091757149,RAQUEL NONATO DE BRICIO,RAQUEL BRÍCIO,UP,v,,,,,04/10/2026 20:14:14,sim
1,04/10/2026,6257,Presidente,1,municipio,RJ,58165,3300951,COMENDADOR LEVY GASPARIAN,,,,,DEMOCRATA,i,DEMOCRATA,0,35,DEMOCRATA,DEMOCRATA,,35,280002548139,WILSON GRASSI JUNIOR,VETERINÁRIO WILSON GRASSI,13/03/1970,11,Válido,nao,,0,0.00,0,SUÊD HAIDAR NOGUEIRA,SUÊD HAIDAR,DEMOCRATA,v,,,,,04/10/2026 20:14:14,sim
1,04/10/2026,6257,Presidente,1,municipio,RJ,58165,3300951,COMENDADOR LEVY GASPARIAN,,,,,PARTIDO MISSÃO,i,MISSÃO,0,14,MISSÃO,PARTIDO MISSÃO,,14,280002540694,RENAN ANTONIO FERREIRA DOS SANTOS,RENAN SANTOS,14/02/1984,4,Válido,nao,,137,2.10,2.095121578,AROLDO MEDINA,CORONEL MEDINA,MISSÃO,v,,,,,04/10/2026 20:14:14,sim
1,04/10/2026,6257,Presidente,1,municipio,RJ,58165,3300951,COMENDADOR LEVY GASPARIAN,,,,,PARTIDO DA CAUSA OPERÁRIA,i,PCO,0,29,PCO,PARTIDO DA CAUSA OPERÁRIA,,29,280002552487,RUI COSTA PIMENTA,RUI COSTA PIMENTA,25/06/1957,12,Válido,nao,,0,0.00,0,ANTONIO CARLOS SILVA,ANTÔNIO CARLOS,PCO,v,,,,,04/10/2026 20:14:14,sim
1,04/10/2026,6257,Presidente,1,municipio,RJ,58173,3300902,CAMBUCI,,,,,PARTIDO LIBERAL,i,PL,0,22,PL,PARTIDO LIBERAL,,22,280002551544,FLAVIO NANTES BOLSONARO,FLAVIO BOLSONARO,30/04/1981,1,Válido,nao,,4932,51.27,51.268191268,ALFREDO GASPAR DE MENDONÇA NETO,ALFREDO GASPAR,PL,v,,,,,04/10/2026 20:37:30,sim
1,04/10/2026,6257,Presidente,1,municipio,RJ,58173,3300902,CAMBUCI,,,,,PARTIDO SOCIAL DEMOCRÁTICO,i,PSD,0,55,PSD,PARTIDO SOCIAL DEMOCRÁTICO,,55,280002551932,RONALDO RAMOS CAIADO,RONALDO CAIADO,25/09/1949,5,Válido,nao,,168,1.75,1.746361746,GILBERTO KASSAB,GILBERTO KASSAB,PSD,v,,,,,04/10/2026 20:37:30,sim
1,04/10/2026,6257,Presidente,1,municipio,RJ,58173,3300902,CAMBUCI,,PT/PC do B/PV,FEDERAÇÃO BRASIL DA ESPERANÇA - FE BRASIL,PT/PC do B/PV,BRASIL PRONTO PRA MAIS,c,PSB / PDT / PCDOB / PT / PV / PSOL / REDE,,13,PT,PARTIDO DOS TRABALHADORES,101,13,280002542548,LUIZ INÁCIO LULA DA SILVA,LULA,06/10/1945,2,Válido,nao,,4249,44.17,44.168399168,GERALDO JOSE RODRIGUES ALCKMIN FILHO,GERALDO ALCKMIN,PSB,v,,,,,04/10/2026 20:37:30,sim
1,04/10/2026,6257,Presidente,1,municipio,RJ,58173,3300902,CAMBUCI,,,,,DEMOCRACIA CRISTÃ,i,DC,0,27,DC,DEMOCRACIA CRISTÃ,,27,280002552484,CLARIANA ZACARKIM BARAO,CLARIANA BARAO,03/04/1987,9,Válido,nao,,4,0.04,0.041580042,FABIANA CRISTINA TAVARES TORQUATO,FABIANA TORQUATO,DC,v,,,,,04/10/2026 20:37:30,sim
1,04/10/2026,6257,Presidente,1,municipio,RJ,58173,3300902,CAMBUCI,,,,,PARTIDO COMUNISTA BRASILEIRO,i,PCB,0,21,PCB,PARTIDO COMUNISTA BRASILEIRO,,21,280002551975,EDMILSON SILVA COSTA,EDMILSON COSTA,08/04/1950,10,Válido,nao,,5,0.05,0.051975052,CLEUSA DOS SANTOS,CLEUSA SANTOS,PCB,v,,,,,04/10/2026 20:37:30,sim
1,04/10/2026,6257,Presidente,1,municipio,RJ,58173,3300902,CAMBUCI,,,,,PARTIDO SOCIALISTA  DOS TRABALHADORES UNIFICADO,i,PSTU,0,16,PSTU,PARTIDO SOCIALISTA  DOS TRABALHADORES UNIFICADO,,16,280002541457,HERTZ DA CONCEICAO DIAS,HERTZ DIAS,20/10/1970,8,Válido,nao,,1,0.01,0.010395010,VANESSA PORTUGAL BARBOSA,VANESSA PORTUGAL,PSTU,v,,,,,04/10/2026 20:37:30,sim
1,04/10/2026,6257,Presidente,1,municipio,RJ,58173,3300902,CAMBUCI,,,,,BRASIL DOS NOSSOS SONHOS,c,AGIR / AVANTE,,70,AVANTE,AVANTE,,70,280002551547,AUGUSTO JORGE CURY,ESCRITOR AUGUSTO CURY,02/10/1958,3,Válido,nao,,138,1.43,1.434511435,JULIO CESAR DELGADO,JÚLIO DELGADO,AVANTE,v,,,,,04/10/2026 20:37:30,sim
1,04/10/2026,6257,Presidente,1,municipio,RJ,58173,3300902,CAMBUCI,,,,,PARTIDO NOVO,i,NOVO,0,30,NOVO,PARTIDO NOVO,,30,280002539826,ROMEU ZEMA NETO,ZEMA,28/10/1964,6,Válido,nao,,8,0.08,0.083160083,LUIS EDUARDO GRANGEIRO GIRÃO,EDUARDO GIRÃO,NOVO,v,,,,,04/10/2026 20:37:30,sim
1,04/10/2026,6257,Presidente,1,municipio,RJ,58173,3300902,CAMBUCI,,,,,UNIDADE POPULAR,i,UP,0,80,UP,UNIDADE POPULAR,,80,280002538811,SAMARA MARTINS DA SILVA FEITOSA,SAMARA,31/08/1987,7,Válido,nao,,2,0.02,0.020790021,RAQUEL NONATO DE BRICIO,RAQUEL BRÍCIO,UP,v,,,,,04/10/2026 20:37:30,sim
1,04/10/2026,6257,Presidente,1,municipio,RJ,58173,3300902,CAMBUCI,,,,,DEMOCRATA,i,DEMOCRATA,0,35,DEMOCRATA,DEMOCRATA,,35,280002548139,WILSON GRASSI JUNIOR,VETERINÁRIO WILSON GRASSI,13/03/1970,11,Válido,nao,,1,0.01,0.010395010,SUÊD HAIDAR NOGUEIRA,SUÊD HAIDAR,DEMOCRATA,v,,,,,04/10/2026 20:37:30,sim
1,04/10/2026,6257,Presidente,1,municipio,RJ,58173,3300902,CAMBUCI,,,,,PARTIDO MISSÃO,i,MISSÃO,0,14,MISSÃO,PARTIDO MISSÃO,,14,280002540694,RENAN ANTONIO FERREIRA DOS SANTOS,RENAN SANTOS,14/02/1984,4,Válido,nao,,112,1.16,1.164241164,AROLDO MEDINA,CORONEL MEDINA,MISSÃO,v,,,,,04/10/2026 20:37:30,sim
1,04/10/2026,6257,Presidente,1,municipio,RJ,58173,3300902,CAMBUCI,,,,,PARTIDO DA CAUSA OPERÁRIA,i,PCO,0,29,PCO,PARTIDO DA CAUSA OPERÁRIA,,29,280002552487,RUI COSTA PIMENTA,RUI COSTA PIMENTA,25/06/1957,12,Válido,nao,,0,0.00,0,ANTONIO CARLOS SILVA,ANTÔNIO CARLOS,PCO,v,,,,,04/10/2026 20:37:30,sim
1,04/10/2026,6257,Presidente,1,municipio,RJ,58181,3300159,APERIBÉ,,,,,PARTIDO LIBERAL,i,PL,0,22,PL,PARTIDO LIBERAL,,22,280002551544,FLAVIO NANTES BOLSONARO,FLAVIO BOLSONARO,30/04/1981,1,Válido,nao,,4917,61.68,61.678374310,ALFREDO GASPAR DE MENDONÇA NETO,ALFREDO GASPAR,PL,v,,,,,04/10/2026 19:17:20,sim
1,04/10/2026,6257,Presidente,1,municipio,RJ,58181,3300159,APERIBÉ,,,,,PARTIDO SOCIAL DEMOCRÁTICO,i,PSD,0,55,PSD,PARTIDO SOCIAL DEMOCRÁTICO,,55,280002551932,RONALDO RAMOS CAIADO,RONALDO CAIADO,25/09/1949,5,Válido,nao,,127,1.59,1.593075765,GILBERTO KASSAB,GILBERTO KASSAB,PSD,v,,,,,04/10/2026 19:17:20,sim
1,04/10/2026,6257,Presidente,1,municipio,RJ,58181,3300159,APERIBÉ,,PT/PC do B/PV,FEDERAÇÃO BRASIL DA ESPERANÇA - FE BRASIL,PT/PC do B/PV,BRASIL PRONTO PRA MAIS,c,PSB / PDT / PCDOB / PT / PV / PSOL / REDE,,13,PT,PARTIDO DOS TRABALHADORES,101,13,280002542548,LUIZ INÁCIO LULA DA SILVA,LULA,06/10/1945,2,Válido,nao,,2646,33.19,33.191169092,GERALDO JOSE RODRIGUES ALCKMIN FILHO,GERALDO ALCKMIN,PSB,v,,,,,04/10/2026 19:17:20,sim
1,04/10/2026,6257,Presidente,1,municipio,RJ,58181,3300159,APERIBÉ,,,,,DEMOCRACIA CRISTÃ,i,DC,0,27,DC,DEMOCRACIA CRISTÃ,,27,280002552484,CLARIANA ZACARKIM BARAO,CLARIANA BARAO,03/04/1987,9,Válido,nao,,2,0.03,0.025087807,FABIANA CRISTINA TAVARES TORQUATO,FABIANA TORQUATO,DC,v,,,,,04/10/2026 19:17:20,sim
1,04/10/2026,6257,Presidente,1,municipio,RJ,58181,3300159,APERIBÉ,,,,,PARTIDO COMUNISTA BRASILEIRO,i,PCB,0,21,PCB,PARTIDO COMUNISTA BRASILEIRO,,21,280002551975,EDMILSON SILVA COSTA,EDMILSON COSTA,08/04/1950,10,Válido,nao,,1,0.01,0.012543904,CLEUSA DOS SANTOS,CLEUSA SANTOS,PCB,v,,,,,04/10/2026 19:17:20,sim
1,04/10/2026,6257,Presidente,1,municipio,RJ,58181,3300159,APERIBÉ,,,,,PARTIDO SOCIALISTA  DOS TRABALHADORES UNIFICADO,i,PSTU,0,16,PSTU,PARTIDO SOCIALISTA  DOS TRABALHADORES UNIFICADO,,16,280002541457,HERTZ DA CONCEICAO DIAS,HERTZ DIAS,20/10/1970,8,Válido,nao,,2,0.03,0.025087807,VANESSA PORTUGAL BARBOSA,VANESSA PORTUGAL,PSTU,v,,,,,04/10/2026 19:17:20,sim
1,04/10/2026,6257,Presidente,1,municipio,RJ,58181,3300159,APERIBÉ,,,,,BRASIL DOS NOSSOS SONHOS,c,AGIR / AVANTE,,70,AVANTE,AVANTE,,70,280002551547,AUGUSTO JORGE CURY,ESCRITOR AUGUSTO CURY,02/10/1958,3,Válido,nao,,152,1.91,1.906673357,JULIO CESAR DELGADO,JÚLIO DELGADO,AVANTE,v,,,,,04/10/2026 19:17:20,sim
1,04/10/2026,6257,Presidente,1,municipio,RJ,58181,3300159,APERIBÉ,,,,,PARTIDO NOVO,i,NOVO,0,30,NOVO,PARTIDO NOVO,,30,280002539826,ROMEU ZEMA NETO,ZEMA,28/10/1964,6,Válido,nao,,10,0.13,0.125439037,LUIS EDUARDO GRANGEIRO GIRÃO,EDUARDO GIRÃO,NOVO,v,,,,,04/10/2026 19:17:20,sim
1,04/10/2026,6257,Presidente,1,municipio,RJ,58181,3300159,APERIBÉ,,,,,UNIDADE POPULAR,i,UP,0,80,UP,UNIDADE POPULAR,,80,280002538811,SAMARA MARTINS DA SILVA FEITOSA,SAMARA,31/08/1987,7,Válido,nao,,5,0.06,0.062719518,RAQUEL NONATO DE BRICIO,RAQUEL BRÍCIO,UP,v,,,,,04/10/2026 19:17:20,sim
1,04/10/2026,6257,Presidente,1,municipio,RJ,58181,3300159,APERIBÉ,,,,,DEMOCRATA,i,DEMOCRATA,0,35,DEMOCRATA,DEMOCRATA,,35,280002548139,WILSON GRASSI JUNIOR,VETERINÁRIO WILSON GRASSI,13/03/1970,11,Válido,nao,,3,0.04,0.037631711,SUÊD HAIDAR NOGUEIRA,SUÊD HAIDAR,DEMOCRATA,v,,,,,04/10/2026 19:17:20,sim
1,04/10/2026,6257,Presidente,1,municipio,RJ,58181,3300159,APERIBÉ,,,,,PARTIDO MISSÃO,i,MISSÃO,0,14,MISSÃO,PARTIDO MISSÃO,,14,280002540694,RENAN ANTONIO FERREIRA DOS SANTOS,RENAN SANTOS,14/02/1984,4,Válido,nao,,105,1.32,1.317109885,AROLDO MEDINA,CORONEL MEDINA,MISSÃO,v,,,,,04/10/2026 19:17:20,sim
1,04/10/2026,6257,Presidente,1,municipio,RJ,58181,3300159,APERIBÉ,,,,,PARTIDO DA CAUSA OPERÁRIA,i,PCO,0,29,PCO,PARTIDO DA CAUSA OPERÁRIA,,29,280002552487,RUI COSTA PIMENTA,RUI COSTA PIMENTA,25/06/1957,12,Válido,nao,,2,0.03,0.025087807,ANTONIO CARLOS SILVA,ANTÔNIO CARLOS,PCO,v,,,,,04/10/2026 19:17:20,sim
1,04/10/2026,6257,Presidente,1,municipio,RJ,58190,3301009,CAMPOS DOS GOYTACAZES,,,,,PARTIDO LIBERAL,i,PL,0,22,PL,PARTIDO LIBERAL,,22,280002551544,FLAVIO NANTES BOLSONARO,FLAVIO BOLSONARO,30/04/1981,1,Válido,nao,,160859,59.10,59.103702180,ALFREDO GASPAR DE MENDONÇA NETO,ALFREDO GASPAR,PL,v,,,,,04/10/2026 20:59:43,sim
1,04/10/2026,6257,Presidente,1,municipio,RJ,58190,3301009,CAMPOS DOS GOYTACAZES,,,,,PARTIDO SOCIAL DEMOCRÁTICO,i,PSD,0,55,PSD,PARTIDO SOCIAL DEMOCRÁTICO,,55,280002551932,RONALDO RAMOS CAIADO,RONALDO CAIADO,25/09/1949,5,Válido,nao,,6170,2.27,2.267015476,GILBERTO KASSAB,GILBERTO KASSAB,PSD,v,,,,,04/10/2026 20:59:43,sim
1,04/10/2026,6257,Presidente,1,municipio,RJ,58190,3301009,CAMPOS DOS GOYTACAZES,,PT/PC do B/PV,FEDERAÇÃO BRASIL DA ESPERANÇA - FE BRASIL,PT/PC do B/PV,BRASIL PRONTO PRA MAIS,c,PSB / PDT / PCDOB / PT / PV / PSOL / REDE,,13,PT,PARTIDO DOS TRABALHADORES,101,13,280002542548,LUIZ INÁCIO LULA DA SILVA,LULA,06/10/1945,2,Válido,nao,,91105,33.47,33.474302259,GERALDO JOSE RODRIGUES ALCKMIN FILHO,GERALDO ALCKMIN,PSB,v,,,,,04/10/2026 20:59:43,sim
1,04/10/2026,6257,Presidente,1,municipio,RJ,58190,3301009,CAMPOS DOS GOYTACAZES,,,,,DEMOCRACIA CRISTÃ,i,DC,0,27,DC,DEMOCRACIA CRISTÃ,,27,280002552484,CLARIANA ZACARKIM BARAO,CLARIANA BARAO,03/04/1987,9,Válido,nao,,139,0.05,0.051072148,FABIANA CRISTINA TAVARES TORQUATO,FABIANA TORQUATO,DC,v,,,,,04/10/2026 20:59:43,sim
1,04/10/2026,6257,Presidente,1,municipio,RJ,58190,3301009,CAMPOS DOS GOYTACAZES,,,,,PARTIDO COMUNISTA BRASILEIRO,i,PCB,0,21,PCB,PARTIDO COMUNISTA BRASILEIRO,,21,280002551975,EDMILSON SILVA COSTA,EDMILSON COSTA,08/04/1950,10,Válido,nao,,103,0.04,0.037844829,CLEUSA DOS SANTOS,CLEUSA SANTOS,PCB,v,,,,,04/10/2026 20:59:43,sim
1,04/10/2026,6257,Presidente,1,municipio,RJ,58190,3301009,CAMPOS DOS GOYTACAZES,,,,,PARTIDO SOCIALISTA  DOS TRABALHADORES UNIFICADO,i,PSTU,0,16,PSTU,PARTIDO SOCIALISTA  DOS TRABALHADORES UNIFICADO,,16,280002541457,HERTZ DA CONCEICAO DIAS,HERTZ DIAS,20/10/1970,8,Válido,nao,,63,0.02,0.023147808,VANESSA PORTUGAL BARBOSA,VANESSA PORTUGAL,PSTU,v,,,,,04/10/2026 20:59:43,sim
1,04/10/2026,6257,Presidente,1,municipio,RJ,58190,3301009,CAMPOS DOS GOYTACAZES,,,,,BRASIL DOS NOSSOS SONHOS,c,AGIR / AVANTE,,70,AVANTE,AVANTE,,70,280002551547,AUGUSTO JORGE CURY,ESCRITOR AUGUSTO CURY,02/10/1958,3,Válido,nao,,7900,2.90,2.902661630,JULIO CESAR DELGADO,JÚLIO DELGADO,AVANTE,v,,,,,04/10/2026 20:59:43,sim
1,04/10/2026,6257,Presidente,1,municipio,RJ,58190,3301009,CAMPOS DOS GOYTACAZES,,,,,PARTIDO NOVO,i,NOVO,0,30,NOVO,PARTIDO NOVO,,30,280002539826,ROMEU ZEMA NETO,ZEMA,28/10/1964,6,Válido,nao,,486,0.18,0.178568804,LUIS EDUARDO GRANGEIRO GIRÃO,EDUARDO GIRÃO,NOVO,v,,,,,04/10/2026 20:59:43,sim
1,04/10/2026,6257,Presidente,1,municipio,RJ,58190,3301009,CAMPOS DOS GOYTACAZES,,,,,UNIDADE POPULAR,i,UP,0,80,UP,UNIDADE POPULAR,,80,280002538811,SAMARA MARTINS DA SILVA FEITOSA,SAMARA,31/08/1987,7,Válido,nao,,340,0.12,0.124924678,RAQUEL NONATO DE BRICIO,RAQUEL BRÍCIO,UP,v,,,,,04/10/2026 20:59:43,sim
1,04/10/2026,6257,Presidente,1,municipio,RJ,58190,3301009,CAMPOS DOS GOYTACAZES,,,,,DEMOCRATA,i,DEMOCRATA,0,35,DEMOCRATA,DEMOCRATA,,35,280002548139,WILSON GRASSI JUNIOR,VETERINÁRIO WILSON GRASSI,13/03/1970,11,Válido,nao,,44,0.02,0.016166723,SUÊD HAIDAR NOGUEIRA,SUÊD HAIDAR,DEMOCRATA,v,,,,,04/10/2026 20:59:43,sim
1,04/10/2026,6257,Presidente,1,municipio,RJ,58190,3301009,CAMPOS DOS GOYTACAZES,,,,,PARTIDO MISSÃO,i,MISSÃO,0,14,MISSÃO,PARTIDO MISSÃO,,14,280002540694,RENAN ANTONIO FERREIRA DOS SANTOS,RENAN SANTOS,14/02/1984,4,Válido,nao,,4913,1.81,1.805161594,AROLDO MEDINA,CORONEL MEDINA,MISSÃO,v,,,,,04/10/2026 20:59:43,sim
1,04/10/2026,6257,Presidente,1,municipio,RJ,58190,3301009,CAMPOS DOS GOYTACAZES,,,,,PARTIDO DA CAUSA OPERÁRIA,i,PCO,0,29,PCO,PARTIDO DA CAUSA OPERÁRIA,,29,280002552487,RUI COSTA PIMENTA,RUI COSTA PIMENTA,25/06/1957,12,Válido,nao,,42,0.02,0.015431872,ANTONIO CARLOS SILVA,ANTÔNIO CARLOS,PCO,v,,,,,04/10/2026 20:59:43,sim
1,04/10/2026,6257,Presidente,1,municipio,RJ,58203,3304524,RIO DAS OSTRAS,,,,,PARTIDO LIBERAL,i,PL,0,22,PL,PARTIDO LIBERAL,,22,280002551544,FLAVIO NANTES BOLSONARO,FLAVIO BOLSONARO,30/04/1981,1,Válido,nao,,48383,60.66,60.656929731,ALFREDO GASPAR DE MENDONÇA NETO,ALFREDO GASPAR,PL,v,,,,,04/10/2026 20:56:16,sim
1,04/10/2026,6257,Presidente,1,municipio,RJ,58203,3304524,RIO DAS OSTRAS,,,,,PARTIDO SOCIAL DEMOCRÁTICO,i,PSD,0,55,PSD,PARTIDO SOCIAL DEMOCRÁTICO,,55,280002551932,RONALDO RAMOS CAIADO,RONALDO CAIADO,25/09/1949,5,Válido,nao,,1136,1.42,1.424183539,GILBERTO KASSAB,GILBERTO KASSAB,PSD,v,,,,,04/10/2026 20:56:16,sim
1,04/10/2026,6257,Presidente,1,municipio,RJ,58203,3304524,RIO DAS OSTRAS,,PT/PC do B/PV,FEDERAÇÃO BRASIL DA ESPERANÇA - FE BRASIL,PT/PC do B/PV,BRASIL PRONTO PRA MAIS,c,PSB / PDT / PCDOB / PT / PV / PSOL / REDE,,13,PT,PARTIDO DOS TRABALHADORES,101,13,280002542548,LUIZ INÁCIO LULA DA SILVA,LULA,06/10/1945,2,Válido,nao,,25447,31.90,31.902463486,GERALDO JOSE RODRIGUES ALCKMIN FILHO,GERALDO ALCKMIN,PSB,v,,,,,04/10/2026 20:56:16,sim
1,04/10/2026,6257,Presidente,1,municipio,RJ,58203,3304524,RIO DAS OSTRAS,,,,,DEMOCRACIA CRISTÃ,i,DC,0,27,DC,DEMOCRACIA CRISTÃ,,27,280002552484,CLARIANA ZACARKIM BARAO,CLARIANA BARAO,03/04/1987,9,Válido,nao,,32,0.04,0.040117846,FABIANA CRISTINA TAVARES TORQUATO,FABIANA TORQUATO,DC,v,,,,,04/10/2026 20:56:16,sim
1,04/10/2026,6257,Presidente,1,municipio,RJ,58203,3304524,RIO DAS OSTRAS,,,,,PARTIDO COMUNISTA BRASILEIRO,i,PCB,0,21,PCB,PARTIDO COMUNISTA BRASILEIRO,,21,280002551975,EDMILSON SILVA COSTA,EDMILSON COSTA,08/04/1950,10,Válido,nao,,19,0.02,0.023819971,CLEUSA DOS SANTOS,CLEUSA SANTOS,PCB,v,,,,,04/10/2026 20:56:16,sim
1,04/10/2026,6257,Presidente,1,municipio,RJ,58203,3304524,RIO DAS OSTRAS,,,,,PARTIDO SOCIALISTA  DOS TRABALHADORES UNIFICADO,i,PSTU,0,16,PSTU,PARTIDO SOCIALISTA  DOS TRABALHADORES UNIFICADO,,16,280002541457,HERTZ DA CONCEICAO DIAS,HERTZ DIAS,20/10/1970,8,Válido,nao,,37,0.05,0.046386260,VANESSA PORTUGAL BARBOSA,VANESSA PORTUGAL,PSTU,v,,,,,04/10/2026 20:56:16,sim
1,04/10/2026,6257,Presidente,1,municipio,RJ,58203,3304524,RIO DAS OSTRAS,,,,,BRASIL DOS NOSSOS SONHOS,c,AGIR / AVANTE,,70,AVANTE,AVANTE,,70,280002551547,AUGUSTO JORGE CURY,ESCRITOR AUGUSTO CURY,02/10/1958,3,Válido,nao,,2501,3.14,3.135460415,JULIO CESAR DELGADO,JÚLIO DELGADO,AVANTE,v,,,,,04/10/2026 20:56:16,sim
1,04/10/2026,6257,Presidente,1,municipio,RJ,58203,3304524,RIO DAS OSTRAS,,,,,PARTIDO NOVO,i,NOVO,0,30,NOVO,PARTIDO NOVO,,30,280002539826,ROMEU ZEMA NETO,ZEMA,28/10/1964,6,Válido,nao,,166,0.21,0.208111327,LUIS EDUARDO GRANGEIRO GIRÃO,EDUARDO GIRÃO,NOVO,v,,,,,04/10/2026 20:56:16,sim
1,04/10/2026,6257,Presidente,1,municipio,RJ,58203,3304524,RIO DAS OSTRAS,,,,,UNIDADE POPULAR,i,UP,0,80,UP,UNIDADE POPULAR,,80,280002538811,SAMARA MARTINS DA SILVA FEITOSA,SAMARA,31/08/1987,7,Válido,nao,,117,0.15,0.146680875,RAQUEL NONATO DE BRICIO,RAQUEL BRÍCIO,UP,v,,,,,04/10/2026 20:56:16,sim
1,04/10/2026,6257,Presidente,1,municipio,RJ,58203,3304524,RIO DAS OSTRAS,,,,,DEMOCRATA,i,DEMOCRATA,0,35,DEMOCRATA,DEMOCRATA,,35,280002548139,WILSON GRASSI JUNIOR,VETERINÁRIO WILSON GRASSI,13/03/1970,11,Válido,nao,,18,0.02,0.022566288,SUÊD HAIDAR NOGUEIRA,SUÊD HAIDAR,DEMOCRATA,v,,,,,04/10/2026 20:56:16,sim
1,04/10/2026,6257,Presidente,1,municipio,RJ,58203,3304524,RIO DAS OSTRAS,,,,,PARTIDO MISSÃO,i,MISSÃO,0,14,MISSÃO,PARTIDO MISSÃO,,14,280002540694,RENAN ANTONIO FERREIRA DOS SANTOS,RENAN SANTOS,14/02/1984,4,Válido,nao,,1897,2.38,2.378236068,AROLDO MEDINA,CORONEL MEDINA,MISSÃO,v,,,,,04/10/2026 20:56:16,sim
1,04/10/2026,6257,Presidente,1,municipio,RJ,58203,3304524,RIO DAS OSTRAS,,,,,PARTIDO DA CAUSA OPERÁRIA,i,PCO,0,29,PCO,PARTIDO DA CAUSA OPERÁRIA,,29,280002552487,RUI COSTA PIMENTA,RUI COSTA PIMENTA,25/06/1957,12,Válido,nao,,12,0.02,0.015044192,ANTONIO CARLOS SILVA,ANTÔNIO CARLOS,PCO,v,,,,,04/10/2026 20:56:16,sim
1,04/10/2026,6257,Presidente,1,municipio,RJ,58211,3301108,CANTAGALO,,,,,PARTIDO LIBERAL,i,PL,0,22,PL,PARTIDO LIBERAL,,22,280002551544,FLAVIO NANTES BOLSONARO,FLAVIO BOLSONARO,30/04/1981,1,Válido,nao,,6198,53.38,53.380415124,ALFREDO GASPAR DE MENDONÇA NETO,ALFREDO GASPAR,PL,v,,,,,04/10/2026 19:24:40,sim
1,04/10/2026,6257,Presidente,1,municipio,RJ,58211,3301108,CANTAGALO,,,,,PARTIDO SOCIAL DEMOCRÁTICO,i,PSD,0,55,PSD,PARTIDO SOCIAL DEMOCRÁTICO,,55,280002551932,RONALDO RAMOS CAIADO,RONALDO CAIADO,25/09/1949,5,Válido,nao,,283,2.44,2.437343898,GILBERTO KASSAB,GILBERTO KASSAB,PSD,v,,,,,04/10/2026 19:24:40,sim
1,04/10/2026,6257,Presidente,1,municipio,RJ,58211,3301108,CANTAGALO,,PT/PC do B/PV,FEDERAÇÃO BRASIL DA ESPERANÇA - FE BRASIL,PT/PC do B/PV,BRASIL PRONTO PRA MAIS,c,PSB / PDT / PCDOB / PT / PV / PSOL / REDE,,13,PT,PARTIDO DOS TRABALHADORES,101,13,280002542548,LUIZ INÁCIO LULA DA SILVA,LULA,06/10/1945,2,Válido,nao,,4618,39.77,39.772629403,GERALDO JOSE RODRIGUES ALCKMIN FILHO,GERALDO ALCKMIN,PSB,v,,,,,04/10/2026 19:24:40,sim
1,04/10/2026,6257,Presidente,1,municipio,RJ,58211,3301108,CANTAGALO,,,,,PARTIDO SOCIALISTA  DOS TRABALHADORES UNIFICADO,i,PSTU,0,16,PSTU,PARTIDO SOCIALISTA  DOS TRABALHADORES UNIFICADO,,16,280002541457,HERTZ DA CONCEICAO DIAS,HERTZ DIAS,20/10/1970,8,Válido,nao,,5,0.04,0.043062613,VANESSA PORTUGAL BARBOSA,VANESSA PORTUGAL,PSTU,v,,,,,04/10/2026 19:24:40,sim
1,04/10/2026,6257,Presidente,1,municipio,RJ,58211,3301108,CANTAGALO,,,,,PARTIDO COMUNISTA BRASILEIRO,i,PCB,0,21,PCB,PARTIDO COMUNISTA BRASILEIRO,,21,280002551975,EDMILSON SILVA COSTA,EDMILSON COSTA,08/04/1950,10,Válido,nao,,3,0.03,0.025837568,CLEUSA DOS SANTOS,CLEUSA SANTOS,PCB,v,,,,,04/10/2026 19:24:40,sim
1,04/10/2026,6257,Presidente,1,municipio,RJ,58211,3301108,CANTAGALO,,,,,DEMOCRACIA CRISTÃ,i,DC,0,27,DC,DEMOCRACIA CRISTÃ,,27,280002552484,CLARIANA ZACARKIM BARAO,CLARIANA BARAO,03/04/1987,9,Válido,nao,,2,0.02,0.017225045,FABIANA CRISTINA TAVARES TORQUATO,FABIANA TORQUATO,DC,v,,,,,04/10/2026 19:24:40,sim
1,04/10/2026,6257,Presidente,1,municipio,RJ,58211,3301108,CANTAGALO,,,,,PARTIDO NOVO,i,NOVO,0,30,NOVO,PARTIDO NOVO,,30,280002539826,ROMEU ZEMA NETO,ZEMA,28/10/1964,6,Válido,nao,,27,0.23,0.232538110,LUIS EDUARDO GRANGEIRO GIRÃO,EDUARDO GIRÃO,NOVO,v,,,,,04/10/2026 19:24:40,sim
1,04/10/2026,6257,Presidente,1,municipio,RJ,58211,3301108,CANTAGALO,,,,,BRASIL DOS NOSSOS SONHOS,c,AGIR / AVANTE,,70,AVANTE,AVANTE,,70,280002551547,AUGUSTO JORGE CURY,ESCRITOR AUGUSTO CURY,02/10/1958,3,Válido,nao,,263,2.27,2.265093446,JULIO CESAR DELGADO,JÚLIO DELGADO,AVANTE,v,,,,,04/10/2026 19:24:40,sim
1,04/10/2026,6257,Presidente,1,municipio,RJ,58211,3301108,CANTAGALO,,,,,DEMOCRATA,i,DEMOCRATA,0,35,DEMOCRATA,DEMOCRATA,,35,280002548139,WILSON GRASSI JUNIOR,VETERINÁRIO WILSON GRASSI,13/03/1970,11,Válido,nao,,1,0.01,0.008612523,SUÊD HAIDAR NOGUEIRA,SUÊD HAIDAR,DEMOCRATA,v,,,,,04/10/2026 19:24:40,sim
1,04/10/2026,6257,Presidente,1,municipio,RJ,58211,3301108,CANTAGALO,,,,,UNIDADE POPULAR,i,UP,0,80,UP,UNIDADE POPULAR,,80,280002538811,SAMARA MARTINS DA SILVA FEITOSA,SAMARA,31/08/1987,7,Válido,nao,,9,0.08,0.077512703,RAQUEL NONATO DE BRICIO,RAQUEL BRÍCIO,UP,v,,,,,04/10/2026 19:24:40,sim
1,04/10/2026,6257,Presidente,1,municipio,RJ,58211,3301108,CANTAGALO,,,,,PARTIDO MISSÃO,i,MISSÃO,0,14,MISSÃO,PARTIDO MISSÃO,,14,280002540694,RENAN ANTONIO FERREIRA DOS SANTOS,RENAN SANTOS,14/02/1984,4,Válido,nao,,200,1.72,1.722504522,AROLDO MEDINA,CORONEL MEDINA,MISSÃO,v,,,,,04/10/2026 19:24:40,sim
1,04/10/2026,6257,Presidente,1,municipio,RJ,58211,3301108,CANTAGALO,,,,,PARTIDO DA CAUSA OPERÁRIA,i,PCO,0,29,PCO,PARTIDO DA CAUSA OPERÁRIA,,29,280002552487,RUI COSTA PIMENTA,RUI COSTA PIMENTA,25/06/1957,12,Válido,nao,,2,0.02,0.017225045,ANTONIO CARLOS SILVA,ANTÔNIO CARLOS,PCO,v,,,,,04/10/2026 19:24:40,sim
1,04/10/2026,6257,Presidente,1,municipio,RJ,58220,3300225,AREAL,,,,,PARTIDO LIBERAL,i,PL,0,22,PL,PARTIDO LIBERAL,,22,280002551544,FLAVIO NANTES BOLSONARO,FLAVIO BOLSONARO,30/04/1981,1,Válido,nao,,4555,58.08,58.077266352,ALFREDO GASPAR DE MENDONÇA NETO,ALFREDO GASPAR,PL,v,,,,,04/10/2026 19:04:46,sim
1,04/10/2026,6257,Presidente,1,municipio,RJ,58220,3300225,AREAL,,,,,PARTIDO SOCIAL DEMOCRÁTICO,i,PSD,0,55,PSD,PARTIDO SOCIAL DEMOCRÁTICO,,55,280002551932,RONALDO RAMOS CAIADO,RONALDO CAIADO,25/09/1949,4,Válido,nao,,197,2.51,2.511793956,GILBERTO KASSAB,GILBERTO KASSAB,PSD,v,,,,,04/10/2026 19:04:46,sim
1,04/10/2026,6257,Presidente,1,municipio,RJ,58220,3300225,AREAL,,PT/PC do B/PV,FEDERAÇÃO BRASIL DA ESPERANÇA - FE BRASIL,PT/PC do B/PV,BRASIL PRONTO PRA MAIS,c,PSB / PDT / PCDOB / PT / PV / PSOL / REDE,,13,PT,PARTIDO DOS TRABALHADORES,101,13,280002542548,LUIZ INÁCIO LULA DA SILVA,LULA,06/10/1945,2,Válido,nao,,2663,33.95,33.953844192,GERALDO JOSE RODRIGUES ALCKMIN FILHO,GERALDO ALCKMIN,PSB,v,,,,,04/10/2026 19:04:46,sim
1,04/10/2026,6257,Presidente,1,municipio,RJ,58220,3300225,AREAL,,,,,DEMOCRACIA CRISTÃ,i,DC,0,27,DC,DEMOCRACIA CRISTÃ,,27,280002552484,CLARIANA ZACARKIM BARAO,CLARIANA BARAO,03/04/1987,9,Válido,nao,,0,0.00,0,FABIANA CRISTINA TAVARES TORQUATO,FABIANA TORQUATO,DC,v,,,,,04/10/2026 19:04:46,sim
1,04/10/2026,6257,Presidente,1,municipio,RJ,58220,3300225,AREAL,,,,,PARTIDO COMUNISTA BRASILEIRO,i,PCB,0,21,PCB,PARTIDO COMUNISTA BRASILEIRO,,21,280002551975,EDMILSON SILVA COSTA,EDMILSON COSTA,08/04/1950,10,Válido,nao,,1,0.01,0.012750223,CLEUSA DOS SANTOS,CLEUSA SANTOS,PCB,v,,,,,04/10/2026 19:04:46,sim
1,04/10/2026,6257,Presidente,1,municipio,RJ,58220,3300225,AREAL,,,,,PARTIDO SOCIALISTA  DOS TRABALHADORES UNIFICADO,i,PSTU,0,16,PSTU,PARTIDO SOCIALISTA  DOS TRABALHADORES UNIFICADO,,16,280002541457,HERTZ DA CONCEICAO DIAS,HERTZ DIAS,20/10/1970,8,Válido,nao,,4,0.05,0.051000893,VANESSA PORTUGAL BARBOSA,VANESSA PORTUGAL,PSTU,v,,,,,04/10/2026 19:04:46,sim
1,04/10/2026,6257,Presidente,1,municipio,RJ,58220,3300225,AREAL,,,,,BRASIL DOS NOSSOS SONHOS,c,AGIR / AVANTE,,70,AVANTE,AVANTE,,70,280002551547,AUGUSTO JORGE CURY,ESCRITOR AUGUSTO CURY,02/10/1958,3,Válido,nao,,252,3.21,3.213056228,JULIO CESAR DELGADO,JÚLIO DELGADO,AVANTE,v,,,,,04/10/2026 19:04:46,sim
1,04/10/2026,6257,Presidente,1,municipio,RJ,58220,3300225,AREAL,,,,,PARTIDO NOVO,i,NOVO,0,30,NOVO,PARTIDO NOVO,,30,280002539826,ROMEU ZEMA NETO,ZEMA,28/10/1964,6,Válido,nao,,26,0.33,0.331505801,LUIS EDUARDO GRANGEIRO GIRÃO,EDUARDO GIRÃO,NOVO,v,,,,,04/10/2026 19:04:46,sim
1,04/10/2026,6257,Presidente,1,municipio,RJ,58220,3300225,AREAL,,,,,UNIDADE POPULAR,i,UP,0,80,UP,UNIDADE POPULAR,,80,280002538811,SAMARA MARTINS DA SILVA FEITOSA,SAMARA,31/08/1987,7,Válido,nao,,9,0.11,0.114752008,RAQUEL NONATO DE BRICIO,RAQUEL BRÍCIO,UP,v,,,,,04/10/2026 19:04:46,sim
1,04/10/2026,6257,Presidente,1,municipio,RJ,58220,3300225,AREAL,,,,,DEMOCRATA,i,DEMOCRATA,0,35,DEMOCRATA,DEMOCRATA,,35,280002548139,WILSON GRASSI JUNIOR,VETERINÁRIO WILSON GRASSI,13/03/1970,11,Válido,nao,,3,0.04,0.038250669,SUÊD HAIDAR NOGUEIRA,SUÊD HAIDAR,DEMOCRATA,v,,,,,04/10/2026 19:04:46,sim
1,04/10/2026,6257,Presidente,1,municipio,RJ,58220,3300225,AREAL,,,,,PARTIDO MISSÃO,i,MISSÃO,0,14,MISSÃO,PARTIDO MISSÃO,,14,280002540694,RENAN ANTONIO FERREIRA DOS SANTOS,RENAN SANTOS,14/02/1984,5,Válido,nao,,133,1.70,1.695779676,AROLDO MEDINA,CORONEL MEDINA,MISSÃO,v,,,,,04/10/2026 19:04:46,sim
1,04/10/2026,6257,Presidente,1,municipio,RJ,58220,3300225,AREAL,,,,,PARTIDO DA CAUSA OPERÁRIA,i,PCO,0,29,PCO,PARTIDO DA CAUSA OPERÁRIA,,29,280002552487,RUI COSTA PIMENTA,RUI COSTA PIMENTA,25/06/1957,12,Válido,nao,,0,0.00,0,ANTONIO CARLOS SILVA,ANTÔNIO CARLOS,PCO,v,,,,,04/10/2026 19:04:46,sim
1,04/10/2026,6257,Presidente,1,municipio,RJ,58238,3301207,CARMO,,,,,PARTIDO LIBERAL,i,PL,0,22,PL,PARTIDO LIBERAL,,22,280002551544,FLAVIO NANTES BOLSONARO,FLAVIO BOLSONARO,30/04/1981,1,Válido,nao,,5468,48.56,48.561278863,ALFREDO GASPAR DE MENDONÇA NETO,ALFREDO GASPAR,PL,v,,,,,04/10/2026 19:10:59,sim
1,04/10/2026,6257,Presidente,1,municipio,RJ,58238,3301207,CARMO,,,,,PARTIDO SOCIAL DEMOCRÁTICO,i,PSD,0,55,PSD,PARTIDO SOCIAL DEMOCRÁTICO,,55,280002551932,RONALDO RAMOS CAIADO,RONALDO CAIADO,25/09/1949,5,Válido,nao,,306,2.72,2.717584369,GILBERTO KASSAB,GILBERTO KASSAB,PSD,v,,,,,04/10/2026 19:10:59,sim
1,04/10/2026,6257,Presidente,1,municipio,RJ,58238,3301207,CARMO,,PT/PC do B/PV,FEDERAÇÃO BRASIL DA ESPERANÇA - FE BRASIL,PT/PC do B/PV,BRASIL PRONTO PRA MAIS,c,PSB / PDT / PCDOB / PT / PV / PSOL / REDE,,13,PT,PARTIDO DOS TRABALHADORES,101,13,280002542548,LUIZ INÁCIO LULA DA SILVA,LULA,06/10/1945,2,Válido,nao,,4920,43.69,43.694493783,GERALDO JOSE RODRIGUES ALCKMIN FILHO,GERALDO ALCKMIN,PSB,v,,,,,04/10/2026 19:10:59,sim
1,04/10/2026,6257,Presidente,1,municipio,RJ,58238,3301207,CARMO,,,,,DEMOCRACIA CRISTÃ,i,DC,0,27,DC,DEMOCRACIA CRISTÃ,,27,280002552484,CLARIANA ZACARKIM BARAO,CLARIANA BARAO,03/04/1987,9,Válido,nao,,3,0.03,0.026642984,FABIANA CRISTINA TAVARES TORQUATO,FABIANA TORQUATO,DC,v,,,,,04/10/2026 19:10:59,sim
1,04/10/2026,6257,Presidente,1,municipio,RJ,58238,3301207,CARMO,,,,,PARTIDO COMUNISTA BRASILEIRO,i,PCB,0,21,PCB,PARTIDO COMUNISTA BRASILEIRO,,21,280002551975,EDMILSON SILVA COSTA,EDMILSON COSTA,08/04/1950,10,Válido,nao,,3,0.03,0.026642984,CLEUSA DOS SANTOS,CLEUSA SANTOS,PCB,v,,,,,04/10/2026 19:10:59,sim
1,04/10/2026,6257,Presidente,1,municipio,RJ,58238,3301207,CARMO,,,,,PARTIDO SOCIALISTA  DOS TRABALHADORES UNIFICADO,i,PSTU,0,16,PSTU,PARTIDO SOCIALISTA  DOS TRABALHADORES UNIFICADO,,16,280002541457,HERTZ DA CONCEICAO DIAS,HERTZ DIAS,20/10/1970,8,Válido,nao,,1,0.01,0.008880995,VANESSA PORTUGAL BARBOSA,VANESSA PORTUGAL,PSTU,v,,,,,04/10/2026 19:10:59,sim
1,04/10/2026,6257,Presidente,1,municipio,RJ,58238,3301207,CARMO,,,,,BRASIL DOS NOSSOS SONHOS,c,AGIR / AVANTE,,70,AVANTE,AVANTE,,70,280002551547,AUGUSTO JORGE CURY,ESCRITOR AUGUSTO CURY,02/10/1958,3,Válido,nao,,322,2.86,2.859680284,JULIO CESAR DELGADO,JÚLIO DELGADO,AVANTE,v,,,,,04/10/2026 19:10:59,sim
1,04/10/2026,6257,Presidente,1,municipio,RJ,58238,3301207,CARMO,,,,,PARTIDO NOVO,i,NOVO,0,30,NOVO,PARTIDO NOVO,,30,280002539826,ROMEU ZEMA NETO,ZEMA,28/10/1964,6,Válido,nao,,15,0.13,0.133214920,LUIS EDUARDO GRANGEIRO GIRÃO,EDUARDO GIRÃO,NOVO,v,,,,,04/10/2026 19:10:59,sim
1,04/10/2026,6257,Presidente,1,municipio,RJ,58238,3301207,CARMO,,,,,UNIDADE POPULAR,i,UP,0,80,UP,UNIDADE POPULAR,,80,280002538811,SAMARA MARTINS DA SILVA FEITOSA,SAMARA,31/08/1987,7,Válido,nao,,11,0.10,0.097690941,RAQUEL NONATO DE BRICIO,RAQUEL BRÍCIO,UP,v,,,,,04/10/2026 19:10:59,sim
1,04/10/2026,6257,Presidente,1,municipio,RJ,58238,3301207,CARMO,,,,,DEMOCRATA,i,DEMOCRATA,0,35,DEMOCRATA,DEMOCRATA,,35,280002548139,WILSON GRASSI JUNIOR,VETERINÁRIO WILSON GRASSI,13/03/1970,11,Válido,nao,,0,0.00,0,SUÊD HAIDAR NOGUEIRA,SUÊD HAIDAR,DEMOCRATA,v,,,,,04/10/2026 19:10:59,sim
1,04/10/2026,6257,Presidente,1,municipio,RJ,58238,3301207,CARMO,,,,,PARTIDO MISSÃO,i,MISSÃO,0,14,MISSÃO,PARTIDO MISSÃO,,14,280002540694,RENAN ANTONIO FERREIRA DOS SANTOS,RENAN SANTOS,14/02/1984,4,Válido,nao,,211,1.87,1.873889876,AROLDO MEDINA,CORONEL MEDINA,MISSÃO,v,,,,,04/10/2026 19:10:59,sim
1,04/10/2026,6257,Presidente,1,municipio,RJ,58238,3301207,CARMO,,,,,PARTIDO DA CAUSA OPERÁRIA,i,PCO,0,29,PCO,PARTIDO DA CAUSA OPERÁRIA,,29,280002552487,RUI COSTA PIMENTA,RUI COSTA PIMENTA,25/06/1957,12,Válido,nao,,0,0.00,0,ANTONIO CARLOS SILVA,ANTÔNIO CARLOS,PCO,v,,,,,04/10/2026 19:10:59,sim
1,04/10/2026,6257,Presidente,1,municipio,RJ,58246,3303955,PINHEIRAL,,,,,PARTIDO LIBERAL,i,PL,0,22,PL,PARTIDO LIBERAL,,22,280002551544,FLAVIO NANTES BOLSONARO,FLAVIO BOLSONARO,30/04/1981,1,Válido,nao,,6497,45.64,45.644232120,ALFREDO GASPAR DE MENDONÇA NETO,ALFREDO GASPAR,PL,v,,,,,04/10/2026 20:07:48,sim
1,04/10/2026,6257,Presidente,1,municipio,RJ,58246,3303955,PINHEIRAL,,,,,PARTIDO SOCIAL DEMOCRÁTICO,i,PSD,0,55,PSD,PARTIDO SOCIAL DEMOCRÁTICO,,55,280002551932,RONALDO RAMOS CAIADO,RONALDO CAIADO,25/09/1949,5,Válido,nao,,277,1.95,1.946044682,GILBERTO KASSAB,GILBERTO KASSAB,PSD,v,,,,,04/10/2026 20:07:48,sim
1,04/10/2026,6257,Presidente,1,municipio,RJ,58246,3303955,PINHEIRAL,,PT/PC do B/PV,FEDERAÇÃO BRASIL DA ESPERANÇA - FE BRASIL,PT/PC do B/PV,BRASIL PRONTO PRA MAIS,c,PSB / PDT / PCDOB / PT / PV / PSOL / REDE,,13,PT,PARTIDO DOS TRABALHADORES,101,13,280002542548,LUIZ INÁCIO LULA DA SILVA,LULA,06/10/1945,2,Válido,nao,,6639,46.64,46.641843473,GERALDO JOSE RODRIGUES ALCKMIN FILHO,GERALDO ALCKMIN,PSB,v,,,,,04/10/2026 20:07:48,sim
1,04/10/2026,6257,Presidente,1,municipio,RJ,58246,3303955,PINHEIRAL,,,,,DEMOCRACIA CRISTÃ,i,DC,0,27,DC,DEMOCRACIA CRISTÃ,,27,280002552484,CLARIANA ZACARKIM BARAO,CLARIANA BARAO,03/04/1987,9,Válido,nao,,10,0.07,0.070254321,FABIANA CRISTINA TAVARES TORQUATO,FABIANA TORQUATO,DC,v,,,,,04/10/2026 20:07:48,sim
1,04/10/2026,6257,Presidente,1,municipio,RJ,58246,3303955,PINHEIRAL,,,,,PARTIDO COMUNISTA BRASILEIRO,i,PCB,0,21,PCB,PARTIDO COMUNISTA BRASILEIRO,,21,280002551975,EDMILSON SILVA COSTA,EDMILSON COSTA,08/04/1950,10,Válido,nao,,3,0.02,0.021076296,CLEUSA DOS SANTOS,CLEUSA SANTOS,PCB,v,,,,,04/10/2026 20:07:48,sim
1,04/10/2026,6257,Presidente,1,municipio,RJ,58246,3303955,PINHEIRAL,,,,,PARTIDO SOCIALISTA  DOS TRABALHADORES UNIFICADO,i,PSTU,0,16,PSTU,PARTIDO SOCIALISTA  DOS TRABALHADORES UNIFICADO,,16,280002541457,HERTZ DA CONCEICAO DIAS,HERTZ DIAS,20/10/1970,8,Válido,nao,,3,0.02,0.021076296,VANESSA PORTUGAL BARBOSA,VANESSA PORTUGAL,PSTU,v,,,,,04/10/2026 20:07:48,sim
1,04/10/2026,6257,Presidente,1,municipio,RJ,58246,3303955,PINHEIRAL,,,,,BRASIL DOS NOSSOS SONHOS,c,AGIR / AVANTE,,70,AVANTE,AVANTE,,70,280002551547,AUGUSTO JORGE CURY,ESCRITOR AUGUSTO CURY,02/10/1958,3,Válido,nao,,429,3.01,3.013910355,JULIO CESAR DELGADO,JÚLIO DELGADO,AVANTE,v,,,,,04/10/2026 20:07:48,sim
1,04/10/2026,6257,Presidente,1,municipio,RJ,58246,3303955,PINHEIRAL,,,,,PARTIDO NOVO,i,NOVO,0,30,NOVO,PARTIDO NOVO,,30,280002539826,ROMEU ZEMA NETO,ZEMA,28/10/1964,6,Válido,nao,,26,0.18,0.182661234,LUIS EDUARDO GRANGEIRO GIRÃO,EDUARDO GIRÃO,NOVO,v,,,,,04/10/2026 20:07:48,sim
1,04/10/2026,6257,Presidente,1,municipio,RJ,58246,3303955,PINHEIRAL,,,,,UNIDADE POPULAR,i,UP,0,80,UP,UNIDADE POPULAR,,80,280002538811,SAMARA MARTINS DA SILVA FEITOSA,SAMARA,31/08/1987,7,Válido,nao,,15,0.11,0.105381481,RAQUEL NONATO DE BRICIO,RAQUEL BRÍCIO,UP,v,,,,,04/10/2026 20:07:48,sim
1,04/10/2026,6257,Presidente,1,municipio,RJ,58246,3303955,PINHEIRAL,,,,,DEMOCRATA,i,DEMOCRATA,0,35,DEMOCRATA,DEMOCRATA,,35,280002548139,WILSON GRASSI JUNIOR,VETERINÁRIO WILSON GRASSI,13/03/1970,11,Válido,nao,,3,0.02,0.021076296,SUÊD HAIDAR NOGUEIRA,SUÊD HAIDAR,DEMOCRATA,v,,,,,04/10/2026 20:07:48,sim
1,04/10/2026,6257,Presidente,1,municipio,RJ,58246,3303955,PINHEIRAL,,,,,PARTIDO MISSÃO,i,MISSÃO,0,14,MISSÃO,PARTIDO MISSÃO,,14,280002540694,RENAN ANTONIO FERREIRA DOS SANTOS,RENAN SANTOS,14/02/1984,4,Válido,nao,,330,2.32,2.318392581,AROLDO MEDINA,CORONEL MEDINA,MISSÃO,v,,,,,04/10/2026 20:07:48,sim
1,04/10/2026,6257,Presidente,1,municipio,RJ,58246,3303955,PINHEIRAL,,,,,PARTIDO DA CAUSA OPERÁRIA,i,PCO,0,29,PCO,PARTIDO DA CAUSA OPERÁRIA,,29,280002552487,RUI COSTA PIMENTA,RUI COSTA PIMENTA,25/06/1957,12,Válido,nao,,2,0.01,0.014050864,ANTONIO CARLOS SILVA,ANTÔNIO CARLOS,PCO,v,,,,,04/10/2026 20:07:48,sim
1,04/10/2026,6257,Presidente,1,municipio,RJ,58254,3301306,CASIMIRO DE ABREU,,,,,PARTIDO LIBERAL,i,PL,0,22,PL,PARTIDO LIBERAL,,22,280002551544,FLAVIO NANTES BOLSONARO,FLAVIO BOLSONARO,30/04/1981,1,Válido,nao,,17595,65.76,65.756035578,ALFREDO GASPAR DE MENDONÇA NETO,ALFREDO GASPAR,PL,v,,,,,04/10/2026 19:30:39,sim
1,04/10/2026,6257,Presidente,1,municipio,RJ,58254,3301306,CASIMIRO DE ABREU,,,,,PARTIDO SOCIAL DEMOCRÁTICO,i,PSD,0,55,PSD,PARTIDO SOCIAL DEMOCRÁTICO,,55,280002551932,RONALDO RAMOS CAIADO,RONALDO CAIADO,25/09/1949,5,Válido,nao,,416,1.55,1.554675237,GILBERTO KASSAB,GILBERTO KASSAB,PSD,v,,,,,04/10/2026 19:30:39,sim
1,04/10/2026,6257,Presidente,1,municipio,RJ,58254,3301306,CASIMIRO DE ABREU,,PT/PC do B/PV,FEDERAÇÃO BRASIL DA ESPERANÇA - FE BRASIL,PT/PC do B/PV,BRASIL PRONTO PRA MAIS,c,PSB / PDT / PCDOB / PT / PV / PSOL / REDE,,13,PT,PARTIDO DOS TRABALHADORES,101,13,280002542548,LUIZ INÁCIO LULA DA SILVA,LULA,06/10/1945,2,Válido,nao,,7582,28.34,28.335451080,GERALDO JOSE RODRIGUES ALCKMIN FILHO,GERALDO ALCKMIN,PSB,v,,,,,04/10/2026 19:30:39,sim
1,04/10/2026,6257,Presidente,1,municipio,RJ,58254,3301306,CASIMIRO DE ABREU,,,,,DEMOCRACIA CRISTÃ,i,DC,0,27,DC,DEMOCRACIA CRISTÃ,,27,280002552484,CLARIANA ZACARKIM BARAO,CLARIANA BARAO,03/04/1987,9,Válido,nao,,9,0.03,0.033634801,FABIANA CRISTINA TAVARES TORQUATO,FABIANA TORQUATO,DC,v,,,,,04/10/2026 19:30:39,sim
1,04/10/2026,6257,Presidente,1,municipio,RJ,58254,3301306,CASIMIRO DE ABREU,,,,,PARTIDO COMUNISTA BRASILEIRO,i,PCB,0,21,PCB,PARTIDO COMUNISTA BRASILEIRO,,21,280002551975,EDMILSON SILVA COSTA,EDMILSON COSTA,08/04/1950,10,Válido,nao,,7,0.03,0.026160401,CLEUSA DOS SANTOS,CLEUSA SANTOS,PCB,v,,,,,04/10/2026 19:30:39,sim
1,04/10/2026,6257,Presidente,1,municipio,RJ,58254,3301306,CASIMIRO DE ABREU,,,,,PARTIDO SOCIALISTA  DOS TRABALHADORES UNIFICADO,i,PSTU,0,16,PSTU,PARTIDO SOCIALISTA  DOS TRABALHADORES UNIFICADO,,16,280002541457,HERTZ DA CONCEICAO DIAS,HERTZ DIAS,20/10/1970,8,Válido,nao,,7,0.03,0.026160401,VANESSA PORTUGAL BARBOSA,VANESSA PORTUGAL,PSTU,v,,,,,04/10/2026 19:30:39,sim
1,04/10/2026,6257,Presidente,1,municipio,RJ,58254,3301306,CASIMIRO DE ABREU,,,,,BRASIL DOS NOSSOS SONHOS,c,AGIR / AVANTE,,70,AVANTE,AVANTE,,70,280002551547,AUGUSTO JORGE CURY,ESCRITOR AUGUSTO CURY,02/10/1958,3,Válido,nao,,607,2.27,2.268480454,JULIO CESAR DELGADO,JÚLIO DELGADO,AVANTE,v,,,,,04/10/2026 19:30:39,sim
1,04/10/2026,6257,Presidente,1,municipio,RJ,58254,3301306,CASIMIRO DE ABREU,,,,,PARTIDO NOVO,i,NOVO,0,30,NOVO,PARTIDO NOVO,,30,280002539826,ROMEU ZEMA NETO,ZEMA,28/10/1964,6,Válido,nao,,43,0.16,0.160699604,LUIS EDUARDO GRANGEIRO GIRÃO,EDUARDO GIRÃO,NOVO,v,,,,,04/10/2026 19:30:39,sim
1,04/10/2026,6257,Presidente,1,municipio,RJ,58254,3301306,CASIMIRO DE ABREU,,,,,UNIDADE POPULAR,i,UP,0,80,UP,UNIDADE POPULAR,,80,280002538811,SAMARA MARTINS DA SILVA FEITOSA,SAMARA,31/08/1987,7,Válido,nao,,24,0.09,0.089692802,RAQUEL NONATO DE BRICIO,RAQUEL BRÍCIO,UP,v,,,,,04/10/2026 19:30:39,sim
1,04/10/2026,6257,Presidente,1,municipio,RJ,58254,3301306,CASIMIRO DE ABREU,,,,,DEMOCRATA,i,DEMOCRATA,0,35,DEMOCRATA,DEMOCRATA,,35,280002548139,WILSON GRASSI JUNIOR,VETERINÁRIO WILSON GRASSI,13/03/1970,11,Válido,nao,,1,0.01,0.003737200,SUÊD HAIDAR NOGUEIRA,SUÊD HAIDAR,DEMOCRATA,v,,,,,04/10/2026 19:30:39,sim
1,04/10/2026,6257,Presidente,1,municipio,RJ,58254,3301306,CASIMIRO DE ABREU,,,,,PARTIDO MISSÃO,i,MISSÃO,0,14,MISSÃO,PARTIDO MISSÃO,,14,280002540694,RENAN ANTONIO FERREIRA DOS SANTOS,RENAN SANTOS,14/02/1984,4,Válido,nao,,466,1.74,1.741535242,AROLDO MEDINA,CORONEL MEDINA,MISSÃO,v,,,,,04/10/2026 19:30:39,sim
1,04/10/2026,6257,Presidente,1,municipio,RJ,58254,3301306,CASIMIRO DE ABREU,,,,,PARTIDO DA CAUSA OPERÁRIA,i,PCO,0,29,PCO,PARTIDO DA CAUSA OPERÁRIA,,29,280002552487,RUI COSTA PIMENTA,RUI COSTA PIMENTA,25/06/1957,12,Válido,nao,,1,0.01,0.003737200,ANTONIO CARLOS SILVA,ANTÔNIO CARLOS,PCO,v,,,,,04/10/2026 19:30:39,sim
1,04/10/2026,6257,Presidente,1,municipio,RJ,58262,3301876,IGUABA GRANDE,,,,,PARTIDO LIBERAL,i,PL,0,22,PL,PARTIDO LIBERAL,,22,280002551544,FLAVIO NANTES BOLSONARO,FLAVIO BOLSONARO,30/04/1981,1,Válido,nao,,15517,65.00,64.998115025,ALFREDO GASPAR DE MENDONÇA NETO,ALFREDO GASPAR,PL,v,,,,,04/10/2026 18:43:14,sim
1,04/10/2026,6257,Presidente,1,municipio,RJ,58262,3301876,IGUABA GRANDE,,,,,PARTIDO SOCIAL DEMOCRÁTICO,i,PSD,0,55,PSD,PARTIDO SOCIAL DEMOCRÁTICO,,55,280002551932,RONALDO RAMOS CAIADO,RONALDO CAIADO,25/09/1949,4,Válido,nao,,399,1.67,1.671344196,GILBERTO KASSAB,GILBERTO KASSAB,PSD,v,,,,,04/10/2026 18:43:14,sim
1,04/10/2026,6257,Presidente,1,municipio,RJ,58262,3301876,IGUABA GRANDE,,PT/PC do B/PV,FEDERAÇÃO BRASIL DA ESPERANÇA - FE BRASIL,PT/PC do B/PV,BRASIL PRONTO PRA MAIS,c,PSB / PDT / PCDOB / PT / PV / PSOL / REDE,,13,PT,PARTIDO DOS TRABALHADORES,101,13,280002542548,LUIZ INÁCIO LULA DA SILVA,LULA,06/10/1945,2,Válido,nao,,6773,28.37,28.370963013,GERALDO JOSE RODRIGUES ALCKMIN FILHO,GERALDO ALCKMIN,PSB,v,,,,,04/10/2026 18:43:14,sim
1,04/10/2026,6257,Presidente,1,municipio,RJ,58262,3301876,IGUABA GRANDE,,,,,DEMOCRACIA CRISTÃ,i,DC,0,27,DC,DEMOCRACIA CRISTÃ,,27,280002552484,CLARIANA ZACARKIM BARAO,CLARIANA BARAO,03/04/1987,9,Válido,nao,,11,0.05,0.046077158,FABIANA CRISTINA TAVARES TORQUATO,FABIANA TORQUATO,DC,v,,,,,04/10/2026 18:43:14,sim
1,04/10/2026,6257,Presidente,1,municipio,RJ,58262,3301876,IGUABA GRANDE,,,,,PARTIDO COMUNISTA BRASILEIRO,i,PCB,0,21,PCB,PARTIDO COMUNISTA BRASILEIRO,,21,280002551975,EDMILSON SILVA COSTA,EDMILSON COSTA,08/04/1950,10,Válido,nao,,7,0.03,0.029321828,CLEUSA DOS SANTOS,CLEUSA SANTOS,PCB,v,,,,,04/10/2026 18:43:14,sim
1,04/10/2026,6257,Presidente,1,municipio,RJ,58262,3301876,IGUABA GRANDE,,,,,PARTIDO SOCIALISTA  DOS TRABALHADORES UNIFICADO,i,PSTU,0,16,PSTU,PARTIDO SOCIALISTA  DOS TRABALHADORES UNIFICADO,,16,280002541457,HERTZ DA CONCEICAO DIAS,HERTZ DIAS,20/10/1970,8,Válido,nao,,4,0.02,0.016755330,VANESSA PORTUGAL BARBOSA,VANESSA PORTUGAL,PSTU,v,,,,,04/10/2026 18:43:14,sim
1,04/10/2026,6257,Presidente,1,municipio,RJ,58262,3301876,IGUABA GRANDE,,,,,BRASIL DOS NOSSOS SONHOS,c,AGIR / AVANTE,,70,AVANTE,AVANTE,,70,280002551547,AUGUSTO JORGE CURY,ESCRITOR AUGUSTO CURY,02/10/1958,3,Válido,nao,,606,2.54,2.538432539,JULIO CESAR DELGADO,JÚLIO DELGADO,AVANTE,v,,,,,04/10/2026 18:43:14,sim
1,04/10/2026,6257,Presidente,1,municipio,RJ,58262,3301876,IGUABA GRANDE,,,,,PARTIDO NOVO,i,NOVO,0,30,NOVO,PARTIDO NOVO,,30,280002539826,ROMEU ZEMA NETO,ZEMA,28/10/1964,6,Válido,nao,,48,0.20,0.201063963,LUIS EDUARDO GRANGEIRO GIRÃO,EDUARDO GIRÃO,NOVO,v,,,,,04/10/2026 18:43:14,sim
1,04/10/2026,6257,Presidente,1,municipio,RJ,58262,3301876,IGUABA GRANDE,,,,,UNIDADE POPULAR,i,UP,0,80,UP,UNIDADE POPULAR,,80,280002538811,SAMARA MARTINS DA SILVA FEITOSA,SAMARA,31/08/1987,7,Válido,nao,,41,0.17,0.171742135,RAQUEL NONATO DE BRICIO,RAQUEL BRÍCIO,UP,v,,,,,04/10/2026 18:43:14,sim
1,04/10/2026,6257,Presidente,1,municipio,RJ,58262,3301876,IGUABA GRANDE,,,,,DEMOCRATA,i,DEMOCRATA,0,35,DEMOCRATA,DEMOCRATA,,35,280002548139,WILSON GRASSI JUNIOR,VETERINÁRIO WILSON GRASSI,13/03/1970,11,Válido,nao,,4,0.02,0.016755330,SUÊD HAIDAR NOGUEIRA,SUÊD HAIDAR,DEMOCRATA,v,,,,,04/10/2026 18:43:14,sim
1,04/10/2026,6257,Presidente,1,municipio,RJ,58262,3301876,IGUABA GRANDE,,,,,PARTIDO MISSÃO,i,MISSÃO,0,14,MISSÃO,PARTIDO MISSÃO,,14,280002540694,RENAN ANTONIO FERREIRA DOS SANTOS,RENAN SANTOS,14/02/1984,5,Válido,nao,,455,1.91,1.905918820,AROLDO MEDINA,CORONEL MEDINA,MISSÃO,v,,,,,04/10/2026 18:43:14,sim
1,04/10/2026,6257,Presidente,1,municipio,RJ,58262,3301876,IGUABA GRANDE,,,,,PARTIDO DA CAUSA OPERÁRIA,i,PCO,0,29,PCO,PARTIDO DA CAUSA OPERÁRIA,,29,280002552487,RUI COSTA PIMENTA,RUI COSTA PIMENTA,25/06/1957,12,Válido,nao,,8,0.03,0.033510661,ANTONIO CARLOS SILVA,ANTÔNIO CARLOS,PCO,v,,,,,04/10/2026 18:43:14,sim
1,04/10/2026,6257,Presidente,1,municipio,RJ,58270,3301405,CONCEIÇÃO DE MACABU,,,,,PARTIDO LIBERAL,i,PL,0,22,PL,PARTIDO LIBERAL,,22,280002551544,FLAVIO NANTES BOLSONARO,FLAVIO BOLSONARO,30/04/1981,1,Válido,nao,,5959,46.32,46.323072139,ALFREDO GASPAR DE MENDONÇA NETO,ALFREDO GASPAR,PL,v,,,,,04/10/2026 20:39:29,sim
1,04/10/2026,6257,Presidente,1,municipio,RJ,58270,3301405,CONCEIÇÃO DE MACABU,,,,,PARTIDO SOCIAL DEMOCRÁTICO,i,PSD,0,55,PSD,PARTIDO SOCIAL DEMOCRÁTICO,,55,280002551932,RONALDO RAMOS CAIADO,RONALDO CAIADO,25/09/1949,5,Válido,nao,,289,2.25,2.246579602,GILBERTO KASSAB,GILBERTO KASSAB,PSD,v,,,,,04/10/2026 20:39:29,sim
1,04/10/2026,6257,Presidente,1,municipio,RJ,58270,3301405,CONCEIÇÃO DE MACABU,,PT/PC do B/PV,FEDERAÇÃO BRASIL DA ESPERANÇA - FE BRASIL,PT/PC do B/PV,BRASIL PRONTO PRA MAIS,c,PSB / PDT / PCDOB / PT / PV / PSOL / REDE,,13,PT,PARTIDO DOS TRABALHADORES,101,13,280002542548,LUIZ INÁCIO LULA DA SILVA,LULA,06/10/1945,2,Válido,nao,,6013,46.74,46.742848259,GERALDO JOSE RODRIGUES ALCKMIN FILHO,GERALDO ALCKMIN,PSB,v,,,,,04/10/2026 20:39:29,sim
1,04/10/2026,6257,Presidente,1,municipio,RJ,58270,3301405,CONCEIÇÃO DE MACABU,,,,,DEMOCRACIA CRISTÃ,i,DC,0,27,DC,DEMOCRACIA CRISTÃ,,27,280002552484,CLARIANA ZACARKIM BARAO,CLARIANA BARAO,03/04/1987,9,Válido,nao,,3,0.02,0.023320896,FABIANA CRISTINA TAVARES TORQUATO,FABIANA TORQUATO,DC,v,,,,,04/10/2026 20:39:29,sim
1,04/10/2026,6257,Presidente,1,municipio,RJ,58270,3301405,CONCEIÇÃO DE MACABU,,,,,PARTIDO COMUNISTA BRASILEIRO,i,PCB,0,21,PCB,PARTIDO COMUNISTA BRASILEIRO,,21,280002551975,EDMILSON SILVA COSTA,EDMILSON COSTA,08/04/1950,10,Válido,nao,,4,0.03,0.031094527,CLEUSA DOS SANTOS,CLEUSA SANTOS,PCB,v,,,,,04/10/2026 20:39:29,sim
1,04/10/2026,6257,Presidente,1,municipio,RJ,58270,3301405,CONCEIÇÃO DE MACABU,,,,,PARTIDO SOCIALISTA  DOS TRABALHADORES UNIFICADO,i,PSTU,0,16,PSTU,PARTIDO SOCIALISTA  DOS TRABALHADORES UNIFICADO,,16,280002541457,HERTZ DA CONCEICAO DIAS,HERTZ DIAS,20/10/1970,8,Válido,nao,,1,0.01,0.007773632,VANESSA PORTUGAL BARBOSA,VANESSA PORTUGAL,PSTU,v,,,,,04/10/2026 20:39:29,sim
1,04/10/2026,6257,Presidente,1,municipio,RJ,58270,3301405,CONCEIÇÃO DE MACABU,,,,,BRASIL DOS NOSSOS SONHOS,c,AGIR / AVANTE,,70,AVANTE,AVANTE,,70,280002551547,AUGUSTO JORGE CURY,ESCRITOR AUGUSTO CURY,02/10/1958,3,Válido,nao,,364,2.83,2.829601990,JULIO CESAR DELGADO,JÚLIO DELGADO,AVANTE,v,,,,,04/10/2026 20:39:29,sim
1,04/10/2026,6257,Presidente,1,municipio,RJ,58270,3301405,CONCEIÇÃO DE MACABU,,,,,PARTIDO NOVO,i,NOVO,0,30,NOVO,PARTIDO NOVO,,30,280002539826,ROMEU ZEMA NETO,ZEMA,28/10/1964,6,Válido,nao,,14,0.11,0.108830846,LUIS EDUARDO GRANGEIRO GIRÃO,EDUARDO GIRÃO,NOVO,v,,,,,04/10/2026 20:39:29,sim
1,04/10/2026,6257,Presidente,1,municipio,RJ,58270,3301405,CONCEIÇÃO DE MACABU,,,,,UNIDADE POPULAR,i,UP,0,80,UP,UNIDADE POPULAR,,80,280002538811,SAMARA MARTINS DA SILVA FEITOSA,SAMARA,31/08/1987,7,Válido,nao,,9,0.07,0.069962687,RAQUEL NONATO DE BRICIO,RAQUEL BRÍCIO,UP,v,,,,,04/10/2026 20:39:29,sim
1,04/10/2026,6257,Presidente,1,municipio,RJ,58270,3301405,CONCEIÇÃO DE MACABU,,,,,DEMOCRATA,i,DEMOCRATA,0,35,DEMOCRATA,DEMOCRATA,,35,280002548139,WILSON GRASSI JUNIOR,VETERINÁRIO WILSON GRASSI,13/03/1970,11,Válido,nao,,2,0.02,0.015547264,SUÊD HAIDAR NOGUEIRA,SUÊD HAIDAR,DEMOCRATA,v,,,,,04/10/2026 20:39:29,sim
1,04/10/2026,6257,Presidente,1,municipio,RJ,58270,3301405,CONCEIÇÃO DE MACABU,,,,,PARTIDO MISSÃO,i,MISSÃO,0,14,MISSÃO,PARTIDO MISSÃO,,14,280002540694,RENAN ANTONIO FERREIRA DOS SANTOS,RENAN SANTOS,14/02/1984,4,Válido,nao,,205,1.59,1.593594527,AROLDO MEDINA,CORONEL MEDINA,MISSÃO,v,,,,,04/10/2026 20:39:29,sim
1,04/10/2026,6257,Presidente,1,municipio,RJ,58270,3301405,CONCEIÇÃO DE MACABU,,,,,PARTIDO DA CAUSA OPERÁRIA,i,PCO,0,29,PCO,PARTIDO DA CAUSA OPERÁRIA,,29,280002552487,RUI COSTA PIMENTA,RUI COSTA PIMENTA,25/06/1957,12,Válido,nao,,1,0.01,0.007773632,ANTONIO CARLOS SILVA,ANTÔNIO CARLOS,PCO,v,,,,,04/10/2026 20:39:29,sim
1,04/10/2026,6257,Presidente,1,municipio,RJ,58289,3304755,SÃO FRANCISCO DE ITABAPOANA,,,,,PARTIDO LIBERAL,i,PL,0,22,PL,PARTIDO LIBERAL,,22,280002551544,FLAVIO NANTES BOLSONARO,FLAVIO BOLSONARO,30/04/1981,1,Válido,nao,,18882,66.67,66.673728814,ALFREDO GASPAR DE MENDONÇA NETO,ALFREDO GASPAR,PL,v,,,,,04/10/2026 21:01:52,sim
1,04/10/2026,6257,Presidente,1,municipio,RJ,58289,3304755,SÃO FRANCISCO DE ITABAPOANA,,,,,PARTIDO SOCIAL DEMOCRÁTICO,i,PSD,0,55,PSD,PARTIDO SOCIAL DEMOCRÁTICO,,55,280002551932,RONALDO RAMOS CAIADO,RONALDO CAIADO,25/09/1949,5,Válido,nao,,530,1.87,1.871468927,GILBERTO KASSAB,GILBERTO KASSAB,PSD,v,,,,,04/10/2026 21:01:52,sim
1,04/10/2026,6257,Presidente,1,municipio,RJ,58289,3304755,SÃO FRANCISCO DE ITABAPOANA,,PT/PC do B/PV,FEDERAÇÃO BRASIL DA ESPERANÇA - FE BRASIL,PT/PC do B/PV,BRASIL PRONTO PRA MAIS,c,PSB / PDT / PCDOB / PT / PV / PSOL / REDE,,13,PT,PARTIDO DOS TRABALHADORES,101,13,280002542548,LUIZ INÁCIO LULA DA SILVA,LULA,06/10/1945,2,Válido,nao,,8000,28.25,28.248587571,GERALDO JOSE RODRIGUES ALCKMIN FILHO,GERALDO ALCKMIN,PSB,v,,,,,04/10/2026 21:01:52,sim
1,04/10/2026,6257,Presidente,1,municipio,RJ,58289,3304755,SÃO FRANCISCO DE ITABAPOANA,,,,,DEMOCRACIA CRISTÃ,i,DC,0,27,DC,DEMOCRACIA CRISTÃ,,27,280002552484,CLARIANA ZACARKIM BARAO,CLARIANA BARAO,03/04/1987,9,Válido,nao,,10,0.04,0.035310734,FABIANA CRISTINA TAVARES TORQUATO,FABIANA TORQUATO,DC,v,,,,,04/10/2026 21:01:52,sim
1,04/10/2026,6257,Presidente,1,municipio,RJ,58289,3304755,SÃO FRANCISCO DE ITABAPOANA,,,,,PARTIDO COMUNISTA BRASILEIRO,i,PCB,0,21,PCB,PARTIDO COMUNISTA BRASILEIRO,,21,280002551975,EDMILSON SILVA COSTA,EDMILSON COSTA,08/04/1950,10,Válido,nao,,7,0.02,0.024717514,CLEUSA DOS SANTOS,CLEUSA SANTOS,PCB,v,,,,,04/10/2026 21:01:52,sim
1,04/10/2026,6257,Presidente,1,municipio,RJ,58289,3304755,SÃO FRANCISCO DE ITABAPOANA,,,,,PARTIDO SOCIALISTA  DOS TRABALHADORES UNIFICADO,i,PSTU,0,16,PSTU,PARTIDO SOCIALISTA  DOS TRABALHADORES UNIFICADO,,16,280002541457,HERTZ DA CONCEICAO DIAS,HERTZ DIAS,20/10/1970,8,Válido,nao,,5,0.02,0.017655367,VANESSA PORTUGAL BARBOSA,VANESSA PORTUGAL,PSTU,v,,,,,04/10/2026 21:01:52,sim
1,04/10/2026,6257,Presidente,1,municipio,RJ,58289,3304755,SÃO FRANCISCO DE ITABAPOANA,,,,,BRASIL DOS NOSSOS SONHOS,c,AGIR / AVANTE,,70,AVANTE,AVANTE,,70,280002551547,AUGUSTO JORGE CURY,ESCRITOR AUGUSTO CURY,02/10/1958,3,Válido,nao,,513,1.81,1.811440678,JULIO CESAR DELGADO,JÚLIO DELGADO,AVANTE,v,,,,,04/10/2026 21:01:52,sim
1,04/10/2026,6257,Presidente,1,municipio,RJ,58289,3304755,SÃO FRANCISCO DE ITABAPOANA,,,,,PARTIDO NOVO,i,NOVO,0,30,NOVO,PARTIDO NOVO,,30,280002539826,ROMEU ZEMA NETO,ZEMA,28/10/1964,6,Válido,nao,,28,0.10,0.098870056,LUIS EDUARDO GRANGEIRO GIRÃO,EDUARDO GIRÃO,NOVO,v,,,,,04/10/2026 21:01:52,sim
1,04/10/2026,6257,Presidente,1,municipio,RJ,58289,3304755,SÃO FRANCISCO DE ITABAPOANA,,,,,UNIDADE POPULAR,i,UP,0,80,UP,UNIDADE POPULAR,,80,280002538811,SAMARA MARTINS DA SILVA FEITOSA,SAMARA,31/08/1987,7,Válido,nao,,10,0.04,0.035310734,RAQUEL NONATO DE BRICIO,RAQUEL BRÍCIO,UP,v,,,,,04/10/2026 21:01:52,sim
1,04/10/2026,6257,Presidente,1,municipio,RJ,58289,3304755,SÃO FRANCISCO DE ITABAPOANA,,,,,DEMOCRATA,i,DEMOCRATA,0,35,DEMOCRATA,DEMOCRATA,,35,280002548139,WILSON GRASSI JUNIOR,VETERINÁRIO WILSON GRASSI,13/03/1970,11,Válido,nao,,0,0.00,0,SUÊD HAIDAR NOGUEIRA,SUÊD HAIDAR,DEMOCRATA,v,,,,,04/10/2026 21:01:52,sim
1,04/10/2026,6257,Presidente,1,municipio,RJ,58289,3304755,SÃO FRANCISCO DE ITABAPOANA,,,,,PARTIDO MISSÃO,i,MISSÃO,0,14,MISSÃO,PARTIDO MISSÃO,,14,280002540694,RENAN ANTONIO FERREIRA DOS SANTOS,RENAN SANTOS,14/02/1984,4,Válido,nao,,334,1.18,1.179378531,AROLDO MEDINA,CORONEL MEDINA,MISSÃO,v,,,,,04/10/2026 21:01:52,sim
1,04/10/2026,6257,Presidente,1,municipio,RJ,58289,3304755,SÃO FRANCISCO DE ITABAPOANA,,,,,PARTIDO DA CAUSA OPERÁRIA,i,PCO,0,29,PCO,PARTIDO DA CAUSA OPERÁRIA,,29,280002552487,RUI COSTA PIMENTA,RUI COSTA PIMENTA,25/06/1957,12,Válido,nao,,1,0.01,0.003531073,ANTONIO CARLOS SILVA,ANTÔNIO CARLOS,PCO,v,,,,,04/10/2026 21:01:52,sim
1,04/10/2026,6257,Presidente,1,municipio,RJ,58297,3301504,CORDEIRO,,,,,PARTIDO LIBERAL,i,PL,0,22,PL,PARTIDO LIBERAL,,22,280002551544,FLAVIO NANTES BOLSONARO,FLAVIO BOLSONARO,30/04/1981,1,Válido,nao,,7210,53.44,53.443036098,ALFREDO GASPAR DE MENDONÇA NETO,ALFREDO GASPAR,PL,v,,,,,04/10/2026 19:02:29,sim
1,04/10/2026,6257,Presidente,1,municipio,RJ,58297,3301504,CORDEIRO,,,,,PARTIDO SOCIAL DEMOCRÁTICO,i,PSD,0,55,PSD,PARTIDO SOCIAL DEMOCRÁTICO,,55,280002551932,RONALDO RAMOS CAIADO,RONALDO CAIADO,25/09/1949,4,Válido,nao,,248,1.84,1.838262545,GILBERTO KASSAB,GILBERTO KASSAB,PSD,v,,,,,04/10/2026 19:02:29,sim
1,04/10/2026,6257,Presidente,1,municipio,RJ,58297,3301504,CORDEIRO,,PT/PC do B/PV,FEDERAÇÃO BRASIL DA ESPERANÇA - FE BRASIL,PT/PC do B/PV,BRASIL PRONTO PRA MAIS,c,PSB / PDT / PCDOB / PT / PV / PSOL / REDE,,13,PT,PARTIDO DOS TRABALHADORES,101,13,280002542548,LUIZ INÁCIO LULA DA SILVA,LULA,06/10/1945,2,Válido,nao,,5304,39.32,39.315098955,GERALDO JOSE RODRIGUES ALCKMIN FILHO,GERALDO ALCKMIN,PSB,v,,,,,04/10/2026 19:02:29,sim
1,04/10/2026,6257,Presidente,1,municipio,RJ,58297,3301504,CORDEIRO,,,,,DEMOCRACIA CRISTÃ,i,DC,0,27,DC,DEMOCRACIA CRISTÃ,,27,280002552484,CLARIANA ZACARKIM BARAO,CLARIANA BARAO,03/04/1987,9,Válido,nao,,3,0.02,0.022237047,FABIANA CRISTINA TAVARES TORQUATO,FABIANA TORQUATO,DC,v,,,,,04/10/2026 19:02:29,sim
1,04/10/2026,6257,Presidente,1,municipio,RJ,58297,3301504,CORDEIRO,,,,,PARTIDO COMUNISTA BRASILEIRO,i,PCB,0,21,PCB,PARTIDO COMUNISTA BRASILEIRO,,21,280002551975,EDMILSON SILVA COSTA,EDMILSON COSTA,08/04/1950,10,Válido,nao,,0,0.00,0,CLEUSA DOS SANTOS,CLEUSA SANTOS,PCB,v,,,,,04/10/2026 19:02:29,sim
1,04/10/2026,6257,Presidente,1,municipio,RJ,58297,3301504,CORDEIRO,,,,,PARTIDO SOCIALISTA  DOS TRABALHADORES UNIFICADO,i,PSTU,0,16,PSTU,PARTIDO SOCIALISTA  DOS TRABALHADORES UNIFICADO,,16,280002541457,HERTZ DA CONCEICAO DIAS,HERTZ DIAS,20/10/1970,8,Válido,nao,,1,0.01,0.007412349,VANESSA PORTUGAL BARBOSA,VANESSA PORTUGAL,PSTU,v,,,,,04/10/2026 19:02:29,sim
1,04/10/2026,6257,Presidente,1,municipio,RJ,58297,3301504,CORDEIRO,,,,,BRASIL DOS NOSSOS SONHOS,c,AGIR / AVANTE,,70,AVANTE,AVANTE,,70,280002551547,AUGUSTO JORGE CURY,ESCRITOR AUGUSTO CURY,02/10/1958,3,Válido,nao,,437,3.24,3.239196501,JULIO CESAR DELGADO,JÚLIO DELGADO,AVANTE,v,,,,,04/10/2026 19:02:29,sim
1,04/10/2026,6257,Presidente,1,municipio,RJ,58297,3301504,CORDEIRO,,,,,PARTIDO NOVO,i,NOVO,0,30,NOVO,PARTIDO NOVO,,30,280002539826,ROMEU ZEMA NETO,ZEMA,28/10/1964,6,Válido,nao,,35,0.26,0.259432214,LUIS EDUARDO GRANGEIRO GIRÃO,EDUARDO GIRÃO,NOVO,v,,,,,04/10/2026 19:02:29,sim
1,04/10/2026,6257,Presidente,1,municipio,RJ,58297,3301504,CORDEIRO,,,,,UNIDADE POPULAR,i,UP,0,80,UP,UNIDADE POPULAR,,80,280002538811,SAMARA MARTINS DA SILVA FEITOSA,SAMARA,31/08/1987,7,Válido,nao,,12,0.09,0.088948188,RAQUEL NONATO DE BRICIO,RAQUEL BRÍCIO,UP,v,,,,,04/10/2026 19:02:29,sim
1,04/10/2026,6257,Presidente,1,municipio,RJ,58297,3301504,CORDEIRO,,,,,DEMOCRATA,i,DEMOCRATA,0,35,DEMOCRATA,DEMOCRATA,,35,280002548139,WILSON GRASSI JUNIOR,VETERINÁRIO WILSON GRASSI,13/03/1970,11,Válido,nao,,3,0.02,0.022237047,SUÊD HAIDAR NOGUEIRA,SUÊD HAIDAR,DEMOCRATA,v,,,,,04/10/2026 19:02:29,sim
1,04/10/2026,6257,Presidente,1,municipio,RJ,58297,3301504,CORDEIRO,,,,,PARTIDO MISSÃO,i,MISSÃO,0,14,MISSÃO,PARTIDO MISSÃO,,14,280002540694,RENAN ANTONIO FERREIRA DOS SANTOS,RENAN SANTOS,14/02/1984,5,Válido,nao,,237,1.76,1.756726707,AROLDO MEDINA,CORONEL MEDINA,MISSÃO,v,,,,,04/10/2026 19:02:29,sim
1,04/10/2026,6257,Presidente,1,municipio,RJ,58297,3301504,CORDEIRO,,,,,PARTIDO DA CAUSA OPERÁRIA,i,PCO,0,29,PCO,PARTIDO DA CAUSA OPERÁRIA,,29,280002552487,RUI COSTA PIMENTA,RUI COSTA PIMENTA,25/06/1957,12,Válido,nao,,1,0.01,0.007412349,ANTONIO CARLOS SILVA,ANTÔNIO CARLOS,PCO,v,,,,,04/10/2026 19:02:29,sim
1,04/10/2026,6257,Presidente,1,municipio,RJ,58300,3300936,CARAPEBUS,,,,,PARTIDO LIBERAL,i,PL,0,22,PL,PARTIDO LIBERAL,,22,280002551544,FLAVIO NANTES BOLSONARO,FLAVIO BOLSONARO,30/04/1981,1,Válido,nao,,6124,57.83,57.833600907,ALFREDO GASPAR DE MENDONÇA NETO,ALFREDO GASPAR,PL,v,,,,,04/10/2026 19:09:45,sim
1,04/10/2026,6257,Presidente,1,municipio,RJ,58300,3300936,CARAPEBUS,,,,,PARTIDO SOCIAL DEMOCRÁTICO,i,PSD,0,55,PSD,PARTIDO SOCIAL DEMOCRÁTICO,,55,280002551932,RONALDO RAMOS CAIADO,RONALDO CAIADO,25/09/1949,5,Válido,nao,,141,1.33,1.331570498,GILBERTO KASSAB,GILBERTO KASSAB,PSD,v,,,,,04/10/2026 19:09:45,sim
1,04/10/2026,6257,Presidente,1,municipio,RJ,58300,3300936,CARAPEBUS,,PT/PC do B/PV,FEDERAÇÃO BRASIL DA ESPERANÇA - FE BRASIL,PT/PC do B/PV,BRASIL PRONTO PRA MAIS,c,PSB / PDT / PCDOB / PT / PV / PSOL / REDE,,13,PT,PARTIDO DOS TRABALHADORES,101,13,280002542548,LUIZ INÁCIO LULA DA SILVA,LULA,06/10/1945,2,Válido,nao,,3896,36.79,36.792898291,GERALDO JOSE RODRIGUES ALCKMIN FILHO,GERALDO ALCKMIN,PSB,v,,,,,04/10/2026 19:09:45,sim
1,04/10/2026,6257,Presidente,1,municipio,RJ,58300,3300936,CARAPEBUS,,,,,DEMOCRACIA CRISTÃ,i,DC,0,27,DC,DEMOCRACIA CRISTÃ,,27,280002552484,CLARIANA ZACARKIM BARAO,CLARIANA BARAO,03/04/1987,9,Válido,nao,,1,0.01,0.009443762,FABIANA CRISTINA TAVARES TORQUATO,FABIANA TORQUATO,DC,v,,,,,04/10/2026 19:09:45,sim
1,04/10/2026,6257,Presidente,1,municipio,RJ,58300,3300936,CARAPEBUS,,,,,PARTIDO COMUNISTA BRASILEIRO,i,PCB,0,21,PCB,PARTIDO COMUNISTA BRASILEIRO,,21,280002551975,EDMILSON SILVA COSTA,EDMILSON COSTA,08/04/1950,10,Válido,nao,,3,0.03,0.028331287,CLEUSA DOS SANTOS,CLEUSA SANTOS,PCB,v,,,,,04/10/2026 19:09:45,sim
1,04/10/2026,6257,Presidente,1,municipio,RJ,58300,3300936,CARAPEBUS,,,,,PARTIDO SOCIALISTA  DOS TRABALHADORES UNIFICADO,i,PSTU,0,16,PSTU,PARTIDO SOCIALISTA  DOS TRABALHADORES UNIFICADO,,16,280002541457,HERTZ DA CONCEICAO DIAS,HERTZ DIAS,20/10/1970,8,Válido,nao,,1,0.01,0.009443762,VANESSA PORTUGAL BARBOSA,VANESSA PORTUGAL,PSTU,v,,,,,04/10/2026 19:09:45,sim
1,04/10/2026,6257,Presidente,1,municipio,RJ,58300,3300936,CARAPEBUS,,,,,BRASIL DOS NOSSOS SONHOS,c,AGIR / AVANTE,,70,AVANTE,AVANTE,,70,280002551547,AUGUSTO JORGE CURY,ESCRITOR AUGUSTO CURY,02/10/1958,3,Válido,nao,,251,2.37,2.370384361,JULIO CESAR DELGADO,JÚLIO DELGADO,AVANTE,v,,,,,04/10/2026 19:09:45,sim
1,04/10/2026,6257,Presidente,1,municipio,RJ,58300,3300936,CARAPEBUS,,,,,PARTIDO NOVO,i,NOVO,0,30,NOVO,PARTIDO NOVO,,30,280002539826,ROMEU ZEMA NETO,ZEMA,28/10/1964,6,Válido,nao,,3,0.03,0.028331287,LUIS EDUARDO GRANGEIRO GIRÃO,EDUARDO GIRÃO,NOVO,v,,,,,04/10/2026 19:09:45,sim
1,04/10/2026,6257,Presidente,1,municipio,RJ,58300,3300936,CARAPEBUS,,,,,UNIDADE POPULAR,i,UP,0,80,UP,UNIDADE POPULAR,,80,280002538811,SAMARA MARTINS DA SILVA FEITOSA,SAMARA,31/08/1987,7,Válido,nao,,8,0.08,0.075550099,RAQUEL NONATO DE BRICIO,RAQUEL BRÍCIO,UP,v,,,,,04/10/2026 19:09:45,sim
1,04/10/2026,6257,Presidente,1,municipio,RJ,58300,3300936,CARAPEBUS,,,,,DEMOCRATA,i,DEMOCRATA,0,35,DEMOCRATA,DEMOCRATA,,35,280002548139,WILSON GRASSI JUNIOR,VETERINÁRIO WILSON GRASSI,13/03/1970,11,Válido,nao,,2,0.02,0.018887525,SUÊD HAIDAR NOGUEIRA,SUÊD HAIDAR,DEMOCRATA,v,,,,,04/10/2026 19:09:45,sim
1,04/10/2026,6257,Presidente,1,municipio,RJ,58300,3300936,CARAPEBUS,,,,,PARTIDO MISSÃO,i,MISSÃO,0,14,MISSÃO,PARTIDO MISSÃO,,14,280002540694,RENAN ANTONIO FERREIRA DOS SANTOS,RENAN SANTOS,14/02/1984,4,Válido,nao,,159,1.50,1.501558221,AROLDO MEDINA,CORONEL MEDINA,MISSÃO,v,,,,,04/10/2026 19:09:45,sim
1,04/10/2026,6257,Presidente,1,municipio,RJ,58300,3300936,CARAPEBUS,,,,,PARTIDO DA CAUSA OPERÁRIA,i,PCO,0,29,PCO,PARTIDO DA CAUSA OPERÁRIA,,29,280002552487,RUI COSTA PIMENTA,RUI COSTA PIMENTA,25/06/1957,12,Válido,nao,,0,0.00,0,ANTONIO CARLOS SILVA,ANTÔNIO CARLOS,PCO,v,,,,,04/10/2026 19:09:45,sim
1,04/10/2026,6257,Presidente,1,municipio,RJ,58319,3301603,DUAS BARRAS,,,,,PARTIDO LIBERAL,i,PL,0,22,PL,PARTIDO LIBERAL,,22,280002551544,FLAVIO NANTES BOLSONARO,FLAVIO BOLSONARO,30/04/1981,1,Válido,nao,,3919,50.18,50.179257362,ALFREDO GASPAR DE MENDONÇA NETO,ALFREDO GASPAR,PL,v,,,,,04/10/2026 19:24:39,sim
1,04/10/2026,6257,Presidente,1,municipio,RJ,58319,3301603,DUAS BARRAS,,,,,PARTIDO SOCIAL DEMOCRÁTICO,i,PSD,0,55,PSD,PARTIDO SOCIAL DEMOCRÁTICO,,55,280002551932,RONALDO RAMOS CAIADO,RONALDO CAIADO,25/09/1949,5,Válido,nao,,271,3.47,3.469910371,GILBERTO KASSAB,GILBERTO KASSAB,PSD,v,,,,,04/10/2026 19:24:39,sim
1,04/10/2026,6257,Presidente,1,municipio,RJ,58319,3301603,DUAS BARRAS,,PT/PC do B/PV,FEDERAÇÃO BRASIL DA ESPERANÇA - FE BRASIL,PT/PC do B/PV,BRASIL PRONTO PRA MAIS,c,PSB / PDT / PCDOB / PT / PV / PSOL / REDE,,13,PT,PARTIDO DOS TRABALHADORES,101,13,280002542548,LUIZ INÁCIO LULA DA SILVA,LULA,06/10/1945,2,Válido,nao,,3249,41.60,41.600512164,GERALDO JOSE RODRIGUES ALCKMIN FILHO,GERALDO ALCKMIN,PSB,v,,,,,04/10/2026 19:24:39,sim
1,04/10/2026,6257,Presidente,1,municipio,RJ,58319,3301603,DUAS BARRAS,,,,,PARTIDO SOCIALISTA  DOS TRABALHADORES UNIFICADO,i,PSTU,0,16,PSTU,PARTIDO SOCIALISTA  DOS TRABALHADORES UNIFICADO,,16,280002541457,HERTZ DA CONCEICAO DIAS,HERTZ DIAS,20/10/1970,8,Válido,nao,,0,0.00,0,VANESSA PORTUGAL BARBOSA,VANESSA PORTUGAL,PSTU,v,,,,,04/10/2026 19:24:39,sim
1,04/10/2026,6257,Presidente,1,municipio,RJ,58319,3301603,DUAS BARRAS,,,,,PARTIDO COMUNISTA BRASILEIRO,i,PCB,0,21,PCB,PARTIDO COMUNISTA BRASILEIRO,,21,280002551975,EDMILSON SILVA COSTA,EDMILSON COSTA,08/04/1950,10,Válido,nao,,1,0.01,0.012804097,CLEUSA DOS SANTOS,CLEUSA SANTOS,PCB,v,,,,,04/10/2026 19:24:39,sim
1,04/10/2026,6257,Presidente,1,municipio,RJ,58319,3301603,DUAS BARRAS,,,,,DEMOCRACIA CRISTÃ,i,DC,0,27,DC,DEMOCRACIA CRISTÃ,,27,280002552484,CLARIANA ZACARKIM BARAO,CLARIANA BARAO,03/04/1987,9,Válido,nao,,1,0.01,0.012804097,FABIANA CRISTINA TAVARES TORQUATO,FABIANA TORQUATO,DC,v,,,,,04/10/2026 19:24:39,sim
1,04/10/2026,6257,Presidente,1,municipio,RJ,58319,3301603,DUAS BARRAS,,,,,PARTIDO NOVO,i,NOVO,0,30,NOVO,PARTIDO NOVO,,30,280002539826,ROMEU ZEMA NETO,ZEMA,28/10/1964,6,Válido,nao,,28,0.36,0.358514725,LUIS EDUARDO GRANGEIRO GIRÃO,EDUARDO GIRÃO,NOVO,v,,,,,04/10/2026 19:24:39,sim
1,04/10/2026,6257,Presidente,1,municipio,RJ,58319,3301603,DUAS BARRAS,,,,,BRASIL DOS NOSSOS SONHOS,c,AGIR / AVANTE,,70,AVANTE,AVANTE,,70,280002551547,AUGUSTO JORGE CURY,ESCRITOR AUGUSTO CURY,02/10/1958,3,Válido,nao,,197,2.52,2.522407170,JULIO CESAR DELGADO,JÚLIO DELGADO,AVANTE,v,,,,,04/10/2026 19:24:39,sim
1,04/10/2026,6257,Presidente,1,municipio,RJ,58319,3301603,DUAS BARRAS,,,,,DEMOCRATA,i,DEMOCRATA,0,35,DEMOCRATA,DEMOCRATA,,35,280002548139,WILSON GRASSI JUNIOR,VETERINÁRIO WILSON GRASSI,13/03/1970,11,Válido,nao,,2,0.03,0.025608195,SUÊD HAIDAR NOGUEIRA,SUÊD HAIDAR,DEMOCRATA,v,,,,,04/10/2026 19:24:39,sim
1,04/10/2026,6257,Presidente,1,municipio,RJ,58319,3301603,DUAS BARRAS,,,,,UNIDADE POPULAR,i,UP,0,80,UP,UNIDADE POPULAR,,80,280002538811,SAMARA MARTINS DA SILVA FEITOSA,SAMARA,31/08/1987,7,Válido,nao,,6,0.08,0.076824584,RAQUEL NONATO DE BRICIO,RAQUEL BRÍCIO,UP,v,,,,,04/10/2026 19:24:39,sim
1,04/10/2026,6257,Presidente,1,municipio,RJ,58319,3301603,DUAS BARRAS,,,,,PARTIDO MISSÃO,i,MISSÃO,0,14,MISSÃO,PARTIDO MISSÃO,,14,280002540694,RENAN ANTONIO FERREIRA DOS SANTOS,RENAN SANTOS,14/02/1984,4,Válido,nao,,134,1.72,1.715749040,AROLDO MEDINA,CORONEL MEDINA,MISSÃO,v,,,,,04/10/2026 19:24:39,sim
1,04/10/2026,6257,Presidente,1,municipio,RJ,58319,3301603,DUAS BARRAS,,,,,PARTIDO DA CAUSA OPERÁRIA,i,PCO,0,29,PCO,PARTIDO DA CAUSA OPERÁRIA,,29,280002552487,RUI COSTA PIMENTA,RUI COSTA PIMENTA,25/06/1957,12,Válido,nao,,2,0.03,0.025608195,ANTONIO CARLOS SILVA,ANTÔNIO CARLOS,PCO,v,,,,,04/10/2026 19:24:39,sim
1,04/10/2026,6257,Presidente,1,municipio,RJ,58327,3304110,PORTO REAL,,,,,PARTIDO LIBERAL,i,PL,0,22,PL,PARTIDO LIBERAL,,22,280002551544,FLAVIO NANTES BOLSONARO,FLAVIO BOLSONARO,30/04/1981,1,Válido,nao,,8172,57.23,57.234906850,ALFREDO GASPAR DE MENDONÇA NETO,ALFREDO GASPAR,PL,v,,,,,04/10/2026 19:25:43,sim
1,04/10/2026,6257,Presidente,1,municipio,RJ,58327,3304110,PORTO REAL,,,,,PARTIDO SOCIAL DEMOCRÁTICO,i,PSD,0,55,PSD,PARTIDO SOCIAL DEMOCRÁTICO,,55,280002551932,RONALDO RAMOS CAIADO,RONALDO CAIADO,25/09/1949,5,Válido,nao,,273,1.91,1.912032498,GILBERTO KASSAB,GILBERTO KASSAB,PSD,v,,,,,04/10/2026 19:25:43,sim
1,04/10/2026,6257,Presidente,1,municipio,RJ,58327,3304110,PORTO REAL,,PT/PC do B/PV,FEDERAÇÃO BRASIL DA ESPERANÇA - FE BRASIL,PT/PC do B/PV,BRASIL PRONTO PRA MAIS,c,PSB / PDT / PCDOB / PT / PV / PSOL / REDE,,13,PT,PARTIDO DOS TRABALHADORES,101,13,280002542548,LUIZ INÁCIO LULA DA SILVA,LULA,06/10/1945,2,Válido,nao,,5071,35.52,35.516178737,GERALDO JOSE RODRIGUES ALCKMIN FILHO,GERALDO ALCKMIN,PSB,v,,,,,04/10/2026 19:25:43,sim
1,04/10/2026,6257,Presidente,1,municipio,RJ,58327,3304110,PORTO REAL,,,,,PARTIDO SOCIALISTA  DOS TRABALHADORES UNIFICADO,i,PSTU,0,16,PSTU,PARTIDO SOCIALISTA  DOS TRABALHADORES UNIFICADO,,16,280002541457,HERTZ DA CONCEICAO DIAS,HERTZ DIAS,20/10/1970,8,Válido,nao,,8,0.06,0.056030256,VANESSA PORTUGAL BARBOSA,VANESSA PORTUGAL,PSTU,v,,,,,04/10/2026 19:25:43,sim
1,04/10/2026,6257,Presidente,1,municipio,RJ,58327,3304110,PORTO REAL,,,,,PARTIDO COMUNISTA BRASILEIRO,i,PCB,0,21,PCB,PARTIDO COMUNISTA BRASILEIRO,,21,280002551975,EDMILSON SILVA COSTA,EDMILSON COSTA,08/04/1950,10,Válido,nao,,6,0.04,0.042022692,CLEUSA DOS SANTOS,CLEUSA SANTOS,PCB,v,,,,,04/10/2026 19:25:43,sim
1,04/10/2026,6257,Presidente,1,municipio,RJ,58327,3304110,PORTO REAL,,,,,DEMOCRACIA CRISTÃ,i,DC,0,27,DC,DEMOCRACIA CRISTÃ,,27,280002552484,CLARIANA ZACARKIM BARAO,CLARIANA BARAO,03/04/1987,9,Válido,nao,,7,0.05,0.049026474,FABIANA CRISTINA TAVARES TORQUATO,FABIANA TORQUATO,DC,v,,,,,04/10/2026 19:25:43,sim
1,04/10/2026,6257,Presidente,1,municipio,RJ,58327,3304110,PORTO REAL,,,,,PARTIDO NOVO,i,NOVO,0,30,NOVO,PARTIDO NOVO,,30,280002539826,ROMEU ZEMA NETO,ZEMA,28/10/1964,6,Válido,nao,,24,0.17,0.168090769,LUIS EDUARDO GRANGEIRO GIRÃO,EDUARDO GIRÃO,NOVO,v,,,,,04/10/2026 19:25:43,sim
1,04/10/2026,6257,Presidente,1,municipio,RJ,58327,3304110,PORTO REAL,,,,,BRASIL DOS NOSSOS SONHOS,c,AGIR / AVANTE,,70,AVANTE,AVANTE,,70,280002551547,AUGUSTO JORGE CURY,ESCRITOR AUGUSTO CURY,02/10/1958,3,Válido,nao,,409,2.86,2.864546855,JULIO CESAR DELGADO,JÚLIO DELGADO,AVANTE,v,,,,,04/10/2026 19:25:43,sim
1,04/10/2026,6257,Presidente,1,municipio,RJ,58327,3304110,PORTO REAL,,,,,DEMOCRATA,i,DEMOCRATA,0,35,DEMOCRATA,DEMOCRATA,,35,280002548139,WILSON GRASSI JUNIOR,VETERINÁRIO WILSON GRASSI,13/03/1970,11,Válido,nao,,1,0.01,0.007003782,SUÊD HAIDAR NOGUEIRA,SUÊD HAIDAR,DEMOCRATA,v,,,,,04/10/2026 19:25:43,sim
1,04/10/2026,6257,Presidente,1,municipio,RJ,58327,3304110,PORTO REAL,,,,,UNIDADE POPULAR,i,UP,0,80,UP,UNIDADE POPULAR,,80,280002538811,SAMARA MARTINS DA SILVA FEITOSA,SAMARA,31/08/1987,7,Válido,nao,,11,0.08,0.077041602,RAQUEL NONATO DE BRICIO,RAQUEL BRÍCIO,UP,v,,,,,04/10/2026 19:25:43,sim
1,04/10/2026,6257,Presidente,1,municipio,RJ,58327,3304110,PORTO REAL,,,,,PARTIDO MISSÃO,i,MISSÃO,0,14,MISSÃO,PARTIDO MISSÃO,,14,280002540694,RENAN ANTONIO FERREIRA DOS SANTOS,RENAN SANTOS,14/02/1984,4,Válido,nao,,294,2.06,2.059111920,AROLDO MEDINA,CORONEL MEDINA,MISSÃO,v,,,,,04/10/2026 19:25:43,sim
1,04/10/2026,6257,Presidente,1,municipio,RJ,58327,3304110,PORTO REAL,,,,,PARTIDO DA CAUSA OPERÁRIA,i,PCO,0,29,PCO,PARTIDO DA CAUSA OPERÁRIA,,29,280002552487,RUI COSTA PIMENTA,RUI COSTA PIMENTA,25/06/1957,12,Válido,nao,,2,0.01,0.014007564,ANTONIO CARLOS SILVA,ANTÔNIO CARLOS,PCO,v,,,,,04/10/2026 19:25:43,sim
1,04/10/2026,6257,Presidente,1,municipio,RJ,58335,3301702,DUQUE DE CAXIAS,,,,,PARTIDO LIBERAL,i,PL,0,22,PL,PARTIDO LIBERAL,,22,280002551544,FLAVIO NANTES BOLSONARO,FLAVIO BOLSONARO,30/04/1981,1,Válido,nao,,274289,55.81,55.812642691,ALFREDO GASPAR DE MENDONÇA NETO,ALFREDO GASPAR,PL,v,,,,,04/10/2026 21:01:31,sim
1,04/10/2026,6257,Presidente,1,municipio,RJ,58335,3301702,DUQUE DE CAXIAS,,,,,PARTIDO SOCIAL DEMOCRÁTICO,i,PSD,0,55,PSD,PARTIDO SOCIAL DEMOCRÁTICO,,55,280002551932,RONALDO RAMOS CAIADO,RONALDO CAIADO,25/09/1949,5,Válido,nao,,9479,1.93,1.928797874,GILBERTO KASSAB,GILBERTO KASSAB,PSD,v,,,,,04/10/2026 21:01:31,sim
1,04/10/2026,6257,Presidente,1,municipio,RJ,58335,3301702,DUQUE DE CAXIAS,,PT/PC do B/PV,FEDERAÇÃO BRASIL DA ESPERANÇA - FE BRASIL,PT/PC do B/PV,BRASIL PRONTO PRA MAIS,c,PSB / PDT / PCDOB / PT / PV / PSOL / REDE,,13,PT,PARTIDO DOS TRABALHADORES,101,13,280002542548,LUIZ INÁCIO LULA DA SILVA,LULA,06/10/1945,2,Válido,nao,,183125,37.26,37.262486621,GERALDO JOSE RODRIGUES ALCKMIN FILHO,GERALDO ALCKMIN,PSB,v,,,,,04/10/2026 21:01:31,sim
1,04/10/2026,6257,Presidente,1,municipio,RJ,58335,3301702,DUQUE DE CAXIAS,,,,,DEMOCRACIA CRISTÃ,i,DC,0,27,DC,DEMOCRACIA CRISTÃ,,27,280002552484,CLARIANA ZACARKIM BARAO,CLARIANA BARAO,03/04/1987,9,Válido,nao,,259,0.05,0.052701619,FABIANA CRISTINA TAVARES TORQUATO,FABIANA TORQUATO,DC,v,,,,,04/10/2026 21:01:31,sim
1,04/10/2026,6257,Presidente,1,municipio,RJ,58335,3301702,DUQUE DE CAXIAS,,,,,PARTIDO COMUNISTA BRASILEIRO,i,PCB,0,21,PCB,PARTIDO COMUNISTA BRASILEIRO,,21,280002551975,EDMILSON SILVA COSTA,EDMILSON COSTA,08/04/1950,10,Válido,nao,,133,0.03,0.027062994,CLEUSA DOS SANTOS,CLEUSA SANTOS,PCB,v,,,,,04/10/2026 21:01:31,sim
1,04/10/2026,6257,Presidente,1,municipio,RJ,58335,3301702,DUQUE DE CAXIAS,,,,,PARTIDO SOCIALISTA  DOS TRABALHADORES UNIFICADO,i,PSTU,0,16,PSTU,PARTIDO SOCIALISTA  DOS TRABALHADORES UNIFICADO,,16,280002541457,HERTZ DA CONCEICAO DIAS,HERTZ DIAS,20/10/1970,8,Válido,nao,,212,0.04,0.043138005,VANESSA PORTUGAL BARBOSA,VANESSA PORTUGAL,PSTU,v,,,,,04/10/2026 21:01:31,sim
1,04/10/2026,6257,Presidente,1,municipio,RJ,58335,3301702,DUQUE DE CAXIAS,,,,,BRASIL DOS NOSSOS SONHOS,c,AGIR / AVANTE,,70,AVANTE,AVANTE,,70,280002551547,AUGUSTO JORGE CURY,ESCRITOR AUGUSTO CURY,02/10/1958,3,Válido,nao,,12012,2.44,2.444215641,JULIO CESAR DELGADO,JÚLIO DELGADO,AVANTE,v,,,,,04/10/2026 21:01:31,sim
1,04/10/2026,6257,Presidente,1,municipio,RJ,58335,3301702,DUQUE DE CAXIAS,,,,,PARTIDO NOVO,i,NOVO,0,30,NOVO,PARTIDO NOVO,,30,280002539826,ROMEU ZEMA NETO,ZEMA,28/10/1964,6,Válido,nao,,687,0.14,0.139791554,LUIS EDUARDO GRANGEIRO GIRÃO,EDUARDO GIRÃO,NOVO,v,,,,,04/10/2026 21:01:31,sim
1,04/10/2026,6257,Presidente,1,municipio,RJ,58335,3301702,DUQUE DE CAXIAS,,,,,UNIDADE POPULAR,i,UP,0,80,UP,UNIDADE POPULAR,,80,280002538811,SAMARA MARTINS DA SILVA FEITOSA,SAMARA,31/08/1987,7,Válido,nao,,741,0.15,0.150779536,RAQUEL NONATO DE BRICIO,RAQUEL BRÍCIO,UP,v,,,,,04/10/2026 21:01:31,sim
1,04/10/2026,6257,Presidente,1,municipio,RJ,58335,3301702,DUQUE DE CAXIAS,,,,,DEMOCRATA,i,DEMOCRATA,0,35,DEMOCRATA,DEMOCRATA,,35,280002548139,WILSON GRASSI JUNIOR,VETERINÁRIO WILSON GRASSI,13/03/1970,11,Válido,nao,,90,0.02,0.018313304,SUÊD HAIDAR NOGUEIRA,SUÊD HAIDAR,DEMOCRATA,v,,,,,04/10/2026 21:01:31,sim
1,04/10/2026,6257,Presidente,1,municipio,RJ,58335,3301702,DUQUE DE CAXIAS,,,,,PARTIDO MISSÃO,i,MISSÃO,0,14,MISSÃO,PARTIDO MISSÃO,,14,280002540694,RENAN ANTONIO FERREIRA DOS SANTOS,RENAN SANTOS,14/02/1984,4,Válido,nao,,10367,2.11,2.109489140,AROLDO MEDINA,CORONEL MEDINA,MISSÃO,v,,,,,04/10/2026 21:01:31,sim
1,04/10/2026,6257,Presidente,1,municipio,RJ,58335,3301702,DUQUE DE CAXIAS,,,,,PARTIDO DA CAUSA OPERÁRIA,i,PCO,0,29,PCO,PARTIDO DA CAUSA OPERÁRIA,,29,280002552487,RUI COSTA PIMENTA,RUI COSTA PIMENTA,25/06/1957,12,Válido,nao,,52,0.01,0.010581020,ANTONIO CARLOS SILVA,ANTÔNIO CARLOS,PCO,v,,,,,04/10/2026 21:01:31,sim
1,04/10/2026,6257,Presidente,1,municipio,RJ,58343,3305133,SÃO JOSÉ DE UBÁ,,,,,PARTIDO LIBERAL,i,PL,0,22,PL,PARTIDO LIBERAL,,22,280002551544,FLAVIO NANTES BOLSONARO,FLAVIO BOLSONARO,30/04/1981,1,Válido,nao,,3697,63.12,63.121051733,ALFREDO GASPAR DE MENDONÇA NETO,ALFREDO GASPAR,PL,v,,,,,04/10/2026 20:55:26,sim
1,04/10/2026,6257,Presidente,1,municipio,RJ,58343,3305133,SÃO JOSÉ DE UBÁ,,,,,PARTIDO SOCIAL DEMOCRÁTICO,i,PSD,0,55,PSD,PARTIDO SOCIAL DEMOCRÁTICO,,55,280002551932,RONALDO RAMOS CAIADO,RONALDO CAIADO,25/09/1949,5,Válido,nao,,102,1.74,1.741505890,GILBERTO KASSAB,GILBERTO KASSAB,PSD,v,,,,,04/10/2026 20:55:26,sim
1,04/10/2026,6257,Presidente,1,municipio,RJ,58343,3305133,SÃO JOSÉ DE UBÁ,,PT/PC do B/PV,FEDERAÇÃO BRASIL DA ESPERANÇA - FE BRASIL,PT/PC do B/PV,BRASIL PRONTO PRA MAIS,c,PSB / PDT / PCDOB / PT / PV / PSOL / REDE,,13,PT,PARTIDO DOS TRABALHADORES,101,13,280002542548,LUIZ INÁCIO LULA DA SILVA,LULA,06/10/1945,2,Válido,nao,,1881,32.12,32.115417449,GERALDO JOSE RODRIGUES ALCKMIN FILHO,GERALDO ALCKMIN,PSB,v,,,,,04/10/2026 20:55:26,sim
1,04/10/2026,6257,Presidente,1,municipio,RJ,58343,3305133,SÃO JOSÉ DE UBÁ,,,,,DEMOCRACIA CRISTÃ,i,DC,0,27,DC,DEMOCRACIA CRISTÃ,,27,280002552484,CLARIANA ZACARKIM BARAO,CLARIANA BARAO,03/04/1987,9,Válido,nao,,2,0.03,0.034147174,FABIANA CRISTINA TAVARES TORQUATO,FABIANA TORQUATO,DC,v,,,,,04/10/2026 20:55:26,sim
1,04/10/2026,6257,Presidente,1,municipio,RJ,58343,3305133,SÃO JOSÉ DE UBÁ,,,,,PARTIDO COMUNISTA BRASILEIRO,i,PCB,0,21,PCB,PARTIDO COMUNISTA BRASILEIRO,,21,280002551975,EDMILSON SILVA COSTA,EDMILSON COSTA,08/04/1950,10,Válido,nao,,0,0.00,0,CLEUSA DOS SANTOS,CLEUSA SANTOS,PCB,v,,,,,04/10/2026 20:55:26,sim
1,04/10/2026,6257,Presidente,1,municipio,RJ,58343,3305133,SÃO JOSÉ DE UBÁ,,,,,PARTIDO SOCIALISTA  DOS TRABALHADORES UNIFICADO,i,PSTU,0,16,PSTU,PARTIDO SOCIALISTA  DOS TRABALHADORES UNIFICADO,,16,280002541457,HERTZ DA CONCEICAO DIAS,HERTZ DIAS,20/10/1970,8,Válido,nao,,2,0.03,0.034147174,VANESSA PORTUGAL BARBOSA,VANESSA PORTUGAL,PSTU,v,,,,,04/10/2026 20:55:26,sim
1,04/10/2026,6257,Presidente,1,municipio,RJ,58343,3305133,SÃO JOSÉ DE UBÁ,,,,,BRASIL DOS NOSSOS SONHOS,c,AGIR / AVANTE,,70,AVANTE,AVANTE,,70,280002551547,AUGUSTO JORGE CURY,ESCRITOR AUGUSTO CURY,02/10/1958,3,Válido,nao,,92,1.57,1.570770019,JULIO CESAR DELGADO,JÚLIO DELGADO,AVANTE,v,,,,,04/10/2026 20:55:26,sim
1,04/10/2026,6257,Presidente,1,municipio,RJ,58343,3305133,SÃO JOSÉ DE UBÁ,,,,,PARTIDO NOVO,i,NOVO,0,30,NOVO,PARTIDO NOVO,,30,280002539826,ROMEU ZEMA NETO,ZEMA,28/10/1964,6,Válido,nao,,11,0.19,0.187809459,LUIS EDUARDO GRANGEIRO GIRÃO,EDUARDO GIRÃO,NOVO,v,,,,,04/10/2026 20:55:26,sim
1,04/10/2026,6257,Presidente,1,municipio,RJ,58343,3305133,SÃO JOSÉ DE UBÁ,,,,,UNIDADE POPULAR,i,UP,0,80,UP,UNIDADE POPULAR,,80,280002538811,SAMARA MARTINS DA SILVA FEITOSA,SAMARA,31/08/1987,7,Válido,nao,,4,0.07,0.068294349,RAQUEL NONATO DE BRICIO,RAQUEL BRÍCIO,UP,v,,,,,04/10/2026 20:55:26,sim
1,04/10/2026,6257,Presidente,1,municipio,RJ,58343,3305133,SÃO JOSÉ DE UBÁ,,,,,DEMOCRATA,i,DEMOCRATA,0,35,DEMOCRATA,DEMOCRATA,,35,280002548139,WILSON GRASSI JUNIOR,VETERINÁRIO WILSON GRASSI,13/03/1970,11,Válido,nao,,0,0.00,0,SUÊD HAIDAR NOGUEIRA,SUÊD HAIDAR,DEMOCRATA,v,,,,,04/10/2026 20:55:26,sim
1,04/10/2026,6257,Presidente,1,municipio,RJ,58343,3305133,SÃO JOSÉ DE UBÁ,,,,,PARTIDO MISSÃO,i,MISSÃO,0,14,MISSÃO,PARTIDO MISSÃO,,14,280002540694,RENAN ANTONIO FERREIRA DOS SANTOS,RENAN SANTOS,14/02/1984,4,Válido,nao,,66,1.13,1.126856753,AROLDO MEDINA,CORONEL MEDINA,MISSÃO,v,,,,,04/10/2026 20:55:26,sim
1,04/10/2026,6257,Presidente,1,municipio,RJ,58343,3305133,SÃO JOSÉ DE UBÁ,,,,,PARTIDO DA CAUSA OPERÁRIA,i,PCO,0,29,PCO,PARTIDO DA CAUSA OPERÁRIA,,29,280002552487,RUI COSTA PIMENTA,RUI COSTA PIMENTA,25/06/1957,12,Válido,nao,,0,0.00,0,ANTONIO CARLOS SILVA,ANTÔNIO CARLOS,PCO,v,,,,,04/10/2026 20:55:26,sim
1,04/10/2026,6257,Presidente,1,municipio,RJ,58351,3301801,ENGENHEIRO PAULO DE FRONTIN,,,,,PARTIDO LIBERAL,i,PL,0,22,PL,PARTIDO LIBERAL,,22,280002551544,FLAVIO NANTES BOLSONARO,FLAVIO BOLSONARO,30/04/1981,1,Válido,nao,,4502,51.08,51.083626461,ALFREDO GASPAR DE MENDONÇA NETO,ALFREDO GASPAR,PL,v,,,,,04/10/2026 21:16:21,sim
1,04/10/2026,6257,Presidente,1,municipio,RJ,58351,3301801,ENGENHEIRO PAULO DE FRONTIN,,,,,PARTIDO SOCIAL DEMOCRÁTICO,i,PSD,0,55,PSD,PARTIDO SOCIAL DEMOCRÁTICO,,55,280002551932,RONALDO RAMOS CAIADO,RONALDO CAIADO,25/09/1949,5,Válido,nao,,185,2.10,2.099171678,GILBERTO KASSAB,GILBERTO KASSAB,PSD,v,,,,,04/10/2026 21:16:21,sim
1,04/10/2026,6257,Presidente,1,municipio,RJ,58351,3301801,ENGENHEIRO PAULO DE FRONTIN,,PT/PC do B/PV,FEDERAÇÃO BRASIL DA ESPERANÇA - FE BRASIL,PT/PC do B/PV,BRASIL PRONTO PRA MAIS,c,PSB / PDT / PCDOB / PT / PV / PSOL / REDE,,13,PT,PARTIDO DOS TRABALHADORES,101,13,280002542548,LUIZ INÁCIO LULA DA SILVA,LULA,06/10/1945,2,Válido,nao,,3652,41.44,41.438783615,GERALDO JOSE RODRIGUES ALCKMIN FILHO,GERALDO ALCKMIN,PSB,v,,,,,04/10/2026 21:16:21,sim
1,04/10/2026,6257,Presidente,1,municipio,RJ,58351,3301801,ENGENHEIRO PAULO DE FRONTIN,,,,,DEMOCRACIA CRISTÃ,i,DC,0,27,DC,DEMOCRACIA CRISTÃ,,27,280002552484,CLARIANA ZACARKIM BARAO,CLARIANA BARAO,03/04/1987,9,Válido,nao,,10,0.11,0.113468739,FABIANA CRISTINA TAVARES TORQUATO,FABIANA TORQUATO,DC,v,,,,,04/10/2026 21:16:21,sim
1,04/10/2026,6257,Presidente,1,municipio,RJ,58351,3301801,ENGENHEIRO PAULO DE FRONTIN,,,,,PARTIDO COMUNISTA BRASILEIRO,i,PCB,0,21,PCB,PARTIDO COMUNISTA BRASILEIRO,,21,280002551975,EDMILSON SILVA COSTA,EDMILSON COSTA,08/04/1950,10,Válido,nao,,4,0.05,0.045387496,CLEUSA DOS SANTOS,CLEUSA SANTOS,PCB,v,,,,,04/10/2026 21:16:21,sim
1,04/10/2026,6257,Presidente,1,municipio,RJ,58351,3301801,ENGENHEIRO PAULO DE FRONTIN,,,,,PARTIDO SOCIALISTA  DOS TRABALHADORES UNIFICADO,i,PSTU,0,16,PSTU,PARTIDO SOCIALISTA  DOS TRABALHADORES UNIFICADO,,16,280002541457,HERTZ DA CONCEICAO DIAS,HERTZ DIAS,20/10/1970,8,Válido,nao,,4,0.05,0.045387496,VANESSA PORTUGAL BARBOSA,VANESSA PORTUGAL,PSTU,v,,,,,04/10/2026 21:16:21,sim
1,04/10/2026,6257,Presidente,1,municipio,RJ,58351,3301801,ENGENHEIRO PAULO DE FRONTIN,,,,,BRASIL DOS NOSSOS SONHOS,c,AGIR / AVANTE,,70,AVANTE,AVANTE,,70,280002551547,AUGUSTO JORGE CURY,ESCRITOR AUGUSTO CURY,02/10/1958,3,Válido,nao,,257,2.92,2.916146602,JULIO CESAR DELGADO,JÚLIO DELGADO,AVANTE,v,,,,,04/10/2026 21:16:21,sim
1,04/10/2026,6257,Presidente,1,municipio,RJ,58351,3301801,ENGENHEIRO PAULO DE FRONTIN,,,,,PARTIDO NOVO,i,NOVO,0,30,NOVO,PARTIDO NOVO,,30,280002539826,ROMEU ZEMA NETO,ZEMA,28/10/1964,6,Válido,nao,,18,0.20,0.204243731,LUIS EDUARDO GRANGEIRO GIRÃO,EDUARDO GIRÃO,NOVO,v,,,,,04/10/2026 21:16:21,sim
1,04/10/2026,6257,Presidente,1,municipio,RJ,58351,3301801,ENGENHEIRO PAULO DE FRONTIN,,,,,UNIDADE POPULAR,i,UP,0,80,UP,UNIDADE POPULAR,,80,280002538811,SAMARA MARTINS DA SILVA FEITOSA,SAMARA,31/08/1987,7,Válido,nao,,4,0.05,0.045387496,RAQUEL NONATO DE BRICIO,RAQUEL BRÍCIO,UP,v,,,,,04/10/2026 21:16:21,sim
1,04/10/2026,6257,Presidente,1,municipio,RJ,58351,3301801,ENGENHEIRO PAULO DE FRONTIN,,,,,DEMOCRATA,i,DEMOCRATA,0,35,DEMOCRATA,DEMOCRATA,,35,280002548139,WILSON GRASSI JUNIOR,VETERINÁRIO WILSON GRASSI,13/03/1970,11,Válido,nao,,5,0.06,0.056734370,SUÊD HAIDAR NOGUEIRA,SUÊD HAIDAR,DEMOCRATA,v,,,,,04/10/2026 21:16:21,sim
1,04/10/2026,6257,Presidente,1,municipio,RJ,58351,3301801,ENGENHEIRO PAULO DE FRONTIN,,,,,PARTIDO MISSÃO,i,MISSÃO,0,14,MISSÃO,PARTIDO MISSÃO,,14,280002540694,RENAN ANTONIO FERREIRA DOS SANTOS,RENAN SANTOS,14/02/1984,4,Válido,nao,,171,1.94,1.940315443,AROLDO MEDINA,CORONEL MEDINA,MISSÃO,v,,,,,04/10/2026 21:16:21,sim
1,04/10/2026,6257,Presidente,1,municipio,RJ,58351,3301801,ENGENHEIRO PAULO DE FRONTIN,,,,,PARTIDO DA CAUSA OPERÁRIA,i,PCO,0,29,PCO,PARTIDO DA CAUSA OPERÁRIA,,29,280002552487,RUI COSTA PIMENTA,RUI COSTA PIMENTA,25/06/1957,12,Válido,nao,,1,0.01,0.011346874,ANTONIO CARLOS SILVA,ANTÔNIO CARLOS,PCO,v,,,,,04/10/2026 21:16:21,sim
1,04/10/2026,6257,Presidente,1,municipio,RJ,58360,3305752,TANGUÁ,,,,,PARTIDO LIBERAL,i,PL,0,22,PL,PARTIDO LIBERAL,,22,280002551544,FLAVIO NANTES BOLSONARO,FLAVIO BOLSONARO,30/04/1981,1,Válido,nao,,11510,56.58,56.582440271,ALFREDO GASPAR DE MENDONÇA NETO,ALFREDO GASPAR,PL,v,,,,,04/10/2026 19:30:39,sim
1,04/10/2026,6257,Presidente,1,municipio,RJ,58360,3305752,TANGUÁ,,,,,PARTIDO SOCIAL DEMOCRÁTICO,i,PSD,0,55,PSD,PARTIDO SOCIAL DEMOCRÁTICO,,55,280002551932,RONALDO RAMOS CAIADO,RONALDO CAIADO,25/09/1949,5,Válido,nao,,444,2.18,2.182676236,GILBERTO KASSAB,GILBERTO KASSAB,PSD,v,,,,,04/10/2026 19:30:39,sim
1,04/10/2026,6257,Presidente,1,municipio,RJ,58360,3305752,TANGUÁ,,PT/PC do B/PV,FEDERAÇÃO BRASIL DA ESPERANÇA - FE BRASIL,PT/PC do B/PV,BRASIL PRONTO PRA MAIS,c,PSB / PDT / PCDOB / PT / PV / PSOL / REDE,,13,PT,PARTIDO DOS TRABALHADORES,101,13,280002542548,LUIZ INÁCIO LULA DA SILVA,LULA,06/10/1945,2,Válido,nao,,7530,37.02,37.017009144,GERALDO JOSE RODRIGUES ALCKMIN FILHO,GERALDO ALCKMIN,PSB,v,,,,,04/10/2026 19:30:39,sim
1,04/10/2026,6257,Presidente,1,municipio,RJ,58360,3305752,TANGUÁ,,,,,DEMOCRACIA CRISTÃ,i,DC,0,27,DC,DEMOCRACIA CRISTÃ,,27,280002552484,CLARIANA ZACARKIM BARAO,CLARIANA BARAO,03/04/1987,9,Válido,nao,,6,0.03,0.029495625,FABIANA CRISTINA TAVARES TORQUATO,FABIANA TORQUATO,DC,v,,,,,04/10/2026 19:30:39,sim
1,04/10/2026,6257,Presidente,1,municipio,RJ,58360,3305752,TANGUÁ,,,,,PARTIDO COMUNISTA BRASILEIRO,i,PCB,0,21,PCB,PARTIDO COMUNISTA BRASILEIRO,,21,280002551975,EDMILSON SILVA COSTA,EDMILSON COSTA,08/04/1950,10,Válido,nao,,5,0.02,0.024579687,CLEUSA DOS SANTOS,CLEUSA SANTOS,PCB,v,,,,,04/10/2026 19:30:39,sim
1,04/10/2026,6257,Presidente,1,municipio,RJ,58360,3305752,TANGUÁ,,,,,PARTIDO SOCIALISTA  DOS TRABALHADORES UNIFICADO,i,PSTU,0,16,PSTU,PARTIDO SOCIALISTA  DOS TRABALHADORES UNIFICADO,,16,280002541457,HERTZ DA CONCEICAO DIAS,HERTZ DIAS,20/10/1970,8,Válido,nao,,6,0.03,0.029495625,VANESSA PORTUGAL BARBOSA,VANESSA PORTUGAL,PSTU,v,,,,,04/10/2026 19:30:39,sim
1,04/10/2026,6257,Presidente,1,municipio,RJ,58360,3305752,TANGUÁ,,,,,BRASIL DOS NOSSOS SONHOS,c,AGIR / AVANTE,,70,AVANTE,AVANTE,,70,280002551547,AUGUSTO JORGE CURY,ESCRITOR AUGUSTO CURY,02/10/1958,3,Válido,nao,,500,2.46,2.457968735,JULIO CESAR DELGADO,JÚLIO DELGADO,AVANTE,v,,,,,04/10/2026 19:30:39,sim
1,04/10/2026,6257,Presidente,1,municipio,RJ,58360,3305752,TANGUÁ,,,,,PARTIDO NOVO,i,NOVO,0,30,NOVO,PARTIDO NOVO,,30,280002539826,ROMEU ZEMA NETO,ZEMA,28/10/1964,6,Válido,nao,,26,0.13,0.127814374,LUIS EDUARDO GRANGEIRO GIRÃO,EDUARDO GIRÃO,NOVO,v,,,,,04/10/2026 19:30:39,sim
1,04/10/2026,6257,Presidente,1,municipio,RJ,58360,3305752,TANGUÁ,,,,,UNIDADE POPULAR,i,UP,0,80,UP,UNIDADE POPULAR,,80,280002538811,SAMARA MARTINS DA SILVA FEITOSA,SAMARA,31/08/1987,7,Válido,nao,,14,0.07,0.068823125,RAQUEL NONATO DE BRICIO,RAQUEL BRÍCIO,UP,v,,,,,04/10/2026 19:30:39,sim
1,04/10/2026,6257,Presidente,1,municipio,RJ,58360,3305752,TANGUÁ,,,,,DEMOCRATA,i,DEMOCRATA,0,35,DEMOCRATA,DEMOCRATA,,35,280002548139,WILSON GRASSI JUNIOR,VETERINÁRIO WILSON GRASSI,13/03/1970,11,Válido,nao,,4,0.02,0.019663750,SUÊD HAIDAR NOGUEIRA,SUÊD HAIDAR,DEMOCRATA,v,,,,,04/10/2026 19:30:39,sim
1,04/10/2026,6257,Presidente,1,municipio,RJ,58360,3305752,TANGUÁ,,,,,PARTIDO MISSÃO,i,MISSÃO,0,14,MISSÃO,PARTIDO MISSÃO,,14,280002540694,RENAN ANTONIO FERREIRA DOS SANTOS,RENAN SANTOS,14/02/1984,4,Válido,nao,,296,1.46,1.455117491,AROLDO MEDINA,CORONEL MEDINA,MISSÃO,v,,,,,04/10/2026 19:30:39,sim
1,04/10/2026,6257,Presidente,1,municipio,RJ,58360,3305752,TANGUÁ,,,,,PARTIDO DA CAUSA OPERÁRIA,i,PCO,0,29,PCO,PARTIDO DA CAUSA OPERÁRIA,,29,280002552487,RUI COSTA PIMENTA,RUI COSTA PIMENTA,25/06/1957,12,Válido,nao,,1,0.01,0.004915937,ANTONIO CARLOS SILVA,ANTÔNIO CARLOS,PCO,v,,,,,04/10/2026 19:30:39,sim
1,04/10/2026,6257,Presidente,1,municipio,RJ,58378,3301900,ITABORAÍ,,,,,PARTIDO LIBERAL,i,PL,0,22,PL,PARTIDO LIBERAL,,22,280002551544,FLAVIO NANTES BOLSONARO,FLAVIO BOLSONARO,30/04/1981,1,Válido,nao,,71796,54.88,54.882775174,ALFREDO GASPAR DE MENDONÇA NETO,ALFREDO GASPAR,PL,v,,,,,04/10/2026 21:23:10,sim
1,04/10/2026,6257,Presidente,1,municipio,RJ,58378,3301900,ITABORAÍ,,,,,PARTIDO SOCIAL DEMOCRÁTICO,i,PSD,0,55,PSD,PARTIDO SOCIAL DEMOCRÁTICO,,55,280002551932,RONALDO RAMOS CAIADO,RONALDO CAIADO,25/09/1949,5,Válido,nao,,2742,2.10,2.096057852,GILBERTO KASSAB,GILBERTO KASSAB,PSD,v,,,,,04/10/2026 21:23:10,sim
1,04/10/2026,6257,Presidente,1,municipio,RJ,58378,3301900,ITABORAÍ,,PT/PC do B/PV,FEDERAÇÃO BRASIL DA ESPERANÇA - FE BRASIL,PT/PC do B/PV,BRASIL PRONTO PRA MAIS,c,PSB / PDT / PCDOB / PT / PV / PSOL / REDE,,13,PT,PARTIDO DOS TRABALHADORES,101,13,280002542548,LUIZ INÁCIO LULA DA SILVA,LULA,06/10/1945,2,Válido,nao,,49680,37.98,37.976715564,GERALDO JOSE RODRIGUES ALCKMIN FILHO,GERALDO ALCKMIN,PSB,v,,,,,04/10/2026 21:23:10,sim
1,04/10/2026,6257,Presidente,1,municipio,RJ,58378,3301900,ITABORAÍ,,,,,DEMOCRACIA CRISTÃ,i,DC,0,27,DC,DEMOCRACIA CRISTÃ,,27,280002552484,CLARIANA ZACARKIM BARAO,CLARIANA BARAO,03/04/1987,9,Válido,nao,,56,0.04,0.042807892,FABIANA CRISTINA TAVARES TORQUATO,FABIANA TORQUATO,DC,v,,,,,04/10/2026 21:23:10,sim
1,04/10/2026,6257,Presidente,1,municipio,RJ,58378,3301900,ITABORAÍ,,,,,PARTIDO COMUNISTA BRASILEIRO,i,PCB,0,21,PCB,PARTIDO COMUNISTA BRASILEIRO,,21,280002551975,EDMILSON SILVA COSTA,EDMILSON COSTA,08/04/1950,10,Válido,nao,,41,0.03,0.031341492,CLEUSA DOS SANTOS,CLEUSA SANTOS,PCB,v,,,,,04/10/2026 21:23:10,sim
1,04/10/2026,6257,Presidente,1,municipio,RJ,58378,3301900,ITABORAÍ,,,,,PARTIDO SOCIALISTA  DOS TRABALHADORES UNIFICADO,i,PSTU,0,16,PSTU,PARTIDO SOCIALISTA  DOS TRABALHADORES UNIFICADO,,16,280002541457,HERTZ DA CONCEICAO DIAS,HERTZ DIAS,20/10/1970,8,Válido,nao,,36,0.03,0.027519359,VANESSA PORTUGAL BARBOSA,VANESSA PORTUGAL,PSTU,v,,,,,04/10/2026 21:23:10,sim
1,04/10/2026,6257,Presidente,1,municipio,RJ,58378,3301900,ITABORAÍ,,,,,BRASIL DOS NOSSOS SONHOS,c,AGIR / AVANTE,,70,AVANTE,AVANTE,,70,280002551547,AUGUSTO JORGE CURY,ESCRITOR AUGUSTO CURY,02/10/1958,3,Válido,nao,,3373,2.58,2.578411063,JULIO CESAR DELGADO,JÚLIO DELGADO,AVANTE,v,,,,,04/10/2026 21:23:10,sim
1,04/10/2026,6257,Presidente,1,municipio,RJ,58378,3301900,ITABORAÍ,,,,,PARTIDO NOVO,i,NOVO,0,30,NOVO,PARTIDO NOVO,,30,280002539826,ROMEU ZEMA NETO,ZEMA,28/10/1964,6,Válido,nao,,190,0.15,0.145241062,LUIS EDUARDO GRANGEIRO GIRÃO,EDUARDO GIRÃO,NOVO,v,,,,,04/10/2026 21:23:10,sim
1,04/10/2026,6257,Presidente,1,municipio,RJ,58378,3301900,ITABORAÍ,,,,,UNIDADE POPULAR,i,UP,0,80,UP,UNIDADE POPULAR,,80,280002538811,SAMARA MARTINS DA SILVA FEITOSA,SAMARA,31/08/1987,7,Válido,nao,,133,0.10,0.101668743,RAQUEL NONATO DE BRICIO,RAQUEL BRÍCIO,UP,v,,,,,04/10/2026 21:23:10,sim
1,04/10/2026,6257,Presidente,1,municipio,RJ,58378,3301900,ITABORAÍ,,,,,DEMOCRATA,i,DEMOCRATA,0,35,DEMOCRATA,DEMOCRATA,,35,280002548139,WILSON GRASSI JUNIOR,VETERINÁRIO WILSON GRASSI,13/03/1970,11,Válido,nao,,24,0.02,0.018346239,SUÊD HAIDAR NOGUEIRA,SUÊD HAIDAR,DEMOCRATA,v,,,,,04/10/2026 21:23:10,sim
1,04/10/2026,6257,Presidente,1,municipio,RJ,58378,3301900,ITABORAÍ,,,,,PARTIDO MISSÃO,i,MISSÃO,0,14,MISSÃO,PARTIDO MISSÃO,,14,280002540694,RENAN ANTONIO FERREIRA DOS SANTOS,RENAN SANTOS,14/02/1984,4,Válido,nao,,2729,2.09,2.086120305,AROLDO MEDINA,CORONEL MEDINA,MISSÃO,v,,,,,04/10/2026 21:23:10,sim
1,04/10/2026,6257,Presidente,1,municipio,RJ,58378,3301900,ITABORAÍ,,,,,PARTIDO DA CAUSA OPERÁRIA,i,PCO,0,29,PCO,PARTIDO DA CAUSA OPERÁRIA,,29,280002552487,RUI COSTA PIMENTA,RUI COSTA PIMENTA,25/06/1957,12,Válido,nao,,17,0.01,0.012995253,ANTONIO CARLOS SILVA,ANTÔNIO CARLOS,PCO,v,,,,,04/10/2026 21:23:10,sim
1,04/10/2026,6257,Presidente,1,municipio,RJ,58386,3302452,MACUCO,,,,,PARTIDO LIBERAL,i,PL,0,22,PL,PARTIDO LIBERAL,,22,280002551544,FLAVIO NANTES BOLSONARO,FLAVIO BOLSONARO,30/04/1981,1,Válido,nao,,2946,50.70,50.696954053,ALFREDO GASPAR DE MENDONÇA NETO,ALFREDO GASPAR,PL,v,,,,,04/10/2026 18:37:15,sim
1,04/10/2026,6257,Presidente,1,municipio,RJ,58386,3302452,MACUCO,,,,,PARTIDO SOCIAL DEMOCRÁTICO,i,PSD,0,55,PSD,PARTIDO SOCIAL DEMOCRÁTICO,,55,280002551932,RONALDO RAMOS CAIADO,RONALDO CAIADO,25/09/1949,4,Válido,nao,,140,2.41,2.409223886,GILBERTO KASSAB,GILBERTO KASSAB,PSD,v,,,,,04/10/2026 18:37:15,sim
1,04/10/2026,6257,Presidente,1,municipio,RJ,58386,3302452,MACUCO,,PT/PC do B/PV,FEDERAÇÃO BRASIL DA ESPERANÇA - FE BRASIL,PT/PC do B/PV,BRASIL PRONTO PRA MAIS,c,PSB / PDT / PCDOB / PT / PV / PSOL / REDE,,13,PT,PARTIDO DOS TRABALHADORES,101,13,280002542548,LUIZ INÁCIO LULA DA SILVA,LULA,06/10/1945,2,Válido,nao,,2504,43.09,43.090690071,GERALDO JOSE RODRIGUES ALCKMIN FILHO,GERALDO ALCKMIN,PSB,v,,,,,04/10/2026 18:37:15,sim
1,04/10/2026,6257,Presidente,1,municipio,RJ,58386,3302452,MACUCO,,,,,DEMOCRACIA CRISTÃ,i,DC,0,27,DC,DEMOCRACIA CRISTÃ,,27,280002552484,CLARIANA ZACARKIM BARAO,CLARIANA BARAO,03/04/1987,9,Válido,nao,,1,0.02,0.017208742,FABIANA CRISTINA TAVARES TORQUATO,FABIANA TORQUATO,DC,v,,,,,04/10/2026 18:37:15,sim
1,04/10/2026,6257,Presidente,1,municipio,RJ,58386,3302452,MACUCO,,,,,PARTIDO COMUNISTA BRASILEIRO,i,PCB,0,21,PCB,PARTIDO COMUNISTA BRASILEIRO,,21,280002551975,EDMILSON SILVA COSTA,EDMILSON COSTA,08/04/1950,10,Válido,nao,,0,0.00,0,CLEUSA DOS SANTOS,CLEUSA SANTOS,PCB,v,,,,,04/10/2026 18:37:15,sim
1,04/10/2026,6257,Presidente,1,municipio,RJ,58386,3302452,MACUCO,,,,,PARTIDO SOCIALISTA  DOS TRABALHADORES UNIFICADO,i,PSTU,0,16,PSTU,PARTIDO SOCIALISTA  DOS TRABALHADORES UNIFICADO,,16,280002541457,HERTZ DA CONCEICAO DIAS,HERTZ DIAS,20/10/1970,8,Válido,nao,,1,0.02,0.017208742,VANESSA PORTUGAL BARBOSA,VANESSA PORTUGAL,PSTU,v,,,,,04/10/2026 18:37:15,sim
1,04/10/2026,6257,Presidente,1,municipio,RJ,58386,3302452,MACUCO,,,,,BRASIL DOS NOSSOS SONHOS,c,AGIR / AVANTE,,70,AVANTE,AVANTE,,70,280002551547,AUGUSTO JORGE CURY,ESCRITOR AUGUSTO CURY,02/10/1958,3,Válido,nao,,140,2.41,2.409223886,JULIO CESAR DELGADO,JÚLIO DELGADO,AVANTE,v,,,,,04/10/2026 18:37:15,sim
1,04/10/2026,6257,Presidente,1,municipio,RJ,58386,3302452,MACUCO,,,,,PARTIDO NOVO,i,NOVO,0,30,NOVO,PARTIDO NOVO,,30,280002539826,ROMEU ZEMA NETO,ZEMA,28/10/1964,6,Válido,nao,,8,0.14,0.137669936,LUIS EDUARDO GRANGEIRO GIRÃO,EDUARDO GIRÃO,NOVO,v,,,,,04/10/2026 18:37:15,sim
1,04/10/2026,6257,Presidente,1,municipio,RJ,58386,3302452,MACUCO,,,,,UNIDADE POPULAR,i,UP,0,80,UP,UNIDADE POPULAR,,80,280002538811,SAMARA MARTINS DA SILVA FEITOSA,SAMARA,31/08/1987,7,Válido,nao,,0,0.00,0,RAQUEL NONATO DE BRICIO,RAQUEL BRÍCIO,UP,v,,,,,04/10/2026 18:37:15,sim
1,04/10/2026,6257,Presidente,1,municipio,RJ,58386,3302452,MACUCO,,,,,DEMOCRATA,i,DEMOCRATA,0,35,DEMOCRATA,DEMOCRATA,,35,280002548139,WILSON GRASSI JUNIOR,VETERINÁRIO WILSON GRASSI,13/03/1970,11,Válido,nao,,0,0.00,0,SUÊD HAIDAR NOGUEIRA,SUÊD HAIDAR,DEMOCRATA,v,,,,,04/10/2026 18:37:15,sim
1,04/10/2026,6257,Presidente,1,municipio,RJ,58386,3302452,MACUCO,,,,,PARTIDO MISSÃO,i,MISSÃO,0,14,MISSÃO,PARTIDO MISSÃO,,14,280002540694,RENAN ANTONIO FERREIRA DOS SANTOS,RENAN SANTOS,14/02/1984,5,Válido,nao,,70,1.20,1.204611943,AROLDO MEDINA,CORONEL MEDINA,MISSÃO,v,,,,,04/10/2026 18:37:15,sim
1,04/10/2026,6257,Presidente,1,municipio,RJ,58386,3302452,MACUCO,,,,,PARTIDO DA CAUSA OPERÁRIA,i,PCO,0,29,PCO,PARTIDO DA CAUSA OPERÁRIA,,29,280002552487,RUI COSTA PIMENTA,RUI COSTA PIMENTA,25/06/1957,12,Válido,nao,,1,0.02,0.017208742,ANTONIO CARLOS SILVA,ANTÔNIO CARLOS,PCO,v,,,,,04/10/2026 18:37:15,sim
1,04/10/2026,6257,Presidente,1,municipio,RJ,58394,3302007,ITAGUAÍ,,,,,PARTIDO LIBERAL,i,PL,0,22,PL,PARTIDO LIBERAL,,22,280002551544,FLAVIO NANTES BOLSONARO,FLAVIO BOLSONARO,30/04/1981,1,Válido,nao,,44965,59.69,59.693071541,ALFREDO GASPAR DE MENDONÇA NETO,ALFREDO GASPAR,PL,v,,,,,04/10/2026 20:10:32,sim
1,04/10/2026,6257,Presidente,1,municipio,RJ,58394,3302007,ITAGUAÍ,,,,,PARTIDO SOCIAL DEMOCRÁTICO,i,PSD,0,55,PSD,PARTIDO SOCIAL DEMOCRÁTICO,,55,280002551932,RONALDO RAMOS CAIADO,RONALDO CAIADO,25/09/1949,5,Válido,nao,,1451,1.93,1.926268138,GILBERTO KASSAB,GILBERTO KASSAB,PSD,v,,,,,04/10/2026 20:10:32,sim
1,04/10/2026,6257,Presidente,1,municipio,RJ,58394,3302007,ITAGUAÍ,,PT/PC do B/PV,FEDERAÇÃO BRASIL DA ESPERANÇA - FE BRASIL,PT/PC do B/PV,BRASIL PRONTO PRA MAIS,c,PSB / PDT / PCDOB / PT / PV / PSOL / REDE,,13,PT,PARTIDO DOS TRABALHADORES,101,13,280002542548,LUIZ INÁCIO LULA DA SILVA,LULA,06/10/1945,2,Válido,nao,,24715,32.81,32.810280510,GERALDO JOSE RODRIGUES ALCKMIN FILHO,GERALDO ALCKMIN,PSB,v,,,,,04/10/2026 20:10:32,sim
1,04/10/2026,6257,Presidente,1,municipio,RJ,58394,3302007,ITAGUAÍ,,,,,DEMOCRACIA CRISTÃ,i,DC,0,27,DC,DEMOCRACIA CRISTÃ,,27,280002552484,CLARIANA ZACARKIM BARAO,CLARIANA BARAO,03/04/1987,9,Válido,nao,,38,0.05,0.050446719,FABIANA CRISTINA TAVARES TORQUATO,FABIANA TORQUATO,DC,v,,,,,04/10/2026 20:10:32,sim
1,04/10/2026,6257,Presidente,1,municipio,RJ,58394,3302007,ITAGUAÍ,,,,,PARTIDO COMUNISTA BRASILEIRO,i,PCB,0,21,PCB,PARTIDO COMUNISTA BRASILEIRO,,21,280002551975,EDMILSON SILVA COSTA,EDMILSON COSTA,08/04/1950,10,Válido,nao,,18,0.02,0.023895814,CLEUSA DOS SANTOS,CLEUSA SANTOS,PCB,v,,,,,04/10/2026 20:10:32,sim
1,04/10/2026,6257,Presidente,1,municipio,RJ,58394,3302007,ITAGUAÍ,,,,,PARTIDO SOCIALISTA  DOS TRABALHADORES UNIFICADO,i,PSTU,0,16,PSTU,PARTIDO SOCIALISTA  DOS TRABALHADORES UNIFICADO,,16,280002541457,HERTZ DA CONCEICAO DIAS,HERTZ DIAS,20/10/1970,8,Válido,nao,,21,0.03,0.027878450,VANESSA PORTUGAL BARBOSA,VANESSA PORTUGAL,PSTU,v,,,,,04/10/2026 20:10:32,sim
1,04/10/2026,6257,Presidente,1,municipio,RJ,58394,3302007,ITAGUAÍ,,,,,BRASIL DOS NOSSOS SONHOS,c,AGIR / AVANTE,,70,AVANTE,AVANTE,,70,280002551547,AUGUSTO JORGE CURY,ESCRITOR AUGUSTO CURY,02/10/1958,3,Válido,nao,,2146,2.85,2.848912077,JULIO CESAR DELGADO,JÚLIO DELGADO,AVANTE,v,,,,,04/10/2026 20:10:32,sim
1,04/10/2026,6257,Presidente,1,municipio,RJ,58394,3302007,ITAGUAÍ,,,,,PARTIDO NOVO,i,NOVO,0,30,NOVO,PARTIDO NOVO,,30,280002539826,ROMEU ZEMA NETO,ZEMA,28/10/1964,6,Válido,nao,,134,0.18,0.177891062,LUIS EDUARDO GRANGEIRO GIRÃO,EDUARDO GIRÃO,NOVO,v,,,,,04/10/2026 20:10:32,sim
1,04/10/2026,6257,Presidente,1,municipio,RJ,58394,3302007,ITAGUAÍ,,,,,UNIDADE POPULAR,i,UP,0,80,UP,UNIDADE POPULAR,,80,280002538811,SAMARA MARTINS DA SILVA FEITOSA,SAMARA,31/08/1987,7,Válido,nao,,94,0.12,0.124789252,RAQUEL NONATO DE BRICIO,RAQUEL BRÍCIO,UP,v,,,,,04/10/2026 20:10:32,sim
1,04/10/2026,6257,Presidente,1,municipio,RJ,58394,3302007,ITAGUAÍ,,,,,DEMOCRATA,i,DEMOCRATA,0,35,DEMOCRATA,DEMOCRATA,,35,280002548139,WILSON GRASSI JUNIOR,VETERINÁRIO WILSON GRASSI,13/03/1970,11,Válido,nao,,14,0.02,0.018585633,SUÊD HAIDAR NOGUEIRA,SUÊD HAIDAR,DEMOCRATA,v,,,,,04/10/2026 20:10:32,sim
1,04/10/2026,6257,Presidente,1,municipio,RJ,58394,3302007,ITAGUAÍ,,,,,PARTIDO MISSÃO,i,MISSÃO,0,14,MISSÃO,PARTIDO MISSÃO,,14,280002540694,RENAN ANTONIO FERREIRA DOS SANTOS,RENAN SANTOS,14/02/1984,4,Válido,nao,,1725,2.29,2.290015532,AROLDO MEDINA,CORONEL MEDINA,MISSÃO,v,,,,,04/10/2026 20:10:32,sim
1,04/10/2026,6257,Presidente,1,municipio,RJ,58394,3302007,ITAGUAÍ,,,,,PARTIDO DA CAUSA OPERÁRIA,i,PCO,0,29,PCO,PARTIDO DA CAUSA OPERÁRIA,,29,280002552487,RUI COSTA PIMENTA,RUI COSTA PIMENTA,25/06/1957,12,Válido,nao,,6,0.01,0.007965271,ANTONIO CARLOS SILVA,ANTÔNIO CARLOS,PCO,v,,,,,04/10/2026 20:10:32,sim
1,04/10/2026,6257,Presidente,1,municipio,RJ,58408,3300233,ARMAÇÃO DOS BÚZIOS,,,,,PARTIDO LIBERAL,i,PL,0,22,PL,PARTIDO LIBERAL,,22,280002551544,FLAVIO NANTES BOLSONARO,FLAVIO BOLSONARO,30/04/1981,1,Válido,nao,,17294,63.26,63.264559555,ALFREDO GASPAR DE MENDONÇA NETO,ALFREDO GASPAR,PL,v,,,,,04/10/2026 19:20:57,sim
1,04/10/2026,6257,Presidente,1,municipio,RJ,58408,3300233,ARMAÇÃO DOS BÚZIOS,,,,,PARTIDO SOCIAL DEMOCRÁTICO,i,PSD,0,55,PSD,PARTIDO SOCIAL DEMOCRÁTICO,,55,280002551932,RONALDO RAMOS CAIADO,RONALDO CAIADO,25/09/1949,5,Válido,nao,,376,1.38,1.375475563,GILBERTO KASSAB,GILBERTO KASSAB,PSD,v,,,,,04/10/2026 19:20:57,sim
1,04/10/2026,6257,Presidente,1,municipio,RJ,58408,3300233,ARMAÇÃO DOS BÚZIOS,,PT/PC do B/PV,FEDERAÇÃO BRASIL DA ESPERANÇA - FE BRASIL,PT/PC do B/PV,BRASIL PRONTO PRA MAIS,c,PSB / PDT / PCDOB / PT / PV / PSOL / REDE,,13,PT,PARTIDO DOS TRABALHADORES,101,13,280002542548,LUIZ INÁCIO LULA DA SILVA,LULA,06/10/1945,2,Válido,nao,,8225,30.09,30.088527948,GERALDO JOSE RODRIGUES ALCKMIN FILHO,GERALDO ALCKMIN,PSB,v,,,,,04/10/2026 19:20:57,sim
1,04/10/2026,6257,Presidente,1,municipio,RJ,58408,3300233,ARMAÇÃO DOS BÚZIOS,,,,,DEMOCRACIA CRISTÃ,i,DC,0,27,DC,DEMOCRACIA CRISTÃ,,27,280002552484,CLARIANA ZACARKIM BARAO,CLARIANA BARAO,03/04/1987,9,Válido,nao,,5,0.02,0.018290898,FABIANA CRISTINA TAVARES TORQUATO,FABIANA TORQUATO,DC,v,,,,,04/10/2026 19:20:57,sim
1,04/10/2026,6257,Presidente,1,municipio,RJ,58408,3300233,ARMAÇÃO DOS BÚZIOS,,,,,PARTIDO COMUNISTA BRASILEIRO,i,PCB,0,21,PCB,PARTIDO COMUNISTA BRASILEIRO,,21,280002551975,EDMILSON SILVA COSTA,EDMILSON COSTA,08/04/1950,10,Válido,nao,,9,0.03,0.032923617,CLEUSA DOS SANTOS,CLEUSA SANTOS,PCB,v,,,,,04/10/2026 19:20:57,sim
1,04/10/2026,6257,Presidente,1,municipio,RJ,58408,3300233,ARMAÇÃO DOS BÚZIOS,,,,,PARTIDO SOCIALISTA  DOS TRABALHADORES UNIFICADO,i,PSTU,0,16,PSTU,PARTIDO SOCIALISTA  DOS TRABALHADORES UNIFICADO,,16,280002541457,HERTZ DA CONCEICAO DIAS,HERTZ DIAS,20/10/1970,8,Válido,nao,,6,0.02,0.021949078,VANESSA PORTUGAL BARBOSA,VANESSA PORTUGAL,PSTU,v,,,,,04/10/2026 19:20:57,sim
1,04/10/2026,6257,Presidente,1,municipio,RJ,58408,3300233,ARMAÇÃO DOS BÚZIOS,,,,,BRASIL DOS NOSSOS SONHOS,c,AGIR / AVANTE,,70,AVANTE,AVANTE,,70,280002551547,AUGUSTO JORGE CURY,ESCRITOR AUGUSTO CURY,02/10/1958,3,Válido,nao,,730,2.67,2.670471174,JULIO CESAR DELGADO,JÚLIO DELGADO,AVANTE,v,,,,,04/10/2026 19:20:57,sim
1,04/10/2026,6257,Presidente,1,municipio,RJ,58408,3300233,ARMAÇÃO DOS BÚZIOS,,,,,PARTIDO NOVO,i,NOVO,0,30,NOVO,PARTIDO NOVO,,30,280002539826,ROMEU ZEMA NETO,ZEMA,28/10/1964,6,Válido,nao,,46,0.17,0.168276266,LUIS EDUARDO GRANGEIRO GIRÃO,EDUARDO GIRÃO,NOVO,v,,,,,04/10/2026 19:20:57,sim
1,04/10/2026,6257,Presidente,1,municipio,RJ,58408,3300233,ARMAÇÃO DOS BÚZIOS,,,,,UNIDADE POPULAR,i,UP,0,80,UP,UNIDADE POPULAR,,80,280002538811,SAMARA MARTINS DA SILVA FEITOSA,SAMARA,31/08/1987,7,Válido,nao,,23,0.08,0.084138133,RAQUEL NONATO DE BRICIO,RAQUEL BRÍCIO,UP,v,,,,,04/10/2026 19:20:57,sim
1,04/10/2026,6257,Presidente,1,municipio,RJ,58408,3300233,ARMAÇÃO DOS BÚZIOS,,,,,DEMOCRATA,i,DEMOCRATA,0,35,DEMOCRATA,DEMOCRATA,,35,280002548139,WILSON GRASSI JUNIOR,VETERINÁRIO WILSON GRASSI,13/03/1970,11,Válido,nao,,4,0.01,0.014632719,SUÊD HAIDAR NOGUEIRA,SUÊD HAIDAR,DEMOCRATA,v,,,,,04/10/2026 19:20:57,sim
1,04/10/2026,6257,Presidente,1,municipio,RJ,58408,3300233,ARMAÇÃO DOS BÚZIOS,,,,,PARTIDO MISSÃO,i,MISSÃO,0,14,MISSÃO,PARTIDO MISSÃO,,14,280002540694,RENAN ANTONIO FERREIRA DOS SANTOS,RENAN SANTOS,14/02/1984,4,Válido,nao,,614,2.25,2.246122330,AROLDO MEDINA,CORONEL MEDINA,MISSÃO,v,,,,,04/10/2026 19:20:57,sim
1,04/10/2026,6257,Presidente,1,municipio,RJ,58408,3300233,ARMAÇÃO DOS BÚZIOS,,,,,PARTIDO DA CAUSA OPERÁRIA,i,PCO,0,29,PCO,PARTIDO DA CAUSA OPERÁRIA,,29,280002552487,RUI COSTA PIMENTA,RUI COSTA PIMENTA,25/06/1957,12,Válido,nao,,4,0.01,0.014632719,ANTONIO CARLOS SILVA,ANTÔNIO CARLOS,PCO,v,,,,,04/10/2026 19:20:57,sim
1,04/10/2026,6257,Presidente,1,municipio,RJ,58416,3302106,ITAOCARA,,,,,PARTIDO LIBERAL,i,PL,0,22,PL,PARTIDO LIBERAL,,22,280002551544,FLAVIO NANTES BOLSONARO,FLAVIO BOLSONARO,30/04/1981,1,Válido,nao,,9761,65.38,65.382811977,ALFREDO GASPAR DE MENDONÇA NETO,ALFREDO GASPAR,PL,v,,,,,04/10/2026 18:37:14,sim
1,04/10/2026,6257,Presidente,1,municipio,RJ,58416,3302106,ITAOCARA,,,,,PARTIDO SOCIAL DEMOCRÁTICO,i,PSD,0,55,PSD,PARTIDO SOCIAL DEMOCRÁTICO,,55,280002551932,RONALDO RAMOS CAIADO,RONALDO CAIADO,25/09/1949,4,Válido,nao,,321,2.15,2.150177507,GILBERTO KASSAB,GILBERTO KASSAB,PSD,v,,,,,04/10/2026 18:37:14,sim
1,04/10/2026,6257,Presidente,1,municipio,RJ,58416,3302106,ITAOCARA,,PT/PC do B/PV,FEDERAÇÃO BRASIL DA ESPERANÇA - FE BRASIL,PT/PC do B/PV,BRASIL PRONTO PRA MAIS,c,PSB / PDT / PCDOB / PT / PV / PSOL / REDE,,13,PT,PARTIDO DOS TRABALHADORES,101,13,280002542548,LUIZ INÁCIO LULA DA SILVA,LULA,06/10/1945,2,Válido,nao,,4313,28.89,28.890079711,GERALDO JOSE RODRIGUES ALCKMIN FILHO,GERALDO ALCKMIN,PSB,v,,,,,04/10/2026 18:37:14,sim
1,04/10/2026,6257,Presidente,1,municipio,RJ,58416,3302106,ITAOCARA,,,,,DEMOCRACIA CRISTÃ,i,DC,0,27,DC,DEMOCRACIA CRISTÃ,,27,280002552484,CLARIANA ZACARKIM BARAO,CLARIANA BARAO,03/04/1987,9,Válido,nao,,4,0.03,0.026793489,FABIANA CRISTINA TAVARES TORQUATO,FABIANA TORQUATO,DC,v,,,,,04/10/2026 18:37:14,sim
1,04/10/2026,6257,Presidente,1,municipio,RJ,58416,3302106,ITAOCARA,,,,,PARTIDO COMUNISTA BRASILEIRO,i,PCB,0,21,PCB,PARTIDO COMUNISTA BRASILEIRO,,21,280002551975,EDMILSON SILVA COSTA,EDMILSON COSTA,08/04/1950,10,Válido,nao,,1,0.01,0.006698372,CLEUSA DOS SANTOS,CLEUSA SANTOS,PCB,v,,,,,04/10/2026 18:37:14,sim
1,04/10/2026,6257,Presidente,1,municipio,RJ,58416,3302106,ITAOCARA,,,,,PARTIDO SOCIALISTA  DOS TRABALHADORES UNIFICADO,i,PSTU,0,16,PSTU,PARTIDO SOCIALISTA  DOS TRABALHADORES UNIFICADO,,16,280002541457,HERTZ DA CONCEICAO DIAS,HERTZ DIAS,20/10/1970,8,Válido,nao,,1,0.01,0.006698372,VANESSA PORTUGAL BARBOSA,VANESSA PORTUGAL,PSTU,v,,,,,04/10/2026 18:37:14,sim
1,04/10/2026,6257,Presidente,1,municipio,RJ,58416,3302106,ITAOCARA,,,,,BRASIL DOS NOSSOS SONHOS,c,AGIR / AVANTE,,70,AVANTE,AVANTE,,70,280002551547,AUGUSTO JORGE CURY,ESCRITOR AUGUSTO CURY,02/10/1958,3,Válido,nao,,307,2.06,2.056400295,JULIO CESAR DELGADO,JÚLIO DELGADO,AVANTE,v,,,,,04/10/2026 18:37:14,sim
1,04/10/2026,6257,Presidente,1,municipio,RJ,58416,3302106,ITAOCARA,,,,,PARTIDO NOVO,i,NOVO,0,30,NOVO,PARTIDO NOVO,,30,280002539826,ROMEU ZEMA NETO,ZEMA,28/10/1964,6,Válido,nao,,17,0.11,0.113872329,LUIS EDUARDO GRANGEIRO GIRÃO,EDUARDO GIRÃO,NOVO,v,,,,,04/10/2026 18:37:14,sim
1,04/10/2026,6257,Presidente,1,municipio,RJ,58416,3302106,ITAOCARA,,,,,UNIDADE POPULAR,i,UP,0,80,UP,UNIDADE POPULAR,,80,280002538811,SAMARA MARTINS DA SILVA FEITOSA,SAMARA,31/08/1987,7,Válido,nao,,8,0.05,0.053586978,RAQUEL NONATO DE BRICIO,RAQUEL BRÍCIO,UP,v,,,,,04/10/2026 18:37:14,sim
1,04/10/2026,6257,Presidente,1,municipio,RJ,58416,3302106,ITAOCARA,,,,,DEMOCRATA,i,DEMOCRATA,0,35,DEMOCRATA,DEMOCRATA,,35,280002548139,WILSON GRASSI JUNIOR,VETERINÁRIO WILSON GRASSI,13/03/1970,11,Válido,nao,,0,0.00,0,SUÊD HAIDAR NOGUEIRA,SUÊD HAIDAR,DEMOCRATA,v,,,,,04/10/2026 18:37:14,sim
1,04/10/2026,6257,Presidente,1,municipio,RJ,58416,3302106,ITAOCARA,,,,,PARTIDO MISSÃO,i,MISSÃO,0,14,MISSÃO,PARTIDO MISSÃO,,14,280002540694,RENAN ANTONIO FERREIRA DOS SANTOS,RENAN SANTOS,14/02/1984,5,Válido,nao,,196,1.31,1.312880970,AROLDO MEDINA,CORONEL MEDINA,MISSÃO,v,,,,,04/10/2026 18:37:14,sim
1,04/10/2026,6257,Presidente,1,municipio,RJ,58416,3302106,ITAOCARA,,,,,PARTIDO DA CAUSA OPERÁRIA,i,PCO,0,29,PCO,PARTIDO DA CAUSA OPERÁRIA,,29,280002552487,RUI COSTA PIMENTA,RUI COSTA PIMENTA,25/06/1957,12,Válido,nao,,0,0.00,0,ANTONIO CARLOS SILVA,ANTÔNIO CARLOS,PCO,v,,,,,04/10/2026 18:37:14,sim
1,04/10/2026,6257,Presidente,1,municipio,RJ,58424,3305554,SEROPÉDICA,,,,,PARTIDO LIBERAL,i,PL,0,22,PL,PARTIDO LIBERAL,,22,280002551544,FLAVIO NANTES BOLSONARO,FLAVIO BOLSONARO,30/04/1981,1,Válido,nao,,26529,58.62,58.615965885,ALFREDO GASPAR DE MENDONÇA NETO,ALFREDO GASPAR,PL,v,,,,,04/10/2026 20:53:50,sim
1,04/10/2026,6257,Presidente,1,municipio,RJ,58424,3305554,SEROPÉDICA,,,,,PARTIDO SOCIAL DEMOCRÁTICO,i,PSD,0,55,PSD,PARTIDO SOCIAL DEMOCRÁTICO,,55,280002551932,RONALDO RAMOS CAIADO,RONALDO CAIADO,25/09/1949,5,Válido,nao,,818,1.81,1.807375329,GILBERTO KASSAB,GILBERTO KASSAB,PSD,v,,,,,04/10/2026 20:53:50,sim
1,04/10/2026,6257,Presidente,1,municipio,RJ,58424,3305554,SEROPÉDICA,,PT/PC do B/PV,FEDERAÇÃO BRASIL DA ESPERANÇA - FE BRASIL,PT/PC do B/PV,BRASIL PRONTO PRA MAIS,c,PSB / PDT / PCDOB / PT / PV / PSOL / REDE,,13,PT,PARTIDO DOS TRABALHADORES,101,13,280002542548,LUIZ INÁCIO LULA DA SILVA,LULA,06/10/1945,2,Válido,nao,,15730,34.76,34.755518239,GERALDO JOSE RODRIGUES ALCKMIN FILHO,GERALDO ALCKMIN,PSB,v,,,,,04/10/2026 20:53:50,sim
1,04/10/2026,6257,Presidente,1,municipio,RJ,58424,3305554,SEROPÉDICA,,,,,DEMOCRACIA CRISTÃ,i,DC,0,27,DC,DEMOCRACIA CRISTÃ,,27,280002552484,CLARIANA ZACARKIM BARAO,CLARIANA BARAO,03/04/1987,9,Válido,nao,,29,0.06,0.064075653,FABIANA CRISTINA TAVARES TORQUATO,FABIANA TORQUATO,DC,v,,,,,04/10/2026 20:53:50,sim
1,04/10/2026,6257,Presidente,1,municipio,RJ,58424,3305554,SEROPÉDICA,,,,,PARTIDO COMUNISTA BRASILEIRO,i,PCB,0,21,PCB,PARTIDO COMUNISTA BRASILEIRO,,21,280002551975,EDMILSON SILVA COSTA,EDMILSON COSTA,08/04/1950,10,Válido,nao,,16,0.04,0.035352085,CLEUSA DOS SANTOS,CLEUSA SANTOS,PCB,v,,,,,04/10/2026 20:53:50,sim
1,04/10/2026,6257,Presidente,1,municipio,RJ,58424,3305554,SEROPÉDICA,,,,,PARTIDO SOCIALISTA  DOS TRABALHADORES UNIFICADO,i,PSTU,0,16,PSTU,PARTIDO SOCIALISTA  DOS TRABALHADORES UNIFICADO,,16,280002541457,HERTZ DA CONCEICAO DIAS,HERTZ DIAS,20/10/1970,8,Válido,nao,,11,0.02,0.024304558,VANESSA PORTUGAL BARBOSA,VANESSA PORTUGAL,PSTU,v,,,,,04/10/2026 20:53:50,sim
1,04/10/2026,6257,Presidente,1,municipio,RJ,58424,3305554,SEROPÉDICA,,,,,BRASIL DOS NOSSOS SONHOS,c,AGIR / AVANTE,,70,AVANTE,AVANTE,,70,280002551547,AUGUSTO JORGE CURY,ESCRITOR AUGUSTO CURY,02/10/1958,3,Válido,nao,,1183,2.61,2.613844760,JULIO CESAR DELGADO,JÚLIO DELGADO,AVANTE,v,,,,,04/10/2026 20:53:50,sim
1,04/10/2026,6257,Presidente,1,municipio,RJ,58424,3305554,SEROPÉDICA,,,,,PARTIDO NOVO,i,NOVO,0,30,NOVO,PARTIDO NOVO,,30,280002539826,ROMEU ZEMA NETO,ZEMA,28/10/1964,6,Válido,nao,,52,0.11,0.114894275,LUIS EDUARDO GRANGEIRO GIRÃO,EDUARDO GIRÃO,NOVO,v,,,,,04/10/2026 20:53:50,sim
1,04/10/2026,6257,Presidente,1,municipio,RJ,58424,3305554,SEROPÉDICA,,,,,UNIDADE POPULAR,i,UP,0,80,UP,UNIDADE POPULAR,,80,280002538811,SAMARA MARTINS DA SILVA FEITOSA,SAMARA,31/08/1987,7,Válido,nao,,51,0.11,0.112684770,RAQUEL NONATO DE BRICIO,RAQUEL BRÍCIO,UP,v,,,,,04/10/2026 20:53:50,sim
1,04/10/2026,6257,Presidente,1,municipio,RJ,58424,3305554,SEROPÉDICA,,,,,DEMOCRATA,i,DEMOCRATA,0,35,DEMOCRATA,DEMOCRATA,,35,280002548139,WILSON GRASSI JUNIOR,VETERINÁRIO WILSON GRASSI,13/03/1970,11,Válido,nao,,5,0.01,0.011047526,SUÊD HAIDAR NOGUEIRA,SUÊD HAIDAR,DEMOCRATA,v,,,,,04/10/2026 20:53:50,sim
1,04/10/2026,6257,Presidente,1,municipio,RJ,58424,3305554,SEROPÉDICA,,,,,PARTIDO MISSÃO,i,MISSÃO,0,14,MISSÃO,PARTIDO MISSÃO,,14,280002540694,RENAN ANTONIO FERREIRA DOS SANTOS,RENAN SANTOS,14/02/1984,4,Válido,nao,,829,1.83,1.831679887,AROLDO MEDINA,CORONEL MEDINA,MISSÃO,v,,,,,04/10/2026 20:53:50,sim
1,04/10/2026,6257,Presidente,1,municipio,RJ,58424,3305554,SEROPÉDICA,,,,,PARTIDO DA CAUSA OPERÁRIA,i,PCO,0,29,PCO,PARTIDO DA CAUSA OPERÁRIA,,29,280002552487,RUI COSTA PIMENTA,RUI COSTA PIMENTA,25/06/1957,12,Válido,nao,,6,0.01,0.013257032,ANTONIO CARLOS SILVA,ANTÔNIO CARLOS,PCO,v,,,,,04/10/2026 20:53:50,sim
1,04/10/2026,6257,Presidente,1,municipio,RJ,58432,3302205,ITAPERUNA,,,,,PARTIDO LIBERAL,i,PL,0,22,PL,PARTIDO LIBERAL,,22,280002551544,FLAVIO NANTES BOLSONARO,FLAVIO BOLSONARO,30/04/1981,1,Válido,nao,,35918,63.83,63.829257890,ALFREDO GASPAR DE MENDONÇA NETO,ALFREDO GASPAR,PL,v,,,,,04/10/2026 19:16:37,sim
1,04/10/2026,6257,Presidente,1,municipio,RJ,58432,3302205,ITAPERUNA,,,,,PARTIDO SOCIAL DEMOCRÁTICO,i,PSD,0,55,PSD,PARTIDO SOCIAL DEMOCRÁTICO,,55,280002551932,RONALDO RAMOS CAIADO,RONALDO CAIADO,25/09/1949,5,Válido,nao,,1159,2.06,2.059638897,GILBERTO KASSAB,GILBERTO KASSAB,PSD,v,,,,,04/10/2026 19:16:37,sim
1,04/10/2026,6257,Presidente,1,municipio,RJ,58432,3302205,ITAPERUNA,,PT/PC do B/PV,FEDERAÇÃO BRASIL DA ESPERANÇA - FE BRASIL,PT/PC do B/PV,BRASIL PRONTO PRA MAIS,c,PSB / PDT / PCDOB / PT / PV / PSOL / REDE,,13,PT,PARTIDO DOS TRABALHADORES,101,13,280002542548,LUIZ INÁCIO LULA DA SILVA,LULA,06/10/1945,2,Válido,nao,,17011,30.23,30.229954507,GERALDO JOSE RODRIGUES ALCKMIN FILHO,GERALDO ALCKMIN,PSB,v,,,,,04/10/2026 19:16:37,sim
1,04/10/2026,6257,Presidente,1,municipio,RJ,58432,3302205,ITAPERUNA,,,,,DEMOCRACIA CRISTÃ,i,DC,0,27,DC,DEMOCRACIA CRISTÃ,,27,280002552484,CLARIANA ZACARKIM BARAO,CLARIANA BARAO,03/04/1987,9,Válido,nao,,15,0.03,0.026656241,FABIANA CRISTINA TAVARES TORQUATO,FABIANA TORQUATO,DC,v,,,,,04/10/2026 19:16:37,sim
1,04/10/2026,6257,Presidente,1,municipio,RJ,58432,3302205,ITAPERUNA,,,,,PARTIDO COMUNISTA BRASILEIRO,i,PCB,0,21,PCB,PARTIDO COMUNISTA BRASILEIRO,,21,280002551975,EDMILSON SILVA COSTA,EDMILSON COSTA,08/04/1950,10,Válido,nao,,21,0.04,0.037318738,CLEUSA DOS SANTOS,CLEUSA SANTOS,PCB,v,,,,,04/10/2026 19:16:37,sim
1,04/10/2026,6257,Presidente,1,municipio,RJ,58432,3302205,ITAPERUNA,,,,,PARTIDO SOCIALISTA  DOS TRABALHADORES UNIFICADO,i,PSTU,0,16,PSTU,PARTIDO SOCIALISTA  DOS TRABALHADORES UNIFICADO,,16,280002541457,HERTZ DA CONCEICAO DIAS,HERTZ DIAS,20/10/1970,8,Válido,nao,,21,0.04,0.037318738,VANESSA PORTUGAL BARBOSA,VANESSA PORTUGAL,PSTU,v,,,,,04/10/2026 19:16:37,sim
1,04/10/2026,6257,Presidente,1,municipio,RJ,58432,3302205,ITAPERUNA,,,,,BRASIL DOS NOSSOS SONHOS,c,AGIR / AVANTE,,70,AVANTE,AVANTE,,70,280002551547,AUGUSTO JORGE CURY,ESCRITOR AUGUSTO CURY,02/10/1958,3,Válido,nao,,1062,1.89,1.887261871,JULIO CESAR DELGADO,JÚLIO DELGADO,AVANTE,v,,,,,04/10/2026 19:16:37,sim
1,04/10/2026,6257,Presidente,1,municipio,RJ,58432,3302205,ITAPERUNA,,,,,PARTIDO NOVO,i,NOVO,0,30,NOVO,PARTIDO NOVO,,30,280002539826,ROMEU ZEMA NETO,ZEMA,28/10/1964,6,Válido,nao,,110,0.20,0.195479102,LUIS EDUARDO GRANGEIRO GIRÃO,EDUARDO GIRÃO,NOVO,v,,,,,04/10/2026 19:16:37,sim
1,04/10/2026,6257,Presidente,1,municipio,RJ,58432,3302205,ITAPERUNA,,,,,UNIDADE POPULAR,i,UP,0,80,UP,UNIDADE POPULAR,,80,280002538811,SAMARA MARTINS DA SILVA FEITOSA,SAMARA,31/08/1987,7,Válido,nao,,55,0.10,0.097739551,RAQUEL NONATO DE BRICIO,RAQUEL BRÍCIO,UP,v,,,,,04/10/2026 19:16:37,sim
1,04/10/2026,6257,Presidente,1,municipio,RJ,58432,3302205,ITAPERUNA,,,,,DEMOCRATA,i,DEMOCRATA,0,35,DEMOCRATA,DEMOCRATA,,35,280002548139,WILSON GRASSI JUNIOR,VETERINÁRIO WILSON GRASSI,13/03/1970,11,Válido,nao,,5,0.01,0.008885414,SUÊD HAIDAR NOGUEIRA,SUÊD HAIDAR,DEMOCRATA,v,,,,,04/10/2026 19:16:37,sim
1,04/10/2026,6257,Presidente,1,municipio,RJ,58432,3302205,ITAPERUNA,,,,,PARTIDO MISSÃO,i,MISSÃO,0,14,MISSÃO,PARTIDO MISSÃO,,14,280002540694,RENAN ANTONIO FERREIRA DOS SANTOS,RENAN SANTOS,14/02/1984,4,Válido,nao,,892,1.59,1.585157805,AROLDO MEDINA,CORONEL MEDINA,MISSÃO,v,,,,,04/10/2026 19:16:37,sim
1,04/10/2026,6257,Presidente,1,municipio,RJ,58432,3302205,ITAPERUNA,,,,,PARTIDO DA CAUSA OPERÁRIA,i,PCO,0,29,PCO,PARTIDO DA CAUSA OPERÁRIA,,29,280002552487,RUI COSTA PIMENTA,RUI COSTA PIMENTA,25/06/1957,12,Válido,nao,,3,0.01,0.005331248,ANTONIO CARLOS SILVA,ANTÔNIO CARLOS,PCO,v,,,,,04/10/2026 19:16:37,sim
1,04/10/2026,6257,Presidente,1,municipio,RJ,58440,3302254,ITATIAIA,,,,,PARTIDO LIBERAL,i,PL,0,22,PL,PARTIDO LIBERAL,,22,280002551544,FLAVIO NANTES BOLSONARO,FLAVIO BOLSONARO,30/04/1981,1,Válido,nao,,11270,56.17,56.170255183,ALFREDO GASPAR DE MENDONÇA NETO,ALFREDO GASPAR,PL,v,,,,,04/10/2026 21:00:24,sim
1,04/10/2026,6257,Presidente,1,municipio,RJ,58440,3302254,ITATIAIA,,,,,PARTIDO SOCIAL DEMOCRÁTICO,i,PSD,0,55,PSD,PARTIDO SOCIAL DEMOCRÁTICO,,55,280002551932,RONALDO RAMOS CAIADO,RONALDO CAIADO,25/09/1949,5,Válido,nao,,483,2.41,2.407296651,GILBERTO KASSAB,GILBERTO KASSAB,PSD,v,,,,,04/10/2026 21:00:24,sim
1,04/10/2026,6257,Presidente,1,municipio,RJ,58440,3302254,ITATIAIA,,PT/PC do B/PV,FEDERAÇÃO BRASIL DA ESPERANÇA - FE BRASIL,PT/PC do B/PV,BRASIL PRONTO PRA MAIS,c,PSB / PDT / PCDOB / PT / PV / PSOL / REDE,,13,PT,PARTIDO DOS TRABALHADORES,101,13,280002542548,LUIZ INÁCIO LULA DA SILVA,LULA,06/10/1945,2,Válido,nao,,7164,35.71,35.705741627,GERALDO JOSE RODRIGUES ALCKMIN FILHO,GERALDO ALCKMIN,PSB,v,,,,,04/10/2026 21:00:24,sim
1,04/10/2026,6257,Presidente,1,municipio,RJ,58440,3302254,ITATIAIA,,,,,DEMOCRACIA CRISTÃ,i,DC,0,27,DC,DEMOCRACIA CRISTÃ,,27,280002552484,CLARIANA ZACARKIM BARAO,CLARIANA BARAO,03/04/1987,9,Válido,nao,,7,0.03,0.034888357,FABIANA CRISTINA TAVARES TORQUATO,FABIANA TORQUATO,DC,v,,,,,04/10/2026 21:00:24,sim
1,04/10/2026,6257,Presidente,1,municipio,RJ,58440,3302254,ITATIAIA,,,,,PARTIDO COMUNISTA BRASILEIRO,i,PCB,0,21,PCB,PARTIDO COMUNISTA BRASILEIRO,,21,280002551975,EDMILSON SILVA COSTA,EDMILSON COSTA,08/04/1950,10,Válido,nao,,2,0.01,0.009968102,CLEUSA DOS SANTOS,CLEUSA SANTOS,PCB,v,,,,,04/10/2026 21:00:24,sim
1,04/10/2026,6257,Presidente,1,municipio,RJ,58440,3302254,ITATIAIA,,,,,PARTIDO SOCIALISTA  DOS TRABALHADORES UNIFICADO,i,PSTU,0,16,PSTU,PARTIDO SOCIALISTA  DOS TRABALHADORES UNIFICADO,,16,280002541457,HERTZ DA CONCEICAO DIAS,HERTZ DIAS,20/10/1970,8,Válido,nao,,7,0.03,0.034888357,VANESSA PORTUGAL BARBOSA,VANESSA PORTUGAL,PSTU,v,,,,,04/10/2026 21:00:24,sim
1,04/10/2026,6257,Presidente,1,municipio,RJ,58440,3302254,ITATIAIA,,,,,BRASIL DOS NOSSOS SONHOS,c,AGIR / AVANTE,,70,AVANTE,AVANTE,,70,280002551547,AUGUSTO JORGE CURY,ESCRITOR AUGUSTO CURY,02/10/1958,3,Válido,nao,,545,2.72,2.716307815,JULIO CESAR DELGADO,JÚLIO DELGADO,AVANTE,v,,,,,04/10/2026 21:00:24,sim
1,04/10/2026,6257,Presidente,1,municipio,RJ,58440,3302254,ITATIAIA,,,,,PARTIDO NOVO,i,NOVO,0,30,NOVO,PARTIDO NOVO,,30,280002539826,ROMEU ZEMA NETO,ZEMA,28/10/1964,6,Válido,nao,,52,0.26,0.259170654,LUIS EDUARDO GRANGEIRO GIRÃO,EDUARDO GIRÃO,NOVO,v,,,,,04/10/2026 21:00:24,sim
1,04/10/2026,6257,Presidente,1,municipio,RJ,58440,3302254,ITATIAIA,,,,,UNIDADE POPULAR,i,UP,0,80,UP,UNIDADE POPULAR,,80,280002538811,SAMARA MARTINS DA SILVA FEITOSA,SAMARA,31/08/1987,7,Válido,nao,,20,0.10,0.099681021,RAQUEL NONATO DE BRICIO,RAQUEL BRÍCIO,UP,v,,,,,04/10/2026 21:00:24,sim
1,04/10/2026,6257,Presidente,1,municipio,RJ,58440,3302254,ITATIAIA,,,,,DEMOCRATA,i,DEMOCRATA,0,35,DEMOCRATA,DEMOCRATA,,35,280002548139,WILSON GRASSI JUNIOR,VETERINÁRIO WILSON GRASSI,13/03/1970,11,Válido,nao,,5,0.02,0.024920255,SUÊD HAIDAR NOGUEIRA,SUÊD HAIDAR,DEMOCRATA,v,,,,,04/10/2026 21:00:24,sim
1,04/10/2026,6257,Presidente,1,municipio,RJ,58440,3302254,ITATIAIA,,,,,PARTIDO MISSÃO,i,MISSÃO,0,14,MISSÃO,PARTIDO MISSÃO,,14,280002540694,RENAN ANTONIO FERREIRA DOS SANTOS,RENAN SANTOS,14/02/1984,4,Válido,nao,,505,2.52,2.516945774,AROLDO MEDINA,CORONEL MEDINA,MISSÃO,v,,,,,04/10/2026 21:00:24,sim
1,04/10/2026,6257,Presidente,1,municipio,RJ,58440,3302254,ITATIAIA,,,,,PARTIDO DA CAUSA OPERÁRIA,i,PCO,0,29,PCO,PARTIDO DA CAUSA OPERÁRIA,,29,280002552487,RUI COSTA PIMENTA,RUI COSTA PIMENTA,25/06/1957,12,Válido,nao,,4,0.02,0.019936204,ANTONIO CARLOS SILVA,ANTÔNIO CARLOS,PCO,v,,,,,04/10/2026 21:00:24,sim
1,04/10/2026,6257,Presidente,1,municipio,RJ,58459,3302304,LAJE DO MURIAÉ,,,,,PARTIDO LIBERAL,i,PL,0,22,PL,PARTIDO LIBERAL,,22,280002551544,FLAVIO NANTES BOLSONARO,FLAVIO BOLSONARO,30/04/1981,1,Válido,nao,,2210,41.28,41.277549496,ALFREDO GASPAR DE MENDONÇA NETO,ALFREDO GASPAR,PL,v,,,,,04/10/2026 19:15:08,sim
1,04/10/2026,6257,Presidente,1,municipio,RJ,58459,3302304,LAJE DO MURIAÉ,,,,,PARTIDO SOCIAL DEMOCRÁTICO,i,PSD,0,55,PSD,PARTIDO SOCIAL DEMOCRÁTICO,,55,280002551932,RONALDO RAMOS CAIADO,RONALDO CAIADO,25/09/1949,5,Válido,nao,,127,2.37,2.372058274,GILBERTO KASSAB,GILBERTO KASSAB,PSD,v,,,,,04/10/2026 19:15:08,sim
1,04/10/2026,6257,Presidente,1,municipio,RJ,58459,3302304,LAJE DO MURIAÉ,,PT/PC do B/PV,FEDERAÇÃO BRASIL DA ESPERANÇA - FE BRASIL,PT/PC do B/PV,BRASIL PRONTO PRA MAIS,c,PSB / PDT / PCDOB / PT / PV / PSOL / REDE,,13,PT,PARTIDO DOS TRABALHADORES,101,13,280002542548,LUIZ INÁCIO LULA DA SILVA,LULA,06/10/1945,2,Válido,nao,,2843,53.10,53.100485618,GERALDO JOSE RODRIGUES ALCKMIN FILHO,GERALDO ALCKMIN,PSB,v,,,,,04/10/2026 19:15:08,sim
1,04/10/2026,6257,Presidente,1,municipio,RJ,58459,3302304,LAJE DO MURIAÉ,,,,,DEMOCRACIA CRISTÃ,i,DC,0,27,DC,DEMOCRACIA CRISTÃ,,27,280002552484,CLARIANA ZACARKIM BARAO,CLARIANA BARAO,03/04/1987,9,Válido,nao,,6,0.11,0.112065745,FABIANA CRISTINA TAVARES TORQUATO,FABIANA TORQUATO,DC,v,,,,,04/10/2026 19:15:08,sim
1,04/10/2026,6257,Presidente,1,municipio,RJ,58459,3302304,LAJE DO MURIAÉ,,,,,PARTIDO COMUNISTA BRASILEIRO,i,PCB,0,21,PCB,PARTIDO COMUNISTA BRASILEIRO,,21,280002551975,EDMILSON SILVA COSTA,EDMILSON COSTA,08/04/1950,10,Válido,nao,,3,0.06,0.056032873,CLEUSA DOS SANTOS,CLEUSA SANTOS,PCB,v,,,,,04/10/2026 19:15:08,sim
1,04/10/2026,6257,Presidente,1,municipio,RJ,58459,3302304,LAJE DO MURIAÉ,,,,,PARTIDO SOCIALISTA  DOS TRABALHADORES UNIFICADO,i,PSTU,0,16,PSTU,PARTIDO SOCIALISTA  DOS TRABALHADORES UNIFICADO,,16,280002541457,HERTZ DA CONCEICAO DIAS,HERTZ DIAS,20/10/1970,8,Válido,nao,,1,0.02,0.018677624,VANESSA PORTUGAL BARBOSA,VANESSA PORTUGAL,PSTU,v,,,,,04/10/2026 19:15:08,sim
1,04/10/2026,6257,Presidente,1,municipio,RJ,58459,3302304,LAJE DO MURIAÉ,,,,,BRASIL DOS NOSSOS SONHOS,c,AGIR / AVANTE,,70,AVANTE,AVANTE,,70,280002551547,AUGUSTO JORGE CURY,ESCRITOR AUGUSTO CURY,02/10/1958,3,Válido,nao,,108,2.02,2.017183414,JULIO CESAR DELGADO,JÚLIO DELGADO,AVANTE,v,,,,,04/10/2026 19:15:08,sim
1,04/10/2026,6257,Presidente,1,municipio,RJ,58459,3302304,LAJE DO MURIAÉ,,,,,PARTIDO NOVO,i,NOVO,0,30,NOVO,PARTIDO NOVO,,30,280002539826,ROMEU ZEMA NETO,ZEMA,28/10/1964,6,Válido,nao,,6,0.11,0.112065745,LUIS EDUARDO GRANGEIRO GIRÃO,EDUARDO GIRÃO,NOVO,v,,,,,04/10/2026 19:15:08,sim
1,04/10/2026,6257,Presidente,1,municipio,RJ,58459,3302304,LAJE DO MURIAÉ,,,,,UNIDADE POPULAR,i,UP,0,80,UP,UNIDADE POPULAR,,80,280002538811,SAMARA MARTINS DA SILVA FEITOSA,SAMARA,31/08/1987,7,Válido,nao,,5,0.09,0.093388121,RAQUEL NONATO DE BRICIO,RAQUEL BRÍCIO,UP,v,,,,,04/10/2026 19:15:08,sim
1,04/10/2026,6257,Presidente,1,municipio,RJ,58459,3302304,LAJE DO MURIAÉ,,,,,DEMOCRATA,i,DEMOCRATA,0,35,DEMOCRATA,DEMOCRATA,,35,280002548139,WILSON GRASSI JUNIOR,VETERINÁRIO WILSON GRASSI,13/03/1970,11,Válido,nao,,2,0.04,0.037355248,SUÊD HAIDAR NOGUEIRA,SUÊD HAIDAR,DEMOCRATA,v,,,,,04/10/2026 19:15:08,sim
1,04/10/2026,6257,Presidente,1,municipio,RJ,58459,3302304,LAJE DO MURIAÉ,,,,,PARTIDO MISSÃO,i,MISSÃO,0,14,MISSÃO,PARTIDO MISSÃO,,14,280002540694,RENAN ANTONIO FERREIRA DOS SANTOS,RENAN SANTOS,14/02/1984,4,Válido,nao,,41,0.77,0.765782592,AROLDO MEDINA,CORONEL MEDINA,MISSÃO,v,,,,,04/10/2026 19:15:08,sim
1,04/10/2026,6257,Presidente,1,municipio,RJ,58459,3302304,LAJE DO MURIAÉ,,,,,PARTIDO DA CAUSA OPERÁRIA,i,PCO,0,29,PCO,PARTIDO DA CAUSA OPERÁRIA,,29,280002552487,RUI COSTA PIMENTA,RUI COSTA PIMENTA,25/06/1957,12,Válido,nao,,2,0.04,0.037355248,ANTONIO CARLOS SILVA,ANTÔNIO CARLOS,PCO,v,,,,,04/10/2026 19:15:08,sim
1,04/10/2026,6257,Presidente,1,municipio,RJ,58467,3302858,MESQUITA,,,,,PARTIDO LIBERAL,i,PL,0,22,PL,PARTIDO LIBERAL,,22,280002551544,FLAVIO NANTES BOLSONARO,FLAVIO BOLSONARO,30/04/1981,1,Válido,nao,,58774,57.91,57.907130260,ALFREDO GASPAR DE MENDONÇA NETO,ALFREDO GASPAR,PL,v,,,,,04/10/2026 20:36:10,sim
1,04/10/2026,6257,Presidente,1,municipio,RJ,58467,3302858,MESQUITA,,,,,PARTIDO SOCIAL DEMOCRÁTICO,i,PSD,0,55,PSD,PARTIDO SOCIAL DEMOCRÁTICO,,55,280002551932,RONALDO RAMOS CAIADO,RONALDO CAIADO,25/09/1949,5,Válido,nao,,1738,1.71,1.712365883,GILBERTO KASSAB,GILBERTO KASSAB,PSD,v,,,,,04/10/2026 20:36:10,sim
1,04/10/2026,6257,Presidente,1,municipio,RJ,58467,3302858,MESQUITA,,PT/PC do B/PV,FEDERAÇÃO BRASIL DA ESPERANÇA - FE BRASIL,PT/PC do B/PV,BRASIL PRONTO PRA MAIS,c,PSB / PDT / PCDOB / PT / PV / PSOL / REDE,,13,PT,PARTIDO DOS TRABALHADORES,101,13,280002542548,LUIZ INÁCIO LULA DA SILVA,LULA,06/10/1945,2,Válido,nao,,36083,35.55,35.550804457,GERALDO JOSE RODRIGUES ALCKMIN FILHO,GERALDO ALCKMIN,PSB,v,,,,,04/10/2026 20:36:10,sim
1,04/10/2026,6257,Presidente,1,municipio,RJ,58467,3302858,MESQUITA,,,,,PARTIDO SOCIALISTA  DOS TRABALHADORES UNIFICADO,i,PSTU,0,16,PSTU,PARTIDO SOCIALISTA  DOS TRABALHADORES UNIFICADO,,16,280002541457,HERTZ DA CONCEICAO DIAS,HERTZ DIAS,20/10/1970,8,Válido,nao,,46,0.05,0.045321537,VANESSA PORTUGAL BARBOSA,VANESSA PORTUGAL,PSTU,v,,,,,04/10/2026 20:36:10,sim
1,04/10/2026,6257,Presidente,1,municipio,RJ,58467,3302858,MESQUITA,,,,,PARTIDO COMUNISTA BRASILEIRO,i,PCB,0,21,PCB,PARTIDO COMUNISTA BRASILEIRO,,21,280002551975,EDMILSON SILVA COSTA,EDMILSON COSTA,08/04/1950,10,Válido,nao,,27,0.03,0.026601771,CLEUSA DOS SANTOS,CLEUSA SANTOS,PCB,v,,,,,04/10/2026 20:36:10,sim
1,04/10/2026,6257,Presidente,1,municipio,RJ,58467,3302858,MESQUITA,,,,,DEMOCRACIA CRISTÃ,i,DC,0,27,DC,DEMOCRACIA CRISTÃ,,27,280002552484,CLARIANA ZACARKIM BARAO,CLARIANA BARAO,03/04/1987,9,Válido,nao,,49,0.05,0.048277289,FABIANA CRISTINA TAVARES TORQUATO,FABIANA TORQUATO,DC,v,,,,,04/10/2026 20:36:10,sim
1,04/10/2026,6257,Presidente,1,municipio,RJ,58467,3302858,MESQUITA,,,,,PARTIDO NOVO,i,NOVO,0,30,NOVO,PARTIDO NOVO,,30,280002539826,ROMEU ZEMA NETO,ZEMA,28/10/1964,6,Válido,nao,,140,0.14,0.137935111,LUIS EDUARDO GRANGEIRO GIRÃO,EDUARDO GIRÃO,NOVO,v,,,,,04/10/2026 20:36:10,sim
1,04/10/2026,6257,Presidente,1,municipio,RJ,58467,3302858,MESQUITA,,,,,BRASIL DOS NOSSOS SONHOS,c,AGIR / AVANTE,,70,AVANTE,AVANTE,,70,280002551547,AUGUSTO JORGE CURY,ESCRITOR AUGUSTO CURY,02/10/1958,3,Válido,nao,,2444,2.41,2.407952944,JULIO CESAR DELGADO,JÚLIO DELGADO,AVANTE,v,,,,,04/10/2026 20:36:10,sim
1,04/10/2026,6257,Presidente,1,municipio,RJ,58467,3302858,MESQUITA,,,,,DEMOCRATA,i,DEMOCRATA,0,35,DEMOCRATA,DEMOCRATA,,35,280002548139,WILSON GRASSI JUNIOR,VETERINÁRIO WILSON GRASSI,13/03/1970,11,Válido,nao,,8,0.01,0.007882006,SUÊD HAIDAR NOGUEIRA,SUÊD HAIDAR,DEMOCRATA,v,,,,,04/10/2026 20:36:10,sim
1,04/10/2026,6257,Presidente,1,municipio,RJ,58467,3302858,MESQUITA,,,,,UNIDADE POPULAR,i,UP,0,80,UP,UNIDADE POPULAR,,80,280002538811,SAMARA MARTINS DA SILVA FEITOSA,SAMARA,31/08/1987,7,Válido,nao,,124,0.12,0.122171099,RAQUEL NONATO DE BRICIO,RAQUEL BRÍCIO,UP,v,,,,,04/10/2026 20:36:10,sim
1,04/10/2026,6257,Presidente,1,municipio,RJ,58467,3302858,MESQUITA,,,,,PARTIDO MISSÃO,i,MISSÃO,0,14,MISSÃO,PARTIDO MISSÃO,,14,280002540694,RENAN ANTONIO FERREIRA DOS SANTOS,RENAN SANTOS,14/02/1984,4,Válido,nao,,2051,2.02,2.020749382,AROLDO MEDINA,CORONEL MEDINA,MISSÃO,v,,,,,04/10/2026 20:36:10,sim
1,04/10/2026,6257,Presidente,1,municipio,RJ,58467,3302858,MESQUITA,,,,,PARTIDO DA CAUSA OPERÁRIA,i,PCO,0,29,PCO,PARTIDO DA CAUSA OPERÁRIA,,29,280002552487,RUI COSTA PIMENTA,RUI COSTA PIMENTA,25/06/1957,12,Válido,nao,,13,0.01,0.012808260,ANTONIO CARLOS SILVA,ANTÔNIO CARLOS,PCO,v,,,,,04/10/2026 20:36:10,sim
1,04/10/2026,6257,Presidente,1,municipio,RJ,58475,3302403,MACAÉ,,,,,PARTIDO LIBERAL,i,PL,0,22,PL,PARTIDO LIBERAL,,22,280002551544,FLAVIO NANTES BOLSONARO,FLAVIO BOLSONARO,30/04/1981,1,Válido,nao,,71870,52.07,52.069899874,ALFREDO GASPAR DE MENDONÇA NETO,ALFREDO GASPAR,PL,v,,,,,04/10/2026 21:33:40,sim
1,04/10/2026,6257,Presidente,1,municipio,RJ,58475,3302403,MACAÉ,,,,,PARTIDO SOCIAL DEMOCRÁTICO,i,PSD,0,55,PSD,PARTIDO SOCIAL DEMOCRÁTICO,,55,280002551932,RONALDO RAMOS CAIADO,RONALDO CAIADO,25/09/1949,5,Válido,nao,,2243,1.63,1.625056149,GILBERTO KASSAB,GILBERTO KASSAB,PSD,v,,,,,04/10/2026 21:33:40,sim
1,04/10/2026,6257,Presidente,1,municipio,RJ,58475,3302403,MACAÉ,,PT/PC do B/PV,FEDERAÇÃO BRASIL DA ESPERANÇA - FE BRASIL,PT/PC do B/PV,BRASIL PRONTO PRA MAIS,c,PSB / PDT / PCDOB / PT / PV / PSOL / REDE,,13,PT,PARTIDO DOS TRABALHADORES,101,13,280002542548,LUIZ INÁCIO LULA DA SILVA,LULA,06/10/1945,2,Válido,nao,,55742,40.39,40.385144828,GERALDO JOSE RODRIGUES ALCKMIN FILHO,GERALDO ALCKMIN,PSB,v,,,,,04/10/2026 21:33:40,sim
1,04/10/2026,6257,Presidente,1,municipio,RJ,58475,3302403,MACAÉ,,,,,DEMOCRACIA CRISTÃ,i,DC,0,27,DC,DEMOCRACIA CRISTÃ,,27,280002552484,CLARIANA ZACARKIM BARAO,CLARIANA BARAO,03/04/1987,9,Válido,nao,,55,0.04,0.039847565,FABIANA CRISTINA TAVARES TORQUATO,FABIANA TORQUATO,DC,v,,,,,04/10/2026 21:33:40,sim
1,04/10/2026,6257,Presidente,1,municipio,RJ,58475,3302403,MACAÉ,,,,,PARTIDO COMUNISTA BRASILEIRO,i,PCB,0,21,PCB,PARTIDO COMUNISTA BRASILEIRO,,21,280002551975,EDMILSON SILVA COSTA,EDMILSON COSTA,08/04/1950,10,Válido,nao,,39,0.03,0.028255546,CLEUSA DOS SANTOS,CLEUSA SANTOS,PCB,v,,,,,04/10/2026 21:33:40,sim
1,04/10/2026,6257,Presidente,1,municipio,RJ,58475,3302403,MACAÉ,,,,,PARTIDO SOCIALISTA  DOS TRABALHADORES UNIFICADO,i,PSTU,0,16,PSTU,PARTIDO SOCIALISTA  DOS TRABALHADORES UNIFICADO,,16,280002541457,HERTZ DA CONCEICAO DIAS,HERTZ DIAS,20/10/1970,8,Válido,nao,,59,0.04,0.042745570,VANESSA PORTUGAL BARBOSA,VANESSA PORTUGAL,PSTU,v,,,,,04/10/2026 21:33:40,sim
1,04/10/2026,6257,Presidente,1,municipio,RJ,58475,3302403,MACAÉ,,,,,BRASIL DOS NOSSOS SONHOS,c,AGIR / AVANTE,,70,AVANTE,AVANTE,,70,280002551547,AUGUSTO JORGE CURY,ESCRITOR AUGUSTO CURY,02/10/1958,3,Válido,nao,,4480,3.25,3.245765291,JULIO CESAR DELGADO,JÚLIO DELGADO,AVANTE,v,,,,,04/10/2026 21:33:40,sim
1,04/10/2026,6257,Presidente,1,municipio,RJ,58475,3302403,MACAÉ,,,,,PARTIDO NOVO,i,NOVO,0,30,NOVO,PARTIDO NOVO,,30,280002539826,ROMEU ZEMA NETO,ZEMA,28/10/1964,6,Válido,nao,,315,0.23,0.228217872,LUIS EDUARDO GRANGEIRO GIRÃO,EDUARDO GIRÃO,NOVO,v,,,,,04/10/2026 21:33:40,sim
1,04/10/2026,6257,Presidente,1,municipio,RJ,58475,3302403,MACAÉ,,,,,UNIDADE POPULAR,i,UP,0,80,UP,UNIDADE POPULAR,,80,280002538811,SAMARA MARTINS DA SILVA FEITOSA,SAMARA,31/08/1987,7,Válido,nao,,242,0.18,0.175329286,RAQUEL NONATO DE BRICIO,RAQUEL BRÍCIO,UP,v,,,,,04/10/2026 21:33:40,sim
1,04/10/2026,6257,Presidente,1,municipio,RJ,58475,3302403,MACAÉ,,,,,DEMOCRATA,i,DEMOCRATA,0,35,DEMOCRATA,DEMOCRATA,,35,280002548139,WILSON GRASSI JUNIOR,VETERINÁRIO WILSON GRASSI,13/03/1970,11,Válido,nao,,15,0.01,0.010867518,SUÊD HAIDAR NOGUEIRA,SUÊD HAIDAR,DEMOCRATA,v,,,,,04/10/2026 21:33:40,sim
1,04/10/2026,6257,Presidente,1,municipio,RJ,58475,3302403,MACAÉ,,,,,PARTIDO MISSÃO,i,MISSÃO,0,14,MISSÃO,PARTIDO MISSÃO,,14,280002540694,RENAN ANTONIO FERREIRA DOS SANTOS,RENAN SANTOS,14/02/1984,4,Válido,nao,,2948,2.14,2.135829481,AROLDO MEDINA,CORONEL MEDINA,MISSÃO,v,,,,,04/10/2026 21:33:40,sim
1,04/10/2026,6257,Presidente,1,municipio,RJ,58475,3302403,MACAÉ,,,,,PARTIDO DA CAUSA OPERÁRIA,i,PCO,0,29,PCO,PARTIDO DA CAUSA OPERÁRIA,,29,280002552487,RUI COSTA PIMENTA,RUI COSTA PIMENTA,25/06/1957,12,Válido,nao,,18,0.01,0.013041021,ANTONIO CARLOS SILVA,ANTÔNIO CARLOS,PCO,v,,,,,04/10/2026 21:33:40,sim
1,04/10/2026,6257,Presidente,1,municipio,RJ,58491,3302502,MAGÉ,,,,,PARTIDO LIBERAL,i,PL,0,22,PL,PARTIDO LIBERAL,,22,280002551544,FLAVIO NANTES BOLSONARO,FLAVIO BOLSONARO,30/04/1981,1,Válido,nao,,85481,57.92,57.921805123,ALFREDO GASPAR DE MENDONÇA NETO,ALFREDO GASPAR,PL,v,,,,,04/10/2026 20:51:22,sim
1,04/10/2026,6257,Presidente,1,municipio,RJ,58491,3302502,MAGÉ,,,,,PARTIDO SOCIAL DEMOCRÁTICO,i,PSD,0,55,PSD,PARTIDO SOCIAL DEMOCRÁTICO,,55,280002551932,RONALDO RAMOS CAIADO,RONALDO CAIADO,25/09/1949,5,Válido,nao,,2958,2.00,2.004336631,GILBERTO KASSAB,GILBERTO KASSAB,PSD,v,,,,,04/10/2026 20:51:22,sim
1,04/10/2026,6257,Presidente,1,municipio,RJ,58491,3302502,MAGÉ,,PT/PC do B/PV,FEDERAÇÃO BRASIL DA ESPERANÇA - FE BRASIL,PT/PC do B/PV,BRASIL PRONTO PRA MAIS,c,PSB / PDT / PCDOB / PT / PV / PSOL / REDE,,13,PT,PARTIDO DOS TRABALHADORES,101,13,280002542548,LUIZ INÁCIO LULA DA SILVA,LULA,06/10/1945,2,Válido,nao,,51814,35.11,35.109093373,GERALDO JOSE RODRIGUES ALCKMIN FILHO,GERALDO ALCKMIN,PSB,v,,,,,04/10/2026 20:51:22,sim
1,04/10/2026,6257,Presidente,1,municipio,RJ,58491,3302502,MAGÉ,,,,,DEMOCRACIA CRISTÃ,i,DC,0,27,DC,DEMOCRACIA CRISTÃ,,27,280002552484,CLARIANA ZACARKIM BARAO,CLARIANA BARAO,03/04/1987,9,Válido,nao,,86,0.06,0.058273479,FABIANA CRISTINA TAVARES TORQUATO,FABIANA TORQUATO,DC,v,,,,,04/10/2026 20:51:22,sim
1,04/10/2026,6257,Presidente,1,municipio,RJ,58491,3302502,MAGÉ,,,,,PARTIDO COMUNISTA BRASILEIRO,i,PCB,0,21,PCB,PARTIDO COMUNISTA BRASILEIRO,,21,280002551975,EDMILSON SILVA COSTA,EDMILSON COSTA,08/04/1950,10,Válido,nao,,53,0.04,0.035912725,CLEUSA DOS SANTOS,CLEUSA SANTOS,PCB,v,,,,,04/10/2026 20:51:22,sim
1,04/10/2026,6257,Presidente,1,municipio,RJ,58491,3302502,MAGÉ,,,,,PARTIDO SOCIALISTA  DOS TRABALHADORES UNIFICADO,i,PSTU,0,16,PSTU,PARTIDO SOCIALISTA  DOS TRABALHADORES UNIFICADO,,16,280002541457,HERTZ DA CONCEICAO DIAS,HERTZ DIAS,20/10/1970,8,Válido,nao,,27,0.02,0.018295162,VANESSA PORTUGAL BARBOSA,VANESSA PORTUGAL,PSTU,v,,,,,04/10/2026 20:51:22,sim
1,04/10/2026,6257,Presidente,1,municipio,RJ,58491,3302502,MAGÉ,,,,,BRASIL DOS NOSSOS SONHOS,c,AGIR / AVANTE,,70,AVANTE,AVANTE,,70,280002551547,AUGUSTO JORGE CURY,ESCRITOR AUGUSTO CURY,02/10/1958,3,Válido,nao,,3869,2.62,2.621628947,JULIO CESAR DELGADO,JÚLIO DELGADO,AVANTE,v,,,,,04/10/2026 20:51:22,sim
1,04/10/2026,6257,Presidente,1,municipio,RJ,58491,3302502,MAGÉ,,,,,PARTIDO NOVO,i,NOVO,0,30,NOVO,PARTIDO NOVO,,30,280002539826,ROMEU ZEMA NETO,ZEMA,28/10/1964,6,Válido,nao,,216,0.15,0.146361296,LUIS EDUARDO GRANGEIRO GIRÃO,EDUARDO GIRÃO,NOVO,v,,,,,04/10/2026 20:51:22,sim
1,04/10/2026,6257,Presidente,1,municipio,RJ,58491,3302502,MAGÉ,,,,,UNIDADE POPULAR,i,UP,0,80,UP,UNIDADE POPULAR,,80,280002538811,SAMARA MARTINS DA SILVA FEITOSA,SAMARA,31/08/1987,7,Válido,nao,,191,0.13,0.129421331,RAQUEL NONATO DE BRICIO,RAQUEL BRÍCIO,UP,v,,,,,04/10/2026 20:51:22,sim
1,04/10/2026,6257,Presidente,1,municipio,RJ,58491,3302502,MAGÉ,,,,,DEMOCRATA,i,DEMOCRATA,0,35,DEMOCRATA,DEMOCRATA,,35,280002548139,WILSON GRASSI JUNIOR,VETERINÁRIO WILSON GRASSI,13/03/1970,11,Válido,nao,,18,0.01,0.012196775,SUÊD HAIDAR NOGUEIRA,SUÊD HAIDAR,DEMOCRATA,v,,,,,04/10/2026 20:51:22,sim
1,04/10/2026,6257,Presidente,1,municipio,RJ,58491,3302502,MAGÉ,,,,,PARTIDO MISSÃO,i,MISSÃO,0,14,MISSÃO,PARTIDO MISSÃO,,14,280002540694,RENAN ANTONIO FERREIRA DOS SANTOS,RENAN SANTOS,14/02/1984,4,Válido,nao,,2849,1.93,1.930478385,AROLDO MEDINA,CORONEL MEDINA,MISSÃO,v,,,,,04/10/2026 20:51:22,sim
1,04/10/2026,6257,Presidente,1,municipio,RJ,58491,3302502,MAGÉ,,,,,PARTIDO DA CAUSA OPERÁRIA,i,PCO,0,29,PCO,PARTIDO DA CAUSA OPERÁRIA,,29,280002552487,RUI COSTA PIMENTA,RUI COSTA PIMENTA,25/06/1957,12,Válido,nao,,18,0.01,0.012196775,ANTONIO CARLOS SILVA,ANTÔNIO CARLOS,PCO,v,,,,,04/10/2026 20:51:22,sim
1,04/10/2026,6257,Presidente,1,municipio,RJ,58513,3302601,MANGARATIBA,,,,,PARTIDO LIBERAL,i,PL,0,22,PL,PARTIDO LIBERAL,,22,280002551544,FLAVIO NANTES BOLSONARO,FLAVIO BOLSONARO,30/04/1981,1,Válido,nao,,20418,61.99,61.985428051,ALFREDO GASPAR DE MENDONÇA NETO,ALFREDO GASPAR,PL,v,,,,,04/10/2026 19:04:13,sim
1,04/10/2026,6257,Presidente,1,municipio,RJ,58513,3302601,MANGARATIBA,,,,,PARTIDO SOCIAL DEMOCRÁTICO,i,PSD,0,55,PSD,PARTIDO SOCIAL DEMOCRÁTICO,,55,280002551932,RONALDO RAMOS CAIADO,RONALDO CAIADO,25/09/1949,4,Válido,nao,,521,1.58,1.581663631,GILBERTO KASSAB,GILBERTO KASSAB,PSD,v,,,,,04/10/2026 19:04:13,sim
1,04/10/2026,6257,Presidente,1,municipio,RJ,58513,3302601,MANGARATIBA,,PT/PC do B/PV,FEDERAÇÃO BRASIL DA ESPERANÇA - FE BRASIL,PT/PC do B/PV,BRASIL PRONTO PRA MAIS,c,PSB / PDT / PCDOB / PT / PV / PSOL / REDE,,13,PT,PARTIDO DOS TRABALHADORES,101,13,280002542548,LUIZ INÁCIO LULA DA SILVA,LULA,06/10/1945,2,Válido,nao,,10613,32.22,32.219186400,GERALDO JOSE RODRIGUES ALCKMIN FILHO,GERALDO ALCKMIN,PSB,v,,,,,04/10/2026 19:04:13,sim
1,04/10/2026,6257,Presidente,1,municipio,RJ,58513,3302601,MANGARATIBA,,,,,DEMOCRACIA CRISTÃ,i,DC,0,27,DC,DEMOCRACIA CRISTÃ,,27,280002552484,CLARIANA ZACARKIM BARAO,CLARIANA BARAO,03/04/1987,9,Válido,nao,,11,0.03,0.033394050,FABIANA CRISTINA TAVARES TORQUATO,FABIANA TORQUATO,DC,v,,,,,04/10/2026 19:04:13,sim
1,04/10/2026,6257,Presidente,1,municipio,RJ,58513,3302601,MANGARATIBA,,,,,PARTIDO COMUNISTA BRASILEIRO,i,PCB,0,21,PCB,PARTIDO COMUNISTA BRASILEIRO,,21,280002551975,EDMILSON SILVA COSTA,EDMILSON COSTA,08/04/1950,10,Válido,nao,,7,0.02,0.021250759,CLEUSA DOS SANTOS,CLEUSA SANTOS,PCB,v,,,,,04/10/2026 19:04:13,sim
1,04/10/2026,6257,Presidente,1,municipio,RJ,58513,3302601,MANGARATIBA,,,,,PARTIDO SOCIALISTA  DOS TRABALHADORES UNIFICADO,i,PSTU,0,16,PSTU,PARTIDO SOCIALISTA  DOS TRABALHADORES UNIFICADO,,16,280002541457,HERTZ DA CONCEICAO DIAS,HERTZ DIAS,20/10/1970,8,Válido,nao,,3,0.01,0.009107468,VANESSA PORTUGAL BARBOSA,VANESSA PORTUGAL,PSTU,v,,,,,04/10/2026 19:04:13,sim
1,04/10/2026,6257,Presidente,1,municipio,RJ,58513,3302601,MANGARATIBA,,,,,BRASIL DOS NOSSOS SONHOS,c,AGIR / AVANTE,,70,AVANTE,AVANTE,,70,280002551547,AUGUSTO JORGE CURY,ESCRITOR AUGUSTO CURY,02/10/1958,3,Válido,nao,,682,2.07,2.070431087,JULIO CESAR DELGADO,JÚLIO DELGADO,AVANTE,v,,,,,04/10/2026 19:04:13,sim
1,04/10/2026,6257,Presidente,1,municipio,RJ,58513,3302601,MANGARATIBA,,,,,PARTIDO NOVO,i,NOVO,0,30,NOVO,PARTIDO NOVO,,30,280002539826,ROMEU ZEMA NETO,ZEMA,28/10/1964,6,Válido,nao,,52,0.16,0.157862781,LUIS EDUARDO GRANGEIRO GIRÃO,EDUARDO GIRÃO,NOVO,v,,,,,04/10/2026 19:04:13,sim
1,04/10/2026,6257,Presidente,1,municipio,RJ,58513,3302601,MANGARATIBA,,,,,UNIDADE POPULAR,i,UP,0,80,UP,UNIDADE POPULAR,,80,280002538811,SAMARA MARTINS DA SILVA FEITOSA,SAMARA,31/08/1987,7,Válido,nao,,26,0.08,0.078931390,RAQUEL NONATO DE BRICIO,RAQUEL BRÍCIO,UP,v,,,,,04/10/2026 19:04:13,sim
1,04/10/2026,6257,Presidente,1,municipio,RJ,58513,3302601,MANGARATIBA,,,,,DEMOCRATA,i,DEMOCRATA,0,35,DEMOCRATA,DEMOCRATA,,35,280002548139,WILSON GRASSI JUNIOR,VETERINÁRIO WILSON GRASSI,13/03/1970,11,Válido,nao,,4,0.01,0.012143291,SUÊD HAIDAR NOGUEIRA,SUÊD HAIDAR,DEMOCRATA,v,,,,,04/10/2026 19:04:13,sim
1,04/10/2026,6257,Presidente,1,municipio,RJ,58513,3302601,MANGARATIBA,,,,,PARTIDO MISSÃO,i,MISSÃO,0,14,MISSÃO,PARTIDO MISSÃO,,14,280002540694,RENAN ANTONIO FERREIRA DOS SANTOS,RENAN SANTOS,14/02/1984,5,Válido,nao,,599,1.82,1.818457802,AROLDO MEDINA,CORONEL MEDINA,MISSÃO,v,,,,,04/10/2026 19:04:13,sim
1,04/10/2026,6257,Presidente,1,municipio,RJ,58513,3302601,MANGARATIBA,,,,,PARTIDO DA CAUSA OPERÁRIA,i,PCO,0,29,PCO,PARTIDO DA CAUSA OPERÁRIA,,29,280002552487,RUI COSTA PIMENTA,RUI COSTA PIMENTA,25/06/1957,12,Válido,nao,,4,0.01,0.012143291,ANTONIO CARLOS SILVA,ANTÔNIO CARLOS,PCO,v,,,,,04/10/2026 19:04:13,sim
1,04/10/2026,6257,Presidente,1,municipio,RJ,58530,3302700,MARICÁ,,,,,PARTIDO LIBERAL,i,PL,0,22,PL,PARTIDO LIBERAL,,22,280002551544,FLAVIO NANTES BOLSONARO,FLAVIO BOLSONARO,30/04/1981,1,Válido,nao,,69193,49.82,49.824301165,ALFREDO GASPAR DE MENDONÇA NETO,ALFREDO GASPAR,PL,v,,,,,04/10/2026 21:29:28,sim
1,04/10/2026,6257,Presidente,1,municipio,RJ,58530,3302700,MARICÁ,,,,,PARTIDO SOCIAL DEMOCRÁTICO,i,PSD,0,55,PSD,PARTIDO SOCIAL DEMOCRÁTICO,,55,280002551932,RONALDO RAMOS CAIADO,RONALDO CAIADO,25/09/1949,5,Válido,nao,,2383,1.72,1.715943949,GILBERTO KASSAB,GILBERTO KASSAB,PSD,v,,,,,04/10/2026 21:29:28,sim
1,04/10/2026,6257,Presidente,1,municipio,RJ,58530,3302700,MARICÁ,,PT/PC do B/PV,FEDERAÇÃO BRASIL DA ESPERANÇA - FE BRASIL,PT/PC do B/PV,BRASIL PRONTO PRA MAIS,c,PSB / PDT / PCDOB / PT / PV / PSOL / REDE,,13,PT,PARTIDO DOS TRABALHADORES,101,13,280002542548,LUIZ INÁCIO LULA DA SILVA,LULA,06/10/1945,2,Válido,nao,,59972,43.18,43.184469375,GERALDO JOSE RODRIGUES ALCKMIN FILHO,GERALDO ALCKMIN,PSB,v,,,,,04/10/2026 21:29:28,sim
1,04/10/2026,6257,Presidente,1,municipio,RJ,58530,3302700,MARICÁ,,,,,DEMOCRACIA CRISTÃ,i,DC,0,27,DC,DEMOCRACIA CRISTÃ,,27,280002552484,CLARIANA ZACARKIM BARAO,CLARIANA BARAO,03/04/1987,9,Válido,nao,,42,0.03,0.030243242,FABIANA CRISTINA TAVARES TORQUATO,FABIANA TORQUATO,DC,v,,,,,04/10/2026 21:29:28,sim
1,04/10/2026,6257,Presidente,1,municipio,RJ,58530,3302700,MARICÁ,,,,,PARTIDO COMUNISTA BRASILEIRO,i,PCB,0,21,PCB,PARTIDO COMUNISTA BRASILEIRO,,21,280002551975,EDMILSON SILVA COSTA,EDMILSON COSTA,08/04/1950,10,Válido,nao,,34,0.02,0.024482625,CLEUSA DOS SANTOS,CLEUSA SANTOS,PCB,v,,,,,04/10/2026 21:29:28,sim
1,04/10/2026,6257,Presidente,1,municipio,RJ,58530,3302700,MARICÁ,,,,,PARTIDO SOCIALISTA  DOS TRABALHADORES UNIFICADO,i,PSTU,0,16,PSTU,PARTIDO SOCIALISTA  DOS TRABALHADORES UNIFICADO,,16,280002541457,HERTZ DA CONCEICAO DIAS,HERTZ DIAS,20/10/1970,8,Válido,nao,,42,0.03,0.030243242,VANESSA PORTUGAL BARBOSA,VANESSA PORTUGAL,PSTU,v,,,,,04/10/2026 21:29:28,sim
1,04/10/2026,6257,Presidente,1,municipio,RJ,58530,3302700,MARICÁ,,,,,BRASIL DOS NOSSOS SONHOS,c,AGIR / AVANTE,,70,AVANTE,AVANTE,,70,280002551547,AUGUSTO JORGE CURY,ESCRITOR AUGUSTO CURY,02/10/1958,3,Válido,nao,,3567,2.57,2.568515345,JULIO CESAR DELGADO,JÚLIO DELGADO,AVANTE,v,,,,,04/10/2026 21:29:28,sim
1,04/10/2026,6257,Presidente,1,municipio,RJ,58530,3302700,MARICÁ,,,,,PARTIDO NOVO,i,NOVO,0,30,NOVO,PARTIDO NOVO,,30,280002539826,ROMEU ZEMA NETO,ZEMA,28/10/1964,6,Válido,nao,,230,0.17,0.165617754,LUIS EDUARDO GRANGEIRO GIRÃO,EDUARDO GIRÃO,NOVO,v,,,,,04/10/2026 21:29:28,sim
1,04/10/2026,6257,Presidente,1,municipio,RJ,58530,3302700,MARICÁ,,,,,UNIDADE POPULAR,i,UP,0,80,UP,UNIDADE POPULAR,,80,280002538811,SAMARA MARTINS DA SILVA FEITOSA,SAMARA,31/08/1987,7,Válido,nao,,260,0.19,0.187220070,RAQUEL NONATO DE BRICIO,RAQUEL BRÍCIO,UP,v,,,,,04/10/2026 21:29:28,sim
1,04/10/2026,6257,Presidente,1,municipio,RJ,58530,3302700,MARICÁ,,,,,DEMOCRATA,i,DEMOCRATA,0,35,DEMOCRATA,DEMOCRATA,,35,280002548139,WILSON GRASSI JUNIOR,VETERINÁRIO WILSON GRASSI,13/03/1970,11,Válido,nao,,19,0.01,0.013681467,SUÊD HAIDAR NOGUEIRA,SUÊD HAIDAR,DEMOCRATA,v,,,,,04/10/2026 21:29:28,sim
1,04/10/2026,6257,Presidente,1,municipio,RJ,58530,3302700,MARICÁ,,,,,PARTIDO MISSÃO,i,MISSÃO,0,14,MISSÃO,PARTIDO MISSÃO,,14,280002540694,RENAN ANTONIO FERREIRA DOS SANTOS,RENAN SANTOS,14/02/1984,4,Válido,nao,,3120,2.25,2.246640840,AROLDO MEDINA,CORONEL MEDINA,MISSÃO,v,,,,,04/10/2026 21:29:28,sim
1,04/10/2026,6257,Presidente,1,municipio,RJ,58530,3302700,MARICÁ,,,,,PARTIDO DA CAUSA OPERÁRIA,i,PCO,0,29,PCO,PARTIDO DA CAUSA OPERÁRIA,,29,280002552487,RUI COSTA PIMENTA,RUI COSTA PIMENTA,25/06/1957,12,Válido,nao,,12,0.01,0.008640926,ANTONIO CARLOS SILVA,ANTÔNIO CARLOS,PCO,v,,,,,04/10/2026 21:29:28,sim
1,04/10/2026,6257,Presidente,1,municipio,RJ,58556,3302809,MENDES,,,,,PARTIDO LIBERAL,i,PL,0,22,PL,PARTIDO LIBERAL,,22,280002551544,FLAVIO NANTES BOLSONARO,FLAVIO BOLSONARO,30/04/1981,1,Válido,nao,,5529,48.87,48.872977990,ALFREDO GASPAR DE MENDONÇA NETO,ALFREDO GASPAR,PL,v,,,,,04/10/2026 17:51:32,sim
1,04/10/2026,6257,Presidente,1,municipio,RJ,58556,3302809,MENDES,,,,,PARTIDO SOCIAL DEMOCRÁTICO,i,PSD,0,55,PSD,PARTIDO SOCIAL DEMOCRÁTICO,,55,280002551932,RONALDO RAMOS CAIADO,RONALDO CAIADO,25/09/1949,4,Válido,nao,,241,2.13,2.130292584,GILBERTO KASSAB,GILBERTO KASSAB,PSD,v,,,,,04/10/2026 17:51:32,sim
1,04/10/2026,6257,Presidente,1,municipio,RJ,58556,3302809,MENDES,,PT/PC do B/PV,FEDERAÇÃO BRASIL DA ESPERANÇA - FE BRASIL,PT/PC do B/PV,BRASIL PRONTO PRA MAIS,c,PSB / PDT / PCDOB / PT / PV / PSOL / REDE,,13,PT,PARTIDO DOS TRABALHADORES,101,13,280002542548,LUIZ INÁCIO LULA DA SILVA,LULA,06/10/1945,2,Válido,nao,,4966,43.90,43.896402369,GERALDO JOSE RODRIGUES ALCKMIN FILHO,GERALDO ALCKMIN,PSB,v,,,,,04/10/2026 17:51:32,sim
1,04/10/2026,6257,Presidente,1,municipio,RJ,58556,3302809,MENDES,,,,,PARTIDO SOCIALISTA  DOS TRABALHADORES UNIFICADO,i,PSTU,0,16,PSTU,PARTIDO SOCIALISTA  DOS TRABALHADORES UNIFICADO,,16,280002541457,HERTZ DA CONCEICAO DIAS,HERTZ DIAS,20/10/1970,9,Válido,nao,,3,0.03,0.026518165,VANESSA PORTUGAL BARBOSA,VANESSA PORTUGAL,PSTU,v,,,,,04/10/2026 17:51:32,sim
1,04/10/2026,6257,Presidente,1,municipio,RJ,58556,3302809,MENDES,,,,,PARTIDO COMUNISTA BRASILEIRO,i,PCB,0,21,PCB,PARTIDO COMUNISTA BRASILEIRO,,21,280002551975,EDMILSON SILVA COSTA,EDMILSON COSTA,08/04/1950,10,Válido,nao,,0,0.00,0,CLEUSA DOS SANTOS,CLEUSA SANTOS,PCB,v,,,,,04/10/2026 17:51:32,sim
1,04/10/2026,6257,Presidente,1,municipio,RJ,58556,3302809,MENDES,,,,,DEMOCRACIA CRISTÃ,i,DC,0,27,DC,DEMOCRACIA CRISTÃ,,27,280002552484,CLARIANA ZACARKIM BARAO,CLARIANA BARAO,03/04/1987,8,Válido,nao,,3,0.03,0.026518165,FABIANA CRISTINA TAVARES TORQUATO,FABIANA TORQUATO,DC,v,,,,,04/10/2026 17:51:32,sim
1,04/10/2026,6257,Presidente,1,municipio,RJ,58556,3302809,MENDES,,,,,PARTIDO NOVO,i,NOVO,0,30,NOVO,PARTIDO NOVO,,30,280002539826,ROMEU ZEMA NETO,ZEMA,28/10/1964,6,Válido,nao,,31,0.27,0.274021038,LUIS EDUARDO GRANGEIRO GIRÃO,EDUARDO GIRÃO,NOVO,v,,,,,04/10/2026 17:51:32,sim
1,04/10/2026,6257,Presidente,1,municipio,RJ,58556,3302809,MENDES,,,,,BRASIL DOS NOSSOS SONHOS,c,AGIR / AVANTE,,70,AVANTE,AVANTE,,70,280002551547,AUGUSTO JORGE CURY,ESCRITOR AUGUSTO CURY,02/10/1958,3,Válido,nao,,280,2.48,2.475028728,JULIO CESAR DELGADO,JÚLIO DELGADO,AVANTE,v,,,,,04/10/2026 17:51:32,sim
1,04/10/2026,6257,Presidente,1,municipio,RJ,58556,3302809,MENDES,,,,,DEMOCRATA,i,DEMOCRATA,0,35,DEMOCRATA,DEMOCRATA,,35,280002548139,WILSON GRASSI JUNIOR,VETERINÁRIO WILSON GRASSI,13/03/1970,11,Válido,nao,,4,0.04,0.035357553,SUÊD HAIDAR NOGUEIRA,SUÊD HAIDAR,DEMOCRATA,v,,,,,04/10/2026 17:51:32,sim
1,04/10/2026,6257,Presidente,1,municipio,RJ,58556,3302809,MENDES,,,,,UNIDADE POPULAR,i,UP,0,80,UP,UNIDADE POPULAR,,80,280002538811,SAMARA MARTINS DA SILVA FEITOSA,SAMARA,31/08/1987,7,Válido,nao,,13,0.11,0.114912048,RAQUEL NONATO DE BRICIO,RAQUEL BRÍCIO,UP,v,,,,,04/10/2026 17:51:32,sim
1,04/10/2026,6257,Presidente,1,municipio,RJ,58556,3302809,MENDES,,,,,PARTIDO MISSÃO,i,MISSÃO,0,14,MISSÃO,PARTIDO MISSÃO,,14,280002540694,RENAN ANTONIO FERREIRA DOS SANTOS,RENAN SANTOS,14/02/1984,5,Válido,nao,,241,2.13,2.130292584,AROLDO MEDINA,CORONEL MEDINA,MISSÃO,v,,,,,04/10/2026 17:51:32,sim
1,04/10/2026,6257,Presidente,1,municipio,RJ,58556,3302809,MENDES,,,,,PARTIDO DA CAUSA OPERÁRIA,i,PCO,0,29,PCO,PARTIDO DA CAUSA OPERÁRIA,,29,280002552487,RUI COSTA PIMENTA,RUI COSTA PIMENTA,25/06/1957,12,Válido,nao,,2,0.02,0.017678777,ANTONIO CARLOS SILVA,ANTÔNIO CARLOS,PCO,v,,,,,04/10/2026 17:51:32,sim
1,04/10/2026,6257,Presidente,1,municipio,RJ,58572,3302908,MIGUEL PEREIRA,,,,,PARTIDO LIBERAL,i,PL,0,22,PL,PARTIDO LIBERAL,,22,280002551544,FLAVIO NANTES BOLSONARO,FLAVIO BOLSONARO,30/04/1981,1,Válido,nao,,10499,56.87,56.868161629,ALFREDO GASPAR DE MENDONÇA NETO,ALFREDO GASPAR,PL,v,,,,,04/10/2026 19:04:32,sim
1,04/10/2026,6257,Presidente,1,municipio,RJ,58572,3302908,MIGUEL PEREIRA,,,,,PARTIDO SOCIAL DEMOCRÁTICO,i,PSD,0,55,PSD,PARTIDO SOCIAL DEMOCRÁTICO,,55,280002551932,RONALDO RAMOS CAIADO,RONALDO CAIADO,25/09/1949,4,Válido,nao,,382,2.07,2.069114939,GILBERTO KASSAB,GILBERTO KASSAB,PSD,v,,,,,04/10/2026 19:04:32,sim
1,04/10/2026,6257,Presidente,1,municipio,RJ,58572,3302908,MIGUEL PEREIRA,,PT/PC do B/PV,FEDERAÇÃO BRASIL DA ESPERANÇA - FE BRASIL,PT/PC do B/PV,BRASIL PRONTO PRA MAIS,c,PSB / PDT / PCDOB / PT / PV / PSOL / REDE,,13,PT,PARTIDO DOS TRABALHADORES,101,13,280002542548,LUIZ INÁCIO LULA DA SILVA,LULA,06/10/1945,2,Válido,nao,,6675,36.16,36.155346116,GERALDO JOSE RODRIGUES ALCKMIN FILHO,GERALDO ALCKMIN,PSB,v,,,,,04/10/2026 19:04:32,sim
1,04/10/2026,6257,Presidente,1,municipio,RJ,58572,3302908,MIGUEL PEREIRA,,,,,DEMOCRACIA CRISTÃ,i,DC,0,27,DC,DEMOCRACIA CRISTÃ,,27,280002552484,CLARIANA ZACARKIM BARAO,CLARIANA BARAO,03/04/1987,9,Válido,nao,,4,0.02,0.021666125,FABIANA CRISTINA TAVARES TORQUATO,FABIANA TORQUATO,DC,v,,,,,04/10/2026 19:04:32,sim
1,04/10/2026,6257,Presidente,1,municipio,RJ,58572,3302908,MIGUEL PEREIRA,,,,,PARTIDO COMUNISTA BRASILEIRO,i,PCB,0,21,PCB,PARTIDO COMUNISTA BRASILEIRO,,21,280002551975,EDMILSON SILVA COSTA,EDMILSON COSTA,08/04/1950,10,Válido,nao,,1,0.01,0.005416531,CLEUSA DOS SANTOS,CLEUSA SANTOS,PCB,v,,,,,04/10/2026 19:04:32,sim
1,04/10/2026,6257,Presidente,1,municipio,RJ,58572,3302908,MIGUEL PEREIRA,,,,,PARTIDO SOCIALISTA  DOS TRABALHADORES UNIFICADO,i,PSTU,0,16,PSTU,PARTIDO SOCIALISTA  DOS TRABALHADORES UNIFICADO,,16,280002541457,HERTZ DA CONCEICAO DIAS,HERTZ DIAS,20/10/1970,8,Válido,nao,,4,0.02,0.021666125,VANESSA PORTUGAL BARBOSA,VANESSA PORTUGAL,PSTU,v,,,,,04/10/2026 19:04:32,sim
1,04/10/2026,6257,Presidente,1,municipio,RJ,58572,3302908,MIGUEL PEREIRA,,,,,BRASIL DOS NOSSOS SONHOS,c,AGIR / AVANTE,,70,AVANTE,AVANTE,,70,280002551547,AUGUSTO JORGE CURY,ESCRITOR AUGUSTO CURY,02/10/1958,3,Válido,nao,,462,2.50,2.502437439,JULIO CESAR DELGADO,JÚLIO DELGADO,AVANTE,v,,,,,04/10/2026 19:04:32,sim
1,04/10/2026,6257,Presidente,1,municipio,RJ,58572,3302908,MIGUEL PEREIRA,,,,,PARTIDO NOVO,i,NOVO,0,30,NOVO,PARTIDO NOVO,,30,280002539826,ROMEU ZEMA NETO,ZEMA,28/10/1964,6,Válido,nao,,35,0.19,0.189578594,LUIS EDUARDO GRANGEIRO GIRÃO,EDUARDO GIRÃO,NOVO,v,,,,,04/10/2026 19:04:32,sim
1,04/10/2026,6257,Presidente,1,municipio,RJ,58572,3302908,MIGUEL PEREIRA,,,,,UNIDADE POPULAR,i,UP,0,80,UP,UNIDADE POPULAR,,80,280002538811,SAMARA MARTINS DA SILVA FEITOSA,SAMARA,31/08/1987,7,Válido,nao,,18,0.10,0.097497563,RAQUEL NONATO DE BRICIO,RAQUEL BRÍCIO,UP,v,,,,,04/10/2026 19:04:32,sim
1,04/10/2026,6257,Presidente,1,municipio,RJ,58572,3302908,MIGUEL PEREIRA,,,,,DEMOCRATA,i,DEMOCRATA,0,35,DEMOCRATA,DEMOCRATA,,35,280002548139,WILSON GRASSI JUNIOR,VETERINÁRIO WILSON GRASSI,13/03/1970,11,Válido,nao,,6,0.03,0.032499188,SUÊD HAIDAR NOGUEIRA,SUÊD HAIDAR,DEMOCRATA,v,,,,,04/10/2026 19:04:32,sim
1,04/10/2026,6257,Presidente,1,municipio,RJ,58572,3302908,MIGUEL PEREIRA,,,,,PARTIDO MISSÃO,i,MISSÃO,0,14,MISSÃO,PARTIDO MISSÃO,,14,280002540694,RENAN ANTONIO FERREIRA DOS SANTOS,RENAN SANTOS,14/02/1984,5,Válido,nao,,371,2.01,2.009533095,AROLDO MEDINA,CORONEL MEDINA,MISSÃO,v,,,,,04/10/2026 19:04:32,sim
1,04/10/2026,6257,Presidente,1,municipio,RJ,58572,3302908,MIGUEL PEREIRA,,,,,PARTIDO DA CAUSA OPERÁRIA,i,PCO,0,29,PCO,PARTIDO DA CAUSA OPERÁRIA,,29,280002552487,RUI COSTA PIMENTA,RUI COSTA PIMENTA,25/06/1957,12,Válido,nao,,5,0.03,0.027082656,ANTONIO CARLOS SILVA,ANTÔNIO CARLOS,PCO,v,,,,,04/10/2026 19:04:32,sim
1,04/10/2026,6257,Presidente,1,municipio,RJ,58599,3303005,MIRACEMA,,,,,PARTIDO LIBERAL,i,PL,0,22,PL,PARTIDO LIBERAL,,22,280002551544,FLAVIO NANTES BOLSONARO,FLAVIO BOLSONARO,30/04/1981,1,Válido,nao,,7380,45.35,45.351195231,ALFREDO GASPAR DE MENDONÇA NETO,ALFREDO GASPAR,PL,v,,,,,04/10/2026 19:04:32,sim
1,04/10/2026,6257,Presidente,1,municipio,RJ,58599,3303005,MIRACEMA,,,,,PARTIDO SOCIAL DEMOCRÁTICO,i,PSD,0,55,PSD,PARTIDO SOCIAL DEMOCRÁTICO,,55,280002551932,RONALDO RAMOS CAIADO,RONALDO CAIADO,25/09/1949,4,Válido,nao,,367,2.26,2.255269465,GILBERTO KASSAB,GILBERTO KASSAB,PSD,v,,,,,04/10/2026 19:04:32,sim
1,04/10/2026,6257,Presidente,1,municipio,RJ,58599,3303005,MIRACEMA,,PT/PC do B/PV,FEDERAÇÃO BRASIL DA ESPERANÇA - FE BRASIL,PT/PC do B/PV,BRASIL PRONTO PRA MAIS,c,PSB / PDT / PCDOB / PT / PV / PSOL / REDE,,13,PT,PARTIDO DOS TRABALHADORES,101,13,280002542548,LUIZ INÁCIO LULA DA SILVA,LULA,06/10/1945,2,Válido,nao,,7909,48.60,48.601978738,GERALDO JOSE RODRIGUES ALCKMIN FILHO,GERALDO ALCKMIN,PSB,v,,,,,04/10/2026 19:04:32,sim
1,04/10/2026,6257,Presidente,1,municipio,RJ,58599,3303005,MIRACEMA,,,,,DEMOCRACIA CRISTÃ,i,DC,0,27,DC,DEMOCRACIA CRISTÃ,,27,280002552484,CLARIANA ZACARKIM BARAO,CLARIANA BARAO,03/04/1987,9,Válido,nao,,3,0.02,0.018435445,FABIANA CRISTINA TAVARES TORQUATO,FABIANA TORQUATO,DC,v,,,,,04/10/2026 19:04:32,sim
1,04/10/2026,6257,Presidente,1,municipio,RJ,58599,3303005,MIRACEMA,,,,,PARTIDO COMUNISTA BRASILEIRO,i,PCB,0,21,PCB,PARTIDO COMUNISTA BRASILEIRO,,21,280002551975,EDMILSON SILVA COSTA,EDMILSON COSTA,08/04/1950,10,Válido,nao,,8,0.05,0.049161187,CLEUSA DOS SANTOS,CLEUSA SANTOS,PCB,v,,,,,04/10/2026 19:04:32,sim
1,04/10/2026,6257,Presidente,1,municipio,RJ,58599,3303005,MIRACEMA,,,,,PARTIDO SOCIALISTA  DOS TRABALHADORES UNIFICADO,i,PSTU,0,16,PSTU,PARTIDO SOCIALISTA  DOS TRABALHADORES UNIFICADO,,16,280002541457,HERTZ DA CONCEICAO DIAS,HERTZ DIAS,20/10/1970,8,Válido,nao,,0,0.00,0,VANESSA PORTUGAL BARBOSA,VANESSA PORTUGAL,PSTU,v,,,,,04/10/2026 19:04:32,sim
1,04/10/2026,6257,Presidente,1,municipio,RJ,58599,3303005,MIRACEMA,,,,,BRASIL DOS NOSSOS SONHOS,c,AGIR / AVANTE,,70,AVANTE,AVANTE,,70,280002551547,AUGUSTO JORGE CURY,ESCRITOR AUGUSTO CURY,02/10/1958,3,Válido,nao,,318,1.95,1.954157193,JULIO CESAR DELGADO,JÚLIO DELGADO,AVANTE,v,,,,,04/10/2026 19:04:32,sim
1,04/10/2026,6257,Presidente,1,municipio,RJ,58599,3303005,MIRACEMA,,,,,PARTIDO NOVO,i,NOVO,0,30,NOVO,PARTIDO NOVO,,30,280002539826,ROMEU ZEMA NETO,ZEMA,28/10/1964,6,Válido,nao,,23,0.14,0.141338413,LUIS EDUARDO GRANGEIRO GIRÃO,EDUARDO GIRÃO,NOVO,v,,,,,04/10/2026 19:04:32,sim
1,04/10/2026,6257,Presidente,1,municipio,RJ,58599,3303005,MIRACEMA,,,,,UNIDADE POPULAR,i,UP,0,80,UP,UNIDADE POPULAR,,80,280002538811,SAMARA MARTINS DA SILVA FEITOSA,SAMARA,31/08/1987,7,Válido,nao,,7,0.04,0.043016039,RAQUEL NONATO DE BRICIO,RAQUEL BRÍCIO,UP,v,,,,,04/10/2026 19:04:32,sim
1,04/10/2026,6257,Presidente,1,municipio,RJ,58599,3303005,MIRACEMA,,,,,DEMOCRATA,i,DEMOCRATA,0,35,DEMOCRATA,DEMOCRATA,,35,280002548139,WILSON GRASSI JUNIOR,VETERINÁRIO WILSON GRASSI,13/03/1970,11,Válido,nao,,2,0.01,0.012290297,SUÊD HAIDAR NOGUEIRA,SUÊD HAIDAR,DEMOCRATA,v,,,,,04/10/2026 19:04:32,sim
1,04/10/2026,6257,Presidente,1,municipio,RJ,58599,3303005,MIRACEMA,,,,,PARTIDO MISSÃO,i,MISSÃO,0,14,MISSÃO,PARTIDO MISSÃO,,14,280002540694,RENAN ANTONIO FERREIRA DOS SANTOS,RENAN SANTOS,14/02/1984,5,Válido,nao,,253,1.55,1.554722547,AROLDO MEDINA,CORONEL MEDINA,MISSÃO,v,,,,,04/10/2026 19:04:32,sim
1,04/10/2026,6257,Presidente,1,municipio,RJ,58599,3303005,MIRACEMA,,,,,PARTIDO DA CAUSA OPERÁRIA,i,PCO,0,29,PCO,PARTIDO DA CAUSA OPERÁRIA,,29,280002552487,RUI COSTA PIMENTA,RUI COSTA PIMENTA,25/06/1957,12,Válido,nao,,3,0.02,0.018435445,ANTONIO CARLOS SILVA,ANTÔNIO CARLOS,PCO,v,,,,,04/10/2026 19:04:32,sim
1,04/10/2026,6257,Presidente,1,municipio,RJ,58610,3303104,NATIVIDADE,,,,,PARTIDO LIBERAL,i,PL,0,22,PL,PARTIDO LIBERAL,,22,280002551544,FLAVIO NANTES BOLSONARO,FLAVIO BOLSONARO,30/04/1981,1,Válido,nao,,4648,50.43,50.428555929,ALFREDO GASPAR DE MENDONÇA NETO,ALFREDO GASPAR,PL,v,,,,,04/10/2026 19:10:59,sim
1,04/10/2026,6257,Presidente,1,municipio,RJ,58610,3303104,NATIVIDADE,,,,,PARTIDO SOCIAL DEMOCRÁTICO,i,PSD,0,55,PSD,PARTIDO SOCIAL DEMOCRÁTICO,,55,280002551932,RONALDO RAMOS CAIADO,RONALDO CAIADO,25/09/1949,5,Válido,nao,,226,2.45,2.451990886,GILBERTO KASSAB,GILBERTO KASSAB,PSD,v,,,,,04/10/2026 19:10:59,sim
1,04/10/2026,6257,Presidente,1,municipio,RJ,58610,3303104,NATIVIDADE,,PT/PC do B/PV,FEDERAÇÃO BRASIL DA ESPERANÇA - FE BRASIL,PT/PC do B/PV,BRASIL PRONTO PRA MAIS,c,PSB / PDT / PCDOB / PT / PV / PSOL / REDE,,13,PT,PARTIDO DOS TRABALHADORES,101,13,280002542548,LUIZ INÁCIO LULA DA SILVA,LULA,06/10/1945,2,Válido,nao,,3856,41.84,41.835738310,GERALDO JOSE RODRIGUES ALCKMIN FILHO,GERALDO ALCKMIN,PSB,v,,,,,04/10/2026 19:10:59,sim
1,04/10/2026,6257,Presidente,1,municipio,RJ,58610,3303104,NATIVIDADE,,,,,DEMOCRACIA CRISTÃ,i,DC,0,27,DC,DEMOCRACIA CRISTÃ,,27,280002552484,CLARIANA ZACARKIM BARAO,CLARIANA BARAO,03/04/1987,9,Válido,nao,,5,0.05,0.054247586,FABIANA CRISTINA TAVARES TORQUATO,FABIANA TORQUATO,DC,v,,,,,04/10/2026 19:10:59,sim
1,04/10/2026,6257,Presidente,1,municipio,RJ,58610,3303104,NATIVIDADE,,,,,PARTIDO COMUNISTA BRASILEIRO,i,PCB,0,21,PCB,PARTIDO COMUNISTA BRASILEIRO,,21,280002551975,EDMILSON SILVA COSTA,EDMILSON COSTA,08/04/1950,10,Válido,nao,,1,0.01,0.010849517,CLEUSA DOS SANTOS,CLEUSA SANTOS,PCB,v,,,,,04/10/2026 19:10:59,sim
1,04/10/2026,6257,Presidente,1,municipio,RJ,58610,3303104,NATIVIDADE,,,,,PARTIDO SOCIALISTA  DOS TRABALHADORES UNIFICADO,i,PSTU,0,16,PSTU,PARTIDO SOCIALISTA  DOS TRABALHADORES UNIFICADO,,16,280002541457,HERTZ DA CONCEICAO DIAS,HERTZ DIAS,20/10/1970,8,Válido,nao,,1,0.01,0.010849517,VANESSA PORTUGAL BARBOSA,VANESSA PORTUGAL,PSTU,v,,,,,04/10/2026 19:10:59,sim
1,04/10/2026,6257,Presidente,1,municipio,RJ,58610,3303104,NATIVIDADE,,,,,BRASIL DOS NOSSOS SONHOS,c,AGIR / AVANTE,,70,AVANTE,AVANTE,,70,280002551547,AUGUSTO JORGE CURY,ESCRITOR AUGUSTO CURY,02/10/1958,3,Válido,nao,,258,2.80,2.799175437,JULIO CESAR DELGADO,JÚLIO DELGADO,AVANTE,v,,,,,04/10/2026 19:10:59,sim
1,04/10/2026,6257,Presidente,1,municipio,RJ,58610,3303104,NATIVIDADE,,,,,PARTIDO NOVO,i,NOVO,0,30,NOVO,PARTIDO NOVO,,30,280002539826,ROMEU ZEMA NETO,ZEMA,28/10/1964,6,Válido,nao,,12,0.13,0.130194206,LUIS EDUARDO GRANGEIRO GIRÃO,EDUARDO GIRÃO,NOVO,v,,,,,04/10/2026 19:10:59,sim
1,04/10/2026,6257,Presidente,1,municipio,RJ,58610,3303104,NATIVIDADE,,,,,UNIDADE POPULAR,i,UP,0,80,UP,UNIDADE POPULAR,,80,280002538811,SAMARA MARTINS DA SILVA FEITOSA,SAMARA,31/08/1987,7,Válido,nao,,11,0.12,0.119344689,RAQUEL NONATO DE BRICIO,RAQUEL BRÍCIO,UP,v,,,,,04/10/2026 19:10:59,sim
1,04/10/2026,6257,Presidente,1,municipio,RJ,58610,3303104,NATIVIDADE,,,,,DEMOCRATA,i,DEMOCRATA,0,35,DEMOCRATA,DEMOCRATA,,35,280002548139,WILSON GRASSI JUNIOR,VETERINÁRIO WILSON GRASSI,13/03/1970,11,Válido,nao,,1,0.01,0.010849517,SUÊD HAIDAR NOGUEIRA,SUÊD HAIDAR,DEMOCRATA,v,,,,,04/10/2026 19:10:59,sim
1,04/10/2026,6257,Presidente,1,municipio,RJ,58610,3303104,NATIVIDADE,,,,,PARTIDO MISSÃO,i,MISSÃO,0,14,MISSÃO,PARTIDO MISSÃO,,14,280002540694,RENAN ANTONIO FERREIRA DOS SANTOS,RENAN SANTOS,14/02/1984,4,Válido,nao,,194,2.10,2.104806336,AROLDO MEDINA,CORONEL MEDINA,MISSÃO,v,,,,,04/10/2026 19:10:59,sim
1,04/10/2026,6257,Presidente,1,municipio,RJ,58610,3303104,NATIVIDADE,,,,,PARTIDO DA CAUSA OPERÁRIA,i,PCO,0,29,PCO,PARTIDO DA CAUSA OPERÁRIA,,29,280002552487,RUI COSTA PIMENTA,RUI COSTA PIMENTA,25/06/1957,12,Válido,nao,,4,0.04,0.043398069,ANTONIO CARLOS SILVA,ANTÔNIO CARLOS,PCO,v,,,,,04/10/2026 19:10:59,sim
1,04/10/2026,6257,Presidente,1,municipio,RJ,58637,3303203,NILÓPOLIS,,,,,PARTIDO LIBERAL,i,PL,0,22,PL,PARTIDO LIBERAL,,22,280002551544,FLAVIO NANTES BOLSONARO,FLAVIO BOLSONARO,30/04/1981,1,Válido,nao,,54213,56.46,56.463640719,ALFREDO GASPAR DE MENDONÇA NETO,ALFREDO GASPAR,PL,v,,,,,04/10/2026 20:56:16,sim
1,04/10/2026,6257,Presidente,1,municipio,RJ,58637,3303203,NILÓPOLIS,,,,,PARTIDO SOCIAL DEMOCRÁTICO,i,PSD,0,55,PSD,PARTIDO SOCIAL DEMOCRÁTICO,,55,280002551932,RONALDO RAMOS CAIADO,RONALDO CAIADO,25/09/1949,5,Válido,nao,,1652,1.72,1.720582415,GILBERTO KASSAB,GILBERTO KASSAB,PSD,v,,,,,04/10/2026 20:56:16,sim
1,04/10/2026,6257,Presidente,1,municipio,RJ,58637,3303203,NILÓPOLIS,,PT/PC do B/PV,FEDERAÇÃO BRASIL DA ESPERANÇA - FE BRASIL,PT/PC do B/PV,BRASIL PRONTO PRA MAIS,c,PSB / PDT / PCDOB / PT / PV / PSOL / REDE,,13,PT,PARTIDO DOS TRABALHADORES,101,13,280002542548,LUIZ INÁCIO LULA DA SILVA,LULA,06/10/1945,2,Válido,nao,,35389,36.86,36.858166517,GERALDO JOSE RODRIGUES ALCKMIN FILHO,GERALDO ALCKMIN,PSB,v,,,,,04/10/2026 20:56:16,sim
1,04/10/2026,6257,Presidente,1,municipio,RJ,58637,3303203,NILÓPOLIS,,,,,DEMOCRACIA CRISTÃ,i,DC,0,27,DC,DEMOCRACIA CRISTÃ,,27,280002552484,CLARIANA ZACARKIM BARAO,CLARIANA BARAO,03/04/1987,9,Válido,nao,,39,0.04,0.040619076,FABIANA CRISTINA TAVARES TORQUATO,FABIANA TORQUATO,DC,v,,,,,04/10/2026 20:56:16,sim
1,04/10/2026,6257,Presidente,1,municipio,RJ,58637,3303203,NILÓPOLIS,,,,,PARTIDO COMUNISTA BRASILEIRO,i,PCB,0,21,PCB,PARTIDO COMUNISTA BRASILEIRO,,21,280002551975,EDMILSON SILVA COSTA,EDMILSON COSTA,08/04/1950,10,Válido,nao,,23,0.02,0.023954840,CLEUSA DOS SANTOS,CLEUSA SANTOS,PCB,v,,,,,04/10/2026 20:56:16,sim
1,04/10/2026,6257,Presidente,1,municipio,RJ,58637,3303203,NILÓPOLIS,,,,,PARTIDO SOCIALISTA  DOS TRABALHADORES UNIFICADO,i,PSTU,0,16,PSTU,PARTIDO SOCIALISTA  DOS TRABALHADORES UNIFICADO,,16,280002541457,HERTZ DA CONCEICAO DIAS,HERTZ DIAS,20/10/1970,8,Válido,nao,,57,0.06,0.059366342,VANESSA PORTUGAL BARBOSA,VANESSA PORTUGAL,PSTU,v,,,,,04/10/2026 20:56:16,sim
1,04/10/2026,6257,Presidente,1,municipio,RJ,58637,3303203,NILÓPOLIS,,,,,BRASIL DOS NOSSOS SONHOS,c,AGIR / AVANTE,,70,AVANTE,AVANTE,,70,280002551547,AUGUSTO JORGE CURY,ESCRITOR AUGUSTO CURY,02/10/1958,3,Válido,nao,,2341,2.44,2.438186098,JULIO CESAR DELGADO,JÚLIO DELGADO,AVANTE,v,,,,,04/10/2026 20:56:16,sim
1,04/10/2026,6257,Presidente,1,municipio,RJ,58637,3303203,NILÓPOLIS,,,,,PARTIDO NOVO,i,NOVO,0,30,NOVO,PARTIDO NOVO,,30,280002539826,ROMEU ZEMA NETO,ZEMA,28/10/1964,6,Válido,nao,,142,0.15,0.147895099,LUIS EDUARDO GRANGEIRO GIRÃO,EDUARDO GIRÃO,NOVO,v,,,,,04/10/2026 20:56:16,sim
1,04/10/2026,6257,Presidente,1,municipio,RJ,58637,3303203,NILÓPOLIS,,,,,UNIDADE POPULAR,i,UP,0,80,UP,UNIDADE POPULAR,,80,280002538811,SAMARA MARTINS DA SILVA FEITOSA,SAMARA,31/08/1987,7,Válido,nao,,176,0.18,0.183306601,RAQUEL NONATO DE BRICIO,RAQUEL BRÍCIO,UP,v,,,,,04/10/2026 20:56:16,sim
1,04/10/2026,6257,Presidente,1,municipio,RJ,58637,3303203,NILÓPOLIS,,,,,DEMOCRATA,i,DEMOCRATA,0,35,DEMOCRATA,DEMOCRATA,,35,280002548139,WILSON GRASSI JUNIOR,VETERINÁRIO WILSON GRASSI,13/03/1970,11,Válido,nao,,27,0.03,0.028120899,SUÊD HAIDAR NOGUEIRA,SUÊD HAIDAR,DEMOCRATA,v,,,,,04/10/2026 20:56:16,sim
1,04/10/2026,6257,Presidente,1,municipio,RJ,58637,3303203,NILÓPOLIS,,,,,PARTIDO MISSÃO,i,MISSÃO,0,14,MISSÃO,PARTIDO MISSÃO,,14,280002540694,RENAN ANTONIO FERREIRA DOS SANTOS,RENAN SANTOS,14/02/1984,4,Válido,nao,,1936,2.02,2.016372612,AROLDO MEDINA,CORONEL MEDINA,MISSÃO,v,,,,,04/10/2026 20:56:16,sim
1,04/10/2026,6257,Presidente,1,municipio,RJ,58637,3303203,NILÓPOLIS,,,,,PARTIDO DA CAUSA OPERÁRIA,i,PCO,0,29,PCO,PARTIDO DA CAUSA OPERÁRIA,,29,280002552487,RUI COSTA PIMENTA,RUI COSTA PIMENTA,25/06/1957,12,Válido,nao,,19,0.02,0.019788781,ANTONIO CARLOS SILVA,ANTÔNIO CARLOS,PCO,v,,,,,04/10/2026 20:56:16,sim
1,04/10/2026,6257,Presidente,1,municipio,RJ,58653,3303302,NITERÓI,,,,,PARTIDO LIBERAL,i,PL,0,22,PL,PARTIDO LIBERAL,,22,280002551544,FLAVIO NANTES BOLSONARO,FLAVIO BOLSONARO,30/04/1981,1,Válido,nao,,139309,43.71,43.709583797,ALFREDO GASPAR DE MENDONÇA NETO,ALFREDO GASPAR,PL,v,,,,,04/10/2026 21:00:45,sim
1,04/10/2026,6257,Presidente,1,municipio,RJ,58653,3303302,NITERÓI,,,,,PARTIDO SOCIAL DEMOCRÁTICO,i,PSD,0,55,PSD,PARTIDO SOCIAL DEMOCRÁTICO,,55,280002551932,RONALDO RAMOS CAIADO,RONALDO CAIADO,25/09/1949,5,Válido,nao,,6877,2.16,2.157727123,GILBERTO KASSAB,GILBERTO KASSAB,PSD,v,,,,,04/10/2026 21:00:45,sim
1,04/10/2026,6257,Presidente,1,municipio,RJ,58653,3303302,NITERÓI,,PT/PC do B/PV,FEDERAÇÃO BRASIL DA ESPERANÇA - FE BRASIL,PT/PC do B/PV,BRASIL PRONTO PRA MAIS,c,PSB / PDT / PCDOB / PT / PV / PSOL / REDE,,13,PT,PARTIDO DOS TRABALHADORES,101,13,280002542548,LUIZ INÁCIO LULA DA SILVA,LULA,06/10/1945,2,Válido,nao,,154098,48.35,48.349779584,GERALDO JOSE RODRIGUES ALCKMIN FILHO,GERALDO ALCKMIN,PSB,v,,,,,04/10/2026 21:00:45,sim
1,04/10/2026,6257,Presidente,1,municipio,RJ,58653,3303302,NITERÓI,,,,,DEMOCRACIA CRISTÃ,i,DC,0,27,DC,DEMOCRACIA CRISTÃ,,27,280002552484,CLARIANA ZACARKIM BARAO,CLARIANA BARAO,03/04/1987,9,Válido,nao,,123,0.04,0.038592473,FABIANA CRISTINA TAVARES TORQUATO,FABIANA TORQUATO,DC,v,,,,,04/10/2026 21:00:45,sim
1,04/10/2026,6257,Presidente,1,municipio,RJ,58653,3303302,NITERÓI,,,,,PARTIDO COMUNISTA BRASILEIRO,i,PCB,0,21,PCB,PARTIDO COMUNISTA BRASILEIRO,,21,280002551975,EDMILSON SILVA COSTA,EDMILSON COSTA,08/04/1950,10,Válido,nao,,103,0.03,0.032317274,CLEUSA DOS SANTOS,CLEUSA SANTOS,PCB,v,,,,,04/10/2026 21:00:45,sim
1,04/10/2026,6257,Presidente,1,municipio,RJ,58653,3303302,NITERÓI,,,,,PARTIDO SOCIALISTA  DOS TRABALHADORES UNIFICADO,i,PSTU,0,16,PSTU,PARTIDO SOCIALISTA  DOS TRABALHADORES UNIFICADO,,16,280002541457,HERTZ DA CONCEICAO DIAS,HERTZ DIAS,20/10/1970,8,Válido,nao,,200,0.06,0.062751988,VANESSA PORTUGAL BARBOSA,VANESSA PORTUGAL,PSTU,v,,,,,04/10/2026 21:00:45,sim
1,04/10/2026,6257,Presidente,1,municipio,RJ,58653,3303302,NITERÓI,,,,,BRASIL DOS NOSSOS SONHOS,c,AGIR / AVANTE,,70,AVANTE,AVANTE,,70,280002551547,AUGUSTO JORGE CURY,ESCRITOR AUGUSTO CURY,02/10/1958,3,Válido,nao,,8218,2.58,2.578479206,JULIO CESAR DELGADO,JÚLIO DELGADO,AVANTE,v,,,,,04/10/2026 21:00:45,sim
1,04/10/2026,6257,Presidente,1,municipio,RJ,58653,3303302,NITERÓI,,,,,PARTIDO NOVO,i,NOVO,0,30,NOVO,PARTIDO NOVO,,30,280002539826,ROMEU ZEMA NETO,ZEMA,28/10/1964,6,Válido,nao,,1280,0.40,0.401612726,LUIS EDUARDO GRANGEIRO GIRÃO,EDUARDO GIRÃO,NOVO,v,,,,,04/10/2026 21:00:45,sim
1,04/10/2026,6257,Presidente,1,municipio,RJ,58653,3303302,NITERÓI,,,,,UNIDADE POPULAR,i,UP,0,80,UP,UNIDADE POPULAR,,80,280002538811,SAMARA MARTINS DA SILVA FEITOSA,SAMARA,31/08/1987,7,Válido,nao,,483,0.15,0.151546052,RAQUEL NONATO DE BRICIO,RAQUEL BRÍCIO,UP,v,,,,,04/10/2026 21:00:45,sim
1,04/10/2026,6257,Presidente,1,municipio,RJ,58653,3303302,NITERÓI,,,,,DEMOCRATA,i,DEMOCRATA,0,35,DEMOCRATA,DEMOCRATA,,35,280002548139,WILSON GRASSI JUNIOR,VETERINÁRIO WILSON GRASSI,13/03/1970,11,Válido,nao,,61,0.02,0.019139356,SUÊD HAIDAR NOGUEIRA,SUÊD HAIDAR,DEMOCRATA,v,,,,,04/10/2026 21:00:45,sim
1,04/10/2026,6257,Presidente,1,municipio,RJ,58653,3303302,NITERÓI,,,,,PARTIDO MISSÃO,i,MISSÃO,0,14,MISSÃO,PARTIDO MISSÃO,,14,280002540694,RENAN ANTONIO FERREIRA DOS SANTOS,RENAN SANTOS,14/02/1984,4,Válido,nao,,7859,2.47,2.465839386,AROLDO MEDINA,CORONEL MEDINA,MISSÃO,v,,,,,04/10/2026 21:00:45,sim
1,04/10/2026,6257,Presidente,1,municipio,RJ,58653,3303302,NITERÓI,,,,,PARTIDO DA CAUSA OPERÁRIA,i,PCO,0,29,PCO,PARTIDO DA CAUSA OPERÁRIA,,29,280002552487,RUI COSTA PIMENTA,RUI COSTA PIMENTA,25/06/1957,12,Válido,nao,,104,0.03,0.032631034,ANTONIO CARLOS SILVA,ANTÔNIO CARLOS,PCO,v,,,,,04/10/2026 21:00:45,sim
1,04/10/2026,6257,Presidente,1,municipio,RJ,58670,3303401,NOVA FRIBURGO,,,,,PARTIDO LIBERAL,i,PL,0,22,PL,PARTIDO LIBERAL,,22,280002551544,FLAVIO NANTES BOLSONARO,FLAVIO BOLSONARO,30/04/1981,1,Válido,nao,,63538,56.02,56.022078014,ALFREDO GASPAR DE MENDONÇA NETO,ALFREDO GASPAR,PL,v,,,,,04/10/2026 20:59:22,sim
1,04/10/2026,6257,Presidente,1,municipio,RJ,58670,3303401,NOVA FRIBURGO,,,,,PARTIDO SOCIAL DEMOCRÁTICO,i,PSD,0,55,PSD,PARTIDO SOCIAL DEMOCRÁTICO,,55,280002551932,RONALDO RAMOS CAIADO,RONALDO CAIADO,25/09/1949,5,Válido,nao,,2813,2.48,2.480249700,GILBERTO KASSAB,GILBERTO KASSAB,PSD,v,,,,,04/10/2026 20:59:22,sim
1,04/10/2026,6257,Presidente,1,municipio,RJ,58670,3303401,NOVA FRIBURGO,,PT/PC do B/PV,FEDERAÇÃO BRASIL DA ESPERANÇA - FE BRASIL,PT/PC do B/PV,BRASIL PRONTO PRA MAIS,c,PSB / PDT / PCDOB / PT / PV / PSOL / REDE,,13,PT,PARTIDO DOS TRABALHADORES,101,13,280002542548,LUIZ INÁCIO LULA DA SILVA,LULA,06/10/1945,2,Válido,nao,,39479,34.81,34.809021655,GERALDO JOSE RODRIGUES ALCKMIN FILHO,GERALDO ALCKMIN,PSB,v,,,,,04/10/2026 20:59:22,sim
1,04/10/2026,6257,Presidente,1,municipio,RJ,58670,3303401,NOVA FRIBURGO,,,,,DEMOCRACIA CRISTÃ,i,DC,0,27,DC,DEMOCRACIA CRISTÃ,,27,280002552484,CLARIANA ZACARKIM BARAO,CLARIANA BARAO,03/04/1987,9,Válido,nao,,41,0.04,0.036150102,FABIANA CRISTINA TAVARES TORQUATO,FABIANA TORQUATO,DC,v,,,,,04/10/2026 20:59:22,sim
1,04/10/2026,6257,Presidente,1,municipio,RJ,58670,3303401,NOVA FRIBURGO,,,,,PARTIDO COMUNISTA BRASILEIRO,i,PCB,0,21,PCB,PARTIDO COMUNISTA BRASILEIRO,,21,280002551975,EDMILSON SILVA COSTA,EDMILSON COSTA,08/04/1950,10,Válido,nao,,58,0.05,0.051139169,CLEUSA DOS SANTOS,CLEUSA SANTOS,PCB,v,,,,,04/10/2026 20:59:22,sim
1,04/10/2026,6257,Presidente,1,municipio,RJ,58670,3303401,NOVA FRIBURGO,,,,,PARTIDO SOCIALISTA  DOS TRABALHADORES UNIFICADO,i,PSTU,0,16,PSTU,PARTIDO SOCIALISTA  DOS TRABALHADORES UNIFICADO,,16,280002541457,HERTZ DA CONCEICAO DIAS,HERTZ DIAS,20/10/1970,8,Válido,nao,,44,0.04,0.038795232,VANESSA PORTUGAL BARBOSA,VANESSA PORTUGAL,PSTU,v,,,,,04/10/2026 20:59:22,sim
1,04/10/2026,6257,Presidente,1,municipio,RJ,58670,3303401,NOVA FRIBURGO,,,,,BRASIL DOS NOSSOS SONHOS,c,AGIR / AVANTE,,70,AVANTE,AVANTE,,70,280002551547,AUGUSTO JORGE CURY,ESCRITOR AUGUSTO CURY,02/10/1958,3,Válido,nao,,3982,3.51,3.510968470,JULIO CESAR DELGADO,JÚLIO DELGADO,AVANTE,v,,,,,04/10/2026 20:59:22,sim
1,04/10/2026,6257,Presidente,1,municipio,RJ,58670,3303401,NOVA FRIBURGO,,,,,PARTIDO NOVO,i,NOVO,0,30,NOVO,PARTIDO NOVO,,30,280002539826,ROMEU ZEMA NETO,ZEMA,28/10/1964,6,Válido,nao,,317,0.28,0.279502010,LUIS EDUARDO GRANGEIRO GIRÃO,EDUARDO GIRÃO,NOVO,v,,,,,04/10/2026 20:59:22,sim
1,04/10/2026,6257,Presidente,1,municipio,RJ,58670,3303401,NOVA FRIBURGO,,,,,UNIDADE POPULAR,i,UP,0,80,UP,UNIDADE POPULAR,,80,280002538811,SAMARA MARTINS DA SILVA FEITOSA,SAMARA,31/08/1987,7,Válido,nao,,131,0.12,0.115503985,RAQUEL NONATO DE BRICIO,RAQUEL BRÍCIO,UP,v,,,,,04/10/2026 20:59:22,sim
1,04/10/2026,6257,Presidente,1,municipio,RJ,58670,3303401,NOVA FRIBURGO,,,,,DEMOCRATA,i,DEMOCRATA,0,35,DEMOCRATA,DEMOCRATA,,35,280002548139,WILSON GRASSI JUNIOR,VETERINÁRIO WILSON GRASSI,13/03/1970,11,Válido,nao,,28,0.02,0.024687875,SUÊD HAIDAR NOGUEIRA,SUÊD HAIDAR,DEMOCRATA,v,,,,,04/10/2026 20:59:22,sim
1,04/10/2026,6257,Presidente,1,municipio,RJ,58670,3303401,NOVA FRIBURGO,,,,,PARTIDO MISSÃO,i,MISSÃO,0,14,MISSÃO,PARTIDO MISSÃO,,14,280002540694,RENAN ANTONIO FERREIRA DOS SANTOS,RENAN SANTOS,14/02/1984,4,Válido,nao,,2963,2.61,2.612506172,AROLDO MEDINA,CORONEL MEDINA,MISSÃO,v,,,,,04/10/2026 20:59:22,sim
1,04/10/2026,6257,Presidente,1,municipio,RJ,58670,3303401,NOVA FRIBURGO,,,,,PARTIDO DA CAUSA OPERÁRIA,i,PCO,0,29,PCO,PARTIDO DA CAUSA OPERÁRIA,,29,280002552487,RUI COSTA PIMENTA,RUI COSTA PIMENTA,25/06/1957,12,Válido,nao,,22,0.02,0.019397616,ANTONIO CARLOS SILVA,ANTÔNIO CARLOS,PCO,v,,,,,04/10/2026 20:59:22,sim
1,04/10/2026,6257,Presidente,1,municipio,RJ,58696,3303500,NOVA IGUAÇU,,,,,PARTIDO LIBERAL,i,PL,0,22,PL,PARTIDO LIBERAL,,22,280002551544,FLAVIO NANTES BOLSONARO,FLAVIO BOLSONARO,30/04/1981,1,Válido,nao,,267454,59.45,59.450075576,ALFREDO GASPAR DE MENDONÇA NETO,ALFREDO GASPAR,PL,v,,,,,04/10/2026 20:59:22,sim
1,04/10/2026,6257,Presidente,1,municipio,RJ,58696,3303500,NOVA IGUAÇU,,,,,PARTIDO SOCIAL DEMOCRÁTICO,i,PSD,0,55,PSD,PARTIDO SOCIAL DEMOCRÁTICO,,55,280002551932,RONALDO RAMOS CAIADO,RONALDO CAIADO,25/09/1949,5,Válido,nao,,8070,1.79,1.793811683,GILBERTO KASSAB,GILBERTO KASSAB,PSD,v,,,,,04/10/2026 20:59:22,sim
1,04/10/2026,6257,Presidente,1,municipio,RJ,58696,3303500,NOVA IGUAÇU,,PT/PC do B/PV,FEDERAÇÃO BRASIL DA ESPERANÇA - FE BRASIL,PT/PC do B/PV,BRASIL PRONTO PRA MAIS,c,PSB / PDT / PCDOB / PT / PV / PSOL / REDE,,13,PT,PARTIDO DOS TRABALHADORES,101,13,280002542548,LUIZ INÁCIO LULA DA SILVA,LULA,06/10/1945,2,Válido,nao,,151528,33.68,33.681870721,GERALDO JOSE RODRIGUES ALCKMIN FILHO,GERALDO ALCKMIN,PSB,v,,,,,04/10/2026 20:59:22,sim
1,04/10/2026,6257,Presidente,1,municipio,RJ,58696,3303500,NOVA IGUAÇU,,,,,DEMOCRACIA CRISTÃ,i,DC,0,27,DC,DEMOCRACIA CRISTÃ,,27,280002552484,CLARIANA ZACARKIM BARAO,CLARIANA BARAO,03/04/1987,9,Válido,nao,,181,0.04,0.040232951,FABIANA CRISTINA TAVARES TORQUATO,FABIANA TORQUATO,DC,v,,,,,04/10/2026 20:59:22,sim
1,04/10/2026,6257,Presidente,1,municipio,RJ,58696,3303500,NOVA IGUAÇU,,,,,PARTIDO COMUNISTA BRASILEIRO,i,PCB,0,21,PCB,PARTIDO COMUNISTA BRASILEIRO,,21,280002551975,EDMILSON SILVA COSTA,EDMILSON COSTA,08/04/1950,10,Válido,nao,,128,0.03,0.028452032,CLEUSA DOS SANTOS,CLEUSA SANTOS,PCB,v,,,,,04/10/2026 20:59:22,sim
1,04/10/2026,6257,Presidente,1,municipio,RJ,58696,3303500,NOVA IGUAÇU,,,,,PARTIDO SOCIALISTA  DOS TRABALHADORES UNIFICADO,i,PSTU,0,16,PSTU,PARTIDO SOCIALISTA  DOS TRABALHADORES UNIFICADO,,16,280002541457,HERTZ DA CONCEICAO DIAS,HERTZ DIAS,20/10/1970,8,Válido,nao,,149,0.03,0.033119943,VANESSA PORTUGAL BARBOSA,VANESSA PORTUGAL,PSTU,v,,,,,04/10/2026 20:59:22,sim
1,04/10/2026,6257,Presidente,1,municipio,RJ,58696,3303500,NOVA IGUAÇU,,,,,BRASIL DOS NOSSOS SONHOS,c,AGIR / AVANTE,,70,AVANTE,AVANTE,,70,280002551547,AUGUSTO JORGE CURY,ESCRITOR AUGUSTO CURY,02/10/1958,3,Válido,nao,,11239,2.50,2.498221748,JULIO CESAR DELGADO,JÚLIO DELGADO,AVANTE,v,,,,,04/10/2026 20:59:22,sim
1,04/10/2026,6257,Presidente,1,municipio,RJ,58696,3303500,NOVA IGUAÇU,,,,,PARTIDO NOVO,i,NOVO,0,30,NOVO,PARTIDO NOVO,,30,280002539826,ROMEU ZEMA NETO,ZEMA,28/10/1964,6,Válido,nao,,750,0.17,0.166711123,LUIS EDUARDO GRANGEIRO GIRÃO,EDUARDO GIRÃO,NOVO,v,,,,,04/10/2026 20:59:22,sim
1,04/10/2026,6257,Presidente,1,municipio,RJ,58696,3303500,NOVA IGUAÇU,,,,,UNIDADE POPULAR,i,UP,0,80,UP,UNIDADE POPULAR,,80,280002538811,SAMARA MARTINS DA SILVA FEITOSA,SAMARA,31/08/1987,7,Válido,nao,,652,0.14,0.144927536,RAQUEL NONATO DE BRICIO,RAQUEL BRÍCIO,UP,v,,,,,04/10/2026 20:59:22,sim
1,04/10/2026,6257,Presidente,1,municipio,RJ,58696,3303500,NOVA IGUAÇU,,,,,DEMOCRATA,i,DEMOCRATA,0,35,DEMOCRATA,DEMOCRATA,,35,280002548139,WILSON GRASSI JUNIOR,VETERINÁRIO WILSON GRASSI,13/03/1970,11,Válido,nao,,86,0.02,0.019116209,SUÊD HAIDAR NOGUEIRA,SUÊD HAIDAR,DEMOCRATA,v,,,,,04/10/2026 20:59:22,sim
1,04/10/2026,6257,Presidente,1,municipio,RJ,58696,3303500,NOVA IGUAÇU,,,,,PARTIDO MISSÃO,i,MISSÃO,0,14,MISSÃO,PARTIDO MISSÃO,,14,280002540694,RENAN ANTONIO FERREIRA DOS SANTOS,RENAN SANTOS,14/02/1984,4,Válido,nao,,9582,2.13,2.129901307,AROLDO MEDINA,CORONEL MEDINA,MISSÃO,v,,,,,04/10/2026 20:59:22,sim
1,04/10/2026,6257,Presidente,1,municipio,RJ,58696,3303500,NOVA IGUAÇU,,,,,PARTIDO DA CAUSA OPERÁRIA,i,PCO,0,29,PCO,PARTIDO DA CAUSA OPERÁRIA,,29,280002552487,RUI COSTA PIMENTA,RUI COSTA PIMENTA,25/06/1957,12,Válido,nao,,61,0.01,0.013559171,ANTONIO CARLOS SILVA,ANTÔNIO CARLOS,PCO,v,,,,,04/10/2026 20:59:22,sim
1,04/10/2026,6257,Presidente,1,municipio,RJ,58718,3303609,PARACAMBI,,,,,PARTIDO LIBERAL,i,PL,0,22,PL,PARTIDO LIBERAL,,22,280002551544,FLAVIO NANTES BOLSONARO,FLAVIO BOLSONARO,30/04/1981,1,Válido,nao,,13601,54.05,54.051583674,ALFREDO GASPAR DE MENDONÇA NETO,ALFREDO GASPAR,PL,v,,,,,04/10/2026 19:24:40,sim
1,04/10/2026,6257,Presidente,1,municipio,RJ,58718,3303609,PARACAMBI,,,,,PARTIDO SOCIAL DEMOCRÁTICO,i,PSD,0,55,PSD,PARTIDO SOCIAL DEMOCRÁTICO,,55,280002551932,RONALDO RAMOS CAIADO,RONALDO CAIADO,25/09/1949,5,Válido,nao,,431,1.71,1.712832333,GILBERTO KASSAB,GILBERTO KASSAB,PSD,v,,,,,04/10/2026 19:24:40,sim
1,04/10/2026,6257,Presidente,1,municipio,RJ,58718,3303609,PARACAMBI,,PT/PC do B/PV,FEDERAÇÃO BRASIL DA ESPERANÇA - FE BRASIL,PT/PC do B/PV,BRASIL PRONTO PRA MAIS,c,PSB / PDT / PCDOB / PT / PV / PSOL / REDE,,13,PT,PARTIDO DOS TRABALHADORES,101,13,280002542548,LUIZ INÁCIO LULA DA SILVA,LULA,06/10/1945,2,Válido,nao,,9799,38.94,38.942097524,GERALDO JOSE RODRIGUES ALCKMIN FILHO,GERALDO ALCKMIN,PSB,v,,,,,04/10/2026 19:24:40,sim
1,04/10/2026,6257,Presidente,1,municipio,RJ,58718,3303609,PARACAMBI,,,,,PARTIDO SOCIALISTA  DOS TRABALHADORES UNIFICADO,i,PSTU,0,16,PSTU,PARTIDO SOCIALISTA  DOS TRABALHADORES UNIFICADO,,16,280002541457,HERTZ DA CONCEICAO DIAS,HERTZ DIAS,20/10/1970,8,Válido,nao,,9,0.04,0.035766800,VANESSA PORTUGAL BARBOSA,VANESSA PORTUGAL,PSTU,v,,,,,04/10/2026 19:24:40,sim
1,04/10/2026,6257,Presidente,1,municipio,RJ,58718,3303609,PARACAMBI,,,,,PARTIDO COMUNISTA BRASILEIRO,i,PCB,0,21,PCB,PARTIDO COMUNISTA BRASILEIRO,,21,280002551975,EDMILSON SILVA COSTA,EDMILSON COSTA,08/04/1950,10,Válido,nao,,6,0.02,0.023844534,CLEUSA DOS SANTOS,CLEUSA SANTOS,PCB,v,,,,,04/10/2026 19:24:40,sim
1,04/10/2026,6257,Presidente,1,municipio,RJ,58718,3303609,PARACAMBI,,,,,DEMOCRACIA CRISTÃ,i,DC,0,27,DC,DEMOCRACIA CRISTÃ,,27,280002552484,CLARIANA ZACARKIM BARAO,CLARIANA BARAO,03/04/1987,9,Válido,nao,,18,0.07,0.071533601,FABIANA CRISTINA TAVARES TORQUATO,FABIANA TORQUATO,DC,v,,,,,04/10/2026 19:24:40,sim
1,04/10/2026,6257,Presidente,1,municipio,RJ,58718,3303609,PARACAMBI,,,,,PARTIDO NOVO,i,NOVO,0,30,NOVO,PARTIDO NOVO,,30,280002539826,ROMEU ZEMA NETO,ZEMA,28/10/1964,6,Válido,nao,,59,0.23,0.234471247,LUIS EDUARDO GRANGEIRO GIRÃO,EDUARDO GIRÃO,NOVO,v,,,,,04/10/2026 19:24:40,sim
1,04/10/2026,6257,Presidente,1,municipio,RJ,58718,3303609,PARACAMBI,,,,,BRASIL DOS NOSSOS SONHOS,c,AGIR / AVANTE,,70,AVANTE,AVANTE,,70,280002551547,AUGUSTO JORGE CURY,ESCRITOR AUGUSTO CURY,02/10/1958,3,Válido,nao,,708,2.81,2.813654970,JULIO CESAR DELGADO,JÚLIO DELGADO,AVANTE,v,,,,,04/10/2026 19:24:40,sim
1,04/10/2026,6257,Presidente,1,municipio,RJ,58718,3303609,PARACAMBI,,,,,DEMOCRATA,i,DEMOCRATA,0,35,DEMOCRATA,DEMOCRATA,,35,280002548139,WILSON GRASSI JUNIOR,VETERINÁRIO WILSON GRASSI,13/03/1970,11,Válido,nao,,1,0.01,0.003974089,SUÊD HAIDAR NOGUEIRA,SUÊD HAIDAR,DEMOCRATA,v,,,,,04/10/2026 19:24:40,sim
1,04/10/2026,6257,Presidente,1,municipio,RJ,58718,3303609,PARACAMBI,,,,,UNIDADE POPULAR,i,UP,0,80,UP,UNIDADE POPULAR,,80,280002538811,SAMARA MARTINS DA SILVA FEITOSA,SAMARA,31/08/1987,7,Válido,nao,,30,0.12,0.119222668,RAQUEL NONATO DE BRICIO,RAQUEL BRÍCIO,UP,v,,,,,04/10/2026 19:24:40,sim
1,04/10/2026,6257,Presidente,1,municipio,RJ,58718,3303609,PARACAMBI,,,,,PARTIDO MISSÃO,i,MISSÃO,0,14,MISSÃO,PARTIDO MISSÃO,,14,280002540694,RENAN ANTONIO FERREIRA DOS SANTOS,RENAN SANTOS,14/02/1984,4,Válido,nao,,499,1.98,1.983070381,AROLDO MEDINA,CORONEL MEDINA,MISSÃO,v,,,,,04/10/2026 19:24:40,sim
1,04/10/2026,6257,Presidente,1,municipio,RJ,58718,3303609,PARACAMBI,,,,,PARTIDO DA CAUSA OPERÁRIA,i,PCO,0,29,PCO,PARTIDO DA CAUSA OPERÁRIA,,29,280002552487,RUI COSTA PIMENTA,RUI COSTA PIMENTA,25/06/1957,12,Válido,nao,,2,0.01,0.007948178,ANTONIO CARLOS SILVA,ANTÔNIO CARLOS,PCO,v,,,,,04/10/2026 19:24:40,sim
1,04/10/2026,6257,Presidente,1,municipio,RJ,58734,3303708,PARAÍBA DO SUL,,,,,PARTIDO LIBERAL,i,PL,0,22,PL,PARTIDO LIBERAL,,22,280002551544,FLAVIO NANTES BOLSONARO,FLAVIO BOLSONARO,30/04/1981,1,Válido,nao,,13407,52.79,52.789699571,ALFREDO GASPAR DE MENDONÇA NETO,ALFREDO GASPAR,PL,v,,,,,04/10/2026 19:23:23,sim
1,04/10/2026,6257,Presidente,1,municipio,RJ,58734,3303708,PARAÍBA DO SUL,,,,,PARTIDO SOCIAL DEMOCRÁTICO,i,PSD,0,55,PSD,PARTIDO SOCIAL DEMOCRÁTICO,,55,280002551932,RONALDO RAMOS CAIADO,RONALDO CAIADO,25/09/1949,5,Válido,nao,,627,2.47,2.468795527,GILBERTO KASSAB,GILBERTO KASSAB,PSD,v,,,,,04/10/2026 19:23:23,sim
1,04/10/2026,6257,Presidente,1,municipio,RJ,58734,3303708,PARAÍBA DO SUL,,PT/PC do B/PV,FEDERAÇÃO BRASIL DA ESPERANÇA - FE BRASIL,PT/PC do B/PV,BRASIL PRONTO PRA MAIS,c,PSB / PDT / PCDOB / PT / PV / PSOL / REDE,,13,PT,PARTIDO DOS TRABALHADORES,101,13,280002542548,LUIZ INÁCIO LULA DA SILVA,LULA,06/10/1945,2,Válido,nao,,9988,39.33,39.327479624,GERALDO JOSE RODRIGUES ALCKMIN FILHO,GERALDO ALCKMIN,PSB,v,,,,,04/10/2026 19:23:23,sim
1,04/10/2026,6257,Presidente,1,municipio,RJ,58734,3303708,PARAÍBA DO SUL,,,,,DEMOCRACIA CRISTÃ,i,DC,0,27,DC,DEMOCRACIA CRISTÃ,,27,280002552484,CLARIANA ZACARKIM BARAO,CLARIANA BARAO,03/04/1987,9,Válido,nao,,8,0.03,0.031499783,FABIANA CRISTINA TAVARES TORQUATO,FABIANA TORQUATO,DC,v,,,,,04/10/2026 19:23:23,sim
1,04/10/2026,6257,Presidente,1,municipio,RJ,58734,3303708,PARAÍBA DO SUL,,,,,PARTIDO COMUNISTA BRASILEIRO,i,PCB,0,21,PCB,PARTIDO COMUNISTA BRASILEIRO,,21,280002551975,EDMILSON SILVA COSTA,EDMILSON COSTA,08/04/1950,10,Válido,nao,,5,0.02,0.019687365,CLEUSA DOS SANTOS,CLEUSA SANTOS,PCB,v,,,,,04/10/2026 19:23:23,sim
1,04/10/2026,6257,Presidente,1,municipio,RJ,58734,3303708,PARAÍBA DO SUL,,,,,PARTIDO SOCIALISTA  DOS TRABALHADORES UNIFICADO,i,PSTU,0,16,PSTU,PARTIDO SOCIALISTA  DOS TRABALHADORES UNIFICADO,,16,280002541457,HERTZ DA CONCEICAO DIAS,HERTZ DIAS,20/10/1970,8,Válido,nao,,6,0.02,0.023624838,VANESSA PORTUGAL BARBOSA,VANESSA PORTUGAL,PSTU,v,,,,,04/10/2026 19:23:23,sim
1,04/10/2026,6257,Presidente,1,municipio,RJ,58734,3303708,PARAÍBA DO SUL,,,,,BRASIL DOS NOSSOS SONHOS,c,AGIR / AVANTE,,70,AVANTE,AVANTE,,70,280002551547,AUGUSTO JORGE CURY,ESCRITOR AUGUSTO CURY,02/10/1958,3,Válido,nao,,741,2.92,2.917667441,JULIO CESAR DELGADO,JÚLIO DELGADO,AVANTE,v,,,,,04/10/2026 19:23:23,sim
1,04/10/2026,6257,Presidente,1,municipio,RJ,58734,3303708,PARAÍBA DO SUL,,,,,PARTIDO NOVO,i,NOVO,0,30,NOVO,PARTIDO NOVO,,30,280002539826,ROMEU ZEMA NETO,ZEMA,28/10/1964,6,Válido,nao,,79,0.31,0.311060361,LUIS EDUARDO GRANGEIRO GIRÃO,EDUARDO GIRÃO,NOVO,v,,,,,04/10/2026 19:23:23,sim
1,04/10/2026,6257,Presidente,1,municipio,RJ,58734,3303708,PARAÍBA DO SUL,,,,,UNIDADE POPULAR,i,UP,0,80,UP,UNIDADE POPULAR,,80,280002538811,SAMARA MARTINS DA SILVA FEITOSA,SAMARA,31/08/1987,7,Válido,nao,,42,0.17,0.165373863,RAQUEL NONATO DE BRICIO,RAQUEL BRÍCIO,UP,v,,,,,04/10/2026 19:23:23,sim
1,04/10/2026,6257,Presidente,1,municipio,RJ,58734,3303708,PARAÍBA DO SUL,,,,,DEMOCRATA,i,DEMOCRATA,0,35,DEMOCRATA,DEMOCRATA,,35,280002548139,WILSON GRASSI JUNIOR,VETERINÁRIO WILSON GRASSI,13/03/1970,11,Válido,nao,,4,0.02,0.015749892,SUÊD HAIDAR NOGUEIRA,SUÊD HAIDAR,DEMOCRATA,v,,,,,04/10/2026 19:23:23,sim
1,04/10/2026,6257,Presidente,1,municipio,RJ,58734,3303708,PARAÍBA DO SUL,,,,,PARTIDO MISSÃO,i,MISSÃO,0,14,MISSÃO,PARTIDO MISSÃO,,14,280002540694,RENAN ANTONIO FERREIRA DOS SANTOS,RENAN SANTOS,14/02/1984,4,Válido,nao,,488,1.92,1.921486790,AROLDO MEDINA,CORONEL MEDINA,MISSÃO,v,,,,,04/10/2026 19:23:23,sim
1,04/10/2026,6257,Presidente,1,municipio,RJ,58734,3303708,PARAÍBA DO SUL,,,,,PARTIDO DA CAUSA OPERÁRIA,i,PCO,0,29,PCO,PARTIDO DA CAUSA OPERÁRIA,,29,280002552487,RUI COSTA PIMENTA,RUI COSTA PIMENTA,25/06/1957,12,Válido,nao,,2,0.01,0.007874946,ANTONIO CARLOS SILVA,ANTÔNIO CARLOS,PCO,v,,,,,04/10/2026 19:23:23,sim
1,04/10/2026,6257,Presidente,1,municipio,RJ,58750,3303807,PARATY,,,,,PARTIDO LIBERAL,i,PL,0,22,PL,PARTIDO LIBERAL,,22,280002551544,FLAVIO NANTES BOLSONARO,FLAVIO BOLSONARO,30/04/1981,1,Válido,nao,,15758,60.55,60.549471662,ALFREDO GASPAR DE MENDONÇA NETO,ALFREDO GASPAR,PL,v,,,,,04/10/2026 22:05:20,sim
1,04/10/2026,6257,Presidente,1,municipio,RJ,58750,3303807,PARATY,,,,,PARTIDO SOCIAL DEMOCRÁTICO,i,PSD,0,55,PSD,PARTIDO SOCIAL DEMOCRÁTICO,,55,280002551932,RONALDO RAMOS CAIADO,RONALDO CAIADO,25/09/1949,5,Válido,nao,,376,1.44,1.444764649,GILBERTO KASSAB,GILBERTO KASSAB,PSD,v,,,,,04/10/2026 22:05:20,sim
1,04/10/2026,6257,Presidente,1,municipio,RJ,58750,3303807,PARATY,,PT/PC do B/PV,FEDERAÇÃO BRASIL DA ESPERANÇA - FE BRASIL,PT/PC do B/PV,BRASIL PRONTO PRA MAIS,c,PSB / PDT / PCDOB / PT / PV / PSOL / REDE,,13,PT,PARTIDO DOS TRABALHADORES,101,13,280002542548,LUIZ INÁCIO LULA DA SILVA,LULA,06/10/1945,2,Válido,nao,,8622,33.13,33.129682997,GERALDO JOSE RODRIGUES ALCKMIN FILHO,GERALDO ALCKMIN,PSB,v,,,,,04/10/2026 22:05:20,sim
1,04/10/2026,6257,Presidente,1,municipio,RJ,58750,3303807,PARATY,,,,,DEMOCRACIA CRISTÃ,i,DC,0,27,DC,DEMOCRACIA CRISTÃ,,27,280002552484,CLARIANA ZACARKIM BARAO,CLARIANA BARAO,03/04/1987,9,Válido,nao,,13,0.05,0.049951969,FABIANA CRISTINA TAVARES TORQUATO,FABIANA TORQUATO,DC,v,,,,,04/10/2026 22:05:20,sim
1,04/10/2026,6257,Presidente,1,municipio,RJ,58750,3303807,PARATY,,,,,PARTIDO COMUNISTA BRASILEIRO,i,PCB,0,21,PCB,PARTIDO COMUNISTA BRASILEIRO,,21,280002551975,EDMILSON SILVA COSTA,EDMILSON COSTA,08/04/1950,10,Válido,nao,,4,0.02,0.015369837,CLEUSA DOS SANTOS,CLEUSA SANTOS,PCB,v,,,,,04/10/2026 22:05:20,sim
1,04/10/2026,6257,Presidente,1,municipio,RJ,58750,3303807,PARATY,,,,,PARTIDO SOCIALISTA  DOS TRABALHADORES UNIFICADO,i,PSTU,0,16,PSTU,PARTIDO SOCIALISTA  DOS TRABALHADORES UNIFICADO,,16,280002541457,HERTZ DA CONCEICAO DIAS,HERTZ DIAS,20/10/1970,8,Válido,nao,,9,0.03,0.034582133,VANESSA PORTUGAL BARBOSA,VANESSA PORTUGAL,PSTU,v,,,,,04/10/2026 22:05:20,sim
1,04/10/2026,6257,Presidente,1,municipio,RJ,58750,3303807,PARATY,,,,,BRASIL DOS NOSSOS SONHOS,c,AGIR / AVANTE,,70,AVANTE,AVANTE,,70,280002551547,AUGUSTO JORGE CURY,ESCRITOR AUGUSTO CURY,02/10/1958,3,Válido,nao,,671,2.58,2.578290106,JULIO CESAR DELGADO,JÚLIO DELGADO,AVANTE,v,,,,,04/10/2026 22:05:20,sim
1,04/10/2026,6257,Presidente,1,municipio,RJ,58750,3303807,PARATY,,,,,PARTIDO NOVO,i,NOVO,0,30,NOVO,PARTIDO NOVO,,30,280002539826,ROMEU ZEMA NETO,ZEMA,28/10/1964,6,Válido,nao,,34,0.13,0.130643612,LUIS EDUARDO GRANGEIRO GIRÃO,EDUARDO GIRÃO,NOVO,v,,,,,04/10/2026 22:05:20,sim
1,04/10/2026,6257,Presidente,1,municipio,RJ,58750,3303807,PARATY,,,,,UNIDADE POPULAR,i,UP,0,80,UP,UNIDADE POPULAR,,80,280002538811,SAMARA MARTINS DA SILVA FEITOSA,SAMARA,31/08/1987,7,Válido,nao,,31,0.12,0.119116234,RAQUEL NONATO DE BRICIO,RAQUEL BRÍCIO,UP,v,,,,,04/10/2026 22:05:20,sim
1,04/10/2026,6257,Presidente,1,municipio,RJ,58750,3303807,PARATY,,,,,DEMOCRATA,i,DEMOCRATA,0,35,DEMOCRATA,DEMOCRATA,,35,280002548139,WILSON GRASSI JUNIOR,VETERINÁRIO WILSON GRASSI,13/03/1970,11,Válido,nao,,4,0.02,0.015369837,SUÊD HAIDAR NOGUEIRA,SUÊD HAIDAR,DEMOCRATA,v,,,,,04/10/2026 22:05:20,sim
1,04/10/2026,6257,Presidente,1,municipio,RJ,58750,3303807,PARATY,,,,,PARTIDO MISSÃO,i,MISSÃO,0,14,MISSÃO,PARTIDO MISSÃO,,14,280002540694,RENAN ANTONIO FERREIRA DOS SANTOS,RENAN SANTOS,14/02/1984,4,Válido,nao,,499,1.92,1.917387128,AROLDO MEDINA,CORONEL MEDINA,MISSÃO,v,,,,,04/10/2026 22:05:20,sim
1,04/10/2026,6257,Presidente,1,municipio,RJ,58750,3303807,PARATY,,,,,PARTIDO DA CAUSA OPERÁRIA,i,PCO,0,29,PCO,PARTIDO DA CAUSA OPERÁRIA,,29,280002552487,RUI COSTA PIMENTA,RUI COSTA PIMENTA,25/06/1957,12,Válido,nao,,4,0.02,0.015369837,ANTONIO CARLOS SILVA,ANTÔNIO CARLOS,PCO,v,,,,,04/10/2026 22:05:20,sim
1,04/10/2026,6257,Presidente,1,municipio,RJ,58777,3303906,PETRÓPOLIS,,,,,PARTIDO LIBERAL,i,PL,0,22,PL,PARTIDO LIBERAL,,22,280002551544,FLAVIO NANTES BOLSONARO,FLAVIO BOLSONARO,30/04/1981,1,Válido,nao,,95783,55.88,55.877840329,ALFREDO GASPAR DE MENDONÇA NETO,ALFREDO GASPAR,PL,v,,,,,04/10/2026 20:14:14,sim
1,04/10/2026,6257,Presidente,1,municipio,RJ,58777,3303906,PETRÓPOLIS,,,,,PARTIDO SOCIAL DEMOCRÁTICO,i,PSD,0,55,PSD,PARTIDO SOCIAL DEMOCRÁTICO,,55,280002551932,RONALDO RAMOS CAIADO,RONALDO CAIADO,25/09/1949,5,Válido,nao,,5028,2.93,2.933232214,GILBERTO KASSAB,GILBERTO KASSAB,PSD,v,,,,,04/10/2026 20:14:14,sim
1,04/10/2026,6257,Presidente,1,municipio,RJ,58777,3303906,PETRÓPOLIS,,PT/PC do B/PV,FEDERAÇÃO BRASIL DA ESPERANÇA - FE BRASIL,PT/PC do B/PV,BRASIL PRONTO PRA MAIS,c,PSB / PDT / PCDOB / PT / PV / PSOL / REDE,,13,PT,PARTIDO DOS TRABALHADORES,101,13,280002542548,LUIZ INÁCIO LULA DA SILVA,LULA,06/10/1945,2,Válido,nao,,57572,33.59,33.586325584,GERALDO JOSE RODRIGUES ALCKMIN FILHO,GERALDO ALCKMIN,PSB,v,,,,,04/10/2026 20:14:14,sim
1,04/10/2026,6257,Presidente,1,municipio,RJ,58777,3303906,PETRÓPOLIS,,,,,DEMOCRACIA CRISTÃ,i,DC,0,27,DC,DEMOCRACIA CRISTÃ,,27,280002552484,CLARIANA ZACARKIM BARAO,CLARIANA BARAO,03/04/1987,9,Válido,nao,,109,0.06,0.063588367,FABIANA CRISTINA TAVARES TORQUATO,FABIANA TORQUATO,DC,v,,,,,04/10/2026 20:14:14,sim
1,04/10/2026,6257,Presidente,1,municipio,RJ,58777,3303906,PETRÓPOLIS,,,,,PARTIDO COMUNISTA BRASILEIRO,i,PCB,0,21,PCB,PARTIDO COMUNISTA BRASILEIRO,,21,280002551975,EDMILSON SILVA COSTA,EDMILSON COSTA,08/04/1950,10,Válido,nao,,65,0.04,0.037919669,CLEUSA DOS SANTOS,CLEUSA SANTOS,PCB,v,,,,,04/10/2026 20:14:14,sim
1,04/10/2026,6257,Presidente,1,municipio,RJ,58777,3303906,PETRÓPOLIS,,,,,PARTIDO SOCIALISTA  DOS TRABALHADORES UNIFICADO,i,PSTU,0,16,PSTU,PARTIDO SOCIALISTA  DOS TRABALHADORES UNIFICADO,,16,280002541457,HERTZ DA CONCEICAO DIAS,HERTZ DIAS,20/10/1970,8,Válido,nao,,75,0.04,0.043753464,VANESSA PORTUGAL BARBOSA,VANESSA PORTUGAL,PSTU,v,,,,,04/10/2026 20:14:14,sim
1,04/10/2026,6257,Presidente,1,municipio,RJ,58777,3303906,PETRÓPOLIS,,,,,BRASIL DOS NOSSOS SONHOS,c,AGIR / AVANTE,,70,AVANTE,AVANTE,,70,280002551547,AUGUSTO JORGE CURY,ESCRITOR AUGUSTO CURY,02/10/1958,3,Válido,nao,,6711,3.92,3.915059942,JULIO CESAR DELGADO,JÚLIO DELGADO,AVANTE,v,,,,,04/10/2026 20:14:14,sim
1,04/10/2026,6257,Presidente,1,municipio,RJ,58777,3303906,PETRÓPOLIS,,,,,PARTIDO NOVO,i,NOVO,0,30,NOVO,PARTIDO NOVO,,30,280002539826,ROMEU ZEMA NETO,ZEMA,28/10/1964,6,Válido,nao,,719,0.42,0.419449873,LUIS EDUARDO GRANGEIRO GIRÃO,EDUARDO GIRÃO,NOVO,v,,,,,04/10/2026 20:14:14,sim
1,04/10/2026,6257,Presidente,1,municipio,RJ,58777,3303906,PETRÓPOLIS,,,,,UNIDADE POPULAR,i,UP,0,80,UP,UNIDADE POPULAR,,80,280002538811,SAMARA MARTINS DA SILVA FEITOSA,SAMARA,31/08/1987,7,Válido,nao,,310,0.18,0.180847650,RAQUEL NONATO DE BRICIO,RAQUEL BRÍCIO,UP,v,,,,,04/10/2026 20:14:14,sim
1,04/10/2026,6257,Presidente,1,municipio,RJ,58777,3303906,PETRÓPOLIS,,,,,DEMOCRATA,i,DEMOCRATA,0,35,DEMOCRATA,DEMOCRATA,,35,280002548139,WILSON GRASSI JUNIOR,VETERINÁRIO WILSON GRASSI,13/03/1970,11,Válido,nao,,34,0.02,0.019834904,SUÊD HAIDAR NOGUEIRA,SUÊD HAIDAR,DEMOCRATA,v,,,,,04/10/2026 20:14:14,sim
1,04/10/2026,6257,Presidente,1,municipio,RJ,58777,3303906,PETRÓPOLIS,,,,,PARTIDO MISSÃO,i,MISSÃO,0,14,MISSÃO,PARTIDO MISSÃO,,14,280002540694,RENAN ANTONIO FERREIRA DOS SANTOS,RENAN SANTOS,14/02/1984,4,Válido,nao,,4978,2.90,2.904063238,AROLDO MEDINA,CORONEL MEDINA,MISSÃO,v,,,,,04/10/2026 20:14:14,sim
1,04/10/2026,6257,Presidente,1,municipio,RJ,58777,3303906,PETRÓPOLIS,,,,,PARTIDO DA CAUSA OPERÁRIA,i,PCO,0,29,PCO,PARTIDO DA CAUSA OPERÁRIA,,29,280002552487,RUI COSTA PIMENTA,RUI COSTA PIMENTA,25/06/1957,12,Válido,nao,,31,0.02,0.018084765,ANTONIO CARLOS SILVA,ANTÔNIO CARLOS,PCO,v,,,,,04/10/2026 20:14:14,sim
1,04/10/2026,6257,Presidente,1,municipio,RJ,58793,3304003,PIRAÍ,,,,,PARTIDO LIBERAL,i,PL,0,22,PL,PARTIDO LIBERAL,,22,280002551544,FLAVIO NANTES BOLSONARO,FLAVIO BOLSONARO,30/04/1981,1,Válido,nao,,8680,49.57,49.571673330,ALFREDO GASPAR DE MENDONÇA NETO,ALFREDO GASPAR,PL,v,,,,,04/10/2026 20:10:33,sim
1,04/10/2026,6257,Presidente,1,municipio,RJ,58793,3304003,PIRAÍ,,,,,PARTIDO SOCIAL DEMOCRÁTICO,i,PSD,0,55,PSD,PARTIDO SOCIAL DEMOCRÁTICO,,55,280002551932,RONALDO RAMOS CAIADO,RONALDO CAIADO,25/09/1949,5,Válido,nao,,416,2.38,2.375785266,GILBERTO KASSAB,GILBERTO KASSAB,PSD,v,,,,,04/10/2026 20:10:33,sim
1,04/10/2026,6257,Presidente,1,municipio,RJ,58793,3304003,PIRAÍ,,PT/PC do B/PV,FEDERAÇÃO BRASIL DA ESPERANÇA - FE BRASIL,PT/PC do B/PV,BRASIL PRONTO PRA MAIS,c,PSB / PDT / PCDOB / PT / PV / PSOL / REDE,,13,PT,PARTIDO DOS TRABALHADORES,101,13,280002542548,LUIZ INÁCIO LULA DA SILVA,LULA,06/10/1945,2,Válido,nao,,7529,43.00,42.998286693,GERALDO JOSE RODRIGUES ALCKMIN FILHO,GERALDO ALCKMIN,PSB,v,,,,,04/10/2026 20:10:33,sim
1,04/10/2026,6257,Presidente,1,municipio,RJ,58793,3304003,PIRAÍ,,,,,DEMOCRACIA CRISTÃ,i,DC,0,27,DC,DEMOCRACIA CRISTÃ,,27,280002552484,CLARIANA ZACARKIM BARAO,CLARIANA BARAO,03/04/1987,9,Válido,nao,,11,0.06,0.062821245,FABIANA CRISTINA TAVARES TORQUATO,FABIANA TORQUATO,DC,v,,,,,04/10/2026 20:10:33,sim
1,04/10/2026,6257,Presidente,1,municipio,RJ,58793,3304003,PIRAÍ,,,,,PARTIDO COMUNISTA BRASILEIRO,i,PCB,0,21,PCB,PARTIDO COMUNISTA BRASILEIRO,,21,280002551975,EDMILSON SILVA COSTA,EDMILSON COSTA,08/04/1950,10,Válido,nao,,3,0.02,0.017133067,CLEUSA DOS SANTOS,CLEUSA SANTOS,PCB,v,,,,,04/10/2026 20:10:33,sim
1,04/10/2026,6257,Presidente,1,municipio,RJ,58793,3304003,PIRAÍ,,,,,PARTIDO SOCIALISTA  DOS TRABALHADORES UNIFICADO,i,PSTU,0,16,PSTU,PARTIDO SOCIALISTA  DOS TRABALHADORES UNIFICADO,,16,280002541457,HERTZ DA CONCEICAO DIAS,HERTZ DIAS,20/10/1970,8,Válido,nao,,3,0.02,0.017133067,VANESSA PORTUGAL BARBOSA,VANESSA PORTUGAL,PSTU,v,,,,,04/10/2026 20:10:33,sim
1,04/10/2026,6257,Presidente,1,municipio,RJ,58793,3304003,PIRAÍ,,,,,BRASIL DOS NOSSOS SONHOS,c,AGIR / AVANTE,,70,AVANTE,AVANTE,,70,280002551547,AUGUSTO JORGE CURY,ESCRITOR AUGUSTO CURY,02/10/1958,3,Válido,nao,,453,2.59,2.587093090,JULIO CESAR DELGADO,JÚLIO DELGADO,AVANTE,v,,,,,04/10/2026 20:10:33,sim
1,04/10/2026,6257,Presidente,1,municipio,RJ,58793,3304003,PIRAÍ,,,,,PARTIDO NOVO,i,NOVO,0,30,NOVO,PARTIDO NOVO,,30,280002539826,ROMEU ZEMA NETO,ZEMA,28/10/1964,6,Válido,nao,,35,0.20,0.199885780,LUIS EDUARDO GRANGEIRO GIRÃO,EDUARDO GIRÃO,NOVO,v,,,,,04/10/2026 20:10:33,sim
1,04/10/2026,6257,Presidente,1,municipio,RJ,58793,3304003,PIRAÍ,,,,,UNIDADE POPULAR,i,UP,0,80,UP,UNIDADE POPULAR,,80,280002538811,SAMARA MARTINS DA SILVA FEITOSA,SAMARA,31/08/1987,7,Válido,nao,,23,0.13,0.131353512,RAQUEL NONATO DE BRICIO,RAQUEL BRÍCIO,UP,v,,,,,04/10/2026 20:10:33,sim
1,04/10/2026,6257,Presidente,1,municipio,RJ,58793,3304003,PIRAÍ,,,,,DEMOCRATA,i,DEMOCRATA,0,35,DEMOCRATA,DEMOCRATA,,35,280002548139,WILSON GRASSI JUNIOR,VETERINÁRIO WILSON GRASSI,13/03/1970,11,Válido,nao,,2,0.01,0.011422045,SUÊD HAIDAR NOGUEIRA,SUÊD HAIDAR,DEMOCRATA,v,,,,,04/10/2026 20:10:33,sim
1,04/10/2026,6257,Presidente,1,municipio,RJ,58793,3304003,PIRAÍ,,,,,PARTIDO MISSÃO,i,MISSÃO,0,14,MISSÃO,PARTIDO MISSÃO,,14,280002540694,RENAN ANTONIO FERREIRA DOS SANTOS,RENAN SANTOS,14/02/1984,4,Válido,nao,,353,2.02,2.015990862,AROLDO MEDINA,CORONEL MEDINA,MISSÃO,v,,,,,04/10/2026 20:10:33,sim
1,04/10/2026,6257,Presidente,1,municipio,RJ,58793,3304003,PIRAÍ,,,,,PARTIDO DA CAUSA OPERÁRIA,i,PCO,0,29,PCO,PARTIDO DA CAUSA OPERÁRIA,,29,280002552487,RUI COSTA PIMENTA,RUI COSTA PIMENTA,25/06/1957,12,Válido,nao,,2,0.01,0.011422045,ANTONIO CARLOS SILVA,ANTÔNIO CARLOS,PCO,v,,,,,04/10/2026 20:10:33,sim
1,04/10/2026,6257,Presidente,1,municipio,RJ,58815,3304102,PORCIÚNCULA,,,,,PARTIDO LIBERAL,i,PL,0,22,PL,PARTIDO LIBERAL,,22,280002551544,FLAVIO NANTES BOLSONARO,FLAVIO BOLSONARO,30/04/1981,1,Válido,nao,,4476,45.42,45.423178405,ALFREDO GASPAR DE MENDONÇA NETO,ALFREDO GASPAR,PL,v,,,,,04/10/2026 19:22:12,sim
1,04/10/2026,6257,Presidente,1,municipio,RJ,58815,3304102,PORCIÚNCULA,,,,,PARTIDO SOCIAL DEMOCRÁTICO,i,PSD,0,55,PSD,PARTIDO SOCIAL DEMOCRÁTICO,,55,280002551932,RONALDO RAMOS CAIADO,RONALDO CAIADO,25/09/1949,5,Válido,nao,,262,2.66,2.658818754,GILBERTO KASSAB,GILBERTO KASSAB,PSD,v,,,,,04/10/2026 19:22:12,sim
1,04/10/2026,6257,Presidente,1,municipio,RJ,58815,3304102,PORCIÚNCULA,,PT/PC do B/PV,FEDERAÇÃO BRASIL DA ESPERANÇA - FE BRASIL,PT/PC do B/PV,BRASIL PRONTO PRA MAIS,c,PSB / PDT / PCDOB / PT / PV / PSOL / REDE,,13,PT,PARTIDO DOS TRABALHADORES,101,13,280002542548,LUIZ INÁCIO LULA DA SILVA,LULA,06/10/1945,2,Válido,nao,,4729,47.99,47.990663690,GERALDO JOSE RODRIGUES ALCKMIN FILHO,GERALDO ALCKMIN,PSB,v,,,,,04/10/2026 19:22:12,sim
1,04/10/2026,6257,Presidente,1,municipio,RJ,58815,3304102,PORCIÚNCULA,,,,,DEMOCRACIA CRISTÃ,i,DC,0,27,DC,DEMOCRACIA CRISTÃ,,27,280002552484,CLARIANA ZACARKIM BARAO,CLARIANA BARAO,03/04/1987,9,Válido,nao,,2,0.02,0.020296326,FABIANA CRISTINA TAVARES TORQUATO,FABIANA TORQUATO,DC,v,,,,,04/10/2026 19:22:12,sim
1,04/10/2026,6257,Presidente,1,municipio,RJ,58815,3304102,PORCIÚNCULA,,,,,PARTIDO COMUNISTA BRASILEIRO,i,PCB,0,21,PCB,PARTIDO COMUNISTA BRASILEIRO,,21,280002551975,EDMILSON SILVA COSTA,EDMILSON COSTA,08/04/1950,10,Válido,nao,,2,0.02,0.020296326,CLEUSA DOS SANTOS,CLEUSA SANTOS,PCB,v,,,,,04/10/2026 19:22:12,sim
1,04/10/2026,6257,Presidente,1,municipio,RJ,58815,3304102,PORCIÚNCULA,,,,,PARTIDO SOCIALISTA  DOS TRABALHADORES UNIFICADO,i,PSTU,0,16,PSTU,PARTIDO SOCIALISTA  DOS TRABALHADORES UNIFICADO,,16,280002541457,HERTZ DA CONCEICAO DIAS,HERTZ DIAS,20/10/1970,8,Válido,nao,,4,0.04,0.040592653,VANESSA PORTUGAL BARBOSA,VANESSA PORTUGAL,PSTU,v,,,,,04/10/2026 19:22:12,sim
1,04/10/2026,6257,Presidente,1,municipio,RJ,58815,3304102,PORCIÚNCULA,,,,,BRASIL DOS NOSSOS SONHOS,c,AGIR / AVANTE,,70,AVANTE,AVANTE,,70,280002551547,AUGUSTO JORGE CURY,ESCRITOR AUGUSTO CURY,02/10/1958,3,Válido,nao,,207,2.10,2.100669779,JULIO CESAR DELGADO,JÚLIO DELGADO,AVANTE,v,,,,,04/10/2026 19:22:12,sim
1,04/10/2026,6257,Presidente,1,municipio,RJ,58815,3304102,PORCIÚNCULA,,,,,PARTIDO NOVO,i,NOVO,0,30,NOVO,PARTIDO NOVO,,30,280002539826,ROMEU ZEMA NETO,ZEMA,28/10/1964,6,Válido,nao,,21,0.21,0.213111427,LUIS EDUARDO GRANGEIRO GIRÃO,EDUARDO GIRÃO,NOVO,v,,,,,04/10/2026 19:22:12,sim
1,04/10/2026,6257,Presidente,1,municipio,RJ,58815,3304102,PORCIÚNCULA,,,,,UNIDADE POPULAR,i,UP,0,80,UP,UNIDADE POPULAR,,80,280002538811,SAMARA MARTINS DA SILVA FEITOSA,SAMARA,31/08/1987,7,Válido,nao,,2,0.02,0.020296326,RAQUEL NONATO DE BRICIO,RAQUEL BRÍCIO,UP,v,,,,,04/10/2026 19:22:12,sim
1,04/10/2026,6257,Presidente,1,municipio,RJ,58815,3304102,PORCIÚNCULA,,,,,DEMOCRATA,i,DEMOCRATA,0,35,DEMOCRATA,DEMOCRATA,,35,280002548139,WILSON GRASSI JUNIOR,VETERINÁRIO WILSON GRASSI,13/03/1970,11,Válido,nao,,2,0.02,0.020296326,SUÊD HAIDAR NOGUEIRA,SUÊD HAIDAR,DEMOCRATA,v,,,,,04/10/2026 19:22:12,sim
1,04/10/2026,6257,Presidente,1,municipio,RJ,58815,3304102,PORCIÚNCULA,,,,,PARTIDO MISSÃO,i,MISSÃO,0,14,MISSÃO,PARTIDO MISSÃO,,14,280002540694,RENAN ANTONIO FERREIRA DOS SANTOS,RENAN SANTOS,14/02/1984,4,Válido,nao,,146,1.48,1.481631825,AROLDO MEDINA,CORONEL MEDINA,MISSÃO,v,,,,,04/10/2026 19:22:12,sim
1,04/10/2026,6257,Presidente,1,municipio,RJ,58815,3304102,PORCIÚNCULA,,,,,PARTIDO DA CAUSA OPERÁRIA,i,PCO,0,29,PCO,PARTIDO DA CAUSA OPERÁRIA,,29,280002552487,RUI COSTA PIMENTA,RUI COSTA PIMENTA,25/06/1957,12,Válido,nao,,1,0.01,0.010148163,ANTONIO CARLOS SILVA,ANTÔNIO CARLOS,PCO,v,,,,,04/10/2026 19:22:12,sim
1,04/10/2026,6257,Presidente,1,municipio,RJ,58831,3304201,RESENDE,,,,,PARTIDO LIBERAL,i,PL,0,22,PL,PARTIDO LIBERAL,,22,280002551544,FLAVIO NANTES BOLSONARO,FLAVIO BOLSONARO,30/04/1981,1,Válido,nao,,43226,59.81,59.806024046,ALFREDO GASPAR DE MENDONÇA NETO,ALFREDO GASPAR,PL,v,,,,,04/10/2026 20:55:26,sim
1,04/10/2026,6257,Presidente,1,municipio,RJ,58831,3304201,RESENDE,,,,,PARTIDO SOCIAL DEMOCRÁTICO,i,PSD,0,55,PSD,PARTIDO SOCIAL DEMOCRÁTICO,,55,280002551932,RONALDO RAMOS CAIADO,RONALDO CAIADO,25/09/1949,5,Válido,nao,,2087,2.89,2.887502248,GILBERTO KASSAB,GILBERTO KASSAB,PSD,v,,,,,04/10/2026 20:55:26,sim
1,04/10/2026,6257,Presidente,1,municipio,RJ,58831,3304201,RESENDE,,PT/PC do B/PV,FEDERAÇÃO BRASIL DA ESPERANÇA - FE BRASIL,PT/PC do B/PV,BRASIL PRONTO PRA MAIS,c,PSB / PDT / PCDOB / PT / PV / PSOL / REDE,,13,PT,PARTIDO DOS TRABALHADORES,101,13,280002542548,LUIZ INÁCIO LULA DA SILVA,LULA,06/10/1945,2,Válido,nao,,22536,31.18,31.180043444,GERALDO JOSE RODRIGUES ALCKMIN FILHO,GERALDO ALCKMIN,PSB,v,,,,,04/10/2026 20:55:26,sim
1,04/10/2026,6257,Presidente,1,municipio,RJ,58831,3304201,RESENDE,,,,,DEMOCRACIA CRISTÃ,i,DC,0,27,DC,DEMOCRACIA CRISTÃ,,27,280002552484,CLARIANA ZACARKIM BARAO,CLARIANA BARAO,03/04/1987,9,Válido,nao,,25,0.03,0.034589150,FABIANA CRISTINA TAVARES TORQUATO,FABIANA TORQUATO,DC,v,,,,,04/10/2026 20:55:26,sim
1,04/10/2026,6257,Presidente,1,municipio,RJ,58831,3304201,RESENDE,,,,,PARTIDO COMUNISTA BRASILEIRO,i,PCB,0,21,PCB,PARTIDO COMUNISTA BRASILEIRO,,21,280002551975,EDMILSON SILVA COSTA,EDMILSON COSTA,08/04/1950,10,Válido,nao,,26,0.04,0.035972716,CLEUSA DOS SANTOS,CLEUSA SANTOS,PCB,v,,,,,04/10/2026 20:55:26,sim
1,04/10/2026,6257,Presidente,1,municipio,RJ,58831,3304201,RESENDE,,,,,PARTIDO SOCIALISTA  DOS TRABALHADORES UNIFICADO,i,PSTU,0,16,PSTU,PARTIDO SOCIALISTA  DOS TRABALHADORES UNIFICADO,,16,280002541457,HERTZ DA CONCEICAO DIAS,HERTZ DIAS,20/10/1970,8,Válido,nao,,31,0.04,0.042890546,VANESSA PORTUGAL BARBOSA,VANESSA PORTUGAL,PSTU,v,,,,,04/10/2026 20:55:26,sim
1,04/10/2026,6257,Presidente,1,municipio,RJ,58831,3304201,RESENDE,,,,,BRASIL DOS NOSSOS SONHOS,c,AGIR / AVANTE,,70,AVANTE,AVANTE,,70,280002551547,AUGUSTO JORGE CURY,ESCRITOR AUGUSTO CURY,02/10/1958,3,Válido,nao,,2206,3.05,3.052146603,JULIO CESAR DELGADO,JÚLIO DELGADO,AVANTE,v,,,,,04/10/2026 20:55:26,sim
1,04/10/2026,6257,Presidente,1,municipio,RJ,58831,3304201,RESENDE,,,,,PARTIDO NOVO,i,NOVO,0,30,NOVO,PARTIDO NOVO,,30,280002539826,ROMEU ZEMA NETO,ZEMA,28/10/1964,6,Válido,nao,,229,0.32,0.316836615,LUIS EDUARDO GRANGEIRO GIRÃO,EDUARDO GIRÃO,NOVO,v,,,,,04/10/2026 20:55:26,sim
1,04/10/2026,6257,Presidente,1,municipio,RJ,58831,3304201,RESENDE,,,,,UNIDADE POPULAR,i,UP,0,80,UP,UNIDADE POPULAR,,80,280002538811,SAMARA MARTINS DA SILVA FEITOSA,SAMARA,31/08/1987,7,Válido,nao,,104,0.14,0.143890864,RAQUEL NONATO DE BRICIO,RAQUEL BRÍCIO,UP,v,,,,,04/10/2026 20:55:26,sim
1,04/10/2026,6257,Presidente,1,municipio,RJ,58831,3304201,RESENDE,,,,,DEMOCRATA,i,DEMOCRATA,0,35,DEMOCRATA,DEMOCRATA,,35,280002548139,WILSON GRASSI JUNIOR,VETERINÁRIO WILSON GRASSI,13/03/1970,11,Válido,nao,,14,0.02,0.019369924,SUÊD HAIDAR NOGUEIRA,SUÊD HAIDAR,DEMOCRATA,v,,,,,04/10/2026 20:55:26,sim
1,04/10/2026,6257,Presidente,1,municipio,RJ,58831,3304201,RESENDE,,,,,PARTIDO MISSÃO,i,MISSÃO,0,14,MISSÃO,PARTIDO MISSÃO,,14,280002540694,RENAN ANTONIO FERREIRA DOS SANTOS,RENAN SANTOS,14/02/1984,4,Válido,nao,,1781,2.46,2.464131051,AROLDO MEDINA,CORONEL MEDINA,MISSÃO,v,,,,,04/10/2026 20:55:26,sim
1,04/10/2026,6257,Presidente,1,municipio,RJ,58831,3304201,RESENDE,,,,,PARTIDO DA CAUSA OPERÁRIA,i,PCO,0,29,PCO,PARTIDO DA CAUSA OPERÁRIA,,29,280002552487,RUI COSTA PIMENTA,RUI COSTA PIMENTA,25/06/1957,12,Válido,nao,,12,0.02,0.016602792,ANTONIO CARLOS SILVA,ANTÔNIO CARLOS,PCO,v,,,,,04/10/2026 20:55:26,sim
1,04/10/2026,6257,Presidente,1,municipio,RJ,58858,3304300,RIO BONITO,,,,,PARTIDO LIBERAL,i,PL,0,22,PL,PARTIDO LIBERAL,,22,280002551544,FLAVIO NANTES BOLSONARO,FLAVIO BOLSONARO,30/04/1981,1,Válido,nao,,21566,61.96,61.955241461,ALFREDO GASPAR DE MENDONÇA NETO,ALFREDO GASPAR,PL,v,,,,,04/10/2026 20:11:11,sim
1,04/10/2026,6257,Presidente,1,municipio,RJ,58858,3304300,RIO BONITO,,,,,PARTIDO SOCIAL DEMOCRÁTICO,i,PSD,0,55,PSD,PARTIDO SOCIAL DEMOCRÁTICO,,55,280002551932,RONALDO RAMOS CAIADO,RONALDO CAIADO,25/09/1949,5,Válido,nao,,771,2.21,2.214944411,GILBERTO KASSAB,GILBERTO KASSAB,PSD,v,,,,,04/10/2026 20:11:11,sim
1,04/10/2026,6257,Presidente,1,municipio,RJ,58858,3304300,RIO BONITO,,PT/PC do B/PV,FEDERAÇÃO BRASIL DA ESPERANÇA - FE BRASIL,PT/PC do B/PV,BRASIL PRONTO PRA MAIS,c,PSB / PDT / PCDOB / PT / PV / PSOL / REDE,,13,PT,PARTIDO DOS TRABALHADORES,101,13,280002542548,LUIZ INÁCIO LULA DA SILVA,LULA,06/10/1945,2,Válido,nao,,10836,31.13,31.129880203,GERALDO JOSE RODRIGUES ALCKMIN FILHO,GERALDO ALCKMIN,PSB,v,,,,,04/10/2026 20:11:11,sim
1,04/10/2026,6257,Presidente,1,municipio,RJ,58858,3304300,RIO BONITO,,,,,DEMOCRACIA CRISTÃ,i,DC,0,27,DC,DEMOCRACIA CRISTÃ,,27,280002552484,CLARIANA ZACARKIM BARAO,CLARIANA BARAO,03/04/1987,9,Válido,nao,,17,0.05,0.048837944,FABIANA CRISTINA TAVARES TORQUATO,FABIANA TORQUATO,DC,v,,,,,04/10/2026 20:11:11,sim
1,04/10/2026,6257,Presidente,1,municipio,RJ,58858,3304300,RIO BONITO,,,,,PARTIDO COMUNISTA BRASILEIRO,i,PCB,0,21,PCB,PARTIDO COMUNISTA BRASILEIRO,,21,280002551975,EDMILSON SILVA COSTA,EDMILSON COSTA,08/04/1950,10,Válido,nao,,10,0.03,0.028728202,CLEUSA DOS SANTOS,CLEUSA SANTOS,PCB,v,,,,,04/10/2026 20:11:11,sim
1,04/10/2026,6257,Presidente,1,municipio,RJ,58858,3304300,RIO BONITO,,,,,PARTIDO SOCIALISTA  DOS TRABALHADORES UNIFICADO,i,PSTU,0,16,PSTU,PARTIDO SOCIALISTA  DOS TRABALHADORES UNIFICADO,,16,280002541457,HERTZ DA CONCEICAO DIAS,HERTZ DIAS,20/10/1970,8,Válido,nao,,15,0.04,0.043092304,VANESSA PORTUGAL BARBOSA,VANESSA PORTUGAL,PSTU,v,,,,,04/10/2026 20:11:11,sim
1,04/10/2026,6257,Presidente,1,municipio,RJ,58858,3304300,RIO BONITO,,,,,BRASIL DOS NOSSOS SONHOS,c,AGIR / AVANTE,,70,AVANTE,AVANTE,,70,280002551547,AUGUSTO JORGE CURY,ESCRITOR AUGUSTO CURY,02/10/1958,3,Válido,nao,,876,2.52,2.516590537,JULIO CESAR DELGADO,JÚLIO DELGADO,AVANTE,v,,,,,04/10/2026 20:11:11,sim
1,04/10/2026,6257,Presidente,1,municipio,RJ,58858,3304300,RIO BONITO,,,,,PARTIDO NOVO,i,NOVO,0,30,NOVO,PARTIDO NOVO,,30,280002539826,ROMEU ZEMA NETO,ZEMA,28/10/1964,6,Válido,nao,,50,0.14,0.143641012,LUIS EDUARDO GRANGEIRO GIRÃO,EDUARDO GIRÃO,NOVO,v,,,,,04/10/2026 20:11:11,sim
1,04/10/2026,6257,Presidente,1,municipio,RJ,58858,3304300,RIO BONITO,,,,,UNIDADE POPULAR,i,UP,0,80,UP,UNIDADE POPULAR,,80,280002538811,SAMARA MARTINS DA SILVA FEITOSA,SAMARA,31/08/1987,7,Válido,nao,,27,0.08,0.077566147,RAQUEL NONATO DE BRICIO,RAQUEL BRÍCIO,UP,v,,,,,04/10/2026 20:11:11,sim
1,04/10/2026,6257,Presidente,1,municipio,RJ,58858,3304300,RIO BONITO,,,,,DEMOCRATA,i,DEMOCRATA,0,35,DEMOCRATA,DEMOCRATA,,35,280002548139,WILSON GRASSI JUNIOR,VETERINÁRIO WILSON GRASSI,13/03/1970,11,Válido,nao,,3,0.01,0.008618461,SUÊD HAIDAR NOGUEIRA,SUÊD HAIDAR,DEMOCRATA,v,,,,,04/10/2026 20:11:11,sim
1,04/10/2026,6257,Presidente,1,municipio,RJ,58858,3304300,RIO BONITO,,,,,PARTIDO MISSÃO,i,MISSÃO,0,14,MISSÃO,PARTIDO MISSÃO,,14,280002540694,RENAN ANTONIO FERREIRA DOS SANTOS,RENAN SANTOS,14/02/1984,4,Válido,nao,,634,1.82,1.821368037,AROLDO MEDINA,CORONEL MEDINA,MISSÃO,v,,,,,04/10/2026 20:11:11,sim
1,04/10/2026,6257,Presidente,1,municipio,RJ,58858,3304300,RIO BONITO,,,,,PARTIDO DA CAUSA OPERÁRIA,i,PCO,0,29,PCO,PARTIDO DA CAUSA OPERÁRIA,,29,280002552487,RUI COSTA PIMENTA,RUI COSTA PIMENTA,25/06/1957,12,Válido,nao,,4,0.01,0.011491281,ANTONIO CARLOS SILVA,ANTÔNIO CARLOS,PCO,v,,,,,04/10/2026 20:11:11,sim
1,04/10/2026,6257,Presidente,1,municipio,RJ,58874,3304409,RIO CLARO,,,,,PARTIDO LIBERAL,i,PL,0,22,PL,PARTIDO LIBERAL,,22,280002551544,FLAVIO NANTES BOLSONARO,FLAVIO BOLSONARO,30/04/1981,1,Válido,nao,,5372,46.97,46.966252841,ALFREDO GASPAR DE MENDONÇA NETO,ALFREDO GASPAR,PL,v,,,,,04/10/2026 19:28:54,sim
1,04/10/2026,6257,Presidente,1,municipio,RJ,58874,3304409,RIO CLARO,,,,,PARTIDO SOCIAL DEMOCRÁTICO,i,PSD,0,55,PSD,PARTIDO SOCIAL DEMOCRÁTICO,,55,280002551932,RONALDO RAMOS CAIADO,RONALDO CAIADO,25/09/1949,5,Válido,nao,,277,2.42,2.421752055,GILBERTO KASSAB,GILBERTO KASSAB,PSD,v,,,,,04/10/2026 19:28:54,sim
1,04/10/2026,6257,Presidente,1,municipio,RJ,58874,3304409,RIO CLARO,,PT/PC do B/PV,FEDERAÇÃO BRASIL DA ESPERANÇA - FE BRASIL,PT/PC do B/PV,BRASIL PRONTO PRA MAIS,c,PSB / PDT / PCDOB / PT / PV / PSOL / REDE,,13,PT,PARTIDO DOS TRABALHADORES,101,13,280002542548,LUIZ INÁCIO LULA DA SILVA,LULA,06/10/1945,2,Válido,nao,,5215,45.59,45.593635251,GERALDO JOSE RODRIGUES ALCKMIN FILHO,GERALDO ALCKMIN,PSB,v,,,,,04/10/2026 19:28:54,sim
1,04/10/2026,6257,Presidente,1,municipio,RJ,58874,3304409,RIO CLARO,,,,,DEMOCRACIA CRISTÃ,i,DC,0,27,DC,DEMOCRACIA CRISTÃ,,27,280002552484,CLARIANA ZACARKIM BARAO,CLARIANA BARAO,03/04/1987,9,Válido,nao,,4,0.03,0.034971149,FABIANA CRISTINA TAVARES TORQUATO,FABIANA TORQUATO,DC,v,,,,,04/10/2026 19:28:54,sim
1,04/10/2026,6257,Presidente,1,municipio,RJ,58874,3304409,RIO CLARO,,,,,PARTIDO COMUNISTA BRASILEIRO,i,PCB,0,21,PCB,PARTIDO COMUNISTA BRASILEIRO,,21,280002551975,EDMILSON SILVA COSTA,EDMILSON COSTA,08/04/1950,10,Válido,nao,,2,0.02,0.017485574,CLEUSA DOS SANTOS,CLEUSA SANTOS,PCB,v,,,,,04/10/2026 19:28:54,sim
1,04/10/2026,6257,Presidente,1,municipio,RJ,58874,3304409,RIO CLARO,,,,,PARTIDO SOCIALISTA  DOS TRABALHADORES UNIFICADO,i,PSTU,0,16,PSTU,PARTIDO SOCIALISTA  DOS TRABALHADORES UNIFICADO,,16,280002541457,HERTZ DA CONCEICAO DIAS,HERTZ DIAS,20/10/1970,8,Válido,nao,,1,0.01,0.008742787,VANESSA PORTUGAL BARBOSA,VANESSA PORTUGAL,PSTU,v,,,,,04/10/2026 19:28:54,sim
1,04/10/2026,6257,Presidente,1,municipio,RJ,58874,3304409,RIO CLARO,,,,,BRASIL DOS NOSSOS SONHOS,c,AGIR / AVANTE,,70,AVANTE,AVANTE,,70,280002551547,AUGUSTO JORGE CURY,ESCRITOR AUGUSTO CURY,02/10/1958,3,Válido,nao,,304,2.66,2.657807309,JULIO CESAR DELGADO,JÚLIO DELGADO,AVANTE,v,,,,,04/10/2026 19:28:54,sim
1,04/10/2026,6257,Presidente,1,municipio,RJ,58874,3304409,RIO CLARO,,,,,PARTIDO NOVO,i,NOVO,0,30,NOVO,PARTIDO NOVO,,30,280002539826,ROMEU ZEMA NETO,ZEMA,28/10/1964,6,Válido,nao,,19,0.17,0.166112957,LUIS EDUARDO GRANGEIRO GIRÃO,EDUARDO GIRÃO,NOVO,v,,,,,04/10/2026 19:28:54,sim
1,04/10/2026,6257,Presidente,1,municipio,RJ,58874,3304409,RIO CLARO,,,,,UNIDADE POPULAR,i,UP,0,80,UP,UNIDADE POPULAR,,80,280002538811,SAMARA MARTINS DA SILVA FEITOSA,SAMARA,31/08/1987,7,Válido,nao,,4,0.03,0.034971149,RAQUEL NONATO DE BRICIO,RAQUEL BRÍCIO,UP,v,,,,,04/10/2026 19:28:54,sim
1,04/10/2026,6257,Presidente,1,municipio,RJ,58874,3304409,RIO CLARO,,,,,DEMOCRATA,i,DEMOCRATA,0,35,DEMOCRATA,DEMOCRATA,,35,280002548139,WILSON GRASSI JUNIOR,VETERINÁRIO WILSON GRASSI,13/03/1970,11,Válido,nao,,0,0.00,0,SUÊD HAIDAR NOGUEIRA,SUÊD HAIDAR,DEMOCRATA,v,,,,,04/10/2026 19:28:54,sim
1,04/10/2026,6257,Presidente,1,municipio,RJ,58874,3304409,RIO CLARO,,,,,PARTIDO MISSÃO,i,MISSÃO,0,14,MISSÃO,PARTIDO MISSÃO,,14,280002540694,RENAN ANTONIO FERREIRA DOS SANTOS,RENAN SANTOS,14/02/1984,4,Válido,nao,,239,2.09,2.089526141,AROLDO MEDINA,CORONEL MEDINA,MISSÃO,v,,,,,04/10/2026 19:28:54,sim
1,04/10/2026,6257,Presidente,1,municipio,RJ,58874,3304409,RIO CLARO,,,,,PARTIDO DA CAUSA OPERÁRIA,i,PCO,0,29,PCO,PARTIDO DA CAUSA OPERÁRIA,,29,280002552487,RUI COSTA PIMENTA,RUI COSTA PIMENTA,25/06/1957,12,Válido,nao,,1,0.01,0.008742787,ANTONIO CARLOS SILVA,ANTÔNIO CARLOS,PCO,v,,,,,04/10/2026 19:28:54,sim
1,04/10/2026,6257,Presidente,1,municipio,RJ,58890,3304508,RIO DAS FLORES,,,,,PARTIDO LIBERAL,i,PL,0,22,PL,PARTIDO LIBERAL,,22,280002551544,FLAVIO NANTES BOLSONARO,FLAVIO BOLSONARO,30/04/1981,1,Válido,nao,,2476,37.39,37.390516460,ALFREDO GASPAR DE MENDONÇA NETO,ALFREDO GASPAR,PL,v,,,,,04/10/2026 19:28:54,sim
1,04/10/2026,6257,Presidente,1,municipio,RJ,58890,3304508,RIO DAS FLORES,,,,,PARTIDO SOCIAL DEMOCRÁTICO,i,PSD,0,55,PSD,PARTIDO SOCIAL DEMOCRÁTICO,,55,280002551932,RONALDO RAMOS CAIADO,RONALDO CAIADO,25/09/1949,5,Válido,nao,,133,2.01,2.008456660,GILBERTO KASSAB,GILBERTO KASSAB,PSD,v,,,,,04/10/2026 19:28:54,sim
1,04/10/2026,6257,Presidente,1,municipio,RJ,58890,3304508,RIO DAS FLORES,,PT/PC do B/PV,FEDERAÇÃO BRASIL DA ESPERANÇA - FE BRASIL,PT/PC do B/PV,BRASIL PRONTO PRA MAIS,c,PSB / PDT / PCDOB / PT / PV / PSOL / REDE,,13,PT,PARTIDO DOS TRABALHADORES,101,13,280002542548,LUIZ INÁCIO LULA DA SILVA,LULA,06/10/1945,2,Válido,nao,,3781,57.10,57.097553609,GERALDO JOSE RODRIGUES ALCKMIN FILHO,GERALDO ALCKMIN,PSB,v,,,,,04/10/2026 19:28:54,sim
1,04/10/2026,6257,Presidente,1,municipio,RJ,58890,3304508,RIO DAS FLORES,,,,,DEMOCRACIA CRISTÃ,i,DC,0,27,DC,DEMOCRACIA CRISTÃ,,27,280002552484,CLARIANA ZACARKIM BARAO,CLARIANA BARAO,03/04/1987,9,Válido,nao,,4,0.06,0.060404712,FABIANA CRISTINA TAVARES TORQUATO,FABIANA TORQUATO,DC,v,,,,,04/10/2026 19:28:54,sim
1,04/10/2026,6257,Presidente,1,municipio,RJ,58890,3304508,RIO DAS FLORES,,,,,PARTIDO COMUNISTA BRASILEIRO,i,PCB,0,21,PCB,PARTIDO COMUNISTA BRASILEIRO,,21,280002551975,EDMILSON SILVA COSTA,EDMILSON COSTA,08/04/1950,10,Válido,nao,,0,0.00,0,CLEUSA DOS SANTOS,CLEUSA SANTOS,PCB,v,,,,,04/10/2026 19:28:54,sim
1,04/10/2026,6257,Presidente,1,municipio,RJ,58890,3304508,RIO DAS FLORES,,,,,PARTIDO SOCIALISTA  DOS TRABALHADORES UNIFICADO,i,PSTU,0,16,PSTU,PARTIDO SOCIALISTA  DOS TRABALHADORES UNIFICADO,,16,280002541457,HERTZ DA CONCEICAO DIAS,HERTZ DIAS,20/10/1970,8,Válido,nao,,0,0.00,0,VANESSA PORTUGAL BARBOSA,VANESSA PORTUGAL,PSTU,v,,,,,04/10/2026 19:28:54,sim
1,04/10/2026,6257,Presidente,1,municipio,RJ,58890,3304508,RIO DAS FLORES,,,,,BRASIL DOS NOSSOS SONHOS,c,AGIR / AVANTE,,70,AVANTE,AVANTE,,70,280002551547,AUGUSTO JORGE CURY,ESCRITOR AUGUSTO CURY,02/10/1958,3,Válido,nao,,122,1.84,1.842343703,JULIO CESAR DELGADO,JÚLIO DELGADO,AVANTE,v,,,,,04/10/2026 19:28:54,sim
1,04/10/2026,6257,Presidente,1,municipio,RJ,58890,3304508,RIO DAS FLORES,,,,,PARTIDO NOVO,i,NOVO,0,30,NOVO,PARTIDO NOVO,,30,280002539826,ROMEU ZEMA NETO,ZEMA,28/10/1964,6,Válido,nao,,16,0.24,0.241618846,LUIS EDUARDO GRANGEIRO GIRÃO,EDUARDO GIRÃO,NOVO,v,,,,,04/10/2026 19:28:54,sim
1,04/10/2026,6257,Presidente,1,municipio,RJ,58890,3304508,RIO DAS FLORES,,,,,UNIDADE POPULAR,i,UP,0,80,UP,UNIDADE POPULAR,,80,280002538811,SAMARA MARTINS DA SILVA FEITOSA,SAMARA,31/08/1987,7,Válido,nao,,3,0.05,0.045303534,RAQUEL NONATO DE BRICIO,RAQUEL BRÍCIO,UP,v,,,,,04/10/2026 19:28:54,sim
1,04/10/2026,6257,Presidente,1,municipio,RJ,58890,3304508,RIO DAS FLORES,,,,,DEMOCRATA,i,DEMOCRATA,0,35,DEMOCRATA,DEMOCRATA,,35,280002548139,WILSON GRASSI JUNIOR,VETERINÁRIO WILSON GRASSI,13/03/1970,11,Válido,nao,,1,0.02,0.015101178,SUÊD HAIDAR NOGUEIRA,SUÊD HAIDAR,DEMOCRATA,v,,,,,04/10/2026 19:28:54,sim
1,04/10/2026,6257,Presidente,1,municipio,RJ,58890,3304508,RIO DAS FLORES,,,,,PARTIDO MISSÃO,i,MISSÃO,0,14,MISSÃO,PARTIDO MISSÃO,,14,280002540694,RENAN ANTONIO FERREIRA DOS SANTOS,RENAN SANTOS,14/02/1984,4,Válido,nao,,84,1.27,1.268498943,AROLDO MEDINA,CORONEL MEDINA,MISSÃO,v,,,,,04/10/2026 19:28:54,sim
1,04/10/2026,6257,Presidente,1,municipio,RJ,58890,3304508,RIO DAS FLORES,,,,,PARTIDO DA CAUSA OPERÁRIA,i,PCO,0,29,PCO,PARTIDO DA CAUSA OPERÁRIA,,29,280002552487,RUI COSTA PIMENTA,RUI COSTA PIMENTA,25/06/1957,12,Válido,nao,,2,0.03,0.030202356,ANTONIO CARLOS SILVA,ANTÔNIO CARLOS,PCO,v,,,,,04/10/2026 19:28:54,sim
1,04/10/2026,6257,Presidente,1,municipio,RJ,58912,3304607,SANTA MARIA MADALENA,,,,,PARTIDO LIBERAL,i,PL,0,22,PL,PARTIDO LIBERAL,,22,280002551544,FLAVIO NANTES BOLSONARO,FLAVIO BOLSONARO,30/04/1981,1,Válido,nao,,3277,49.48,49.479088027,ALFREDO GASPAR DE MENDONÇA NETO,ALFREDO GASPAR,PL,v,,,,,04/10/2026 20:53:27,sim
1,04/10/2026,6257,Presidente,1,municipio,RJ,58912,3304607,SANTA MARIA MADALENA,,,,,PARTIDO SOCIAL DEMOCRÁTICO,i,PSD,0,55,PSD,PARTIDO SOCIAL DEMOCRÁTICO,,55,280002551932,RONALDO RAMOS CAIADO,RONALDO CAIADO,25/09/1949,5,Válido,nao,,190,2.87,2.868790578,GILBERTO KASSAB,GILBERTO KASSAB,PSD,v,,,,,04/10/2026 20:53:27,sim
1,04/10/2026,6257,Presidente,1,municipio,RJ,58912,3304607,SANTA MARIA MADALENA,,PT/PC do B/PV,FEDERAÇÃO BRASIL DA ESPERANÇA - FE BRASIL,PT/PC do B/PV,BRASIL PRONTO PRA MAIS,c,PSB / PDT / PCDOB / PT / PV / PSOL / REDE,,13,PT,PARTIDO DOS TRABALHADORES,101,13,280002542548,LUIZ INÁCIO LULA DA SILVA,LULA,06/10/1945,2,Válido,nao,,2847,42.99,42.986561981,GERALDO JOSE RODRIGUES ALCKMIN FILHO,GERALDO ALCKMIN,PSB,v,,,,,04/10/2026 20:53:27,sim
1,04/10/2026,6257,Presidente,1,municipio,RJ,58912,3304607,SANTA MARIA MADALENA,,,,,DEMOCRACIA CRISTÃ,i,DC,0,27,DC,DEMOCRACIA CRISTÃ,,27,280002552484,CLARIANA ZACARKIM BARAO,CLARIANA BARAO,03/04/1987,9,Válido,nao,,1,0.02,0.015098898,FABIANA CRISTINA TAVARES TORQUATO,FABIANA TORQUATO,DC,v,,,,,04/10/2026 20:53:27,sim
1,04/10/2026,6257,Presidente,1,municipio,RJ,58912,3304607,SANTA MARIA MADALENA,,,,,PARTIDO COMUNISTA BRASILEIRO,i,PCB,0,21,PCB,PARTIDO COMUNISTA BRASILEIRO,,21,280002551975,EDMILSON SILVA COSTA,EDMILSON COSTA,08/04/1950,10,Válido,nao,,4,0.06,0.060395591,CLEUSA DOS SANTOS,CLEUSA SANTOS,PCB,v,,,,,04/10/2026 20:53:27,sim
1,04/10/2026,6257,Presidente,1,municipio,RJ,58912,3304607,SANTA MARIA MADALENA,,,,,PARTIDO SOCIALISTA  DOS TRABALHADORES UNIFICADO,i,PSTU,0,16,PSTU,PARTIDO SOCIALISTA  DOS TRABALHADORES UNIFICADO,,16,280002541457,HERTZ DA CONCEICAO DIAS,HERTZ DIAS,20/10/1970,8,Válido,nao,,3,0.05,0.045296693,VANESSA PORTUGAL BARBOSA,VANESSA PORTUGAL,PSTU,v,,,,,04/10/2026 20:53:27,sim
1,04/10/2026,6257,Presidente,1,municipio,RJ,58912,3304607,SANTA MARIA MADALENA,,,,,BRASIL DOS NOSSOS SONHOS,c,AGIR / AVANTE,,70,AVANTE,AVANTE,,70,280002551547,AUGUSTO JORGE CURY,ESCRITOR AUGUSTO CURY,02/10/1958,3,Válido,nao,,178,2.69,2.687603805,JULIO CESAR DELGADO,JÚLIO DELGADO,AVANTE,v,,,,,04/10/2026 20:53:27,sim
1,04/10/2026,6257,Presidente,1,municipio,RJ,58912,3304607,SANTA MARIA MADALENA,,,,,PARTIDO NOVO,i,NOVO,0,30,NOVO,PARTIDO NOVO,,30,280002539826,ROMEU ZEMA NETO,ZEMA,28/10/1964,6,Válido,nao,,11,0.17,0.166087876,LUIS EDUARDO GRANGEIRO GIRÃO,EDUARDO GIRÃO,NOVO,v,,,,,04/10/2026 20:53:27,sim
1,04/10/2026,6257,Presidente,1,municipio,RJ,58912,3304607,SANTA MARIA MADALENA,,,,,UNIDADE POPULAR,i,UP,0,80,UP,UNIDADE POPULAR,,80,280002538811,SAMARA MARTINS DA SILVA FEITOSA,SAMARA,31/08/1987,7,Válido,nao,,7,0.11,0.105692284,RAQUEL NONATO DE BRICIO,RAQUEL BRÍCIO,UP,v,,,,,04/10/2026 20:53:27,sim
1,04/10/2026,6257,Presidente,1,municipio,RJ,58912,3304607,SANTA MARIA MADALENA,,,,,DEMOCRATA,i,DEMOCRATA,0,35,DEMOCRATA,DEMOCRATA,,35,280002548139,WILSON GRASSI JUNIOR,VETERINÁRIO WILSON GRASSI,13/03/1970,11,Válido,nao,,0,0.00,0,SUÊD HAIDAR NOGUEIRA,SUÊD HAIDAR,DEMOCRATA,v,,,,,04/10/2026 20:53:27,sim
1,04/10/2026,6257,Presidente,1,municipio,RJ,58912,3304607,SANTA MARIA MADALENA,,,,,PARTIDO MISSÃO,i,MISSÃO,0,14,MISSÃO,PARTIDO MISSÃO,,14,280002540694,RENAN ANTONIO FERREIRA DOS SANTOS,RENAN SANTOS,14/02/1984,4,Válido,nao,,105,1.59,1.585384267,AROLDO MEDINA,CORONEL MEDINA,MISSÃO,v,,,,,04/10/2026 20:53:27,sim
1,04/10/2026,6257,Presidente,1,municipio,RJ,58912,3304607,SANTA MARIA MADALENA,,,,,PARTIDO DA CAUSA OPERÁRIA,i,PCO,0,29,PCO,PARTIDO DA CAUSA OPERÁRIA,,29,280002552487,RUI COSTA PIMENTA,RUI COSTA PIMENTA,25/06/1957,12,Válido,nao,,0,0.00,0,ANTONIO CARLOS SILVA,ANTÔNIO CARLOS,PCO,v,,,,,04/10/2026 20:53:27,sim
1,04/10/2026,6257,Presidente,1,municipio,RJ,58939,3304706,SANTO ANTÔNIO DE PÁDUA,,,,,PARTIDO LIBERAL,i,PL,0,22,PL,PARTIDO LIBERAL,,22,280002551544,FLAVIO NANTES BOLSONARO,FLAVIO BOLSONARO,30/04/1981,1,Válido,nao,,14849,60.14,60.144193771,ALFREDO GASPAR DE MENDONÇA NETO,ALFREDO GASPAR,PL,v,,,,,04/10/2026 20:10:32,sim
1,04/10/2026,6257,Presidente,1,municipio,RJ,58939,3304706,SANTO ANTÔNIO DE PÁDUA,,,,,PARTIDO SOCIAL DEMOCRÁTICO,i,PSD,0,55,PSD,PARTIDO SOCIAL DEMOCRÁTICO,,55,280002551932,RONALDO RAMOS CAIADO,RONALDO CAIADO,25/09/1949,5,Válido,nao,,587,2.38,2.377577059,GILBERTO KASSAB,GILBERTO KASSAB,PSD,v,,,,,04/10/2026 20:10:32,sim
1,04/10/2026,6257,Presidente,1,municipio,RJ,58939,3304706,SANTO ANTÔNIO DE PÁDUA,,PT/PC do B/PV,FEDERAÇÃO BRASIL DA ESPERANÇA - FE BRASIL,PT/PC do B/PV,BRASIL PRONTO PRA MAIS,c,PSB / PDT / PCDOB / PT / PV / PSOL / REDE,,13,PT,PARTIDO DOS TRABALHADORES,101,13,280002542548,LUIZ INÁCIO LULA DA SILVA,LULA,06/10/1945,2,Válido,nao,,8371,33.91,33.905788003,GERALDO JOSE RODRIGUES ALCKMIN FILHO,GERALDO ALCKMIN,PSB,v,,,,,04/10/2026 20:10:32,sim
1,04/10/2026,6257,Presidente,1,municipio,RJ,58939,3304706,SANTO ANTÔNIO DE PÁDUA,,,,,DEMOCRACIA CRISTÃ,i,DC,0,27,DC,DEMOCRACIA CRISTÃ,,27,280002552484,CLARIANA ZACARKIM BARAO,CLARIANA BARAO,03/04/1987,9,Válido,nao,,14,0.06,0.056705415,FABIANA CRISTINA TAVARES TORQUATO,FABIANA TORQUATO,DC,v,,,,,04/10/2026 20:10:32,sim
1,04/10/2026,6257,Presidente,1,municipio,RJ,58939,3304706,SANTO ANTÔNIO DE PÁDUA,,,,,PARTIDO COMUNISTA BRASILEIRO,i,PCB,0,21,PCB,PARTIDO COMUNISTA BRASILEIRO,,21,280002551975,EDMILSON SILVA COSTA,EDMILSON COSTA,08/04/1950,10,Válido,nao,,9,0.04,0.036453481,CLEUSA DOS SANTOS,CLEUSA SANTOS,PCB,v,,,,,04/10/2026 20:10:32,sim
1,04/10/2026,6257,Presidente,1,municipio,RJ,58939,3304706,SANTO ANTÔNIO DE PÁDUA,,,,,PARTIDO SOCIALISTA  DOS TRABALHADORES UNIFICADO,i,PSTU,0,16,PSTU,PARTIDO SOCIALISTA  DOS TRABALHADORES UNIFICADO,,16,280002541457,HERTZ DA CONCEICAO DIAS,HERTZ DIAS,20/10/1970,8,Válido,nao,,9,0.04,0.036453481,VANESSA PORTUGAL BARBOSA,VANESSA PORTUGAL,PSTU,v,,,,,04/10/2026 20:10:32,sim
1,04/10/2026,6257,Presidente,1,municipio,RJ,58939,3304706,SANTO ANTÔNIO DE PÁDUA,,,,,BRASIL DOS NOSSOS SONHOS,c,AGIR / AVANTE,,70,AVANTE,AVANTE,,70,280002551547,AUGUSTO JORGE CURY,ESCRITOR AUGUSTO CURY,02/10/1958,3,Válido,nao,,461,1.87,1.867228320,JULIO CESAR DELGADO,JÚLIO DELGADO,AVANTE,v,,,,,04/10/2026 20:10:32,sim
1,04/10/2026,6257,Presidente,1,municipio,RJ,58939,3304706,SANTO ANTÔNIO DE PÁDUA,,,,,PARTIDO NOVO,i,NOVO,0,30,NOVO,PARTIDO NOVO,,30,280002539826,ROMEU ZEMA NETO,ZEMA,28/10/1964,6,Válido,nao,,40,0.16,0.162015472,LUIS EDUARDO GRANGEIRO GIRÃO,EDUARDO GIRÃO,NOVO,v,,,,,04/10/2026 20:10:32,sim
1,04/10/2026,6257,Presidente,1,municipio,RJ,58939,3304706,SANTO ANTÔNIO DE PÁDUA,,,,,UNIDADE POPULAR,i,UP,0,80,UP,UNIDADE POPULAR,,80,280002538811,SAMARA MARTINS DA SILVA FEITOSA,SAMARA,31/08/1987,7,Válido,nao,,12,0.05,0.048604642,RAQUEL NONATO DE BRICIO,RAQUEL BRÍCIO,UP,v,,,,,04/10/2026 20:10:32,sim
1,04/10/2026,6257,Presidente,1,municipio,RJ,58939,3304706,SANTO ANTÔNIO DE PÁDUA,,,,,DEMOCRATA,i,DEMOCRATA,0,35,DEMOCRATA,DEMOCRATA,,35,280002548139,WILSON GRASSI JUNIOR,VETERINÁRIO WILSON GRASSI,13/03/1970,11,Válido,nao,,5,0.02,0.020251934,SUÊD HAIDAR NOGUEIRA,SUÊD HAIDAR,DEMOCRATA,v,,,,,04/10/2026 20:10:32,sim
1,04/10/2026,6257,Presidente,1,municipio,RJ,58939,3304706,SANTO ANTÔNIO DE PÁDUA,,,,,PARTIDO MISSÃO,i,MISSÃO,0,14,MISSÃO,PARTIDO MISSÃO,,14,280002540694,RENAN ANTONIO FERREIRA DOS SANTOS,RENAN SANTOS,14/02/1984,4,Válido,nao,,327,1.32,1.324476488,AROLDO MEDINA,CORONEL MEDINA,MISSÃO,v,,,,,04/10/2026 20:10:32,sim
1,04/10/2026,6257,Presidente,1,municipio,RJ,58939,3304706,SANTO ANTÔNIO DE PÁDUA,,,,,PARTIDO DA CAUSA OPERÁRIA,i,PCO,0,29,PCO,PARTIDO DA CAUSA OPERÁRIA,,29,280002552487,RUI COSTA PIMENTA,RUI COSTA PIMENTA,25/06/1957,12,Válido,nao,,5,0.02,0.020251934,ANTONIO CARLOS SILVA,ANTÔNIO CARLOS,PCO,v,,,,,04/10/2026 20:10:32,sim
1,04/10/2026,6257,Presidente,1,municipio,RJ,58955,3304805,SÃO FIDÉLIS,,,,,PARTIDO LIBERAL,i,PL,0,22,PL,PARTIDO LIBERAL,,22,280002551544,FLAVIO NANTES BOLSONARO,FLAVIO BOLSONARO,30/04/1981,1,Válido,nao,,14248,62.48,62.483006622,ALFREDO GASPAR DE MENDONÇA NETO,ALFREDO GASPAR,PL,v,,,,,04/10/2026 20:11:51,sim
1,04/10/2026,6257,Presidente,1,municipio,RJ,58955,3304805,SÃO FIDÉLIS,,,,,PARTIDO SOCIAL DEMOCRÁTICO,i,PSD,0,55,PSD,PARTIDO SOCIAL DEMOCRÁTICO,,55,280002551932,RONALDO RAMOS CAIADO,RONALDO CAIADO,25/09/1949,5,Válido,nao,,417,1.83,1.828706749,GILBERTO KASSAB,GILBERTO KASSAB,PSD,v,,,,,04/10/2026 20:11:51,sim
1,04/10/2026,6257,Presidente,1,municipio,RJ,58955,3304805,SÃO FIDÉLIS,,PT/PC do B/PV,FEDERAÇÃO BRASIL DA ESPERANÇA - FE BRASIL,PT/PC do B/PV,BRASIL PRONTO PRA MAIS,c,PSB / PDT / PCDOB / PT / PV / PSOL / REDE,,13,PT,PARTIDO DOS TRABALHADORES,101,13,280002542548,LUIZ INÁCIO LULA DA SILVA,LULA,06/10/1945,2,Válido,nao,,7229,31.70,31.701969039,GERALDO JOSE RODRIGUES ALCKMIN FILHO,GERALDO ALCKMIN,PSB,v,,,,,04/10/2026 20:11:51,sim
1,04/10/2026,6257,Presidente,1,municipio,RJ,58955,3304805,SÃO FIDÉLIS,,,,,DEMOCRACIA CRISTÃ,i,DC,0,27,DC,DEMOCRACIA CRISTÃ,,27,280002552484,CLARIANA ZACARKIM BARAO,CLARIANA BARAO,03/04/1987,9,Válido,nao,,5,0.02,0.021926939,FABIANA CRISTINA TAVARES TORQUATO,FABIANA TORQUATO,DC,v,,,,,04/10/2026 20:11:51,sim
1,04/10/2026,6257,Presidente,1,municipio,RJ,58955,3304805,SÃO FIDÉLIS,,,,,PARTIDO COMUNISTA BRASILEIRO,i,PCB,0,21,PCB,PARTIDO COMUNISTA BRASILEIRO,,21,280002551975,EDMILSON SILVA COSTA,EDMILSON COSTA,08/04/1950,10,Válido,nao,,5,0.02,0.021926939,CLEUSA DOS SANTOS,CLEUSA SANTOS,PCB,v,,,,,04/10/2026 20:11:51,sim
1,04/10/2026,6257,Presidente,1,municipio,RJ,58955,3304805,SÃO FIDÉLIS,,,,,PARTIDO SOCIALISTA  DOS TRABALHADORES UNIFICADO,i,PSTU,0,16,PSTU,PARTIDO SOCIALISTA  DOS TRABALHADORES UNIFICADO,,16,280002541457,HERTZ DA CONCEICAO DIAS,HERTZ DIAS,20/10/1970,8,Válido,nao,,3,0.01,0.013156164,VANESSA PORTUGAL BARBOSA,VANESSA PORTUGAL,PSTU,v,,,,,04/10/2026 20:11:51,sim
1,04/10/2026,6257,Presidente,1,municipio,RJ,58955,3304805,SÃO FIDÉLIS,,,,,BRASIL DOS NOSSOS SONHOS,c,AGIR / AVANTE,,70,AVANTE,AVANTE,,70,280002551547,AUGUSTO JORGE CURY,ESCRITOR AUGUSTO CURY,02/10/1958,3,Válido,nao,,473,2.07,2.074288471,JULIO CESAR DELGADO,JÚLIO DELGADO,AVANTE,v,,,,,04/10/2026 20:11:51,sim
1,04/10/2026,6257,Presidente,1,municipio,RJ,58955,3304805,SÃO FIDÉLIS,,,,,PARTIDO NOVO,i,NOVO,0,30,NOVO,PARTIDO NOVO,,30,280002539826,ROMEU ZEMA NETO,ZEMA,28/10/1964,6,Válido,nao,,31,0.14,0.135947025,LUIS EDUARDO GRANGEIRO GIRÃO,EDUARDO GIRÃO,NOVO,v,,,,,04/10/2026 20:11:51,sim
1,04/10/2026,6257,Presidente,1,municipio,RJ,58955,3304805,SÃO FIDÉLIS,,,,,UNIDADE POPULAR,i,UP,0,80,UP,UNIDADE POPULAR,,80,280002538811,SAMARA MARTINS DA SILVA FEITOSA,SAMARA,31/08/1987,7,Válido,nao,,16,0.07,0.070166206,RAQUEL NONATO DE BRICIO,RAQUEL BRÍCIO,UP,v,,,,,04/10/2026 20:11:51,sim
1,04/10/2026,6257,Presidente,1,municipio,RJ,58955,3304805,SÃO FIDÉLIS,,,,,DEMOCRATA,i,DEMOCRATA,0,35,DEMOCRATA,DEMOCRATA,,35,280002548139,WILSON GRASSI JUNIOR,VETERINÁRIO WILSON GRASSI,13/03/1970,11,Válido,nao,,2,0.01,0.008770776,SUÊD HAIDAR NOGUEIRA,SUÊD HAIDAR,DEMOCRATA,v,,,,,04/10/2026 20:11:51,sim
1,04/10/2026,6257,Presidente,1,municipio,RJ,58955,3304805,SÃO FIDÉLIS,,,,,PARTIDO MISSÃO,i,MISSÃO,0,14,MISSÃO,PARTIDO MISSÃO,,14,280002540694,RENAN ANTONIO FERREIRA DOS SANTOS,RENAN SANTOS,14/02/1984,4,Válido,nao,,374,1.64,1.640135070,AROLDO MEDINA,CORONEL MEDINA,MISSÃO,v,,,,,04/10/2026 20:11:51,sim
1,04/10/2026,6257,Presidente,1,municipio,RJ,58955,3304805,SÃO FIDÉLIS,,,,,PARTIDO DA CAUSA OPERÁRIA,i,PCO,0,29,PCO,PARTIDO DA CAUSA OPERÁRIA,,29,280002552487,RUI COSTA PIMENTA,RUI COSTA PIMENTA,25/06/1957,12,Válido,nao,,0,0.00,0,ANTONIO CARLOS SILVA,ANTÔNIO CARLOS,PCO,v,,,,,04/10/2026 20:11:51,sim
1,04/10/2026,6257,Presidente,1,municipio,RJ,58971,3304904,SÃO GONÇALO,,,,,PARTIDO LIBERAL,i,PL,0,22,PL,PARTIDO LIBERAL,,22,280002551544,FLAVIO NANTES BOLSONARO,FLAVIO BOLSONARO,30/04/1981,1,Válido,nao,,247529,52.37,52.370242800,ALFREDO GASPAR DE MENDONÇA NETO,ALFREDO GASPAR,PL,v,,,,,04/10/2026 21:26:48,sim
1,04/10/2026,6257,Presidente,1,municipio,RJ,58971,3304904,SÃO GONÇALO,,,,,PARTIDO SOCIAL DEMOCRÁTICO,i,PSD,0,55,PSD,PARTIDO SOCIAL DEMOCRÁTICO,,55,280002551932,RONALDO RAMOS CAIADO,RONALDO CAIADO,25/09/1949,5,Válido,nao,,9204,1.95,1.947310072,GILBERTO KASSAB,GILBERTO KASSAB,PSD,v,,,,,04/10/2026 21:26:48,sim
1,04/10/2026,6257,Presidente,1,municipio,RJ,58971,3304904,SÃO GONÇALO,,PT/PC do B/PV,FEDERAÇÃO BRASIL DA ESPERANÇA - FE BRASIL,PT/PC do B/PV,BRASIL PRONTO PRA MAIS,c,PSB / PDT / PCDOB / PT / PV / PSOL / REDE,,13,PT,PARTIDO DOS TRABALHADORES,101,13,280002542548,LUIZ INÁCIO LULA DA SILVA,LULA,06/10/1945,2,Válido,nao,,190984,40.41,40.406895560,GERALDO JOSE RODRIGUES ALCKMIN FILHO,GERALDO ALCKMIN,PSB,v,,,,,04/10/2026 21:26:48,sim
1,04/10/2026,6257,Presidente,1,municipio,RJ,58971,3304904,SÃO GONÇALO,,,,,DEMOCRACIA CRISTÃ,i,DC,0,27,DC,DEMOCRACIA CRISTÃ,,27,280002552484,CLARIANA ZACARKIM BARAO,CLARIANA BARAO,03/04/1987,9,Válido,nao,,206,0.04,0.043583863,FABIANA CRISTINA TAVARES TORQUATO,FABIANA TORQUATO,DC,v,,,,,04/10/2026 21:26:48,sim
1,04/10/2026,6257,Presidente,1,municipio,RJ,58971,3304904,SÃO GONÇALO,,,,,PARTIDO COMUNISTA BRASILEIRO,i,PCB,0,21,PCB,PARTIDO COMUNISTA BRASILEIRO,,21,280002551975,EDMILSON SILVA COSTA,EDMILSON COSTA,08/04/1950,10,Válido,nao,,136,0.03,0.028773812,CLEUSA DOS SANTOS,CLEUSA SANTOS,PCB,v,,,,,04/10/2026 21:26:48,sim
1,04/10/2026,6257,Presidente,1,municipio,RJ,58971,3304904,SÃO GONÇALO,,,,,PARTIDO SOCIALISTA  DOS TRABALHADORES UNIFICADO,i,PSTU,0,16,PSTU,PARTIDO SOCIALISTA  DOS TRABALHADORES UNIFICADO,,16,280002541457,HERTZ DA CONCEICAO DIAS,HERTZ DIAS,20/10/1970,8,Válido,nao,,180,0.04,0.038082987,VANESSA PORTUGAL BARBOSA,VANESSA PORTUGAL,PSTU,v,,,,,04/10/2026 21:26:48,sim
1,04/10/2026,6257,Presidente,1,municipio,RJ,58971,3304904,SÃO GONÇALO,,,,,BRASIL DOS NOSSOS SONHOS,c,AGIR / AVANTE,,70,AVANTE,AVANTE,,70,280002551547,AUGUSTO JORGE CURY,ESCRITOR AUGUSTO CURY,02/10/1958,3,Válido,nao,,12679,2.68,2.682523294,JULIO CESAR DELGADO,JÚLIO DELGADO,AVANTE,v,,,,,04/10/2026 21:26:48,sim
1,04/10/2026,6257,Presidente,1,municipio,RJ,58971,3304904,SÃO GONÇALO,,,,,PARTIDO NOVO,i,NOVO,0,30,NOVO,PARTIDO NOVO,,30,280002539826,ROMEU ZEMA NETO,ZEMA,28/10/1964,6,Válido,nao,,754,0.16,0.159525401,LUIS EDUARDO GRANGEIRO GIRÃO,EDUARDO GIRÃO,NOVO,v,,,,,04/10/2026 21:26:48,sim
1,04/10/2026,6257,Presidente,1,municipio,RJ,58971,3304904,SÃO GONÇALO,,,,,UNIDADE POPULAR,i,UP,0,80,UP,UNIDADE POPULAR,,80,280002538811,SAMARA MARTINS DA SILVA FEITOSA,SAMARA,31/08/1987,7,Válido,nao,,631,0.13,0.133502027,RAQUEL NONATO DE BRICIO,RAQUEL BRÍCIO,UP,v,,,,,04/10/2026 21:26:48,sim
1,04/10/2026,6257,Presidente,1,municipio,RJ,58971,3304904,SÃO GONÇALO,,,,,DEMOCRATA,i,DEMOCRATA,0,35,DEMOCRATA,DEMOCRATA,,35,280002548139,WILSON GRASSI JUNIOR,VETERINÁRIO WILSON GRASSI,13/03/1970,11,Válido,nao,,99,0.02,0.020945643,SUÊD HAIDAR NOGUEIRA,SUÊD HAIDAR,DEMOCRATA,v,,,,,04/10/2026 21:26:48,sim
1,04/10/2026,6257,Presidente,1,municipio,RJ,58971,3304904,SÃO GONÇALO,,,,,PARTIDO MISSÃO,i,MISSÃO,0,14,MISSÃO,PARTIDO MISSÃO,,14,280002540694,RENAN ANTONIO FERREIRA DOS SANTOS,RENAN SANTOS,14/02/1984,4,Válido,nao,,10184,2.15,2.154650779,AROLDO MEDINA,CORONEL MEDINA,MISSÃO,v,,,,,04/10/2026 21:26:48,sim
1,04/10/2026,6257,Presidente,1,municipio,RJ,58971,3304904,SÃO GONÇALO,,,,,PARTIDO DA CAUSA OPERÁRIA,i,PCO,0,29,PCO,PARTIDO DA CAUSA OPERÁRIA,,29,280002552487,RUI COSTA PIMENTA,RUI COSTA PIMENTA,25/06/1957,12,Válido,nao,,66,0.01,0.013963762,ANTONIO CARLOS SILVA,ANTÔNIO CARLOS,PCO,v,,,,,04/10/2026 21:26:48,sim
1,04/10/2026,6257,Presidente,1,municipio,RJ,58998,3305000,SÃO JOÃO DA BARRA,,,,,PARTIDO LIBERAL,i,PL,0,22,PL,PARTIDO LIBERAL,,22,280002551544,FLAVIO NANTES BOLSONARO,FLAVIO BOLSONARO,30/04/1981,1,Válido,nao,,19786,59.95,59.953942185,ALFREDO GASPAR DE MENDONÇA NETO,ALFREDO GASPAR,PL,v,,,,,04/10/2026 20:54:17,sim
1,04/10/2026,6257,Presidente,1,municipio,RJ,58998,3305000,SÃO JOÃO DA BARRA,,,,,PARTIDO SOCIAL DEMOCRÁTICO,i,PSD,0,55,PSD,PARTIDO SOCIAL DEMOCRÁTICO,,55,280002551932,RONALDO RAMOS CAIADO,RONALDO CAIADO,25/09/1949,5,Válido,nao,,788,2.39,2.387734077,GILBERTO KASSAB,GILBERTO KASSAB,PSD,v,,,,,04/10/2026 20:54:17,sim
1,04/10/2026,6257,Presidente,1,municipio,RJ,58998,3305000,SÃO JOÃO DA BARRA,,PT/PC do B/PV,FEDERAÇÃO BRASIL DA ESPERANÇA - FE BRASIL,PT/PC do B/PV,BRASIL PRONTO PRA MAIS,c,PSB / PDT / PCDOB / PT / PV / PSOL / REDE,,13,PT,PARTIDO DOS TRABALHADORES,101,13,280002542548,LUIZ INÁCIO LULA DA SILVA,LULA,06/10/1945,2,Válido,nao,,10656,32.29,32.288952185,GERALDO JOSE RODRIGUES ALCKMIN FILHO,GERALDO ALCKMIN,PSB,v,,,,,04/10/2026 20:54:17,sim
1,04/10/2026,6257,Presidente,1,municipio,RJ,58998,3305000,SÃO JOÃO DA BARRA,,,,,DEMOCRACIA CRISTÃ,i,DC,0,27,DC,DEMOCRACIA CRISTÃ,,27,280002552484,CLARIANA ZACARKIM BARAO,CLARIANA BARAO,03/04/1987,9,Válido,nao,,17,0.05,0.051512030,FABIANA CRISTINA TAVARES TORQUATO,FABIANA TORQUATO,DC,v,,,,,04/10/2026 20:54:17,sim
1,04/10/2026,6257,Presidente,1,municipio,RJ,58998,3305000,SÃO JOÃO DA BARRA,,,,,PARTIDO COMUNISTA BRASILEIRO,i,PCB,0,21,PCB,PARTIDO COMUNISTA BRASILEIRO,,21,280002551975,EDMILSON SILVA COSTA,EDMILSON COSTA,08/04/1950,10,Válido,nao,,7,0.02,0.021210836,CLEUSA DOS SANTOS,CLEUSA SANTOS,PCB,v,,,,,04/10/2026 20:54:17,sim
1,04/10/2026,6257,Presidente,1,municipio,RJ,58998,3305000,SÃO JOÃO DA BARRA,,,,,PARTIDO SOCIALISTA  DOS TRABALHADORES UNIFICADO,i,PSTU,0,16,PSTU,PARTIDO SOCIALISTA  DOS TRABALHADORES UNIFICADO,,16,280002541457,HERTZ DA CONCEICAO DIAS,HERTZ DIAS,20/10/1970,8,Válido,nao,,4,0.01,0.012120478,VANESSA PORTUGAL BARBOSA,VANESSA PORTUGAL,PSTU,v,,,,,04/10/2026 20:54:17,sim
1,04/10/2026,6257,Presidente,1,municipio,RJ,58998,3305000,SÃO JOÃO DA BARRA,,,,,BRASIL DOS NOSSOS SONHOS,c,AGIR / AVANTE,,70,AVANTE,AVANTE,,70,280002551547,AUGUSTO JORGE CURY,ESCRITOR AUGUSTO CURY,02/10/1958,3,Válido,nao,,1148,3.48,3.478577056,JULIO CESAR DELGADO,JÚLIO DELGADO,AVANTE,v,,,,,04/10/2026 20:54:17,sim
1,04/10/2026,6257,Presidente,1,municipio,RJ,58998,3305000,SÃO JOÃO DA BARRA,,,,,PARTIDO NOVO,i,NOVO,0,30,NOVO,PARTIDO NOVO,,30,280002539826,ROMEU ZEMA NETO,ZEMA,28/10/1964,6,Válido,nao,,46,0.14,0.139385492,LUIS EDUARDO GRANGEIRO GIRÃO,EDUARDO GIRÃO,NOVO,v,,,,,04/10/2026 20:54:17,sim
1,04/10/2026,6257,Presidente,1,municipio,RJ,58998,3305000,SÃO JOÃO DA BARRA,,,,,UNIDADE POPULAR,i,UP,0,80,UP,UNIDADE POPULAR,,80,280002538811,SAMARA MARTINS DA SILVA FEITOSA,SAMARA,31/08/1987,7,Válido,nao,,28,0.08,0.084843343,RAQUEL NONATO DE BRICIO,RAQUEL BRÍCIO,UP,v,,,,,04/10/2026 20:54:17,sim
1,04/10/2026,6257,Presidente,1,municipio,RJ,58998,3305000,SÃO JOÃO DA BARRA,,,,,DEMOCRATA,i,DEMOCRATA,0,35,DEMOCRATA,DEMOCRATA,,35,280002548139,WILSON GRASSI JUNIOR,VETERINÁRIO WILSON GRASSI,13/03/1970,11,Válido,nao,,4,0.01,0.012120478,SUÊD HAIDAR NOGUEIRA,SUÊD HAIDAR,DEMOCRATA,v,,,,,04/10/2026 20:54:17,sim
1,04/10/2026,6257,Presidente,1,municipio,RJ,58998,3305000,SÃO JOÃO DA BARRA,,,,,PARTIDO MISSÃO,i,MISSÃO,0,14,MISSÃO,PARTIDO MISSÃO,,14,280002540694,RENAN ANTONIO FERREIRA DOS SANTOS,RENAN SANTOS,14/02/1984,4,Válido,nao,,518,1.57,1.569601842,AROLDO MEDINA,CORONEL MEDINA,MISSÃO,v,,,,,04/10/2026 20:54:17,sim
1,04/10/2026,6257,Presidente,1,municipio,RJ,58998,3305000,SÃO JOÃO DA BARRA,,,,,PARTIDO DA CAUSA OPERÁRIA,i,PCO,0,29,PCO,PARTIDO DA CAUSA OPERÁRIA,,29,280002552487,RUI COSTA PIMENTA,RUI COSTA PIMENTA,25/06/1957,12,Válido,nao,,0,0.00,0,ANTONIO CARLOS SILVA,ANTÔNIO CARLOS,PCO,v,,,,,04/10/2026 20:54:17,sim
1,04/10/2026,6257,Presidente,1,municipio,RJ,59013,3305109,SÃO JOÃO DE MERITI,,,,,PARTIDO LIBERAL,i,PL,0,22,PL,PARTIDO LIBERAL,,22,280002551544,FLAVIO NANTES BOLSONARO,FLAVIO BOLSONARO,30/04/1981,1,Válido,nao,,147563,56.48,56.481066826,ALFREDO GASPAR DE MENDONÇA NETO,ALFREDO GASPAR,PL,v,,,,,04/10/2026 20:29:17,sim
1,04/10/2026,6257,Presidente,1,municipio,RJ,59013,3305109,SÃO JOÃO DE MERITI,,,,,PARTIDO SOCIAL DEMOCRÁTICO,i,PSD,0,55,PSD,PARTIDO SOCIAL DEMOCRÁTICO,,55,280002551932,RONALDO RAMOS CAIADO,RONALDO CAIADO,25/09/1949,5,Válido,nao,,5202,1.99,1.991112336,GILBERTO KASSAB,GILBERTO KASSAB,PSD,v,,,,,04/10/2026 20:29:17,sim
1,04/10/2026,6257,Presidente,1,municipio,RJ,59013,3305109,SÃO JOÃO DE MERITI,,PT/PC do B/PV,FEDERAÇÃO BRASIL DA ESPERANÇA - FE BRASIL,PT/PC do B/PV,BRASIL PRONTO PRA MAIS,c,PSB / PDT / PCDOB / PT / PV / PSOL / REDE,,13,PT,PARTIDO DOS TRABALHADORES,101,13,280002542548,LUIZ INÁCIO LULA DA SILVA,LULA,06/10/1945,2,Válido,nao,,96017,36.75,36.751371234,GERALDO JOSE RODRIGUES ALCKMIN FILHO,GERALDO ALCKMIN,PSB,v,,,,,04/10/2026 20:29:17,sim
1,04/10/2026,6257,Presidente,1,municipio,RJ,59013,3305109,SÃO JOÃO DE MERITI,,,,,DEMOCRACIA CRISTÃ,i,DC,0,27,DC,DEMOCRACIA CRISTÃ,,27,280002552484,CLARIANA ZACARKIM BARAO,CLARIANA BARAO,03/04/1987,9,Válido,nao,,107,0.04,0.040955213,FABIANA CRISTINA TAVARES TORQUATO,FABIANA TORQUATO,DC,v,,,,,04/10/2026 20:29:17,sim
1,04/10/2026,6257,Presidente,1,municipio,RJ,59013,3305109,SÃO JOÃO DE MERITI,,,,,PARTIDO COMUNISTA BRASILEIRO,i,PCB,0,21,PCB,PARTIDO COMUNISTA BRASILEIRO,,21,280002551975,EDMILSON SILVA COSTA,EDMILSON COSTA,08/04/1950,10,Válido,nao,,80,0.03,0.030620720,CLEUSA DOS SANTOS,CLEUSA SANTOS,PCB,v,,,,,04/10/2026 20:29:17,sim
1,04/10/2026,6257,Presidente,1,municipio,RJ,59013,3305109,SÃO JOÃO DE MERITI,,,,,PARTIDO SOCIALISTA  DOS TRABALHADORES UNIFICADO,i,PSTU,0,16,PSTU,PARTIDO SOCIALISTA  DOS TRABALHADORES UNIFICADO,,16,280002541457,HERTZ DA CONCEICAO DIAS,HERTZ DIAS,20/10/1970,8,Válido,nao,,82,0.03,0.031386238,VANESSA PORTUGAL BARBOSA,VANESSA PORTUGAL,PSTU,v,,,,,04/10/2026 20:29:17,sim
1,04/10/2026,6257,Presidente,1,municipio,RJ,59013,3305109,SÃO JOÃO DE MERITI,,,,,BRASIL DOS NOSSOS SONHOS,c,AGIR / AVANTE,,70,AVANTE,AVANTE,,70,280002551547,AUGUSTO JORGE CURY,ESCRITOR AUGUSTO CURY,02/10/1958,3,Válido,nao,,6156,2.36,2.356264425,JULIO CESAR DELGADO,JÚLIO DELGADO,AVANTE,v,,,,,04/10/2026 20:29:17,sim
1,04/10/2026,6257,Presidente,1,municipio,RJ,59013,3305109,SÃO JOÃO DE MERITI,,,,,PARTIDO NOVO,i,NOVO,0,30,NOVO,PARTIDO NOVO,,30,280002539826,ROMEU ZEMA NETO,ZEMA,28/10/1964,6,Válido,nao,,379,0.15,0.145065662,LUIS EDUARDO GRANGEIRO GIRÃO,EDUARDO GIRÃO,NOVO,v,,,,,04/10/2026 20:29:17,sim
1,04/10/2026,6257,Presidente,1,municipio,RJ,59013,3305109,SÃO JOÃO DE MERITI,,,,,UNIDADE POPULAR,i,UP,0,80,UP,UNIDADE POPULAR,,80,280002538811,SAMARA MARTINS DA SILVA FEITOSA,SAMARA,31/08/1987,7,Válido,nao,,367,0.14,0.140472554,RAQUEL NONATO DE BRICIO,RAQUEL BRÍCIO,UP,v,,,,,04/10/2026 20:29:17,sim
1,04/10/2026,6257,Presidente,1,municipio,RJ,59013,3305109,SÃO JOÃO DE MERITI,,,,,DEMOCRATA,i,DEMOCRATA,0,35,DEMOCRATA,DEMOCRATA,,35,280002548139,WILSON GRASSI JUNIOR,VETERINÁRIO WILSON GRASSI,13/03/1970,11,Válido,nao,,61,0.02,0.023348299,SUÊD HAIDAR NOGUEIRA,SUÊD HAIDAR,DEMOCRATA,v,,,,,04/10/2026 20:29:17,sim
1,04/10/2026,6257,Presidente,1,municipio,RJ,59013,3305109,SÃO JOÃO DE MERITI,,,,,PARTIDO MISSÃO,i,MISSÃO,0,14,MISSÃO,PARTIDO MISSÃO,,14,280002540694,RENAN ANTONIO FERREIRA DOS SANTOS,RENAN SANTOS,14/02/1984,4,Válido,nao,,5210,1.99,1.994174408,AROLDO MEDINA,CORONEL MEDINA,MISSÃO,v,,,,,04/10/2026 20:29:17,sim
1,04/10/2026,6257,Presidente,1,municipio,RJ,59013,3305109,SÃO JOÃO DE MERITI,,,,,PARTIDO DA CAUSA OPERÁRIA,i,PCO,0,29,PCO,PARTIDO DA CAUSA OPERÁRIA,,29,280002552487,RUI COSTA PIMENTA,RUI COSTA PIMENTA,25/06/1957,12,Válido,nao,,37,0.01,0.014162083,ANTONIO CARLOS SILVA,ANTÔNIO CARLOS,PCO,v,,,,,04/10/2026 20:29:17,sim
1,04/10/2026,6257,Presidente,1,municipio,RJ,59030,3305208,SÃO PEDRO DA ALDEIA,,,,,PARTIDO LIBERAL,i,PL,0,22,PL,PARTIDO LIBERAL,,22,280002551544,FLAVIO NANTES BOLSONARO,FLAVIO BOLSONARO,30/04/1981,1,Válido,nao,,38306,68.04,68.041493481,ALFREDO GASPAR DE MENDONÇA NETO,ALFREDO GASPAR,PL,v,,,,,04/10/2026 20:13:02,sim
1,04/10/2026,6257,Presidente,1,municipio,RJ,59030,3305208,SÃO PEDRO DA ALDEIA,,,,,PARTIDO SOCIAL DEMOCRÁTICO,i,PSD,0,55,PSD,PARTIDO SOCIAL DEMOCRÁTICO,,55,280002551932,RONALDO RAMOS CAIADO,RONALDO CAIADO,25/09/1949,5,Válido,nao,,855,1.52,1.518704039,GILBERTO KASSAB,GILBERTO KASSAB,PSD,v,,,,,04/10/2026 20:13:02,sim
1,04/10/2026,6257,Presidente,1,municipio,RJ,59030,3305208,SÃO PEDRO DA ALDEIA,,PT/PC do B/PV,FEDERAÇÃO BRASIL DA ESPERANÇA - FE BRASIL,PT/PC do B/PV,BRASIL PRONTO PRA MAIS,c,PSB / PDT / PCDOB / PT / PV / PSOL / REDE,,13,PT,PARTIDO DOS TRABALHADORES,101,13,280002542548,LUIZ INÁCIO LULA DA SILVA,LULA,06/10/1945,2,Válido,nao,,14421,25.62,25.615474795,GERALDO JOSE RODRIGUES ALCKMIN FILHO,GERALDO ALCKMIN,PSB,v,,,,,04/10/2026 20:13:02,sim
1,04/10/2026,6257,Presidente,1,municipio,RJ,59030,3305208,SÃO PEDRO DA ALDEIA,,,,,DEMOCRACIA CRISTÃ,i,DC,0,27,DC,DEMOCRACIA CRISTÃ,,27,280002552484,CLARIANA ZACARKIM BARAO,CLARIANA BARAO,03/04/1987,9,Válido,nao,,24,0.04,0.042630289,FABIANA CRISTINA TAVARES TORQUATO,FABIANA TORQUATO,DC,v,,,,,04/10/2026 20:13:02,sim
1,04/10/2026,6257,Presidente,1,municipio,RJ,59030,3305208,SÃO PEDRO DA ALDEIA,,,,,PARTIDO COMUNISTA BRASILEIRO,i,PCB,0,21,PCB,PARTIDO COMUNISTA BRASILEIRO,,21,280002551975,EDMILSON SILVA COSTA,EDMILSON COSTA,08/04/1950,10,Válido,nao,,16,0.03,0.028420193,CLEUSA DOS SANTOS,CLEUSA SANTOS,PCB,v,,,,,04/10/2026 20:13:02,sim
1,04/10/2026,6257,Presidente,1,municipio,RJ,59030,3305208,SÃO PEDRO DA ALDEIA,,,,,PARTIDO SOCIALISTA  DOS TRABALHADORES UNIFICADO,i,PSTU,0,16,PSTU,PARTIDO SOCIALISTA  DOS TRABALHADORES UNIFICADO,,16,280002541457,HERTZ DA CONCEICAO DIAS,HERTZ DIAS,20/10/1970,8,Válido,nao,,9,0.02,0.015986358,VANESSA PORTUGAL BARBOSA,VANESSA PORTUGAL,PSTU,v,,,,,04/10/2026 20:13:02,sim
1,04/10/2026,6257,Presidente,1,municipio,RJ,59030,3305208,SÃO PEDRO DA ALDEIA,,,,,BRASIL DOS NOSSOS SONHOS,c,AGIR / AVANTE,,70,AVANTE,AVANTE,,70,280002551547,AUGUSTO JORGE CURY,ESCRITOR AUGUSTO CURY,02/10/1958,3,Válido,nao,,1449,2.57,2.573803688,JULIO CESAR DELGADO,JÚLIO DELGADO,AVANTE,v,,,,,04/10/2026 20:13:02,sim
1,04/10/2026,6257,Presidente,1,municipio,RJ,59030,3305208,SÃO PEDRO DA ALDEIA,,,,,PARTIDO NOVO,i,NOVO,0,30,NOVO,PARTIDO NOVO,,30,280002539826,ROMEU ZEMA NETO,ZEMA,28/10/1964,6,Válido,nao,,88,0.16,0.156311059,LUIS EDUARDO GRANGEIRO GIRÃO,EDUARDO GIRÃO,NOVO,v,,,,,04/10/2026 20:13:02,sim
1,04/10/2026,6257,Presidente,1,municipio,RJ,59030,3305208,SÃO PEDRO DA ALDEIA,,,,,UNIDADE POPULAR,i,UP,0,80,UP,UNIDADE POPULAR,,80,280002538811,SAMARA MARTINS DA SILVA FEITOSA,SAMARA,31/08/1987,7,Válido,nao,,77,0.14,0.136772177,RAQUEL NONATO DE BRICIO,RAQUEL BRÍCIO,UP,v,,,,,04/10/2026 20:13:02,sim
1,04/10/2026,6257,Presidente,1,municipio,RJ,59030,3305208,SÃO PEDRO DA ALDEIA,,,,,DEMOCRATA,i,DEMOCRATA,0,35,DEMOCRATA,DEMOCRATA,,35,280002548139,WILSON GRASSI JUNIOR,VETERINÁRIO WILSON GRASSI,13/03/1970,11,Válido,nao,,7,0.01,0.012433834,SUÊD HAIDAR NOGUEIRA,SUÊD HAIDAR,DEMOCRATA,v,,,,,04/10/2026 20:13:02,sim
1,04/10/2026,6257,Presidente,1,municipio,RJ,59030,3305208,SÃO PEDRO DA ALDEIA,,,,,PARTIDO MISSÃO,i,MISSÃO,0,14,MISSÃO,PARTIDO MISSÃO,,14,280002540694,RENAN ANTONIO FERREIRA DOS SANTOS,RENAN SANTOS,14/02/1984,4,Válido,nao,,1042,1.85,1.850865040,AROLDO MEDINA,CORONEL MEDINA,MISSÃO,v,,,,,04/10/2026 20:13:02,sim
1,04/10/2026,6257,Presidente,1,municipio,RJ,59030,3305208,SÃO PEDRO DA ALDEIA,,,,,PARTIDO DA CAUSA OPERÁRIA,i,PCO,0,29,PCO,PARTIDO DA CAUSA OPERÁRIA,,29,280002552487,RUI COSTA PIMENTA,RUI COSTA PIMENTA,25/06/1957,12,Válido,nao,,4,0.01,0.007105048,ANTONIO CARLOS SILVA,ANTÔNIO CARLOS,PCO,v,,,,,04/10/2026 20:13:02,sim
1,04/10/2026,6257,Presidente,1,municipio,RJ,59056,3305307,SÃO SEBASTIÃO DO ALTO,,,,,PARTIDO LIBERAL,i,PL,0,22,PL,PARTIDO LIBERAL,,22,280002551544,FLAVIO NANTES BOLSONARO,FLAVIO BOLSONARO,30/04/1981,1,Válido,nao,,3248,56.77,56.773291383,ALFREDO GASPAR DE MENDONÇA NETO,ALFREDO GASPAR,PL,v,,,,,04/10/2026 20:53:26,sim
1,04/10/2026,6257,Presidente,1,municipio,RJ,59056,3305307,SÃO SEBASTIÃO DO ALTO,,,,,PARTIDO SOCIAL DEMOCRÁTICO,i,PSD,0,55,PSD,PARTIDO SOCIAL DEMOCRÁTICO,,55,280002551932,RONALDO RAMOS CAIADO,RONALDO CAIADO,25/09/1949,5,Válido,nao,,157,2.74,2.744275476,GILBERTO KASSAB,GILBERTO KASSAB,PSD,v,,,,,04/10/2026 20:53:26,sim
1,04/10/2026,6257,Presidente,1,municipio,RJ,59056,3305307,SÃO SEBASTIÃO DO ALTO,,PT/PC do B/PV,FEDERAÇÃO BRASIL DA ESPERANÇA - FE BRASIL,PT/PC do B/PV,BRASIL PRONTO PRA MAIS,c,PSB / PDT / PCDOB / PT / PV / PSOL / REDE,,13,PT,PARTIDO DOS TRABALHADORES,101,13,280002542548,LUIZ INÁCIO LULA DA SILVA,LULA,06/10/1945,2,Válido,nao,,2181,38.12,38.122705821,GERALDO JOSE RODRIGUES ALCKMIN FILHO,GERALDO ALCKMIN,PSB,v,,,,,04/10/2026 20:53:26,sim
1,04/10/2026,6257,Presidente,1,municipio,RJ,59056,3305307,SÃO SEBASTIÃO DO ALTO,,,,,DEMOCRACIA CRISTÃ,i,DC,0,27,DC,DEMOCRACIA CRISTÃ,,27,280002552484,CLARIANA ZACARKIM BARAO,CLARIANA BARAO,03/04/1987,9,Válido,nao,,0,0.00,0,FABIANA CRISTINA TAVARES TORQUATO,FABIANA TORQUATO,DC,v,,,,,04/10/2026 20:53:26,sim
1,04/10/2026,6257,Presidente,1,municipio,RJ,59056,3305307,SÃO SEBASTIÃO DO ALTO,,,,,PARTIDO COMUNISTA BRASILEIRO,i,PCB,0,21,PCB,PARTIDO COMUNISTA BRASILEIRO,,21,280002551975,EDMILSON SILVA COSTA,EDMILSON COSTA,08/04/1950,10,Válido,nao,,4,0.07,0.069917847,CLEUSA DOS SANTOS,CLEUSA SANTOS,PCB,v,,,,,04/10/2026 20:53:26,sim
1,04/10/2026,6257,Presidente,1,municipio,RJ,59056,3305307,SÃO SEBASTIÃO DO ALTO,,,,,PARTIDO SOCIALISTA  DOS TRABALHADORES UNIFICADO,i,PSTU,0,16,PSTU,PARTIDO SOCIALISTA  DOS TRABALHADORES UNIFICADO,,16,280002541457,HERTZ DA CONCEICAO DIAS,HERTZ DIAS,20/10/1970,8,Válido,nao,,1,0.02,0.017479462,VANESSA PORTUGAL BARBOSA,VANESSA PORTUGAL,PSTU,v,,,,,04/10/2026 20:53:26,sim
1,04/10/2026,6257,Presidente,1,municipio,RJ,59056,3305307,SÃO SEBASTIÃO DO ALTO,,,,,BRASIL DOS NOSSOS SONHOS,c,AGIR / AVANTE,,70,AVANTE,AVANTE,,70,280002551547,AUGUSTO JORGE CURY,ESCRITOR AUGUSTO CURY,02/10/1958,3,Válido,nao,,74,1.29,1.293480161,JULIO CESAR DELGADO,JÚLIO DELGADO,AVANTE,v,,,,,04/10/2026 20:53:26,sim
1,04/10/2026,6257,Presidente,1,municipio,RJ,59056,3305307,SÃO SEBASTIÃO DO ALTO,,,,,PARTIDO NOVO,i,NOVO,0,30,NOVO,PARTIDO NOVO,,30,280002539826,ROMEU ZEMA NETO,ZEMA,28/10/1964,6,Válido,nao,,6,0.10,0.104876770,LUIS EDUARDO GRANGEIRO GIRÃO,EDUARDO GIRÃO,NOVO,v,,,,,04/10/2026 20:53:26,sim
1,04/10/2026,6257,Presidente,1,municipio,RJ,59056,3305307,SÃO SEBASTIÃO DO ALTO,,,,,UNIDADE POPULAR,i,UP,0,80,UP,UNIDADE POPULAR,,80,280002538811,SAMARA MARTINS DA SILVA FEITOSA,SAMARA,31/08/1987,7,Válido,nao,,1,0.02,0.017479462,RAQUEL NONATO DE BRICIO,RAQUEL BRÍCIO,UP,v,,,,,04/10/2026 20:53:26,sim
1,04/10/2026,6257,Presidente,1,municipio,RJ,59056,3305307,SÃO SEBASTIÃO DO ALTO,,,,,DEMOCRATA,i,DEMOCRATA,0,35,DEMOCRATA,DEMOCRATA,,35,280002548139,WILSON GRASSI JUNIOR,VETERINÁRIO WILSON GRASSI,13/03/1970,11,Válido,nao,,0,0.00,0,SUÊD HAIDAR NOGUEIRA,SUÊD HAIDAR,DEMOCRATA,v,,,,,04/10/2026 20:53:26,sim
1,04/10/2026,6257,Presidente,1,municipio,RJ,59056,3305307,SÃO SEBASTIÃO DO ALTO,,,,,PARTIDO MISSÃO,i,MISSÃO,0,14,MISSÃO,PARTIDO MISSÃO,,14,280002540694,RENAN ANTONIO FERREIRA DOS SANTOS,RENAN SANTOS,14/02/1984,4,Válido,nao,,48,0.84,0.839014158,AROLDO MEDINA,CORONEL MEDINA,MISSÃO,v,,,,,04/10/2026 20:53:26,sim
1,04/10/2026,6257,Presidente,1,municipio,RJ,59056,3305307,SÃO SEBASTIÃO DO ALTO,,,,,PARTIDO DA CAUSA OPERÁRIA,i,PCO,0,29,PCO,PARTIDO DA CAUSA OPERÁRIA,,29,280002552487,RUI COSTA PIMENTA,RUI COSTA PIMENTA,25/06/1957,12,Válido,nao,,1,0.02,0.017479462,ANTONIO CARLOS SILVA,ANTÔNIO CARLOS,PCO,v,,,,,04/10/2026 20:53:26,sim
1,04/10/2026,6257,Presidente,1,municipio,RJ,59072,3305406,SAPUCAIA,,,,,PARTIDO LIBERAL,i,PL,0,22,PL,PARTIDO LIBERAL,,22,280002551544,FLAVIO NANTES BOLSONARO,FLAVIO BOLSONARO,30/04/1981,1,Válido,nao,,6814,56.67,56.674706812,ALFREDO GASPAR DE MENDONÇA NETO,ALFREDO GASPAR,PL,v,,,,,04/10/2026 20:12:41,sim
1,04/10/2026,6257,Presidente,1,municipio,RJ,59072,3305406,SAPUCAIA,,,,,PARTIDO SOCIAL DEMOCRÁTICO,i,PSD,0,55,PSD,PARTIDO SOCIAL DEMOCRÁTICO,,55,280002551932,RONALDO RAMOS CAIADO,RONALDO CAIADO,25/09/1949,5,Válido,nao,,277,2.30,2.303917491,GILBERTO KASSAB,GILBERTO KASSAB,PSD,v,,,,,04/10/2026 20:12:41,sim
1,04/10/2026,6257,Presidente,1,municipio,RJ,59072,3305406,SAPUCAIA,,PT/PC do B/PV,FEDERAÇÃO BRASIL DA ESPERANÇA - FE BRASIL,PT/PC do B/PV,BRASIL PRONTO PRA MAIS,c,PSB / PDT / PCDOB / PT / PV / PSOL / REDE,,13,PT,PARTIDO DOS TRABALHADORES,101,13,280002542548,LUIZ INÁCIO LULA DA SILVA,LULA,06/10/1945,2,Válido,nao,,4495,37.39,37.386675539,GERALDO JOSE RODRIGUES ALCKMIN FILHO,GERALDO ALCKMIN,PSB,v,,,,,04/10/2026 20:12:41,sim
1,04/10/2026,6257,Presidente,1,municipio,RJ,59072,3305406,SAPUCAIA,,,,,DEMOCRACIA CRISTÃ,i,DC,0,27,DC,DEMOCRACIA CRISTÃ,,27,280002552484,CLARIANA ZACARKIM BARAO,CLARIANA BARAO,03/04/1987,9,Válido,nao,,3,0.02,0.024952175,FABIANA CRISTINA TAVARES TORQUATO,FABIANA TORQUATO,DC,v,,,,,04/10/2026 20:12:41,sim
1,04/10/2026,6257,Presidente,1,municipio,RJ,59072,3305406,SAPUCAIA,,,,,PARTIDO COMUNISTA BRASILEIRO,i,PCB,0,21,PCB,PARTIDO COMUNISTA BRASILEIRO,,21,280002551975,EDMILSON SILVA COSTA,EDMILSON COSTA,08/04/1950,10,Válido,nao,,7,0.06,0.058221742,CLEUSA DOS SANTOS,CLEUSA SANTOS,PCB,v,,,,,04/10/2026 20:12:41,sim
1,04/10/2026,6257,Presidente,1,municipio,RJ,59072,3305406,SAPUCAIA,,,,,PARTIDO SOCIALISTA  DOS TRABALHADORES UNIFICADO,i,PSTU,0,16,PSTU,PARTIDO SOCIALISTA  DOS TRABALHADORES UNIFICADO,,16,280002541457,HERTZ DA CONCEICAO DIAS,HERTZ DIAS,20/10/1970,8,Válido,nao,,2,0.02,0.016634783,VANESSA PORTUGAL BARBOSA,VANESSA PORTUGAL,PSTU,v,,,,,04/10/2026 20:12:41,sim
1,04/10/2026,6257,Presidente,1,municipio,RJ,59072,3305406,SAPUCAIA,,,,,BRASIL DOS NOSSOS SONHOS,c,AGIR / AVANTE,,70,AVANTE,AVANTE,,70,280002551547,AUGUSTO JORGE CURY,ESCRITOR AUGUSTO CURY,02/10/1958,3,Válido,nao,,206,1.71,1.713382683,JULIO CESAR DELGADO,JÚLIO DELGADO,AVANTE,v,,,,,04/10/2026 20:12:41,sim
1,04/10/2026,6257,Presidente,1,municipio,RJ,59072,3305406,SAPUCAIA,,,,,PARTIDO NOVO,i,NOVO,0,30,NOVO,PARTIDO NOVO,,30,280002539826,ROMEU ZEMA NETO,ZEMA,28/10/1964,6,Válido,nao,,32,0.27,0.266156533,LUIS EDUARDO GRANGEIRO GIRÃO,EDUARDO GIRÃO,NOVO,v,,,,,04/10/2026 20:12:41,sim
1,04/10/2026,6257,Presidente,1,municipio,RJ,59072,3305406,SAPUCAIA,,,,,UNIDADE POPULAR,i,UP,0,80,UP,UNIDADE POPULAR,,80,280002538811,SAMARA MARTINS DA SILVA FEITOSA,SAMARA,31/08/1987,7,Válido,nao,,7,0.06,0.058221742,RAQUEL NONATO DE BRICIO,RAQUEL BRÍCIO,UP,v,,,,,04/10/2026 20:12:41,sim
1,04/10/2026,6257,Presidente,1,municipio,RJ,59072,3305406,SAPUCAIA,,,,,DEMOCRATA,i,DEMOCRATA,0,35,DEMOCRATA,DEMOCRATA,,35,280002548139,WILSON GRASSI JUNIOR,VETERINÁRIO WILSON GRASSI,13/03/1970,11,Válido,nao,,2,0.02,0.016634783,SUÊD HAIDAR NOGUEIRA,SUÊD HAIDAR,DEMOCRATA,v,,,,,04/10/2026 20:12:41,sim
1,04/10/2026,6257,Presidente,1,municipio,RJ,59072,3305406,SAPUCAIA,,,,,PARTIDO MISSÃO,i,MISSÃO,0,14,MISSÃO,PARTIDO MISSÃO,,14,280002540694,RENAN ANTONIO FERREIRA DOS SANTOS,RENAN SANTOS,14/02/1984,4,Válido,nao,,178,1.48,1.480495717,AROLDO MEDINA,CORONEL MEDINA,MISSÃO,v,,,,,04/10/2026 20:12:41,sim
1,04/10/2026,6257,Presidente,1,municipio,RJ,59072,3305406,SAPUCAIA,,,,,PARTIDO DA CAUSA OPERÁRIA,i,PCO,0,29,PCO,PARTIDO DA CAUSA OPERÁRIA,,29,280002552487,RUI COSTA PIMENTA,RUI COSTA PIMENTA,25/06/1957,12,Válido,nao,,0,0.00,0,ANTONIO CARLOS SILVA,ANTÔNIO CARLOS,PCO,v,,,,,04/10/2026 20:12:41,sim
1,04/10/2026,6257,Presidente,1,municipio,RJ,59099,3305505,SAQUAREMA,,,,,PARTIDO LIBERAL,i,PL,0,22,PL,PARTIDO LIBERAL,,22,280002551544,FLAVIO NANTES BOLSONARO,FLAVIO BOLSONARO,30/04/1981,1,Válido,nao,,44175,64.35,64.350954885,ALFREDO GASPAR DE MENDONÇA NETO,ALFREDO GASPAR,PL,v,,,,,04/10/2026 20:49:57,sim
1,04/10/2026,6257,Presidente,1,municipio,RJ,59099,3305505,SAQUAREMA,,,,,PARTIDO SOCIAL DEMOCRÁTICO,i,PSD,0,55,PSD,PARTIDO SOCIAL DEMOCRÁTICO,,55,280002551932,RONALDO RAMOS CAIADO,RONALDO CAIADO,25/09/1949,5,Válido,nao,,1059,1.54,1.542674844,GILBERTO KASSAB,GILBERTO KASSAB,PSD,v,,,,,04/10/2026 20:49:57,sim
1,04/10/2026,6257,Presidente,1,municipio,RJ,59099,3305505,SAQUAREMA,,PT/PC do B/PV,FEDERAÇÃO BRASIL DA ESPERANÇA - FE BRASIL,PT/PC do B/PV,BRASIL PRONTO PRA MAIS,c,PSB / PDT / PCDOB / PT / PV / PSOL / REDE,,13,PT,PARTIDO DOS TRABALHADORES,101,13,280002542548,LUIZ INÁCIO LULA DA SILVA,LULA,06/10/1945,2,Válido,nao,,20288,29.55,29.554095590,GERALDO JOSE RODRIGUES ALCKMIN FILHO,GERALDO ALCKMIN,PSB,v,,,,,04/10/2026 20:49:57,sim
1,04/10/2026,6257,Presidente,1,municipio,RJ,59099,3305505,SAQUAREMA,,,,,DEMOCRACIA CRISTÃ,i,DC,0,27,DC,DEMOCRACIA CRISTÃ,,27,280002552484,CLARIANA ZACARKIM BARAO,CLARIANA BARAO,03/04/1987,9,Válido,nao,,16,0.02,0.023307646,FABIANA CRISTINA TAVARES TORQUATO,FABIANA TORQUATO,DC,v,,,,,04/10/2026 20:49:57,sim
1,04/10/2026,6257,Presidente,1,municipio,RJ,59099,3305505,SAQUAREMA,,,,,PARTIDO COMUNISTA BRASILEIRO,i,PCB,0,21,PCB,PARTIDO COMUNISTA BRASILEIRO,,21,280002551975,EDMILSON SILVA COSTA,EDMILSON COSTA,08/04/1950,10,Válido,nao,,25,0.04,0.036418197,CLEUSA DOS SANTOS,CLEUSA SANTOS,PCB,v,,,,,04/10/2026 20:49:57,sim
1,04/10/2026,6257,Presidente,1,municipio,RJ,59099,3305505,SAQUAREMA,,,,,PARTIDO SOCIALISTA  DOS TRABALHADORES UNIFICADO,i,PSTU,0,16,PSTU,PARTIDO SOCIALISTA  DOS TRABALHADORES UNIFICADO,,16,280002541457,HERTZ DA CONCEICAO DIAS,HERTZ DIAS,20/10/1970,8,Válido,nao,,23,0.03,0.033504742,VANESSA PORTUGAL BARBOSA,VANESSA PORTUGAL,PSTU,v,,,,,04/10/2026 20:49:57,sim
1,04/10/2026,6257,Presidente,1,municipio,RJ,59099,3305505,SAQUAREMA,,,,,BRASIL DOS NOSSOS SONHOS,c,AGIR / AVANTE,,70,AVANTE,AVANTE,,70,280002551547,AUGUSTO JORGE CURY,ESCRITOR AUGUSTO CURY,02/10/1958,3,Válido,nao,,1572,2.29,2.289976255,JULIO CESAR DELGADO,JÚLIO DELGADO,AVANTE,v,,,,,04/10/2026 20:49:57,sim
1,04/10/2026,6257,Presidente,1,municipio,RJ,59099,3305505,SAQUAREMA,,,,,PARTIDO NOVO,i,NOVO,0,30,NOVO,PARTIDO NOVO,,30,280002539826,ROMEU ZEMA NETO,ZEMA,28/10/1964,6,Válido,nao,,97,0.14,0.141302606,LUIS EDUARDO GRANGEIRO GIRÃO,EDUARDO GIRÃO,NOVO,v,,,,,04/10/2026 20:49:57,sim
1,04/10/2026,6257,Presidente,1,municipio,RJ,59099,3305505,SAQUAREMA,,,,,UNIDADE POPULAR,i,UP,0,80,UP,UNIDADE POPULAR,,80,280002538811,SAMARA MARTINS DA SILVA FEITOSA,SAMARA,31/08/1987,7,Válido,nao,,84,0.12,0.122365143,RAQUEL NONATO DE BRICIO,RAQUEL BRÍCIO,UP,v,,,,,04/10/2026 20:49:57,sim
1,04/10/2026,6257,Presidente,1,municipio,RJ,59099,3305505,SAQUAREMA,,,,,DEMOCRATA,i,DEMOCRATA,0,35,DEMOCRATA,DEMOCRATA,,35,280002548139,WILSON GRASSI JUNIOR,VETERINÁRIO WILSON GRASSI,13/03/1970,11,Válido,nao,,12,0.02,0.017480735,SUÊD HAIDAR NOGUEIRA,SUÊD HAIDAR,DEMOCRATA,v,,,,,04/10/2026 20:49:57,sim
1,04/10/2026,6257,Presidente,1,municipio,RJ,59099,3305505,SAQUAREMA,,,,,PARTIDO MISSÃO,i,MISSÃO,0,14,MISSÃO,PARTIDO MISSÃO,,14,280002540694,RENAN ANTONIO FERREIRA DOS SANTOS,RENAN SANTOS,14/02/1984,4,Válido,nao,,1280,1.86,1.864611709,AROLDO MEDINA,CORONEL MEDINA,MISSÃO,v,,,,,04/10/2026 20:49:57,sim
1,04/10/2026,6257,Presidente,1,municipio,RJ,59099,3305505,SAQUAREMA,,,,,PARTIDO DA CAUSA OPERÁRIA,i,PCO,0,29,PCO,PARTIDO DA CAUSA OPERÁRIA,,29,280002552487,RUI COSTA PIMENTA,RUI COSTA PIMENTA,25/06/1957,12,Válido,nao,,16,0.02,0.023307646,ANTONIO CARLOS SILVA,ANTÔNIO CARLOS,PCO,v,,,,,04/10/2026 20:49:57,sim
1,04/10/2026,6257,Presidente,1,municipio,RJ,59110,3305604,SILVA JARDIM,,,,,PARTIDO LIBERAL,i,PL,0,22,PL,PARTIDO LIBERAL,,22,280002551544,FLAVIO NANTES BOLSONARO,FLAVIO BOLSONARO,30/04/1981,1,Válido,nao,,8932,62.55,62.553400098,ALFREDO GASPAR DE MENDONÇA NETO,ALFREDO GASPAR,PL,v,,,,,04/10/2026 20:11:51,sim
1,04/10/2026,6257,Presidente,1,municipio,RJ,59110,3305604,SILVA JARDIM,,,,,PARTIDO SOCIAL DEMOCRÁTICO,i,PSD,0,55,PSD,PARTIDO SOCIAL DEMOCRÁTICO,,55,280002551932,RONALDO RAMOS CAIADO,RONALDO CAIADO,25/09/1949,5,Válido,nao,,290,2.03,2.030954549,GILBERTO KASSAB,GILBERTO KASSAB,PSD,v,,,,,04/10/2026 20:11:51,sim
1,04/10/2026,6257,Presidente,1,municipio,RJ,59110,3305604,SILVA JARDIM,,PT/PC do B/PV,FEDERAÇÃO BRASIL DA ESPERANÇA - FE BRASIL,PT/PC do B/PV,BRASIL PRONTO PRA MAIS,c,PSB / PDT / PCDOB / PT / PV / PSOL / REDE,,13,PT,PARTIDO DOS TRABALHADORES,101,13,280002542548,LUIZ INÁCIO LULA DA SILVA,LULA,06/10/1945,2,Válido,nao,,4450,31.16,31.164647384,GERALDO JOSE RODRIGUES ALCKMIN FILHO,GERALDO ALCKMIN,PSB,v,,,,,04/10/2026 20:11:51,sim
1,04/10/2026,6257,Presidente,1,municipio,RJ,59110,3305604,SILVA JARDIM,,,,,DEMOCRACIA CRISTÃ,i,DC,0,27,DC,DEMOCRACIA CRISTÃ,,27,280002552484,CLARIANA ZACARKIM BARAO,CLARIANA BARAO,03/04/1987,9,Válido,nao,,8,0.06,0.056026332,FABIANA CRISTINA TAVARES TORQUATO,FABIANA TORQUATO,DC,v,,,,,04/10/2026 20:11:51,sim
1,04/10/2026,6257,Presidente,1,municipio,RJ,59110,3305604,SILVA JARDIM,,,,,PARTIDO COMUNISTA BRASILEIRO,i,PCB,0,21,PCB,PARTIDO COMUNISTA BRASILEIRO,,21,280002551975,EDMILSON SILVA COSTA,EDMILSON COSTA,08/04/1950,10,Válido,nao,,2,0.01,0.014006583,CLEUSA DOS SANTOS,CLEUSA SANTOS,PCB,v,,,,,04/10/2026 20:11:51,sim
1,04/10/2026,6257,Presidente,1,municipio,RJ,59110,3305604,SILVA JARDIM,,,,,PARTIDO SOCIALISTA  DOS TRABALHADORES UNIFICADO,i,PSTU,0,16,PSTU,PARTIDO SOCIALISTA  DOS TRABALHADORES UNIFICADO,,16,280002541457,HERTZ DA CONCEICAO DIAS,HERTZ DIAS,20/10/1970,8,Válido,nao,,5,0.04,0.035016458,VANESSA PORTUGAL BARBOSA,VANESSA PORTUGAL,PSTU,v,,,,,04/10/2026 20:11:51,sim
1,04/10/2026,6257,Presidente,1,municipio,RJ,59110,3305604,SILVA JARDIM,,,,,BRASIL DOS NOSSOS SONHOS,c,AGIR / AVANTE,,70,AVANTE,AVANTE,,70,280002551547,AUGUSTO JORGE CURY,ESCRITOR AUGUSTO CURY,02/10/1958,3,Válido,nao,,353,2.47,2.472161916,JULIO CESAR DELGADO,JÚLIO DELGADO,AVANTE,v,,,,,04/10/2026 20:11:51,sim
1,04/10/2026,6257,Presidente,1,municipio,RJ,59110,3305604,SILVA JARDIM,,,,,PARTIDO NOVO,i,NOVO,0,30,NOVO,PARTIDO NOVO,,30,280002539826,ROMEU ZEMA NETO,ZEMA,28/10/1964,6,Válido,nao,,20,0.14,0.140065831,LUIS EDUARDO GRANGEIRO GIRÃO,EDUARDO GIRÃO,NOVO,v,,,,,04/10/2026 20:11:51,sim
1,04/10/2026,6257,Presidente,1,municipio,RJ,59110,3305604,SILVA JARDIM,,,,,UNIDADE POPULAR,i,UP,0,80,UP,UNIDADE POPULAR,,80,280002538811,SAMARA MARTINS DA SILVA FEITOSA,SAMARA,31/08/1987,7,Válido,nao,,7,0.05,0.049023041,RAQUEL NONATO DE BRICIO,RAQUEL BRÍCIO,UP,v,,,,,04/10/2026 20:11:51,sim
1,04/10/2026,6257,Presidente,1,municipio,RJ,59110,3305604,SILVA JARDIM,,,,,DEMOCRATA,i,DEMOCRATA,0,35,DEMOCRATA,DEMOCRATA,,35,280002548139,WILSON GRASSI JUNIOR,VETERINÁRIO WILSON GRASSI,13/03/1970,11,Válido,nao,,3,0.02,0.021009875,SUÊD HAIDAR NOGUEIRA,SUÊD HAIDAR,DEMOCRATA,v,,,,,04/10/2026 20:11:51,sim
1,04/10/2026,6257,Presidente,1,municipio,RJ,59110,3305604,SILVA JARDIM,,,,,PARTIDO MISSÃO,i,MISSÃO,0,14,MISSÃO,PARTIDO MISSÃO,,14,280002540694,RENAN ANTONIO FERREIRA DOS SANTOS,RENAN SANTOS,14/02/1984,4,Válido,nao,,209,1.46,1.463687933,AROLDO MEDINA,CORONEL MEDINA,MISSÃO,v,,,,,04/10/2026 20:11:51,sim
1,04/10/2026,6257,Presidente,1,municipio,RJ,59110,3305604,SILVA JARDIM,,,,,PARTIDO DA CAUSA OPERÁRIA,i,PCO,0,29,PCO,PARTIDO DA CAUSA OPERÁRIA,,29,280002552487,RUI COSTA PIMENTA,RUI COSTA PIMENTA,25/06/1957,12,Válido,nao,,0,0.00,0,ANTONIO CARLOS SILVA,ANTÔNIO CARLOS,PCO,v,,,,,04/10/2026 20:11:51,sim
1,04/10/2026,6257,Presidente,1,municipio,RJ,59137,3305703,SUMIDOURO,,,,,PARTIDO LIBERAL,i,PL,0,22,PL,PARTIDO LIBERAL,,22,280002551544,FLAVIO NANTES BOLSONARO,FLAVIO BOLSONARO,30/04/1981,1,Válido,nao,,7366,64.84,64.841549296,ALFREDO GASPAR DE MENDONÇA NETO,ALFREDO GASPAR,PL,v,,,,,04/10/2026 19:12:43,sim
1,04/10/2026,6257,Presidente,1,municipio,RJ,59137,3305703,SUMIDOURO,,,,,PARTIDO SOCIAL DEMOCRÁTICO,i,PSD,0,55,PSD,PARTIDO SOCIAL DEMOCRÁTICO,,55,280002551932,RONALDO RAMOS CAIADO,RONALDO CAIADO,25/09/1949,5,Válido,nao,,252,2.22,2.218309859,GILBERTO KASSAB,GILBERTO KASSAB,PSD,v,,,,,04/10/2026 19:12:43,sim
1,04/10/2026,6257,Presidente,1,municipio,RJ,59137,3305703,SUMIDOURO,,PT/PC do B/PV,FEDERAÇÃO BRASIL DA ESPERANÇA - FE BRASIL,PT/PC do B/PV,BRASIL PRONTO PRA MAIS,c,PSB / PDT / PCDOB / PT / PV / PSOL / REDE,,13,PT,PARTIDO DOS TRABALHADORES,101,13,280002542548,LUIZ INÁCIO LULA DA SILVA,LULA,06/10/1945,2,Válido,nao,,3345,29.45,29.445422535,GERALDO JOSE RODRIGUES ALCKMIN FILHO,GERALDO ALCKMIN,PSB,v,,,,,04/10/2026 19:12:43,sim
1,04/10/2026,6257,Presidente,1,municipio,RJ,59137,3305703,SUMIDOURO,,,,,PARTIDO SOCIALISTA  DOS TRABALHADORES UNIFICADO,i,PSTU,0,16,PSTU,PARTIDO SOCIALISTA  DOS TRABALHADORES UNIFICADO,,16,280002541457,HERTZ DA CONCEICAO DIAS,HERTZ DIAS,20/10/1970,8,Válido,nao,,1,0.01,0.008802817,VANESSA PORTUGAL BARBOSA,VANESSA PORTUGAL,PSTU,v,,,,,04/10/2026 19:12:43,sim
1,04/10/2026,6257,Presidente,1,municipio,RJ,59137,3305703,SUMIDOURO,,,,,PARTIDO COMUNISTA BRASILEIRO,i,PCB,0,21,PCB,PARTIDO COMUNISTA BRASILEIRO,,21,280002551975,EDMILSON SILVA COSTA,EDMILSON COSTA,08/04/1950,10,Válido,nao,,3,0.03,0.026408451,CLEUSA DOS SANTOS,CLEUSA SANTOS,PCB,v,,,,,04/10/2026 19:12:43,sim
1,04/10/2026,6257,Presidente,1,municipio,RJ,59137,3305703,SUMIDOURO,,,,,DEMOCRACIA CRISTÃ,i,DC,0,27,DC,DEMOCRACIA CRISTÃ,,27,280002552484,CLARIANA ZACARKIM BARAO,CLARIANA BARAO,03/04/1987,9,Válido,nao,,1,0.01,0.008802817,FABIANA CRISTINA TAVARES TORQUATO,FABIANA TORQUATO,DC,v,,,,,04/10/2026 19:12:43,sim
1,04/10/2026,6257,Presidente,1,municipio,RJ,59137,3305703,SUMIDOURO,,,,,PARTIDO NOVO,i,NOVO,0,30,NOVO,PARTIDO NOVO,,30,280002539826,ROMEU ZEMA NETO,ZEMA,28/10/1964,6,Válido,nao,,18,0.16,0.158450704,LUIS EDUARDO GRANGEIRO GIRÃO,EDUARDO GIRÃO,NOVO,v,,,,,04/10/2026 19:12:43,sim
1,04/10/2026,6257,Presidente,1,municipio,RJ,59137,3305703,SUMIDOURO,,,,,BRASIL DOS NOSSOS SONHOS,c,AGIR / AVANTE,,70,AVANTE,AVANTE,,70,280002551547,AUGUSTO JORGE CURY,ESCRITOR AUGUSTO CURY,02/10/1958,3,Válido,nao,,191,1.68,1.681338028,JULIO CESAR DELGADO,JÚLIO DELGADO,AVANTE,v,,,,,04/10/2026 19:12:43,sim
1,04/10/2026,6257,Presidente,1,municipio,RJ,59137,3305703,SUMIDOURO,,,,,DEMOCRATA,i,DEMOCRATA,0,35,DEMOCRATA,DEMOCRATA,,35,280002548139,WILSON GRASSI JUNIOR,VETERINÁRIO WILSON GRASSI,13/03/1970,11,Válido,nao,,2,0.02,0.017605634,SUÊD HAIDAR NOGUEIRA,SUÊD HAIDAR,DEMOCRATA,v,,,,,04/10/2026 19:12:43,sim
1,04/10/2026,6257,Presidente,1,municipio,RJ,59137,3305703,SUMIDOURO,,,,,UNIDADE POPULAR,i,UP,0,80,UP,UNIDADE POPULAR,,80,280002538811,SAMARA MARTINS DA SILVA FEITOSA,SAMARA,31/08/1987,7,Válido,nao,,6,0.05,0.052816901,RAQUEL NONATO DE BRICIO,RAQUEL BRÍCIO,UP,v,,,,,04/10/2026 19:12:43,sim
1,04/10/2026,6257,Presidente,1,municipio,RJ,59137,3305703,SUMIDOURO,,,,,PARTIDO MISSÃO,i,MISSÃO,0,14,MISSÃO,PARTIDO MISSÃO,,14,280002540694,RENAN ANTONIO FERREIRA DOS SANTOS,RENAN SANTOS,14/02/1984,4,Válido,nao,,175,1.54,1.540492958,AROLDO MEDINA,CORONEL MEDINA,MISSÃO,v,,,,,04/10/2026 19:12:43,sim
1,04/10/2026,6257,Presidente,1,municipio,RJ,59137,3305703,SUMIDOURO,,,,,PARTIDO DA CAUSA OPERÁRIA,i,PCO,0,29,PCO,PARTIDO DA CAUSA OPERÁRIA,,29,280002552487,RUI COSTA PIMENTA,RUI COSTA PIMENTA,25/06/1957,12,Válido,nao,,0,0.00,0,ANTONIO CARLOS SILVA,ANTÔNIO CARLOS,PCO,v,,,,,04/10/2026 19:12:43,sim
1,04/10/2026,6257,Presidente,1,municipio,RJ,59153,3305802,TERESÓPOLIS,,,,,PARTIDO LIBERAL,i,PL,0,22,PL,PARTIDO LIBERAL,,22,280002551544,FLAVIO NANTES BOLSONARO,FLAVIO BOLSONARO,30/04/1981,1,Válido,nao,,61584,62.80,62.799163820,ALFREDO GASPAR DE MENDONÇA NETO,ALFREDO GASPAR,PL,v,,,,,04/10/2026 21:20:29,sim
1,04/10/2026,6257,Presidente,1,municipio,RJ,59153,3305802,TERESÓPOLIS,,,,,PARTIDO SOCIAL DEMOCRÁTICO,i,PSD,0,55,PSD,PARTIDO SOCIAL DEMOCRÁTICO,,55,280002551932,RONALDO RAMOS CAIADO,RONALDO CAIADO,25/09/1949,5,Válido,nao,,2306,2.35,2.351501555,GILBERTO KASSAB,GILBERTO KASSAB,PSD,v,,,,,04/10/2026 21:20:29,sim
1,04/10/2026,6257,Presidente,1,municipio,RJ,59153,3305802,TERESÓPOLIS,,PT/PC do B/PV,FEDERAÇÃO BRASIL DA ESPERANÇA - FE BRASIL,PT/PC do B/PV,BRASIL PRONTO PRA MAIS,c,PSB / PDT / PCDOB / PT / PV / PSOL / REDE,,13,PT,PARTIDO DOS TRABALHADORES,101,13,280002542548,LUIZ INÁCIO LULA DA SILVA,LULA,06/10/1945,2,Válido,nao,,28112,28.67,28.666700658,GERALDO JOSE RODRIGUES ALCKMIN FILHO,GERALDO ALCKMIN,PSB,v,,,,,04/10/2026 21:20:29,sim
1,04/10/2026,6257,Presidente,1,municipio,RJ,59153,3305802,TERESÓPOLIS,,,,,DEMOCRACIA CRISTÃ,i,DC,0,27,DC,DEMOCRACIA CRISTÃ,,27,280002552484,CLARIANA ZACARKIM BARAO,CLARIANA BARAO,03/04/1987,9,Válido,nao,,40,0.04,0.040789272,FABIANA CRISTINA TAVARES TORQUATO,FABIANA TORQUATO,DC,v,,,,,04/10/2026 21:20:29,sim
1,04/10/2026,6257,Presidente,1,municipio,RJ,59153,3305802,TERESÓPOLIS,,,,,PARTIDO COMUNISTA BRASILEIRO,i,PCB,0,21,PCB,PARTIDO COMUNISTA BRASILEIRO,,21,280002551975,EDMILSON SILVA COSTA,EDMILSON COSTA,08/04/1950,10,Válido,nao,,20,0.02,0.020394636,CLEUSA DOS SANTOS,CLEUSA SANTOS,PCB,v,,,,,04/10/2026 21:20:29,sim
1,04/10/2026,6257,Presidente,1,municipio,RJ,59153,3305802,TERESÓPOLIS,,,,,PARTIDO SOCIALISTA  DOS TRABALHADORES UNIFICADO,i,PSTU,0,16,PSTU,PARTIDO SOCIALISTA  DOS TRABALHADORES UNIFICADO,,16,280002541457,HERTZ DA CONCEICAO DIAS,HERTZ DIAS,20/10/1970,8,Válido,nao,,37,0.04,0.037730077,VANESSA PORTUGAL BARBOSA,VANESSA PORTUGAL,PSTU,v,,,,,04/10/2026 21:20:29,sim
1,04/10/2026,6257,Presidente,1,municipio,RJ,59153,3305802,TERESÓPOLIS,,,,,BRASIL DOS NOSSOS SONHOS,c,AGIR / AVANTE,,70,AVANTE,AVANTE,,70,280002551547,AUGUSTO JORGE CURY,ESCRITOR AUGUSTO CURY,02/10/1958,3,Válido,nao,,3114,3.18,3.175444858,JULIO CESAR DELGADO,JÚLIO DELGADO,AVANTE,v,,,,,04/10/2026 21:20:29,sim
1,04/10/2026,6257,Presidente,1,municipio,RJ,59153,3305802,TERESÓPOLIS,,,,,PARTIDO NOVO,i,NOVO,0,30,NOVO,PARTIDO NOVO,,30,280002539826,ROMEU ZEMA NETO,ZEMA,28/10/1964,6,Válido,nao,,260,0.27,0.265130271,LUIS EDUARDO GRANGEIRO GIRÃO,EDUARDO GIRÃO,NOVO,v,,,,,04/10/2026 21:20:29,sim
1,04/10/2026,6257,Presidente,1,municipio,RJ,59153,3305802,TERESÓPOLIS,,,,,UNIDADE POPULAR,i,UP,0,80,UP,UNIDADE POPULAR,,80,280002538811,SAMARA MARTINS DA SILVA FEITOSA,SAMARA,31/08/1987,7,Válido,nao,,101,0.10,0.102992913,RAQUEL NONATO DE BRICIO,RAQUEL BRÍCIO,UP,v,,,,,04/10/2026 21:20:29,sim
1,04/10/2026,6257,Presidente,1,municipio,RJ,59153,3305802,TERESÓPOLIS,,,,,DEMOCRATA,i,DEMOCRATA,0,35,DEMOCRATA,DEMOCRATA,,35,280002548139,WILSON GRASSI JUNIOR,VETERINÁRIO WILSON GRASSI,13/03/1970,11,Válido,nao,,14,0.01,0.014276245,SUÊD HAIDAR NOGUEIRA,SUÊD HAIDAR,DEMOCRATA,v,,,,,04/10/2026 21:20:29,sim
1,04/10/2026,6257,Presidente,1,municipio,RJ,59153,3305802,TERESÓPOLIS,,,,,PARTIDO MISSÃO,i,MISSÃO,0,14,MISSÃO,PARTIDO MISSÃO,,14,280002540694,RENAN ANTONIO FERREIRA DOS SANTOS,RENAN SANTOS,14/02/1984,4,Válido,nao,,2470,2.52,2.518737572,AROLDO MEDINA,CORONEL MEDINA,MISSÃO,v,,,,,04/10/2026 21:20:29,sim
1,04/10/2026,6257,Presidente,1,municipio,RJ,59153,3305802,TERESÓPOLIS,,,,,PARTIDO DA CAUSA OPERÁRIA,i,PCO,0,29,PCO,PARTIDO DA CAUSA OPERÁRIA,,29,280002552487,RUI COSTA PIMENTA,RUI COSTA PIMENTA,25/06/1957,12,Válido,nao,,7,0.01,0.007138123,ANTONIO CARLOS SILVA,ANTÔNIO CARLOS,PCO,v,,,,,04/10/2026 21:20:29,sim
1,04/10/2026,6257,Presidente,1,municipio,RJ,59170,3305901,TRAJANO DE MORAES,,,,,PARTIDO LIBERAL,i,PL,0,22,PL,PARTIDO LIBERAL,,22,280002551544,FLAVIO NANTES BOLSONARO,FLAVIO BOLSONARO,30/04/1981,1,Válido,nao,,3561,50.08,50.084388186,ALFREDO GASPAR DE MENDONÇA NETO,ALFREDO GASPAR,PL,v,,,,,04/10/2026 20:11:11,sim
1,04/10/2026,6257,Presidente,1,municipio,RJ,59170,3305901,TRAJANO DE MORAES,,,,,PARTIDO SOCIAL DEMOCRÁTICO,i,PSD,0,55,PSD,PARTIDO SOCIAL DEMOCRÁTICO,,55,280002551932,RONALDO RAMOS CAIADO,RONALDO CAIADO,25/09/1949,5,Válido,nao,,165,2.32,2.320675105,GILBERTO KASSAB,GILBERTO KASSAB,PSD,v,,,,,04/10/2026 20:11:11,sim
1,04/10/2026,6257,Presidente,1,municipio,RJ,59170,3305901,TRAJANO DE MORAES,,PT/PC do B/PV,FEDERAÇÃO BRASIL DA ESPERANÇA - FE BRASIL,PT/PC do B/PV,BRASIL PRONTO PRA MAIS,c,PSB / PDT / PCDOB / PT / PV / PSOL / REDE,,13,PT,PARTIDO DOS TRABALHADORES,101,13,280002542548,LUIZ INÁCIO LULA DA SILVA,LULA,06/10/1945,2,Válido,nao,,3122,43.91,43.909985935,GERALDO JOSE RODRIGUES ALCKMIN FILHO,GERALDO ALCKMIN,PSB,v,,,,,04/10/2026 20:11:11,sim
1,04/10/2026,6257,Presidente,1,municipio,RJ,59170,3305901,TRAJANO DE MORAES,,,,,DEMOCRACIA CRISTÃ,i,DC,0,27,DC,DEMOCRACIA CRISTÃ,,27,280002552484,CLARIANA ZACARKIM BARAO,CLARIANA BARAO,03/04/1987,9,Válido,nao,,1,0.01,0.014064698,FABIANA CRISTINA TAVARES TORQUATO,FABIANA TORQUATO,DC,v,,,,,04/10/2026 20:11:11,sim
1,04/10/2026,6257,Presidente,1,municipio,RJ,59170,3305901,TRAJANO DE MORAES,,,,,PARTIDO COMUNISTA BRASILEIRO,i,PCB,0,21,PCB,PARTIDO COMUNISTA BRASILEIRO,,21,280002551975,EDMILSON SILVA COSTA,EDMILSON COSTA,08/04/1950,10,Válido,nao,,1,0.01,0.014064698,CLEUSA DOS SANTOS,CLEUSA SANTOS,PCB,v,,,,,04/10/2026 20:11:11,sim
1,04/10/2026,6257,Presidente,1,municipio,RJ,59170,3305901,TRAJANO DE MORAES,,,,,PARTIDO SOCIALISTA  DOS TRABALHADORES UNIFICADO,i,PSTU,0,16,PSTU,PARTIDO SOCIALISTA  DOS TRABALHADORES UNIFICADO,,16,280002541457,HERTZ DA CONCEICAO DIAS,HERTZ DIAS,20/10/1970,8,Válido,nao,,0,0.00,0,VANESSA PORTUGAL BARBOSA,VANESSA PORTUGAL,PSTU,v,,,,,04/10/2026 20:11:11,sim
1,04/10/2026,6257,Presidente,1,municipio,RJ,59170,3305901,TRAJANO DE MORAES,,,,,BRASIL DOS NOSSOS SONHOS,c,AGIR / AVANTE,,70,AVANTE,AVANTE,,70,280002551547,AUGUSTO JORGE CURY,ESCRITOR AUGUSTO CURY,02/10/1958,3,Válido,nao,,175,2.46,2.461322082,JULIO CESAR DELGADO,JÚLIO DELGADO,AVANTE,v,,,,,04/10/2026 20:11:11,sim
1,04/10/2026,6257,Presidente,1,municipio,RJ,59170,3305901,TRAJANO DE MORAES,,,,,PARTIDO NOVO,i,NOVO,0,30,NOVO,PARTIDO NOVO,,30,280002539826,ROMEU ZEMA NETO,ZEMA,28/10/1964,6,Válido,nao,,3,0.04,0.042194093,LUIS EDUARDO GRANGEIRO GIRÃO,EDUARDO GIRÃO,NOVO,v,,,,,04/10/2026 20:11:11,sim
1,04/10/2026,6257,Presidente,1,municipio,RJ,59170,3305901,TRAJANO DE MORAES,,,,,UNIDADE POPULAR,i,UP,0,80,UP,UNIDADE POPULAR,,80,280002538811,SAMARA MARTINS DA SILVA FEITOSA,SAMARA,31/08/1987,7,Válido,nao,,4,0.06,0.056258790,RAQUEL NONATO DE BRICIO,RAQUEL BRÍCIO,UP,v,,,,,04/10/2026 20:11:11,sim
1,04/10/2026,6257,Presidente,1,municipio,RJ,59170,3305901,TRAJANO DE MORAES,,,,,DEMOCRATA,i,DEMOCRATA,0,35,DEMOCRATA,DEMOCRATA,,35,280002548139,WILSON GRASSI JUNIOR,VETERINÁRIO WILSON GRASSI,13/03/1970,11,Válido,nao,,0,0.00,0,SUÊD HAIDAR NOGUEIRA,SUÊD HAIDAR,DEMOCRATA,v,,,,,04/10/2026 20:11:11,sim
1,04/10/2026,6257,Presidente,1,municipio,RJ,59170,3305901,TRAJANO DE MORAES,,,,,PARTIDO MISSÃO,i,MISSÃO,0,14,MISSÃO,PARTIDO MISSÃO,,14,280002540694,RENAN ANTONIO FERREIRA DOS SANTOS,RENAN SANTOS,14/02/1984,4,Válido,nao,,76,1.07,1.068917018,AROLDO MEDINA,CORONEL MEDINA,MISSÃO,v,,,,,04/10/2026 20:11:11,sim
1,04/10/2026,6257,Presidente,1,municipio,RJ,59170,3305901,TRAJANO DE MORAES,,,,,PARTIDO DA CAUSA OPERÁRIA,i,PCO,0,29,PCO,PARTIDO DA CAUSA OPERÁRIA,,29,280002552487,RUI COSTA PIMENTA,RUI COSTA PIMENTA,25/06/1957,12,Válido,nao,,2,0.03,0.028129395,ANTONIO CARLOS SILVA,ANTÔNIO CARLOS,PCO,v,,,,,04/10/2026 20:11:11,sim
1,04/10/2026,6257,Presidente,1,municipio,RJ,59196,3306008,TRÊS RIOS,,,,,PARTIDO LIBERAL,i,PL,0,22,PL,PARTIDO LIBERAL,,22,280002551544,FLAVIO NANTES BOLSONARO,FLAVIO BOLSONARO,30/04/1981,1,Válido,nao,,21385,46.07,46.065527863,ALFREDO GASPAR DE MENDONÇA NETO,ALFREDO GASPAR,PL,v,,,,,04/10/2026 20:10:33,sim
1,04/10/2026,6257,Presidente,1,municipio,RJ,59196,3306008,TRÊS RIOS,,,,,PARTIDO SOCIAL DEMOCRÁTICO,i,PSD,0,55,PSD,PARTIDO SOCIAL DEMOCRÁTICO,,55,280002551932,RONALDO RAMOS CAIADO,RONALDO CAIADO,25/09/1949,5,Válido,nao,,1255,2.70,2.703401331,GILBERTO KASSAB,GILBERTO KASSAB,PSD,v,,,,,04/10/2026 20:10:33,sim
1,04/10/2026,6257,Presidente,1,municipio,RJ,59196,3306008,TRÊS RIOS,,PT/PC do B/PV,FEDERAÇÃO BRASIL DA ESPERANÇA - FE BRASIL,PT/PC do B/PV,BRASIL PRONTO PRA MAIS,c,PSB / PDT / PCDOB / PT / PV / PSOL / REDE,,13,PT,PARTIDO DOS TRABALHADORES,101,13,280002542548,LUIZ INÁCIO LULA DA SILVA,LULA,06/10/1945,2,Válido,nao,,20997,45.23,45.229735261,GERALDO JOSE RODRIGUES ALCKMIN FILHO,GERALDO ALCKMIN,PSB,v,,,,,04/10/2026 20:10:33,sim
1,04/10/2026,6257,Presidente,1,municipio,RJ,59196,3306008,TRÊS RIOS,,,,,DEMOCRACIA CRISTÃ,i,DC,0,27,DC,DEMOCRACIA CRISTÃ,,27,280002552484,CLARIANA ZACARKIM BARAO,CLARIANA BARAO,03/04/1987,9,Válido,nao,,18,0.04,0.038773884,FABIANA CRISTINA TAVARES TORQUATO,FABIANA TORQUATO,DC,v,,,,,04/10/2026 20:10:33,sim
1,04/10/2026,6257,Presidente,1,municipio,RJ,59196,3306008,TRÊS RIOS,,,,,PARTIDO COMUNISTA BRASILEIRO,i,PCB,0,21,PCB,PARTIDO COMUNISTA BRASILEIRO,,21,280002551975,EDMILSON SILVA COSTA,EDMILSON COSTA,08/04/1950,10,Válido,nao,,9,0.02,0.019386942,CLEUSA DOS SANTOS,CLEUSA SANTOS,PCB,v,,,,,04/10/2026 20:10:33,sim
1,04/10/2026,6257,Presidente,1,municipio,RJ,59196,3306008,TRÊS RIOS,,,,,PARTIDO SOCIALISTA  DOS TRABALHADORES UNIFICADO,i,PSTU,0,16,PSTU,PARTIDO SOCIALISTA  DOS TRABALHADORES UNIFICADO,,16,280002541457,HERTZ DA CONCEICAO DIAS,HERTZ DIAS,20/10/1970,8,Válido,nao,,17,0.04,0.036619779,VANESSA PORTUGAL BARBOSA,VANESSA PORTUGAL,PSTU,v,,,,,04/10/2026 20:10:33,sim
1,04/10/2026,6257,Presidente,1,municipio,RJ,59196,3306008,TRÊS RIOS,,,,,BRASIL DOS NOSSOS SONHOS,c,AGIR / AVANTE,,70,AVANTE,AVANTE,,70,280002551547,AUGUSTO JORGE CURY,ESCRITOR AUGUSTO CURY,02/10/1958,3,Válido,nao,,1503,3.24,3.237619284,JULIO CESAR DELGADO,JÚLIO DELGADO,AVANTE,v,,,,,04/10/2026 20:10:33,sim
1,04/10/2026,6257,Presidente,1,municipio,RJ,59196,3306008,TRÊS RIOS,,,,,PARTIDO NOVO,i,NOVO,0,30,NOVO,PARTIDO NOVO,,30,280002539826,ROMEU ZEMA NETO,ZEMA,28/10/1964,6,Válido,nao,,150,0.32,0.323115697,LUIS EDUARDO GRANGEIRO GIRÃO,EDUARDO GIRÃO,NOVO,v,,,,,04/10/2026 20:10:33,sim
1,04/10/2026,6257,Presidente,1,municipio,RJ,59196,3306008,TRÊS RIOS,,,,,UNIDADE POPULAR,i,UP,0,80,UP,UNIDADE POPULAR,,80,280002538811,SAMARA MARTINS DA SILVA FEITOSA,SAMARA,31/08/1987,7,Válido,nao,,69,0.15,0.148633221,RAQUEL NONATO DE BRICIO,RAQUEL BRÍCIO,UP,v,,,,,04/10/2026 20:10:33,sim
1,04/10/2026,6257,Presidente,1,municipio,RJ,59196,3306008,TRÊS RIOS,,,,,DEMOCRATA,i,DEMOCRATA,0,35,DEMOCRATA,DEMOCRATA,,35,280002548139,WILSON GRASSI JUNIOR,VETERINÁRIO WILSON GRASSI,13/03/1970,11,Válido,nao,,8,0.02,0.017232837,SUÊD HAIDAR NOGUEIRA,SUÊD HAIDAR,DEMOCRATA,v,,,,,04/10/2026 20:10:33,sim
1,04/10/2026,6257,Presidente,1,municipio,RJ,59196,3306008,TRÊS RIOS,,,,,PARTIDO MISSÃO,i,MISSÃO,0,14,MISSÃO,PARTIDO MISSÃO,,14,280002540694,RENAN ANTONIO FERREIRA DOS SANTOS,RENAN SANTOS,14/02/1984,4,Válido,nao,,1004,2.16,2.162721065,AROLDO MEDINA,CORONEL MEDINA,MISSÃO,v,,,,,04/10/2026 20:10:33,sim
1,04/10/2026,6257,Presidente,1,municipio,RJ,59196,3306008,TRÊS RIOS,,,,,PARTIDO DA CAUSA OPERÁRIA,i,PCO,0,29,PCO,PARTIDO DA CAUSA OPERÁRIA,,29,280002552487,RUI COSTA PIMENTA,RUI COSTA PIMENTA,25/06/1957,12,Válido,nao,,8,0.02,0.017232837,ANTONIO CARLOS SILVA,ANTÔNIO CARLOS,PCO,v,,,,,04/10/2026 20:10:33,sim
1,04/10/2026,6257,Presidente,1,municipio,RJ,59218,3306107,VALENÇA,,,,,PARTIDO LIBERAL,i,PL,0,22,PL,PARTIDO LIBERAL,,22,280002551544,FLAVIO NANTES BOLSONARO,FLAVIO BOLSONARO,30/04/1981,1,Válido,nao,,16207,40.64,40.636361357,ALFREDO GASPAR DE MENDONÇA NETO,ALFREDO GASPAR,PL,v,,,,,04/10/2026 19:29:39,sim
1,04/10/2026,6257,Presidente,1,municipio,RJ,59218,3306107,VALENÇA,,,,,PARTIDO SOCIAL DEMOCRÁTICO,i,PSD,0,55,PSD,PARTIDO SOCIAL DEMOCRÁTICO,,55,280002551932,RONALDO RAMOS CAIADO,RONALDO CAIADO,25/09/1949,5,Válido,nao,,1088,2.73,2.727979340,GILBERTO KASSAB,GILBERTO KASSAB,PSD,v,,,,,04/10/2026 19:29:39,sim
1,04/10/2026,6257,Presidente,1,municipio,RJ,59218,3306107,VALENÇA,,PT/PC do B/PV,FEDERAÇÃO BRASIL DA ESPERANÇA - FE BRASIL,PT/PC do B/PV,BRASIL PRONTO PRA MAIS,c,PSB / PDT / PCDOB / PT / PV / PSOL / REDE,,13,PT,PARTIDO DOS TRABALHADORES,101,13,280002542548,LUIZ INÁCIO LULA DA SILVA,LULA,06/10/1945,2,Válido,nao,,20463,51.31,51.307574656,GERALDO JOSE RODRIGUES ALCKMIN FILHO,GERALDO ALCKMIN,PSB,v,,,,,04/10/2026 19:29:39,sim
1,04/10/2026,6257,Presidente,1,municipio,RJ,59218,3306107,VALENÇA,,,,,DEMOCRACIA CRISTÃ,i,DC,0,27,DC,DEMOCRACIA CRISTÃ,,27,280002552484,CLARIANA ZACARKIM BARAO,CLARIANA BARAO,03/04/1987,9,Válido,nao,,22,0.06,0.055161347,FABIANA CRISTINA TAVARES TORQUATO,FABIANA TORQUATO,DC,v,,,,,04/10/2026 19:29:39,sim
1,04/10/2026,6257,Presidente,1,municipio,RJ,59218,3306107,VALENÇA,,,,,PARTIDO COMUNISTA BRASILEIRO,i,PCB,0,21,PCB,PARTIDO COMUNISTA BRASILEIRO,,21,280002551975,EDMILSON SILVA COSTA,EDMILSON COSTA,08/04/1950,10,Válido,nao,,10,0.03,0.025073340,CLEUSA DOS SANTOS,CLEUSA SANTOS,PCB,v,,,,,04/10/2026 19:29:39,sim
1,04/10/2026,6257,Presidente,1,municipio,RJ,59218,3306107,VALENÇA,,,,,PARTIDO SOCIALISTA  DOS TRABALHADORES UNIFICADO,i,PSTU,0,16,PSTU,PARTIDO SOCIALISTA  DOS TRABALHADORES UNIFICADO,,16,280002541457,HERTZ DA CONCEICAO DIAS,HERTZ DIAS,20/10/1970,8,Válido,nao,,13,0.03,0.032595341,VANESSA PORTUGAL BARBOSA,VANESSA PORTUGAL,PSTU,v,,,,,04/10/2026 19:29:39,sim
1,04/10/2026,6257,Presidente,1,municipio,RJ,59218,3306107,VALENÇA,,,,,BRASIL DOS NOSSOS SONHOS,c,AGIR / AVANTE,,70,AVANTE,AVANTE,,70,280002551547,AUGUSTO JORGE CURY,ESCRITOR AUGUSTO CURY,02/10/1958,3,Válido,nao,,1157,2.90,2.900985382,JULIO CESAR DELGADO,JÚLIO DELGADO,AVANTE,v,,,,,04/10/2026 19:29:39,sim
1,04/10/2026,6257,Presidente,1,municipio,RJ,59218,3306107,VALENÇA,,,,,PARTIDO NOVO,i,NOVO,0,30,NOVO,PARTIDO NOVO,,30,280002539826,ROMEU ZEMA NETO,ZEMA,28/10/1964,6,Válido,nao,,92,0.23,0.230674724,LUIS EDUARDO GRANGEIRO GIRÃO,EDUARDO GIRÃO,NOVO,v,,,,,04/10/2026 19:29:39,sim
1,04/10/2026,6257,Presidente,1,municipio,RJ,59218,3306107,VALENÇA,,,,,UNIDADE POPULAR,i,UP,0,80,UP,UNIDADE POPULAR,,80,280002538811,SAMARA MARTINS DA SILVA FEITOSA,SAMARA,31/08/1987,7,Válido,nao,,43,0.11,0.107815360,RAQUEL NONATO DE BRICIO,RAQUEL BRÍCIO,UP,v,,,,,04/10/2026 19:29:39,sim
1,04/10/2026,6257,Presidente,1,municipio,RJ,59218,3306107,VALENÇA,,,,,DEMOCRATA,i,DEMOCRATA,0,35,DEMOCRATA,DEMOCRATA,,35,280002548139,WILSON GRASSI JUNIOR,VETERINÁRIO WILSON GRASSI,13/03/1970,11,Válido,nao,,8,0.02,0.020058672,SUÊD HAIDAR NOGUEIRA,SUÊD HAIDAR,DEMOCRATA,v,,,,,04/10/2026 19:29:39,sim
1,04/10/2026,6257,Presidente,1,municipio,RJ,59218,3306107,VALENÇA,,,,,PARTIDO MISSÃO,i,MISSÃO,0,14,MISSÃO,PARTIDO MISSÃO,,14,280002540694,RENAN ANTONIO FERREIRA DOS SANTOS,RENAN SANTOS,14/02/1984,4,Válido,nao,,778,1.95,1.950705815,AROLDO MEDINA,CORONEL MEDINA,MISSÃO,v,,,,,04/10/2026 19:29:39,sim
1,04/10/2026,6257,Presidente,1,municipio,RJ,59218,3306107,VALENÇA,,,,,PARTIDO DA CAUSA OPERÁRIA,i,PCO,0,29,PCO,PARTIDO DA CAUSA OPERÁRIA,,29,280002552487,RUI COSTA PIMENTA,RUI COSTA PIMENTA,25/06/1957,12,Válido,nao,,2,0.01,0.005014668,ANTONIO CARLOS SILVA,ANTÔNIO CARLOS,PCO,v,,,,,04/10/2026 19:29:39,sim
1,04/10/2026,6257,Presidente,1,municipio,RJ,59234,3306206,VASSOURAS,,,,,PARTIDO LIBERAL,i,PL,0,22,PL,PARTIDO LIBERAL,,22,280002551544,FLAVIO NANTES BOLSONARO,FLAVIO BOLSONARO,30/04/1981,1,Válido,nao,,11112,50.19,50.189701897,ALFREDO GASPAR DE MENDONÇA NETO,ALFREDO GASPAR,PL,v,,,,,04/10/2026 20:10:32,sim
1,04/10/2026,6257,Presidente,1,municipio,RJ,59234,3306206,VASSOURAS,,,,,PARTIDO SOCIAL DEMOCRÁTICO,i,PSD,0,55,PSD,PARTIDO SOCIAL DEMOCRÁTICO,,55,280002551932,RONALDO RAMOS CAIADO,RONALDO CAIADO,25/09/1949,5,Válido,nao,,551,2.49,2.488708220,GILBERTO KASSAB,GILBERTO KASSAB,PSD,v,,,,,04/10/2026 20:10:32,sim
1,04/10/2026,6257,Presidente,1,municipio,RJ,59234,3306206,VASSOURAS,,PT/PC do B/PV,FEDERAÇÃO BRASIL DA ESPERANÇA - FE BRASIL,PT/PC do B/PV,BRASIL PRONTO PRA MAIS,c,PSB / PDT / PCDOB / PT / PV / PSOL / REDE,,13,PT,PARTIDO DOS TRABALHADORES,101,13,280002542548,LUIZ INÁCIO LULA DA SILVA,LULA,06/10/1945,2,Válido,nao,,9316,42.08,42.077687444,GERALDO JOSE RODRIGUES ALCKMIN FILHO,GERALDO ALCKMIN,PSB,v,,,,,04/10/2026 20:10:32,sim
1,04/10/2026,6257,Presidente,1,municipio,RJ,59234,3306206,VASSOURAS,,,,,DEMOCRACIA CRISTÃ,i,DC,0,27,DC,DEMOCRACIA CRISTÃ,,27,280002552484,CLARIANA ZACARKIM BARAO,CLARIANA BARAO,03/04/1987,9,Válido,nao,,7,0.03,0.031616983,FABIANA CRISTINA TAVARES TORQUATO,FABIANA TORQUATO,DC,v,,,,,04/10/2026 20:10:32,sim
1,04/10/2026,6257,Presidente,1,municipio,RJ,59234,3306206,VASSOURAS,,,,,PARTIDO COMUNISTA BRASILEIRO,i,PCB,0,21,PCB,PARTIDO COMUNISTA BRASILEIRO,,21,280002551975,EDMILSON SILVA COSTA,EDMILSON COSTA,08/04/1950,10,Válido,nao,,6,0.03,0.027100271,CLEUSA DOS SANTOS,CLEUSA SANTOS,PCB,v,,,,,04/10/2026 20:10:32,sim
1,04/10/2026,6257,Presidente,1,municipio,RJ,59234,3306206,VASSOURAS,,,,,PARTIDO SOCIALISTA  DOS TRABALHADORES UNIFICADO,i,PSTU,0,16,PSTU,PARTIDO SOCIALISTA  DOS TRABALHADORES UNIFICADO,,16,280002541457,HERTZ DA CONCEICAO DIAS,HERTZ DIAS,20/10/1970,8,Válido,nao,,3,0.01,0.013550136,VANESSA PORTUGAL BARBOSA,VANESSA PORTUGAL,PSTU,v,,,,,04/10/2026 20:10:32,sim
1,04/10/2026,6257,Presidente,1,municipio,RJ,59234,3306206,VASSOURAS,,,,,BRASIL DOS NOSSOS SONHOS,c,AGIR / AVANTE,,70,AVANTE,AVANTE,,70,280002551547,AUGUSTO JORGE CURY,ESCRITOR AUGUSTO CURY,02/10/1958,3,Válido,nao,,601,2.71,2.714543812,JULIO CESAR DELGADO,JÚLIO DELGADO,AVANTE,v,,,,,04/10/2026 20:10:32,sim
1,04/10/2026,6257,Presidente,1,municipio,RJ,59234,3306206,VASSOURAS,,,,,PARTIDO NOVO,i,NOVO,0,30,NOVO,PARTIDO NOVO,,30,280002539826,ROMEU ZEMA NETO,ZEMA,28/10/1964,6,Válido,nao,,45,0.20,0.203252033,LUIS EDUARDO GRANGEIRO GIRÃO,EDUARDO GIRÃO,NOVO,v,,,,,04/10/2026 20:10:32,sim
1,04/10/2026,6257,Presidente,1,municipio,RJ,59234,3306206,VASSOURAS,,,,,UNIDADE POPULAR,i,UP,0,80,UP,UNIDADE POPULAR,,80,280002538811,SAMARA MARTINS DA SILVA FEITOSA,SAMARA,31/08/1987,7,Válido,nao,,38,0.17,0.171635050,RAQUEL NONATO DE BRICIO,RAQUEL BRÍCIO,UP,v,,,,,04/10/2026 20:10:32,sim
1,04/10/2026,6257,Presidente,1,municipio,RJ,59234,3306206,VASSOURAS,,,,,DEMOCRATA,i,DEMOCRATA,0,35,DEMOCRATA,DEMOCRATA,,35,280002548139,WILSON GRASSI JUNIOR,VETERINÁRIO WILSON GRASSI,13/03/1970,11,Válido,nao,,5,0.02,0.022583559,SUÊD HAIDAR NOGUEIRA,SUÊD HAIDAR,DEMOCRATA,v,,,,,04/10/2026 20:10:32,sim
1,04/10/2026,6257,Presidente,1,municipio,RJ,59234,3306206,VASSOURAS,,,,,PARTIDO MISSÃO,i,MISSÃO,0,14,MISSÃO,PARTIDO MISSÃO,,14,280002540694,RENAN ANTONIO FERREIRA DOS SANTOS,RENAN SANTOS,14/02/1984,4,Válido,nao,,452,2.04,2.041553749,AROLDO MEDINA,CORONEL MEDINA,MISSÃO,v,,,,,04/10/2026 20:10:32,sim
1,04/10/2026,6257,Presidente,1,municipio,RJ,59234,3306206,VASSOURAS,,,,,PARTIDO DA CAUSA OPERÁRIA,i,PCO,0,29,PCO,PARTIDO DA CAUSA OPERÁRIA,,29,280002552487,RUI COSTA PIMENTA,RUI COSTA PIMENTA,25/06/1957,12,Válido,nao,,4,0.02,0.018066847,ANTONIO CARLOS SILVA,ANTÔNIO CARLOS,PCO,v,,,,,04/10/2026 20:10:32,sim
1,04/10/2026,6257,Presidente,1,municipio,RJ,59250,3306305,VOLTA REDONDA,,,,,PARTIDO LIBERAL,i,PL,0,22,PL,PARTIDO LIBERAL,,22,280002551544,FLAVIO NANTES BOLSONARO,FLAVIO BOLSONARO,30/04/1981,1,Válido,nao,,82586,50.06,50.064864996,ALFREDO GASPAR DE MENDONÇA NETO,ALFREDO GASPAR,PL,v,,,,,04/10/2026 19:29:39,sim
1,04/10/2026,6257,Presidente,1,municipio,RJ,59250,3306305,VOLTA REDONDA,,,,,PARTIDO SOCIAL DEMOCRÁTICO,i,PSD,0,55,PSD,PARTIDO SOCIAL DEMOCRÁTICO,,55,280002551932,RONALDO RAMOS CAIADO,RONALDO CAIADO,25/09/1949,5,Válido,nao,,3139,1.90,1.902908619,GILBERTO KASSAB,GILBERTO KASSAB,PSD,v,,,,,04/10/2026 19:29:39,sim
1,04/10/2026,6257,Presidente,1,municipio,RJ,59250,3306305,VOLTA REDONDA,,PT/PC do B/PV,FEDERAÇÃO BRASIL DA ESPERANÇA - FE BRASIL,PT/PC do B/PV,BRASIL PRONTO PRA MAIS,c,PSB / PDT / PCDOB / PT / PV / PSOL / REDE,,13,PT,PARTIDO DOS TRABALHADORES,101,13,280002542548,LUIZ INÁCIO LULA DA SILVA,LULA,06/10/1945,2,Válido,nao,,69383,42.06,42.061009469,GERALDO JOSE RODRIGUES ALCKMIN FILHO,GERALDO ALCKMIN,PSB,v,,,,,04/10/2026 19:29:39,sim
1,04/10/2026,6257,Presidente,1,municipio,RJ,59250,3306305,VOLTA REDONDA,,,,,DEMOCRACIA CRISTÃ,i,DC,0,27,DC,DEMOCRACIA CRISTÃ,,27,280002552484,CLARIANA ZACARKIM BARAO,CLARIANA BARAO,03/04/1987,9,Válido,nao,,72,0.04,0.043647474,FABIANA CRISTINA TAVARES TORQUATO,FABIANA TORQUATO,DC,v,,,,,04/10/2026 19:29:39,sim
1,04/10/2026,6257,Presidente,1,municipio,RJ,59250,3306305,VOLTA REDONDA,,,,,PARTIDO COMUNISTA BRASILEIRO,i,PCB,0,21,PCB,PARTIDO COMUNISTA BRASILEIRO,,21,280002551975,EDMILSON SILVA COSTA,EDMILSON COSTA,08/04/1950,10,Válido,nao,,41,0.02,0.024854812,CLEUSA DOS SANTOS,CLEUSA SANTOS,PCB,v,,,,,04/10/2026 19:29:39,sim
1,04/10/2026,6257,Presidente,1,municipio,RJ,59250,3306305,VOLTA REDONDA,,,,,PARTIDO SOCIALISTA  DOS TRABALHADORES UNIFICADO,i,PSTU,0,16,PSTU,PARTIDO SOCIALISTA  DOS TRABALHADORES UNIFICADO,,16,280002541457,HERTZ DA CONCEICAO DIAS,HERTZ DIAS,20/10/1970,8,Válido,nao,,105,0.06,0.063652566,VANESSA PORTUGAL BARBOSA,VANESSA PORTUGAL,PSTU,v,,,,,04/10/2026 19:29:39,sim
1,04/10/2026,6257,Presidente,1,municipio,RJ,59250,3306305,VOLTA REDONDA,,,,,BRASIL DOS NOSSOS SONHOS,c,AGIR / AVANTE,,70,AVANTE,AVANTE,,70,280002551547,AUGUSTO JORGE CURY,ESCRITOR AUGUSTO CURY,02/10/1958,3,Válido,nao,,4746,2.88,2.877095988,JULIO CESAR DELGADO,JÚLIO DELGADO,AVANTE,v,,,,,04/10/2026 19:29:39,sim
1,04/10/2026,6257,Presidente,1,municipio,RJ,59250,3306305,VOLTA REDONDA,,,,,PARTIDO NOVO,i,NOVO,0,30,NOVO,PARTIDO NOVO,,30,280002539826,ROMEU ZEMA NETO,ZEMA,28/10/1964,6,Válido,nao,,525,0.32,0.318262831,LUIS EDUARDO GRANGEIRO GIRÃO,EDUARDO GIRÃO,NOVO,v,,,,,04/10/2026 19:29:39,sim
1,04/10/2026,6257,Presidente,1,municipio,RJ,59250,3306305,VOLTA REDONDA,,,,,UNIDADE POPULAR,i,UP,0,80,UP,UNIDADE POPULAR,,80,280002538811,SAMARA MARTINS DA SILVA FEITOSA,SAMARA,31/08/1987,7,Válido,nao,,226,0.14,0.137004571,RAQUEL NONATO DE BRICIO,RAQUEL BRÍCIO,UP,v,,,,,04/10/2026 19:29:39,sim
1,04/10/2026,6257,Presidente,1,municipio,RJ,59250,3306305,VOLTA REDONDA,,,,,DEMOCRATA,i,DEMOCRATA,0,35,DEMOCRATA,DEMOCRATA,,35,280002548139,WILSON GRASSI JUNIOR,VETERINÁRIO WILSON GRASSI,13/03/1970,11,Válido,nao,,22,0.01,0.013336728,SUÊD HAIDAR NOGUEIRA,SUÊD HAIDAR,DEMOCRATA,v,,,,,04/10/2026 19:29:39,sim
1,04/10/2026,6257,Presidente,1,municipio,RJ,59250,3306305,VOLTA REDONDA,,,,,PARTIDO MISSÃO,i,MISSÃO,0,14,MISSÃO,PARTIDO MISSÃO,,14,280002540694,RENAN ANTONIO FERREIRA DOS SANTOS,RENAN SANTOS,14/02/1984,4,Válido,nao,,4069,2.47,2.466688490,AROLDO MEDINA,CORONEL MEDINA,MISSÃO,v,,,,,04/10/2026 19:29:39,sim
1,04/10/2026,6257,Presidente,1,municipio,RJ,59250,3306305,VOLTA REDONDA,,,,,PARTIDO DA CAUSA OPERÁRIA,i,PCO,0,29,PCO,PARTIDO DA CAUSA OPERÁRIA,,29,280002552487,RUI COSTA PIMENTA,RUI COSTA PIMENTA,25/06/1957,12,Válido,nao,,44,0.03,0.026673456,ANTONIO CARLOS SILVA,ANTÔNIO CARLOS,PCO,v,,,,,04/10/2026 19:29:39,sim
1,04/10/2026,6257,Presidente,1,municipio,RJ,59277,3300258,ARRAIAL DO CABO,,,,,PARTIDO LIBERAL,i,PL,0,22,PL,PARTIDO LIBERAL,,22,280002551544,FLAVIO NANTES BOLSONARO,FLAVIO BOLSONARO,30/04/1981,1,Válido,nao,,15959,60.37,60.370720636,ALFREDO GASPAR DE MENDONÇA NETO,ALFREDO GASPAR,PL,v,,,,,04/10/2026 19:20:56,sim
1,04/10/2026,6257,Presidente,1,municipio,RJ,59277,3300258,ARRAIAL DO CABO,,,,,PARTIDO SOCIAL DEMOCRÁTICO,i,PSD,0,55,PSD,PARTIDO SOCIAL DEMOCRÁTICO,,55,280002551932,RONALDO RAMOS CAIADO,RONALDO CAIADO,25/09/1949,5,Válido,nao,,387,1.46,1.463968224,GILBERTO KASSAB,GILBERTO KASSAB,PSD,v,,,,,04/10/2026 19:20:56,sim
1,04/10/2026,6257,Presidente,1,municipio,RJ,59277,3300258,ARRAIAL DO CABO,,PT/PC do B/PV,FEDERAÇÃO BRASIL DA ESPERANÇA - FE BRASIL,PT/PC do B/PV,BRASIL PRONTO PRA MAIS,c,PSB / PDT / PCDOB / PT / PV / PSOL / REDE,,13,PT,PARTIDO DOS TRABALHADORES,101,13,280002542548,LUIZ INÁCIO LULA DA SILVA,LULA,06/10/1945,2,Válido,nao,,8652,32.73,32.729336107,GERALDO JOSE RODRIGUES ALCKMIN FILHO,GERALDO ALCKMIN,PSB,v,,,,,04/10/2026 19:20:56,sim
1,04/10/2026,6257,Presidente,1,municipio,RJ,59277,3300258,ARRAIAL DO CABO,,,,,DEMOCRACIA CRISTÃ,i,DC,0,27,DC,DEMOCRACIA CRISTÃ,,27,280002552484,CLARIANA ZACARKIM BARAO,CLARIANA BARAO,03/04/1987,9,Válido,nao,,9,0.03,0.034045773,FABIANA CRISTINA TAVARES TORQUATO,FABIANA TORQUATO,DC,v,,,,,04/10/2026 19:20:56,sim
1,04/10/2026,6257,Presidente,1,municipio,RJ,59277,3300258,ARRAIAL DO CABO,,,,,PARTIDO COMUNISTA BRASILEIRO,i,PCB,0,21,PCB,PARTIDO COMUNISTA BRASILEIRO,,21,280002551975,EDMILSON SILVA COSTA,EDMILSON COSTA,08/04/1950,10,Válido,nao,,6,0.02,0.022697182,CLEUSA DOS SANTOS,CLEUSA SANTOS,PCB,v,,,,,04/10/2026 19:20:56,sim
1,04/10/2026,6257,Presidente,1,municipio,RJ,59277,3300258,ARRAIAL DO CABO,,,,,PARTIDO SOCIALISTA  DOS TRABALHADORES UNIFICADO,i,PSTU,0,16,PSTU,PARTIDO SOCIALISTA  DOS TRABALHADORES UNIFICADO,,16,280002541457,HERTZ DA CONCEICAO DIAS,HERTZ DIAS,20/10/1970,8,Válido,nao,,4,0.02,0.015131455,VANESSA PORTUGAL BARBOSA,VANESSA PORTUGAL,PSTU,v,,,,,04/10/2026 19:20:56,sim
1,04/10/2026,6257,Presidente,1,municipio,RJ,59277,3300258,ARRAIAL DO CABO,,,,,BRASIL DOS NOSSOS SONHOS,c,AGIR / AVANTE,,70,AVANTE,AVANTE,,70,280002551547,AUGUSTO JORGE CURY,ESCRITOR AUGUSTO CURY,02/10/1958,3,Válido,nao,,771,2.92,2.916587857,JULIO CESAR DELGADO,JÚLIO DELGADO,AVANTE,v,,,,,04/10/2026 19:20:56,sim
1,04/10/2026,6257,Presidente,1,municipio,RJ,59277,3300258,ARRAIAL DO CABO,,,,,PARTIDO NOVO,i,NOVO,0,30,NOVO,PARTIDO NOVO,,30,280002539826,ROMEU ZEMA NETO,ZEMA,28/10/1964,6,Válido,nao,,32,0.12,0.121051636,LUIS EDUARDO GRANGEIRO GIRÃO,EDUARDO GIRÃO,NOVO,v,,,,,04/10/2026 19:20:56,sim
1,04/10/2026,6257,Presidente,1,municipio,RJ,59277,3300258,ARRAIAL DO CABO,,,,,UNIDADE POPULAR,i,UP,0,80,UP,UNIDADE POPULAR,,80,280002538811,SAMARA MARTINS DA SILVA FEITOSA,SAMARA,31/08/1987,7,Válido,nao,,37,0.14,0.139965954,RAQUEL NONATO DE BRICIO,RAQUEL BRÍCIO,UP,v,,,,,04/10/2026 19:20:56,sim
1,04/10/2026,6257,Presidente,1,municipio,RJ,59277,3300258,ARRAIAL DO CABO,,,,,DEMOCRATA,i,DEMOCRATA,0,35,DEMOCRATA,DEMOCRATA,,35,280002548139,WILSON GRASSI JUNIOR,VETERINÁRIO WILSON GRASSI,13/03/1970,11,Válido,nao,,2,0.01,0.007565727,SUÊD HAIDAR NOGUEIRA,SUÊD HAIDAR,DEMOCRATA,v,,,,,04/10/2026 19:20:56,sim
1,04/10/2026,6257,Presidente,1,municipio,RJ,59277,3300258,ARRAIAL DO CABO,,,,,PARTIDO MISSÃO,i,MISSÃO,0,14,MISSÃO,PARTIDO MISSÃO,,14,280002540694,RENAN ANTONIO FERREIRA DOS SANTOS,RENAN SANTOS,14/02/1984,4,Válido,nao,,574,2.17,2.171363722,AROLDO MEDINA,CORONEL MEDINA,MISSÃO,v,,,,,04/10/2026 19:20:56,sim
1,04/10/2026,6257,Presidente,1,municipio,RJ,59277,3300258,ARRAIAL DO CABO,,,,,PARTIDO DA CAUSA OPERÁRIA,i,PCO,0,29,PCO,PARTIDO DA CAUSA OPERÁRIA,,29,280002552487,RUI COSTA PIMENTA,RUI COSTA PIMENTA,25/06/1957,12,Válido,nao,,2,0.01,0.007565727,ANTONIO CARLOS SILVA,ANTÔNIO CARLOS,PCO,v,,,,,04/10/2026 19:20:56,sim
1,04/10/2026,6257,Presidente,1,municipio,RJ,59293,3302056,ITALVA,,,,,PARTIDO LIBERAL,i,PL,0,22,PL,PARTIDO LIBERAL,,22,280002551544,FLAVIO NANTES BOLSONARO,FLAVIO BOLSONARO,30/04/1981,1,Válido,nao,,5937,67.11,67.107494066,ALFREDO GASPAR DE MENDONÇA NETO,ALFREDO GASPAR,PL,v,,,,,04/10/2026 18:37:25,sim
1,04/10/2026,6257,Presidente,1,municipio,RJ,59293,3302056,ITALVA,,,,,PARTIDO SOCIAL DEMOCRÁTICO,i,PSD,0,55,PSD,PARTIDO SOCIAL DEMOCRÁTICO,,55,280002551932,RONALDO RAMOS CAIADO,RONALDO CAIADO,25/09/1949,4,Válido,nao,,151,1.71,1.706793263,GILBERTO KASSAB,GILBERTO KASSAB,PSD,v,,,,,04/10/2026 18:37:25,sim
1,04/10/2026,6257,Presidente,1,municipio,RJ,59293,3302056,ITALVA,,PT/PC do B/PV,FEDERAÇÃO BRASIL DA ESPERANÇA - FE BRASIL,PT/PC do B/PV,BRASIL PRONTO PRA MAIS,c,PSB / PDT / PCDOB / PT / PV / PSOL / REDE,,13,PT,PARTIDO DOS TRABALHADORES,101,13,280002542548,LUIZ INÁCIO LULA DA SILVA,LULA,06/10/1945,2,Válido,nao,,2457,27.77,27.772126144,GERALDO JOSE RODRIGUES ALCKMIN FILHO,GERALDO ALCKMIN,PSB,v,,,,,04/10/2026 18:37:25,sim
1,04/10/2026,6257,Presidente,1,municipio,RJ,59293,3302056,ITALVA,,,,,PARTIDO SOCIALISTA  DOS TRABALHADORES UNIFICADO,i,PSTU,0,16,PSTU,PARTIDO SOCIALISTA  DOS TRABALHADORES UNIFICADO,,16,280002541457,HERTZ DA CONCEICAO DIAS,HERTZ DIAS,20/10/1970,8,Válido,nao,,3,0.03,0.033909800,VANESSA PORTUGAL BARBOSA,VANESSA PORTUGAL,PSTU,v,,,,,04/10/2026 18:37:25,sim
1,04/10/2026,6257,Presidente,1,municipio,RJ,59293,3302056,ITALVA,,,,,PARTIDO COMUNISTA BRASILEIRO,i,PCB,0,21,PCB,PARTIDO COMUNISTA BRASILEIRO,,21,280002551975,EDMILSON SILVA COSTA,EDMILSON COSTA,08/04/1950,10,Válido,nao,,0,0.00,0,CLEUSA DOS SANTOS,CLEUSA SANTOS,PCB,v,,,,,04/10/2026 18:37:25,sim
1,04/10/2026,6257,Presidente,1,municipio,RJ,59293,3302056,ITALVA,,,,,DEMOCRACIA CRISTÃ,i,DC,0,27,DC,DEMOCRACIA CRISTÃ,,27,280002552484,CLARIANA ZACARKIM BARAO,CLARIANA BARAO,03/04/1987,9,Válido,nao,,3,0.03,0.033909800,FABIANA CRISTINA TAVARES TORQUATO,FABIANA TORQUATO,DC,v,,,,,04/10/2026 18:37:25,sim
1,04/10/2026,6257,Presidente,1,municipio,RJ,59293,3302056,ITALVA,,,,,PARTIDO NOVO,i,NOVO,0,30,NOVO,PARTIDO NOVO,,30,280002539826,ROMEU ZEMA NETO,ZEMA,28/10/1964,6,Válido,nao,,18,0.20,0.203458800,LUIS EDUARDO GRANGEIRO GIRÃO,EDUARDO GIRÃO,NOVO,v,,,,,04/10/2026 18:37:25,sim
1,04/10/2026,6257,Presidente,1,municipio,RJ,59293,3302056,ITALVA,,,,,BRASIL DOS NOSSOS SONHOS,c,AGIR / AVANTE,,70,AVANTE,AVANTE,,70,280002551547,AUGUSTO JORGE CURY,ESCRITOR AUGUSTO CURY,02/10/1958,3,Válido,nao,,159,1.80,1.797219396,JULIO CESAR DELGADO,JÚLIO DELGADO,AVANTE,v,,,,,04/10/2026 18:37:25,sim
1,04/10/2026,6257,Presidente,1,municipio,RJ,59293,3302056,ITALVA,,,,,DEMOCRATA,i,DEMOCRATA,0,35,DEMOCRATA,DEMOCRATA,,35,280002548139,WILSON GRASSI JUNIOR,VETERINÁRIO WILSON GRASSI,13/03/1970,11,Válido,nao,,1,0.01,0.011303267,SUÊD HAIDAR NOGUEIRA,SUÊD HAIDAR,DEMOCRATA,v,,,,,04/10/2026 18:37:25,sim
1,04/10/2026,6257,Presidente,1,municipio,RJ,59293,3302056,ITALVA,,,,,UNIDADE POPULAR,i,UP,0,80,UP,UNIDADE POPULAR,,80,280002538811,SAMARA MARTINS DA SILVA FEITOSA,SAMARA,31/08/1987,7,Válido,nao,,5,0.06,0.056516333,RAQUEL NONATO DE BRICIO,RAQUEL BRÍCIO,UP,v,,,,,04/10/2026 18:37:25,sim
1,04/10/2026,6257,Presidente,1,municipio,RJ,59293,3302056,ITALVA,,,,,PARTIDO MISSÃO,i,MISSÃO,0,14,MISSÃO,PARTIDO MISSÃO,,14,280002540694,RENAN ANTONIO FERREIRA DOS SANTOS,RENAN SANTOS,14/02/1984,5,Válido,nao,,113,1.28,1.277269131,AROLDO MEDINA,CORONEL MEDINA,MISSÃO,v,,,,,04/10/2026 18:37:25,sim
1,04/10/2026,6257,Presidente,1,municipio,RJ,59293,3302056,ITALVA,,,,,PARTIDO DA CAUSA OPERÁRIA,i,PCO,0,29,PCO,PARTIDO DA CAUSA OPERÁRIA,,29,280002552487,RUI COSTA PIMENTA,RUI COSTA PIMENTA,25/06/1957,12,Válido,nao,,0,0.00,0,ANTONIO CARLOS SILVA,ANTÔNIO CARLOS,PCO,v,,,,,04/10/2026 18:37:25,sim
1,04/10/2026,6257,Presidente,1,municipio,RJ,59315,3303856,PATY DO ALFERES,,,,,PARTIDO LIBERAL,i,PL,0,22,PL,PARTIDO LIBERAL,,22,280002551544,FLAVIO NANTES BOLSONARO,FLAVIO BOLSONARO,30/04/1981,1,Válido,nao,,11511,62.36,62.356446371,ALFREDO GASPAR DE MENDONÇA NETO,ALFREDO GASPAR,PL,v,,,,,04/10/2026 19:23:44,sim
1,04/10/2026,6257,Presidente,1,municipio,RJ,59315,3303856,PATY DO ALFERES,,,,,PARTIDO SOCIAL DEMOCRÁTICO,i,PSD,0,55,PSD,PARTIDO SOCIAL DEMOCRÁTICO,,55,280002551932,RONALDO RAMOS CAIADO,RONALDO CAIADO,25/09/1949,5,Válido,nao,,411,2.23,2.226435536,GILBERTO KASSAB,GILBERTO KASSAB,PSD,v,,,,,04/10/2026 19:23:44,sim
1,04/10/2026,6257,Presidente,1,municipio,RJ,59315,3303856,PATY DO ALFERES,,PT/PC do B/PV,FEDERAÇÃO BRASIL DA ESPERANÇA - FE BRASIL,PT/PC do B/PV,BRASIL PRONTO PRA MAIS,c,PSB / PDT / PCDOB / PT / PV / PSOL / REDE,,13,PT,PARTIDO DOS TRABALHADORES,101,13,280002542548,LUIZ INÁCIO LULA DA SILVA,LULA,06/10/1945,2,Válido,nao,,5718,30.98,30.975081257,GERALDO JOSE RODRIGUES ALCKMIN FILHO,GERALDO ALCKMIN,PSB,v,,,,,04/10/2026 19:23:44,sim
1,04/10/2026,6257,Presidente,1,municipio,RJ,59315,3303856,PATY DO ALFERES,,,,,DEMOCRACIA CRISTÃ,i,DC,0,27,DC,DEMOCRACIA CRISTÃ,,27,280002552484,CLARIANA ZACARKIM BARAO,CLARIANA BARAO,03/04/1987,9,Válido,nao,,7,0.04,0.037919827,FABIANA CRISTINA TAVARES TORQUATO,FABIANA TORQUATO,DC,v,,,,,04/10/2026 19:23:44,sim
1,04/10/2026,6257,Presidente,1,municipio,RJ,59315,3303856,PATY DO ALFERES,,,,,PARTIDO COMUNISTA BRASILEIRO,i,PCB,0,21,PCB,PARTIDO COMUNISTA BRASILEIRO,,21,280002551975,EDMILSON SILVA COSTA,EDMILSON COSTA,08/04/1950,10,Válido,nao,,6,0.03,0.032502709,CLEUSA DOS SANTOS,CLEUSA SANTOS,PCB,v,,,,,04/10/2026 19:23:44,sim
1,04/10/2026,6257,Presidente,1,municipio,RJ,59315,3303856,PATY DO ALFERES,,,,,PARTIDO SOCIALISTA  DOS TRABALHADORES UNIFICADO,i,PSTU,0,16,PSTU,PARTIDO SOCIALISTA  DOS TRABALHADORES UNIFICADO,,16,280002541457,HERTZ DA CONCEICAO DIAS,HERTZ DIAS,20/10/1970,8,Válido,nao,,0,0.00,0,VANESSA PORTUGAL BARBOSA,VANESSA PORTUGAL,PSTU,v,,,,,04/10/2026 19:23:44,sim
1,04/10/2026,6257,Presidente,1,municipio,RJ,59315,3303856,PATY DO ALFERES,,,,,BRASIL DOS NOSSOS SONHOS,c,AGIR / AVANTE,,70,AVANTE,AVANTE,,70,280002551547,AUGUSTO JORGE CURY,ESCRITOR AUGUSTO CURY,02/10/1958,3,Válido,nao,,460,2.49,2.491874323,JULIO CESAR DELGADO,JÚLIO DELGADO,AVANTE,v,,,,,04/10/2026 19:23:44,sim
1,04/10/2026,6257,Presidente,1,municipio,RJ,59315,3303856,PATY DO ALFERES,,,,,PARTIDO NOVO,i,NOVO,0,30,NOVO,PARTIDO NOVO,,30,280002539826,ROMEU ZEMA NETO,ZEMA,28/10/1964,6,Válido,nao,,31,0.17,0.167930661,LUIS EDUARDO GRANGEIRO GIRÃO,EDUARDO GIRÃO,NOVO,v,,,,,04/10/2026 19:23:44,sim
1,04/10/2026,6257,Presidente,1,municipio,RJ,59315,3303856,PATY DO ALFERES,,,,,UNIDADE POPULAR,i,UP,0,80,UP,UNIDADE POPULAR,,80,280002538811,SAMARA MARTINS DA SILVA FEITOSA,SAMARA,31/08/1987,7,Válido,nao,,18,0.10,0.097508126,RAQUEL NONATO DE BRICIO,RAQUEL BRÍCIO,UP,v,,,,,04/10/2026 19:23:44,sim
1,04/10/2026,6257,Presidente,1,municipio,RJ,59315,3303856,PATY DO ALFERES,,,,,DEMOCRATA,i,DEMOCRATA,0,35,DEMOCRATA,DEMOCRATA,,35,280002548139,WILSON GRASSI JUNIOR,VETERINÁRIO WILSON GRASSI,13/03/1970,11,Válido,nao,,5,0.03,0.027085590,SUÊD HAIDAR NOGUEIRA,SUÊD HAIDAR,DEMOCRATA,v,,,,,04/10/2026 19:23:44,sim
1,04/10/2026,6257,Presidente,1,municipio,RJ,59315,3303856,PATY DO ALFERES,,,,,PARTIDO MISSÃO,i,MISSÃO,0,14,MISSÃO,PARTIDO MISSÃO,,14,280002540694,RENAN ANTONIO FERREIRA DOS SANTOS,RENAN SANTOS,14/02/1984,4,Válido,nao,,291,1.58,1.576381365,AROLDO MEDINA,CORONEL MEDINA,MISSÃO,v,,,,,04/10/2026 19:23:44,sim
1,04/10/2026,6257,Presidente,1,municipio,RJ,59315,3303856,PATY DO ALFERES,,,,,PARTIDO DA CAUSA OPERÁRIA,i,PCO,0,29,PCO,PARTIDO DA CAUSA OPERÁRIA,,29,280002552487,RUI COSTA PIMENTA,RUI COSTA PIMENTA,25/06/1957,12,Válido,nao,,2,0.01,0.010834236,ANTONIO CARLOS SILVA,ANTÔNIO CARLOS,PCO,v,,,,,04/10/2026 19:23:44,sim
1,04/10/2026,6257,Presidente,1,municipio,RJ,59331,3305158,SÃO JOSÉ DO VALE DO RIO PRETO,,,,,PARTIDO LIBERAL,i,PL,0,22,PL,PARTIDO LIBERAL,,22,280002551544,FLAVIO NANTES BOLSONARO,FLAVIO BOLSONARO,30/04/1981,1,Válido,nao,,9219,74.11,74.107717042,ALFREDO GASPAR DE MENDONÇA NETO,ALFREDO GASPAR,PL,v,,,,,04/10/2026 19:07:02,sim
1,04/10/2026,6257,Presidente,1,municipio,RJ,59331,3305158,SÃO JOSÉ DO VALE DO RIO PRETO,,,,,PARTIDO SOCIAL DEMOCRÁTICO,i,PSD,0,55,PSD,PARTIDO SOCIAL DEMOCRÁTICO,,55,280002551932,RONALDO RAMOS CAIADO,RONALDO CAIADO,25/09/1949,4,Válido,nao,,252,2.03,2.025723473,GILBERTO KASSAB,GILBERTO KASSAB,PSD,v,,,,,04/10/2026 19:07:02,sim
1,04/10/2026,6257,Presidente,1,municipio,RJ,59331,3305158,SÃO JOSÉ DO VALE DO RIO PRETO,,PT/PC do B/PV,FEDERAÇÃO BRASIL DA ESPERANÇA - FE BRASIL,PT/PC do B/PV,BRASIL PRONTO PRA MAIS,c,PSB / PDT / PCDOB / PT / PV / PSOL / REDE,,13,PT,PARTIDO DOS TRABALHADORES,101,13,280002542548,LUIZ INÁCIO LULA DA SILVA,LULA,06/10/1945,2,Válido,nao,,2314,18.60,18.601286174,GERALDO JOSE RODRIGUES ALCKMIN FILHO,GERALDO ALCKMIN,PSB,v,,,,,04/10/2026 19:07:02,sim
1,04/10/2026,6257,Presidente,1,municipio,RJ,59331,3305158,SÃO JOSÉ DO VALE DO RIO PRETO,,,,,PARTIDO SOCIALISTA  DOS TRABALHADORES UNIFICADO,i,PSTU,0,16,PSTU,PARTIDO SOCIALISTA  DOS TRABALHADORES UNIFICADO,,16,280002541457,HERTZ DA CONCEICAO DIAS,HERTZ DIAS,20/10/1970,8,Válido,nao,,1,0.01,0.008038585,VANESSA PORTUGAL BARBOSA,VANESSA PORTUGAL,PSTU,v,,,,,04/10/2026 19:07:02,sim
1,04/10/2026,6257,Presidente,1,municipio,RJ,59331,3305158,SÃO JOSÉ DO VALE DO RIO PRETO,,,,,PARTIDO COMUNISTA BRASILEIRO,i,PCB,0,21,PCB,PARTIDO COMUNISTA BRASILEIRO,,21,280002551975,EDMILSON SILVA COSTA,EDMILSON COSTA,08/04/1950,10,Válido,nao,,3,0.02,0.024115756,CLEUSA DOS SANTOS,CLEUSA SANTOS,PCB,v,,,,,04/10/2026 19:07:02,sim
1,04/10/2026,6257,Presidente,1,municipio,RJ,59331,3305158,SÃO JOSÉ DO VALE DO RIO PRETO,,,,,DEMOCRACIA CRISTÃ,i,DC,0,27,DC,DEMOCRACIA CRISTÃ,,27,280002552484,CLARIANA ZACARKIM BARAO,CLARIANA BARAO,03/04/1987,9,Válido,nao,,2,0.02,0.016077170,FABIANA CRISTINA TAVARES TORQUATO,FABIANA TORQUATO,DC,v,,,,,04/10/2026 19:07:02,sim
1,04/10/2026,6257,Presidente,1,municipio,RJ,59331,3305158,SÃO JOSÉ DO VALE DO RIO PRETO,,,,,PARTIDO NOVO,i,NOVO,0,30,NOVO,PARTIDO NOVO,,30,280002539826,ROMEU ZEMA NETO,ZEMA,28/10/1964,6,Válido,nao,,46,0.37,0.369774920,LUIS EDUARDO GRANGEIRO GIRÃO,EDUARDO GIRÃO,NOVO,v,,,,,04/10/2026 19:07:02,sim
1,04/10/2026,6257,Presidente,1,municipio,RJ,59331,3305158,SÃO JOSÉ DO VALE DO RIO PRETO,,,,,BRASIL DOS NOSSOS SONHOS,c,AGIR / AVANTE,,70,AVANTE,AVANTE,,70,280002551547,AUGUSTO JORGE CURY,ESCRITOR AUGUSTO CURY,02/10/1958,3,Válido,nao,,347,2.79,2.789389068,JULIO CESAR DELGADO,JÚLIO DELGADO,AVANTE,v,,,,,04/10/2026 19:07:02,sim
1,04/10/2026,6257,Presidente,1,municipio,RJ,59331,3305158,SÃO JOSÉ DO VALE DO RIO PRETO,,,,,DEMOCRATA,i,DEMOCRATA,0,35,DEMOCRATA,DEMOCRATA,,35,280002548139,WILSON GRASSI JUNIOR,VETERINÁRIO WILSON GRASSI,13/03/1970,11,Válido,nao,,2,0.02,0.016077170,SUÊD HAIDAR NOGUEIRA,SUÊD HAIDAR,DEMOCRATA,v,,,,,04/10/2026 19:07:02,sim
1,04/10/2026,6257,Presidente,1,municipio,RJ,59331,3305158,SÃO JOSÉ DO VALE DO RIO PRETO,,,,,UNIDADE POPULAR,i,UP,0,80,UP,UNIDADE POPULAR,,80,280002538811,SAMARA MARTINS DA SILVA FEITOSA,SAMARA,31/08/1987,7,Válido,nao,,9,0.07,0.072347267,RAQUEL NONATO DE BRICIO,RAQUEL BRÍCIO,UP,v,,,,,04/10/2026 19:07:02,sim
1,04/10/2026,6257,Presidente,1,municipio,RJ,59331,3305158,SÃO JOSÉ DO VALE DO RIO PRETO,,,,,PARTIDO MISSÃO,i,MISSÃO,0,14,MISSÃO,PARTIDO MISSÃO,,14,280002540694,RENAN ANTONIO FERREIRA DOS SANTOS,RENAN SANTOS,14/02/1984,5,Válido,nao,,244,1.96,1.961414791,AROLDO MEDINA,CORONEL MEDINA,MISSÃO,v,,,,,04/10/2026 19:07:02,sim
1,04/10/2026,6257,Presidente,1,municipio,RJ,59331,3305158,SÃO JOSÉ DO VALE DO RIO PRETO,,,,,PARTIDO DA CAUSA OPERÁRIA,i,PCO,0,29,PCO,PARTIDO DA CAUSA OPERÁRIA,,29,280002552487,RUI COSTA PIMENTA,RUI COSTA PIMENTA,25/06/1957,12,Válido,nao,,1,0.01,0.008038585,ANTONIO CARLOS SILVA,ANTÔNIO CARLOS,PCO,v,,,,,04/10/2026 19:07:02,sim
1,04/10/2026,6257,Presidente,1,municipio,RJ,60011,3304557,RIO DE JANEIRO,,,,,PARTIDO LIBERAL,i,PL,0,22,PL,PARTIDO LIBERAL,,22,280002551544,FLAVIO NANTES BOLSONARO,FLAVIO BOLSONARO,30/04/1981,1,Válido,nao,,1662354,47.88,47.880597049,ALFREDO GASPAR DE MENDONÇA NETO,ALFREDO GASPAR,PL,v,,,,,04/10/2026 21:49:00,sim
1,04/10/2026,6257,Presidente,1,municipio,RJ,60011,3304557,RIO DE JANEIRO,,,,,PARTIDO SOCIAL DEMOCRÁTICO,i,PSD,0,55,PSD,PARTIDO SOCIAL DEMOCRÁTICO,,55,280002551932,RONALDO RAMOS CAIADO,RONALDO CAIADO,25/09/1949,5,Válido,nao,,82424,2.37,2.374049289,GILBERTO KASSAB,GILBERTO KASSAB,PSD,v,,,,,04/10/2026 21:49:00,sim
1,04/10/2026,6257,Presidente,1,municipio,RJ,60011,3304557,RIO DE JANEIRO,,PT/PC do B/PV,FEDERAÇÃO BRASIL DA ESPERANÇA - FE BRASIL,PT/PC do B/PV,BRASIL PRONTO PRA MAIS,c,PSB / PDT / PCDOB / PT / PV / PSOL / REDE,,13,PT,PARTIDO DOS TRABALHADORES,101,13,280002542548,LUIZ INÁCIO LULA DA SILVA,LULA,06/10/1945,2,Válido,nao,,1524517,43.91,43.910493296,GERALDO JOSE RODRIGUES ALCKMIN FILHO,GERALDO ALCKMIN,PSB,v,,,,,04/10/2026 21:49:00,sim
1,04/10/2026,6257,Presidente,1,municipio,RJ,60011,3304557,RIO DE JANEIRO,,,,,DEMOCRACIA CRISTÃ,i,DC,0,27,DC,DEMOCRACIA CRISTÃ,,27,280002552484,CLARIANA ZACARKIM BARAO,CLARIANA BARAO,03/04/1987,9,Válido,nao,,1545,0.04,0.044500463,FABIANA CRISTINA TAVARES TORQUATO,FABIANA TORQUATO,DC,v,,,,,04/10/2026 21:49:00,sim
1,04/10/2026,6257,Presidente,1,municipio,RJ,60011,3304557,RIO DE JANEIRO,,,,,PARTIDO COMUNISTA BRASILEIRO,i,PCB,0,21,PCB,PARTIDO COMUNISTA BRASILEIRO,,21,280002551975,EDMILSON SILVA COSTA,EDMILSON COSTA,08/04/1950,10,Válido,nao,,1128,0.03,0.032489658,CLEUSA DOS SANTOS,CLEUSA SANTOS,PCB,v,,,,,04/10/2026 21:49:00,sim
1,04/10/2026,6257,Presidente,1,municipio,RJ,60011,3304557,RIO DE JANEIRO,,,,,PARTIDO SOCIALISTA  DOS TRABALHADORES UNIFICADO,i,PSTU,0,16,PSTU,PARTIDO SOCIALISTA  DOS TRABALHADORES UNIFICADO,,16,280002541457,HERTZ DA CONCEICAO DIAS,HERTZ DIAS,20/10/1970,8,Válido,nao,,1903,0.05,0.054811897,VANESSA PORTUGAL BARBOSA,VANESSA PORTUGAL,PSTU,v,,,,,04/10/2026 21:49:00,sim
1,04/10/2026,6257,Presidente,1,municipio,RJ,60011,3304557,RIO DE JANEIRO,,,,,BRASIL DOS NOSSOS SONHOS,c,AGIR / AVANTE,,70,AVANTE,AVANTE,,70,280002551547,AUGUSTO JORGE CURY,ESCRITOR AUGUSTO CURY,02/10/1958,3,Válido,nao,,90700,2.61,2.612421995,JULIO CESAR DELGADO,JÚLIO DELGADO,AVANTE,v,,,,,04/10/2026 21:49:00,sim
1,04/10/2026,6257,Presidente,1,municipio,RJ,60011,3304557,RIO DE JANEIRO,,,,,PARTIDO NOVO,i,NOVO,0,30,NOVO,PARTIDO NOVO,,30,280002539826,ROMEU ZEMA NETO,ZEMA,28/10/1964,6,Válido,nao,,10354,0.30,0.298225108,LUIS EDUARDO GRANGEIRO GIRÃO,EDUARDO GIRÃO,NOVO,v,,,,,04/10/2026 21:49:00,sim
1,04/10/2026,6257,Presidente,1,municipio,RJ,60011,3304557,RIO DE JANEIRO,,,,,UNIDADE POPULAR,i,UP,0,80,UP,UNIDADE POPULAR,,80,280002538811,SAMARA MARTINS DA SILVA FEITOSA,SAMARA,31/08/1987,7,Válido,nao,,6435,0.19,0.185346588,RAQUEL NONATO DE BRICIO,RAQUEL BRÍCIO,UP,v,,,,,04/10/2026 21:49:00,sim
1,04/10/2026,6257,Presidente,1,municipio,RJ,60011,3304557,RIO DE JANEIRO,,,,,DEMOCRATA,i,DEMOCRATA,0,35,DEMOCRATA,DEMOCRATA,,35,280002548139,WILSON GRASSI JUNIOR,VETERINÁRIO WILSON GRASSI,13/03/1970,11,Válido,nao,,893,0.03,0.025720980,SUÊD HAIDAR NOGUEIRA,SUÊD HAIDAR,DEMOCRATA,v,,,,,04/10/2026 21:49:00,sim
1,04/10/2026,6257,Presidente,1,municipio,RJ,60011,3304557,RIO DE JANEIRO,,,,,PARTIDO MISSÃO,i,MISSÃO,0,14,MISSÃO,PARTIDO MISSÃO,,14,280002540694,RENAN ANTONIO FERREIRA DOS SANTOS,RENAN SANTOS,14/02/1984,4,Válido,nao,,88676,2.55,2.554124948,AROLDO MEDINA,CORONEL MEDINA,MISSÃO,v,,,,,04/10/2026 21:49:00,sim
1,04/10/2026,6257,Presidente,1,municipio,RJ,60011,3304557,RIO DE JANEIRO,,,,,PARTIDO DA CAUSA OPERÁRIA,i,PCO,0,29,PCO,PARTIDO DA CAUSA OPERÁRIA,,29,280002552487,RUI COSTA PIMENTA,RUI COSTA PIMENTA,25/06/1957,12,Válido,nao,,945,0.03,0.027218730,ANTONIO CARLOS SILVA,ANTÔNIO CARLOS,PCO,v,,,,,04/10/2026 21:49:00,sim
