turno,data_eleicao,cd_eleicao,cargo,cd_cargo,nivel,uf,cd_municipio_tse,cd_municipio_ibge,municipio,zona,federacao_sigla,federacao_nome,federacao_composicao,agremiacao_nome,agremiacao_tipo,agremiacao_composicao,agremiacao_vagas,partido_numero,partido_sigla,partido_nome,partido_federacao,numero_urna,sq_candidato,nome_completo,nome_urna,data_nascimento,sequencial,situacao_candidatura,eleito,situacao_totalizacao,votos,pct_votos_validos,pct_votos_validos_preciso,vice_suplente_1_nome,vice_suplente_1_nome_urna,vice_suplente_1_partido,vice_suplente_1_tipo,vice_suplente_2_nome,vice_suplente_2_nome_urna,vice_suplente_2_partido,vice_suplente_2_tipo,gerado_em,oficial
1,04/10/2026,6257,Presidente,1,municipio,RN,16004,2414159,TENENTE LAURENTINO CRUZ,,,,,PARTIDO LIBERAL,i,PL,0,22,PL,PARTIDO LIBERAL,,22,280002551544,FLAVIO NANTES BOLSONARO,FLAVIO BOLSONARO,30/04/1981,1,Válido,nao,,1260,28.81,28.806584362,ALFREDO GASPAR DE MENDONÇA NETO,ALFREDO GASPAR,PL,v,,,,,04/10/2026 20:18:47,sim
1,04/10/2026,6257,Presidente,1,municipio,RN,16004,2414159,TENENTE LAURENTINO CRUZ,,,,,PARTIDO SOCIAL DEMOCRÁTICO,i,PSD,0,55,PSD,PARTIDO SOCIAL DEMOCRÁTICO,,55,280002551932,RONALDO RAMOS CAIADO,RONALDO CAIADO,25/09/1949,5,Válido,nao,,17,0.39,0.388660265,GILBERTO KASSAB,GILBERTO KASSAB,PSD,v,,,,,04/10/2026 20:18:47,sim
1,04/10/2026,6257,Presidente,1,municipio,RN,16004,2414159,TENENTE LAURENTINO CRUZ,,PT/PC do B/PV,FEDERAÇÃO BRASIL DA ESPERANÇA - FE BRASIL,PT/PC do B/PV,BRASIL PRONTO PRA MAIS,c,PSB / PDT / PCDOB / PT / PV / PSOL / REDE,,13,PT,PARTIDO DOS TRABALHADORES,101,13,280002542548,LUIZ INÁCIO LULA DA SILVA,LULA,06/10/1945,2,Válido,nao,,2896,66.21,66.209419296,GERALDO JOSE RODRIGUES ALCKMIN FILHO,GERALDO ALCKMIN,PSB,v,,,,,04/10/2026 20:18:47,sim
1,04/10/2026,6257,Presidente,1,municipio,RN,16004,2414159,TENENTE LAURENTINO CRUZ,,,,,DEMOCRACIA CRISTÃ,i,DC,0,27,DC,DEMOCRACIA CRISTÃ,,27,280002552484,CLARIANA ZACARKIM BARAO,CLARIANA BARAO,03/04/1987,9,Válido,nao,,0,0.00,0,FABIANA CRISTINA TAVARES TORQUATO,FABIANA TORQUATO,DC,v,,,,,04/10/2026 20:18:47,sim
1,04/10/2026,6257,Presidente,1,municipio,RN,16004,2414159,TENENTE LAURENTINO CRUZ,,,,,PARTIDO COMUNISTA BRASILEIRO,i,PCB,0,21,PCB,PARTIDO COMUNISTA BRASILEIRO,,21,280002551975,EDMILSON SILVA COSTA,EDMILSON COSTA,08/04/1950,10,Válido,nao,,0,0.00,0,CLEUSA DOS SANTOS,CLEUSA SANTOS,PCB,v,,,,,04/10/2026 20:18:47,sim
1,04/10/2026,6257,Presidente,1,municipio,RN,16004,2414159,TENENTE LAURENTINO CRUZ,,,,,PARTIDO SOCIALISTA  DOS TRABALHADORES UNIFICADO,i,PSTU,0,16,PSTU,PARTIDO SOCIALISTA  DOS TRABALHADORES UNIFICADO,,16,280002541457,HERTZ DA CONCEICAO DIAS,HERTZ DIAS,20/10/1970,8,Válido,nao,,0,0.00,0,VANESSA PORTUGAL BARBOSA,VANESSA PORTUGAL,PSTU,v,,,,,04/10/2026 20:18:47,sim
1,04/10/2026,6257,Presidente,1,municipio,RN,16004,2414159,TENENTE LAURENTINO CRUZ,,,,,BRASIL DOS NOSSOS SONHOS,c,AGIR / AVANTE,,70,AVANTE,AVANTE,,70,280002551547,AUGUSTO JORGE CURY,ESCRITOR AUGUSTO CURY,02/10/1958,3,Válido,nao,,133,3.04,3.040695016,JULIO CESAR DELGADO,JÚLIO DELGADO,AVANTE,v,,,,,04/10/2026 20:18:47,sim
1,04/10/2026,6257,Presidente,1,municipio,RN,16004,2414159,TENENTE LAURENTINO CRUZ,,,,,PARTIDO NOVO,i,NOVO,0,30,NOVO,PARTIDO NOVO,,30,280002539826,ROMEU ZEMA NETO,ZEMA,28/10/1964,6,Válido,nao,,1,0.02,0.022862369,LUIS EDUARDO GRANGEIRO GIRÃO,EDUARDO GIRÃO,NOVO,v,,,,,04/10/2026 20:18:47,sim
1,04/10/2026,6257,Presidente,1,municipio,RN,16004,2414159,TENENTE LAURENTINO CRUZ,,,,,UNIDADE POPULAR,i,UP,0,80,UP,UNIDADE POPULAR,,80,280002538811,SAMARA MARTINS DA SILVA FEITOSA,SAMARA,31/08/1987,7,Válido,nao,,0,0.00,0,RAQUEL NONATO DE BRICIO,RAQUEL BRÍCIO,UP,v,,,,,04/10/2026 20:18:47,sim
1,04/10/2026,6257,Presidente,1,municipio,RN,16004,2414159,TENENTE LAURENTINO CRUZ,,,,,DEMOCRATA,i,DEMOCRATA,0,35,DEMOCRATA,DEMOCRATA,,35,280002548139,WILSON GRASSI JUNIOR,VETERINÁRIO WILSON GRASSI,13/03/1970,11,Válido,nao,,0,0.00,0,SUÊD HAIDAR NOGUEIRA,SUÊD HAIDAR,DEMOCRATA,v,,,,,04/10/2026 20:18:47,sim
1,04/10/2026,6257,Presidente,1,municipio,RN,16004,2414159,TENENTE LAURENTINO CRUZ,,,,,PARTIDO MISSÃO,i,MISSÃO,0,14,MISSÃO,PARTIDO MISSÃO,,14,280002540694,RENAN ANTONIO FERREIRA DOS SANTOS,RENAN SANTOS,14/02/1984,4,Válido,nao,,66,1.51,1.508916324,AROLDO MEDINA,CORONEL MEDINA,MISSÃO,v,,,,,04/10/2026 20:18:47,sim
1,04/10/2026,6257,Presidente,1,municipio,RN,16004,2414159,TENENTE LAURENTINO CRUZ,,,,,PARTIDO DA CAUSA OPERÁRIA,i,PCO,0,29,PCO,PARTIDO DA CAUSA OPERÁRIA,,29,280002552487,RUI COSTA PIMENTA,RUI COSTA PIMENTA,25/06/1957,12,Válido,nao,,1,0.02,0.022862369,ANTONIO CARLOS SILVA,ANTÔNIO CARLOS,PCO,v,,,,,04/10/2026 20:18:47,sim
1,04/10/2026,6257,Presidente,1,municipio,RN,16012,2400109,ACARI,,,,,PARTIDO LIBERAL,i,PL,0,22,PL,PARTIDO LIBERAL,,22,280002551544,FLAVIO NANTES BOLSONARO,FLAVIO BOLSONARO,30/04/1981,1,Válido,nao,,2438,34.24,34.241573034,ALFREDO GASPAR DE MENDONÇA NETO,ALFREDO GASPAR,PL,v,,,,,04/10/2026 18:17:55,sim
1,04/10/2026,6257,Presidente,1,municipio,RN,16012,2400109,ACARI,,,,,PARTIDO SOCIAL DEMOCRÁTICO,i,PSD,0,55,PSD,PARTIDO SOCIAL DEMOCRÁTICO,,55,280002551932,RONALDO RAMOS CAIADO,RONALDO CAIADO,25/09/1949,4,Válido,nao,,72,1.01,1.011235955,GILBERTO KASSAB,GILBERTO KASSAB,PSD,v,,,,,04/10/2026 18:17:55,sim
1,04/10/2026,6257,Presidente,1,municipio,RN,16012,2400109,ACARI,,PT/PC do B/PV,FEDERAÇÃO BRASIL DA ESPERANÇA - FE BRASIL,PT/PC do B/PV,BRASIL PRONTO PRA MAIS,c,PSB / PDT / PCDOB / PT / PV / PSOL / REDE,,13,PT,PARTIDO DOS TRABALHADORES,101,13,280002542548,LUIZ INÁCIO LULA DA SILVA,LULA,06/10/1945,2,Válido,nao,,4256,59.78,59.775280899,GERALDO JOSE RODRIGUES ALCKMIN FILHO,GERALDO ALCKMIN,PSB,v,,,,,04/10/2026 18:17:55,sim
1,04/10/2026,6257,Presidente,1,municipio,RN,16012,2400109,ACARI,,,,,DEMOCRACIA CRISTÃ,i,DC,0,27,DC,DEMOCRACIA CRISTÃ,,27,280002552484,CLARIANA ZACARKIM BARAO,CLARIANA BARAO,03/04/1987,8,Válido,nao,,1,0.01,0.014044944,FABIANA CRISTINA TAVARES TORQUATO,FABIANA TORQUATO,DC,v,,,,,04/10/2026 18:17:55,sim
1,04/10/2026,6257,Presidente,1,municipio,RN,16012,2400109,ACARI,,,,,PARTIDO COMUNISTA BRASILEIRO,i,PCB,0,21,PCB,PARTIDO COMUNISTA BRASILEIRO,,21,280002551975,EDMILSON SILVA COSTA,EDMILSON COSTA,08/04/1950,10,Válido,nao,,2,0.03,0.028089888,CLEUSA DOS SANTOS,CLEUSA SANTOS,PCB,v,,,,,04/10/2026 18:17:55,sim
1,04/10/2026,6257,Presidente,1,municipio,RN,16012,2400109,ACARI,,,,,PARTIDO SOCIALISTA  DOS TRABALHADORES UNIFICADO,i,PSTU,0,16,PSTU,PARTIDO SOCIALISTA  DOS TRABALHADORES UNIFICADO,,16,280002541457,HERTZ DA CONCEICAO DIAS,HERTZ DIAS,20/10/1970,9,Válido,nao,,0,0.00,0,VANESSA PORTUGAL BARBOSA,VANESSA PORTUGAL,PSTU,v,,,,,04/10/2026 18:17:55,sim
1,04/10/2026,6257,Presidente,1,municipio,RN,16012,2400109,ACARI,,,,,BRASIL DOS NOSSOS SONHOS,c,AGIR / AVANTE,,70,AVANTE,AVANTE,,70,280002551547,AUGUSTO JORGE CURY,ESCRITOR AUGUSTO CURY,02/10/1958,3,Válido,nao,,212,2.98,2.977528090,JULIO CESAR DELGADO,JÚLIO DELGADO,AVANTE,v,,,,,04/10/2026 18:17:55,sim
1,04/10/2026,6257,Presidente,1,municipio,RN,16012,2400109,ACARI,,,,,PARTIDO NOVO,i,NOVO,0,30,NOVO,PARTIDO NOVO,,30,280002539826,ROMEU ZEMA NETO,ZEMA,28/10/1964,6,Válido,nao,,5,0.07,0.070224719,LUIS EDUARDO GRANGEIRO GIRÃO,EDUARDO GIRÃO,NOVO,v,,,,,04/10/2026 18:17:55,sim
1,04/10/2026,6257,Presidente,1,municipio,RN,16012,2400109,ACARI,,,,,UNIDADE POPULAR,i,UP,0,80,UP,UNIDADE POPULAR,,80,280002538811,SAMARA MARTINS DA SILVA FEITOSA,SAMARA,31/08/1987,7,Válido,nao,,5,0.07,0.070224719,RAQUEL NONATO DE BRICIO,RAQUEL BRÍCIO,UP,v,,,,,04/10/2026 18:17:55,sim
1,04/10/2026,6257,Presidente,1,municipio,RN,16012,2400109,ACARI,,,,,DEMOCRATA,i,DEMOCRATA,0,35,DEMOCRATA,DEMOCRATA,,35,280002548139,WILSON GRASSI JUNIOR,VETERINÁRIO WILSON GRASSI,13/03/1970,11,Válido,nao,,0,0.00,0,SUÊD HAIDAR NOGUEIRA,SUÊD HAIDAR,DEMOCRATA,v,,,,,04/10/2026 18:17:55,sim
1,04/10/2026,6257,Presidente,1,municipio,RN,16012,2400109,ACARI,,,,,PARTIDO MISSÃO,i,MISSÃO,0,14,MISSÃO,PARTIDO MISSÃO,,14,280002540694,RENAN ANTONIO FERREIRA DOS SANTOS,RENAN SANTOS,14/02/1984,5,Válido,nao,,129,1.81,1.811797753,AROLDO MEDINA,CORONEL MEDINA,MISSÃO,v,,,,,04/10/2026 18:17:55,sim
1,04/10/2026,6257,Presidente,1,municipio,RN,16012,2400109,ACARI,,,,,PARTIDO DA CAUSA OPERÁRIA,i,PCO,0,29,PCO,PARTIDO DA CAUSA OPERÁRIA,,29,280002552487,RUI COSTA PIMENTA,RUI COSTA PIMENTA,25/06/1957,12,Válido,nao,,0,0.00,0,ANTONIO CARLOS SILVA,ANTÔNIO CARLOS,PCO,v,,,,,04/10/2026 18:17:55,sim
1,04/10/2026,6257,Presidente,1,municipio,RN,16020,2413359,SERRA DO MEL,,,,,PARTIDO LIBERAL,i,PL,0,22,PL,PARTIDO LIBERAL,,22,280002551544,FLAVIO NANTES BOLSONARO,FLAVIO BOLSONARO,30/04/1981,1,Válido,nao,,4006,36.69,36.688341423,ALFREDO GASPAR DE MENDONÇA NETO,ALFREDO GASPAR,PL,v,,,,,04/10/2026 20:56:52,sim
1,04/10/2026,6257,Presidente,1,municipio,RN,16020,2413359,SERRA DO MEL,,,,,PARTIDO SOCIAL DEMOCRÁTICO,i,PSD,0,55,PSD,PARTIDO SOCIAL DEMOCRÁTICO,,55,280002551932,RONALDO RAMOS CAIADO,RONALDO CAIADO,25/09/1949,5,Válido,nao,,45,0.41,0.412125653,GILBERTO KASSAB,GILBERTO KASSAB,PSD,v,,,,,04/10/2026 20:56:52,sim
1,04/10/2026,6257,Presidente,1,municipio,RN,16020,2413359,SERRA DO MEL,,PT/PC do B/PV,FEDERAÇÃO BRASIL DA ESPERANÇA - FE BRASIL,PT/PC do B/PV,BRASIL PRONTO PRA MAIS,c,PSB / PDT / PCDOB / PT / PV / PSOL / REDE,,13,PT,PARTIDO DOS TRABALHADORES,101,13,280002542548,LUIZ INÁCIO LULA DA SILVA,LULA,06/10/1945,2,Válido,nao,,6263,57.36,57.358732485,GERALDO JOSE RODRIGUES ALCKMIN FILHO,GERALDO ALCKMIN,PSB,v,,,,,04/10/2026 20:56:52,sim
1,04/10/2026,6257,Presidente,1,municipio,RN,16020,2413359,SERRA DO MEL,,,,,DEMOCRACIA CRISTÃ,i,DC,0,27,DC,DEMOCRACIA CRISTÃ,,27,280002552484,CLARIANA ZACARKIM BARAO,CLARIANA BARAO,03/04/1987,9,Válido,nao,,0,0.00,0,FABIANA CRISTINA TAVARES TORQUATO,FABIANA TORQUATO,DC,v,,,,,04/10/2026 20:56:52,sim
1,04/10/2026,6257,Presidente,1,municipio,RN,16020,2413359,SERRA DO MEL,,,,,PARTIDO COMUNISTA BRASILEIRO,i,PCB,0,21,PCB,PARTIDO COMUNISTA BRASILEIRO,,21,280002551975,EDMILSON SILVA COSTA,EDMILSON COSTA,08/04/1950,10,Válido,nao,,0,0.00,0,CLEUSA DOS SANTOS,CLEUSA SANTOS,PCB,v,,,,,04/10/2026 20:56:52,sim
1,04/10/2026,6257,Presidente,1,municipio,RN,16020,2413359,SERRA DO MEL,,,,,PARTIDO SOCIALISTA  DOS TRABALHADORES UNIFICADO,i,PSTU,0,16,PSTU,PARTIDO SOCIALISTA  DOS TRABALHADORES UNIFICADO,,16,280002541457,HERTZ DA CONCEICAO DIAS,HERTZ DIAS,20/10/1970,8,Válido,nao,,2,0.02,0.018316696,VANESSA PORTUGAL BARBOSA,VANESSA PORTUGAL,PSTU,v,,,,,04/10/2026 20:56:52,sim
1,04/10/2026,6257,Presidente,1,municipio,RN,16020,2413359,SERRA DO MEL,,,,,BRASIL DOS NOSSOS SONHOS,c,AGIR / AVANTE,,70,AVANTE,AVANTE,,70,280002551547,AUGUSTO JORGE CURY,ESCRITOR AUGUSTO CURY,02/10/1958,3,Válido,nao,,345,3.16,3.159630003,JULIO CESAR DELGADO,JÚLIO DELGADO,AVANTE,v,,,,,04/10/2026 20:56:52,sim
1,04/10/2026,6257,Presidente,1,municipio,RN,16020,2413359,SERRA DO MEL,,,,,PARTIDO NOVO,i,NOVO,0,30,NOVO,PARTIDO NOVO,,30,280002539826,ROMEU ZEMA NETO,ZEMA,28/10/1964,6,Válido,nao,,6,0.05,0.054950087,LUIS EDUARDO GRANGEIRO GIRÃO,EDUARDO GIRÃO,NOVO,v,,,,,04/10/2026 20:56:52,sim
1,04/10/2026,6257,Presidente,1,municipio,RN,16020,2413359,SERRA DO MEL,,,,,UNIDADE POPULAR,i,UP,0,80,UP,UNIDADE POPULAR,,80,280002538811,SAMARA MARTINS DA SILVA FEITOSA,SAMARA,31/08/1987,7,Válido,nao,,2,0.02,0.018316696,RAQUEL NONATO DE BRICIO,RAQUEL BRÍCIO,UP,v,,,,,04/10/2026 20:56:52,sim
1,04/10/2026,6257,Presidente,1,municipio,RN,16020,2413359,SERRA DO MEL,,,,,DEMOCRATA,i,DEMOCRATA,0,35,DEMOCRATA,DEMOCRATA,,35,280002548139,WILSON GRASSI JUNIOR,VETERINÁRIO WILSON GRASSI,13/03/1970,11,Válido,nao,,2,0.02,0.018316696,SUÊD HAIDAR NOGUEIRA,SUÊD HAIDAR,DEMOCRATA,v,,,,,04/10/2026 20:56:52,sim
1,04/10/2026,6257,Presidente,1,municipio,RN,16020,2413359,SERRA DO MEL,,,,,PARTIDO MISSÃO,i,MISSÃO,0,14,MISSÃO,PARTIDO MISSÃO,,14,280002540694,RENAN ANTONIO FERREIRA DOS SANTOS,RENAN SANTOS,14/02/1984,4,Válido,nao,,248,2.27,2.271270263,AROLDO MEDINA,CORONEL MEDINA,MISSÃO,v,,,,,04/10/2026 20:56:52,sim
1,04/10/2026,6257,Presidente,1,municipio,RN,16020,2413359,SERRA DO MEL,,,,,PARTIDO DA CAUSA OPERÁRIA,i,PCO,0,29,PCO,PARTIDO DA CAUSA OPERÁRIA,,29,280002552487,RUI COSTA PIMENTA,RUI COSTA PIMENTA,25/06/1957,12,Válido,nao,,0,0.00,0,ANTONIO CARLOS SILVA,ANTÔNIO CARLOS,PCO,v,,,,,04/10/2026 20:56:52,sim
1,04/10/2026,6257,Presidente,1,municipio,RN,16039,2400208,ASSÚ,,,,,PARTIDO LIBERAL,i,PL,0,22,PL,PARTIDO LIBERAL,,22,280002551544,FLAVIO NANTES BOLSONARO,FLAVIO BOLSONARO,30/04/1981,1,Válido,nao,,9376,26.53,26.531593990,ALFREDO GASPAR DE MENDONÇA NETO,ALFREDO GASPAR,PL,v,,,,,04/10/2026 22:03:10,sim
1,04/10/2026,6257,Presidente,1,municipio,RN,16039,2400208,ASSÚ,,,,,PARTIDO SOCIAL DEMOCRÁTICO,i,PSD,0,55,PSD,PARTIDO SOCIAL DEMOCRÁTICO,,55,280002551932,RONALDO RAMOS CAIADO,RONALDO CAIADO,25/09/1949,5,Válido,nao,,224,0.63,0.633860607,GILBERTO KASSAB,GILBERTO KASSAB,PSD,v,,,,,04/10/2026 22:03:10,sim
1,04/10/2026,6257,Presidente,1,municipio,RN,16039,2400208,ASSÚ,,PT/PC do B/PV,FEDERAÇÃO BRASIL DA ESPERANÇA - FE BRASIL,PT/PC do B/PV,BRASIL PRONTO PRA MAIS,c,PSB / PDT / PCDOB / PT / PV / PSOL / REDE,,13,PT,PARTIDO DOS TRABALHADORES,101,13,280002542548,LUIZ INÁCIO LULA DA SILVA,LULA,06/10/1945,2,Válido,nao,,24169,68.39,68.391861683,GERALDO JOSE RODRIGUES ALCKMIN FILHO,GERALDO ALCKMIN,PSB,v,,,,,04/10/2026 22:03:10,sim
1,04/10/2026,6257,Presidente,1,municipio,RN,16039,2400208,ASSÚ,,,,,DEMOCRACIA CRISTÃ,i,DC,0,27,DC,DEMOCRACIA CRISTÃ,,27,280002552484,CLARIANA ZACARKIM BARAO,CLARIANA BARAO,03/04/1987,9,Válido,nao,,4,0.01,0.011318939,FABIANA CRISTINA TAVARES TORQUATO,FABIANA TORQUATO,DC,v,,,,,04/10/2026 22:03:10,sim
1,04/10/2026,6257,Presidente,1,municipio,RN,16039,2400208,ASSÚ,,,,,PARTIDO COMUNISTA BRASILEIRO,i,PCB,0,21,PCB,PARTIDO COMUNISTA BRASILEIRO,,21,280002551975,EDMILSON SILVA COSTA,EDMILSON COSTA,08/04/1950,10,Válido,nao,,5,0.01,0.014148674,CLEUSA DOS SANTOS,CLEUSA SANTOS,PCB,v,,,,,04/10/2026 22:03:10,sim
1,04/10/2026,6257,Presidente,1,municipio,RN,16039,2400208,ASSÚ,,,,,PARTIDO SOCIALISTA  DOS TRABALHADORES UNIFICADO,i,PSTU,0,16,PSTU,PARTIDO SOCIALISTA  DOS TRABALHADORES UNIFICADO,,16,280002541457,HERTZ DA CONCEICAO DIAS,HERTZ DIAS,20/10/1970,8,Válido,nao,,14,0.04,0.039616288,VANESSA PORTUGAL BARBOSA,VANESSA PORTUGAL,PSTU,v,,,,,04/10/2026 22:03:10,sim
1,04/10/2026,6257,Presidente,1,municipio,RN,16039,2400208,ASSÚ,,,,,BRASIL DOS NOSSOS SONHOS,c,AGIR / AVANTE,,70,AVANTE,AVANTE,,70,280002551547,AUGUSTO JORGE CURY,ESCRITOR AUGUSTO CURY,02/10/1958,3,Válido,nao,,889,2.52,2.515634285,JULIO CESAR DELGADO,JÚLIO DELGADO,AVANTE,v,,,,,04/10/2026 22:03:10,sim
1,04/10/2026,6257,Presidente,1,municipio,RN,16039,2400208,ASSÚ,,,,,PARTIDO NOVO,i,NOVO,0,30,NOVO,PARTIDO NOVO,,30,280002539826,ROMEU ZEMA NETO,ZEMA,28/10/1964,6,Válido,nao,,14,0.04,0.039616288,LUIS EDUARDO GRANGEIRO GIRÃO,EDUARDO GIRÃO,NOVO,v,,,,,04/10/2026 22:03:10,sim
1,04/10/2026,6257,Presidente,1,municipio,RN,16039,2400208,ASSÚ,,,,,UNIDADE POPULAR,i,UP,0,80,UP,UNIDADE POPULAR,,80,280002538811,SAMARA MARTINS DA SILVA FEITOSA,SAMARA,31/08/1987,7,Válido,nao,,9,0.03,0.025467614,RAQUEL NONATO DE BRICIO,RAQUEL BRÍCIO,UP,v,,,,,04/10/2026 22:03:10,sim
1,04/10/2026,6257,Presidente,1,municipio,RN,16039,2400208,ASSÚ,,,,,DEMOCRATA,i,DEMOCRATA,0,35,DEMOCRATA,DEMOCRATA,,35,280002548139,WILSON GRASSI JUNIOR,VETERINÁRIO WILSON GRASSI,13/03/1970,11,Válido,nao,,3,0.01,0.008489205,SUÊD HAIDAR NOGUEIRA,SUÊD HAIDAR,DEMOCRATA,v,,,,,04/10/2026 22:03:10,sim
1,04/10/2026,6257,Presidente,1,municipio,RN,16039,2400208,ASSÚ,,,,,PARTIDO MISSÃO,i,MISSÃO,0,14,MISSÃO,PARTIDO MISSÃO,,14,280002540694,RENAN ANTONIO FERREIRA DOS SANTOS,RENAN SANTOS,14/02/1984,4,Válido,nao,,628,1.78,1.777073488,AROLDO MEDINA,CORONEL MEDINA,MISSÃO,v,,,,,04/10/2026 22:03:10,sim
1,04/10/2026,6257,Presidente,1,municipio,RN,16039,2400208,ASSÚ,,,,,PARTIDO DA CAUSA OPERÁRIA,i,PCO,0,29,PCO,PARTIDO DA CAUSA OPERÁRIA,,29,280002552487,RUI COSTA PIMENTA,RUI COSTA PIMENTA,25/06/1957,12,Válido,nao,,4,0.01,0.011318939,ANTONIO CARLOS SILVA,ANTÔNIO CARLOS,PCO,v,,,,,04/10/2026 22:03:10,sim
1,04/10/2026,6257,Presidente,1,municipio,RN,16047,2401859,CAIÇARA DO NORTE,,,,,PARTIDO LIBERAL,i,PL,0,22,PL,PARTIDO LIBERAL,,22,280002551544,FLAVIO NANTES BOLSONARO,FLAVIO BOLSONARO,30/04/1981,1,Válido,nao,,1470,34.87,34.867172676,ALFREDO GASPAR DE MENDONÇA NETO,ALFREDO GASPAR,PL,v,,,,,04/10/2026 19:09:25,sim
1,04/10/2026,6257,Presidente,1,municipio,RN,16047,2401859,CAIÇARA DO NORTE,,,,,PARTIDO SOCIAL DEMOCRÁTICO,i,PSD,0,55,PSD,PARTIDO SOCIAL DEMOCRÁTICO,,55,280002551932,RONALDO RAMOS CAIADO,RONALDO CAIADO,25/09/1949,5,Válido,nao,,19,0.45,0.450664137,GILBERTO KASSAB,GILBERTO KASSAB,PSD,v,,,,,04/10/2026 19:09:25,sim
1,04/10/2026,6257,Presidente,1,municipio,RN,16047,2401859,CAIÇARA DO NORTE,,PT/PC do B/PV,FEDERAÇÃO BRASIL DA ESPERANÇA - FE BRASIL,PT/PC do B/PV,BRASIL PRONTO PRA MAIS,c,PSB / PDT / PCDOB / PT / PV / PSOL / REDE,,13,PT,PARTIDO DOS TRABALHADORES,101,13,280002542548,LUIZ INÁCIO LULA DA SILVA,LULA,06/10/1945,2,Válido,nao,,2536,60.15,60.151802657,GERALDO JOSE RODRIGUES ALCKMIN FILHO,GERALDO ALCKMIN,PSB,v,,,,,04/10/2026 19:09:25,sim
1,04/10/2026,6257,Presidente,1,municipio,RN,16047,2401859,CAIÇARA DO NORTE,,,,,DEMOCRACIA CRISTÃ,i,DC,0,27,DC,DEMOCRACIA CRISTÃ,,27,280002552484,CLARIANA ZACARKIM BARAO,CLARIANA BARAO,03/04/1987,9,Válido,nao,,0,0.00,0,FABIANA CRISTINA TAVARES TORQUATO,FABIANA TORQUATO,DC,v,,,,,04/10/2026 19:09:25,sim
1,04/10/2026,6257,Presidente,1,municipio,RN,16047,2401859,CAIÇARA DO NORTE,,,,,PARTIDO COMUNISTA BRASILEIRO,i,PCB,0,21,PCB,PARTIDO COMUNISTA BRASILEIRO,,21,280002551975,EDMILSON SILVA COSTA,EDMILSON COSTA,08/04/1950,10,Válido,nao,,1,0.02,0.023719165,CLEUSA DOS SANTOS,CLEUSA SANTOS,PCB,v,,,,,04/10/2026 19:09:25,sim
1,04/10/2026,6257,Presidente,1,municipio,RN,16047,2401859,CAIÇARA DO NORTE,,,,,PARTIDO SOCIALISTA  DOS TRABALHADORES UNIFICADO,i,PSTU,0,16,PSTU,PARTIDO SOCIALISTA  DOS TRABALHADORES UNIFICADO,,16,280002541457,HERTZ DA CONCEICAO DIAS,HERTZ DIAS,20/10/1970,8,Válido,nao,,1,0.02,0.023719165,VANESSA PORTUGAL BARBOSA,VANESSA PORTUGAL,PSTU,v,,,,,04/10/2026 19:09:25,sim
1,04/10/2026,6257,Presidente,1,municipio,RN,16047,2401859,CAIÇARA DO NORTE,,,,,BRASIL DOS NOSSOS SONHOS,c,AGIR / AVANTE,,70,AVANTE,AVANTE,,70,280002551547,AUGUSTO JORGE CURY,ESCRITOR AUGUSTO CURY,02/10/1958,3,Válido,nao,,112,2.66,2.656546490,JULIO CESAR DELGADO,JÚLIO DELGADO,AVANTE,v,,,,,04/10/2026 19:09:25,sim
1,04/10/2026,6257,Presidente,1,municipio,RN,16047,2401859,CAIÇARA DO NORTE,,,,,PARTIDO NOVO,i,NOVO,0,30,NOVO,PARTIDO NOVO,,30,280002539826,ROMEU ZEMA NETO,ZEMA,28/10/1964,6,Válido,nao,,0,0.00,0,LUIS EDUARDO GRANGEIRO GIRÃO,EDUARDO GIRÃO,NOVO,v,,,,,04/10/2026 19:09:25,sim
1,04/10/2026,6257,Presidente,1,municipio,RN,16047,2401859,CAIÇARA DO NORTE,,,,,UNIDADE POPULAR,i,UP,0,80,UP,UNIDADE POPULAR,,80,280002538811,SAMARA MARTINS DA SILVA FEITOSA,SAMARA,31/08/1987,7,Válido,nao,,1,0.02,0.023719165,RAQUEL NONATO DE BRICIO,RAQUEL BRÍCIO,UP,v,,,,,04/10/2026 19:09:25,sim
1,04/10/2026,6257,Presidente,1,municipio,RN,16047,2401859,CAIÇARA DO NORTE,,,,,DEMOCRATA,i,DEMOCRATA,0,35,DEMOCRATA,DEMOCRATA,,35,280002548139,WILSON GRASSI JUNIOR,VETERINÁRIO WILSON GRASSI,13/03/1970,11,Válido,nao,,1,0.02,0.023719165,SUÊD HAIDAR NOGUEIRA,SUÊD HAIDAR,DEMOCRATA,v,,,,,04/10/2026 19:09:25,sim
1,04/10/2026,6257,Presidente,1,municipio,RN,16047,2401859,CAIÇARA DO NORTE,,,,,PARTIDO MISSÃO,i,MISSÃO,0,14,MISSÃO,PARTIDO MISSÃO,,14,280002540694,RENAN ANTONIO FERREIRA DOS SANTOS,RENAN SANTOS,14/02/1984,4,Válido,nao,,75,1.78,1.778937381,AROLDO MEDINA,CORONEL MEDINA,MISSÃO,v,,,,,04/10/2026 19:09:25,sim
1,04/10/2026,6257,Presidente,1,municipio,RN,16047,2401859,CAIÇARA DO NORTE,,,,,PARTIDO DA CAUSA OPERÁRIA,i,PCO,0,29,PCO,PARTIDO DA CAUSA OPERÁRIA,,29,280002552487,RUI COSTA PIMENTA,RUI COSTA PIMENTA,25/06/1957,12,Válido,nao,,0,0.00,0,ANTONIO CARLOS SILVA,ANTÔNIO CARLOS,PCO,v,,,,,04/10/2026 19:09:25,sim
1,04/10/2026,6257,Presidente,1,municipio,RN,16055,2400307,AFONSO BEZERRA,,,,,PARTIDO LIBERAL,i,PL,0,22,PL,PARTIDO LIBERAL,,22,280002551544,FLAVIO NANTES BOLSONARO,FLAVIO BOLSONARO,30/04/1981,1,Válido,nao,,2322,28.58,28.578461538,ALFREDO GASPAR DE MENDONÇA NETO,ALFREDO GASPAR,PL,v,,,,,04/10/2026 20:58:32,sim
1,04/10/2026,6257,Presidente,1,municipio,RN,16055,2400307,AFONSO BEZERRA,,,,,PARTIDO SOCIAL DEMOCRÁTICO,i,PSD,0,55,PSD,PARTIDO SOCIAL DEMOCRÁTICO,,55,280002551932,RONALDO RAMOS CAIADO,RONALDO CAIADO,25/09/1949,5,Válido,nao,,45,0.55,0.553846154,GILBERTO KASSAB,GILBERTO KASSAB,PSD,v,,,,,04/10/2026 20:58:32,sim
1,04/10/2026,6257,Presidente,1,municipio,RN,16055,2400307,AFONSO BEZERRA,,PT/PC do B/PV,FEDERAÇÃO BRASIL DA ESPERANÇA - FE BRASIL,PT/PC do B/PV,BRASIL PRONTO PRA MAIS,c,PSB / PDT / PCDOB / PT / PV / PSOL / REDE,,13,PT,PARTIDO DOS TRABALHADORES,101,13,280002542548,LUIZ INÁCIO LULA DA SILVA,LULA,06/10/1945,2,Válido,nao,,5434,66.88,66.880000000,GERALDO JOSE RODRIGUES ALCKMIN FILHO,GERALDO ALCKMIN,PSB,v,,,,,04/10/2026 20:58:32,sim
1,04/10/2026,6257,Presidente,1,municipio,RN,16055,2400307,AFONSO BEZERRA,,,,,DEMOCRACIA CRISTÃ,i,DC,0,27,DC,DEMOCRACIA CRISTÃ,,27,280002552484,CLARIANA ZACARKIM BARAO,CLARIANA BARAO,03/04/1987,9,Válido,nao,,1,0.01,0.012307692,FABIANA CRISTINA TAVARES TORQUATO,FABIANA TORQUATO,DC,v,,,,,04/10/2026 20:58:32,sim
1,04/10/2026,6257,Presidente,1,municipio,RN,16055,2400307,AFONSO BEZERRA,,,,,PARTIDO COMUNISTA BRASILEIRO,i,PCB,0,21,PCB,PARTIDO COMUNISTA BRASILEIRO,,21,280002551975,EDMILSON SILVA COSTA,EDMILSON COSTA,08/04/1950,10,Válido,nao,,0,0.00,0,CLEUSA DOS SANTOS,CLEUSA SANTOS,PCB,v,,,,,04/10/2026 20:58:32,sim
1,04/10/2026,6257,Presidente,1,municipio,RN,16055,2400307,AFONSO BEZERRA,,,,,PARTIDO SOCIALISTA  DOS TRABALHADORES UNIFICADO,i,PSTU,0,16,PSTU,PARTIDO SOCIALISTA  DOS TRABALHADORES UNIFICADO,,16,280002541457,HERTZ DA CONCEICAO DIAS,HERTZ DIAS,20/10/1970,8,Válido,nao,,0,0.00,0,VANESSA PORTUGAL BARBOSA,VANESSA PORTUGAL,PSTU,v,,,,,04/10/2026 20:58:32,sim
1,04/10/2026,6257,Presidente,1,municipio,RN,16055,2400307,AFONSO BEZERRA,,,,,BRASIL DOS NOSSOS SONHOS,c,AGIR / AVANTE,,70,AVANTE,AVANTE,,70,280002551547,AUGUSTO JORGE CURY,ESCRITOR AUGUSTO CURY,02/10/1958,3,Válido,nao,,202,2.49,2.486153846,JULIO CESAR DELGADO,JÚLIO DELGADO,AVANTE,v,,,,,04/10/2026 20:58:32,sim
1,04/10/2026,6257,Presidente,1,municipio,RN,16055,2400307,AFONSO BEZERRA,,,,,PARTIDO NOVO,i,NOVO,0,30,NOVO,PARTIDO NOVO,,30,280002539826,ROMEU ZEMA NETO,ZEMA,28/10/1964,6,Válido,nao,,5,0.06,0.061538462,LUIS EDUARDO GRANGEIRO GIRÃO,EDUARDO GIRÃO,NOVO,v,,,,,04/10/2026 20:58:32,sim
1,04/10/2026,6257,Presidente,1,municipio,RN,16055,2400307,AFONSO BEZERRA,,,,,UNIDADE POPULAR,i,UP,0,80,UP,UNIDADE POPULAR,,80,280002538811,SAMARA MARTINS DA SILVA FEITOSA,SAMARA,31/08/1987,7,Válido,nao,,1,0.01,0.012307692,RAQUEL NONATO DE BRICIO,RAQUEL BRÍCIO,UP,v,,,,,04/10/2026 20:58:32,sim
1,04/10/2026,6257,Presidente,1,municipio,RN,16055,2400307,AFONSO BEZERRA,,,,,DEMOCRATA,i,DEMOCRATA,0,35,DEMOCRATA,DEMOCRATA,,35,280002548139,WILSON GRASSI JUNIOR,VETERINÁRIO WILSON GRASSI,13/03/1970,11,Válido,nao,,0,0.00,0,SUÊD HAIDAR NOGUEIRA,SUÊD HAIDAR,DEMOCRATA,v,,,,,04/10/2026 20:58:32,sim
1,04/10/2026,6257,Presidente,1,municipio,RN,16055,2400307,AFONSO BEZERRA,,,,,PARTIDO MISSÃO,i,MISSÃO,0,14,MISSÃO,PARTIDO MISSÃO,,14,280002540694,RENAN ANTONIO FERREIRA DOS SANTOS,RENAN SANTOS,14/02/1984,4,Válido,nao,,115,1.42,1.415384615,AROLDO MEDINA,CORONEL MEDINA,MISSÃO,v,,,,,04/10/2026 20:58:32,sim
1,04/10/2026,6257,Presidente,1,municipio,RN,16055,2400307,AFONSO BEZERRA,,,,,PARTIDO DA CAUSA OPERÁRIA,i,PCO,0,29,PCO,PARTIDO DA CAUSA OPERÁRIA,,29,280002552487,RUI COSTA PIMENTA,RUI COSTA PIMENTA,25/06/1957,12,Válido,nao,,0,0.00,0,ANTONIO CARLOS SILVA,ANTÔNIO CARLOS,PCO,v,,,,,04/10/2026 20:58:32,sim
1,04/10/2026,6257,Presidente,1,municipio,RN,16063,2412559,SÃO MIGUEL DO GOSTOSO,,,,,PARTIDO LIBERAL,i,PL,0,22,PL,PARTIDO LIBERAL,,22,280002551544,FLAVIO NANTES BOLSONARO,FLAVIO BOLSONARO,30/04/1981,1,Válido,nao,,2645,34.62,34.624950910,ALFREDO GASPAR DE MENDONÇA NETO,ALFREDO GASPAR,PL,v,,,,,04/10/2026 21:01:52,sim
1,04/10/2026,6257,Presidente,1,municipio,RN,16063,2412559,SÃO MIGUEL DO GOSTOSO,,,,,PARTIDO SOCIAL DEMOCRÁTICO,i,PSD,0,55,PSD,PARTIDO SOCIAL DEMOCRÁTICO,,55,280002551932,RONALDO RAMOS CAIADO,RONALDO CAIADO,25/09/1949,5,Válido,nao,,37,0.48,0.484356591,GILBERTO KASSAB,GILBERTO KASSAB,PSD,v,,,,,04/10/2026 21:01:52,sim
1,04/10/2026,6257,Presidente,1,municipio,RN,16063,2412559,SÃO MIGUEL DO GOSTOSO,,PT/PC do B/PV,FEDERAÇÃO BRASIL DA ESPERANÇA - FE BRASIL,PT/PC do B/PV,BRASIL PRONTO PRA MAIS,c,PSB / PDT / PCDOB / PT / PV / PSOL / REDE,,13,PT,PARTIDO DOS TRABALHADORES,101,13,280002542548,LUIZ INÁCIO LULA DA SILVA,LULA,06/10/1945,2,Válido,nao,,4631,60.62,60.623118209,GERALDO JOSE RODRIGUES ALCKMIN FILHO,GERALDO ALCKMIN,PSB,v,,,,,04/10/2026 21:01:52,sim
1,04/10/2026,6257,Presidente,1,municipio,RN,16063,2412559,SÃO MIGUEL DO GOSTOSO,,,,,DEMOCRACIA CRISTÃ,i,DC,0,27,DC,DEMOCRACIA CRISTÃ,,27,280002552484,CLARIANA ZACARKIM BARAO,CLARIANA BARAO,03/04/1987,9,Válido,nao,,1,0.01,0.013090719,FABIANA CRISTINA TAVARES TORQUATO,FABIANA TORQUATO,DC,v,,,,,04/10/2026 21:01:52,sim
1,04/10/2026,6257,Presidente,1,municipio,RN,16063,2412559,SÃO MIGUEL DO GOSTOSO,,,,,PARTIDO COMUNISTA BRASILEIRO,i,PCB,0,21,PCB,PARTIDO COMUNISTA BRASILEIRO,,21,280002551975,EDMILSON SILVA COSTA,EDMILSON COSTA,08/04/1950,10,Válido,nao,,2,0.03,0.026181437,CLEUSA DOS SANTOS,CLEUSA SANTOS,PCB,v,,,,,04/10/2026 21:01:52,sim
1,04/10/2026,6257,Presidente,1,municipio,RN,16063,2412559,SÃO MIGUEL DO GOSTOSO,,,,,PARTIDO SOCIALISTA  DOS TRABALHADORES UNIFICADO,i,PSTU,0,16,PSTU,PARTIDO SOCIALISTA  DOS TRABALHADORES UNIFICADO,,16,280002541457,HERTZ DA CONCEICAO DIAS,HERTZ DIAS,20/10/1970,8,Válido,nao,,0,0.00,0,VANESSA PORTUGAL BARBOSA,VANESSA PORTUGAL,PSTU,v,,,,,04/10/2026 21:01:52,sim
1,04/10/2026,6257,Presidente,1,municipio,RN,16063,2412559,SÃO MIGUEL DO GOSTOSO,,,,,BRASIL DOS NOSSOS SONHOS,c,AGIR / AVANTE,,70,AVANTE,AVANTE,,70,280002551547,AUGUSTO JORGE CURY,ESCRITOR AUGUSTO CURY,02/10/1958,3,Válido,nao,,229,3.00,2.997774578,JULIO CESAR DELGADO,JÚLIO DELGADO,AVANTE,v,,,,,04/10/2026 21:01:52,sim
1,04/10/2026,6257,Presidente,1,municipio,RN,16063,2412559,SÃO MIGUEL DO GOSTOSO,,,,,PARTIDO NOVO,i,NOVO,0,30,NOVO,PARTIDO NOVO,,30,280002539826,ROMEU ZEMA NETO,ZEMA,28/10/1964,6,Válido,nao,,15,0.20,0.196360780,LUIS EDUARDO GRANGEIRO GIRÃO,EDUARDO GIRÃO,NOVO,v,,,,,04/10/2026 21:01:52,sim
1,04/10/2026,6257,Presidente,1,municipio,RN,16063,2412559,SÃO MIGUEL DO GOSTOSO,,,,,UNIDADE POPULAR,i,UP,0,80,UP,UNIDADE POPULAR,,80,280002538811,SAMARA MARTINS DA SILVA FEITOSA,SAMARA,31/08/1987,7,Válido,nao,,2,0.03,0.026181437,RAQUEL NONATO DE BRICIO,RAQUEL BRÍCIO,UP,v,,,,,04/10/2026 21:01:52,sim
1,04/10/2026,6257,Presidente,1,municipio,RN,16063,2412559,SÃO MIGUEL DO GOSTOSO,,,,,DEMOCRATA,i,DEMOCRATA,0,35,DEMOCRATA,DEMOCRATA,,35,280002548139,WILSON GRASSI JUNIOR,VETERINÁRIO WILSON GRASSI,13/03/1970,11,Válido,nao,,0,0.00,0,SUÊD HAIDAR NOGUEIRA,SUÊD HAIDAR,DEMOCRATA,v,,,,,04/10/2026 21:01:52,sim
1,04/10/2026,6257,Presidente,1,municipio,RN,16063,2412559,SÃO MIGUEL DO GOSTOSO,,,,,PARTIDO MISSÃO,i,MISSÃO,0,14,MISSÃO,PARTIDO MISSÃO,,14,280002540694,RENAN ANTONIO FERREIRA DOS SANTOS,RENAN SANTOS,14/02/1984,4,Válido,nao,,76,0.99,0.994894620,AROLDO MEDINA,CORONEL MEDINA,MISSÃO,v,,,,,04/10/2026 21:01:52,sim
1,04/10/2026,6257,Presidente,1,municipio,RN,16063,2412559,SÃO MIGUEL DO GOSTOSO,,,,,PARTIDO DA CAUSA OPERÁRIA,i,PCO,0,29,PCO,PARTIDO DA CAUSA OPERÁRIA,,29,280002552487,RUI COSTA PIMENTA,RUI COSTA PIMENTA,25/06/1957,12,Válido,nao,,1,0.01,0.013090719,ANTONIO CARLOS SILVA,ANTÔNIO CARLOS,PCO,v,,,,,04/10/2026 21:01:52,sim
1,04/10/2026,6257,Presidente,1,municipio,RN,16071,2400406,ÁGUA NOVA,,,,,PARTIDO LIBERAL,i,PL,0,22,PL,PARTIDO LIBERAL,,22,280002551544,FLAVIO NANTES BOLSONARO,FLAVIO BOLSONARO,30/04/1981,1,Válido,nao,,408,16.99,16.992919617,ALFREDO GASPAR DE MENDONÇA NETO,ALFREDO GASPAR,PL,v,,,,,04/10/2026 18:28:22,sim
1,04/10/2026,6257,Presidente,1,municipio,RN,16071,2400406,ÁGUA NOVA,,,,,PARTIDO SOCIAL DEMOCRÁTICO,i,PSD,0,55,PSD,PARTIDO SOCIAL DEMOCRÁTICO,,55,280002551932,RONALDO RAMOS CAIADO,RONALDO CAIADO,25/09/1949,4,Válido,nao,,19,0.79,0.791336943,GILBERTO KASSAB,GILBERTO KASSAB,PSD,v,,,,,04/10/2026 18:28:22,sim
1,04/10/2026,6257,Presidente,1,municipio,RN,16071,2400406,ÁGUA NOVA,,PT/PC do B/PV,FEDERAÇÃO BRASIL DA ESPERANÇA - FE BRASIL,PT/PC do B/PV,BRASIL PRONTO PRA MAIS,c,PSB / PDT / PCDOB / PT / PV / PSOL / REDE,,13,PT,PARTIDO DOS TRABALHADORES,101,13,280002542548,LUIZ INÁCIO LULA DA SILVA,LULA,06/10/1945,2,Válido,nao,,1870,77.88,77.884214910,GERALDO JOSE RODRIGUES ALCKMIN FILHO,GERALDO ALCKMIN,PSB,v,,,,,04/10/2026 18:28:22,sim
1,04/10/2026,6257,Presidente,1,municipio,RN,16071,2400406,ÁGUA NOVA,,,,,DEMOCRACIA CRISTÃ,i,DC,0,27,DC,DEMOCRACIA CRISTÃ,,27,280002552484,CLARIANA ZACARKIM BARAO,CLARIANA BARAO,03/04/1987,8,Válido,nao,,0,0.00,0,FABIANA CRISTINA TAVARES TORQUATO,FABIANA TORQUATO,DC,v,,,,,04/10/2026 18:28:22,sim
1,04/10/2026,6257,Presidente,1,municipio,RN,16071,2400406,ÁGUA NOVA,,,,,PARTIDO COMUNISTA BRASILEIRO,i,PCB,0,21,PCB,PARTIDO COMUNISTA BRASILEIRO,,21,280002551975,EDMILSON SILVA COSTA,EDMILSON COSTA,08/04/1950,10,Válido,nao,,0,0.00,0,CLEUSA DOS SANTOS,CLEUSA SANTOS,PCB,v,,,,,04/10/2026 18:28:22,sim
1,04/10/2026,6257,Presidente,1,municipio,RN,16071,2400406,ÁGUA NOVA,,,,,PARTIDO SOCIALISTA  DOS TRABALHADORES UNIFICADO,i,PSTU,0,16,PSTU,PARTIDO SOCIALISTA  DOS TRABALHADORES UNIFICADO,,16,280002541457,HERTZ DA CONCEICAO DIAS,HERTZ DIAS,20/10/1970,9,Válido,nao,,0,0.00,0,VANESSA PORTUGAL BARBOSA,VANESSA PORTUGAL,PSTU,v,,,,,04/10/2026 18:28:22,sim
1,04/10/2026,6257,Presidente,1,municipio,RN,16071,2400406,ÁGUA NOVA,,,,,BRASIL DOS NOSSOS SONHOS,c,AGIR / AVANTE,,70,AVANTE,AVANTE,,70,280002551547,AUGUSTO JORGE CURY,ESCRITOR AUGUSTO CURY,02/10/1958,3,Válido,nao,,60,2.50,2.498958767,JULIO CESAR DELGADO,JÚLIO DELGADO,AVANTE,v,,,,,04/10/2026 18:28:22,sim
1,04/10/2026,6257,Presidente,1,municipio,RN,16071,2400406,ÁGUA NOVA,,,,,PARTIDO NOVO,i,NOVO,0,30,NOVO,PARTIDO NOVO,,30,280002539826,ROMEU ZEMA NETO,ZEMA,28/10/1964,6,Válido,nao,,1,0.04,0.041649313,LUIS EDUARDO GRANGEIRO GIRÃO,EDUARDO GIRÃO,NOVO,v,,,,,04/10/2026 18:28:22,sim
1,04/10/2026,6257,Presidente,1,municipio,RN,16071,2400406,ÁGUA NOVA,,,,,UNIDADE POPULAR,i,UP,0,80,UP,UNIDADE POPULAR,,80,280002538811,SAMARA MARTINS DA SILVA FEITOSA,SAMARA,31/08/1987,7,Válido,nao,,1,0.04,0.041649313,RAQUEL NONATO DE BRICIO,RAQUEL BRÍCIO,UP,v,,,,,04/10/2026 18:28:22,sim
1,04/10/2026,6257,Presidente,1,municipio,RN,16071,2400406,ÁGUA NOVA,,,,,DEMOCRATA,i,DEMOCRATA,0,35,DEMOCRATA,DEMOCRATA,,35,280002548139,WILSON GRASSI JUNIOR,VETERINÁRIO WILSON GRASSI,13/03/1970,11,Válido,nao,,0,0.00,0,SUÊD HAIDAR NOGUEIRA,SUÊD HAIDAR,DEMOCRATA,v,,,,,04/10/2026 18:28:22,sim
1,04/10/2026,6257,Presidente,1,municipio,RN,16071,2400406,ÁGUA NOVA,,,,,PARTIDO MISSÃO,i,MISSÃO,0,14,MISSÃO,PARTIDO MISSÃO,,14,280002540694,RENAN ANTONIO FERREIRA DOS SANTOS,RENAN SANTOS,14/02/1984,5,Válido,nao,,42,1.75,1.749271137,AROLDO MEDINA,CORONEL MEDINA,MISSÃO,v,,,,,04/10/2026 18:28:22,sim
1,04/10/2026,6257,Presidente,1,municipio,RN,16071,2400406,ÁGUA NOVA,,,,,PARTIDO DA CAUSA OPERÁRIA,i,PCO,0,29,PCO,PARTIDO DA CAUSA OPERÁRIA,,29,280002552487,RUI COSTA PIMENTA,RUI COSTA PIMENTA,25/06/1957,12,Válido,nao,,0,0.00,0,ANTONIO CARLOS SILVA,ANTÔNIO CARLOS,PCO,v,,,,,04/10/2026 18:28:22,sim
1,04/10/2026,6257,Presidente,1,municipio,RN,16080,2404853,ITAJÁ,,,,,PARTIDO LIBERAL,i,PL,0,22,PL,PARTIDO LIBERAL,,22,280002551544,FLAVIO NANTES BOLSONARO,FLAVIO BOLSONARO,30/04/1981,1,Válido,nao,,1693,29.32,29.316017316,ALFREDO GASPAR DE MENDONÇA NETO,ALFREDO GASPAR,PL,v,,,,,04/10/2026 20:38:18,sim
1,04/10/2026,6257,Presidente,1,municipio,RN,16080,2404853,ITAJÁ,,,,,PARTIDO SOCIAL DEMOCRÁTICO,i,PSD,0,55,PSD,PARTIDO SOCIAL DEMOCRÁTICO,,55,280002551932,RONALDO RAMOS CAIADO,RONALDO CAIADO,25/09/1949,5,Válido,nao,,37,0.64,0.640692641,GILBERTO KASSAB,GILBERTO KASSAB,PSD,v,,,,,04/10/2026 20:38:18,sim
1,04/10/2026,6257,Presidente,1,municipio,RN,16080,2404853,ITAJÁ,,PT/PC do B/PV,FEDERAÇÃO BRASIL DA ESPERANÇA - FE BRASIL,PT/PC do B/PV,BRASIL PRONTO PRA MAIS,c,PSB / PDT / PCDOB / PT / PV / PSOL / REDE,,13,PT,PARTIDO DOS TRABALHADORES,101,13,280002542548,LUIZ INÁCIO LULA DA SILVA,LULA,06/10/1945,2,Válido,nao,,3859,66.82,66.822510823,GERALDO JOSE RODRIGUES ALCKMIN FILHO,GERALDO ALCKMIN,PSB,v,,,,,04/10/2026 20:38:18,sim
1,04/10/2026,6257,Presidente,1,municipio,RN,16080,2404853,ITAJÁ,,,,,DEMOCRACIA CRISTÃ,i,DC,0,27,DC,DEMOCRACIA CRISTÃ,,27,280002552484,CLARIANA ZACARKIM BARAO,CLARIANA BARAO,03/04/1987,9,Válido,nao,,0,0.00,0,FABIANA CRISTINA TAVARES TORQUATO,FABIANA TORQUATO,DC,v,,,,,04/10/2026 20:38:18,sim
1,04/10/2026,6257,Presidente,1,municipio,RN,16080,2404853,ITAJÁ,,,,,PARTIDO COMUNISTA BRASILEIRO,i,PCB,0,21,PCB,PARTIDO COMUNISTA BRASILEIRO,,21,280002551975,EDMILSON SILVA COSTA,EDMILSON COSTA,08/04/1950,10,Válido,nao,,1,0.02,0.017316017,CLEUSA DOS SANTOS,CLEUSA SANTOS,PCB,v,,,,,04/10/2026 20:38:18,sim
1,04/10/2026,6257,Presidente,1,municipio,RN,16080,2404853,ITAJÁ,,,,,PARTIDO SOCIALISTA  DOS TRABALHADORES UNIFICADO,i,PSTU,0,16,PSTU,PARTIDO SOCIALISTA  DOS TRABALHADORES UNIFICADO,,16,280002541457,HERTZ DA CONCEICAO DIAS,HERTZ DIAS,20/10/1970,8,Válido,nao,,0,0.00,0,VANESSA PORTUGAL BARBOSA,VANESSA PORTUGAL,PSTU,v,,,,,04/10/2026 20:38:18,sim
1,04/10/2026,6257,Presidente,1,municipio,RN,16080,2404853,ITAJÁ,,,,,BRASIL DOS NOSSOS SONHOS,c,AGIR / AVANTE,,70,AVANTE,AVANTE,,70,280002551547,AUGUSTO JORGE CURY,ESCRITOR AUGUSTO CURY,02/10/1958,3,Válido,nao,,108,1.87,1.870129870,JULIO CESAR DELGADO,JÚLIO DELGADO,AVANTE,v,,,,,04/10/2026 20:38:18,sim
1,04/10/2026,6257,Presidente,1,municipio,RN,16080,2404853,ITAJÁ,,,,,PARTIDO NOVO,i,NOVO,0,30,NOVO,PARTIDO NOVO,,30,280002539826,ROMEU ZEMA NETO,ZEMA,28/10/1964,6,Válido,nao,,1,0.02,0.017316017,LUIS EDUARDO GRANGEIRO GIRÃO,EDUARDO GIRÃO,NOVO,v,,,,,04/10/2026 20:38:18,sim
1,04/10/2026,6257,Presidente,1,municipio,RN,16080,2404853,ITAJÁ,,,,,UNIDADE POPULAR,i,UP,0,80,UP,UNIDADE POPULAR,,80,280002538811,SAMARA MARTINS DA SILVA FEITOSA,SAMARA,31/08/1987,7,Válido,nao,,0,0.00,0,RAQUEL NONATO DE BRICIO,RAQUEL BRÍCIO,UP,v,,,,,04/10/2026 20:38:18,sim
1,04/10/2026,6257,Presidente,1,municipio,RN,16080,2404853,ITAJÁ,,,,,DEMOCRATA,i,DEMOCRATA,0,35,DEMOCRATA,DEMOCRATA,,35,280002548139,WILSON GRASSI JUNIOR,VETERINÁRIO WILSON GRASSI,13/03/1970,11,Válido,nao,,0,0.00,0,SUÊD HAIDAR NOGUEIRA,SUÊD HAIDAR,DEMOCRATA,v,,,,,04/10/2026 20:38:18,sim
1,04/10/2026,6257,Presidente,1,municipio,RN,16080,2404853,ITAJÁ,,,,,PARTIDO MISSÃO,i,MISSÃO,0,14,MISSÃO,PARTIDO MISSÃO,,14,280002540694,RENAN ANTONIO FERREIRA DOS SANTOS,RENAN SANTOS,14/02/1984,4,Válido,nao,,75,1.30,1.298701299,AROLDO MEDINA,CORONEL MEDINA,MISSÃO,v,,,,,04/10/2026 20:38:18,sim
1,04/10/2026,6257,Presidente,1,municipio,RN,16080,2404853,ITAJÁ,,,,,PARTIDO DA CAUSA OPERÁRIA,i,PCO,0,29,PCO,PARTIDO DA CAUSA OPERÁRIA,,29,280002552487,RUI COSTA PIMENTA,RUI COSTA PIMENTA,25/06/1957,12,Válido,nao,,1,0.02,0.017316017,ANTONIO CARLOS SILVA,ANTÔNIO CARLOS,PCO,v,,,,,04/10/2026 20:38:18,sim
1,04/10/2026,6257,Presidente,1,municipio,RN,16098,2400505,ALEXANDRIA,,,,,PARTIDO LIBERAL,i,PL,0,22,PL,PARTIDO LIBERAL,,22,280002551544,FLAVIO NANTES BOLSONARO,FLAVIO BOLSONARO,30/04/1981,1,Válido,nao,,1673,18.40,18.396745107,ALFREDO GASPAR DE MENDONÇA NETO,ALFREDO GASPAR,PL,v,,,,,04/10/2026 20:55:25,sim
1,04/10/2026,6257,Presidente,1,municipio,RN,16098,2400505,ALEXANDRIA,,,,,PARTIDO SOCIAL DEMOCRÁTICO,i,PSD,0,55,PSD,PARTIDO SOCIAL DEMOCRÁTICO,,55,280002551932,RONALDO RAMOS CAIADO,RONALDO CAIADO,25/09/1949,5,Válido,nao,,35,0.38,0.384869144,GILBERTO KASSAB,GILBERTO KASSAB,PSD,v,,,,,04/10/2026 20:55:25,sim
1,04/10/2026,6257,Presidente,1,municipio,RN,16098,2400505,ALEXANDRIA,,PT/PC do B/PV,FEDERAÇÃO BRASIL DA ESPERANÇA - FE BRASIL,PT/PC do B/PV,BRASIL PRONTO PRA MAIS,c,PSB / PDT / PCDOB / PT / PV / PSOL / REDE,,13,PT,PARTIDO DOS TRABALHADORES,101,13,280002542548,LUIZ INÁCIO LULA DA SILVA,LULA,06/10/1945,2,Válido,nao,,7130,78.40,78.403342863,GERALDO JOSE RODRIGUES ALCKMIN FILHO,GERALDO ALCKMIN,PSB,v,,,,,04/10/2026 20:55:25,sim
1,04/10/2026,6257,Presidente,1,municipio,RN,16098,2400505,ALEXANDRIA,,,,,DEMOCRACIA CRISTÃ,i,DC,0,27,DC,DEMOCRACIA CRISTÃ,,27,280002552484,CLARIANA ZACARKIM BARAO,CLARIANA BARAO,03/04/1987,9,Válido,nao,,0,0.00,0,FABIANA CRISTINA TAVARES TORQUATO,FABIANA TORQUATO,DC,v,,,,,04/10/2026 20:55:25,sim
1,04/10/2026,6257,Presidente,1,municipio,RN,16098,2400505,ALEXANDRIA,,,,,PARTIDO COMUNISTA BRASILEIRO,i,PCB,0,21,PCB,PARTIDO COMUNISTA BRASILEIRO,,21,280002551975,EDMILSON SILVA COSTA,EDMILSON COSTA,08/04/1950,10,Válido,nao,,2,0.02,0.021992523,CLEUSA DOS SANTOS,CLEUSA SANTOS,PCB,v,,,,,04/10/2026 20:55:25,sim
1,04/10/2026,6257,Presidente,1,municipio,RN,16098,2400505,ALEXANDRIA,,,,,PARTIDO SOCIALISTA  DOS TRABALHADORES UNIFICADO,i,PSTU,0,16,PSTU,PARTIDO SOCIALISTA  DOS TRABALHADORES UNIFICADO,,16,280002541457,HERTZ DA CONCEICAO DIAS,HERTZ DIAS,20/10/1970,8,Válido,nao,,1,0.01,0.010996261,VANESSA PORTUGAL BARBOSA,VANESSA PORTUGAL,PSTU,v,,,,,04/10/2026 20:55:25,sim
1,04/10/2026,6257,Presidente,1,municipio,RN,16098,2400505,ALEXANDRIA,,,,,BRASIL DOS NOSSOS SONHOS,c,AGIR / AVANTE,,70,AVANTE,AVANTE,,70,280002551547,AUGUSTO JORGE CURY,ESCRITOR AUGUSTO CURY,02/10/1958,3,Válido,nao,,158,1.74,1.737409281,JULIO CESAR DELGADO,JÚLIO DELGADO,AVANTE,v,,,,,04/10/2026 20:55:25,sim
1,04/10/2026,6257,Presidente,1,municipio,RN,16098,2400505,ALEXANDRIA,,,,,PARTIDO NOVO,i,NOVO,0,30,NOVO,PARTIDO NOVO,,30,280002539826,ROMEU ZEMA NETO,ZEMA,28/10/1964,6,Válido,nao,,2,0.02,0.021992523,LUIS EDUARDO GRANGEIRO GIRÃO,EDUARDO GIRÃO,NOVO,v,,,,,04/10/2026 20:55:25,sim
1,04/10/2026,6257,Presidente,1,municipio,RN,16098,2400505,ALEXANDRIA,,,,,UNIDADE POPULAR,i,UP,0,80,UP,UNIDADE POPULAR,,80,280002538811,SAMARA MARTINS DA SILVA FEITOSA,SAMARA,31/08/1987,7,Válido,nao,,3,0.03,0.032988784,RAQUEL NONATO DE BRICIO,RAQUEL BRÍCIO,UP,v,,,,,04/10/2026 20:55:25,sim
1,04/10/2026,6257,Presidente,1,municipio,RN,16098,2400505,ALEXANDRIA,,,,,DEMOCRATA,i,DEMOCRATA,0,35,DEMOCRATA,DEMOCRATA,,35,280002548139,WILSON GRASSI JUNIOR,VETERINÁRIO WILSON GRASSI,13/03/1970,11,Válido,nao,,0,0.00,0,SUÊD HAIDAR NOGUEIRA,SUÊD HAIDAR,DEMOCRATA,v,,,,,04/10/2026 20:55:25,sim
1,04/10/2026,6257,Presidente,1,municipio,RN,16098,2400505,ALEXANDRIA,,,,,PARTIDO MISSÃO,i,MISSÃO,0,14,MISSÃO,PARTIDO MISSÃO,,14,280002540694,RENAN ANTONIO FERREIRA DOS SANTOS,RENAN SANTOS,14/02/1984,4,Válido,nao,,89,0.98,0.978667253,AROLDO MEDINA,CORONEL MEDINA,MISSÃO,v,,,,,04/10/2026 20:55:25,sim
1,04/10/2026,6257,Presidente,1,municipio,RN,16098,2400505,ALEXANDRIA,,,,,PARTIDO DA CAUSA OPERÁRIA,i,PCO,0,29,PCO,PARTIDO DA CAUSA OPERÁRIA,,29,280002552487,RUI COSTA PIMENTA,RUI COSTA PIMENTA,25/06/1957,12,Válido,nao,,1,0.01,0.010996261,ANTONIO CARLOS SILVA,ANTÔNIO CARLOS,PCO,v,,,,,04/10/2026 20:55:25,sim
1,04/10/2026,6257,Presidente,1,municipio,RN,16101,2401651,BODÓ,,,,,PARTIDO LIBERAL,i,PL,0,22,PL,PARTIDO LIBERAL,,22,280002551544,FLAVIO NANTES BOLSONARO,FLAVIO BOLSONARO,30/04/1981,1,Válido,nao,,602,21.46,21.461675579,ALFREDO GASPAR DE MENDONÇA NETO,ALFREDO GASPAR,PL,v,,,,,04/10/2026 19:23:34,sim
1,04/10/2026,6257,Presidente,1,municipio,RN,16101,2401651,BODÓ,,,,,PARTIDO SOCIAL DEMOCRÁTICO,i,PSD,0,55,PSD,PARTIDO SOCIAL DEMOCRÁTICO,,55,280002551932,RONALDO RAMOS CAIADO,RONALDO CAIADO,25/09/1949,5,Válido,nao,,20,0.71,0.713012478,GILBERTO KASSAB,GILBERTO KASSAB,PSD,v,,,,,04/10/2026 19:23:34,sim
1,04/10/2026,6257,Presidente,1,municipio,RN,16101,2401651,BODÓ,,PT/PC do B/PV,FEDERAÇÃO BRASIL DA ESPERANÇA - FE BRASIL,PT/PC do B/PV,BRASIL PRONTO PRA MAIS,c,PSB / PDT / PCDOB / PT / PV / PSOL / REDE,,13,PT,PARTIDO DOS TRABALHADORES,101,13,280002542548,LUIZ INÁCIO LULA DA SILVA,LULA,06/10/1945,2,Válido,nao,,2094,74.65,74.652406417,GERALDO JOSE RODRIGUES ALCKMIN FILHO,GERALDO ALCKMIN,PSB,v,,,,,04/10/2026 19:23:34,sim
1,04/10/2026,6257,Presidente,1,municipio,RN,16101,2401651,BODÓ,,,,,DEMOCRACIA CRISTÃ,i,DC,0,27,DC,DEMOCRACIA CRISTÃ,,27,280002552484,CLARIANA ZACARKIM BARAO,CLARIANA BARAO,03/04/1987,9,Válido,nao,,0,0.00,0,FABIANA CRISTINA TAVARES TORQUATO,FABIANA TORQUATO,DC,v,,,,,04/10/2026 19:23:34,sim
1,04/10/2026,6257,Presidente,1,municipio,RN,16101,2401651,BODÓ,,,,,PARTIDO COMUNISTA BRASILEIRO,i,PCB,0,21,PCB,PARTIDO COMUNISTA BRASILEIRO,,21,280002551975,EDMILSON SILVA COSTA,EDMILSON COSTA,08/04/1950,10,Válido,nao,,0,0.00,0,CLEUSA DOS SANTOS,CLEUSA SANTOS,PCB,v,,,,,04/10/2026 19:23:34,sim
1,04/10/2026,6257,Presidente,1,municipio,RN,16101,2401651,BODÓ,,,,,PARTIDO SOCIALISTA  DOS TRABALHADORES UNIFICADO,i,PSTU,0,16,PSTU,PARTIDO SOCIALISTA  DOS TRABALHADORES UNIFICADO,,16,280002541457,HERTZ DA CONCEICAO DIAS,HERTZ DIAS,20/10/1970,8,Válido,nao,,0,0.00,0,VANESSA PORTUGAL BARBOSA,VANESSA PORTUGAL,PSTU,v,,,,,04/10/2026 19:23:34,sim
1,04/10/2026,6257,Presidente,1,municipio,RN,16101,2401651,BODÓ,,,,,BRASIL DOS NOSSOS SONHOS,c,AGIR / AVANTE,,70,AVANTE,AVANTE,,70,280002551547,AUGUSTO JORGE CURY,ESCRITOR AUGUSTO CURY,02/10/1958,3,Válido,nao,,57,2.03,2.032085561,JULIO CESAR DELGADO,JÚLIO DELGADO,AVANTE,v,,,,,04/10/2026 19:23:34,sim
1,04/10/2026,6257,Presidente,1,municipio,RN,16101,2401651,BODÓ,,,,,PARTIDO NOVO,i,NOVO,0,30,NOVO,PARTIDO NOVO,,30,280002539826,ROMEU ZEMA NETO,ZEMA,28/10/1964,6,Válido,nao,,0,0.00,0,LUIS EDUARDO GRANGEIRO GIRÃO,EDUARDO GIRÃO,NOVO,v,,,,,04/10/2026 19:23:34,sim
1,04/10/2026,6257,Presidente,1,municipio,RN,16101,2401651,BODÓ,,,,,UNIDADE POPULAR,i,UP,0,80,UP,UNIDADE POPULAR,,80,280002538811,SAMARA MARTINS DA SILVA FEITOSA,SAMARA,31/08/1987,7,Válido,nao,,3,0.11,0.106951872,RAQUEL NONATO DE BRICIO,RAQUEL BRÍCIO,UP,v,,,,,04/10/2026 19:23:34,sim
1,04/10/2026,6257,Presidente,1,municipio,RN,16101,2401651,BODÓ,,,,,DEMOCRATA,i,DEMOCRATA,0,35,DEMOCRATA,DEMOCRATA,,35,280002548139,WILSON GRASSI JUNIOR,VETERINÁRIO WILSON GRASSI,13/03/1970,11,Válido,nao,,0,0.00,0,SUÊD HAIDAR NOGUEIRA,SUÊD HAIDAR,DEMOCRATA,v,,,,,04/10/2026 19:23:34,sim
1,04/10/2026,6257,Presidente,1,municipio,RN,16101,2401651,BODÓ,,,,,PARTIDO MISSÃO,i,MISSÃO,0,14,MISSÃO,PARTIDO MISSÃO,,14,280002540694,RENAN ANTONIO FERREIRA DOS SANTOS,RENAN SANTOS,14/02/1984,4,Válido,nao,,29,1.03,1.033868093,AROLDO MEDINA,CORONEL MEDINA,MISSÃO,v,,,,,04/10/2026 19:23:34,sim
1,04/10/2026,6257,Presidente,1,municipio,RN,16101,2401651,BODÓ,,,,,PARTIDO DA CAUSA OPERÁRIA,i,PCO,0,29,PCO,PARTIDO DA CAUSA OPERÁRIA,,29,280002552487,RUI COSTA PIMENTA,RUI COSTA PIMENTA,25/06/1957,12,Válido,nao,,0,0.00,0,ANTONIO CARLOS SILVA,ANTÔNIO CARLOS,PCO,v,,,,,04/10/2026 19:23:34,sim
1,04/10/2026,6257,Presidente,1,municipio,RN,16110,2400604,ALMINO AFONSO,,,,,PARTIDO LIBERAL,i,PL,0,22,PL,PARTIDO LIBERAL,,22,280002551544,FLAVIO NANTES BOLSONARO,FLAVIO BOLSONARO,30/04/1981,1,Válido,nao,,759,18.21,18.205804749,ALFREDO GASPAR DE MENDONÇA NETO,ALFREDO GASPAR,PL,v,,,,,04/10/2026 18:23:29,sim
1,04/10/2026,6257,Presidente,1,municipio,RN,16110,2400604,ALMINO AFONSO,,,,,PARTIDO SOCIAL DEMOCRÁTICO,i,PSD,0,55,PSD,PARTIDO SOCIAL DEMOCRÁTICO,,55,280002551932,RONALDO RAMOS CAIADO,RONALDO CAIADO,25/09/1949,4,Válido,nao,,13,0.31,0.311825378,GILBERTO KASSAB,GILBERTO KASSAB,PSD,v,,,,,04/10/2026 18:23:29,sim
1,04/10/2026,6257,Presidente,1,municipio,RN,16110,2400604,ALMINO AFONSO,,PT/PC do B/PV,FEDERAÇÃO BRASIL DA ESPERANÇA - FE BRASIL,PT/PC do B/PV,BRASIL PRONTO PRA MAIS,c,PSB / PDT / PCDOB / PT / PV / PSOL / REDE,,13,PT,PARTIDO DOS TRABALHADORES,101,13,280002542548,LUIZ INÁCIO LULA DA SILVA,LULA,06/10/1945,2,Válido,nao,,3274,78.53,78.532022068,GERALDO JOSE RODRIGUES ALCKMIN FILHO,GERALDO ALCKMIN,PSB,v,,,,,04/10/2026 18:23:29,sim
1,04/10/2026,6257,Presidente,1,municipio,RN,16110,2400604,ALMINO AFONSO,,,,,DEMOCRACIA CRISTÃ,i,DC,0,27,DC,DEMOCRACIA CRISTÃ,,27,280002552484,CLARIANA ZACARKIM BARAO,CLARIANA BARAO,03/04/1987,8,Válido,nao,,2,0.05,0.047973135,FABIANA CRISTINA TAVARES TORQUATO,FABIANA TORQUATO,DC,v,,,,,04/10/2026 18:23:29,sim
1,04/10/2026,6257,Presidente,1,municipio,RN,16110,2400604,ALMINO AFONSO,,,,,PARTIDO COMUNISTA BRASILEIRO,i,PCB,0,21,PCB,PARTIDO COMUNISTA BRASILEIRO,,21,280002551975,EDMILSON SILVA COSTA,EDMILSON COSTA,08/04/1950,10,Válido,nao,,0,0.00,0,CLEUSA DOS SANTOS,CLEUSA SANTOS,PCB,v,,,,,04/10/2026 18:23:29,sim
1,04/10/2026,6257,Presidente,1,municipio,RN,16110,2400604,ALMINO AFONSO,,,,,PARTIDO SOCIALISTA  DOS TRABALHADORES UNIFICADO,i,PSTU,0,16,PSTU,PARTIDO SOCIALISTA  DOS TRABALHADORES UNIFICADO,,16,280002541457,HERTZ DA CONCEICAO DIAS,HERTZ DIAS,20/10/1970,9,Válido,nao,,3,0.07,0.071959703,VANESSA PORTUGAL BARBOSA,VANESSA PORTUGAL,PSTU,v,,,,,04/10/2026 18:23:29,sim
1,04/10/2026,6257,Presidente,1,municipio,RN,16110,2400604,ALMINO AFONSO,,,,,BRASIL DOS NOSSOS SONHOS,c,AGIR / AVANTE,,70,AVANTE,AVANTE,,70,280002551547,AUGUSTO JORGE CURY,ESCRITOR AUGUSTO CURY,02/10/1958,3,Válido,nao,,66,1.58,1.583113456,JULIO CESAR DELGADO,JÚLIO DELGADO,AVANTE,v,,,,,04/10/2026 18:23:29,sim
1,04/10/2026,6257,Presidente,1,municipio,RN,16110,2400604,ALMINO AFONSO,,,,,PARTIDO NOVO,i,NOVO,0,30,NOVO,PARTIDO NOVO,,30,280002539826,ROMEU ZEMA NETO,ZEMA,28/10/1964,6,Válido,nao,,5,0.12,0.119932838,LUIS EDUARDO GRANGEIRO GIRÃO,EDUARDO GIRÃO,NOVO,v,,,,,04/10/2026 18:23:29,sim
1,04/10/2026,6257,Presidente,1,municipio,RN,16110,2400604,ALMINO AFONSO,,,,,UNIDADE POPULAR,i,UP,0,80,UP,UNIDADE POPULAR,,80,280002538811,SAMARA MARTINS DA SILVA FEITOSA,SAMARA,31/08/1987,7,Válido,nao,,2,0.05,0.047973135,RAQUEL NONATO DE BRICIO,RAQUEL BRÍCIO,UP,v,,,,,04/10/2026 18:23:29,sim
1,04/10/2026,6257,Presidente,1,municipio,RN,16110,2400604,ALMINO AFONSO,,,,,DEMOCRATA,i,DEMOCRATA,0,35,DEMOCRATA,DEMOCRATA,,35,280002548139,WILSON GRASSI JUNIOR,VETERINÁRIO WILSON GRASSI,13/03/1970,11,Válido,nao,,0,0.00,0,SUÊD HAIDAR NOGUEIRA,SUÊD HAIDAR,DEMOCRATA,v,,,,,04/10/2026 18:23:29,sim
1,04/10/2026,6257,Presidente,1,municipio,RN,16110,2400604,ALMINO AFONSO,,,,,PARTIDO MISSÃO,i,MISSÃO,0,14,MISSÃO,PARTIDO MISSÃO,,14,280002540694,RENAN ANTONIO FERREIRA DOS SANTOS,RENAN SANTOS,14/02/1984,5,Válido,nao,,45,1.08,1.079395538,AROLDO MEDINA,CORONEL MEDINA,MISSÃO,v,,,,,04/10/2026 18:23:29,sim
1,04/10/2026,6257,Presidente,1,municipio,RN,16110,2400604,ALMINO AFONSO,,,,,PARTIDO DA CAUSA OPERÁRIA,i,PCO,0,29,PCO,PARTIDO DA CAUSA OPERÁRIA,,29,280002552487,RUI COSTA PIMENTA,RUI COSTA PIMENTA,25/06/1957,12,Válido,nao,,0,0.00,0,ANTONIO CARLOS SILVA,ANTÔNIO CARLOS,PCO,v,,,,,04/10/2026 18:23:29,sim
1,04/10/2026,6257,Presidente,1,municipio,RN,16128,2414456,TRIUNFO POTIGUAR,,,,,PARTIDO LIBERAL,i,PL,0,22,PL,PARTIDO LIBERAL,,22,280002551544,FLAVIO NANTES BOLSONARO,FLAVIO BOLSONARO,30/04/1981,1,Válido,nao,,1115,32.29,32.290761657,ALFREDO GASPAR DE MENDONÇA NETO,ALFREDO GASPAR,PL,v,,,,,04/10/2026 18:33:56,sim
1,04/10/2026,6257,Presidente,1,municipio,RN,16128,2414456,TRIUNFO POTIGUAR,,,,,PARTIDO SOCIAL DEMOCRÁTICO,i,PSD,0,55,PSD,PARTIDO SOCIAL DEMOCRÁTICO,,55,280002551932,RONALDO RAMOS CAIADO,RONALDO CAIADO,25/09/1949,4,Válido,nao,,18,0.52,0.521285838,GILBERTO KASSAB,GILBERTO KASSAB,PSD,v,,,,,04/10/2026 18:33:56,sim
1,04/10/2026,6257,Presidente,1,municipio,RN,16128,2414456,TRIUNFO POTIGUAR,,PT/PC do B/PV,FEDERAÇÃO BRASIL DA ESPERANÇA - FE BRASIL,PT/PC do B/PV,BRASIL PRONTO PRA MAIS,c,PSB / PDT / PCDOB / PT / PV / PSOL / REDE,,13,PT,PARTIDO DOS TRABALHADORES,101,13,280002542548,LUIZ INÁCIO LULA DA SILVA,LULA,06/10/1945,2,Válido,nao,,2190,63.42,63.423110339,GERALDO JOSE RODRIGUES ALCKMIN FILHO,GERALDO ALCKMIN,PSB,v,,,,,04/10/2026 18:33:56,sim
1,04/10/2026,6257,Presidente,1,municipio,RN,16128,2414456,TRIUNFO POTIGUAR,,,,,DEMOCRACIA CRISTÃ,i,DC,0,27,DC,DEMOCRACIA CRISTÃ,,27,280002552484,CLARIANA ZACARKIM BARAO,CLARIANA BARAO,03/04/1987,9,Válido,nao,,0,0.00,0,FABIANA CRISTINA TAVARES TORQUATO,FABIANA TORQUATO,DC,v,,,,,04/10/2026 18:33:56,sim
1,04/10/2026,6257,Presidente,1,municipio,RN,16128,2414456,TRIUNFO POTIGUAR,,,,,PARTIDO COMUNISTA BRASILEIRO,i,PCB,0,21,PCB,PARTIDO COMUNISTA BRASILEIRO,,21,280002551975,EDMILSON SILVA COSTA,EDMILSON COSTA,08/04/1950,10,Válido,nao,,1,0.03,0.028960324,CLEUSA DOS SANTOS,CLEUSA SANTOS,PCB,v,,,,,04/10/2026 18:33:56,sim
1,04/10/2026,6257,Presidente,1,municipio,RN,16128,2414456,TRIUNFO POTIGUAR,,,,,PARTIDO SOCIALISTA  DOS TRABALHADORES UNIFICADO,i,PSTU,0,16,PSTU,PARTIDO SOCIALISTA  DOS TRABALHADORES UNIFICADO,,16,280002541457,HERTZ DA CONCEICAO DIAS,HERTZ DIAS,20/10/1970,8,Válido,nao,,0,0.00,0,VANESSA PORTUGAL BARBOSA,VANESSA PORTUGAL,PSTU,v,,,,,04/10/2026 18:33:56,sim
1,04/10/2026,6257,Presidente,1,municipio,RN,16128,2414456,TRIUNFO POTIGUAR,,,,,BRASIL DOS NOSSOS SONHOS,c,AGIR / AVANTE,,70,AVANTE,AVANTE,,70,280002551547,AUGUSTO JORGE CURY,ESCRITOR AUGUSTO CURY,02/10/1958,3,Válido,nao,,98,2.84,2.838111787,JULIO CESAR DELGADO,JÚLIO DELGADO,AVANTE,v,,,,,04/10/2026 18:33:56,sim
1,04/10/2026,6257,Presidente,1,municipio,RN,16128,2414456,TRIUNFO POTIGUAR,,,,,PARTIDO NOVO,i,NOVO,0,30,NOVO,PARTIDO NOVO,,30,280002539826,ROMEU ZEMA NETO,ZEMA,28/10/1964,6,Válido,nao,,0,0.00,0,LUIS EDUARDO GRANGEIRO GIRÃO,EDUARDO GIRÃO,NOVO,v,,,,,04/10/2026 18:33:56,sim
1,04/10/2026,6257,Presidente,1,municipio,RN,16128,2414456,TRIUNFO POTIGUAR,,,,,UNIDADE POPULAR,i,UP,0,80,UP,UNIDADE POPULAR,,80,280002538811,SAMARA MARTINS DA SILVA FEITOSA,SAMARA,31/08/1987,7,Válido,nao,,0,0.00,0,RAQUEL NONATO DE BRICIO,RAQUEL BRÍCIO,UP,v,,,,,04/10/2026 18:33:56,sim
1,04/10/2026,6257,Presidente,1,municipio,RN,16128,2414456,TRIUNFO POTIGUAR,,,,,DEMOCRATA,i,DEMOCRATA,0,35,DEMOCRATA,DEMOCRATA,,35,280002548139,WILSON GRASSI JUNIOR,VETERINÁRIO WILSON GRASSI,13/03/1970,11,Válido,nao,,0,0.00,0,SUÊD HAIDAR NOGUEIRA,SUÊD HAIDAR,DEMOCRATA,v,,,,,04/10/2026 18:33:56,sim
1,04/10/2026,6257,Presidente,1,municipio,RN,16128,2414456,TRIUNFO POTIGUAR,,,,,PARTIDO MISSÃO,i,MISSÃO,0,14,MISSÃO,PARTIDO MISSÃO,,14,280002540694,RENAN ANTONIO FERREIRA DOS SANTOS,RENAN SANTOS,14/02/1984,5,Válido,nao,,31,0.90,0.897770055,AROLDO MEDINA,CORONEL MEDINA,MISSÃO,v,,,,,04/10/2026 18:33:56,sim
1,04/10/2026,6257,Presidente,1,municipio,RN,16128,2414456,TRIUNFO POTIGUAR,,,,,PARTIDO DA CAUSA OPERÁRIA,i,PCO,0,29,PCO,PARTIDO DA CAUSA OPERÁRIA,,29,280002552487,RUI COSTA PIMENTA,RUI COSTA PIMENTA,25/06/1957,12,Válido,nao,,0,0.00,0,ANTONIO CARLOS SILVA,ANTÔNIO CARLOS,PCO,v,,,,,04/10/2026 18:33:56,sim
1,04/10/2026,6257,Presidente,1,municipio,RN,16136,2400703,ALTO DO RODRIGUES,,,,,PARTIDO LIBERAL,i,PL,0,22,PL,PARTIDO LIBERAL,,22,280002551544,FLAVIO NANTES BOLSONARO,FLAVIO BOLSONARO,30/04/1981,1,Válido,nao,,1811,19.73,19.725520096,ALFREDO GASPAR DE MENDONÇA NETO,ALFREDO GASPAR,PL,v,,,,,04/10/2026 19:30:37,sim
1,04/10/2026,6257,Presidente,1,municipio,RN,16136,2400703,ALTO DO RODRIGUES,,,,,PARTIDO SOCIAL DEMOCRÁTICO,i,PSD,0,55,PSD,PARTIDO SOCIAL DEMOCRÁTICO,,55,280002551932,RONALDO RAMOS CAIADO,RONALDO CAIADO,25/09/1949,5,Válido,nao,,55,0.60,0.599063283,GILBERTO KASSAB,GILBERTO KASSAB,PSD,v,,,,,04/10/2026 19:30:37,sim
1,04/10/2026,6257,Presidente,1,municipio,RN,16136,2400703,ALTO DO RODRIGUES,,PT/PC do B/PV,FEDERAÇÃO BRASIL DA ESPERANÇA - FE BRASIL,PT/PC do B/PV,BRASIL PRONTO PRA MAIS,c,PSB / PDT / PCDOB / PT / PV / PSOL / REDE,,13,PT,PARTIDO DOS TRABALHADORES,101,13,280002542548,LUIZ INÁCIO LULA DA SILVA,LULA,06/10/1945,2,Válido,nao,,6898,75.13,75.133427731,GERALDO JOSE RODRIGUES ALCKMIN FILHO,GERALDO ALCKMIN,PSB,v,,,,,04/10/2026 19:30:37,sim
1,04/10/2026,6257,Presidente,1,municipio,RN,16136,2400703,ALTO DO RODRIGUES,,,,,DEMOCRACIA CRISTÃ,i,DC,0,27,DC,DEMOCRACIA CRISTÃ,,27,280002552484,CLARIANA ZACARKIM BARAO,CLARIANA BARAO,03/04/1987,9,Válido,nao,,1,0.01,0.010892060,FABIANA CRISTINA TAVARES TORQUATO,FABIANA TORQUATO,DC,v,,,,,04/10/2026 19:30:37,sim
1,04/10/2026,6257,Presidente,1,municipio,RN,16136,2400703,ALTO DO RODRIGUES,,,,,PARTIDO COMUNISTA BRASILEIRO,i,PCB,0,21,PCB,PARTIDO COMUNISTA BRASILEIRO,,21,280002551975,EDMILSON SILVA COSTA,EDMILSON COSTA,08/04/1950,10,Válido,nao,,1,0.01,0.010892060,CLEUSA DOS SANTOS,CLEUSA SANTOS,PCB,v,,,,,04/10/2026 19:30:37,sim
1,04/10/2026,6257,Presidente,1,municipio,RN,16136,2400703,ALTO DO RODRIGUES,,,,,PARTIDO SOCIALISTA  DOS TRABALHADORES UNIFICADO,i,PSTU,0,16,PSTU,PARTIDO SOCIALISTA  DOS TRABALHADORES UNIFICADO,,16,280002541457,HERTZ DA CONCEICAO DIAS,HERTZ DIAS,20/10/1970,8,Válido,nao,,0,0.00,0,VANESSA PORTUGAL BARBOSA,VANESSA PORTUGAL,PSTU,v,,,,,04/10/2026 19:30:37,sim
1,04/10/2026,6257,Presidente,1,municipio,RN,16136,2400703,ALTO DO RODRIGUES,,,,,BRASIL DOS NOSSOS SONHOS,c,AGIR / AVANTE,,70,AVANTE,AVANTE,,70,280002551547,AUGUSTO JORGE CURY,ESCRITOR AUGUSTO CURY,02/10/1958,3,Válido,nao,,239,2.60,2.603202266,JULIO CESAR DELGADO,JÚLIO DELGADO,AVANTE,v,,,,,04/10/2026 19:30:37,sim
1,04/10/2026,6257,Presidente,1,municipio,RN,16136,2400703,ALTO DO RODRIGUES,,,,,PARTIDO NOVO,i,NOVO,0,30,NOVO,PARTIDO NOVO,,30,280002539826,ROMEU ZEMA NETO,ZEMA,28/10/1964,6,Válido,nao,,4,0.04,0.043568239,LUIS EDUARDO GRANGEIRO GIRÃO,EDUARDO GIRÃO,NOVO,v,,,,,04/10/2026 19:30:37,sim
1,04/10/2026,6257,Presidente,1,municipio,RN,16136,2400703,ALTO DO RODRIGUES,,,,,UNIDADE POPULAR,i,UP,0,80,UP,UNIDADE POPULAR,,80,280002538811,SAMARA MARTINS DA SILVA FEITOSA,SAMARA,31/08/1987,7,Válido,nao,,1,0.01,0.010892060,RAQUEL NONATO DE BRICIO,RAQUEL BRÍCIO,UP,v,,,,,04/10/2026 19:30:37,sim
1,04/10/2026,6257,Presidente,1,municipio,RN,16136,2400703,ALTO DO RODRIGUES,,,,,DEMOCRATA,i,DEMOCRATA,0,35,DEMOCRATA,DEMOCRATA,,35,280002548139,WILSON GRASSI JUNIOR,VETERINÁRIO WILSON GRASSI,13/03/1970,11,Válido,nao,,0,0.00,0,SUÊD HAIDAR NOGUEIRA,SUÊD HAIDAR,DEMOCRATA,v,,,,,04/10/2026 19:30:37,sim
1,04/10/2026,6257,Presidente,1,municipio,RN,16136,2400703,ALTO DO RODRIGUES,,,,,PARTIDO MISSÃO,i,MISSÃO,0,14,MISSÃO,PARTIDO MISSÃO,,14,280002540694,RENAN ANTONIO FERREIRA DOS SANTOS,RENAN SANTOS,14/02/1984,4,Válido,nao,,171,1.86,1.862542207,AROLDO MEDINA,CORONEL MEDINA,MISSÃO,v,,,,,04/10/2026 19:30:37,sim
1,04/10/2026,6257,Presidente,1,municipio,RN,16136,2400703,ALTO DO RODRIGUES,,,,,PARTIDO DA CAUSA OPERÁRIA,i,PCO,0,29,PCO,PARTIDO DA CAUSA OPERÁRIA,,29,280002552487,RUI COSTA PIMENTA,RUI COSTA PIMENTA,25/06/1957,12,Válido,nao,,0,0.00,0,ANTONIO CARLOS SILVA,ANTÔNIO CARLOS,PCO,v,,,,,04/10/2026 19:30:37,sim
1,04/10/2026,6257,Presidente,1,municipio,RN,16144,2403756,FERNANDO PEDROZA,,,,,PARTIDO LIBERAL,i,PL,0,22,PL,PARTIDO LIBERAL,,22,280002551544,FLAVIO NANTES BOLSONARO,FLAVIO BOLSONARO,30/04/1981,1,Válido,nao,,871,32.06,32.057416268,ALFREDO GASPAR DE MENDONÇA NETO,ALFREDO GASPAR,PL,v,,,,,04/10/2026 18:54:39,sim
1,04/10/2026,6257,Presidente,1,municipio,RN,16144,2403756,FERNANDO PEDROZA,,,,,PARTIDO SOCIAL DEMOCRÁTICO,i,PSD,0,55,PSD,PARTIDO SOCIAL DEMOCRÁTICO,,55,280002551932,RONALDO RAMOS CAIADO,RONALDO CAIADO,25/09/1949,4,Válido,nao,,16,0.59,0.588884799,GILBERTO KASSAB,GILBERTO KASSAB,PSD,v,,,,,04/10/2026 18:54:39,sim
1,04/10/2026,6257,Presidente,1,municipio,RN,16144,2403756,FERNANDO PEDROZA,,PT/PC do B/PV,FEDERAÇÃO BRASIL DA ESPERANÇA - FE BRASIL,PT/PC do B/PV,BRASIL PRONTO PRA MAIS,c,PSB / PDT / PCDOB / PT / PV / PSOL / REDE,,13,PT,PARTIDO DOS TRABALHADORES,101,13,280002542548,LUIZ INÁCIO LULA DA SILVA,LULA,06/10/1945,2,Válido,nao,,1763,64.89,64.887743835,GERALDO JOSE RODRIGUES ALCKMIN FILHO,GERALDO ALCKMIN,PSB,v,,,,,04/10/2026 18:54:39,sim
1,04/10/2026,6257,Presidente,1,municipio,RN,16144,2403756,FERNANDO PEDROZA,,,,,DEMOCRACIA CRISTÃ,i,DC,0,27,DC,DEMOCRACIA CRISTÃ,,27,280002552484,CLARIANA ZACARKIM BARAO,CLARIANA BARAO,03/04/1987,9,Válido,nao,,0,0.00,0,FABIANA CRISTINA TAVARES TORQUATO,FABIANA TORQUATO,DC,v,,,,,04/10/2026 18:54:39,sim
1,04/10/2026,6257,Presidente,1,municipio,RN,16144,2403756,FERNANDO PEDROZA,,,,,PARTIDO COMUNISTA BRASILEIRO,i,PCB,0,21,PCB,PARTIDO COMUNISTA BRASILEIRO,,21,280002551975,EDMILSON SILVA COSTA,EDMILSON COSTA,08/04/1950,10,Válido,nao,,0,0.00,0,CLEUSA DOS SANTOS,CLEUSA SANTOS,PCB,v,,,,,04/10/2026 18:54:39,sim
1,04/10/2026,6257,Presidente,1,municipio,RN,16144,2403756,FERNANDO PEDROZA,,,,,PARTIDO SOCIALISTA  DOS TRABALHADORES UNIFICADO,i,PSTU,0,16,PSTU,PARTIDO SOCIALISTA  DOS TRABALHADORES UNIFICADO,,16,280002541457,HERTZ DA CONCEICAO DIAS,HERTZ DIAS,20/10/1970,8,Válido,nao,,0,0.00,0,VANESSA PORTUGAL BARBOSA,VANESSA PORTUGAL,PSTU,v,,,,,04/10/2026 18:54:39,sim
1,04/10/2026,6257,Presidente,1,municipio,RN,16144,2403756,FERNANDO PEDROZA,,,,,BRASIL DOS NOSSOS SONHOS,c,AGIR / AVANTE,,70,AVANTE,AVANTE,,70,280002551547,AUGUSTO JORGE CURY,ESCRITOR AUGUSTO CURY,02/10/1958,3,Válido,nao,,41,1.51,1.509017298,JULIO CESAR DELGADO,JÚLIO DELGADO,AVANTE,v,,,,,04/10/2026 18:54:39,sim
1,04/10/2026,6257,Presidente,1,municipio,RN,16144,2403756,FERNANDO PEDROZA,,,,,PARTIDO NOVO,i,NOVO,0,30,NOVO,PARTIDO NOVO,,30,280002539826,ROMEU ZEMA NETO,ZEMA,28/10/1964,6,Válido,nao,,1,0.04,0.036805300,LUIS EDUARDO GRANGEIRO GIRÃO,EDUARDO GIRÃO,NOVO,v,,,,,04/10/2026 18:54:39,sim
1,04/10/2026,6257,Presidente,1,municipio,RN,16144,2403756,FERNANDO PEDROZA,,,,,UNIDADE POPULAR,i,UP,0,80,UP,UNIDADE POPULAR,,80,280002538811,SAMARA MARTINS DA SILVA FEITOSA,SAMARA,31/08/1987,7,Válido,nao,,5,0.18,0.184026500,RAQUEL NONATO DE BRICIO,RAQUEL BRÍCIO,UP,v,,,,,04/10/2026 18:54:39,sim
1,04/10/2026,6257,Presidente,1,municipio,RN,16144,2403756,FERNANDO PEDROZA,,,,,DEMOCRATA,i,DEMOCRATA,0,35,DEMOCRATA,DEMOCRATA,,35,280002548139,WILSON GRASSI JUNIOR,VETERINÁRIO WILSON GRASSI,13/03/1970,11,Válido,nao,,0,0.00,0,SUÊD HAIDAR NOGUEIRA,SUÊD HAIDAR,DEMOCRATA,v,,,,,04/10/2026 18:54:39,sim
1,04/10/2026,6257,Presidente,1,municipio,RN,16144,2403756,FERNANDO PEDROZA,,,,,PARTIDO MISSÃO,i,MISSÃO,0,14,MISSÃO,PARTIDO MISSÃO,,14,280002540694,RENAN ANTONIO FERREIRA DOS SANTOS,RENAN SANTOS,14/02/1984,5,Válido,nao,,20,0.74,0.736105999,AROLDO MEDINA,CORONEL MEDINA,MISSÃO,v,,,,,04/10/2026 18:54:39,sim
1,04/10/2026,6257,Presidente,1,municipio,RN,16144,2403756,FERNANDO PEDROZA,,,,,PARTIDO DA CAUSA OPERÁRIA,i,PCO,0,29,PCO,PARTIDO DA CAUSA OPERÁRIA,,29,280002552487,RUI COSTA PIMENTA,RUI COSTA PIMENTA,25/06/1957,12,Válido,nao,,0,0.00,0,ANTONIO CARLOS SILVA,ANTÔNIO CARLOS,PCO,v,,,,,04/10/2026 18:54:39,sim
1,04/10/2026,6257,Presidente,1,municipio,RN,16152,2400802,ANGICOS,,,,,PARTIDO LIBERAL,i,PL,0,22,PL,PARTIDO LIBERAL,,22,280002551544,FLAVIO NANTES BOLSONARO,FLAVIO BOLSONARO,30/04/1981,1,Válido,nao,,2434,30.21,30.209755492,ALFREDO GASPAR DE MENDONÇA NETO,ALFREDO GASPAR,PL,v,,,,,04/10/2026 20:07:46,sim
1,04/10/2026,6257,Presidente,1,municipio,RN,16152,2400802,ANGICOS,,,,,PARTIDO SOCIAL DEMOCRÁTICO,i,PSD,0,55,PSD,PARTIDO SOCIAL DEMOCRÁTICO,,55,280002551932,RONALDO RAMOS CAIADO,RONALDO CAIADO,25/09/1949,5,Válido,nao,,58,0.72,0.719870920,GILBERTO KASSAB,GILBERTO KASSAB,PSD,v,,,,,04/10/2026 20:07:46,sim
1,04/10/2026,6257,Presidente,1,municipio,RN,16152,2400802,ANGICOS,,PT/PC do B/PV,FEDERAÇÃO BRASIL DA ESPERANÇA - FE BRASIL,PT/PC do B/PV,BRASIL PRONTO PRA MAIS,c,PSB / PDT / PCDOB / PT / PV / PSOL / REDE,,13,PT,PARTIDO DOS TRABALHADORES,101,13,280002542548,LUIZ INÁCIO LULA DA SILVA,LULA,06/10/1945,2,Válido,nao,,5255,65.22,65.222787638,GERALDO JOSE RODRIGUES ALCKMIN FILHO,GERALDO ALCKMIN,PSB,v,,,,,04/10/2026 20:07:46,sim
1,04/10/2026,6257,Presidente,1,municipio,RN,16152,2400802,ANGICOS,,,,,DEMOCRACIA CRISTÃ,i,DC,0,27,DC,DEMOCRACIA CRISTÃ,,27,280002552484,CLARIANA ZACARKIM BARAO,CLARIANA BARAO,03/04/1987,9,Válido,nao,,1,0.01,0.012411568,FABIANA CRISTINA TAVARES TORQUATO,FABIANA TORQUATO,DC,v,,,,,04/10/2026 20:07:46,sim
1,04/10/2026,6257,Presidente,1,municipio,RN,16152,2400802,ANGICOS,,,,,PARTIDO COMUNISTA BRASILEIRO,i,PCB,0,21,PCB,PARTIDO COMUNISTA BRASILEIRO,,21,280002551975,EDMILSON SILVA COSTA,EDMILSON COSTA,08/04/1950,10,Válido,nao,,1,0.01,0.012411568,CLEUSA DOS SANTOS,CLEUSA SANTOS,PCB,v,,,,,04/10/2026 20:07:46,sim
1,04/10/2026,6257,Presidente,1,municipio,RN,16152,2400802,ANGICOS,,,,,PARTIDO SOCIALISTA  DOS TRABALHADORES UNIFICADO,i,PSTU,0,16,PSTU,PARTIDO SOCIALISTA  DOS TRABALHADORES UNIFICADO,,16,280002541457,HERTZ DA CONCEICAO DIAS,HERTZ DIAS,20/10/1970,8,Válido,nao,,0,0.00,0,VANESSA PORTUGAL BARBOSA,VANESSA PORTUGAL,PSTU,v,,,,,04/10/2026 20:07:46,sim
1,04/10/2026,6257,Presidente,1,municipio,RN,16152,2400802,ANGICOS,,,,,BRASIL DOS NOSSOS SONHOS,c,AGIR / AVANTE,,70,AVANTE,AVANTE,,70,280002551547,AUGUSTO JORGE CURY,ESCRITOR AUGUSTO CURY,02/10/1958,3,Válido,nao,,195,2.42,2.420255678,JULIO CESAR DELGADO,JÚLIO DELGADO,AVANTE,v,,,,,04/10/2026 20:07:46,sim
1,04/10/2026,6257,Presidente,1,municipio,RN,16152,2400802,ANGICOS,,,,,PARTIDO NOVO,i,NOVO,0,30,NOVO,PARTIDO NOVO,,30,280002539826,ROMEU ZEMA NETO,ZEMA,28/10/1964,6,Válido,nao,,8,0.10,0.099292541,LUIS EDUARDO GRANGEIRO GIRÃO,EDUARDO GIRÃO,NOVO,v,,,,,04/10/2026 20:07:46,sim
1,04/10/2026,6257,Presidente,1,municipio,RN,16152,2400802,ANGICOS,,,,,UNIDADE POPULAR,i,UP,0,80,UP,UNIDADE POPULAR,,80,280002538811,SAMARA MARTINS DA SILVA FEITOSA,SAMARA,31/08/1987,7,Válido,nao,,1,0.01,0.012411568,RAQUEL NONATO DE BRICIO,RAQUEL BRÍCIO,UP,v,,,,,04/10/2026 20:07:46,sim
1,04/10/2026,6257,Presidente,1,municipio,RN,16152,2400802,ANGICOS,,,,,DEMOCRATA,i,DEMOCRATA,0,35,DEMOCRATA,DEMOCRATA,,35,280002548139,WILSON GRASSI JUNIOR,VETERINÁRIO WILSON GRASSI,13/03/1970,11,Válido,nao,,1,0.01,0.012411568,SUÊD HAIDAR NOGUEIRA,SUÊD HAIDAR,DEMOCRATA,v,,,,,04/10/2026 20:07:46,sim
1,04/10/2026,6257,Presidente,1,municipio,RN,16152,2400802,ANGICOS,,,,,PARTIDO MISSÃO,i,MISSÃO,0,14,MISSÃO,PARTIDO MISSÃO,,14,280002540694,RENAN ANTONIO FERREIRA DOS SANTOS,RENAN SANTOS,14/02/1984,4,Válido,nao,,102,1.27,1.265979893,AROLDO MEDINA,CORONEL MEDINA,MISSÃO,v,,,,,04/10/2026 20:07:46,sim
1,04/10/2026,6257,Presidente,1,municipio,RN,16152,2400802,ANGICOS,,,,,PARTIDO DA CAUSA OPERÁRIA,i,PCO,0,29,PCO,PARTIDO DA CAUSA OPERÁRIA,,29,280002552487,RUI COSTA PIMENTA,RUI COSTA PIMENTA,25/06/1957,12,Válido,nao,,1,0.01,0.012411568,ANTONIO CARLOS SILVA,ANTÔNIO CARLOS,PCO,v,,,,,04/10/2026 20:07:46,sim
1,04/10/2026,6257,Presidente,1,municipio,RN,16160,2407252,MAJOR SALES,,,,,PARTIDO LIBERAL,i,PL,0,22,PL,PARTIDO LIBERAL,,22,280002551544,FLAVIO NANTES BOLSONARO,FLAVIO BOLSONARO,30/04/1981,1,Válido,nao,,438,17.62,17.618664521,ALFREDO GASPAR DE MENDONÇA NETO,ALFREDO GASPAR,PL,v,,,,,04/10/2026 20:53:48,sim
1,04/10/2026,6257,Presidente,1,municipio,RN,16160,2407252,MAJOR SALES,,,,,PARTIDO SOCIAL DEMOCRÁTICO,i,PSD,0,55,PSD,PARTIDO SOCIAL DEMOCRÁTICO,,55,280002551932,RONALDO RAMOS CAIADO,RONALDO CAIADO,25/09/1949,5,Válido,nao,,14,0.56,0.563153660,GILBERTO KASSAB,GILBERTO KASSAB,PSD,v,,,,,04/10/2026 20:53:48,sim
1,04/10/2026,6257,Presidente,1,municipio,RN,16160,2407252,MAJOR SALES,,PT/PC do B/PV,FEDERAÇÃO BRASIL DA ESPERANÇA - FE BRASIL,PT/PC do B/PV,BRASIL PRONTO PRA MAIS,c,PSB / PDT / PCDOB / PT / PV / PSOL / REDE,,13,PT,PARTIDO DOS TRABALHADORES,101,13,280002542548,LUIZ INÁCIO LULA DA SILVA,LULA,06/10/1945,2,Válido,nao,,1944,78.20,78.197908286,GERALDO JOSE RODRIGUES ALCKMIN FILHO,GERALDO ALCKMIN,PSB,v,,,,,04/10/2026 20:53:48,sim
1,04/10/2026,6257,Presidente,1,municipio,RN,16160,2407252,MAJOR SALES,,,,,DEMOCRACIA CRISTÃ,i,DC,0,27,DC,DEMOCRACIA CRISTÃ,,27,280002552484,CLARIANA ZACARKIM BARAO,CLARIANA BARAO,03/04/1987,9,Válido,nao,,0,0.00,0,FABIANA CRISTINA TAVARES TORQUATO,FABIANA TORQUATO,DC,v,,,,,04/10/2026 20:53:48,sim
1,04/10/2026,6257,Presidente,1,municipio,RN,16160,2407252,MAJOR SALES,,,,,PARTIDO COMUNISTA BRASILEIRO,i,PCB,0,21,PCB,PARTIDO COMUNISTA BRASILEIRO,,21,280002551975,EDMILSON SILVA COSTA,EDMILSON COSTA,08/04/1950,10,Válido,nao,,1,0.04,0.040225261,CLEUSA DOS SANTOS,CLEUSA SANTOS,PCB,v,,,,,04/10/2026 20:53:48,sim
1,04/10/2026,6257,Presidente,1,municipio,RN,16160,2407252,MAJOR SALES,,,,,PARTIDO SOCIALISTA  DOS TRABALHADORES UNIFICADO,i,PSTU,0,16,PSTU,PARTIDO SOCIALISTA  DOS TRABALHADORES UNIFICADO,,16,280002541457,HERTZ DA CONCEICAO DIAS,HERTZ DIAS,20/10/1970,8,Válido,nao,,0,0.00,0,VANESSA PORTUGAL BARBOSA,VANESSA PORTUGAL,PSTU,v,,,,,04/10/2026 20:53:48,sim
1,04/10/2026,6257,Presidente,1,municipio,RN,16160,2407252,MAJOR SALES,,,,,BRASIL DOS NOSSOS SONHOS,c,AGIR / AVANTE,,70,AVANTE,AVANTE,,70,280002551547,AUGUSTO JORGE CURY,ESCRITOR AUGUSTO CURY,02/10/1958,3,Válido,nao,,56,2.25,2.252614642,JULIO CESAR DELGADO,JÚLIO DELGADO,AVANTE,v,,,,,04/10/2026 20:53:48,sim
1,04/10/2026,6257,Presidente,1,municipio,RN,16160,2407252,MAJOR SALES,,,,,PARTIDO NOVO,i,NOVO,0,30,NOVO,PARTIDO NOVO,,30,280002539826,ROMEU ZEMA NETO,ZEMA,28/10/1964,6,Válido,nao,,0,0.00,0,LUIS EDUARDO GRANGEIRO GIRÃO,EDUARDO GIRÃO,NOVO,v,,,,,04/10/2026 20:53:48,sim
1,04/10/2026,6257,Presidente,1,municipio,RN,16160,2407252,MAJOR SALES,,,,,UNIDADE POPULAR,i,UP,0,80,UP,UNIDADE POPULAR,,80,280002538811,SAMARA MARTINS DA SILVA FEITOSA,SAMARA,31/08/1987,7,Válido,nao,,1,0.04,0.040225261,RAQUEL NONATO DE BRICIO,RAQUEL BRÍCIO,UP,v,,,,,04/10/2026 20:53:48,sim
1,04/10/2026,6257,Presidente,1,municipio,RN,16160,2407252,MAJOR SALES,,,,,DEMOCRATA,i,DEMOCRATA,0,35,DEMOCRATA,DEMOCRATA,,35,280002548139,WILSON GRASSI JUNIOR,VETERINÁRIO WILSON GRASSI,13/03/1970,11,Válido,nao,,0,0.00,0,SUÊD HAIDAR NOGUEIRA,SUÊD HAIDAR,DEMOCRATA,v,,,,,04/10/2026 20:53:48,sim
1,04/10/2026,6257,Presidente,1,municipio,RN,16160,2407252,MAJOR SALES,,,,,PARTIDO MISSÃO,i,MISSÃO,0,14,MISSÃO,PARTIDO MISSÃO,,14,280002540694,RENAN ANTONIO FERREIRA DOS SANTOS,RENAN SANTOS,14/02/1984,4,Válido,nao,,31,1.25,1.246983105,AROLDO MEDINA,CORONEL MEDINA,MISSÃO,v,,,,,04/10/2026 20:53:48,sim
1,04/10/2026,6257,Presidente,1,municipio,RN,16160,2407252,MAJOR SALES,,,,,PARTIDO DA CAUSA OPERÁRIA,i,PCO,0,29,PCO,PARTIDO DA CAUSA OPERÁRIA,,29,280002552487,RUI COSTA PIMENTA,RUI COSTA PIMENTA,25/06/1957,12,Válido,nao,,1,0.04,0.040225261,ANTONIO CARLOS SILVA,ANTÔNIO CARLOS,PCO,v,,,,,04/10/2026 20:53:48,sim
1,04/10/2026,6257,Presidente,1,municipio,RN,16179,2400901,ANTÔNIO MARTINS,,,,,PARTIDO LIBERAL,i,PL,0,22,PL,PARTIDO LIBERAL,,22,280002551544,FLAVIO NANTES BOLSONARO,FLAVIO BOLSONARO,30/04/1981,1,Válido,nao,,796,16.75,16.754367502,ALFREDO GASPAR DE MENDONÇA NETO,ALFREDO GASPAR,PL,v,,,,,04/10/2026 18:37:14,sim
1,04/10/2026,6257,Presidente,1,municipio,RN,16179,2400901,ANTÔNIO MARTINS,,,,,PARTIDO SOCIAL DEMOCRÁTICO,i,PSD,0,55,PSD,PARTIDO SOCIAL DEMOCRÁTICO,,55,280002551932,RONALDO RAMOS CAIADO,RONALDO CAIADO,25/09/1949,4,Válido,nao,,26,0.55,0.547253210,GILBERTO KASSAB,GILBERTO KASSAB,PSD,v,,,,,04/10/2026 18:37:14,sim
1,04/10/2026,6257,Presidente,1,municipio,RN,16179,2400901,ANTÔNIO MARTINS,,PT/PC do B/PV,FEDERAÇÃO BRASIL DA ESPERANÇA - FE BRASIL,PT/PC do B/PV,BRASIL PRONTO PRA MAIS,c,PSB / PDT / PCDOB / PT / PV / PSOL / REDE,,13,PT,PARTIDO DOS TRABALHADORES,101,13,280002542548,LUIZ INÁCIO LULA DA SILVA,LULA,06/10/1945,2,Válido,nao,,3807,80.13,80.130498842,GERALDO JOSE RODRIGUES ALCKMIN FILHO,GERALDO ALCKMIN,PSB,v,,,,,04/10/2026 18:37:14,sim
1,04/10/2026,6257,Presidente,1,municipio,RN,16179,2400901,ANTÔNIO MARTINS,,,,,DEMOCRACIA CRISTÃ,i,DC,0,27,DC,DEMOCRACIA CRISTÃ,,27,280002552484,CLARIANA ZACARKIM BARAO,CLARIANA BARAO,03/04/1987,9,Válido,nao,,0,0.00,0,FABIANA CRISTINA TAVARES TORQUATO,FABIANA TORQUATO,DC,v,,,,,04/10/2026 18:37:14,sim
1,04/10/2026,6257,Presidente,1,municipio,RN,16179,2400901,ANTÔNIO MARTINS,,,,,PARTIDO COMUNISTA BRASILEIRO,i,PCB,0,21,PCB,PARTIDO COMUNISTA BRASILEIRO,,21,280002551975,EDMILSON SILVA COSTA,EDMILSON COSTA,08/04/1950,10,Válido,nao,,0,0.00,0,CLEUSA DOS SANTOS,CLEUSA SANTOS,PCB,v,,,,,04/10/2026 18:37:14,sim
1,04/10/2026,6257,Presidente,1,municipio,RN,16179,2400901,ANTÔNIO MARTINS,,,,,PARTIDO SOCIALISTA  DOS TRABALHADORES UNIFICADO,i,PSTU,0,16,PSTU,PARTIDO SOCIALISTA  DOS TRABALHADORES UNIFICADO,,16,280002541457,HERTZ DA CONCEICAO DIAS,HERTZ DIAS,20/10/1970,8,Válido,nao,,3,0.06,0.063144601,VANESSA PORTUGAL BARBOSA,VANESSA PORTUGAL,PSTU,v,,,,,04/10/2026 18:37:14,sim
1,04/10/2026,6257,Presidente,1,municipio,RN,16179,2400901,ANTÔNIO MARTINS,,,,,BRASIL DOS NOSSOS SONHOS,c,AGIR / AVANTE,,70,AVANTE,AVANTE,,70,280002551547,AUGUSTO JORGE CURY,ESCRITOR AUGUSTO CURY,02/10/1958,3,Válido,nao,,84,1.77,1.768048832,JULIO CESAR DELGADO,JÚLIO DELGADO,AVANTE,v,,,,,04/10/2026 18:37:14,sim
1,04/10/2026,6257,Presidente,1,municipio,RN,16179,2400901,ANTÔNIO MARTINS,,,,,PARTIDO NOVO,i,NOVO,0,30,NOVO,PARTIDO NOVO,,30,280002539826,ROMEU ZEMA NETO,ZEMA,28/10/1964,6,Válido,nao,,1,0.02,0.021048200,LUIS EDUARDO GRANGEIRO GIRÃO,EDUARDO GIRÃO,NOVO,v,,,,,04/10/2026 18:37:14,sim
1,04/10/2026,6257,Presidente,1,municipio,RN,16179,2400901,ANTÔNIO MARTINS,,,,,UNIDADE POPULAR,i,UP,0,80,UP,UNIDADE POPULAR,,80,280002538811,SAMARA MARTINS DA SILVA FEITOSA,SAMARA,31/08/1987,7,Válido,nao,,0,0.00,0,RAQUEL NONATO DE BRICIO,RAQUEL BRÍCIO,UP,v,,,,,04/10/2026 18:37:14,sim
1,04/10/2026,6257,Presidente,1,municipio,RN,16179,2400901,ANTÔNIO MARTINS,,,,,DEMOCRATA,i,DEMOCRATA,0,35,DEMOCRATA,DEMOCRATA,,35,280002548139,WILSON GRASSI JUNIOR,VETERINÁRIO WILSON GRASSI,13/03/1970,11,Válido,nao,,0,0.00,0,SUÊD HAIDAR NOGUEIRA,SUÊD HAIDAR,DEMOCRATA,v,,,,,04/10/2026 18:37:14,sim
1,04/10/2026,6257,Presidente,1,municipio,RN,16179,2400901,ANTÔNIO MARTINS,,,,,PARTIDO MISSÃO,i,MISSÃO,0,14,MISSÃO,PARTIDO MISSÃO,,14,280002540694,RENAN ANTONIO FERREIRA DOS SANTOS,RENAN SANTOS,14/02/1984,5,Válido,nao,,34,0.72,0.715638813,AROLDO MEDINA,CORONEL MEDINA,MISSÃO,v,,,,,04/10/2026 18:37:14,sim
1,04/10/2026,6257,Presidente,1,municipio,RN,16179,2400901,ANTÔNIO MARTINS,,,,,PARTIDO DA CAUSA OPERÁRIA,i,PCO,0,29,PCO,PARTIDO DA CAUSA OPERÁRIA,,29,280002552487,RUI COSTA PIMENTA,RUI COSTA PIMENTA,25/06/1957,12,Válido,nao,,0,0.00,0,ANTONIO CARLOS SILVA,ANTÔNIO CARLOS,PCO,v,,,,,04/10/2026 18:37:14,sim
1,04/10/2026,6257,Presidente,1,municipio,RN,16187,2414753,VENHA-VER,,,,,PARTIDO LIBERAL,i,PL,0,22,PL,PARTIDO LIBERAL,,22,280002551544,FLAVIO NANTES BOLSONARO,FLAVIO BOLSONARO,30/04/1981,1,Válido,nao,,531,18.48,18.482422555,ALFREDO GASPAR DE MENDONÇA NETO,ALFREDO GASPAR,PL,v,,,,,04/10/2026 20:33:38,sim
1,04/10/2026,6257,Presidente,1,municipio,RN,16187,2414753,VENHA-VER,,,,,PARTIDO SOCIAL DEMOCRÁTICO,i,PSD,0,55,PSD,PARTIDO SOCIAL DEMOCRÁTICO,,55,280002551932,RONALDO RAMOS CAIADO,RONALDO CAIADO,25/09/1949,5,Válido,nao,,18,0.63,0.626522798,GILBERTO KASSAB,GILBERTO KASSAB,PSD,v,,,,,04/10/2026 20:33:38,sim
1,04/10/2026,6257,Presidente,1,municipio,RN,16187,2414753,VENHA-VER,,PT/PC do B/PV,FEDERAÇÃO BRASIL DA ESPERANÇA - FE BRASIL,PT/PC do B/PV,BRASIL PRONTO PRA MAIS,c,PSB / PDT / PCDOB / PT / PV / PSOL / REDE,,13,PT,PARTIDO DOS TRABALHADORES,101,13,280002542548,LUIZ INÁCIO LULA DA SILVA,LULA,06/10/1945,2,Válido,nao,,2222,77.34,77.340758789,GERALDO JOSE RODRIGUES ALCKMIN FILHO,GERALDO ALCKMIN,PSB,v,,,,,04/10/2026 20:33:38,sim
1,04/10/2026,6257,Presidente,1,municipio,RN,16187,2414753,VENHA-VER,,,,,DEMOCRACIA CRISTÃ,i,DC,0,27,DC,DEMOCRACIA CRISTÃ,,27,280002552484,CLARIANA ZACARKIM BARAO,CLARIANA BARAO,03/04/1987,9,Válido,nao,,0,0.00,0,FABIANA CRISTINA TAVARES TORQUATO,FABIANA TORQUATO,DC,v,,,,,04/10/2026 20:33:38,sim
1,04/10/2026,6257,Presidente,1,municipio,RN,16187,2414753,VENHA-VER,,,,,PARTIDO COMUNISTA BRASILEIRO,i,PCB,0,21,PCB,PARTIDO COMUNISTA BRASILEIRO,,21,280002551975,EDMILSON SILVA COSTA,EDMILSON COSTA,08/04/1950,10,Válido,nao,,3,0.10,0.104420466,CLEUSA DOS SANTOS,CLEUSA SANTOS,PCB,v,,,,,04/10/2026 20:33:38,sim
1,04/10/2026,6257,Presidente,1,municipio,RN,16187,2414753,VENHA-VER,,,,,PARTIDO SOCIALISTA  DOS TRABALHADORES UNIFICADO,i,PSTU,0,16,PSTU,PARTIDO SOCIALISTA  DOS TRABALHADORES UNIFICADO,,16,280002541457,HERTZ DA CONCEICAO DIAS,HERTZ DIAS,20/10/1970,8,Válido,nao,,2,0.07,0.069613644,VANESSA PORTUGAL BARBOSA,VANESSA PORTUGAL,PSTU,v,,,,,04/10/2026 20:33:38,sim
1,04/10/2026,6257,Presidente,1,municipio,RN,16187,2414753,VENHA-VER,,,,,BRASIL DOS NOSSOS SONHOS,c,AGIR / AVANTE,,70,AVANTE,AVANTE,,70,280002551547,AUGUSTO JORGE CURY,ESCRITOR AUGUSTO CURY,02/10/1958,3,Válido,nao,,51,1.78,1.775147929,JULIO CESAR DELGADO,JÚLIO DELGADO,AVANTE,v,,,,,04/10/2026 20:33:38,sim
1,04/10/2026,6257,Presidente,1,municipio,RN,16187,2414753,VENHA-VER,,,,,PARTIDO NOVO,i,NOVO,0,30,NOVO,PARTIDO NOVO,,30,280002539826,ROMEU ZEMA NETO,ZEMA,28/10/1964,6,Válido,nao,,1,0.03,0.034806822,LUIS EDUARDO GRANGEIRO GIRÃO,EDUARDO GIRÃO,NOVO,v,,,,,04/10/2026 20:33:38,sim
1,04/10/2026,6257,Presidente,1,municipio,RN,16187,2414753,VENHA-VER,,,,,UNIDADE POPULAR,i,UP,0,80,UP,UNIDADE POPULAR,,80,280002538811,SAMARA MARTINS DA SILVA FEITOSA,SAMARA,31/08/1987,7,Válido,nao,,0,0.00,0,RAQUEL NONATO DE BRICIO,RAQUEL BRÍCIO,UP,v,,,,,04/10/2026 20:33:38,sim
1,04/10/2026,6257,Presidente,1,municipio,RN,16187,2414753,VENHA-VER,,,,,DEMOCRATA,i,DEMOCRATA,0,35,DEMOCRATA,DEMOCRATA,,35,280002548139,WILSON GRASSI JUNIOR,VETERINÁRIO WILSON GRASSI,13/03/1970,11,Válido,nao,,3,0.10,0.104420466,SUÊD HAIDAR NOGUEIRA,SUÊD HAIDAR,DEMOCRATA,v,,,,,04/10/2026 20:33:38,sim
1,04/10/2026,6257,Presidente,1,municipio,RN,16187,2414753,VENHA-VER,,,,,PARTIDO MISSÃO,i,MISSÃO,0,14,MISSÃO,PARTIDO MISSÃO,,14,280002540694,RENAN ANTONIO FERREIRA DOS SANTOS,RENAN SANTOS,14/02/1984,4,Válido,nao,,42,1.46,1.461886530,AROLDO MEDINA,CORONEL MEDINA,MISSÃO,v,,,,,04/10/2026 20:33:38,sim
1,04/10/2026,6257,Presidente,1,municipio,RN,16187,2414753,VENHA-VER,,,,,PARTIDO DA CAUSA OPERÁRIA,i,PCO,0,29,PCO,PARTIDO DA CAUSA OPERÁRIA,,29,280002552487,RUI COSTA PIMENTA,RUI COSTA PIMENTA,25/06/1957,12,Válido,nao,,0,0.00,0,ANTONIO CARLOS SILVA,ANTÔNIO CARLOS,PCO,v,,,,,04/10/2026 20:33:38,sim
1,04/10/2026,6257,Presidente,1,municipio,RN,16195,2401008,APODI,,,,,PARTIDO LIBERAL,i,PL,0,22,PL,PARTIDO LIBERAL,,22,280002551544,FLAVIO NANTES BOLSONARO,FLAVIO BOLSONARO,30/04/1981,1,Válido,nao,,5839,23.68,23.675140899,ALFREDO GASPAR DE MENDONÇA NETO,ALFREDO GASPAR,PL,v,,,,,04/10/2026 20:42:19,sim
1,04/10/2026,6257,Presidente,1,municipio,RN,16195,2401008,APODI,,,,,PARTIDO SOCIAL DEMOCRÁTICO,i,PSD,0,55,PSD,PARTIDO SOCIAL DEMOCRÁTICO,,55,280002551932,RONALDO RAMOS CAIADO,RONALDO CAIADO,25/09/1949,5,Válido,nao,,179,0.73,0.725783562,GILBERTO KASSAB,GILBERTO KASSAB,PSD,v,,,,,04/10/2026 20:42:19,sim
1,04/10/2026,6257,Presidente,1,municipio,RN,16195,2401008,APODI,,PT/PC do B/PV,FEDERAÇÃO BRASIL DA ESPERANÇA - FE BRASIL,PT/PC do B/PV,BRASIL PRONTO PRA MAIS,c,PSB / PDT / PCDOB / PT / PV / PSOL / REDE,,13,PT,PARTIDO DOS TRABALHADORES,101,13,280002542548,LUIZ INÁCIO LULA DA SILVA,LULA,06/10/1945,2,Válido,nao,,17301,70.15,70.149616835,GERALDO JOSE RODRIGUES ALCKMIN FILHO,GERALDO ALCKMIN,PSB,v,,,,,04/10/2026 20:42:19,sim
1,04/10/2026,6257,Presidente,1,municipio,RN,16195,2401008,APODI,,,,,DEMOCRACIA CRISTÃ,i,DC,0,27,DC,DEMOCRACIA CRISTÃ,,27,280002552484,CLARIANA ZACARKIM BARAO,CLARIANA BARAO,03/04/1987,9,Válido,nao,,3,0.01,0.012163970,FABIANA CRISTINA TAVARES TORQUATO,FABIANA TORQUATO,DC,v,,,,,04/10/2026 20:42:19,sim
1,04/10/2026,6257,Presidente,1,municipio,RN,16195,2401008,APODI,,,,,PARTIDO COMUNISTA BRASILEIRO,i,PCB,0,21,PCB,PARTIDO COMUNISTA BRASILEIRO,,21,280002551975,EDMILSON SILVA COSTA,EDMILSON COSTA,08/04/1950,10,Válido,nao,,1,0.01,0.004054657,CLEUSA DOS SANTOS,CLEUSA SANTOS,PCB,v,,,,,04/10/2026 20:42:19,sim
1,04/10/2026,6257,Presidente,1,municipio,RN,16195,2401008,APODI,,,,,PARTIDO SOCIALISTA  DOS TRABALHADORES UNIFICADO,i,PSTU,0,16,PSTU,PARTIDO SOCIALISTA  DOS TRABALHADORES UNIFICADO,,16,280002541457,HERTZ DA CONCEICAO DIAS,HERTZ DIAS,20/10/1970,8,Válido,nao,,3,0.01,0.012163970,VANESSA PORTUGAL BARBOSA,VANESSA PORTUGAL,PSTU,v,,,,,04/10/2026 20:42:19,sim
1,04/10/2026,6257,Presidente,1,municipio,RN,16195,2401008,APODI,,,,,BRASIL DOS NOSSOS SONHOS,c,AGIR / AVANTE,,70,AVANTE,AVANTE,,70,280002551547,AUGUSTO JORGE CURY,ESCRITOR AUGUSTO CURY,02/10/1958,3,Válido,nao,,699,2.83,2.834205085,JULIO CESAR DELGADO,JÚLIO DELGADO,AVANTE,v,,,,,04/10/2026 20:42:19,sim
1,04/10/2026,6257,Presidente,1,municipio,RN,16195,2401008,APODI,,,,,PARTIDO NOVO,i,NOVO,0,30,NOVO,PARTIDO NOVO,,30,280002539826,ROMEU ZEMA NETO,ZEMA,28/10/1964,6,Válido,nao,,8,0.03,0.032437254,LUIS EDUARDO GRANGEIRO GIRÃO,EDUARDO GIRÃO,NOVO,v,,,,,04/10/2026 20:42:19,sim
1,04/10/2026,6257,Presidente,1,municipio,RN,16195,2401008,APODI,,,,,UNIDADE POPULAR,i,UP,0,80,UP,UNIDADE POPULAR,,80,280002538811,SAMARA MARTINS DA SILVA FEITOSA,SAMARA,31/08/1987,7,Válido,nao,,12,0.05,0.048655881,RAQUEL NONATO DE BRICIO,RAQUEL BRÍCIO,UP,v,,,,,04/10/2026 20:42:19,sim
1,04/10/2026,6257,Presidente,1,municipio,RN,16195,2401008,APODI,,,,,DEMOCRATA,i,DEMOCRATA,0,35,DEMOCRATA,DEMOCRATA,,35,280002548139,WILSON GRASSI JUNIOR,VETERINÁRIO WILSON GRASSI,13/03/1970,11,Válido,nao,,3,0.01,0.012163970,SUÊD HAIDAR NOGUEIRA,SUÊD HAIDAR,DEMOCRATA,v,,,,,04/10/2026 20:42:19,sim
1,04/10/2026,6257,Presidente,1,municipio,RN,16195,2401008,APODI,,,,,PARTIDO MISSÃO,i,MISSÃO,0,14,MISSÃO,PARTIDO MISSÃO,,14,280002540694,RENAN ANTONIO FERREIRA DOS SANTOS,RENAN SANTOS,14/02/1984,4,Válido,nao,,613,2.49,2.485504602,AROLDO MEDINA,CORONEL MEDINA,MISSÃO,v,,,,,04/10/2026 20:42:19,sim
1,04/10/2026,6257,Presidente,1,municipio,RN,16195,2401008,APODI,,,,,PARTIDO DA CAUSA OPERÁRIA,i,PCO,0,29,PCO,PARTIDO DA CAUSA OPERÁRIA,,29,280002552487,RUI COSTA PIMENTA,RUI COSTA PIMENTA,25/06/1957,12,Válido,nao,,2,0.01,0.008109314,ANTONIO CARLOS SILVA,ANTÔNIO CARLOS,PCO,v,,,,,04/10/2026 20:42:19,sim
1,04/10/2026,6257,Presidente,1,municipio,RN,16209,2413557,SERRINHA DOS PINTOS,,,,,PARTIDO LIBERAL,i,PL,0,22,PL,PARTIDO LIBERAL,,22,280002551544,FLAVIO NANTES BOLSONARO,FLAVIO BOLSONARO,30/04/1981,1,Válido,nao,,651,19.20,19.203539823,ALFREDO GASPAR DE MENDONÇA NETO,ALFREDO GASPAR,PL,v,,,,,04/10/2026 19:07:00,sim
1,04/10/2026,6257,Presidente,1,municipio,RN,16209,2413557,SERRINHA DOS PINTOS,,,,,PARTIDO SOCIAL DEMOCRÁTICO,i,PSD,0,55,PSD,PARTIDO SOCIAL DEMOCRÁTICO,,55,280002551932,RONALDO RAMOS CAIADO,RONALDO CAIADO,25/09/1949,4,Válido,nao,,19,0.56,0.560471976,GILBERTO KASSAB,GILBERTO KASSAB,PSD,v,,,,,04/10/2026 19:07:00,sim
1,04/10/2026,6257,Presidente,1,municipio,RN,16209,2413557,SERRINHA DOS PINTOS,,PT/PC do B/PV,FEDERAÇÃO BRASIL DA ESPERANÇA - FE BRASIL,PT/PC do B/PV,BRASIL PRONTO PRA MAIS,c,PSB / PDT / PCDOB / PT / PV / PSOL / REDE,,13,PT,PARTIDO DOS TRABALHADORES,101,13,280002542548,LUIZ INÁCIO LULA DA SILVA,LULA,06/10/1945,2,Válido,nao,,2625,77.43,77.433628319,GERALDO JOSE RODRIGUES ALCKMIN FILHO,GERALDO ALCKMIN,PSB,v,,,,,04/10/2026 19:07:00,sim
1,04/10/2026,6257,Presidente,1,municipio,RN,16209,2413557,SERRINHA DOS PINTOS,,,,,DEMOCRACIA CRISTÃ,i,DC,0,27,DC,DEMOCRACIA CRISTÃ,,27,280002552484,CLARIANA ZACARKIM BARAO,CLARIANA BARAO,03/04/1987,9,Válido,nao,,1,0.03,0.029498525,FABIANA CRISTINA TAVARES TORQUATO,FABIANA TORQUATO,DC,v,,,,,04/10/2026 19:07:00,sim
1,04/10/2026,6257,Presidente,1,municipio,RN,16209,2413557,SERRINHA DOS PINTOS,,,,,PARTIDO COMUNISTA BRASILEIRO,i,PCB,0,21,PCB,PARTIDO COMUNISTA BRASILEIRO,,21,280002551975,EDMILSON SILVA COSTA,EDMILSON COSTA,08/04/1950,10,Válido,nao,,3,0.09,0.088495575,CLEUSA DOS SANTOS,CLEUSA SANTOS,PCB,v,,,,,04/10/2026 19:07:00,sim
1,04/10/2026,6257,Presidente,1,municipio,RN,16209,2413557,SERRINHA DOS PINTOS,,,,,PARTIDO SOCIALISTA  DOS TRABALHADORES UNIFICADO,i,PSTU,0,16,PSTU,PARTIDO SOCIALISTA  DOS TRABALHADORES UNIFICADO,,16,280002541457,HERTZ DA CONCEICAO DIAS,HERTZ DIAS,20/10/1970,8,Válido,nao,,0,0.00,0,VANESSA PORTUGAL BARBOSA,VANESSA PORTUGAL,PSTU,v,,,,,04/10/2026 19:07:00,sim
1,04/10/2026,6257,Presidente,1,municipio,RN,16209,2413557,SERRINHA DOS PINTOS,,,,,BRASIL DOS NOSSOS SONHOS,c,AGIR / AVANTE,,70,AVANTE,AVANTE,,70,280002551547,AUGUSTO JORGE CURY,ESCRITOR AUGUSTO CURY,02/10/1958,3,Válido,nao,,60,1.77,1.769911504,JULIO CESAR DELGADO,JÚLIO DELGADO,AVANTE,v,,,,,04/10/2026 19:07:00,sim
1,04/10/2026,6257,Presidente,1,municipio,RN,16209,2413557,SERRINHA DOS PINTOS,,,,,PARTIDO NOVO,i,NOVO,0,30,NOVO,PARTIDO NOVO,,30,280002539826,ROMEU ZEMA NETO,ZEMA,28/10/1964,6,Válido,nao,,0,0.00,0,LUIS EDUARDO GRANGEIRO GIRÃO,EDUARDO GIRÃO,NOVO,v,,,,,04/10/2026 19:07:00,sim
1,04/10/2026,6257,Presidente,1,municipio,RN,16209,2413557,SERRINHA DOS PINTOS,,,,,UNIDADE POPULAR,i,UP,0,80,UP,UNIDADE POPULAR,,80,280002538811,SAMARA MARTINS DA SILVA FEITOSA,SAMARA,31/08/1987,7,Válido,nao,,2,0.06,0.058997050,RAQUEL NONATO DE BRICIO,RAQUEL BRÍCIO,UP,v,,,,,04/10/2026 19:07:00,sim
1,04/10/2026,6257,Presidente,1,municipio,RN,16209,2413557,SERRINHA DOS PINTOS,,,,,DEMOCRATA,i,DEMOCRATA,0,35,DEMOCRATA,DEMOCRATA,,35,280002548139,WILSON GRASSI JUNIOR,VETERINÁRIO WILSON GRASSI,13/03/1970,11,Válido,nao,,0,0.00,0,SUÊD HAIDAR NOGUEIRA,SUÊD HAIDAR,DEMOCRATA,v,,,,,04/10/2026 19:07:00,sim
1,04/10/2026,6257,Presidente,1,municipio,RN,16209,2413557,SERRINHA DOS PINTOS,,,,,PARTIDO MISSÃO,i,MISSÃO,0,14,MISSÃO,PARTIDO MISSÃO,,14,280002540694,RENAN ANTONIO FERREIRA DOS SANTOS,RENAN SANTOS,14/02/1984,5,Válido,nao,,29,0.86,0.855457227,AROLDO MEDINA,CORONEL MEDINA,MISSÃO,v,,,,,04/10/2026 19:07:00,sim
1,04/10/2026,6257,Presidente,1,municipio,RN,16209,2413557,SERRINHA DOS PINTOS,,,,,PARTIDO DA CAUSA OPERÁRIA,i,PCO,0,29,PCO,PARTIDO DA CAUSA OPERÁRIA,,29,280002552487,RUI COSTA PIMENTA,RUI COSTA PIMENTA,25/06/1957,12,Válido,nao,,0,0.00,0,ANTONIO CARLOS SILVA,ANTÔNIO CARLOS,PCO,v,,,,,04/10/2026 19:07:00,sim
1,04/10/2026,6257,Presidente,1,municipio,RN,16217,2401107,AREIA BRANCA,,,,,PARTIDO LIBERAL,i,PL,0,22,PL,PARTIDO LIBERAL,,22,280002551544,FLAVIO NANTES BOLSONARO,FLAVIO BOLSONARO,30/04/1981,1,Válido,nao,,5319,32.15,32.154515778,ALFREDO GASPAR DE MENDONÇA NETO,ALFREDO GASPAR,PL,v,,,,,04/10/2026 20:24:18,sim
1,04/10/2026,6257,Presidente,1,municipio,RN,16217,2401107,AREIA BRANCA,,,,,PARTIDO SOCIAL DEMOCRÁTICO,i,PSD,0,55,PSD,PARTIDO SOCIAL DEMOCRÁTICO,,55,280002551932,RONALDO RAMOS CAIADO,RONALDO CAIADO,25/09/1949,5,Válido,nao,,67,0.41,0.405029622,GILBERTO KASSAB,GILBERTO KASSAB,PSD,v,,,,,04/10/2026 20:24:18,sim
1,04/10/2026,6257,Presidente,1,municipio,RN,16217,2401107,AREIA BRANCA,,PT/PC do B/PV,FEDERAÇÃO BRASIL DA ESPERANÇA - FE BRASIL,PT/PC do B/PV,BRASIL PRONTO PRA MAIS,c,PSB / PDT / PCDOB / PT / PV / PSOL / REDE,,13,PT,PARTIDO DOS TRABALHADORES,101,13,280002542548,LUIZ INÁCIO LULA DA SILVA,LULA,06/10/1945,2,Válido,nao,,10235,61.87,61.872808608,GERALDO JOSE RODRIGUES ALCKMIN FILHO,GERALDO ALCKMIN,PSB,v,,,,,04/10/2026 20:24:18,sim
1,04/10/2026,6257,Presidente,1,municipio,RN,16217,2401107,AREIA BRANCA,,,,,DEMOCRACIA CRISTÃ,i,DC,0,27,DC,DEMOCRACIA CRISTÃ,,27,280002552484,CLARIANA ZACARKIM BARAO,CLARIANA BARAO,03/04/1987,9,Válido,nao,,5,0.03,0.030226091,FABIANA CRISTINA TAVARES TORQUATO,FABIANA TORQUATO,DC,v,,,,,04/10/2026 20:24:18,sim
1,04/10/2026,6257,Presidente,1,municipio,RN,16217,2401107,AREIA BRANCA,,,,,PARTIDO COMUNISTA BRASILEIRO,i,PCB,0,21,PCB,PARTIDO COMUNISTA BRASILEIRO,,21,280002551975,EDMILSON SILVA COSTA,EDMILSON COSTA,08/04/1950,10,Válido,nao,,5,0.03,0.030226091,CLEUSA DOS SANTOS,CLEUSA SANTOS,PCB,v,,,,,04/10/2026 20:24:18,sim
1,04/10/2026,6257,Presidente,1,municipio,RN,16217,2401107,AREIA BRANCA,,,,,PARTIDO SOCIALISTA  DOS TRABALHADORES UNIFICADO,i,PSTU,0,16,PSTU,PARTIDO SOCIALISTA  DOS TRABALHADORES UNIFICADO,,16,280002541457,HERTZ DA CONCEICAO DIAS,HERTZ DIAS,20/10/1970,8,Válido,nao,,1,0.01,0.006045218,VANESSA PORTUGAL BARBOSA,VANESSA PORTUGAL,PSTU,v,,,,,04/10/2026 20:24:18,sim
1,04/10/2026,6257,Presidente,1,municipio,RN,16217,2401107,AREIA BRANCA,,,,,BRASIL DOS NOSSOS SONHOS,c,AGIR / AVANTE,,70,AVANTE,AVANTE,,70,280002551547,AUGUSTO JORGE CURY,ESCRITOR AUGUSTO CURY,02/10/1958,3,Válido,nao,,477,2.88,2.883569097,JULIO CESAR DELGADO,JÚLIO DELGADO,AVANTE,v,,,,,04/10/2026 20:24:18,sim
1,04/10/2026,6257,Presidente,1,municipio,RN,16217,2401107,AREIA BRANCA,,,,,PARTIDO NOVO,i,NOVO,0,30,NOVO,PARTIDO NOVO,,30,280002539826,ROMEU ZEMA NETO,ZEMA,28/10/1964,6,Válido,nao,,5,0.03,0.030226091,LUIS EDUARDO GRANGEIRO GIRÃO,EDUARDO GIRÃO,NOVO,v,,,,,04/10/2026 20:24:18,sim
1,04/10/2026,6257,Presidente,1,municipio,RN,16217,2401107,AREIA BRANCA,,,,,UNIDADE POPULAR,i,UP,0,80,UP,UNIDADE POPULAR,,80,280002538811,SAMARA MARTINS DA SILVA FEITOSA,SAMARA,31/08/1987,7,Válido,nao,,14,0.08,0.084633055,RAQUEL NONATO DE BRICIO,RAQUEL BRÍCIO,UP,v,,,,,04/10/2026 20:24:18,sim
1,04/10/2026,6257,Presidente,1,municipio,RN,16217,2401107,AREIA BRANCA,,,,,DEMOCRATA,i,DEMOCRATA,0,35,DEMOCRATA,DEMOCRATA,,35,280002548139,WILSON GRASSI JUNIOR,VETERINÁRIO WILSON GRASSI,13/03/1970,11,Válido,nao,,3,0.02,0.018135655,SUÊD HAIDAR NOGUEIRA,SUÊD HAIDAR,DEMOCRATA,v,,,,,04/10/2026 20:24:18,sim
1,04/10/2026,6257,Presidente,1,municipio,RN,16217,2401107,AREIA BRANCA,,,,,PARTIDO MISSÃO,i,MISSÃO,0,14,MISSÃO,PARTIDO MISSÃO,,14,280002540694,RENAN ANTONIO FERREIRA DOS SANTOS,RENAN SANTOS,14/02/1984,4,Válido,nao,,410,2.48,2.478539475,AROLDO MEDINA,CORONEL MEDINA,MISSÃO,v,,,,,04/10/2026 20:24:18,sim
1,04/10/2026,6257,Presidente,1,municipio,RN,16217,2401107,AREIA BRANCA,,,,,PARTIDO DA CAUSA OPERÁRIA,i,PCO,0,29,PCO,PARTIDO DA CAUSA OPERÁRIA,,29,280002552487,RUI COSTA PIMENTA,RUI COSTA PIMENTA,25/06/1957,12,Válido,nao,,1,0.01,0.006045218,ANTONIO CARLOS SILVA,ANTÔNIO CARLOS,PCO,v,,,,,04/10/2026 20:24:18,sim
1,04/10/2026,6257,Presidente,1,municipio,RN,16225,2411056,TIBAU,,,,,PARTIDO LIBERAL,i,PL,0,22,PL,PARTIDO LIBERAL,,22,280002551544,FLAVIO NANTES BOLSONARO,FLAVIO BOLSONARO,30/04/1981,1,Válido,nao,,2514,37.47,37.466467958,ALFREDO GASPAR DE MENDONÇA NETO,ALFREDO GASPAR,PL,v,,,,,04/10/2026 20:10:31,sim
1,04/10/2026,6257,Presidente,1,municipio,RN,16225,2411056,TIBAU,,,,,PARTIDO SOCIAL DEMOCRÁTICO,i,PSD,0,55,PSD,PARTIDO SOCIAL DEMOCRÁTICO,,55,280002551932,RONALDO RAMOS CAIADO,RONALDO CAIADO,25/09/1949,5,Válido,nao,,36,0.54,0.536512668,GILBERTO KASSAB,GILBERTO KASSAB,PSD,v,,,,,04/10/2026 20:10:31,sim
1,04/10/2026,6257,Presidente,1,municipio,RN,16225,2411056,TIBAU,,PT/PC do B/PV,FEDERAÇÃO BRASIL DA ESPERANÇA - FE BRASIL,PT/PC do B/PV,BRASIL PRONTO PRA MAIS,c,PSB / PDT / PCDOB / PT / PV / PSOL / REDE,,13,PT,PARTIDO DOS TRABALHADORES,101,13,280002542548,LUIZ INÁCIO LULA DA SILVA,LULA,06/10/1945,2,Válido,nao,,3855,57.45,57.451564829,GERALDO JOSE RODRIGUES ALCKMIN FILHO,GERALDO ALCKMIN,PSB,v,,,,,04/10/2026 20:10:31,sim
1,04/10/2026,6257,Presidente,1,municipio,RN,16225,2411056,TIBAU,,,,,DEMOCRACIA CRISTÃ,i,DC,0,27,DC,DEMOCRACIA CRISTÃ,,27,280002552484,CLARIANA ZACARKIM BARAO,CLARIANA BARAO,03/04/1987,9,Válido,nao,,1,0.01,0.014903130,FABIANA CRISTINA TAVARES TORQUATO,FABIANA TORQUATO,DC,v,,,,,04/10/2026 20:10:31,sim
1,04/10/2026,6257,Presidente,1,municipio,RN,16225,2411056,TIBAU,,,,,PARTIDO COMUNISTA BRASILEIRO,i,PCB,0,21,PCB,PARTIDO COMUNISTA BRASILEIRO,,21,280002551975,EDMILSON SILVA COSTA,EDMILSON COSTA,08/04/1950,10,Válido,nao,,3,0.04,0.044709389,CLEUSA DOS SANTOS,CLEUSA SANTOS,PCB,v,,,,,04/10/2026 20:10:31,sim
1,04/10/2026,6257,Presidente,1,municipio,RN,16225,2411056,TIBAU,,,,,PARTIDO SOCIALISTA  DOS TRABALHADORES UNIFICADO,i,PSTU,0,16,PSTU,PARTIDO SOCIALISTA  DOS TRABALHADORES UNIFICADO,,16,280002541457,HERTZ DA CONCEICAO DIAS,HERTZ DIAS,20/10/1970,8,Válido,nao,,1,0.01,0.014903130,VANESSA PORTUGAL BARBOSA,VANESSA PORTUGAL,PSTU,v,,,,,04/10/2026 20:10:31,sim
1,04/10/2026,6257,Presidente,1,municipio,RN,16225,2411056,TIBAU,,,,,BRASIL DOS NOSSOS SONHOS,c,AGIR / AVANTE,,70,AVANTE,AVANTE,,70,280002551547,AUGUSTO JORGE CURY,ESCRITOR AUGUSTO CURY,02/10/1958,3,Válido,nao,,199,2.97,2.965722802,JULIO CESAR DELGADO,JÚLIO DELGADO,AVANTE,v,,,,,04/10/2026 20:10:31,sim
1,04/10/2026,6257,Presidente,1,municipio,RN,16225,2411056,TIBAU,,,,,PARTIDO NOVO,i,NOVO,0,30,NOVO,PARTIDO NOVO,,30,280002539826,ROMEU ZEMA NETO,ZEMA,28/10/1964,6,Válido,nao,,2,0.03,0.029806259,LUIS EDUARDO GRANGEIRO GIRÃO,EDUARDO GIRÃO,NOVO,v,,,,,04/10/2026 20:10:31,sim
1,04/10/2026,6257,Presidente,1,municipio,RN,16225,2411056,TIBAU,,,,,UNIDADE POPULAR,i,UP,0,80,UP,UNIDADE POPULAR,,80,280002538811,SAMARA MARTINS DA SILVA FEITOSA,SAMARA,31/08/1987,7,Válido,nao,,3,0.04,0.044709389,RAQUEL NONATO DE BRICIO,RAQUEL BRÍCIO,UP,v,,,,,04/10/2026 20:10:31,sim
1,04/10/2026,6257,Presidente,1,municipio,RN,16225,2411056,TIBAU,,,,,DEMOCRATA,i,DEMOCRATA,0,35,DEMOCRATA,DEMOCRATA,,35,280002548139,WILSON GRASSI JUNIOR,VETERINÁRIO WILSON GRASSI,13/03/1970,11,Válido,nao,,1,0.01,0.014903130,SUÊD HAIDAR NOGUEIRA,SUÊD HAIDAR,DEMOCRATA,v,,,,,04/10/2026 20:10:31,sim
1,04/10/2026,6257,Presidente,1,municipio,RN,16225,2411056,TIBAU,,,,,PARTIDO MISSÃO,i,MISSÃO,0,14,MISSÃO,PARTIDO MISSÃO,,14,280002540694,RENAN ANTONIO FERREIRA DOS SANTOS,RENAN SANTOS,14/02/1984,4,Válido,nao,,95,1.42,1.415797317,AROLDO MEDINA,CORONEL MEDINA,MISSÃO,v,,,,,04/10/2026 20:10:31,sim
1,04/10/2026,6257,Presidente,1,municipio,RN,16225,2411056,TIBAU,,,,,PARTIDO DA CAUSA OPERÁRIA,i,PCO,0,29,PCO,PARTIDO DA CAUSA OPERÁRIA,,29,280002552487,RUI COSTA PIMENTA,RUI COSTA PIMENTA,25/06/1957,12,Válido,nao,,0,0.00,0,ANTONIO CARLOS SILVA,ANTÔNIO CARLOS,PCO,v,,,,,04/10/2026 20:10:31,sim
1,04/10/2026,6257,Presidente,1,municipio,RN,16233,2401206,AREZ,,,,,PARTIDO LIBERAL,i,PL,0,22,PL,PARTIDO LIBERAL,,22,280002551544,FLAVIO NANTES BOLSONARO,FLAVIO BOLSONARO,30/04/1981,1,Válido,nao,,2899,33.27,33.268303879,ALFREDO GASPAR DE MENDONÇA NETO,ALFREDO GASPAR,PL,v,,,,,04/10/2026 20:15:36,sim
1,04/10/2026,6257,Presidente,1,municipio,RN,16233,2401206,AREZ,,,,,PARTIDO SOCIAL DEMOCRÁTICO,i,PSD,0,55,PSD,PARTIDO SOCIAL DEMOCRÁTICO,,55,280002551932,RONALDO RAMOS CAIADO,RONALDO CAIADO,25/09/1949,5,Válido,nao,,40,0.46,0.459031444,GILBERTO KASSAB,GILBERTO KASSAB,PSD,v,,,,,04/10/2026 20:15:36,sim
1,04/10/2026,6257,Presidente,1,municipio,RN,16233,2401206,AREZ,,PT/PC do B/PV,FEDERAÇÃO BRASIL DA ESPERANÇA - FE BRASIL,PT/PC do B/PV,BRASIL PRONTO PRA MAIS,c,PSB / PDT / PCDOB / PT / PV / PSOL / REDE,,13,PT,PARTIDO DOS TRABALHADORES,101,13,280002542548,LUIZ INÁCIO LULA DA SILVA,LULA,06/10/1945,2,Válido,nao,,5474,62.82,62.818453064,GERALDO JOSE RODRIGUES ALCKMIN FILHO,GERALDO ALCKMIN,PSB,v,,,,,04/10/2026 20:15:36,sim
1,04/10/2026,6257,Presidente,1,municipio,RN,16233,2401206,AREZ,,,,,PARTIDO SOCIALISTA  DOS TRABALHADORES UNIFICADO,i,PSTU,0,16,PSTU,PARTIDO SOCIALISTA  DOS TRABALHADORES UNIFICADO,,16,280002541457,HERTZ DA CONCEICAO DIAS,HERTZ DIAS,20/10/1970,8,Válido,nao,,0,0.00,0,VANESSA PORTUGAL BARBOSA,VANESSA PORTUGAL,PSTU,v,,,,,04/10/2026 20:15:36,sim
1,04/10/2026,6257,Presidente,1,municipio,RN,16233,2401206,AREZ,,,,,PARTIDO COMUNISTA BRASILEIRO,i,PCB,0,21,PCB,PARTIDO COMUNISTA BRASILEIRO,,21,280002551975,EDMILSON SILVA COSTA,EDMILSON COSTA,08/04/1950,10,Válido,nao,,0,0.00,0,CLEUSA DOS SANTOS,CLEUSA SANTOS,PCB,v,,,,,04/10/2026 20:15:36,sim
1,04/10/2026,6257,Presidente,1,municipio,RN,16233,2401206,AREZ,,,,,DEMOCRACIA CRISTÃ,i,DC,0,27,DC,DEMOCRACIA CRISTÃ,,27,280002552484,CLARIANA ZACARKIM BARAO,CLARIANA BARAO,03/04/1987,9,Válido,nao,,1,0.01,0.011475786,FABIANA CRISTINA TAVARES TORQUATO,FABIANA TORQUATO,DC,v,,,,,04/10/2026 20:15:36,sim
1,04/10/2026,6257,Presidente,1,municipio,RN,16233,2401206,AREZ,,,,,PARTIDO NOVO,i,NOVO,0,30,NOVO,PARTIDO NOVO,,30,280002539826,ROMEU ZEMA NETO,ZEMA,28/10/1964,6,Válido,nao,,6,0.07,0.068854717,LUIS EDUARDO GRANGEIRO GIRÃO,EDUARDO GIRÃO,NOVO,v,,,,,04/10/2026 20:15:36,sim
1,04/10/2026,6257,Presidente,1,municipio,RN,16233,2401206,AREZ,,,,,BRASIL DOS NOSSOS SONHOS,c,AGIR / AVANTE,,70,AVANTE,AVANTE,,70,280002551547,AUGUSTO JORGE CURY,ESCRITOR AUGUSTO CURY,02/10/1958,3,Válido,nao,,194,2.23,2.226302502,JULIO CESAR DELGADO,JÚLIO DELGADO,AVANTE,v,,,,,04/10/2026 20:15:36,sim
1,04/10/2026,6257,Presidente,1,municipio,RN,16233,2401206,AREZ,,,,,DEMOCRATA,i,DEMOCRATA,0,35,DEMOCRATA,DEMOCRATA,,35,280002548139,WILSON GRASSI JUNIOR,VETERINÁRIO WILSON GRASSI,13/03/1970,11,Válido,nao,,1,0.01,0.011475786,SUÊD HAIDAR NOGUEIRA,SUÊD HAIDAR,DEMOCRATA,v,,,,,04/10/2026 20:15:36,sim
1,04/10/2026,6257,Presidente,1,municipio,RN,16233,2401206,AREZ,,,,,UNIDADE POPULAR,i,UP,0,80,UP,UNIDADE POPULAR,,80,280002538811,SAMARA MARTINS DA SILVA FEITOSA,SAMARA,31/08/1987,7,Válido,nao,,2,0.02,0.022951572,RAQUEL NONATO DE BRICIO,RAQUEL BRÍCIO,UP,v,,,,,04/10/2026 20:15:36,sim
1,04/10/2026,6257,Presidente,1,municipio,RN,16233,2401206,AREZ,,,,,PARTIDO MISSÃO,i,MISSÃO,0,14,MISSÃO,PARTIDO MISSÃO,,14,280002540694,RENAN ANTONIO FERREIRA DOS SANTOS,RENAN SANTOS,14/02/1984,4,Válido,nao,,96,1.10,1.101675465,AROLDO MEDINA,CORONEL MEDINA,MISSÃO,v,,,,,04/10/2026 20:15:36,sim
1,04/10/2026,6257,Presidente,1,municipio,RN,16233,2401206,AREZ,,,,,PARTIDO DA CAUSA OPERÁRIA,i,PCO,0,29,PCO,PARTIDO DA CAUSA OPERÁRIA,,29,280002552487,RUI COSTA PIMENTA,RUI COSTA PIMENTA,25/06/1957,12,Válido,nao,,1,0.01,0.011475786,ANTONIO CARLOS SILVA,ANTÔNIO CARLOS,PCO,v,,,,,04/10/2026 20:15:36,sim
1,04/10/2026,6257,Presidente,1,municipio,RN,16241,2409332,SANTA MARIA,,,,,PARTIDO LIBERAL,i,PL,0,22,PL,PARTIDO LIBERAL,,22,280002551544,FLAVIO NANTES BOLSONARO,FLAVIO BOLSONARO,30/04/1981,1,Válido,nao,,1314,32.84,32.841789553,ALFREDO GASPAR DE MENDONÇA NETO,ALFREDO GASPAR,PL,v,,,,,04/10/2026 19:23:22,sim
1,04/10/2026,6257,Presidente,1,municipio,RN,16241,2409332,SANTA MARIA,,,,,PARTIDO SOCIAL DEMOCRÁTICO,i,PSD,0,55,PSD,PARTIDO SOCIAL DEMOCRÁTICO,,55,280002551932,RONALDO RAMOS CAIADO,RONALDO CAIADO,25/09/1949,5,Válido,nao,,24,0.60,0.599850037,GILBERTO KASSAB,GILBERTO KASSAB,PSD,v,,,,,04/10/2026 19:23:22,sim
1,04/10/2026,6257,Presidente,1,municipio,RN,16241,2409332,SANTA MARIA,,PT/PC do B/PV,FEDERAÇÃO BRASIL DA ESPERANÇA - FE BRASIL,PT/PC do B/PV,BRASIL PRONTO PRA MAIS,c,PSB / PDT / PCDOB / PT / PV / PSOL / REDE,,13,PT,PARTIDO DOS TRABALHADORES,101,13,280002542548,LUIZ INÁCIO LULA DA SILVA,LULA,06/10/1945,2,Válido,nao,,2502,62.53,62.534366408,GERALDO JOSE RODRIGUES ALCKMIN FILHO,GERALDO ALCKMIN,PSB,v,,,,,04/10/2026 19:23:22,sim
1,04/10/2026,6257,Presidente,1,municipio,RN,16241,2409332,SANTA MARIA,,,,,DEMOCRACIA CRISTÃ,i,DC,0,27,DC,DEMOCRACIA CRISTÃ,,27,280002552484,CLARIANA ZACARKIM BARAO,CLARIANA BARAO,03/04/1987,9,Válido,nao,,1,0.02,0.024993752,FABIANA CRISTINA TAVARES TORQUATO,FABIANA TORQUATO,DC,v,,,,,04/10/2026 19:23:22,sim
1,04/10/2026,6257,Presidente,1,municipio,RN,16241,2409332,SANTA MARIA,,,,,PARTIDO COMUNISTA BRASILEIRO,i,PCB,0,21,PCB,PARTIDO COMUNISTA BRASILEIRO,,21,280002551975,EDMILSON SILVA COSTA,EDMILSON COSTA,08/04/1950,10,Válido,nao,,1,0.02,0.024993752,CLEUSA DOS SANTOS,CLEUSA SANTOS,PCB,v,,,,,04/10/2026 19:23:22,sim
1,04/10/2026,6257,Presidente,1,municipio,RN,16241,2409332,SANTA MARIA,,,,,PARTIDO SOCIALISTA  DOS TRABALHADORES UNIFICADO,i,PSTU,0,16,PSTU,PARTIDO SOCIALISTA  DOS TRABALHADORES UNIFICADO,,16,280002541457,HERTZ DA CONCEICAO DIAS,HERTZ DIAS,20/10/1970,8,Válido,nao,,0,0.00,0,VANESSA PORTUGAL BARBOSA,VANESSA PORTUGAL,PSTU,v,,,,,04/10/2026 19:23:22,sim
1,04/10/2026,6257,Presidente,1,municipio,RN,16241,2409332,SANTA MARIA,,,,,BRASIL DOS NOSSOS SONHOS,c,AGIR / AVANTE,,70,AVANTE,AVANTE,,70,280002551547,AUGUSTO JORGE CURY,ESCRITOR AUGUSTO CURY,02/10/1958,3,Válido,nao,,122,3.05,3.049237691,JULIO CESAR DELGADO,JÚLIO DELGADO,AVANTE,v,,,,,04/10/2026 19:23:22,sim
1,04/10/2026,6257,Presidente,1,municipio,RN,16241,2409332,SANTA MARIA,,,,,PARTIDO NOVO,i,NOVO,0,30,NOVO,PARTIDO NOVO,,30,280002539826,ROMEU ZEMA NETO,ZEMA,28/10/1964,6,Válido,nao,,3,0.07,0.074981255,LUIS EDUARDO GRANGEIRO GIRÃO,EDUARDO GIRÃO,NOVO,v,,,,,04/10/2026 19:23:22,sim
1,04/10/2026,6257,Presidente,1,municipio,RN,16241,2409332,SANTA MARIA,,,,,UNIDADE POPULAR,i,UP,0,80,UP,UNIDADE POPULAR,,80,280002538811,SAMARA MARTINS DA SILVA FEITOSA,SAMARA,31/08/1987,7,Válido,nao,,1,0.02,0.024993752,RAQUEL NONATO DE BRICIO,RAQUEL BRÍCIO,UP,v,,,,,04/10/2026 19:23:22,sim
1,04/10/2026,6257,Presidente,1,municipio,RN,16241,2409332,SANTA MARIA,,,,,DEMOCRATA,i,DEMOCRATA,0,35,DEMOCRATA,DEMOCRATA,,35,280002548139,WILSON GRASSI JUNIOR,VETERINÁRIO WILSON GRASSI,13/03/1970,11,Válido,nao,,0,0.00,0,SUÊD HAIDAR NOGUEIRA,SUÊD HAIDAR,DEMOCRATA,v,,,,,04/10/2026 19:23:22,sim
1,04/10/2026,6257,Presidente,1,municipio,RN,16241,2409332,SANTA MARIA,,,,,PARTIDO MISSÃO,i,MISSÃO,0,14,MISSÃO,PARTIDO MISSÃO,,14,280002540694,RENAN ANTONIO FERREIRA DOS SANTOS,RENAN SANTOS,14/02/1984,4,Válido,nao,,32,0.80,0.799800050,AROLDO MEDINA,CORONEL MEDINA,MISSÃO,v,,,,,04/10/2026 19:23:22,sim
1,04/10/2026,6257,Presidente,1,municipio,RN,16241,2409332,SANTA MARIA,,,,,PARTIDO DA CAUSA OPERÁRIA,i,PCO,0,29,PCO,PARTIDO DA CAUSA OPERÁRIA,,29,280002552487,RUI COSTA PIMENTA,RUI COSTA PIMENTA,25/06/1957,12,Válido,nao,,1,0.02,0.024993752,ANTONIO CARLOS SILVA,ANTÔNIO CARLOS,PCO,v,,,,,04/10/2026 19:23:22,sim
1,04/10/2026,6257,Presidente,1,municipio,RN,16250,2401305,CAMPO GRANDE,,,,,PARTIDO LIBERAL,i,PL,0,22,PL,PARTIDO LIBERAL,,22,280002551544,FLAVIO NANTES BOLSONARO,FLAVIO BOLSONARO,30/04/1981,1,Válido,nao,,2022,29.31,29.312844303,ALFREDO GASPAR DE MENDONÇA NETO,ALFREDO GASPAR,PL,v,,,,,04/10/2026 19:30:37,sim
1,04/10/2026,6257,Presidente,1,municipio,RN,16250,2401305,CAMPO GRANDE,,,,,PARTIDO SOCIAL DEMOCRÁTICO,i,PSD,0,55,PSD,PARTIDO SOCIAL DEMOCRÁTICO,,55,280002551932,RONALDO RAMOS CAIADO,RONALDO CAIADO,25/09/1949,5,Válido,nao,,33,0.48,0.478399536,GILBERTO KASSAB,GILBERTO KASSAB,PSD,v,,,,,04/10/2026 19:30:37,sim
1,04/10/2026,6257,Presidente,1,municipio,RN,16250,2401305,CAMPO GRANDE,,PT/PC do B/PV,FEDERAÇÃO BRASIL DA ESPERANÇA - FE BRASIL,PT/PC do B/PV,BRASIL PRONTO PRA MAIS,c,PSB / PDT / PCDOB / PT / PV / PSOL / REDE,,13,PT,PARTIDO DOS TRABALHADORES,101,13,280002542548,LUIZ INÁCIO LULA DA SILVA,LULA,06/10/1945,2,Válido,nao,,4590,66.54,66.541026384,GERALDO JOSE RODRIGUES ALCKMIN FILHO,GERALDO ALCKMIN,PSB,v,,,,,04/10/2026 19:30:37,sim
1,04/10/2026,6257,Presidente,1,municipio,RN,16250,2401305,CAMPO GRANDE,,,,,DEMOCRACIA CRISTÃ,i,DC,0,27,DC,DEMOCRACIA CRISTÃ,,27,280002552484,CLARIANA ZACARKIM BARAO,CLARIANA BARAO,03/04/1987,9,Válido,nao,,1,0.01,0.014496956,FABIANA CRISTINA TAVARES TORQUATO,FABIANA TORQUATO,DC,v,,,,,04/10/2026 19:30:37,sim
1,04/10/2026,6257,Presidente,1,municipio,RN,16250,2401305,CAMPO GRANDE,,,,,PARTIDO COMUNISTA BRASILEIRO,i,PCB,0,21,PCB,PARTIDO COMUNISTA BRASILEIRO,,21,280002551975,EDMILSON SILVA COSTA,EDMILSON COSTA,08/04/1950,10,Válido,nao,,5,0.07,0.072484778,CLEUSA DOS SANTOS,CLEUSA SANTOS,PCB,v,,,,,04/10/2026 19:30:37,sim
1,04/10/2026,6257,Presidente,1,municipio,RN,16250,2401305,CAMPO GRANDE,,,,,PARTIDO SOCIALISTA  DOS TRABALHADORES UNIFICADO,i,PSTU,0,16,PSTU,PARTIDO SOCIALISTA  DOS TRABALHADORES UNIFICADO,,16,280002541457,HERTZ DA CONCEICAO DIAS,HERTZ DIAS,20/10/1970,8,Válido,nao,,2,0.03,0.028993911,VANESSA PORTUGAL BARBOSA,VANESSA PORTUGAL,PSTU,v,,,,,04/10/2026 19:30:37,sim
1,04/10/2026,6257,Presidente,1,municipio,RN,16250,2401305,CAMPO GRANDE,,,,,BRASIL DOS NOSSOS SONHOS,c,AGIR / AVANTE,,70,AVANTE,AVANTE,,70,280002551547,AUGUSTO JORGE CURY,ESCRITOR AUGUSTO CURY,02/10/1958,3,Válido,nao,,154,2.23,2.232531168,JULIO CESAR DELGADO,JÚLIO DELGADO,AVANTE,v,,,,,04/10/2026 19:30:37,sim
1,04/10/2026,6257,Presidente,1,municipio,RN,16250,2401305,CAMPO GRANDE,,,,,PARTIDO NOVO,i,NOVO,0,30,NOVO,PARTIDO NOVO,,30,280002539826,ROMEU ZEMA NETO,ZEMA,28/10/1964,6,Válido,nao,,0,0.00,0,LUIS EDUARDO GRANGEIRO GIRÃO,EDUARDO GIRÃO,NOVO,v,,,,,04/10/2026 19:30:37,sim
1,04/10/2026,6257,Presidente,1,municipio,RN,16250,2401305,CAMPO GRANDE,,,,,UNIDADE POPULAR,i,UP,0,80,UP,UNIDADE POPULAR,,80,280002538811,SAMARA MARTINS DA SILVA FEITOSA,SAMARA,31/08/1987,7,Válido,nao,,1,0.01,0.014496956,RAQUEL NONATO DE BRICIO,RAQUEL BRÍCIO,UP,v,,,,,04/10/2026 19:30:37,sim
1,04/10/2026,6257,Presidente,1,municipio,RN,16250,2401305,CAMPO GRANDE,,,,,DEMOCRATA,i,DEMOCRATA,0,35,DEMOCRATA,DEMOCRATA,,35,280002548139,WILSON GRASSI JUNIOR,VETERINÁRIO WILSON GRASSI,13/03/1970,11,Válido,nao,,0,0.00,0,SUÊD HAIDAR NOGUEIRA,SUÊD HAIDAR,DEMOCRATA,v,,,,,04/10/2026 19:30:37,sim
1,04/10/2026,6257,Presidente,1,municipio,RN,16250,2401305,CAMPO GRANDE,,,,,PARTIDO MISSÃO,i,MISSÃO,0,14,MISSÃO,PARTIDO MISSÃO,,14,280002540694,RENAN ANTONIO FERREIRA DOS SANTOS,RENAN SANTOS,14/02/1984,4,Válido,nao,,90,1.30,1.304726008,AROLDO MEDINA,CORONEL MEDINA,MISSÃO,v,,,,,04/10/2026 19:30:37,sim
1,04/10/2026,6257,Presidente,1,municipio,RN,16250,2401305,CAMPO GRANDE,,,,,PARTIDO DA CAUSA OPERÁRIA,i,PCO,0,29,PCO,PARTIDO DA CAUSA OPERÁRIA,,29,280002552487,RUI COSTA PIMENTA,RUI COSTA PIMENTA,25/06/1957,12,Válido,nao,,0,0.00,0,ANTONIO CARLOS SILVA,ANTÔNIO CARLOS,PCO,v,,,,,04/10/2026 19:30:37,sim
1,04/10/2026,6257,Presidente,1,municipio,RN,16268,2408953,RIO DO FOGO,,,,,PARTIDO LIBERAL,i,PL,0,22,PL,PARTIDO LIBERAL,,22,280002551544,FLAVIO NANTES BOLSONARO,FLAVIO BOLSONARO,30/04/1981,1,Válido,nao,,3468,39.64,39.638815865,ALFREDO GASPAR DE MENDONÇA NETO,ALFREDO GASPAR,PL,v,,,,,04/10/2026 20:50:59,sim
1,04/10/2026,6257,Presidente,1,municipio,RN,16268,2408953,RIO DO FOGO,,,,,PARTIDO SOCIAL DEMOCRÁTICO,i,PSD,0,55,PSD,PARTIDO SOCIAL DEMOCRÁTICO,,55,280002551932,RONALDO RAMOS CAIADO,RONALDO CAIADO,25/09/1949,5,Válido,nao,,47,0.54,0.537204252,GILBERTO KASSAB,GILBERTO KASSAB,PSD,v,,,,,04/10/2026 20:50:59,sim
1,04/10/2026,6257,Presidente,1,municipio,RN,16268,2408953,RIO DO FOGO,,PT/PC do B/PV,FEDERAÇÃO BRASIL DA ESPERANÇA - FE BRASIL,PT/PC do B/PV,BRASIL PRONTO PRA MAIS,c,PSB / PDT / PCDOB / PT / PV / PSOL / REDE,,13,PT,PARTIDO DOS TRABALHADORES,101,13,280002542548,LUIZ INÁCIO LULA DA SILVA,LULA,06/10/1945,2,Válido,nao,,4901,56.02,56.017830609,GERALDO JOSE RODRIGUES ALCKMIN FILHO,GERALDO ALCKMIN,PSB,v,,,,,04/10/2026 20:50:59,sim
1,04/10/2026,6257,Presidente,1,municipio,RN,16268,2408953,RIO DO FOGO,,,,,DEMOCRACIA CRISTÃ,i,DC,0,27,DC,DEMOCRACIA CRISTÃ,,27,280002552484,CLARIANA ZACARKIM BARAO,CLARIANA BARAO,03/04/1987,9,Válido,nao,,1,0.01,0.011429878,FABIANA CRISTINA TAVARES TORQUATO,FABIANA TORQUATO,DC,v,,,,,04/10/2026 20:50:59,sim
1,04/10/2026,6257,Presidente,1,municipio,RN,16268,2408953,RIO DO FOGO,,,,,PARTIDO COMUNISTA BRASILEIRO,i,PCB,0,21,PCB,PARTIDO COMUNISTA BRASILEIRO,,21,280002551975,EDMILSON SILVA COSTA,EDMILSON COSTA,08/04/1950,10,Válido,nao,,2,0.02,0.022859755,CLEUSA DOS SANTOS,CLEUSA SANTOS,PCB,v,,,,,04/10/2026 20:50:59,sim
1,04/10/2026,6257,Presidente,1,municipio,RN,16268,2408953,RIO DO FOGO,,,,,PARTIDO SOCIALISTA  DOS TRABALHADORES UNIFICADO,i,PSTU,0,16,PSTU,PARTIDO SOCIALISTA  DOS TRABALHADORES UNIFICADO,,16,280002541457,HERTZ DA CONCEICAO DIAS,HERTZ DIAS,20/10/1970,8,Válido,nao,,0,0.00,0,VANESSA PORTUGAL BARBOSA,VANESSA PORTUGAL,PSTU,v,,,,,04/10/2026 20:50:59,sim
1,04/10/2026,6257,Presidente,1,municipio,RN,16268,2408953,RIO DO FOGO,,,,,BRASIL DOS NOSSOS SONHOS,c,AGIR / AVANTE,,70,AVANTE,AVANTE,,70,280002551547,AUGUSTO JORGE CURY,ESCRITOR AUGUSTO CURY,02/10/1958,3,Válido,nao,,206,2.35,2.354554806,JULIO CESAR DELGADO,JÚLIO DELGADO,AVANTE,v,,,,,04/10/2026 20:50:59,sim
1,04/10/2026,6257,Presidente,1,municipio,RN,16268,2408953,RIO DO FOGO,,,,,PARTIDO NOVO,i,NOVO,0,30,NOVO,PARTIDO NOVO,,30,280002539826,ROMEU ZEMA NETO,ZEMA,28/10/1964,6,Válido,nao,,4,0.05,0.045719511,LUIS EDUARDO GRANGEIRO GIRÃO,EDUARDO GIRÃO,NOVO,v,,,,,04/10/2026 20:50:59,sim
1,04/10/2026,6257,Presidente,1,municipio,RN,16268,2408953,RIO DO FOGO,,,,,UNIDADE POPULAR,i,UP,0,80,UP,UNIDADE POPULAR,,80,280002538811,SAMARA MARTINS DA SILVA FEITOSA,SAMARA,31/08/1987,7,Válido,nao,,5,0.06,0.057149389,RAQUEL NONATO DE BRICIO,RAQUEL BRÍCIO,UP,v,,,,,04/10/2026 20:50:59,sim
1,04/10/2026,6257,Presidente,1,municipio,RN,16268,2408953,RIO DO FOGO,,,,,DEMOCRATA,i,DEMOCRATA,0,35,DEMOCRATA,DEMOCRATA,,35,280002548139,WILSON GRASSI JUNIOR,VETERINÁRIO WILSON GRASSI,13/03/1970,11,Válido,nao,,1,0.01,0.011429878,SUÊD HAIDAR NOGUEIRA,SUÊD HAIDAR,DEMOCRATA,v,,,,,04/10/2026 20:50:59,sim
1,04/10/2026,6257,Presidente,1,municipio,RN,16268,2408953,RIO DO FOGO,,,,,PARTIDO MISSÃO,i,MISSÃO,0,14,MISSÃO,PARTIDO MISSÃO,,14,280002540694,RENAN ANTONIO FERREIRA DOS SANTOS,RENAN SANTOS,14/02/1984,4,Válido,nao,,114,1.30,1.303006058,AROLDO MEDINA,CORONEL MEDINA,MISSÃO,v,,,,,04/10/2026 20:50:59,sim
1,04/10/2026,6257,Presidente,1,municipio,RN,16268,2408953,RIO DO FOGO,,,,,PARTIDO DA CAUSA OPERÁRIA,i,PCO,0,29,PCO,PARTIDO DA CAUSA OPERÁRIA,,29,280002552487,RUI COSTA PIMENTA,RUI COSTA PIMENTA,25/06/1957,12,Válido,nao,,0,0.00,0,ANTONIO CARLOS SILVA,ANTÔNIO CARLOS,PCO,v,,,,,04/10/2026 20:50:59,sim
1,04/10/2026,6257,Presidente,1,municipio,RN,16276,2401404,BAÍA FORMOSA,,,,,PARTIDO LIBERAL,i,PL,0,22,PL,PARTIDO LIBERAL,,22,280002551544,FLAVIO NANTES BOLSONARO,FLAVIO BOLSONARO,30/04/1981,1,Válido,nao,,2045,36.19,36.188285259,ALFREDO GASPAR DE MENDONÇA NETO,ALFREDO GASPAR,PL,v,,,,,04/10/2026 19:11:43,sim
1,04/10/2026,6257,Presidente,1,municipio,RN,16276,2401404,BAÍA FORMOSA,,,,,PARTIDO SOCIAL DEMOCRÁTICO,i,PSD,0,55,PSD,PARTIDO SOCIAL DEMOCRÁTICO,,55,280002551932,RONALDO RAMOS CAIADO,RONALDO CAIADO,25/09/1949,5,Válido,nao,,55,0.97,0.973279066,GILBERTO KASSAB,GILBERTO KASSAB,PSD,v,,,,,04/10/2026 19:11:43,sim
1,04/10/2026,6257,Presidente,1,municipio,RN,16276,2401404,BAÍA FORMOSA,,PT/PC do B/PV,FEDERAÇÃO BRASIL DA ESPERANÇA - FE BRASIL,PT/PC do B/PV,BRASIL PRONTO PRA MAIS,c,PSB / PDT / PCDOB / PT / PV / PSOL / REDE,,13,PT,PARTIDO DOS TRABALHADORES,101,13,280002542548,LUIZ INÁCIO LULA DA SILVA,LULA,06/10/1945,2,Válido,nao,,3331,58.95,58.945319412,GERALDO JOSE RODRIGUES ALCKMIN FILHO,GERALDO ALCKMIN,PSB,v,,,,,04/10/2026 19:11:43,sim
1,04/10/2026,6257,Presidente,1,municipio,RN,16276,2401404,BAÍA FORMOSA,,,,,DEMOCRACIA CRISTÃ,i,DC,0,27,DC,DEMOCRACIA CRISTÃ,,27,280002552484,CLARIANA ZACARKIM BARAO,CLARIANA BARAO,03/04/1987,9,Válido,nao,,4,0.07,0.070783932,FABIANA CRISTINA TAVARES TORQUATO,FABIANA TORQUATO,DC,v,,,,,04/10/2026 19:11:43,sim
1,04/10/2026,6257,Presidente,1,municipio,RN,16276,2401404,BAÍA FORMOSA,,,,,PARTIDO COMUNISTA BRASILEIRO,i,PCB,0,21,PCB,PARTIDO COMUNISTA BRASILEIRO,,21,280002551975,EDMILSON SILVA COSTA,EDMILSON COSTA,08/04/1950,10,Válido,nao,,0,0.00,0,CLEUSA DOS SANTOS,CLEUSA SANTOS,PCB,v,,,,,04/10/2026 19:11:43,sim
1,04/10/2026,6257,Presidente,1,municipio,RN,16276,2401404,BAÍA FORMOSA,,,,,PARTIDO SOCIALISTA  DOS TRABALHADORES UNIFICADO,i,PSTU,0,16,PSTU,PARTIDO SOCIALISTA  DOS TRABALHADORES UNIFICADO,,16,280002541457,HERTZ DA CONCEICAO DIAS,HERTZ DIAS,20/10/1970,8,Válido,nao,,0,0.00,0,VANESSA PORTUGAL BARBOSA,VANESSA PORTUGAL,PSTU,v,,,,,04/10/2026 19:11:43,sim
1,04/10/2026,6257,Presidente,1,municipio,RN,16276,2401404,BAÍA FORMOSA,,,,,BRASIL DOS NOSSOS SONHOS,c,AGIR / AVANTE,,70,AVANTE,AVANTE,,70,280002551547,AUGUSTO JORGE CURY,ESCRITOR AUGUSTO CURY,02/10/1958,3,Válido,nao,,126,2.23,2.229693859,JULIO CESAR DELGADO,JÚLIO DELGADO,AVANTE,v,,,,,04/10/2026 19:11:43,sim
1,04/10/2026,6257,Presidente,1,municipio,RN,16276,2401404,BAÍA FORMOSA,,,,,PARTIDO NOVO,i,NOVO,0,30,NOVO,PARTIDO NOVO,,30,280002539826,ROMEU ZEMA NETO,ZEMA,28/10/1964,6,Válido,nao,,0,0.00,0,LUIS EDUARDO GRANGEIRO GIRÃO,EDUARDO GIRÃO,NOVO,v,,,,,04/10/2026 19:11:43,sim
1,04/10/2026,6257,Presidente,1,municipio,RN,16276,2401404,BAÍA FORMOSA,,,,,UNIDADE POPULAR,i,UP,0,80,UP,UNIDADE POPULAR,,80,280002538811,SAMARA MARTINS DA SILVA FEITOSA,SAMARA,31/08/1987,7,Válido,nao,,3,0.05,0.053087949,RAQUEL NONATO DE BRICIO,RAQUEL BRÍCIO,UP,v,,,,,04/10/2026 19:11:43,sim
1,04/10/2026,6257,Presidente,1,municipio,RN,16276,2401404,BAÍA FORMOSA,,,,,DEMOCRATA,i,DEMOCRATA,0,35,DEMOCRATA,DEMOCRATA,,35,280002548139,WILSON GRASSI JUNIOR,VETERINÁRIO WILSON GRASSI,13/03/1970,11,Válido,nao,,0,0.00,0,SUÊD HAIDAR NOGUEIRA,SUÊD HAIDAR,DEMOCRATA,v,,,,,04/10/2026 19:11:43,sim
1,04/10/2026,6257,Presidente,1,municipio,RN,16276,2401404,BAÍA FORMOSA,,,,,PARTIDO MISSÃO,i,MISSÃO,0,14,MISSÃO,PARTIDO MISSÃO,,14,280002540694,RENAN ANTONIO FERREIRA DOS SANTOS,RENAN SANTOS,14/02/1984,4,Válido,nao,,87,1.54,1.539550522,AROLDO MEDINA,CORONEL MEDINA,MISSÃO,v,,,,,04/10/2026 19:11:43,sim
1,04/10/2026,6257,Presidente,1,municipio,RN,16276,2401404,BAÍA FORMOSA,,,,,PARTIDO DA CAUSA OPERÁRIA,i,PCO,0,29,PCO,PARTIDO DA CAUSA OPERÁRIA,,29,280002552487,RUI COSTA PIMENTA,RUI COSTA PIMENTA,25/06/1957,12,Válido,nao,,0,0.00,0,ANTONIO CARLOS SILVA,ANTÔNIO CARLOS,PCO,v,,,,,04/10/2026 19:11:43,sim
1,04/10/2026,6257,Presidente,1,municipio,RN,16284,2410256,PORTO DO MANGUE,,,,,PARTIDO LIBERAL,i,PL,0,22,PL,PARTIDO LIBERAL,,22,280002551544,FLAVIO NANTES BOLSONARO,FLAVIO BOLSONARO,30/04/1981,1,Válido,nao,,823,20.52,20.523690773,ALFREDO GASPAR DE MENDONÇA NETO,ALFREDO GASPAR,PL,v,,,,,04/10/2026 21:44:48,sim
1,04/10/2026,6257,Presidente,1,municipio,RN,16284,2410256,PORTO DO MANGUE,,,,,PARTIDO SOCIAL DEMOCRÁTICO,i,PSD,0,55,PSD,PARTIDO SOCIAL DEMOCRÁTICO,,55,280002551932,RONALDO RAMOS CAIADO,RONALDO CAIADO,25/09/1949,5,Válido,nao,,10,0.25,0.249376559,GILBERTO KASSAB,GILBERTO KASSAB,PSD,v,,,,,04/10/2026 21:44:48,sim
1,04/10/2026,6257,Presidente,1,municipio,RN,16284,2410256,PORTO DO MANGUE,,PT/PC do B/PV,FEDERAÇÃO BRASIL DA ESPERANÇA - FE BRASIL,PT/PC do B/PV,BRASIL PRONTO PRA MAIS,c,PSB / PDT / PCDOB / PT / PV / PSOL / REDE,,13,PT,PARTIDO DOS TRABALHADORES,101,13,280002542548,LUIZ INÁCIO LULA DA SILVA,LULA,06/10/1945,2,Válido,nao,,2980,74.31,74.314214464,GERALDO JOSE RODRIGUES ALCKMIN FILHO,GERALDO ALCKMIN,PSB,v,,,,,04/10/2026 21:44:48,sim
1,04/10/2026,6257,Presidente,1,municipio,RN,16284,2410256,PORTO DO MANGUE,,,,,DEMOCRACIA CRISTÃ,i,DC,0,27,DC,DEMOCRACIA CRISTÃ,,27,280002552484,CLARIANA ZACARKIM BARAO,CLARIANA BARAO,03/04/1987,9,Válido,nao,,0,0.00,0,FABIANA CRISTINA TAVARES TORQUATO,FABIANA TORQUATO,DC,v,,,,,04/10/2026 21:44:48,sim
1,04/10/2026,6257,Presidente,1,municipio,RN,16284,2410256,PORTO DO MANGUE,,,,,PARTIDO COMUNISTA BRASILEIRO,i,PCB,0,21,PCB,PARTIDO COMUNISTA BRASILEIRO,,21,280002551975,EDMILSON SILVA COSTA,EDMILSON COSTA,08/04/1950,10,Válido,nao,,0,0.00,0,CLEUSA DOS SANTOS,CLEUSA SANTOS,PCB,v,,,,,04/10/2026 21:44:48,sim
1,04/10/2026,6257,Presidente,1,municipio,RN,16284,2410256,PORTO DO MANGUE,,,,,PARTIDO SOCIALISTA  DOS TRABALHADORES UNIFICADO,i,PSTU,0,16,PSTU,PARTIDO SOCIALISTA  DOS TRABALHADORES UNIFICADO,,16,280002541457,HERTZ DA CONCEICAO DIAS,HERTZ DIAS,20/10/1970,8,Válido,nao,,1,0.02,0.024937656,VANESSA PORTUGAL BARBOSA,VANESSA PORTUGAL,PSTU,v,,,,,04/10/2026 21:44:48,sim
1,04/10/2026,6257,Presidente,1,municipio,RN,16284,2410256,PORTO DO MANGUE,,,,,BRASIL DOS NOSSOS SONHOS,c,AGIR / AVANTE,,70,AVANTE,AVANTE,,70,280002551547,AUGUSTO JORGE CURY,ESCRITOR AUGUSTO CURY,02/10/1958,3,Válido,nao,,124,3.09,3.092269327,JULIO CESAR DELGADO,JÚLIO DELGADO,AVANTE,v,,,,,04/10/2026 21:44:48,sim
1,04/10/2026,6257,Presidente,1,municipio,RN,16284,2410256,PORTO DO MANGUE,,,,,PARTIDO NOVO,i,NOVO,0,30,NOVO,PARTIDO NOVO,,30,280002539826,ROMEU ZEMA NETO,ZEMA,28/10/1964,6,Válido,nao,,0,0.00,0,LUIS EDUARDO GRANGEIRO GIRÃO,EDUARDO GIRÃO,NOVO,v,,,,,04/10/2026 21:44:48,sim
1,04/10/2026,6257,Presidente,1,municipio,RN,16284,2410256,PORTO DO MANGUE,,,,,UNIDADE POPULAR,i,UP,0,80,UP,UNIDADE POPULAR,,80,280002538811,SAMARA MARTINS DA SILVA FEITOSA,SAMARA,31/08/1987,7,Válido,nao,,0,0.00,0,RAQUEL NONATO DE BRICIO,RAQUEL BRÍCIO,UP,v,,,,,04/10/2026 21:44:48,sim
1,04/10/2026,6257,Presidente,1,municipio,RN,16284,2410256,PORTO DO MANGUE,,,,,DEMOCRATA,i,DEMOCRATA,0,35,DEMOCRATA,DEMOCRATA,,35,280002548139,WILSON GRASSI JUNIOR,VETERINÁRIO WILSON GRASSI,13/03/1970,11,Válido,nao,,0,0.00,0,SUÊD HAIDAR NOGUEIRA,SUÊD HAIDAR,DEMOCRATA,v,,,,,04/10/2026 21:44:48,sim
1,04/10/2026,6257,Presidente,1,municipio,RN,16284,2410256,PORTO DO MANGUE,,,,,PARTIDO MISSÃO,i,MISSÃO,0,14,MISSÃO,PARTIDO MISSÃO,,14,280002540694,RENAN ANTONIO FERREIRA DOS SANTOS,RENAN SANTOS,14/02/1984,4,Válido,nao,,71,1.77,1.770573566,AROLDO MEDINA,CORONEL MEDINA,MISSÃO,v,,,,,04/10/2026 21:44:48,sim
1,04/10/2026,6257,Presidente,1,municipio,RN,16284,2410256,PORTO DO MANGUE,,,,,PARTIDO DA CAUSA OPERÁRIA,i,PCO,0,29,PCO,PARTIDO DA CAUSA OPERÁRIA,,29,280002552487,RUI COSTA PIMENTA,RUI COSTA PIMENTA,25/06/1957,12,Válido,nao,,1,0.02,0.024937656,ANTONIO CARLOS SILVA,ANTÔNIO CARLOS,PCO,v,,,,,04/10/2026 21:44:48,sim
1,04/10/2026,6257,Presidente,1,municipio,RN,16292,2401503,BARCELONA,,,,,PARTIDO LIBERAL,i,PL,0,22,PL,PARTIDO LIBERAL,,22,280002551544,FLAVIO NANTES BOLSONARO,FLAVIO BOLSONARO,30/04/1981,1,Válido,nao,,1433,38.64,38.635750876,ALFREDO GASPAR DE MENDONÇA NETO,ALFREDO GASPAR,PL,v,,,,,04/10/2026 19:20:56,sim
1,04/10/2026,6257,Presidente,1,municipio,RN,16292,2401503,BARCELONA,,,,,PARTIDO SOCIAL DEMOCRÁTICO,i,PSD,0,55,PSD,PARTIDO SOCIAL DEMOCRÁTICO,,55,280002551932,RONALDO RAMOS CAIADO,RONALDO CAIADO,25/09/1949,5,Válido,nao,,32,0.86,0.862766244,GILBERTO KASSAB,GILBERTO KASSAB,PSD,v,,,,,04/10/2026 19:20:56,sim
1,04/10/2026,6257,Presidente,1,municipio,RN,16292,2401503,BARCELONA,,PT/PC do B/PV,FEDERAÇÃO BRASIL DA ESPERANÇA - FE BRASIL,PT/PC do B/PV,BRASIL PRONTO PRA MAIS,c,PSB / PDT / PCDOB / PT / PV / PSOL / REDE,,13,PT,PARTIDO DOS TRABALHADORES,101,13,280002542548,LUIZ INÁCIO LULA DA SILVA,LULA,06/10/1945,2,Válido,nao,,2122,57.21,57.212186573,GERALDO JOSE RODRIGUES ALCKMIN FILHO,GERALDO ALCKMIN,PSB,v,,,,,04/10/2026 19:20:56,sim
1,04/10/2026,6257,Presidente,1,municipio,RN,16292,2401503,BARCELONA,,,,,DEMOCRACIA CRISTÃ,i,DC,0,27,DC,DEMOCRACIA CRISTÃ,,27,280002552484,CLARIANA ZACARKIM BARAO,CLARIANA BARAO,03/04/1987,9,Válido,nao,,0,0.00,0,FABIANA CRISTINA TAVARES TORQUATO,FABIANA TORQUATO,DC,v,,,,,04/10/2026 19:20:56,sim
1,04/10/2026,6257,Presidente,1,municipio,RN,16292,2401503,BARCELONA,,,,,PARTIDO COMUNISTA BRASILEIRO,i,PCB,0,21,PCB,PARTIDO COMUNISTA BRASILEIRO,,21,280002551975,EDMILSON SILVA COSTA,EDMILSON COSTA,08/04/1950,10,Válido,nao,,1,0.03,0.026961445,CLEUSA DOS SANTOS,CLEUSA SANTOS,PCB,v,,,,,04/10/2026 19:20:56,sim
1,04/10/2026,6257,Presidente,1,municipio,RN,16292,2401503,BARCELONA,,,,,PARTIDO SOCIALISTA  DOS TRABALHADORES UNIFICADO,i,PSTU,0,16,PSTU,PARTIDO SOCIALISTA  DOS TRABALHADORES UNIFICADO,,16,280002541457,HERTZ DA CONCEICAO DIAS,HERTZ DIAS,20/10/1970,8,Válido,nao,,0,0.00,0,VANESSA PORTUGAL BARBOSA,VANESSA PORTUGAL,PSTU,v,,,,,04/10/2026 19:20:56,sim
1,04/10/2026,6257,Presidente,1,municipio,RN,16292,2401503,BARCELONA,,,,,BRASIL DOS NOSSOS SONHOS,c,AGIR / AVANTE,,70,AVANTE,AVANTE,,70,280002551547,AUGUSTO JORGE CURY,ESCRITOR AUGUSTO CURY,02/10/1958,3,Válido,nao,,80,2.16,2.156915611,JULIO CESAR DELGADO,JÚLIO DELGADO,AVANTE,v,,,,,04/10/2026 19:20:56,sim
1,04/10/2026,6257,Presidente,1,municipio,RN,16292,2401503,BARCELONA,,,,,PARTIDO NOVO,i,NOVO,0,30,NOVO,PARTIDO NOVO,,30,280002539826,ROMEU ZEMA NETO,ZEMA,28/10/1964,6,Válido,nao,,0,0.00,0,LUIS EDUARDO GRANGEIRO GIRÃO,EDUARDO GIRÃO,NOVO,v,,,,,04/10/2026 19:20:56,sim
1,04/10/2026,6257,Presidente,1,municipio,RN,16292,2401503,BARCELONA,,,,,UNIDADE POPULAR,i,UP,0,80,UP,UNIDADE POPULAR,,80,280002538811,SAMARA MARTINS DA SILVA FEITOSA,SAMARA,31/08/1987,7,Válido,nao,,2,0.05,0.053922890,RAQUEL NONATO DE BRICIO,RAQUEL BRÍCIO,UP,v,,,,,04/10/2026 19:20:56,sim
1,04/10/2026,6257,Presidente,1,municipio,RN,16292,2401503,BARCELONA,,,,,DEMOCRATA,i,DEMOCRATA,0,35,DEMOCRATA,DEMOCRATA,,35,280002548139,WILSON GRASSI JUNIOR,VETERINÁRIO WILSON GRASSI,13/03/1970,11,Válido,nao,,1,0.03,0.026961445,SUÊD HAIDAR NOGUEIRA,SUÊD HAIDAR,DEMOCRATA,v,,,,,04/10/2026 19:20:56,sim
1,04/10/2026,6257,Presidente,1,municipio,RN,16292,2401503,BARCELONA,,,,,PARTIDO MISSÃO,i,MISSÃO,0,14,MISSÃO,PARTIDO MISSÃO,,14,280002540694,RENAN ANTONIO FERREIRA DOS SANTOS,RENAN SANTOS,14/02/1984,4,Válido,nao,,38,1.02,1.024534915,AROLDO MEDINA,CORONEL MEDINA,MISSÃO,v,,,,,04/10/2026 19:20:56,sim
1,04/10/2026,6257,Presidente,1,municipio,RN,16292,2401503,BARCELONA,,,,,PARTIDO DA CAUSA OPERÁRIA,i,PCO,0,29,PCO,PARTIDO DA CAUSA OPERÁRIA,,29,280002552487,RUI COSTA PIMENTA,RUI COSTA PIMENTA,25/06/1957,12,Válido,nao,,0,0.00,0,ANTONIO CARLOS SILVA,ANTÔNIO CARLOS,PCO,v,,,,,04/10/2026 19:20:56,sim
1,04/10/2026,6257,Presidente,1,municipio,RN,16306,2406155,JUNDIÁ,,,,,PARTIDO LIBERAL,i,PL,0,22,PL,PARTIDO LIBERAL,,22,280002551544,FLAVIO NANTES BOLSONARO,FLAVIO BOLSONARO,30/04/1981,1,Válido,nao,,1282,34.43,34.425349087,ALFREDO GASPAR DE MENDONÇA NETO,ALFREDO GASPAR,PL,v,,,,,04/10/2026 20:11:34,sim
1,04/10/2026,6257,Presidente,1,municipio,RN,16306,2406155,JUNDIÁ,,,,,PARTIDO SOCIAL DEMOCRÁTICO,i,PSD,0,55,PSD,PARTIDO SOCIAL DEMOCRÁTICO,,55,280002551932,RONALDO RAMOS CAIADO,RONALDO CAIADO,25/09/1949,5,Válido,nao,,32,0.86,0.859291085,GILBERTO KASSAB,GILBERTO KASSAB,PSD,v,,,,,04/10/2026 20:11:34,sim
1,04/10/2026,6257,Presidente,1,municipio,RN,16306,2406155,JUNDIÁ,,PT/PC do B/PV,FEDERAÇÃO BRASIL DA ESPERANÇA - FE BRASIL,PT/PC do B/PV,BRASIL PRONTO PRA MAIS,c,PSB / PDT / PCDOB / PT / PV / PSOL / REDE,,13,PT,PARTIDO DOS TRABALHADORES,101,13,280002542548,LUIZ INÁCIO LULA DA SILVA,LULA,06/10/1945,2,Válido,nao,,2251,60.45,60.445757250,GERALDO JOSE RODRIGUES ALCKMIN FILHO,GERALDO ALCKMIN,PSB,v,,,,,04/10/2026 20:11:34,sim
1,04/10/2026,6257,Presidente,1,municipio,RN,16306,2406155,JUNDIÁ,,,,,DEMOCRACIA CRISTÃ,i,DC,0,27,DC,DEMOCRACIA CRISTÃ,,27,280002552484,CLARIANA ZACARKIM BARAO,CLARIANA BARAO,03/04/1987,9,Válido,nao,,0,0.00,0,FABIANA CRISTINA TAVARES TORQUATO,FABIANA TORQUATO,DC,v,,,,,04/10/2026 20:11:34,sim
1,04/10/2026,6257,Presidente,1,municipio,RN,16306,2406155,JUNDIÁ,,,,,PARTIDO COMUNISTA BRASILEIRO,i,PCB,0,21,PCB,PARTIDO COMUNISTA BRASILEIRO,,21,280002551975,EDMILSON SILVA COSTA,EDMILSON COSTA,08/04/1950,10,Válido,nao,,1,0.03,0.026852846,CLEUSA DOS SANTOS,CLEUSA SANTOS,PCB,v,,,,,04/10/2026 20:11:34,sim
1,04/10/2026,6257,Presidente,1,municipio,RN,16306,2406155,JUNDIÁ,,,,,PARTIDO SOCIALISTA  DOS TRABALHADORES UNIFICADO,i,PSTU,0,16,PSTU,PARTIDO SOCIALISTA  DOS TRABALHADORES UNIFICADO,,16,280002541457,HERTZ DA CONCEICAO DIAS,HERTZ DIAS,20/10/1970,8,Válido,nao,,2,0.05,0.053705693,VANESSA PORTUGAL BARBOSA,VANESSA PORTUGAL,PSTU,v,,,,,04/10/2026 20:11:34,sim
1,04/10/2026,6257,Presidente,1,municipio,RN,16306,2406155,JUNDIÁ,,,,,BRASIL DOS NOSSOS SONHOS,c,AGIR / AVANTE,,70,AVANTE,AVANTE,,70,280002551547,AUGUSTO JORGE CURY,ESCRITOR AUGUSTO CURY,02/10/1958,3,Válido,nao,,120,3.22,3.222341568,JULIO CESAR DELGADO,JÚLIO DELGADO,AVANTE,v,,,,,04/10/2026 20:11:34,sim
1,04/10/2026,6257,Presidente,1,municipio,RN,16306,2406155,JUNDIÁ,,,,,PARTIDO NOVO,i,NOVO,0,30,NOVO,PARTIDO NOVO,,30,280002539826,ROMEU ZEMA NETO,ZEMA,28/10/1964,6,Válido,nao,,1,0.03,0.026852846,LUIS EDUARDO GRANGEIRO GIRÃO,EDUARDO GIRÃO,NOVO,v,,,,,04/10/2026 20:11:34,sim
1,04/10/2026,6257,Presidente,1,municipio,RN,16306,2406155,JUNDIÁ,,,,,UNIDADE POPULAR,i,UP,0,80,UP,UNIDADE POPULAR,,80,280002538811,SAMARA MARTINS DA SILVA FEITOSA,SAMARA,31/08/1987,7,Válido,nao,,0,0.00,0,RAQUEL NONATO DE BRICIO,RAQUEL BRÍCIO,UP,v,,,,,04/10/2026 20:11:34,sim
1,04/10/2026,6257,Presidente,1,municipio,RN,16306,2406155,JUNDIÁ,,,,,DEMOCRATA,i,DEMOCRATA,0,35,DEMOCRATA,DEMOCRATA,,35,280002548139,WILSON GRASSI JUNIOR,VETERINÁRIO WILSON GRASSI,13/03/1970,11,Válido,nao,,0,0.00,0,SUÊD HAIDAR NOGUEIRA,SUÊD HAIDAR,DEMOCRATA,v,,,,,04/10/2026 20:11:34,sim
1,04/10/2026,6257,Presidente,1,municipio,RN,16306,2406155,JUNDIÁ,,,,,PARTIDO MISSÃO,i,MISSÃO,0,14,MISSÃO,PARTIDO MISSÃO,,14,280002540694,RENAN ANTONIO FERREIRA DOS SANTOS,RENAN SANTOS,14/02/1984,4,Válido,nao,,35,0.94,0.939849624,AROLDO MEDINA,CORONEL MEDINA,MISSÃO,v,,,,,04/10/2026 20:11:34,sim
1,04/10/2026,6257,Presidente,1,municipio,RN,16306,2406155,JUNDIÁ,,,,,PARTIDO DA CAUSA OPERÁRIA,i,PCO,0,29,PCO,PARTIDO DA CAUSA OPERÁRIA,,29,280002552487,RUI COSTA PIMENTA,RUI COSTA PIMENTA,25/06/1957,12,Válido,nao,,0,0.00,0,ANTONIO CARLOS SILVA,ANTÔNIO CARLOS,PCO,v,,,,,04/10/2026 20:11:34,sim
1,04/10/2026,6257,Presidente,1,municipio,RN,16314,2401602,BENTO FERNANDES,,,,,PARTIDO LIBERAL,i,PL,0,22,PL,PARTIDO LIBERAL,,22,280002551544,FLAVIO NANTES BOLSONARO,FLAVIO BOLSONARO,30/04/1981,1,Válido,nao,,927,23.24,23.238906994,ALFREDO GASPAR DE MENDONÇA NETO,ALFREDO GASPAR,PL,v,,,,,04/10/2026 21:00:42,sim
1,04/10/2026,6257,Presidente,1,municipio,RN,16314,2401602,BENTO FERNANDES,,,,,PARTIDO SOCIAL DEMOCRÁTICO,i,PSD,0,55,PSD,PARTIDO SOCIAL DEMOCRÁTICO,,55,280002551932,RONALDO RAMOS CAIADO,RONALDO CAIADO,25/09/1949,5,Válido,nao,,26,0.65,0.651792429,GILBERTO KASSAB,GILBERTO KASSAB,PSD,v,,,,,04/10/2026 21:00:42,sim
1,04/10/2026,6257,Presidente,1,municipio,RN,16314,2401602,BENTO FERNANDES,,PT/PC do B/PV,FEDERAÇÃO BRASIL DA ESPERANÇA - FE BRASIL,PT/PC do B/PV,BRASIL PRONTO PRA MAIS,c,PSB / PDT / PCDOB / PT / PV / PSOL / REDE,,13,PT,PARTIDO DOS TRABALHADORES,101,13,280002542548,LUIZ INÁCIO LULA DA SILVA,LULA,06/10/1945,2,Válido,nao,,2902,72.75,72.750062672,GERALDO JOSE RODRIGUES ALCKMIN FILHO,GERALDO ALCKMIN,PSB,v,,,,,04/10/2026 21:00:42,sim
1,04/10/2026,6257,Presidente,1,municipio,RN,16314,2401602,BENTO FERNANDES,,,,,DEMOCRACIA CRISTÃ,i,DC,0,27,DC,DEMOCRACIA CRISTÃ,,27,280002552484,CLARIANA ZACARKIM BARAO,CLARIANA BARAO,03/04/1987,9,Válido,nao,,0,0.00,0,FABIANA CRISTINA TAVARES TORQUATO,FABIANA TORQUATO,DC,v,,,,,04/10/2026 21:00:42,sim
1,04/10/2026,6257,Presidente,1,municipio,RN,16314,2401602,BENTO FERNANDES,,,,,PARTIDO COMUNISTA BRASILEIRO,i,PCB,0,21,PCB,PARTIDO COMUNISTA BRASILEIRO,,21,280002551975,EDMILSON SILVA COSTA,EDMILSON COSTA,08/04/1950,10,Válido,nao,,1,0.03,0.025068940,CLEUSA DOS SANTOS,CLEUSA SANTOS,PCB,v,,,,,04/10/2026 21:00:42,sim
1,04/10/2026,6257,Presidente,1,municipio,RN,16314,2401602,BENTO FERNANDES,,,,,PARTIDO SOCIALISTA  DOS TRABALHADORES UNIFICADO,i,PSTU,0,16,PSTU,PARTIDO SOCIALISTA  DOS TRABALHADORES UNIFICADO,,16,280002541457,HERTZ DA CONCEICAO DIAS,HERTZ DIAS,20/10/1970,8,Válido,nao,,1,0.03,0.025068940,VANESSA PORTUGAL BARBOSA,VANESSA PORTUGAL,PSTU,v,,,,,04/10/2026 21:00:42,sim
1,04/10/2026,6257,Presidente,1,municipio,RN,16314,2401602,BENTO FERNANDES,,,,,BRASIL DOS NOSSOS SONHOS,c,AGIR / AVANTE,,70,AVANTE,AVANTE,,70,280002551547,AUGUSTO JORGE CURY,ESCRITOR AUGUSTO CURY,02/10/1958,3,Válido,nao,,110,2.76,2.757583354,JULIO CESAR DELGADO,JÚLIO DELGADO,AVANTE,v,,,,,04/10/2026 21:00:42,sim
1,04/10/2026,6257,Presidente,1,municipio,RN,16314,2401602,BENTO FERNANDES,,,,,PARTIDO NOVO,i,NOVO,0,30,NOVO,PARTIDO NOVO,,30,280002539826,ROMEU ZEMA NETO,ZEMA,28/10/1964,6,Válido,nao,,0,0.00,0,LUIS EDUARDO GRANGEIRO GIRÃO,EDUARDO GIRÃO,NOVO,v,,,,,04/10/2026 21:00:42,sim
1,04/10/2026,6257,Presidente,1,municipio,RN,16314,2401602,BENTO FERNANDES,,,,,UNIDADE POPULAR,i,UP,0,80,UP,UNIDADE POPULAR,,80,280002538811,SAMARA MARTINS DA SILVA FEITOSA,SAMARA,31/08/1987,7,Válido,nao,,0,0.00,0,RAQUEL NONATO DE BRICIO,RAQUEL BRÍCIO,UP,v,,,,,04/10/2026 21:00:42,sim
1,04/10/2026,6257,Presidente,1,municipio,RN,16314,2401602,BENTO FERNANDES,,,,,DEMOCRATA,i,DEMOCRATA,0,35,DEMOCRATA,DEMOCRATA,,35,280002548139,WILSON GRASSI JUNIOR,VETERINÁRIO WILSON GRASSI,13/03/1970,11,Válido,nao,,0,0.00,0,SUÊD HAIDAR NOGUEIRA,SUÊD HAIDAR,DEMOCRATA,v,,,,,04/10/2026 21:00:42,sim
1,04/10/2026,6257,Presidente,1,municipio,RN,16314,2401602,BENTO FERNANDES,,,,,PARTIDO MISSÃO,i,MISSÃO,0,14,MISSÃO,PARTIDO MISSÃO,,14,280002540694,RENAN ANTONIO FERREIRA DOS SANTOS,RENAN SANTOS,14/02/1984,4,Válido,nao,,22,0.55,0.551516671,AROLDO MEDINA,CORONEL MEDINA,MISSÃO,v,,,,,04/10/2026 21:00:42,sim
1,04/10/2026,6257,Presidente,1,municipio,RN,16314,2401602,BENTO FERNANDES,,,,,PARTIDO DA CAUSA OPERÁRIA,i,PCO,0,29,PCO,PARTIDO DA CAUSA OPERÁRIA,,29,280002552487,RUI COSTA PIMENTA,RUI COSTA PIMENTA,25/06/1957,12,Válido,nao,,0,0.00,0,ANTONIO CARLOS SILVA,ANTÔNIO CARLOS,PCO,v,,,,,04/10/2026 21:00:42,sim
1,04/10/2026,6257,Presidente,1,municipio,RN,16330,2401701,BOM JESUS,,,,,PARTIDO LIBERAL,i,PL,0,22,PL,PARTIDO LIBERAL,,22,280002551544,FLAVIO NANTES BOLSONARO,FLAVIO BOLSONARO,30/04/1981,1,Válido,nao,,2466,34.43,34.431722982,ALFREDO GASPAR DE MENDONÇA NETO,ALFREDO GASPAR,PL,v,,,,,04/10/2026 19:20:55,sim
1,04/10/2026,6257,Presidente,1,municipio,RN,16330,2401701,BOM JESUS,,,,,PARTIDO SOCIAL DEMOCRÁTICO,i,PSD,0,55,PSD,PARTIDO SOCIAL DEMOCRÁTICO,,55,280002551932,RONALDO RAMOS CAIADO,RONALDO CAIADO,25/09/1949,5,Válido,nao,,56,0.78,0.781904496,GILBERTO KASSAB,GILBERTO KASSAB,PSD,v,,,,,04/10/2026 19:20:55,sim
1,04/10/2026,6257,Presidente,1,municipio,RN,16330,2401701,BOM JESUS,,PT/PC do B/PV,FEDERAÇÃO BRASIL DA ESPERANÇA - FE BRASIL,PT/PC do B/PV,BRASIL PRONTO PRA MAIS,c,PSB / PDT / PCDOB / PT / PV / PSOL / REDE,,13,PT,PARTIDO DOS TRABALHADORES,101,13,280002542548,LUIZ INÁCIO LULA DA SILVA,LULA,06/10/1945,2,Válido,nao,,4354,60.79,60.793074560,GERALDO JOSE RODRIGUES ALCKMIN FILHO,GERALDO ALCKMIN,PSB,v,,,,,04/10/2026 19:20:55,sim
1,04/10/2026,6257,Presidente,1,municipio,RN,16330,2401701,BOM JESUS,,,,,DEMOCRACIA CRISTÃ,i,DC,0,27,DC,DEMOCRACIA CRISTÃ,,27,280002552484,CLARIANA ZACARKIM BARAO,CLARIANA BARAO,03/04/1987,9,Válido,nao,,1,0.01,0.013962580,FABIANA CRISTINA TAVARES TORQUATO,FABIANA TORQUATO,DC,v,,,,,04/10/2026 19:20:55,sim
1,04/10/2026,6257,Presidente,1,municipio,RN,16330,2401701,BOM JESUS,,,,,PARTIDO COMUNISTA BRASILEIRO,i,PCB,0,21,PCB,PARTIDO COMUNISTA BRASILEIRO,,21,280002551975,EDMILSON SILVA COSTA,EDMILSON COSTA,08/04/1950,10,Válido,nao,,0,0.00,0,CLEUSA DOS SANTOS,CLEUSA SANTOS,PCB,v,,,,,04/10/2026 19:20:55,sim
1,04/10/2026,6257,Presidente,1,municipio,RN,16330,2401701,BOM JESUS,,,,,PARTIDO SOCIALISTA  DOS TRABALHADORES UNIFICADO,i,PSTU,0,16,PSTU,PARTIDO SOCIALISTA  DOS TRABALHADORES UNIFICADO,,16,280002541457,HERTZ DA CONCEICAO DIAS,HERTZ DIAS,20/10/1970,8,Válido,nao,,2,0.03,0.027925161,VANESSA PORTUGAL BARBOSA,VANESSA PORTUGAL,PSTU,v,,,,,04/10/2026 19:20:55,sim
1,04/10/2026,6257,Presidente,1,municipio,RN,16330,2401701,BOM JESUS,,,,,BRASIL DOS NOSSOS SONHOS,c,AGIR / AVANTE,,70,AVANTE,AVANTE,,70,280002551547,AUGUSTO JORGE CURY,ESCRITOR AUGUSTO CURY,02/10/1958,3,Válido,nao,,196,2.74,2.736665736,JULIO CESAR DELGADO,JÚLIO DELGADO,AVANTE,v,,,,,04/10/2026 19:20:55,sim
1,04/10/2026,6257,Presidente,1,municipio,RN,16330,2401701,BOM JESUS,,,,,PARTIDO NOVO,i,NOVO,0,30,NOVO,PARTIDO NOVO,,30,280002539826,ROMEU ZEMA NETO,ZEMA,28/10/1964,6,Válido,nao,,2,0.03,0.027925161,LUIS EDUARDO GRANGEIRO GIRÃO,EDUARDO GIRÃO,NOVO,v,,,,,04/10/2026 19:20:55,sim
1,04/10/2026,6257,Presidente,1,municipio,RN,16330,2401701,BOM JESUS,,,,,UNIDADE POPULAR,i,UP,0,80,UP,UNIDADE POPULAR,,80,280002538811,SAMARA MARTINS DA SILVA FEITOSA,SAMARA,31/08/1987,7,Válido,nao,,1,0.01,0.013962580,RAQUEL NONATO DE BRICIO,RAQUEL BRÍCIO,UP,v,,,,,04/10/2026 19:20:55,sim
1,04/10/2026,6257,Presidente,1,municipio,RN,16330,2401701,BOM JESUS,,,,,DEMOCRATA,i,DEMOCRATA,0,35,DEMOCRATA,DEMOCRATA,,35,280002548139,WILSON GRASSI JUNIOR,VETERINÁRIO WILSON GRASSI,13/03/1970,11,Válido,nao,,0,0.00,0,SUÊD HAIDAR NOGUEIRA,SUÊD HAIDAR,DEMOCRATA,v,,,,,04/10/2026 19:20:55,sim
1,04/10/2026,6257,Presidente,1,municipio,RN,16330,2401701,BOM JESUS,,,,,PARTIDO MISSÃO,i,MISSÃO,0,14,MISSÃO,PARTIDO MISSÃO,,14,280002540694,RENAN ANTONIO FERREIRA DOS SANTOS,RENAN SANTOS,14/02/1984,4,Válido,nao,,84,1.17,1.172856744,AROLDO MEDINA,CORONEL MEDINA,MISSÃO,v,,,,,04/10/2026 19:20:55,sim
1,04/10/2026,6257,Presidente,1,municipio,RN,16330,2401701,BOM JESUS,,,,,PARTIDO DA CAUSA OPERÁRIA,i,PCO,0,29,PCO,PARTIDO DA CAUSA OPERÁRIA,,29,280002552487,RUI COSTA PIMENTA,RUI COSTA PIMENTA,25/06/1957,12,Válido,nao,,0,0.00,0,ANTONIO CARLOS SILVA,ANTÔNIO CARLOS,PCO,v,,,,,04/10/2026 19:20:55,sim
1,04/10/2026,6257,Presidente,1,municipio,RN,16357,2401800,BREJINHO,,,,,PARTIDO LIBERAL,i,PL,0,22,PL,PARTIDO LIBERAL,,22,280002551544,FLAVIO NANTES BOLSONARO,FLAVIO BOLSONARO,30/04/1981,1,Válido,nao,,2424,32.20,32.195510692,ALFREDO GASPAR DE MENDONÇA NETO,ALFREDO GASPAR,PL,v,,,,,04/10/2026 19:13:59,sim
1,04/10/2026,6257,Presidente,1,municipio,RN,16357,2401800,BREJINHO,,,,,PARTIDO SOCIAL DEMOCRÁTICO,i,PSD,0,55,PSD,PARTIDO SOCIAL DEMOCRÁTICO,,55,280002551932,RONALDO RAMOS CAIADO,RONALDO CAIADO,25/09/1949,5,Válido,nao,,79,1.05,1.049276132,GILBERTO KASSAB,GILBERTO KASSAB,PSD,v,,,,,04/10/2026 19:13:59,sim
1,04/10/2026,6257,Presidente,1,municipio,RN,16357,2401800,BREJINHO,,PT/PC do B/PV,FEDERAÇÃO BRASIL DA ESPERANÇA - FE BRASIL,PT/PC do B/PV,BRASIL PRONTO PRA MAIS,c,PSB / PDT / PCDOB / PT / PV / PSOL / REDE,,13,PT,PARTIDO DOS TRABALHADORES,101,13,280002542548,LUIZ INÁCIO LULA DA SILVA,LULA,06/10/1945,2,Válido,nao,,4750,63.09,63.089387701,GERALDO JOSE RODRIGUES ALCKMIN FILHO,GERALDO ALCKMIN,PSB,v,,,,,04/10/2026 19:13:59,sim
1,04/10/2026,6257,Presidente,1,municipio,RN,16357,2401800,BREJINHO,,,,,PARTIDO SOCIALISTA  DOS TRABALHADORES UNIFICADO,i,PSTU,0,16,PSTU,PARTIDO SOCIALISTA  DOS TRABALHADORES UNIFICADO,,16,280002541457,HERTZ DA CONCEICAO DIAS,HERTZ DIAS,20/10/1970,8,Válido,nao,,0,0.00,0,VANESSA PORTUGAL BARBOSA,VANESSA PORTUGAL,PSTU,v,,,,,04/10/2026 19:13:59,sim
1,04/10/2026,6257,Presidente,1,municipio,RN,16357,2401800,BREJINHO,,,,,PARTIDO COMUNISTA BRASILEIRO,i,PCB,0,21,PCB,PARTIDO COMUNISTA BRASILEIRO,,21,280002551975,EDMILSON SILVA COSTA,EDMILSON COSTA,08/04/1950,10,Válido,nao,,2,0.03,0.026563953,CLEUSA DOS SANTOS,CLEUSA SANTOS,PCB,v,,,,,04/10/2026 19:13:59,sim
1,04/10/2026,6257,Presidente,1,municipio,RN,16357,2401800,BREJINHO,,,,,DEMOCRACIA CRISTÃ,i,DC,0,27,DC,DEMOCRACIA CRISTÃ,,27,280002552484,CLARIANA ZACARKIM BARAO,CLARIANA BARAO,03/04/1987,9,Válido,nao,,0,0.00,0,FABIANA CRISTINA TAVARES TORQUATO,FABIANA TORQUATO,DC,v,,,,,04/10/2026 19:13:59,sim
1,04/10/2026,6257,Presidente,1,municipio,RN,16357,2401800,BREJINHO,,,,,PARTIDO NOVO,i,NOVO,0,30,NOVO,PARTIDO NOVO,,30,280002539826,ROMEU ZEMA NETO,ZEMA,28/10/1964,6,Válido,nao,,3,0.04,0.039845929,LUIS EDUARDO GRANGEIRO GIRÃO,EDUARDO GIRÃO,NOVO,v,,,,,04/10/2026 19:13:59,sim
1,04/10/2026,6257,Presidente,1,municipio,RN,16357,2401800,BREJINHO,,,,,BRASIL DOS NOSSOS SONHOS,c,AGIR / AVANTE,,70,AVANTE,AVANTE,,70,280002551547,AUGUSTO JORGE CURY,ESCRITOR AUGUSTO CURY,02/10/1958,3,Válido,nao,,194,2.58,2.576703413,JULIO CESAR DELGADO,JÚLIO DELGADO,AVANTE,v,,,,,04/10/2026 19:13:59,sim
1,04/10/2026,6257,Presidente,1,municipio,RN,16357,2401800,BREJINHO,,,,,DEMOCRATA,i,DEMOCRATA,0,35,DEMOCRATA,DEMOCRATA,,35,280002548139,WILSON GRASSI JUNIOR,VETERINÁRIO WILSON GRASSI,13/03/1970,11,Válido,nao,,0,0.00,0,SUÊD HAIDAR NOGUEIRA,SUÊD HAIDAR,DEMOCRATA,v,,,,,04/10/2026 19:13:59,sim
1,04/10/2026,6257,Presidente,1,municipio,RN,16357,2401800,BREJINHO,,,,,UNIDADE POPULAR,i,UP,0,80,UP,UNIDADE POPULAR,,80,280002538811,SAMARA MARTINS DA SILVA FEITOSA,SAMARA,31/08/1987,7,Válido,nao,,0,0.00,0,RAQUEL NONATO DE BRICIO,RAQUEL BRÍCIO,UP,v,,,,,04/10/2026 19:13:59,sim
1,04/10/2026,6257,Presidente,1,municipio,RN,16357,2401800,BREJINHO,,,,,PARTIDO MISSÃO,i,MISSÃO,0,14,MISSÃO,PARTIDO MISSÃO,,14,280002540694,RENAN ANTONIO FERREIRA DOS SANTOS,RENAN SANTOS,14/02/1984,4,Válido,nao,,77,1.02,1.022712180,AROLDO MEDINA,CORONEL MEDINA,MISSÃO,v,,,,,04/10/2026 19:13:59,sim
1,04/10/2026,6257,Presidente,1,municipio,RN,16357,2401800,BREJINHO,,,,,PARTIDO DA CAUSA OPERÁRIA,i,PCO,0,29,PCO,PARTIDO DA CAUSA OPERÁRIA,,29,280002552487,RUI COSTA PIMENTA,RUI COSTA PIMENTA,25/06/1957,12,Válido,nao,,0,0.00,0,ANTONIO CARLOS SILVA,ANTÔNIO CARLOS,PCO,v,,,,,04/10/2026 19:13:59,sim
1,04/10/2026,6257,Presidente,1,municipio,RN,16373,2401909,CAIÇARA DO RIO DO VENTO,,,,,PARTIDO LIBERAL,i,PL,0,22,PL,PARTIDO LIBERAL,,22,280002551544,FLAVIO NANTES BOLSONARO,FLAVIO BOLSONARO,30/04/1981,1,Válido,nao,,1023,30.26,30.257320319,ALFREDO GASPAR DE MENDONÇA NETO,ALFREDO GASPAR,PL,v,,,,,04/10/2026 19:32:14,sim
1,04/10/2026,6257,Presidente,1,municipio,RN,16373,2401909,CAIÇARA DO RIO DO VENTO,,,,,PARTIDO SOCIAL DEMOCRÁTICO,i,PSD,0,55,PSD,PARTIDO SOCIAL DEMOCRÁTICO,,55,280002551932,RONALDO RAMOS CAIADO,RONALDO CAIADO,25/09/1949,5,Válido,nao,,22,0.65,0.650695061,GILBERTO KASSAB,GILBERTO KASSAB,PSD,v,,,,,04/10/2026 19:32:14,sim
1,04/10/2026,6257,Presidente,1,municipio,RN,16373,2401909,CAIÇARA DO RIO DO VENTO,,PT/PC do B/PV,FEDERAÇÃO BRASIL DA ESPERANÇA - FE BRASIL,PT/PC do B/PV,BRASIL PRONTO PRA MAIS,c,PSB / PDT / PCDOB / PT / PV / PSOL / REDE,,13,PT,PARTIDO DOS TRABALHADORES,101,13,280002542548,LUIZ INÁCIO LULA DA SILVA,LULA,06/10/1945,2,Válido,nao,,2208,65.31,65.306122449,GERALDO JOSE RODRIGUES ALCKMIN FILHO,GERALDO ALCKMIN,PSB,v,,,,,04/10/2026 19:32:14,sim
1,04/10/2026,6257,Presidente,1,municipio,RN,16373,2401909,CAIÇARA DO RIO DO VENTO,,,,,PARTIDO SOCIALISTA  DOS TRABALHADORES UNIFICADO,i,PSTU,0,16,PSTU,PARTIDO SOCIALISTA  DOS TRABALHADORES UNIFICADO,,16,280002541457,HERTZ DA CONCEICAO DIAS,HERTZ DIAS,20/10/1970,8,Válido,nao,,0,0.00,0,VANESSA PORTUGAL BARBOSA,VANESSA PORTUGAL,PSTU,v,,,,,04/10/2026 19:32:14,sim
1,04/10/2026,6257,Presidente,1,municipio,RN,16373,2401909,CAIÇARA DO RIO DO VENTO,,,,,PARTIDO COMUNISTA BRASILEIRO,i,PCB,0,21,PCB,PARTIDO COMUNISTA BRASILEIRO,,21,280002551975,EDMILSON SILVA COSTA,EDMILSON COSTA,08/04/1950,10,Válido,nao,,0,0.00,0,CLEUSA DOS SANTOS,CLEUSA SANTOS,PCB,v,,,,,04/10/2026 19:32:14,sim
1,04/10/2026,6257,Presidente,1,municipio,RN,16373,2401909,CAIÇARA DO RIO DO VENTO,,,,,DEMOCRACIA CRISTÃ,i,DC,0,27,DC,DEMOCRACIA CRISTÃ,,27,280002552484,CLARIANA ZACARKIM BARAO,CLARIANA BARAO,03/04/1987,9,Válido,nao,,0,0.00,0,FABIANA CRISTINA TAVARES TORQUATO,FABIANA TORQUATO,DC,v,,,,,04/10/2026 19:32:14,sim
1,04/10/2026,6257,Presidente,1,municipio,RN,16373,2401909,CAIÇARA DO RIO DO VENTO,,,,,PARTIDO NOVO,i,NOVO,0,30,NOVO,PARTIDO NOVO,,30,280002539826,ROMEU ZEMA NETO,ZEMA,28/10/1964,6,Válido,nao,,0,0.00,0,LUIS EDUARDO GRANGEIRO GIRÃO,EDUARDO GIRÃO,NOVO,v,,,,,04/10/2026 19:32:14,sim
1,04/10/2026,6257,Presidente,1,municipio,RN,16373,2401909,CAIÇARA DO RIO DO VENTO,,,,,BRASIL DOS NOSSOS SONHOS,c,AGIR / AVANTE,,70,AVANTE,AVANTE,,70,280002551547,AUGUSTO JORGE CURY,ESCRITOR AUGUSTO CURY,02/10/1958,3,Válido,nao,,99,2.93,2.928127773,JULIO CESAR DELGADO,JÚLIO DELGADO,AVANTE,v,,,,,04/10/2026 19:32:14,sim
1,04/10/2026,6257,Presidente,1,municipio,RN,16373,2401909,CAIÇARA DO RIO DO VENTO,,,,,DEMOCRATA,i,DEMOCRATA,0,35,DEMOCRATA,DEMOCRATA,,35,280002548139,WILSON GRASSI JUNIOR,VETERINÁRIO WILSON GRASSI,13/03/1970,11,Válido,nao,,0,0.00,0,SUÊD HAIDAR NOGUEIRA,SUÊD HAIDAR,DEMOCRATA,v,,,,,04/10/2026 19:32:14,sim
1,04/10/2026,6257,Presidente,1,municipio,RN,16373,2401909,CAIÇARA DO RIO DO VENTO,,,,,UNIDADE POPULAR,i,UP,0,80,UP,UNIDADE POPULAR,,80,280002538811,SAMARA MARTINS DA SILVA FEITOSA,SAMARA,31/08/1987,7,Válido,nao,,1,0.03,0.029577048,RAQUEL NONATO DE BRICIO,RAQUEL BRÍCIO,UP,v,,,,,04/10/2026 19:32:14,sim
1,04/10/2026,6257,Presidente,1,municipio,RN,16373,2401909,CAIÇARA DO RIO DO VENTO,,,,,PARTIDO MISSÃO,i,MISSÃO,0,14,MISSÃO,PARTIDO MISSÃO,,14,280002540694,RENAN ANTONIO FERREIRA DOS SANTOS,RENAN SANTOS,14/02/1984,4,Válido,nao,,28,0.83,0.828157350,AROLDO MEDINA,CORONEL MEDINA,MISSÃO,v,,,,,04/10/2026 19:32:14,sim
1,04/10/2026,6257,Presidente,1,municipio,RN,16373,2401909,CAIÇARA DO RIO DO VENTO,,,,,PARTIDO DA CAUSA OPERÁRIA,i,PCO,0,29,PCO,PARTIDO DA CAUSA OPERÁRIA,,29,280002552487,RUI COSTA PIMENTA,RUI COSTA PIMENTA,25/06/1957,12,Válido,nao,,0,0.00,0,ANTONIO CARLOS SILVA,ANTÔNIO CARLOS,PCO,v,,,,,04/10/2026 19:32:14,sim
1,04/10/2026,6257,Presidente,1,municipio,RN,16390,2402006,CAICÓ,,,,,PARTIDO LIBERAL,i,PL,0,22,PL,PARTIDO LIBERAL,,22,280002551544,FLAVIO NANTES BOLSONARO,FLAVIO BOLSONARO,30/04/1981,1,Válido,nao,,12738,35.11,35.106382979,ALFREDO GASPAR DE MENDONÇA NETO,ALFREDO GASPAR,PL,v,,,,,04/10/2026 21:00:21,sim
1,04/10/2026,6257,Presidente,1,municipio,RN,16390,2402006,CAICÓ,,,,,PARTIDO SOCIAL DEMOCRÁTICO,i,PSD,0,55,PSD,PARTIDO SOCIAL DEMOCRÁTICO,,55,280002551932,RONALDO RAMOS CAIADO,RONALDO CAIADO,25/09/1949,5,Válido,nao,,336,0.93,0.926028001,GILBERTO KASSAB,GILBERTO KASSAB,PSD,v,,,,,04/10/2026 21:00:21,sim
1,04/10/2026,6257,Presidente,1,municipio,RN,16390,2402006,CAICÓ,,PT/PC do B/PV,FEDERAÇÃO BRASIL DA ESPERANÇA - FE BRASIL,PT/PC do B/PV,BRASIL PRONTO PRA MAIS,c,PSB / PDT / PCDOB / PT / PV / PSOL / REDE,,13,PT,PARTIDO DOS TRABALHADORES,101,13,280002542548,LUIZ INÁCIO LULA DA SILVA,LULA,06/10/1945,2,Válido,nao,,21376,58.91,58.913019513,GERALDO JOSE RODRIGUES ALCKMIN FILHO,GERALDO ALCKMIN,PSB,v,,,,,04/10/2026 21:00:21,sim
1,04/10/2026,6257,Presidente,1,municipio,RN,16390,2402006,CAICÓ,,,,,DEMOCRACIA CRISTÃ,i,DC,0,27,DC,DEMOCRACIA CRISTÃ,,27,280002552484,CLARIANA ZACARKIM BARAO,CLARIANA BARAO,03/04/1987,9,Válido,nao,,12,0.03,0.033072429,FABIANA CRISTINA TAVARES TORQUATO,FABIANA TORQUATO,DC,v,,,,,04/10/2026 21:00:21,sim
1,04/10/2026,6257,Presidente,1,municipio,RN,16390,2402006,CAICÓ,,,,,PARTIDO COMUNISTA BRASILEIRO,i,PCB,0,21,PCB,PARTIDO COMUNISTA BRASILEIRO,,21,280002551975,EDMILSON SILVA COSTA,EDMILSON COSTA,08/04/1950,10,Válido,nao,,7,0.02,0.019292250,CLEUSA DOS SANTOS,CLEUSA SANTOS,PCB,v,,,,,04/10/2026 21:00:21,sim
1,04/10/2026,6257,Presidente,1,municipio,RN,16390,2402006,CAICÓ,,,,,PARTIDO SOCIALISTA  DOS TRABALHADORES UNIFICADO,i,PSTU,0,16,PSTU,PARTIDO SOCIALISTA  DOS TRABALHADORES UNIFICADO,,16,280002541457,HERTZ DA CONCEICAO DIAS,HERTZ DIAS,20/10/1970,8,Válido,nao,,10,0.03,0.027560357,VANESSA PORTUGAL BARBOSA,VANESSA PORTUGAL,PSTU,v,,,,,04/10/2026 21:00:21,sim
1,04/10/2026,6257,Presidente,1,municipio,RN,16390,2402006,CAICÓ,,,,,BRASIL DOS NOSSOS SONHOS,c,AGIR / AVANTE,,70,AVANTE,AVANTE,,70,280002551547,AUGUSTO JORGE CURY,ESCRITOR AUGUSTO CURY,02/10/1958,3,Válido,nao,,1199,3.30,3.304486826,JULIO CESAR DELGADO,JÚLIO DELGADO,AVANTE,v,,,,,04/10/2026 21:00:21,sim
1,04/10/2026,6257,Presidente,1,municipio,RN,16390,2402006,CAICÓ,,,,,PARTIDO NOVO,i,NOVO,0,30,NOVO,PARTIDO NOVO,,30,280002539826,ROMEU ZEMA NETO,ZEMA,28/10/1964,6,Válido,nao,,31,0.09,0.085437107,LUIS EDUARDO GRANGEIRO GIRÃO,EDUARDO GIRÃO,NOVO,v,,,,,04/10/2026 21:00:21,sim
1,04/10/2026,6257,Presidente,1,municipio,RN,16390,2402006,CAICÓ,,,,,UNIDADE POPULAR,i,UP,0,80,UP,UNIDADE POPULAR,,80,280002538811,SAMARA MARTINS DA SILVA FEITOSA,SAMARA,31/08/1987,7,Válido,nao,,21,0.06,0.057876750,RAQUEL NONATO DE BRICIO,RAQUEL BRÍCIO,UP,v,,,,,04/10/2026 21:00:21,sim
1,04/10/2026,6257,Presidente,1,municipio,RN,16390,2402006,CAICÓ,,,,,DEMOCRATA,i,DEMOCRATA,0,35,DEMOCRATA,DEMOCRATA,,35,280002548139,WILSON GRASSI JUNIOR,VETERINÁRIO WILSON GRASSI,13/03/1970,11,Válido,nao,,2,0.01,0.005512071,SUÊD HAIDAR NOGUEIRA,SUÊD HAIDAR,DEMOCRATA,v,,,,,04/10/2026 21:00:21,sim
1,04/10/2026,6257,Presidente,1,municipio,RN,16390,2402006,CAICÓ,,,,,PARTIDO MISSÃO,i,MISSÃO,0,14,MISSÃO,PARTIDO MISSÃO,,14,280002540694,RENAN ANTONIO FERREIRA DOS SANTOS,RENAN SANTOS,14/02/1984,4,Válido,nao,,551,1.52,1.518575681,AROLDO MEDINA,CORONEL MEDINA,MISSÃO,v,,,,,04/10/2026 21:00:21,sim
1,04/10/2026,6257,Presidente,1,municipio,RN,16390,2402006,CAICÓ,,,,,PARTIDO DA CAUSA OPERÁRIA,i,PCO,0,29,PCO,PARTIDO DA CAUSA OPERÁRIA,,29,280002552487,RUI COSTA PIMENTA,RUI COSTA PIMENTA,25/06/1957,12,Válido,nao,,1,0.01,0.002756036,ANTONIO CARLOS SILVA,ANTÔNIO CARLOS,PCO,v,,,,,04/10/2026 21:00:21,sim
1,04/10/2026,6257,Presidente,1,municipio,RN,16411,2402105,CAMPO REDONDO,,,,,PARTIDO LIBERAL,i,PL,0,22,PL,PARTIDO LIBERAL,,22,280002551544,FLAVIO NANTES BOLSONARO,FLAVIO BOLSONARO,30/04/1981,1,Válido,nao,,1330,19.87,19.874476987,ALFREDO GASPAR DE MENDONÇA NETO,ALFREDO GASPAR,PL,v,,,,,04/10/2026 19:25:19,sim
1,04/10/2026,6257,Presidente,1,municipio,RN,16411,2402105,CAMPO REDONDO,,,,,PARTIDO SOCIAL DEMOCRÁTICO,i,PSD,0,55,PSD,PARTIDO SOCIAL DEMOCRÁTICO,,55,280002551932,RONALDO RAMOS CAIADO,RONALDO CAIADO,25/09/1949,5,Válido,nao,,32,0.48,0.478182905,GILBERTO KASSAB,GILBERTO KASSAB,PSD,v,,,,,04/10/2026 19:25:19,sim
1,04/10/2026,6257,Presidente,1,municipio,RN,16411,2402105,CAMPO REDONDO,,PT/PC do B/PV,FEDERAÇÃO BRASIL DA ESPERANÇA - FE BRASIL,PT/PC do B/PV,BRASIL PRONTO PRA MAIS,c,PSB / PDT / PCDOB / PT / PV / PSOL / REDE,,13,PT,PARTIDO DOS TRABALHADORES,101,13,280002542548,LUIZ INÁCIO LULA DA SILVA,LULA,06/10/1945,2,Válido,nao,,5150,76.96,76.957561267,GERALDO JOSE RODRIGUES ALCKMIN FILHO,GERALDO ALCKMIN,PSB,v,,,,,04/10/2026 19:25:19,sim
1,04/10/2026,6257,Presidente,1,municipio,RN,16411,2402105,CAMPO REDONDO,,,,,DEMOCRACIA CRISTÃ,i,DC,0,27,DC,DEMOCRACIA CRISTÃ,,27,280002552484,CLARIANA ZACARKIM BARAO,CLARIANA BARAO,03/04/1987,9,Válido,nao,,0,0.00,0,FABIANA CRISTINA TAVARES TORQUATO,FABIANA TORQUATO,DC,v,,,,,04/10/2026 19:25:19,sim
1,04/10/2026,6257,Presidente,1,municipio,RN,16411,2402105,CAMPO REDONDO,,,,,PARTIDO COMUNISTA BRASILEIRO,i,PCB,0,21,PCB,PARTIDO COMUNISTA BRASILEIRO,,21,280002551975,EDMILSON SILVA COSTA,EDMILSON COSTA,08/04/1950,10,Válido,nao,,2,0.03,0.029886432,CLEUSA DOS SANTOS,CLEUSA SANTOS,PCB,v,,,,,04/10/2026 19:25:19,sim
1,04/10/2026,6257,Presidente,1,municipio,RN,16411,2402105,CAMPO REDONDO,,,,,PARTIDO SOCIALISTA  DOS TRABALHADORES UNIFICADO,i,PSTU,0,16,PSTU,PARTIDO SOCIALISTA  DOS TRABALHADORES UNIFICADO,,16,280002541457,HERTZ DA CONCEICAO DIAS,HERTZ DIAS,20/10/1970,8,Válido,nao,,1,0.01,0.014943216,VANESSA PORTUGAL BARBOSA,VANESSA PORTUGAL,PSTU,v,,,,,04/10/2026 19:25:19,sim
1,04/10/2026,6257,Presidente,1,municipio,RN,16411,2402105,CAMPO REDONDO,,,,,BRASIL DOS NOSSOS SONHOS,c,AGIR / AVANTE,,70,AVANTE,AVANTE,,70,280002551547,AUGUSTO JORGE CURY,ESCRITOR AUGUSTO CURY,02/10/1958,3,Válido,nao,,106,1.58,1.583980873,JULIO CESAR DELGADO,JÚLIO DELGADO,AVANTE,v,,,,,04/10/2026 19:25:19,sim
1,04/10/2026,6257,Presidente,1,municipio,RN,16411,2402105,CAMPO REDONDO,,,,,PARTIDO NOVO,i,NOVO,0,30,NOVO,PARTIDO NOVO,,30,280002539826,ROMEU ZEMA NETO,ZEMA,28/10/1964,6,Válido,nao,,2,0.03,0.029886432,LUIS EDUARDO GRANGEIRO GIRÃO,EDUARDO GIRÃO,NOVO,v,,,,,04/10/2026 19:25:19,sim
1,04/10/2026,6257,Presidente,1,municipio,RN,16411,2402105,CAMPO REDONDO,,,,,UNIDADE POPULAR,i,UP,0,80,UP,UNIDADE POPULAR,,80,280002538811,SAMARA MARTINS DA SILVA FEITOSA,SAMARA,31/08/1987,7,Válido,nao,,1,0.01,0.014943216,RAQUEL NONATO DE BRICIO,RAQUEL BRÍCIO,UP,v,,,,,04/10/2026 19:25:19,sim
1,04/10/2026,6257,Presidente,1,municipio,RN,16411,2402105,CAMPO REDONDO,,,,,DEMOCRATA,i,DEMOCRATA,0,35,DEMOCRATA,DEMOCRATA,,35,280002548139,WILSON GRASSI JUNIOR,VETERINÁRIO WILSON GRASSI,13/03/1970,11,Válido,nao,,0,0.00,0,SUÊD HAIDAR NOGUEIRA,SUÊD HAIDAR,DEMOCRATA,v,,,,,04/10/2026 19:25:19,sim
1,04/10/2026,6257,Presidente,1,municipio,RN,16411,2402105,CAMPO REDONDO,,,,,PARTIDO MISSÃO,i,MISSÃO,0,14,MISSÃO,PARTIDO MISSÃO,,14,280002540694,RENAN ANTONIO FERREIRA DOS SANTOS,RENAN SANTOS,14/02/1984,4,Válido,nao,,68,1.02,1.016138673,AROLDO MEDINA,CORONEL MEDINA,MISSÃO,v,,,,,04/10/2026 19:25:19,sim
1,04/10/2026,6257,Presidente,1,municipio,RN,16411,2402105,CAMPO REDONDO,,,,,PARTIDO DA CAUSA OPERÁRIA,i,PCO,0,29,PCO,PARTIDO DA CAUSA OPERÁRIA,,29,280002552487,RUI COSTA PIMENTA,RUI COSTA PIMENTA,25/06/1957,12,Válido,nao,,0,0.00,0,ANTONIO CARLOS SILVA,ANTÔNIO CARLOS,PCO,v,,,,,04/10/2026 19:25:19,sim
1,04/10/2026,6257,Presidente,1,municipio,RN,16438,2402204,CANGUARETAMA,,,,,PARTIDO LIBERAL,i,PL,0,22,PL,PARTIDO LIBERAL,,22,280002551544,FLAVIO NANTES BOLSONARO,FLAVIO BOLSONARO,30/04/1981,1,Válido,nao,,4971,25.95,25.947384904,ALFREDO GASPAR DE MENDONÇA NETO,ALFREDO GASPAR,PL,v,,,,,04/10/2026 19:16:13,sim
1,04/10/2026,6257,Presidente,1,municipio,RN,16438,2402204,CANGUARETAMA,,,,,PARTIDO SOCIAL DEMOCRÁTICO,i,PSD,0,55,PSD,PARTIDO SOCIAL DEMOCRÁTICO,,55,280002551932,RONALDO RAMOS CAIADO,RONALDO CAIADO,25/09/1949,5,Válido,nao,,83,0.43,0.433239378,GILBERTO KASSAB,GILBERTO KASSAB,PSD,v,,,,,04/10/2026 19:16:13,sim
1,04/10/2026,6257,Presidente,1,municipio,RN,16438,2402204,CANGUARETAMA,,PT/PC do B/PV,FEDERAÇÃO BRASIL DA ESPERANÇA - FE BRASIL,PT/PC do B/PV,BRASIL PRONTO PRA MAIS,c,PSB / PDT / PCDOB / PT / PV / PSOL / REDE,,13,PT,PARTIDO DOS TRABALHADORES,101,13,280002542548,LUIZ INÁCIO LULA DA SILVA,LULA,06/10/1945,2,Válido,nao,,13380,69.84,69.840275603,GERALDO JOSE RODRIGUES ALCKMIN FILHO,GERALDO ALCKMIN,PSB,v,,,,,04/10/2026 19:16:13,sim
1,04/10/2026,6257,Presidente,1,municipio,RN,16438,2402204,CANGUARETAMA,,,,,DEMOCRACIA CRISTÃ,i,DC,0,27,DC,DEMOCRACIA CRISTÃ,,27,280002552484,CLARIANA ZACARKIM BARAO,CLARIANA BARAO,03/04/1987,9,Válido,nao,,3,0.02,0.015659255,FABIANA CRISTINA TAVARES TORQUATO,FABIANA TORQUATO,DC,v,,,,,04/10/2026 19:16:13,sim
1,04/10/2026,6257,Presidente,1,municipio,RN,16438,2402204,CANGUARETAMA,,,,,PARTIDO COMUNISTA BRASILEIRO,i,PCB,0,21,PCB,PARTIDO COMUNISTA BRASILEIRO,,21,280002551975,EDMILSON SILVA COSTA,EDMILSON COSTA,08/04/1950,10,Válido,nao,,1,0.01,0.005219752,CLEUSA DOS SANTOS,CLEUSA SANTOS,PCB,v,,,,,04/10/2026 19:16:13,sim
1,04/10/2026,6257,Presidente,1,municipio,RN,16438,2402204,CANGUARETAMA,,,,,PARTIDO SOCIALISTA  DOS TRABALHADORES UNIFICADO,i,PSTU,0,16,PSTU,PARTIDO SOCIALISTA  DOS TRABALHADORES UNIFICADO,,16,280002541457,HERTZ DA CONCEICAO DIAS,HERTZ DIAS,20/10/1970,8,Válido,nao,,1,0.01,0.005219752,VANESSA PORTUGAL BARBOSA,VANESSA PORTUGAL,PSTU,v,,,,,04/10/2026 19:16:13,sim
1,04/10/2026,6257,Presidente,1,municipio,RN,16438,2402204,CANGUARETAMA,,,,,BRASIL DOS NOSSOS SONHOS,c,AGIR / AVANTE,,70,AVANTE,AVANTE,,70,280002551547,AUGUSTO JORGE CURY,ESCRITOR AUGUSTO CURY,02/10/1958,3,Válido,nao,,455,2.37,2.374986951,JULIO CESAR DELGADO,JÚLIO DELGADO,AVANTE,v,,,,,04/10/2026 19:16:13,sim
1,04/10/2026,6257,Presidente,1,municipio,RN,16438,2402204,CANGUARETAMA,,,,,PARTIDO NOVO,i,NOVO,0,30,NOVO,PARTIDO NOVO,,30,280002539826,ROMEU ZEMA NETO,ZEMA,28/10/1964,6,Válido,nao,,4,0.02,0.020879006,LUIS EDUARDO GRANGEIRO GIRÃO,EDUARDO GIRÃO,NOVO,v,,,,,04/10/2026 19:16:13,sim
1,04/10/2026,6257,Presidente,1,municipio,RN,16438,2402204,CANGUARETAMA,,,,,UNIDADE POPULAR,i,UP,0,80,UP,UNIDADE POPULAR,,80,280002538811,SAMARA MARTINS DA SILVA FEITOSA,SAMARA,31/08/1987,7,Válido,nao,,3,0.02,0.015659255,RAQUEL NONATO DE BRICIO,RAQUEL BRÍCIO,UP,v,,,,,04/10/2026 19:16:13,sim
1,04/10/2026,6257,Presidente,1,municipio,RN,16438,2402204,CANGUARETAMA,,,,,DEMOCRATA,i,DEMOCRATA,0,35,DEMOCRATA,DEMOCRATA,,35,280002548139,WILSON GRASSI JUNIOR,VETERINÁRIO WILSON GRASSI,13/03/1970,11,Válido,nao,,1,0.01,0.005219752,SUÊD HAIDAR NOGUEIRA,SUÊD HAIDAR,DEMOCRATA,v,,,,,04/10/2026 19:16:13,sim
1,04/10/2026,6257,Presidente,1,municipio,RN,16438,2402204,CANGUARETAMA,,,,,PARTIDO MISSÃO,i,MISSÃO,0,14,MISSÃO,PARTIDO MISSÃO,,14,280002540694,RENAN ANTONIO FERREIRA DOS SANTOS,RENAN SANTOS,14/02/1984,4,Válido,nao,,256,1.34,1.336256394,AROLDO MEDINA,CORONEL MEDINA,MISSÃO,v,,,,,04/10/2026 19:16:13,sim
1,04/10/2026,6257,Presidente,1,municipio,RN,16438,2402204,CANGUARETAMA,,,,,PARTIDO DA CAUSA OPERÁRIA,i,PCO,0,29,PCO,PARTIDO DA CAUSA OPERÁRIA,,29,280002552487,RUI COSTA PIMENTA,RUI COSTA PIMENTA,25/06/1957,12,Válido,nao,,0,0.00,0,ANTONIO CARLOS SILVA,ANTÔNIO CARLOS,PCO,v,,,,,04/10/2026 19:16:13,sim
1,04/10/2026,6257,Presidente,1,municipio,RN,16454,2402303,CARAÚBAS,,,,,PARTIDO LIBERAL,i,PL,0,22,PL,PARTIDO LIBERAL,,22,280002551544,FLAVIO NANTES BOLSONARO,FLAVIO BOLSONARO,30/04/1981,1,Válido,nao,,3295,21.86,21.855929955,ALFREDO GASPAR DE MENDONÇA NETO,ALFREDO GASPAR,PL,v,,,,,04/10/2026 20:52:01,sim
1,04/10/2026,6257,Presidente,1,municipio,RN,16454,2402303,CARAÚBAS,,,,,PARTIDO SOCIAL DEMOCRÁTICO,i,PSD,0,55,PSD,PARTIDO SOCIAL DEMOCRÁTICO,,55,280002551932,RONALDO RAMOS CAIADO,RONALDO CAIADO,25/09/1949,5,Válido,nao,,103,0.68,0.683205094,GILBERTO KASSAB,GILBERTO KASSAB,PSD,v,,,,,04/10/2026 20:52:01,sim
1,04/10/2026,6257,Presidente,1,municipio,RN,16454,2402303,CARAÚBAS,,PT/PC do B/PV,FEDERAÇÃO BRASIL DA ESPERANÇA - FE BRASIL,PT/PC do B/PV,BRASIL PRONTO PRA MAIS,c,PSB / PDT / PCDOB / PT / PV / PSOL / REDE,,13,PT,PARTIDO DOS TRABALHADORES,101,13,280002542548,LUIZ INÁCIO LULA DA SILVA,LULA,06/10/1945,2,Válido,nao,,11048,73.28,73.282037676,GERALDO JOSE RODRIGUES ALCKMIN FILHO,GERALDO ALCKMIN,PSB,v,,,,,04/10/2026 20:52:01,sim
1,04/10/2026,6257,Presidente,1,municipio,RN,16454,2402303,CARAÚBAS,,,,,DEMOCRACIA CRISTÃ,i,DC,0,27,DC,DEMOCRACIA CRISTÃ,,27,280002552484,CLARIANA ZACARKIM BARAO,CLARIANA BARAO,03/04/1987,9,Válido,nao,,2,0.01,0.013266118,FABIANA CRISTINA TAVARES TORQUATO,FABIANA TORQUATO,DC,v,,,,,04/10/2026 20:52:01,sim
1,04/10/2026,6257,Presidente,1,municipio,RN,16454,2402303,CARAÚBAS,,,,,PARTIDO COMUNISTA BRASILEIRO,i,PCB,0,21,PCB,PARTIDO COMUNISTA BRASILEIRO,,21,280002551975,EDMILSON SILVA COSTA,EDMILSON COSTA,08/04/1950,10,Válido,nao,,3,0.02,0.019899178,CLEUSA DOS SANTOS,CLEUSA SANTOS,PCB,v,,,,,04/10/2026 20:52:01,sim
1,04/10/2026,6257,Presidente,1,municipio,RN,16454,2402303,CARAÚBAS,,,,,PARTIDO SOCIALISTA  DOS TRABALHADORES UNIFICADO,i,PSTU,0,16,PSTU,PARTIDO SOCIALISTA  DOS TRABALHADORES UNIFICADO,,16,280002541457,HERTZ DA CONCEICAO DIAS,HERTZ DIAS,20/10/1970,8,Válido,nao,,0,0.00,0,VANESSA PORTUGAL BARBOSA,VANESSA PORTUGAL,PSTU,v,,,,,04/10/2026 20:52:01,sim
1,04/10/2026,6257,Presidente,1,municipio,RN,16454,2402303,CARAÚBAS,,,,,BRASIL DOS NOSSOS SONHOS,c,AGIR / AVANTE,,70,AVANTE,AVANTE,,70,280002551547,AUGUSTO JORGE CURY,ESCRITOR AUGUSTO CURY,02/10/1958,3,Válido,nao,,364,2.41,2.414433537,JULIO CESAR DELGADO,JÚLIO DELGADO,AVANTE,v,,,,,04/10/2026 20:52:01,sim
1,04/10/2026,6257,Presidente,1,municipio,RN,16454,2402303,CARAÚBAS,,,,,PARTIDO NOVO,i,NOVO,0,30,NOVO,PARTIDO NOVO,,30,280002539826,ROMEU ZEMA NETO,ZEMA,28/10/1964,6,Válido,nao,,6,0.04,0.039798355,LUIS EDUARDO GRANGEIRO GIRÃO,EDUARDO GIRÃO,NOVO,v,,,,,04/10/2026 20:52:01,sim
1,04/10/2026,6257,Presidente,1,municipio,RN,16454,2402303,CARAÚBAS,,,,,UNIDADE POPULAR,i,UP,0,80,UP,UNIDADE POPULAR,,80,280002538811,SAMARA MARTINS DA SILVA FEITOSA,SAMARA,31/08/1987,7,Válido,nao,,6,0.04,0.039798355,RAQUEL NONATO DE BRICIO,RAQUEL BRÍCIO,UP,v,,,,,04/10/2026 20:52:01,sim
1,04/10/2026,6257,Presidente,1,municipio,RN,16454,2402303,CARAÚBAS,,,,,DEMOCRATA,i,DEMOCRATA,0,35,DEMOCRATA,DEMOCRATA,,35,280002548139,WILSON GRASSI JUNIOR,VETERINÁRIO WILSON GRASSI,13/03/1970,11,Válido,nao,,0,0.00,0,SUÊD HAIDAR NOGUEIRA,SUÊD HAIDAR,DEMOCRATA,v,,,,,04/10/2026 20:52:01,sim
1,04/10/2026,6257,Presidente,1,municipio,RN,16454,2402303,CARAÚBAS,,,,,PARTIDO MISSÃO,i,MISSÃO,0,14,MISSÃO,PARTIDO MISSÃO,,14,280002540694,RENAN ANTONIO FERREIRA DOS SANTOS,RENAN SANTOS,14/02/1984,4,Válido,nao,,249,1.65,1.651631733,AROLDO MEDINA,CORONEL MEDINA,MISSÃO,v,,,,,04/10/2026 20:52:01,sim
1,04/10/2026,6257,Presidente,1,municipio,RN,16454,2402303,CARAÚBAS,,,,,PARTIDO DA CAUSA OPERÁRIA,i,PCO,0,29,PCO,PARTIDO DA CAUSA OPERÁRIA,,29,280002552487,RUI COSTA PIMENTA,RUI COSTA PIMENTA,25/06/1957,12,Válido,nao,,0,0.00,0,ANTONIO CARLOS SILVA,ANTÔNIO CARLOS,PCO,v,,,,,04/10/2026 20:52:01,sim
1,04/10/2026,6257,Presidente,1,municipio,RN,16470,2402402,CARNAÚBA DOS DANTAS,,,,,PARTIDO LIBERAL,i,PL,0,22,PL,PARTIDO LIBERAL,,22,280002551544,FLAVIO NANTES BOLSONARO,FLAVIO BOLSONARO,30/04/1981,1,Válido,nao,,2061,41.78,41.779849990,ALFREDO GASPAR DE MENDONÇA NETO,ALFREDO GASPAR,PL,v,,,,,04/10/2026 19:29:38,sim
1,04/10/2026,6257,Presidente,1,municipio,RN,16470,2402402,CARNAÚBA DOS DANTAS,,,,,PARTIDO SOCIAL DEMOCRÁTICO,i,PSD,0,55,PSD,PARTIDO SOCIAL DEMOCRÁTICO,,55,280002551932,RONALDO RAMOS CAIADO,RONALDO CAIADO,25/09/1949,5,Válido,nao,,24,0.49,0.486519359,GILBERTO KASSAB,GILBERTO KASSAB,PSD,v,,,,,04/10/2026 19:29:38,sim
1,04/10/2026,6257,Presidente,1,municipio,RN,16470,2402402,CARNAÚBA DOS DANTAS,,PT/PC do B/PV,FEDERAÇÃO BRASIL DA ESPERANÇA - FE BRASIL,PT/PC do B/PV,BRASIL PRONTO PRA MAIS,c,PSB / PDT / PCDOB / PT / PV / PSOL / REDE,,13,PT,PARTIDO DOS TRABALHADORES,101,13,280002542548,LUIZ INÁCIO LULA DA SILVA,LULA,06/10/1945,2,Válido,nao,,2382,48.29,48.287046422,GERALDO JOSE RODRIGUES ALCKMIN FILHO,GERALDO ALCKMIN,PSB,v,,,,,04/10/2026 19:29:38,sim
1,04/10/2026,6257,Presidente,1,municipio,RN,16470,2402402,CARNAÚBA DOS DANTAS,,,,,DEMOCRACIA CRISTÃ,i,DC,0,27,DC,DEMOCRACIA CRISTÃ,,27,280002552484,CLARIANA ZACARKIM BARAO,CLARIANA BARAO,03/04/1987,9,Válido,nao,,2,0.04,0.040543280,FABIANA CRISTINA TAVARES TORQUATO,FABIANA TORQUATO,DC,v,,,,,04/10/2026 19:29:38,sim
1,04/10/2026,6257,Presidente,1,municipio,RN,16470,2402402,CARNAÚBA DOS DANTAS,,,,,PARTIDO COMUNISTA BRASILEIRO,i,PCB,0,21,PCB,PARTIDO COMUNISTA BRASILEIRO,,21,280002551975,EDMILSON SILVA COSTA,EDMILSON COSTA,08/04/1950,10,Válido,nao,,1,0.02,0.020271640,CLEUSA DOS SANTOS,CLEUSA SANTOS,PCB,v,,,,,04/10/2026 19:29:38,sim
1,04/10/2026,6257,Presidente,1,municipio,RN,16470,2402402,CARNAÚBA DOS DANTAS,,,,,PARTIDO SOCIALISTA  DOS TRABALHADORES UNIFICADO,i,PSTU,0,16,PSTU,PARTIDO SOCIALISTA  DOS TRABALHADORES UNIFICADO,,16,280002541457,HERTZ DA CONCEICAO DIAS,HERTZ DIAS,20/10/1970,8,Válido,nao,,0,0.00,0,VANESSA PORTUGAL BARBOSA,VANESSA PORTUGAL,PSTU,v,,,,,04/10/2026 19:29:38,sim
1,04/10/2026,6257,Presidente,1,municipio,RN,16470,2402402,CARNAÚBA DOS DANTAS,,,,,BRASIL DOS NOSSOS SONHOS,c,AGIR / AVANTE,,70,AVANTE,AVANTE,,70,280002551547,AUGUSTO JORGE CURY,ESCRITOR AUGUSTO CURY,02/10/1958,3,Válido,nao,,362,7.34,7.338333671,JULIO CESAR DELGADO,JÚLIO DELGADO,AVANTE,v,,,,,04/10/2026 19:29:38,sim
1,04/10/2026,6257,Presidente,1,municipio,RN,16470,2402402,CARNAÚBA DOS DANTAS,,,,,PARTIDO NOVO,i,NOVO,0,30,NOVO,PARTIDO NOVO,,30,280002539826,ROMEU ZEMA NETO,ZEMA,28/10/1964,6,Válido,nao,,7,0.14,0.141901480,LUIS EDUARDO GRANGEIRO GIRÃO,EDUARDO GIRÃO,NOVO,v,,,,,04/10/2026 19:29:38,sim
1,04/10/2026,6257,Presidente,1,municipio,RN,16470,2402402,CARNAÚBA DOS DANTAS,,,,,UNIDADE POPULAR,i,UP,0,80,UP,UNIDADE POPULAR,,80,280002538811,SAMARA MARTINS DA SILVA FEITOSA,SAMARA,31/08/1987,7,Válido,nao,,3,0.06,0.060814920,RAQUEL NONATO DE BRICIO,RAQUEL BRÍCIO,UP,v,,,,,04/10/2026 19:29:38,sim
1,04/10/2026,6257,Presidente,1,municipio,RN,16470,2402402,CARNAÚBA DOS DANTAS,,,,,DEMOCRATA,i,DEMOCRATA,0,35,DEMOCRATA,DEMOCRATA,,35,280002548139,WILSON GRASSI JUNIOR,VETERINÁRIO WILSON GRASSI,13/03/1970,11,Válido,nao,,1,0.02,0.020271640,SUÊD HAIDAR NOGUEIRA,SUÊD HAIDAR,DEMOCRATA,v,,,,,04/10/2026 19:29:38,sim
1,04/10/2026,6257,Presidente,1,municipio,RN,16470,2402402,CARNAÚBA DOS DANTAS,,,,,PARTIDO MISSÃO,i,MISSÃO,0,14,MISSÃO,PARTIDO MISSÃO,,14,280002540694,RENAN ANTONIO FERREIRA DOS SANTOS,RENAN SANTOS,14/02/1984,4,Válido,nao,,90,1.82,1.824447598,AROLDO MEDINA,CORONEL MEDINA,MISSÃO,v,,,,,04/10/2026 19:29:38,sim
1,04/10/2026,6257,Presidente,1,municipio,RN,16470,2402402,CARNAÚBA DOS DANTAS,,,,,PARTIDO DA CAUSA OPERÁRIA,i,PCO,0,29,PCO,PARTIDO DA CAUSA OPERÁRIA,,29,280002552487,RUI COSTA PIMENTA,RUI COSTA PIMENTA,25/06/1957,12,Válido,nao,,0,0.00,0,ANTONIO CARLOS SILVA,ANTÔNIO CARLOS,PCO,v,,,,,04/10/2026 19:29:38,sim
1,04/10/2026,6257,Presidente,1,municipio,RN,16497,2402501,CARNAUBAIS,,,,,PARTIDO LIBERAL,i,PL,0,22,PL,PARTIDO LIBERAL,,22,280002551544,FLAVIO NANTES BOLSONARO,FLAVIO BOLSONARO,30/04/1981,1,Válido,nao,,1637,24.22,24.215976331,ALFREDO GASPAR DE MENDONÇA NETO,ALFREDO GASPAR,PL,v,,,,,04/10/2026 20:07:45,sim
1,04/10/2026,6257,Presidente,1,municipio,RN,16497,2402501,CARNAUBAIS,,,,,PARTIDO SOCIAL DEMOCRÁTICO,i,PSD,0,55,PSD,PARTIDO SOCIAL DEMOCRÁTICO,,55,280002551932,RONALDO RAMOS CAIADO,RONALDO CAIADO,25/09/1949,5,Válido,nao,,27,0.40,0.399408284,GILBERTO KASSAB,GILBERTO KASSAB,PSD,v,,,,,04/10/2026 20:07:45,sim
1,04/10/2026,6257,Presidente,1,municipio,RN,16497,2402501,CARNAUBAIS,,PT/PC do B/PV,FEDERAÇÃO BRASIL DA ESPERANÇA - FE BRASIL,PT/PC do B/PV,BRASIL PRONTO PRA MAIS,c,PSB / PDT / PCDOB / PT / PV / PSOL / REDE,,13,PT,PARTIDO DOS TRABALHADORES,101,13,280002542548,LUIZ INÁCIO LULA DA SILVA,LULA,06/10/1945,2,Válido,nao,,4791,70.87,70.872781065,GERALDO JOSE RODRIGUES ALCKMIN FILHO,GERALDO ALCKMIN,PSB,v,,,,,04/10/2026 20:07:45,sim
1,04/10/2026,6257,Presidente,1,municipio,RN,16497,2402501,CARNAUBAIS,,,,,DEMOCRACIA CRISTÃ,i,DC,0,27,DC,DEMOCRACIA CRISTÃ,,27,280002552484,CLARIANA ZACARKIM BARAO,CLARIANA BARAO,03/04/1987,9,Válido,nao,,1,0.01,0.014792899,FABIANA CRISTINA TAVARES TORQUATO,FABIANA TORQUATO,DC,v,,,,,04/10/2026 20:07:45,sim
1,04/10/2026,6257,Presidente,1,municipio,RN,16497,2402501,CARNAUBAIS,,,,,PARTIDO COMUNISTA BRASILEIRO,i,PCB,0,21,PCB,PARTIDO COMUNISTA BRASILEIRO,,21,280002551975,EDMILSON SILVA COSTA,EDMILSON COSTA,08/04/1950,10,Válido,nao,,2,0.03,0.029585799,CLEUSA DOS SANTOS,CLEUSA SANTOS,PCB,v,,,,,04/10/2026 20:07:45,sim
1,04/10/2026,6257,Presidente,1,municipio,RN,16497,2402501,CARNAUBAIS,,,,,PARTIDO SOCIALISTA  DOS TRABALHADORES UNIFICADO,i,PSTU,0,16,PSTU,PARTIDO SOCIALISTA  DOS TRABALHADORES UNIFICADO,,16,280002541457,HERTZ DA CONCEICAO DIAS,HERTZ DIAS,20/10/1970,8,Válido,nao,,2,0.03,0.029585799,VANESSA PORTUGAL BARBOSA,VANESSA PORTUGAL,PSTU,v,,,,,04/10/2026 20:07:45,sim
1,04/10/2026,6257,Presidente,1,municipio,RN,16497,2402501,CARNAUBAIS,,,,,BRASIL DOS NOSSOS SONHOS,c,AGIR / AVANTE,,70,AVANTE,AVANTE,,70,280002551547,AUGUSTO JORGE CURY,ESCRITOR AUGUSTO CURY,02/10/1958,3,Válido,nao,,185,2.74,2.736686391,JULIO CESAR DELGADO,JÚLIO DELGADO,AVANTE,v,,,,,04/10/2026 20:07:45,sim
1,04/10/2026,6257,Presidente,1,municipio,RN,16497,2402501,CARNAUBAIS,,,,,PARTIDO NOVO,i,NOVO,0,30,NOVO,PARTIDO NOVO,,30,280002539826,ROMEU ZEMA NETO,ZEMA,28/10/1964,6,Válido,nao,,3,0.04,0.044378698,LUIS EDUARDO GRANGEIRO GIRÃO,EDUARDO GIRÃO,NOVO,v,,,,,04/10/2026 20:07:45,sim
1,04/10/2026,6257,Presidente,1,municipio,RN,16497,2402501,CARNAUBAIS,,,,,UNIDADE POPULAR,i,UP,0,80,UP,UNIDADE POPULAR,,80,280002538811,SAMARA MARTINS DA SILVA FEITOSA,SAMARA,31/08/1987,7,Válido,nao,,1,0.01,0.014792899,RAQUEL NONATO DE BRICIO,RAQUEL BRÍCIO,UP,v,,,,,04/10/2026 20:07:45,sim
1,04/10/2026,6257,Presidente,1,municipio,RN,16497,2402501,CARNAUBAIS,,,,,DEMOCRATA,i,DEMOCRATA,0,35,DEMOCRATA,DEMOCRATA,,35,280002548139,WILSON GRASSI JUNIOR,VETERINÁRIO WILSON GRASSI,13/03/1970,11,Válido,nao,,1,0.01,0.014792899,SUÊD HAIDAR NOGUEIRA,SUÊD HAIDAR,DEMOCRATA,v,,,,,04/10/2026 20:07:45,sim
1,04/10/2026,6257,Presidente,1,municipio,RN,16497,2402501,CARNAUBAIS,,,,,PARTIDO MISSÃO,i,MISSÃO,0,14,MISSÃO,PARTIDO MISSÃO,,14,280002540694,RENAN ANTONIO FERREIRA DOS SANTOS,RENAN SANTOS,14/02/1984,4,Válido,nao,,110,1.63,1.627218935,AROLDO MEDINA,CORONEL MEDINA,MISSÃO,v,,,,,04/10/2026 20:07:45,sim
1,04/10/2026,6257,Presidente,1,municipio,RN,16497,2402501,CARNAUBAIS,,,,,PARTIDO DA CAUSA OPERÁRIA,i,PCO,0,29,PCO,PARTIDO DA CAUSA OPERÁRIA,,29,280002552487,RUI COSTA PIMENTA,RUI COSTA PIMENTA,25/06/1957,12,Válido,nao,,0,0.00,0,ANTONIO CARLOS SILVA,ANTÔNIO CARLOS,PCO,v,,,,,04/10/2026 20:07:45,sim
1,04/10/2026,6257,Presidente,1,municipio,RN,16519,2402600,CEARÁ-MIRIM,,,,,PARTIDO LIBERAL,i,PL,0,22,PL,PARTIDO LIBERAL,,22,280002551544,FLAVIO NANTES BOLSONARO,FLAVIO BOLSONARO,30/04/1981,1,Válido,nao,,12957,27.50,27.498461343,ALFREDO GASPAR DE MENDONÇA NETO,ALFREDO GASPAR,PL,v,,,,,04/10/2026 20:51:51,sim
1,04/10/2026,6257,Presidente,1,municipio,RN,16519,2402600,CEARÁ-MIRIM,,,,,PARTIDO SOCIAL DEMOCRÁTICO,i,PSD,0,55,PSD,PARTIDO SOCIAL DEMOCRÁTICO,,55,280002551932,RONALDO RAMOS CAIADO,RONALDO CAIADO,25/09/1949,5,Válido,nao,,364,0.77,0.772512150,GILBERTO KASSAB,GILBERTO KASSAB,PSD,v,,,,,04/10/2026 20:51:51,sim
1,04/10/2026,6257,Presidente,1,municipio,RN,16519,2402600,CEARÁ-MIRIM,,PT/PC do B/PV,FEDERAÇÃO BRASIL DA ESPERANÇA - FE BRASIL,PT/PC do B/PV,BRASIL PRONTO PRA MAIS,c,PSB / PDT / PCDOB / PT / PV / PSOL / REDE,,13,PT,PARTIDO DOS TRABALHADORES,101,13,280002542548,LUIZ INÁCIO LULA DA SILVA,LULA,06/10/1945,2,Válido,nao,,31895,67.69,67.690316008,GERALDO JOSE RODRIGUES ALCKMIN FILHO,GERALDO ALCKMIN,PSB,v,,,,,04/10/2026 20:51:51,sim
1,04/10/2026,6257,Presidente,1,municipio,RN,16519,2402600,CEARÁ-MIRIM,,,,,DEMOCRACIA CRISTÃ,i,DC,0,27,DC,DEMOCRACIA CRISTÃ,,27,280002552484,CLARIANA ZACARKIM BARAO,CLARIANA BARAO,03/04/1987,9,Válido,nao,,7,0.01,0.014856003,FABIANA CRISTINA TAVARES TORQUATO,FABIANA TORQUATO,DC,v,,,,,04/10/2026 20:51:51,sim
1,04/10/2026,6257,Presidente,1,municipio,RN,16519,2402600,CEARÁ-MIRIM,,,,,PARTIDO COMUNISTA BRASILEIRO,i,PCB,0,21,PCB,PARTIDO COMUNISTA BRASILEIRO,,21,280002551975,EDMILSON SILVA COSTA,EDMILSON COSTA,08/04/1950,10,Válido,nao,,5,0.01,0.010611431,CLEUSA DOS SANTOS,CLEUSA SANTOS,PCB,v,,,,,04/10/2026 20:51:51,sim
1,04/10/2026,6257,Presidente,1,municipio,RN,16519,2402600,CEARÁ-MIRIM,,,,,PARTIDO SOCIALISTA  DOS TRABALHADORES UNIFICADO,i,PSTU,0,16,PSTU,PARTIDO SOCIALISTA  DOS TRABALHADORES UNIFICADO,,16,280002541457,HERTZ DA CONCEICAO DIAS,HERTZ DIAS,20/10/1970,8,Válido,nao,,16,0.03,0.033956578,VANESSA PORTUGAL BARBOSA,VANESSA PORTUGAL,PSTU,v,,,,,04/10/2026 20:51:51,sim
1,04/10/2026,6257,Presidente,1,municipio,RN,16519,2402600,CEARÁ-MIRIM,,,,,BRASIL DOS NOSSOS SONHOS,c,AGIR / AVANTE,,70,AVANTE,AVANTE,,70,280002551547,AUGUSTO JORGE CURY,ESCRITOR AUGUSTO CURY,02/10/1958,3,Válido,nao,,1177,2.50,2.497930771,JULIO CESAR DELGADO,JÚLIO DELGADO,AVANTE,v,,,,,04/10/2026 20:51:51,sim
1,04/10/2026,6257,Presidente,1,municipio,RN,16519,2402600,CEARÁ-MIRIM,,,,,PARTIDO NOVO,i,NOVO,0,30,NOVO,PARTIDO NOVO,,30,280002539826,ROMEU ZEMA NETO,ZEMA,28/10/1964,6,Válido,nao,,26,0.06,0.055179439,LUIS EDUARDO GRANGEIRO GIRÃO,EDUARDO GIRÃO,NOVO,v,,,,,04/10/2026 20:51:51,sim
1,04/10/2026,6257,Presidente,1,municipio,RN,16519,2402600,CEARÁ-MIRIM,,,,,UNIDADE POPULAR,i,UP,0,80,UP,UNIDADE POPULAR,,80,280002538811,SAMARA MARTINS DA SILVA FEITOSA,SAMARA,31/08/1987,7,Válido,nao,,8,0.02,0.016978289,RAQUEL NONATO DE BRICIO,RAQUEL BRÍCIO,UP,v,,,,,04/10/2026 20:51:51,sim
1,04/10/2026,6257,Presidente,1,municipio,RN,16519,2402600,CEARÁ-MIRIM,,,,,DEMOCRATA,i,DEMOCRATA,0,35,DEMOCRATA,DEMOCRATA,,35,280002548139,WILSON GRASSI JUNIOR,VETERINÁRIO WILSON GRASSI,13/03/1970,11,Válido,nao,,3,0.01,0.006366858,SUÊD HAIDAR NOGUEIRA,SUÊD HAIDAR,DEMOCRATA,v,,,,,04/10/2026 20:51:51,sim
1,04/10/2026,6257,Presidente,1,municipio,RN,16519,2402600,CEARÁ-MIRIM,,,,,PARTIDO MISSÃO,i,MISSÃO,0,14,MISSÃO,PARTIDO MISSÃO,,14,280002540694,RENAN ANTONIO FERREIRA DOS SANTOS,RENAN SANTOS,14/02/1984,4,Válido,nao,,659,1.40,1.398586557,AROLDO MEDINA,CORONEL MEDINA,MISSÃO,v,,,,,04/10/2026 20:51:51,sim
1,04/10/2026,6257,Presidente,1,municipio,RN,16519,2402600,CEARÁ-MIRIM,,,,,PARTIDO DA CAUSA OPERÁRIA,i,PCO,0,29,PCO,PARTIDO DA CAUSA OPERÁRIA,,29,280002552487,RUI COSTA PIMENTA,RUI COSTA PIMENTA,25/06/1957,12,Válido,nao,,2,0.01,0.004244572,ANTONIO CARLOS SILVA,ANTÔNIO CARLOS,PCO,v,,,,,04/10/2026 20:51:51,sim
1,04/10/2026,6257,Presidente,1,municipio,RN,16535,2402709,CERRO CORÁ,,,,,PARTIDO LIBERAL,i,PL,0,22,PL,PARTIDO LIBERAL,,22,280002551544,FLAVIO NANTES BOLSONARO,FLAVIO BOLSONARO,30/04/1981,1,Válido,nao,,1660,23.26,23.262331839,ALFREDO GASPAR DE MENDONÇA NETO,ALFREDO GASPAR,PL,v,,,,,04/10/2026 19:23:22,sim
1,04/10/2026,6257,Presidente,1,municipio,RN,16535,2402709,CERRO CORÁ,,,,,PARTIDO SOCIAL DEMOCRÁTICO,i,PSD,0,55,PSD,PARTIDO SOCIAL DEMOCRÁTICO,,55,280002551932,RONALDO RAMOS CAIADO,RONALDO CAIADO,25/09/1949,5,Válido,nao,,51,0.71,0.714686099,GILBERTO KASSAB,GILBERTO KASSAB,PSD,v,,,,,04/10/2026 19:23:22,sim
1,04/10/2026,6257,Presidente,1,municipio,RN,16535,2402709,CERRO CORÁ,,PT/PC do B/PV,FEDERAÇÃO BRASIL DA ESPERANÇA - FE BRASIL,PT/PC do B/PV,BRASIL PRONTO PRA MAIS,c,PSB / PDT / PCDOB / PT / PV / PSOL / REDE,,13,PT,PARTIDO DOS TRABALHADORES,101,13,280002542548,LUIZ INÁCIO LULA DA SILVA,LULA,06/10/1945,2,Válido,nao,,5130,71.89,71.889013453,GERALDO JOSE RODRIGUES ALCKMIN FILHO,GERALDO ALCKMIN,PSB,v,,,,,04/10/2026 19:23:22,sim
1,04/10/2026,6257,Presidente,1,municipio,RN,16535,2402709,CERRO CORÁ,,,,,DEMOCRACIA CRISTÃ,i,DC,0,27,DC,DEMOCRACIA CRISTÃ,,27,280002552484,CLARIANA ZACARKIM BARAO,CLARIANA BARAO,03/04/1987,9,Válido,nao,,2,0.03,0.028026906,FABIANA CRISTINA TAVARES TORQUATO,FABIANA TORQUATO,DC,v,,,,,04/10/2026 19:23:22,sim
1,04/10/2026,6257,Presidente,1,municipio,RN,16535,2402709,CERRO CORÁ,,,,,PARTIDO COMUNISTA BRASILEIRO,i,PCB,0,21,PCB,PARTIDO COMUNISTA BRASILEIRO,,21,280002551975,EDMILSON SILVA COSTA,EDMILSON COSTA,08/04/1950,10,Válido,nao,,2,0.03,0.028026906,CLEUSA DOS SANTOS,CLEUSA SANTOS,PCB,v,,,,,04/10/2026 19:23:22,sim
1,04/10/2026,6257,Presidente,1,municipio,RN,16535,2402709,CERRO CORÁ,,,,,PARTIDO SOCIALISTA  DOS TRABALHADORES UNIFICADO,i,PSTU,0,16,PSTU,PARTIDO SOCIALISTA  DOS TRABALHADORES UNIFICADO,,16,280002541457,HERTZ DA CONCEICAO DIAS,HERTZ DIAS,20/10/1970,8,Válido,nao,,1,0.01,0.014013453,VANESSA PORTUGAL BARBOSA,VANESSA PORTUGAL,PSTU,v,,,,,04/10/2026 19:23:22,sim
1,04/10/2026,6257,Presidente,1,municipio,RN,16535,2402709,CERRO CORÁ,,,,,BRASIL DOS NOSSOS SONHOS,c,AGIR / AVANTE,,70,AVANTE,AVANTE,,70,280002551547,AUGUSTO JORGE CURY,ESCRITOR AUGUSTO CURY,02/10/1958,3,Válido,nao,,209,2.93,2.928811659,JULIO CESAR DELGADO,JÚLIO DELGADO,AVANTE,v,,,,,04/10/2026 19:23:22,sim
1,04/10/2026,6257,Presidente,1,municipio,RN,16535,2402709,CERRO CORÁ,,,,,PARTIDO NOVO,i,NOVO,0,30,NOVO,PARTIDO NOVO,,30,280002539826,ROMEU ZEMA NETO,ZEMA,28/10/1964,6,Válido,nao,,1,0.01,0.014013453,LUIS EDUARDO GRANGEIRO GIRÃO,EDUARDO GIRÃO,NOVO,v,,,,,04/10/2026 19:23:22,sim
1,04/10/2026,6257,Presidente,1,municipio,RN,16535,2402709,CERRO CORÁ,,,,,UNIDADE POPULAR,i,UP,0,80,UP,UNIDADE POPULAR,,80,280002538811,SAMARA MARTINS DA SILVA FEITOSA,SAMARA,31/08/1987,7,Válido,nao,,0,0.00,0,RAQUEL NONATO DE BRICIO,RAQUEL BRÍCIO,UP,v,,,,,04/10/2026 19:23:22,sim
1,04/10/2026,6257,Presidente,1,municipio,RN,16535,2402709,CERRO CORÁ,,,,,DEMOCRATA,i,DEMOCRATA,0,35,DEMOCRATA,DEMOCRATA,,35,280002548139,WILSON GRASSI JUNIOR,VETERINÁRIO WILSON GRASSI,13/03/1970,11,Válido,nao,,0,0.00,0,SUÊD HAIDAR NOGUEIRA,SUÊD HAIDAR,DEMOCRATA,v,,,,,04/10/2026 19:23:22,sim
1,04/10/2026,6257,Presidente,1,municipio,RN,16535,2402709,CERRO CORÁ,,,,,PARTIDO MISSÃO,i,MISSÃO,0,14,MISSÃO,PARTIDO MISSÃO,,14,280002540694,RENAN ANTONIO FERREIRA DOS SANTOS,RENAN SANTOS,14/02/1984,4,Válido,nao,,79,1.11,1.107062780,AROLDO MEDINA,CORONEL MEDINA,MISSÃO,v,,,,,04/10/2026 19:23:22,sim
1,04/10/2026,6257,Presidente,1,municipio,RN,16535,2402709,CERRO CORÁ,,,,,PARTIDO DA CAUSA OPERÁRIA,i,PCO,0,29,PCO,PARTIDO DA CAUSA OPERÁRIA,,29,280002552487,RUI COSTA PIMENTA,RUI COSTA PIMENTA,25/06/1957,12,Válido,nao,,1,0.01,0.014013453,ANTONIO CARLOS SILVA,ANTÔNIO CARLOS,PCO,v,,,,,04/10/2026 19:23:22,sim
1,04/10/2026,6257,Presidente,1,municipio,RN,16551,2402808,CORONEL EZEQUIEL,,,,,PARTIDO LIBERAL,i,PL,0,22,PL,PARTIDO LIBERAL,,22,280002551544,FLAVIO NANTES BOLSONARO,FLAVIO BOLSONARO,30/04/1981,1,Válido,nao,,1021,26.64,26.644050104,ALFREDO GASPAR DE MENDONÇA NETO,ALFREDO GASPAR,PL,v,,,,,04/10/2026 18:27:06,sim
1,04/10/2026,6257,Presidente,1,municipio,RN,16551,2402808,CORONEL EZEQUIEL,,,,,PARTIDO SOCIAL DEMOCRÁTICO,i,PSD,0,55,PSD,PARTIDO SOCIAL DEMOCRÁTICO,,55,280002551932,RONALDO RAMOS CAIADO,RONALDO CAIADO,25/09/1949,4,Válido,nao,,28,0.73,0.730688935,GILBERTO KASSAB,GILBERTO KASSAB,PSD,v,,,,,04/10/2026 18:27:06,sim
1,04/10/2026,6257,Presidente,1,municipio,RN,16551,2402808,CORONEL EZEQUIEL,,PT/PC do B/PV,FEDERAÇÃO BRASIL DA ESPERANÇA - FE BRASIL,PT/PC do B/PV,BRASIL PRONTO PRA MAIS,c,PSB / PDT / PCDOB / PT / PV / PSOL / REDE,,13,PT,PARTIDO DOS TRABALHADORES,101,13,280002542548,LUIZ INÁCIO LULA DA SILVA,LULA,06/10/1945,2,Válido,nao,,2630,68.63,68.632567850,GERALDO JOSE RODRIGUES ALCKMIN FILHO,GERALDO ALCKMIN,PSB,v,,,,,04/10/2026 18:27:06,sim
1,04/10/2026,6257,Presidente,1,municipio,RN,16551,2402808,CORONEL EZEQUIEL,,,,,DEMOCRACIA CRISTÃ,i,DC,0,27,DC,DEMOCRACIA CRISTÃ,,27,280002552484,CLARIANA ZACARKIM BARAO,CLARIANA BARAO,03/04/1987,8,Válido,nao,,2,0.05,0.052192067,FABIANA CRISTINA TAVARES TORQUATO,FABIANA TORQUATO,DC,v,,,,,04/10/2026 18:27:06,sim
1,04/10/2026,6257,Presidente,1,municipio,RN,16551,2402808,CORONEL EZEQUIEL,,,,,PARTIDO COMUNISTA BRASILEIRO,i,PCB,0,21,PCB,PARTIDO COMUNISTA BRASILEIRO,,21,280002551975,EDMILSON SILVA COSTA,EDMILSON COSTA,08/04/1950,10,Válido,nao,,2,0.05,0.052192067,CLEUSA DOS SANTOS,CLEUSA SANTOS,PCB,v,,,,,04/10/2026 18:27:06,sim
1,04/10/2026,6257,Presidente,1,municipio,RN,16551,2402808,CORONEL EZEQUIEL,,,,,PARTIDO SOCIALISTA  DOS TRABALHADORES UNIFICADO,i,PSTU,0,16,PSTU,PARTIDO SOCIALISTA  DOS TRABALHADORES UNIFICADO,,16,280002541457,HERTZ DA CONCEICAO DIAS,HERTZ DIAS,20/10/1970,9,Válido,nao,,2,0.05,0.052192067,VANESSA PORTUGAL BARBOSA,VANESSA PORTUGAL,PSTU,v,,,,,04/10/2026 18:27:06,sim
1,04/10/2026,6257,Presidente,1,municipio,RN,16551,2402808,CORONEL EZEQUIEL,,,,,BRASIL DOS NOSSOS SONHOS,c,AGIR / AVANTE,,70,AVANTE,AVANTE,,70,280002551547,AUGUSTO JORGE CURY,ESCRITOR AUGUSTO CURY,02/10/1958,3,Válido,nao,,102,2.66,2.661795407,JULIO CESAR DELGADO,JÚLIO DELGADO,AVANTE,v,,,,,04/10/2026 18:27:06,sim
1,04/10/2026,6257,Presidente,1,municipio,RN,16551,2402808,CORONEL EZEQUIEL,,,,,PARTIDO NOVO,i,NOVO,0,30,NOVO,PARTIDO NOVO,,30,280002539826,ROMEU ZEMA NETO,ZEMA,28/10/1964,6,Válido,nao,,3,0.08,0.078288100,LUIS EDUARDO GRANGEIRO GIRÃO,EDUARDO GIRÃO,NOVO,v,,,,,04/10/2026 18:27:06,sim
1,04/10/2026,6257,Presidente,1,municipio,RN,16551,2402808,CORONEL EZEQUIEL,,,,,UNIDADE POPULAR,i,UP,0,80,UP,UNIDADE POPULAR,,80,280002538811,SAMARA MARTINS DA SILVA FEITOSA,SAMARA,31/08/1987,7,Válido,nao,,0,0.00,0,RAQUEL NONATO DE BRICIO,RAQUEL BRÍCIO,UP,v,,,,,04/10/2026 18:27:06,sim
1,04/10/2026,6257,Presidente,1,municipio,RN,16551,2402808,CORONEL EZEQUIEL,,,,,DEMOCRATA,i,DEMOCRATA,0,35,DEMOCRATA,DEMOCRATA,,35,280002548139,WILSON GRASSI JUNIOR,VETERINÁRIO WILSON GRASSI,13/03/1970,11,Válido,nao,,1,0.03,0.026096033,SUÊD HAIDAR NOGUEIRA,SUÊD HAIDAR,DEMOCRATA,v,,,,,04/10/2026 18:27:06,sim
1,04/10/2026,6257,Presidente,1,municipio,RN,16551,2402808,CORONEL EZEQUIEL,,,,,PARTIDO MISSÃO,i,MISSÃO,0,14,MISSÃO,PARTIDO MISSÃO,,14,280002540694,RENAN ANTONIO FERREIRA DOS SANTOS,RENAN SANTOS,14/02/1984,5,Válido,nao,,41,1.07,1.069937370,AROLDO MEDINA,CORONEL MEDINA,MISSÃO,v,,,,,04/10/2026 18:27:06,sim
1,04/10/2026,6257,Presidente,1,municipio,RN,16551,2402808,CORONEL EZEQUIEL,,,,,PARTIDO DA CAUSA OPERÁRIA,i,PCO,0,29,PCO,PARTIDO DA CAUSA OPERÁRIA,,29,280002552487,RUI COSTA PIMENTA,RUI COSTA PIMENTA,25/06/1957,12,Válido,nao,,0,0.00,0,ANTONIO CARLOS SILVA,ANTÔNIO CARLOS,PCO,v,,,,,04/10/2026 18:27:06,sim
1,04/10/2026,6257,Presidente,1,municipio,RN,16578,2402907,CORONEL JOÃO PESSOA,,,,,PARTIDO LIBERAL,i,PL,0,22,PL,PARTIDO LIBERAL,,22,280002551544,FLAVIO NANTES BOLSONARO,FLAVIO BOLSONARO,30/04/1981,1,Válido,nao,,568,17.99,17.986067131,ALFREDO GASPAR DE MENDONÇA NETO,ALFREDO GASPAR,PL,v,,,,,04/10/2026 19:29:37,sim
1,04/10/2026,6257,Presidente,1,municipio,RN,16578,2402907,CORONEL JOÃO PESSOA,,,,,PARTIDO SOCIAL DEMOCRÁTICO,i,PSD,0,55,PSD,PARTIDO SOCIAL DEMOCRÁTICO,,55,280002551932,RONALDO RAMOS CAIADO,RONALDO CAIADO,25/09/1949,5,Válido,nao,,31,0.98,0.981633946,GILBERTO KASSAB,GILBERTO KASSAB,PSD,v,,,,,04/10/2026 19:29:37,sim
1,04/10/2026,6257,Presidente,1,municipio,RN,16578,2402907,CORONEL JOÃO PESSOA,,PT/PC do B/PV,FEDERAÇÃO BRASIL DA ESPERANÇA - FE BRASIL,PT/PC do B/PV,BRASIL PRONTO PRA MAIS,c,PSB / PDT / PCDOB / PT / PV / PSOL / REDE,,13,PT,PARTIDO DOS TRABALHADORES,101,13,280002542548,LUIZ INÁCIO LULA DA SILVA,LULA,06/10/1945,2,Válido,nao,,2430,76.95,76.947435085,GERALDO JOSE RODRIGUES ALCKMIN FILHO,GERALDO ALCKMIN,PSB,v,,,,,04/10/2026 19:29:37,sim
1,04/10/2026,6257,Presidente,1,municipio,RN,16578,2402907,CORONEL JOÃO PESSOA,,,,,DEMOCRACIA CRISTÃ,i,DC,0,27,DC,DEMOCRACIA CRISTÃ,,27,280002552484,CLARIANA ZACARKIM BARAO,CLARIANA BARAO,03/04/1987,9,Válido,nao,,0,0.00,0,FABIANA CRISTINA TAVARES TORQUATO,FABIANA TORQUATO,DC,v,,,,,04/10/2026 19:29:37,sim
1,04/10/2026,6257,Presidente,1,municipio,RN,16578,2402907,CORONEL JOÃO PESSOA,,,,,PARTIDO COMUNISTA BRASILEIRO,i,PCB,0,21,PCB,PARTIDO COMUNISTA BRASILEIRO,,21,280002551975,EDMILSON SILVA COSTA,EDMILSON COSTA,08/04/1950,10,Válido,nao,,0,0.00,0,CLEUSA DOS SANTOS,CLEUSA SANTOS,PCB,v,,,,,04/10/2026 19:29:37,sim
1,04/10/2026,6257,Presidente,1,municipio,RN,16578,2402907,CORONEL JOÃO PESSOA,,,,,PARTIDO SOCIALISTA  DOS TRABALHADORES UNIFICADO,i,PSTU,0,16,PSTU,PARTIDO SOCIALISTA  DOS TRABALHADORES UNIFICADO,,16,280002541457,HERTZ DA CONCEICAO DIAS,HERTZ DIAS,20/10/1970,8,Válido,nao,,0,0.00,0,VANESSA PORTUGAL BARBOSA,VANESSA PORTUGAL,PSTU,v,,,,,04/10/2026 19:29:37,sim
1,04/10/2026,6257,Presidente,1,municipio,RN,16578,2402907,CORONEL JOÃO PESSOA,,,,,BRASIL DOS NOSSOS SONHOS,c,AGIR / AVANTE,,70,AVANTE,AVANTE,,70,280002551547,AUGUSTO JORGE CURY,ESCRITOR AUGUSTO CURY,02/10/1958,3,Válido,nao,,60,1.90,1.899936669,JULIO CESAR DELGADO,JÚLIO DELGADO,AVANTE,v,,,,,04/10/2026 19:29:37,sim
1,04/10/2026,6257,Presidente,1,municipio,RN,16578,2402907,CORONEL JOÃO PESSOA,,,,,PARTIDO NOVO,i,NOVO,0,30,NOVO,PARTIDO NOVO,,30,280002539826,ROMEU ZEMA NETO,ZEMA,28/10/1964,6,Válido,nao,,3,0.09,0.094996833,LUIS EDUARDO GRANGEIRO GIRÃO,EDUARDO GIRÃO,NOVO,v,,,,,04/10/2026 19:29:37,sim
1,04/10/2026,6257,Presidente,1,municipio,RN,16578,2402907,CORONEL JOÃO PESSOA,,,,,UNIDADE POPULAR,i,UP,0,80,UP,UNIDADE POPULAR,,80,280002538811,SAMARA MARTINS DA SILVA FEITOSA,SAMARA,31/08/1987,7,Válido,nao,,0,0.00,0,RAQUEL NONATO DE BRICIO,RAQUEL BRÍCIO,UP,v,,,,,04/10/2026 19:29:37,sim
1,04/10/2026,6257,Presidente,1,municipio,RN,16578,2402907,CORONEL JOÃO PESSOA,,,,,DEMOCRATA,i,DEMOCRATA,0,35,DEMOCRATA,DEMOCRATA,,35,280002548139,WILSON GRASSI JUNIOR,VETERINÁRIO WILSON GRASSI,13/03/1970,11,Válido,nao,,0,0.00,0,SUÊD HAIDAR NOGUEIRA,SUÊD HAIDAR,DEMOCRATA,v,,,,,04/10/2026 19:29:37,sim
1,04/10/2026,6257,Presidente,1,municipio,RN,16578,2402907,CORONEL JOÃO PESSOA,,,,,PARTIDO MISSÃO,i,MISSÃO,0,14,MISSÃO,PARTIDO MISSÃO,,14,280002540694,RENAN ANTONIO FERREIRA DOS SANTOS,RENAN SANTOS,14/02/1984,4,Válido,nao,,66,2.09,2.089930336,AROLDO MEDINA,CORONEL MEDINA,MISSÃO,v,,,,,04/10/2026 19:29:37,sim
1,04/10/2026,6257,Presidente,1,municipio,RN,16578,2402907,CORONEL JOÃO PESSOA,,,,,PARTIDO DA CAUSA OPERÁRIA,i,PCO,0,29,PCO,PARTIDO DA CAUSA OPERÁRIA,,29,280002552487,RUI COSTA PIMENTA,RUI COSTA PIMENTA,25/06/1957,12,Válido,nao,,0,0.00,0,ANTONIO CARLOS SILVA,ANTÔNIO CARLOS,PCO,v,,,,,04/10/2026 19:29:37,sim
1,04/10/2026,6257,Presidente,1,municipio,RN,16594,2403004,CRUZETA,,,,,PARTIDO LIBERAL,i,PL,0,22,PL,PARTIDO LIBERAL,,22,280002551544,FLAVIO NANTES BOLSONARO,FLAVIO BOLSONARO,30/04/1981,1,Válido,nao,,1479,27.40,27.399036680,ALFREDO GASPAR DE MENDONÇA NETO,ALFREDO GASPAR,PL,v,,,,,04/10/2026 19:07:24,sim
1,04/10/2026,6257,Presidente,1,municipio,RN,16594,2403004,CRUZETA,,,,,PARTIDO SOCIAL DEMOCRÁTICO,i,PSD,0,55,PSD,PARTIDO SOCIAL DEMOCRÁTICO,,55,280002551932,RONALDO RAMOS CAIADO,RONALDO CAIADO,25/09/1949,4,Válido,nao,,30,0.56,0.555761393,GILBERTO KASSAB,GILBERTO KASSAB,PSD,v,,,,,04/10/2026 19:07:24,sim
1,04/10/2026,6257,Presidente,1,municipio,RN,16594,2403004,CRUZETA,,PT/PC do B/PV,FEDERAÇÃO BRASIL DA ESPERANÇA - FE BRASIL,PT/PC do B/PV,BRASIL PRONTO PRA MAIS,c,PSB / PDT / PCDOB / PT / PV / PSOL / REDE,,13,PT,PARTIDO DOS TRABALHADORES,101,13,280002542548,LUIZ INÁCIO LULA DA SILVA,LULA,06/10/1945,2,Válido,nao,,3654,67.69,67.691737681,GERALDO JOSE RODRIGUES ALCKMIN FILHO,GERALDO ALCKMIN,PSB,v,,,,,04/10/2026 19:07:24,sim
1,04/10/2026,6257,Presidente,1,municipio,RN,16594,2403004,CRUZETA,,,,,PARTIDO SOCIALISTA  DOS TRABALHADORES UNIFICADO,i,PSTU,0,16,PSTU,PARTIDO SOCIALISTA  DOS TRABALHADORES UNIFICADO,,16,280002541457,HERTZ DA CONCEICAO DIAS,HERTZ DIAS,20/10/1970,8,Válido,nao,,0,0.00,0,VANESSA PORTUGAL BARBOSA,VANESSA PORTUGAL,PSTU,v,,,,,04/10/2026 19:07:24,sim
1,04/10/2026,6257,Presidente,1,municipio,RN,16594,2403004,CRUZETA,,,,,PARTIDO COMUNISTA BRASILEIRO,i,PCB,0,21,PCB,PARTIDO COMUNISTA BRASILEIRO,,21,280002551975,EDMILSON SILVA COSTA,EDMILSON COSTA,08/04/1950,10,Válido,nao,,5,0.09,0.092626899,CLEUSA DOS SANTOS,CLEUSA SANTOS,PCB,v,,,,,04/10/2026 19:07:24,sim
1,04/10/2026,6257,Presidente,1,municipio,RN,16594,2403004,CRUZETA,,,,,DEMOCRACIA CRISTÃ,i,DC,0,27,DC,DEMOCRACIA CRISTÃ,,27,280002552484,CLARIANA ZACARKIM BARAO,CLARIANA BARAO,03/04/1987,9,Válido,nao,,0,0.00,0,FABIANA CRISTINA TAVARES TORQUATO,FABIANA TORQUATO,DC,v,,,,,04/10/2026 19:07:24,sim
1,04/10/2026,6257,Presidente,1,municipio,RN,16594,2403004,CRUZETA,,,,,PARTIDO NOVO,i,NOVO,0,30,NOVO,PARTIDO NOVO,,30,280002539826,ROMEU ZEMA NETO,ZEMA,28/10/1964,6,Válido,nao,,0,0.00,0,LUIS EDUARDO GRANGEIRO GIRÃO,EDUARDO GIRÃO,NOVO,v,,,,,04/10/2026 19:07:24,sim
1,04/10/2026,6257,Presidente,1,municipio,RN,16594,2403004,CRUZETA,,,,,BRASIL DOS NOSSOS SONHOS,c,AGIR / AVANTE,,70,AVANTE,AVANTE,,70,280002551547,AUGUSTO JORGE CURY,ESCRITOR AUGUSTO CURY,02/10/1958,3,Válido,nao,,180,3.33,3.334568359,JULIO CESAR DELGADO,JÚLIO DELGADO,AVANTE,v,,,,,04/10/2026 19:07:24,sim
1,04/10/2026,6257,Presidente,1,municipio,RN,16594,2403004,CRUZETA,,,,,DEMOCRATA,i,DEMOCRATA,0,35,DEMOCRATA,DEMOCRATA,,35,280002548139,WILSON GRASSI JUNIOR,VETERINÁRIO WILSON GRASSI,13/03/1970,11,Válido,nao,,0,0.00,0,SUÊD HAIDAR NOGUEIRA,SUÊD HAIDAR,DEMOCRATA,v,,,,,04/10/2026 19:07:24,sim
1,04/10/2026,6257,Presidente,1,municipio,RN,16594,2403004,CRUZETA,,,,,UNIDADE POPULAR,i,UP,0,80,UP,UNIDADE POPULAR,,80,280002538811,SAMARA MARTINS DA SILVA FEITOSA,SAMARA,31/08/1987,7,Válido,nao,,0,0.00,0,RAQUEL NONATO DE BRICIO,RAQUEL BRÍCIO,UP,v,,,,,04/10/2026 19:07:24,sim
1,04/10/2026,6257,Presidente,1,municipio,RN,16594,2403004,CRUZETA,,,,,PARTIDO MISSÃO,i,MISSÃO,0,14,MISSÃO,PARTIDO MISSÃO,,14,280002540694,RENAN ANTONIO FERREIRA DOS SANTOS,RENAN SANTOS,14/02/1984,5,Válido,nao,,50,0.93,0.926268989,AROLDO MEDINA,CORONEL MEDINA,MISSÃO,v,,,,,04/10/2026 19:07:24,sim
1,04/10/2026,6257,Presidente,1,municipio,RN,16594,2403004,CRUZETA,,,,,PARTIDO DA CAUSA OPERÁRIA,i,PCO,0,29,PCO,PARTIDO DA CAUSA OPERÁRIA,,29,280002552487,RUI COSTA PIMENTA,RUI COSTA PIMENTA,25/06/1957,12,Válido,nao,,0,0.00,0,ANTONIO CARLOS SILVA,ANTÔNIO CARLOS,PCO,v,,,,,04/10/2026 19:07:24,sim
1,04/10/2026,6257,Presidente,1,municipio,RN,16616,2403103,CURRAIS NOVOS,,,,,PARTIDO LIBERAL,i,PL,0,22,PL,PARTIDO LIBERAL,,22,280002551544,FLAVIO NANTES BOLSONARO,FLAVIO BOLSONARO,30/04/1981,1,Válido,nao,,8808,34.99,34.987090367,ALFREDO GASPAR DE MENDONÇA NETO,ALFREDO GASPAR,PL,v,,,,,04/10/2026 19:17:20,sim
1,04/10/2026,6257,Presidente,1,municipio,RN,16616,2403103,CURRAIS NOVOS,,,,,PARTIDO SOCIAL DEMOCRÁTICO,i,PSD,0,55,PSD,PARTIDO SOCIAL DEMOCRÁTICO,,55,280002551932,RONALDO RAMOS CAIADO,RONALDO CAIADO,25/09/1949,5,Válido,nao,,222,0.88,0.881827210,GILBERTO KASSAB,GILBERTO KASSAB,PSD,v,,,,,04/10/2026 19:17:20,sim
1,04/10/2026,6257,Presidente,1,municipio,RN,16616,2403103,CURRAIS NOVOS,,PT/PC do B/PV,FEDERAÇÃO BRASIL DA ESPERANÇA - FE BRASIL,PT/PC do B/PV,BRASIL PRONTO PRA MAIS,c,PSB / PDT / PCDOB / PT / PV / PSOL / REDE,,13,PT,PARTIDO DOS TRABALHADORES,101,13,280002542548,LUIZ INÁCIO LULA DA SILVA,LULA,06/10/1945,2,Válido,nao,,14921,59.27,59.269116187,GERALDO JOSE RODRIGUES ALCKMIN FILHO,GERALDO ALCKMIN,PSB,v,,,,,04/10/2026 19:17:20,sim
1,04/10/2026,6257,Presidente,1,municipio,RN,16616,2403103,CURRAIS NOVOS,,,,,DEMOCRACIA CRISTÃ,i,DC,0,27,DC,DEMOCRACIA CRISTÃ,,27,280002552484,CLARIANA ZACARKIM BARAO,CLARIANA BARAO,03/04/1987,9,Válido,nao,,6,0.02,0.023833168,FABIANA CRISTINA TAVARES TORQUATO,FABIANA TORQUATO,DC,v,,,,,04/10/2026 19:17:20,sim
1,04/10/2026,6257,Presidente,1,municipio,RN,16616,2403103,CURRAIS NOVOS,,,,,PARTIDO COMUNISTA BRASILEIRO,i,PCB,0,21,PCB,PARTIDO COMUNISTA BRASILEIRO,,21,280002551975,EDMILSON SILVA COSTA,EDMILSON COSTA,08/04/1950,10,Válido,nao,,2,0.01,0.007944389,CLEUSA DOS SANTOS,CLEUSA SANTOS,PCB,v,,,,,04/10/2026 19:17:20,sim
1,04/10/2026,6257,Presidente,1,municipio,RN,16616,2403103,CURRAIS NOVOS,,,,,PARTIDO SOCIALISTA  DOS TRABALHADORES UNIFICADO,i,PSTU,0,16,PSTU,PARTIDO SOCIALISTA  DOS TRABALHADORES UNIFICADO,,16,280002541457,HERTZ DA CONCEICAO DIAS,HERTZ DIAS,20/10/1970,8,Válido,nao,,6,0.02,0.023833168,VANESSA PORTUGAL BARBOSA,VANESSA PORTUGAL,PSTU,v,,,,,04/10/2026 19:17:20,sim
1,04/10/2026,6257,Presidente,1,municipio,RN,16616,2403103,CURRAIS NOVOS,,,,,BRASIL DOS NOSSOS SONHOS,c,AGIR / AVANTE,,70,AVANTE,AVANTE,,70,280002551547,AUGUSTO JORGE CURY,ESCRITOR AUGUSTO CURY,02/10/1958,3,Válido,nao,,791,3.14,3.142005958,JULIO CESAR DELGADO,JÚLIO DELGADO,AVANTE,v,,,,,04/10/2026 19:17:20,sim
1,04/10/2026,6257,Presidente,1,municipio,RN,16616,2403103,CURRAIS NOVOS,,,,,PARTIDO NOVO,i,NOVO,0,30,NOVO,PARTIDO NOVO,,30,280002539826,ROMEU ZEMA NETO,ZEMA,28/10/1964,6,Válido,nao,,17,0.07,0.067527309,LUIS EDUARDO GRANGEIRO GIRÃO,EDUARDO GIRÃO,NOVO,v,,,,,04/10/2026 19:17:20,sim
1,04/10/2026,6257,Presidente,1,municipio,RN,16616,2403103,CURRAIS NOVOS,,,,,UNIDADE POPULAR,i,UP,0,80,UP,UNIDADE POPULAR,,80,280002538811,SAMARA MARTINS DA SILVA FEITOSA,SAMARA,31/08/1987,7,Válido,nao,,17,0.07,0.067527309,RAQUEL NONATO DE BRICIO,RAQUEL BRÍCIO,UP,v,,,,,04/10/2026 19:17:20,sim
1,04/10/2026,6257,Presidente,1,municipio,RN,16616,2403103,CURRAIS NOVOS,,,,,DEMOCRATA,i,DEMOCRATA,0,35,DEMOCRATA,DEMOCRATA,,35,280002548139,WILSON GRASSI JUNIOR,VETERINÁRIO WILSON GRASSI,13/03/1970,11,Válido,nao,,1,0.01,0.003972195,SUÊD HAIDAR NOGUEIRA,SUÊD HAIDAR,DEMOCRATA,v,,,,,04/10/2026 19:17:20,sim
1,04/10/2026,6257,Presidente,1,municipio,RN,16616,2403103,CURRAIS NOVOS,,,,,PARTIDO MISSÃO,i,MISSÃO,0,14,MISSÃO,PARTIDO MISSÃO,,14,280002540694,RENAN ANTONIO FERREIRA DOS SANTOS,RENAN SANTOS,14/02/1984,4,Válido,nao,,380,1.51,1.509433962,AROLDO MEDINA,CORONEL MEDINA,MISSÃO,v,,,,,04/10/2026 19:17:20,sim
1,04/10/2026,6257,Presidente,1,municipio,RN,16616,2403103,CURRAIS NOVOS,,,,,PARTIDO DA CAUSA OPERÁRIA,i,PCO,0,29,PCO,PARTIDO DA CAUSA OPERÁRIA,,29,280002552487,RUI COSTA PIMENTA,RUI COSTA PIMENTA,25/06/1957,12,Válido,nao,,4,0.02,0.015888779,ANTONIO CARLOS SILVA,ANTÔNIO CARLOS,PCO,v,,,,,04/10/2026 19:17:20,sim
1,04/10/2026,6257,Presidente,1,municipio,RN,16632,2403202,DOUTOR SEVERIANO,,,,,PARTIDO LIBERAL,i,PL,0,22,PL,PARTIDO LIBERAL,,22,280002551544,FLAVIO NANTES BOLSONARO,FLAVIO BOLSONARO,30/04/1981,1,Válido,nao,,758,15.02,15.024777007,ALFREDO GASPAR DE MENDONÇA NETO,ALFREDO GASPAR,PL,v,,,,,04/10/2026 20:10:30,sim
1,04/10/2026,6257,Presidente,1,municipio,RN,16632,2403202,DOUTOR SEVERIANO,,,,,PARTIDO SOCIAL DEMOCRÁTICO,i,PSD,0,55,PSD,PARTIDO SOCIAL DEMOCRÁTICO,,55,280002551932,RONALDO RAMOS CAIADO,RONALDO CAIADO,25/09/1949,5,Válido,nao,,24,0.48,0.475718533,GILBERTO KASSAB,GILBERTO KASSAB,PSD,v,,,,,04/10/2026 20:10:30,sim
1,04/10/2026,6257,Presidente,1,municipio,RN,16632,2403202,DOUTOR SEVERIANO,,PT/PC do B/PV,FEDERAÇÃO BRASIL DA ESPERANÇA - FE BRASIL,PT/PC do B/PV,BRASIL PRONTO PRA MAIS,c,PSB / PDT / PCDOB / PT / PV / PSOL / REDE,,13,PT,PARTIDO DOS TRABALHADORES,101,13,280002542548,LUIZ INÁCIO LULA DA SILVA,LULA,06/10/1945,2,Válido,nao,,4046,80.20,80.198216056,GERALDO JOSE RODRIGUES ALCKMIN FILHO,GERALDO ALCKMIN,PSB,v,,,,,04/10/2026 20:10:30,sim
1,04/10/2026,6257,Presidente,1,municipio,RN,16632,2403202,DOUTOR SEVERIANO,,,,,DEMOCRACIA CRISTÃ,i,DC,0,27,DC,DEMOCRACIA CRISTÃ,,27,280002552484,CLARIANA ZACARKIM BARAO,CLARIANA BARAO,03/04/1987,9,Válido,nao,,4,0.08,0.079286422,FABIANA CRISTINA TAVARES TORQUATO,FABIANA TORQUATO,DC,v,,,,,04/10/2026 20:10:30,sim
1,04/10/2026,6257,Presidente,1,municipio,RN,16632,2403202,DOUTOR SEVERIANO,,,,,PARTIDO COMUNISTA BRASILEIRO,i,PCB,0,21,PCB,PARTIDO COMUNISTA BRASILEIRO,,21,280002551975,EDMILSON SILVA COSTA,EDMILSON COSTA,08/04/1950,10,Válido,nao,,1,0.02,0.019821606,CLEUSA DOS SANTOS,CLEUSA SANTOS,PCB,v,,,,,04/10/2026 20:10:30,sim
1,04/10/2026,6257,Presidente,1,municipio,RN,16632,2403202,DOUTOR SEVERIANO,,,,,PARTIDO SOCIALISTA  DOS TRABALHADORES UNIFICADO,i,PSTU,0,16,PSTU,PARTIDO SOCIALISTA  DOS TRABALHADORES UNIFICADO,,16,280002541457,HERTZ DA CONCEICAO DIAS,HERTZ DIAS,20/10/1970,8,Válido,nao,,0,0.00,0,VANESSA PORTUGAL BARBOSA,VANESSA PORTUGAL,PSTU,v,,,,,04/10/2026 20:10:30,sim
1,04/10/2026,6257,Presidente,1,municipio,RN,16632,2403202,DOUTOR SEVERIANO,,,,,BRASIL DOS NOSSOS SONHOS,c,AGIR / AVANTE,,70,AVANTE,AVANTE,,70,280002551547,AUGUSTO JORGE CURY,ESCRITOR AUGUSTO CURY,02/10/1958,3,Válido,nao,,128,2.54,2.537165510,JULIO CESAR DELGADO,JÚLIO DELGADO,AVANTE,v,,,,,04/10/2026 20:10:30,sim
1,04/10/2026,6257,Presidente,1,municipio,RN,16632,2403202,DOUTOR SEVERIANO,,,,,PARTIDO NOVO,i,NOVO,0,30,NOVO,PARTIDO NOVO,,30,280002539826,ROMEU ZEMA NETO,ZEMA,28/10/1964,6,Válido,nao,,0,0.00,0,LUIS EDUARDO GRANGEIRO GIRÃO,EDUARDO GIRÃO,NOVO,v,,,,,04/10/2026 20:10:30,sim
1,04/10/2026,6257,Presidente,1,municipio,RN,16632,2403202,DOUTOR SEVERIANO,,,,,UNIDADE POPULAR,i,UP,0,80,UP,UNIDADE POPULAR,,80,280002538811,SAMARA MARTINS DA SILVA FEITOSA,SAMARA,31/08/1987,7,Válido,nao,,1,0.02,0.019821606,RAQUEL NONATO DE BRICIO,RAQUEL BRÍCIO,UP,v,,,,,04/10/2026 20:10:30,sim
1,04/10/2026,6257,Presidente,1,municipio,RN,16632,2403202,DOUTOR SEVERIANO,,,,,DEMOCRATA,i,DEMOCRATA,0,35,DEMOCRATA,DEMOCRATA,,35,280002548139,WILSON GRASSI JUNIOR,VETERINÁRIO WILSON GRASSI,13/03/1970,11,Válido,nao,,1,0.02,0.019821606,SUÊD HAIDAR NOGUEIRA,SUÊD HAIDAR,DEMOCRATA,v,,,,,04/10/2026 20:10:30,sim
1,04/10/2026,6257,Presidente,1,municipio,RN,16632,2403202,DOUTOR SEVERIANO,,,,,PARTIDO MISSÃO,i,MISSÃO,0,14,MISSÃO,PARTIDO MISSÃO,,14,280002540694,RENAN ANTONIO FERREIRA DOS SANTOS,RENAN SANTOS,14/02/1984,4,Válido,nao,,82,1.63,1.625371655,AROLDO MEDINA,CORONEL MEDINA,MISSÃO,v,,,,,04/10/2026 20:10:30,sim
1,04/10/2026,6257,Presidente,1,municipio,RN,16632,2403202,DOUTOR SEVERIANO,,,,,PARTIDO DA CAUSA OPERÁRIA,i,PCO,0,29,PCO,PARTIDO DA CAUSA OPERÁRIA,,29,280002552487,RUI COSTA PIMENTA,RUI COSTA PIMENTA,25/06/1957,12,Válido,nao,,0,0.00,0,ANTONIO CARLOS SILVA,ANTÔNIO CARLOS,PCO,v,,,,,04/10/2026 20:10:30,sim
1,04/10/2026,6257,Presidente,1,municipio,RN,16659,2403301,ENCANTO,,,,,PARTIDO LIBERAL,i,PL,0,22,PL,PARTIDO LIBERAL,,22,280002551544,FLAVIO NANTES BOLSONARO,FLAVIO BOLSONARO,30/04/1981,1,Válido,nao,,759,18.84,18.838421445,ALFREDO GASPAR DE MENDONÇA NETO,ALFREDO GASPAR,PL,v,,,,,04/10/2026 19:20:56,sim
1,04/10/2026,6257,Presidente,1,municipio,RN,16659,2403301,ENCANTO,,,,,PARTIDO SOCIAL DEMOCRÁTICO,i,PSD,0,55,PSD,PARTIDO SOCIAL DEMOCRÁTICO,,55,280002551932,RONALDO RAMOS CAIADO,RONALDO CAIADO,25/09/1949,5,Válido,nao,,12,0.30,0.297840655,GILBERTO KASSAB,GILBERTO KASSAB,PSD,v,,,,,04/10/2026 19:20:56,sim
1,04/10/2026,6257,Presidente,1,municipio,RN,16659,2403301,ENCANTO,,PT/PC do B/PV,FEDERAÇÃO BRASIL DA ESPERANÇA - FE BRASIL,PT/PC do B/PV,BRASIL PRONTO PRA MAIS,c,PSB / PDT / PCDOB / PT / PV / PSOL / REDE,,13,PT,PARTIDO DOS TRABALHADORES,101,13,280002542548,LUIZ INÁCIO LULA DA SILVA,LULA,06/10/1945,2,Válido,nao,,3137,77.86,77.860511293,GERALDO JOSE RODRIGUES ALCKMIN FILHO,GERALDO ALCKMIN,PSB,v,,,,,04/10/2026 19:20:56,sim
1,04/10/2026,6257,Presidente,1,municipio,RN,16659,2403301,ENCANTO,,,,,DEMOCRACIA CRISTÃ,i,DC,0,27,DC,DEMOCRACIA CRISTÃ,,27,280002552484,CLARIANA ZACARKIM BARAO,CLARIANA BARAO,03/04/1987,9,Válido,nao,,0,0.00,0,FABIANA CRISTINA TAVARES TORQUATO,FABIANA TORQUATO,DC,v,,,,,04/10/2026 19:20:56,sim
1,04/10/2026,6257,Presidente,1,municipio,RN,16659,2403301,ENCANTO,,,,,PARTIDO COMUNISTA BRASILEIRO,i,PCB,0,21,PCB,PARTIDO COMUNISTA BRASILEIRO,,21,280002551975,EDMILSON SILVA COSTA,EDMILSON COSTA,08/04/1950,10,Válido,nao,,1,0.02,0.024820055,CLEUSA DOS SANTOS,CLEUSA SANTOS,PCB,v,,,,,04/10/2026 19:20:56,sim
1,04/10/2026,6257,Presidente,1,municipio,RN,16659,2403301,ENCANTO,,,,,PARTIDO SOCIALISTA  DOS TRABALHADORES UNIFICADO,i,PSTU,0,16,PSTU,PARTIDO SOCIALISTA  DOS TRABALHADORES UNIFICADO,,16,280002541457,HERTZ DA CONCEICAO DIAS,HERTZ DIAS,20/10/1970,8,Válido,nao,,1,0.02,0.024820055,VANESSA PORTUGAL BARBOSA,VANESSA PORTUGAL,PSTU,v,,,,,04/10/2026 19:20:56,sim
1,04/10/2026,6257,Presidente,1,municipio,RN,16659,2403301,ENCANTO,,,,,BRASIL DOS NOSSOS SONHOS,c,AGIR / AVANTE,,70,AVANTE,AVANTE,,70,280002551547,AUGUSTO JORGE CURY,ESCRITOR AUGUSTO CURY,02/10/1958,3,Válido,nao,,51,1.27,1.265822785,JULIO CESAR DELGADO,JÚLIO DELGADO,AVANTE,v,,,,,04/10/2026 19:20:56,sim
1,04/10/2026,6257,Presidente,1,municipio,RN,16659,2403301,ENCANTO,,,,,PARTIDO NOVO,i,NOVO,0,30,NOVO,PARTIDO NOVO,,30,280002539826,ROMEU ZEMA NETO,ZEMA,28/10/1964,6,Válido,nao,,1,0.02,0.024820055,LUIS EDUARDO GRANGEIRO GIRÃO,EDUARDO GIRÃO,NOVO,v,,,,,04/10/2026 19:20:56,sim
1,04/10/2026,6257,Presidente,1,municipio,RN,16659,2403301,ENCANTO,,,,,UNIDADE POPULAR,i,UP,0,80,UP,UNIDADE POPULAR,,80,280002538811,SAMARA MARTINS DA SILVA FEITOSA,SAMARA,31/08/1987,7,Válido,nao,,0,0.00,0,RAQUEL NONATO DE BRICIO,RAQUEL BRÍCIO,UP,v,,,,,04/10/2026 19:20:56,sim
1,04/10/2026,6257,Presidente,1,municipio,RN,16659,2403301,ENCANTO,,,,,DEMOCRATA,i,DEMOCRATA,0,35,DEMOCRATA,DEMOCRATA,,35,280002548139,WILSON GRASSI JUNIOR,VETERINÁRIO WILSON GRASSI,13/03/1970,11,Válido,nao,,0,0.00,0,SUÊD HAIDAR NOGUEIRA,SUÊD HAIDAR,DEMOCRATA,v,,,,,04/10/2026 19:20:56,sim
1,04/10/2026,6257,Presidente,1,municipio,RN,16659,2403301,ENCANTO,,,,,PARTIDO MISSÃO,i,MISSÃO,0,14,MISSÃO,PARTIDO MISSÃO,,14,280002540694,RENAN ANTONIO FERREIRA DOS SANTOS,RENAN SANTOS,14/02/1984,4,Válido,nao,,66,1.64,1.638123604,AROLDO MEDINA,CORONEL MEDINA,MISSÃO,v,,,,,04/10/2026 19:20:56,sim
1,04/10/2026,6257,Presidente,1,municipio,RN,16659,2403301,ENCANTO,,,,,PARTIDO DA CAUSA OPERÁRIA,i,PCO,0,29,PCO,PARTIDO DA CAUSA OPERÁRIA,,29,280002552487,RUI COSTA PIMENTA,RUI COSTA PIMENTA,25/06/1957,12,Válido,nao,,1,0.02,0.024820055,ANTONIO CARLOS SILVA,ANTÔNIO CARLOS,PCO,v,,,,,04/10/2026 19:20:56,sim
1,04/10/2026,6257,Presidente,1,municipio,RN,16675,2403400,EQUADOR,,,,,PARTIDO LIBERAL,i,PL,0,22,PL,PARTIDO LIBERAL,,22,280002551544,FLAVIO NANTES BOLSONARO,FLAVIO BOLSONARO,30/04/1981,1,Válido,nao,,1097,29.15,29.152272123,ALFREDO GASPAR DE MENDONÇA NETO,ALFREDO GASPAR,PL,v,,,,,04/10/2026 19:24:40,sim
1,04/10/2026,6257,Presidente,1,municipio,RN,16675,2403400,EQUADOR,,,,,PARTIDO SOCIAL DEMOCRÁTICO,i,PSD,0,55,PSD,PARTIDO SOCIAL DEMOCRÁTICO,,55,280002551932,RONALDO RAMOS CAIADO,RONALDO CAIADO,25/09/1949,5,Válido,nao,,22,0.58,0.584639915,GILBERTO KASSAB,GILBERTO KASSAB,PSD,v,,,,,04/10/2026 19:24:40,sim
1,04/10/2026,6257,Presidente,1,municipio,RN,16675,2403400,EQUADOR,,PT/PC do B/PV,FEDERAÇÃO BRASIL DA ESPERANÇA - FE BRASIL,PT/PC do B/PV,BRASIL PRONTO PRA MAIS,c,PSB / PDT / PCDOB / PT / PV / PSOL / REDE,,13,PT,PARTIDO DOS TRABALHADORES,101,13,280002542548,LUIZ INÁCIO LULA DA SILVA,LULA,06/10/1945,2,Válido,nao,,2470,65.64,65.639117725,GERALDO JOSE RODRIGUES ALCKMIN FILHO,GERALDO ALCKMIN,PSB,v,,,,,04/10/2026 19:24:40,sim
1,04/10/2026,6257,Presidente,1,municipio,RN,16675,2403400,EQUADOR,,,,,DEMOCRACIA CRISTÃ,i,DC,0,27,DC,DEMOCRACIA CRISTÃ,,27,280002552484,CLARIANA ZACARKIM BARAO,CLARIANA BARAO,03/04/1987,9,Válido,nao,,1,0.03,0.026574542,FABIANA CRISTINA TAVARES TORQUATO,FABIANA TORQUATO,DC,v,,,,,04/10/2026 19:24:40,sim
1,04/10/2026,6257,Presidente,1,municipio,RN,16675,2403400,EQUADOR,,,,,PARTIDO COMUNISTA BRASILEIRO,i,PCB,0,21,PCB,PARTIDO COMUNISTA BRASILEIRO,,21,280002551975,EDMILSON SILVA COSTA,EDMILSON COSTA,08/04/1950,10,Válido,nao,,1,0.03,0.026574542,CLEUSA DOS SANTOS,CLEUSA SANTOS,PCB,v,,,,,04/10/2026 19:24:40,sim
1,04/10/2026,6257,Presidente,1,municipio,RN,16675,2403400,EQUADOR,,,,,PARTIDO SOCIALISTA  DOS TRABALHADORES UNIFICADO,i,PSTU,0,16,PSTU,PARTIDO SOCIALISTA  DOS TRABALHADORES UNIFICADO,,16,280002541457,HERTZ DA CONCEICAO DIAS,HERTZ DIAS,20/10/1970,8,Válido,nao,,0,0.00,0,VANESSA PORTUGAL BARBOSA,VANESSA PORTUGAL,PSTU,v,,,,,04/10/2026 19:24:40,sim
1,04/10/2026,6257,Presidente,1,municipio,RN,16675,2403400,EQUADOR,,,,,BRASIL DOS NOSSOS SONHOS,c,AGIR / AVANTE,,70,AVANTE,AVANTE,,70,280002551547,AUGUSTO JORGE CURY,ESCRITOR AUGUSTO CURY,02/10/1958,3,Válido,nao,,122,3.24,3.242094074,JULIO CESAR DELGADO,JÚLIO DELGADO,AVANTE,v,,,,,04/10/2026 19:24:40,sim
1,04/10/2026,6257,Presidente,1,municipio,RN,16675,2403400,EQUADOR,,,,,PARTIDO NOVO,i,NOVO,0,30,NOVO,PARTIDO NOVO,,30,280002539826,ROMEU ZEMA NETO,ZEMA,28/10/1964,6,Válido,nao,,1,0.03,0.026574542,LUIS EDUARDO GRANGEIRO GIRÃO,EDUARDO GIRÃO,NOVO,v,,,,,04/10/2026 19:24:40,sim
1,04/10/2026,6257,Presidente,1,municipio,RN,16675,2403400,EQUADOR,,,,,UNIDADE POPULAR,i,UP,0,80,UP,UNIDADE POPULAR,,80,280002538811,SAMARA MARTINS DA SILVA FEITOSA,SAMARA,31/08/1987,7,Válido,nao,,1,0.03,0.026574542,RAQUEL NONATO DE BRICIO,RAQUEL BRÍCIO,UP,v,,,,,04/10/2026 19:24:40,sim
1,04/10/2026,6257,Presidente,1,municipio,RN,16675,2403400,EQUADOR,,,,,DEMOCRATA,i,DEMOCRATA,0,35,DEMOCRATA,DEMOCRATA,,35,280002548139,WILSON GRASSI JUNIOR,VETERINÁRIO WILSON GRASSI,13/03/1970,11,Válido,nao,,0,0.00,0,SUÊD HAIDAR NOGUEIRA,SUÊD HAIDAR,DEMOCRATA,v,,,,,04/10/2026 19:24:40,sim
1,04/10/2026,6257,Presidente,1,municipio,RN,16675,2403400,EQUADOR,,,,,PARTIDO MISSÃO,i,MISSÃO,0,14,MISSÃO,PARTIDO MISSÃO,,14,280002540694,RENAN ANTONIO FERREIRA DOS SANTOS,RENAN SANTOS,14/02/1984,4,Válido,nao,,48,1.28,1.275577996,AROLDO MEDINA,CORONEL MEDINA,MISSÃO,v,,,,,04/10/2026 19:24:40,sim
1,04/10/2026,6257,Presidente,1,municipio,RN,16675,2403400,EQUADOR,,,,,PARTIDO DA CAUSA OPERÁRIA,i,PCO,0,29,PCO,PARTIDO DA CAUSA OPERÁRIA,,29,280002552487,RUI COSTA PIMENTA,RUI COSTA PIMENTA,25/06/1957,12,Válido,nao,,0,0.00,0,ANTONIO CARLOS SILVA,ANTÔNIO CARLOS,PCO,v,,,,,04/10/2026 19:24:40,sim
1,04/10/2026,6257,Presidente,1,municipio,RN,16691,2403509,ESPÍRITO SANTO,,,,,PARTIDO LIBERAL,i,PL,0,22,PL,PARTIDO LIBERAL,,22,280002551544,FLAVIO NANTES BOLSONARO,FLAVIO BOLSONARO,30/04/1981,1,Válido,nao,,2483,41.14,41.143330572,ALFREDO GASPAR DE MENDONÇA NETO,ALFREDO GASPAR,PL,v,,,,,04/10/2026 20:49:31,sim
1,04/10/2026,6257,Presidente,1,municipio,RN,16691,2403509,ESPÍRITO SANTO,,,,,PARTIDO SOCIAL DEMOCRÁTICO,i,PSD,0,55,PSD,PARTIDO SOCIAL DEMOCRÁTICO,,55,280002551932,RONALDO RAMOS CAIADO,RONALDO CAIADO,25/09/1949,5,Válido,nao,,33,0.55,0.546810273,GILBERTO KASSAB,GILBERTO KASSAB,PSD,v,,,,,04/10/2026 20:49:31,sim
1,04/10/2026,6257,Presidente,1,municipio,RN,16691,2403509,ESPÍRITO SANTO,,PT/PC do B/PV,FEDERAÇÃO BRASIL DA ESPERANÇA - FE BRASIL,PT/PC do B/PV,BRASIL PRONTO PRA MAIS,c,PSB / PDT / PCDOB / PT / PV / PSOL / REDE,,13,PT,PARTIDO DOS TRABALHADORES,101,13,280002542548,LUIZ INÁCIO LULA DA SILVA,LULA,06/10/1945,2,Válido,nao,,3306,54.78,54.780447390,GERALDO JOSE RODRIGUES ALCKMIN FILHO,GERALDO ALCKMIN,PSB,v,,,,,04/10/2026 20:49:31,sim
1,04/10/2026,6257,Presidente,1,municipio,RN,16691,2403509,ESPÍRITO SANTO,,,,,PARTIDO SOCIALISTA  DOS TRABALHADORES UNIFICADO,i,PSTU,0,16,PSTU,PARTIDO SOCIALISTA  DOS TRABALHADORES UNIFICADO,,16,280002541457,HERTZ DA CONCEICAO DIAS,HERTZ DIAS,20/10/1970,8,Válido,nao,,5,0.08,0.082850041,VANESSA PORTUGAL BARBOSA,VANESSA PORTUGAL,PSTU,v,,,,,04/10/2026 20:49:31,sim
1,04/10/2026,6257,Presidente,1,municipio,RN,16691,2403509,ESPÍRITO SANTO,,,,,PARTIDO COMUNISTA BRASILEIRO,i,PCB,0,21,PCB,PARTIDO COMUNISTA BRASILEIRO,,21,280002551975,EDMILSON SILVA COSTA,EDMILSON COSTA,08/04/1950,10,Válido,nao,,2,0.03,0.033140017,CLEUSA DOS SANTOS,CLEUSA SANTOS,PCB,v,,,,,04/10/2026 20:49:31,sim
1,04/10/2026,6257,Presidente,1,municipio,RN,16691,2403509,ESPÍRITO SANTO,,,,,DEMOCRACIA CRISTÃ,i,DC,0,27,DC,DEMOCRACIA CRISTÃ,,27,280002552484,CLARIANA ZACARKIM BARAO,CLARIANA BARAO,03/04/1987,9,Válido,nao,,0,0.00,0,FABIANA CRISTINA TAVARES TORQUATO,FABIANA TORQUATO,DC,v,,,,,04/10/2026 20:49:31,sim
1,04/10/2026,6257,Presidente,1,municipio,RN,16691,2403509,ESPÍRITO SANTO,,,,,PARTIDO NOVO,i,NOVO,0,30,NOVO,PARTIDO NOVO,,30,280002539826,ROMEU ZEMA NETO,ZEMA,28/10/1964,6,Válido,nao,,1,0.02,0.016570008,LUIS EDUARDO GRANGEIRO GIRÃO,EDUARDO GIRÃO,NOVO,v,,,,,04/10/2026 20:49:31,sim
1,04/10/2026,6257,Presidente,1,municipio,RN,16691,2403509,ESPÍRITO SANTO,,,,,BRASIL DOS NOSSOS SONHOS,c,AGIR / AVANTE,,70,AVANTE,AVANTE,,70,280002551547,AUGUSTO JORGE CURY,ESCRITOR AUGUSTO CURY,02/10/1958,3,Válido,nao,,112,1.86,1.855840928,JULIO CESAR DELGADO,JÚLIO DELGADO,AVANTE,v,,,,,04/10/2026 20:49:31,sim
1,04/10/2026,6257,Presidente,1,municipio,RN,16691,2403509,ESPÍRITO SANTO,,,,,DEMOCRATA,i,DEMOCRATA,0,35,DEMOCRATA,DEMOCRATA,,35,280002548139,WILSON GRASSI JUNIOR,VETERINÁRIO WILSON GRASSI,13/03/1970,11,Válido,nao,,1,0.02,0.016570008,SUÊD HAIDAR NOGUEIRA,SUÊD HAIDAR,DEMOCRATA,v,,,,,04/10/2026 20:49:31,sim
1,04/10/2026,6257,Presidente,1,municipio,RN,16691,2403509,ESPÍRITO SANTO,,,,,UNIDADE POPULAR,i,UP,0,80,UP,UNIDADE POPULAR,,80,280002538811,SAMARA MARTINS DA SILVA FEITOSA,SAMARA,31/08/1987,7,Válido,nao,,0,0.00,0,RAQUEL NONATO DE BRICIO,RAQUEL BRÍCIO,UP,v,,,,,04/10/2026 20:49:31,sim
1,04/10/2026,6257,Presidente,1,municipio,RN,16691,2403509,ESPÍRITO SANTO,,,,,PARTIDO MISSÃO,i,MISSÃO,0,14,MISSÃO,PARTIDO MISSÃO,,14,280002540694,RENAN ANTONIO FERREIRA DOS SANTOS,RENAN SANTOS,14/02/1984,4,Válido,nao,,90,1.49,1.491300746,AROLDO MEDINA,CORONEL MEDINA,MISSÃO,v,,,,,04/10/2026 20:49:31,sim
1,04/10/2026,6257,Presidente,1,municipio,RN,16691,2403509,ESPÍRITO SANTO,,,,,PARTIDO DA CAUSA OPERÁRIA,i,PCO,0,29,PCO,PARTIDO DA CAUSA OPERÁRIA,,29,280002552487,RUI COSTA PIMENTA,RUI COSTA PIMENTA,25/06/1957,12,Válido,nao,,2,0.03,0.033140017,ANTONIO CARLOS SILVA,ANTÔNIO CARLOS,PCO,v,,,,,04/10/2026 20:49:31,sim
1,04/10/2026,6257,Presidente,1,municipio,RN,16713,2403608,EXTREMOZ,,,,,PARTIDO LIBERAL,i,PL,0,22,PL,PARTIDO LIBERAL,,22,280002551544,FLAVIO NANTES BOLSONARO,FLAVIO BOLSONARO,30/04/1981,1,Válido,nao,,13692,43.70,43.698337216,ALFREDO GASPAR DE MENDONÇA NETO,ALFREDO GASPAR,PL,v,,,,,04/10/2026 22:04:08,sim
1,04/10/2026,6257,Presidente,1,municipio,RN,16713,2403608,EXTREMOZ,,,,,PARTIDO SOCIAL DEMOCRÁTICO,i,PSD,0,55,PSD,PARTIDO SOCIAL DEMOCRÁTICO,,55,280002551932,RONALDO RAMOS CAIADO,RONALDO CAIADO,25/09/1949,5,Válido,nao,,254,0.81,0.810646922,GILBERTO KASSAB,GILBERTO KASSAB,PSD,v,,,,,04/10/2026 22:04:08,sim
1,04/10/2026,6257,Presidente,1,municipio,RN,16713,2403608,EXTREMOZ,,PT/PC do B/PV,FEDERAÇÃO BRASIL DA ESPERANÇA - FE BRASIL,PT/PC do B/PV,BRASIL PRONTO PRA MAIS,c,PSB / PDT / PCDOB / PT / PV / PSOL / REDE,,13,PT,PARTIDO DOS TRABALHADORES,101,13,280002542548,LUIZ INÁCIO LULA DA SILVA,LULA,06/10/1945,2,Válido,nao,,15787,50.38,50.384578559,GERALDO JOSE RODRIGUES ALCKMIN FILHO,GERALDO ALCKMIN,PSB,v,,,,,04/10/2026 22:04:08,sim
1,04/10/2026,6257,Presidente,1,municipio,RN,16713,2403608,EXTREMOZ,,,,,PARTIDO SOCIALISTA  DOS TRABALHADORES UNIFICADO,i,PSTU,0,16,PSTU,PARTIDO SOCIALISTA  DOS TRABALHADORES UNIFICADO,,16,280002541457,HERTZ DA CONCEICAO DIAS,HERTZ DIAS,20/10/1970,8,Válido,nao,,15,0.05,0.047872850,VANESSA PORTUGAL BARBOSA,VANESSA PORTUGAL,PSTU,v,,,,,04/10/2026 22:04:08,sim
1,04/10/2026,6257,Presidente,1,municipio,RN,16713,2403608,EXTREMOZ,,,,,PARTIDO COMUNISTA BRASILEIRO,i,PCB,0,21,PCB,PARTIDO COMUNISTA BRASILEIRO,,21,280002551975,EDMILSON SILVA COSTA,EDMILSON COSTA,08/04/1950,10,Válido,nao,,4,0.01,0.012766093,CLEUSA DOS SANTOS,CLEUSA SANTOS,PCB,v,,,,,04/10/2026 22:04:08,sim
1,04/10/2026,6257,Presidente,1,municipio,RN,16713,2403608,EXTREMOZ,,,,,DEMOCRACIA CRISTÃ,i,DC,0,27,DC,DEMOCRACIA CRISTÃ,,27,280002552484,CLARIANA ZACARKIM BARAO,CLARIANA BARAO,03/04/1987,9,Válido,nao,,6,0.02,0.019149140,FABIANA CRISTINA TAVARES TORQUATO,FABIANA TORQUATO,DC,v,,,,,04/10/2026 22:04:08,sim
1,04/10/2026,6257,Presidente,1,municipio,RN,16713,2403608,EXTREMOZ,,,,,PARTIDO NOVO,i,NOVO,0,30,NOVO,PARTIDO NOVO,,30,280002539826,ROMEU ZEMA NETO,ZEMA,28/10/1964,6,Válido,nao,,16,0.05,0.051064373,LUIS EDUARDO GRANGEIRO GIRÃO,EDUARDO GIRÃO,NOVO,v,,,,,04/10/2026 22:04:08,sim
1,04/10/2026,6257,Presidente,1,municipio,RN,16713,2403608,EXTREMOZ,,,,,BRASIL DOS NOSSOS SONHOS,c,AGIR / AVANTE,,70,AVANTE,AVANTE,,70,280002551547,AUGUSTO JORGE CURY,ESCRITOR AUGUSTO CURY,02/10/1958,3,Válido,nao,,938,2.99,2.993648869,JULIO CESAR DELGADO,JÚLIO DELGADO,AVANTE,v,,,,,04/10/2026 22:04:08,sim
1,04/10/2026,6257,Presidente,1,municipio,RN,16713,2403608,EXTREMOZ,,,,,DEMOCRATA,i,DEMOCRATA,0,35,DEMOCRATA,DEMOCRATA,,35,280002548139,WILSON GRASSI JUNIOR,VETERINÁRIO WILSON GRASSI,13/03/1970,11,Válido,nao,,1,0.01,0.003191523,SUÊD HAIDAR NOGUEIRA,SUÊD HAIDAR,DEMOCRATA,v,,,,,04/10/2026 22:04:08,sim
1,04/10/2026,6257,Presidente,1,municipio,RN,16713,2403608,EXTREMOZ,,,,,UNIDADE POPULAR,i,UP,0,80,UP,UNIDADE POPULAR,,80,280002538811,SAMARA MARTINS DA SILVA FEITOSA,SAMARA,31/08/1987,7,Válido,nao,,12,0.04,0.038298280,RAQUEL NONATO DE BRICIO,RAQUEL BRÍCIO,UP,v,,,,,04/10/2026 22:04:08,sim
1,04/10/2026,6257,Presidente,1,municipio,RN,16713,2403608,EXTREMOZ,,,,,PARTIDO MISSÃO,i,MISSÃO,0,14,MISSÃO,PARTIDO MISSÃO,,14,280002540694,RENAN ANTONIO FERREIRA DOS SANTOS,RENAN SANTOS,14/02/1984,4,Válido,nao,,606,1.93,1.934063128,AROLDO MEDINA,CORONEL MEDINA,MISSÃO,v,,,,,04/10/2026 22:04:08,sim
1,04/10/2026,6257,Presidente,1,municipio,RN,16713,2403608,EXTREMOZ,,,,,PARTIDO DA CAUSA OPERÁRIA,i,PCO,0,29,PCO,PARTIDO DA CAUSA OPERÁRIA,,29,280002552487,RUI COSTA PIMENTA,RUI COSTA PIMENTA,25/06/1957,12,Válido,nao,,2,0.01,0.006383047,ANTONIO CARLOS SILVA,ANTÔNIO CARLOS,PCO,v,,,,,04/10/2026 22:04:08,sim
1,04/10/2026,6257,Presidente,1,municipio,RN,16730,2403707,FELIPE GUERRA,,,,,PARTIDO LIBERAL,i,PL,0,22,PL,PARTIDO LIBERAL,,22,280002551544,FLAVIO NANTES BOLSONARO,FLAVIO BOLSONARO,30/04/1981,1,Válido,nao,,1091,18.90,18.895046761,ALFREDO GASPAR DE MENDONÇA NETO,ALFREDO GASPAR,PL,v,,,,,04/10/2026 20:22:27,sim
1,04/10/2026,6257,Presidente,1,municipio,RN,16730,2403707,FELIPE GUERRA,,,,,PARTIDO SOCIAL DEMOCRÁTICO,i,PSD,0,55,PSD,PARTIDO SOCIAL DEMOCRÁTICO,,55,280002551932,RONALDO RAMOS CAIADO,RONALDO CAIADO,25/09/1949,5,Válido,nao,,13,0.23,0.225147212,GILBERTO KASSAB,GILBERTO KASSAB,PSD,v,,,,,04/10/2026 20:22:27,sim
1,04/10/2026,6257,Presidente,1,municipio,RN,16730,2403707,FELIPE GUERRA,,PT/PC do B/PV,FEDERAÇÃO BRASIL DA ESPERANÇA - FE BRASIL,PT/PC do B/PV,BRASIL PRONTO PRA MAIS,c,PSB / PDT / PCDOB / PT / PV / PSOL / REDE,,13,PT,PARTIDO DOS TRABALHADORES,101,13,280002542548,LUIZ INÁCIO LULA DA SILVA,LULA,06/10/1945,2,Válido,nao,,4477,77.54,77.537235885,GERALDO JOSE RODRIGUES ALCKMIN FILHO,GERALDO ALCKMIN,PSB,v,,,,,04/10/2026 20:22:27,sim
1,04/10/2026,6257,Presidente,1,municipio,RN,16730,2403707,FELIPE GUERRA,,,,,DEMOCRACIA CRISTÃ,i,DC,0,27,DC,DEMOCRACIA CRISTÃ,,27,280002552484,CLARIANA ZACARKIM BARAO,CLARIANA BARAO,03/04/1987,9,Válido,nao,,0,0.00,0,FABIANA CRISTINA TAVARES TORQUATO,FABIANA TORQUATO,DC,v,,,,,04/10/2026 20:22:27,sim
1,04/10/2026,6257,Presidente,1,municipio,RN,16730,2403707,FELIPE GUERRA,,,,,PARTIDO COMUNISTA BRASILEIRO,i,PCB,0,21,PCB,PARTIDO COMUNISTA BRASILEIRO,,21,280002551975,EDMILSON SILVA COSTA,EDMILSON COSTA,08/04/1950,10,Válido,nao,,1,0.02,0.017319016,CLEUSA DOS SANTOS,CLEUSA SANTOS,PCB,v,,,,,04/10/2026 20:22:27,sim
1,04/10/2026,6257,Presidente,1,municipio,RN,16730,2403707,FELIPE GUERRA,,,,,PARTIDO SOCIALISTA  DOS TRABALHADORES UNIFICADO,i,PSTU,0,16,PSTU,PARTIDO SOCIALISTA  DOS TRABALHADORES UNIFICADO,,16,280002541457,HERTZ DA CONCEICAO DIAS,HERTZ DIAS,20/10/1970,8,Válido,nao,,0,0.00,0,VANESSA PORTUGAL BARBOSA,VANESSA PORTUGAL,PSTU,v,,,,,04/10/2026 20:22:27,sim
1,04/10/2026,6257,Presidente,1,municipio,RN,16730,2403707,FELIPE GUERRA,,,,,BRASIL DOS NOSSOS SONHOS,c,AGIR / AVANTE,,70,AVANTE,AVANTE,,70,280002551547,AUGUSTO JORGE CURY,ESCRITOR AUGUSTO CURY,02/10/1958,3,Válido,nao,,109,1.89,1.887772775,JULIO CESAR DELGADO,JÚLIO DELGADO,AVANTE,v,,,,,04/10/2026 20:22:27,sim
1,04/10/2026,6257,Presidente,1,municipio,RN,16730,2403707,FELIPE GUERRA,,,,,PARTIDO NOVO,i,NOVO,0,30,NOVO,PARTIDO NOVO,,30,280002539826,ROMEU ZEMA NETO,ZEMA,28/10/1964,6,Válido,nao,,1,0.02,0.017319016,LUIS EDUARDO GRANGEIRO GIRÃO,EDUARDO GIRÃO,NOVO,v,,,,,04/10/2026 20:22:27,sim
1,04/10/2026,6257,Presidente,1,municipio,RN,16730,2403707,FELIPE GUERRA,,,,,UNIDADE POPULAR,i,UP,0,80,UP,UNIDADE POPULAR,,80,280002538811,SAMARA MARTINS DA SILVA FEITOSA,SAMARA,31/08/1987,7,Válido,nao,,0,0.00,0,RAQUEL NONATO DE BRICIO,RAQUEL BRÍCIO,UP,v,,,,,04/10/2026 20:22:27,sim
1,04/10/2026,6257,Presidente,1,municipio,RN,16730,2403707,FELIPE GUERRA,,,,,DEMOCRATA,i,DEMOCRATA,0,35,DEMOCRATA,DEMOCRATA,,35,280002548139,WILSON GRASSI JUNIOR,VETERINÁRIO WILSON GRASSI,13/03/1970,11,Válido,nao,,0,0.00,0,SUÊD HAIDAR NOGUEIRA,SUÊD HAIDAR,DEMOCRATA,v,,,,,04/10/2026 20:22:27,sim
1,04/10/2026,6257,Presidente,1,municipio,RN,16730,2403707,FELIPE GUERRA,,,,,PARTIDO MISSÃO,i,MISSÃO,0,14,MISSÃO,PARTIDO MISSÃO,,14,280002540694,RENAN ANTONIO FERREIRA DOS SANTOS,RENAN SANTOS,14/02/1984,4,Válido,nao,,82,1.42,1.420159335,AROLDO MEDINA,CORONEL MEDINA,MISSÃO,v,,,,,04/10/2026 20:22:27,sim
1,04/10/2026,6257,Presidente,1,municipio,RN,16730,2403707,FELIPE GUERRA,,,,,PARTIDO DA CAUSA OPERÁRIA,i,PCO,0,29,PCO,PARTIDO DA CAUSA OPERÁRIA,,29,280002552487,RUI COSTA PIMENTA,RUI COSTA PIMENTA,25/06/1957,12,Válido,nao,,0,0.00,0,ANTONIO CARLOS SILVA,ANTÔNIO CARLOS,PCO,v,,,,,04/10/2026 20:22:27,sim
1,04/10/2026,6257,Presidente,1,municipio,RN,16756,2403806,FLORÂNIA,,,,,PARTIDO LIBERAL,i,PL,0,22,PL,PARTIDO LIBERAL,,22,280002551544,FLAVIO NANTES BOLSONARO,FLAVIO BOLSONARO,30/04/1981,1,Válido,nao,,1722,26.14,26.138433515,ALFREDO GASPAR DE MENDONÇA NETO,ALFREDO GASPAR,PL,v,,,,,04/10/2026 19:16:12,sim
1,04/10/2026,6257,Presidente,1,municipio,RN,16756,2403806,FLORÂNIA,,,,,PARTIDO SOCIAL DEMOCRÁTICO,i,PSD,0,55,PSD,PARTIDO SOCIAL DEMOCRÁTICO,,55,280002551932,RONALDO RAMOS CAIADO,RONALDO CAIADO,25/09/1949,5,Válido,nao,,76,1.15,1.153612629,GILBERTO KASSAB,GILBERTO KASSAB,PSD,v,,,,,04/10/2026 19:16:12,sim
1,04/10/2026,6257,Presidente,1,municipio,RN,16756,2403806,FLORÂNIA,,PT/PC do B/PV,FEDERAÇÃO BRASIL DA ESPERANÇA - FE BRASIL,PT/PC do B/PV,BRASIL PRONTO PRA MAIS,c,PSB / PDT / PCDOB / PT / PV / PSOL / REDE,,13,PT,PARTIDO DOS TRABALHADORES,101,13,280002542548,LUIZ INÁCIO LULA DA SILVA,LULA,06/10/1945,2,Válido,nao,,4517,68.56,68.564055859,GERALDO JOSE RODRIGUES ALCKMIN FILHO,GERALDO ALCKMIN,PSB,v,,,,,04/10/2026 19:16:12,sim
1,04/10/2026,6257,Presidente,1,municipio,RN,16756,2403806,FLORÂNIA,,,,,DEMOCRACIA CRISTÃ,i,DC,0,27,DC,DEMOCRACIA CRISTÃ,,27,280002552484,CLARIANA ZACARKIM BARAO,CLARIANA BARAO,03/04/1987,9,Válido,nao,,2,0.03,0.030358227,FABIANA CRISTINA TAVARES TORQUATO,FABIANA TORQUATO,DC,v,,,,,04/10/2026 19:16:12,sim
1,04/10/2026,6257,Presidente,1,municipio,RN,16756,2403806,FLORÂNIA,,,,,PARTIDO COMUNISTA BRASILEIRO,i,PCB,0,21,PCB,PARTIDO COMUNISTA BRASILEIRO,,21,280002551975,EDMILSON SILVA COSTA,EDMILSON COSTA,08/04/1950,10,Válido,nao,,0,0.00,0,CLEUSA DOS SANTOS,CLEUSA SANTOS,PCB,v,,,,,04/10/2026 19:16:12,sim
1,04/10/2026,6257,Presidente,1,municipio,RN,16756,2403806,FLORÂNIA,,,,,PARTIDO SOCIALISTA  DOS TRABALHADORES UNIFICADO,i,PSTU,0,16,PSTU,PARTIDO SOCIALISTA  DOS TRABALHADORES UNIFICADO,,16,280002541457,HERTZ DA CONCEICAO DIAS,HERTZ DIAS,20/10/1970,8,Válido,nao,,2,0.03,0.030358227,VANESSA PORTUGAL BARBOSA,VANESSA PORTUGAL,PSTU,v,,,,,04/10/2026 19:16:12,sim
1,04/10/2026,6257,Presidente,1,municipio,RN,16756,2403806,FLORÂNIA,,,,,BRASIL DOS NOSSOS SONHOS,c,AGIR / AVANTE,,70,AVANTE,AVANTE,,70,280002551547,AUGUSTO JORGE CURY,ESCRITOR AUGUSTO CURY,02/10/1958,3,Válido,nao,,193,2.93,2.929568913,JULIO CESAR DELGADO,JÚLIO DELGADO,AVANTE,v,,,,,04/10/2026 19:16:12,sim
1,04/10/2026,6257,Presidente,1,municipio,RN,16756,2403806,FLORÂNIA,,,,,PARTIDO NOVO,i,NOVO,0,30,NOVO,PARTIDO NOVO,,30,280002539826,ROMEU ZEMA NETO,ZEMA,28/10/1964,6,Válido,nao,,3,0.05,0.045537341,LUIS EDUARDO GRANGEIRO GIRÃO,EDUARDO GIRÃO,NOVO,v,,,,,04/10/2026 19:16:12,sim
1,04/10/2026,6257,Presidente,1,municipio,RN,16756,2403806,FLORÂNIA,,,,,UNIDADE POPULAR,i,UP,0,80,UP,UNIDADE POPULAR,,80,280002538811,SAMARA MARTINS DA SILVA FEITOSA,SAMARA,31/08/1987,7,Válido,nao,,1,0.02,0.015179114,RAQUEL NONATO DE BRICIO,RAQUEL BRÍCIO,UP,v,,,,,04/10/2026 19:16:12,sim
1,04/10/2026,6257,Presidente,1,municipio,RN,16756,2403806,FLORÂNIA,,,,,DEMOCRATA,i,DEMOCRATA,0,35,DEMOCRATA,DEMOCRATA,,35,280002548139,WILSON GRASSI JUNIOR,VETERINÁRIO WILSON GRASSI,13/03/1970,11,Válido,nao,,0,0.00,0,SUÊD HAIDAR NOGUEIRA,SUÊD HAIDAR,DEMOCRATA,v,,,,,04/10/2026 19:16:12,sim
1,04/10/2026,6257,Presidente,1,municipio,RN,16756,2403806,FLORÂNIA,,,,,PARTIDO MISSÃO,i,MISSÃO,0,14,MISSÃO,PARTIDO MISSÃO,,14,280002540694,RENAN ANTONIO FERREIRA DOS SANTOS,RENAN SANTOS,14/02/1984,4,Válido,nao,,71,1.08,1.077717061,AROLDO MEDINA,CORONEL MEDINA,MISSÃO,v,,,,,04/10/2026 19:16:12,sim
1,04/10/2026,6257,Presidente,1,municipio,RN,16756,2403806,FLORÂNIA,,,,,PARTIDO DA CAUSA OPERÁRIA,i,PCO,0,29,PCO,PARTIDO DA CAUSA OPERÁRIA,,29,280002552487,RUI COSTA PIMENTA,RUI COSTA PIMENTA,25/06/1957,12,Válido,nao,,1,0.02,0.015179114,ANTONIO CARLOS SILVA,ANTÔNIO CARLOS,PCO,v,,,,,04/10/2026 19:16:12,sim
1,04/10/2026,6257,Presidente,1,municipio,RN,16772,2403905,FRANCISCO DANTAS,,,,,PARTIDO LIBERAL,i,PL,0,22,PL,PARTIDO LIBERAL,,22,280002551544,FLAVIO NANTES BOLSONARO,FLAVIO BOLSONARO,30/04/1981,1,Válido,nao,,486,20.68,20.680851064,ALFREDO GASPAR DE MENDONÇA NETO,ALFREDO GASPAR,PL,v,,,,,04/10/2026 17:51:34,sim
1,04/10/2026,6257,Presidente,1,municipio,RN,16772,2403905,FRANCISCO DANTAS,,,,,PARTIDO SOCIAL DEMOCRÁTICO,i,PSD,0,55,PSD,PARTIDO SOCIAL DEMOCRÁTICO,,55,280002551932,RONALDO RAMOS CAIADO,RONALDO CAIADO,25/09/1949,4,Válido,nao,,14,0.60,0.595744681,GILBERTO KASSAB,GILBERTO KASSAB,PSD,v,,,,,04/10/2026 17:51:34,sim
1,04/10/2026,6257,Presidente,1,municipio,RN,16772,2403905,FRANCISCO DANTAS,,PT/PC do B/PV,FEDERAÇÃO BRASIL DA ESPERANÇA - FE BRASIL,PT/PC do B/PV,BRASIL PRONTO PRA MAIS,c,PSB / PDT / PCDOB / PT / PV / PSOL / REDE,,13,PT,PARTIDO DOS TRABALHADORES,101,13,280002542548,LUIZ INÁCIO LULA DA SILVA,LULA,06/10/1945,2,Válido,nao,,1754,74.64,74.638297872,GERALDO JOSE RODRIGUES ALCKMIN FILHO,GERALDO ALCKMIN,PSB,v,,,,,04/10/2026 17:51:34,sim
1,04/10/2026,6257,Presidente,1,municipio,RN,16772,2403905,FRANCISCO DANTAS,,,,,DEMOCRACIA CRISTÃ,i,DC,0,27,DC,DEMOCRACIA CRISTÃ,,27,280002552484,CLARIANA ZACARKIM BARAO,CLARIANA BARAO,03/04/1987,8,Válido,nao,,0,0.00,0,FABIANA CRISTINA TAVARES TORQUATO,FABIANA TORQUATO,DC,v,,,,,04/10/2026 17:51:34,sim
1,04/10/2026,6257,Presidente,1,municipio,RN,16772,2403905,FRANCISCO DANTAS,,,,,PARTIDO COMUNISTA BRASILEIRO,i,PCB,0,21,PCB,PARTIDO COMUNISTA BRASILEIRO,,21,280002551975,EDMILSON SILVA COSTA,EDMILSON COSTA,08/04/1950,10,Válido,nao,,0,0.00,0,CLEUSA DOS SANTOS,CLEUSA SANTOS,PCB,v,,,,,04/10/2026 17:51:34,sim
1,04/10/2026,6257,Presidente,1,municipio,RN,16772,2403905,FRANCISCO DANTAS,,,,,PARTIDO SOCIALISTA  DOS TRABALHADORES UNIFICADO,i,PSTU,0,16,PSTU,PARTIDO SOCIALISTA  DOS TRABALHADORES UNIFICADO,,16,280002541457,HERTZ DA CONCEICAO DIAS,HERTZ DIAS,20/10/1970,9,Válido,nao,,1,0.04,0.042553191,VANESSA PORTUGAL BARBOSA,VANESSA PORTUGAL,PSTU,v,,,,,04/10/2026 17:51:34,sim
1,04/10/2026,6257,Presidente,1,municipio,RN,16772,2403905,FRANCISCO DANTAS,,,,,BRASIL DOS NOSSOS SONHOS,c,AGIR / AVANTE,,70,AVANTE,AVANTE,,70,280002551547,AUGUSTO JORGE CURY,ESCRITOR AUGUSTO CURY,02/10/1958,3,Válido,nao,,61,2.60,2.595744681,JULIO CESAR DELGADO,JÚLIO DELGADO,AVANTE,v,,,,,04/10/2026 17:51:34,sim
1,04/10/2026,6257,Presidente,1,municipio,RN,16772,2403905,FRANCISCO DANTAS,,,,,PARTIDO NOVO,i,NOVO,0,30,NOVO,PARTIDO NOVO,,30,280002539826,ROMEU ZEMA NETO,ZEMA,28/10/1964,6,Válido,nao,,2,0.09,0.085106383,LUIS EDUARDO GRANGEIRO GIRÃO,EDUARDO GIRÃO,NOVO,v,,,,,04/10/2026 17:51:34,sim
1,04/10/2026,6257,Presidente,1,municipio,RN,16772,2403905,FRANCISCO DANTAS,,,,,UNIDADE POPULAR,i,UP,0,80,UP,UNIDADE POPULAR,,80,280002538811,SAMARA MARTINS DA SILVA FEITOSA,SAMARA,31/08/1987,7,Válido,nao,,2,0.09,0.085106383,RAQUEL NONATO DE BRICIO,RAQUEL BRÍCIO,UP,v,,,,,04/10/2026 17:51:34,sim
1,04/10/2026,6257,Presidente,1,municipio,RN,16772,2403905,FRANCISCO DANTAS,,,,,DEMOCRATA,i,DEMOCRATA,0,35,DEMOCRATA,DEMOCRATA,,35,280002548139,WILSON GRASSI JUNIOR,VETERINÁRIO WILSON GRASSI,13/03/1970,11,Válido,nao,,0,0.00,0,SUÊD HAIDAR NOGUEIRA,SUÊD HAIDAR,DEMOCRATA,v,,,,,04/10/2026 17:51:34,sim
1,04/10/2026,6257,Presidente,1,municipio,RN,16772,2403905,FRANCISCO DANTAS,,,,,PARTIDO MISSÃO,i,MISSÃO,0,14,MISSÃO,PARTIDO MISSÃO,,14,280002540694,RENAN ANTONIO FERREIRA DOS SANTOS,RENAN SANTOS,14/02/1984,5,Válido,nao,,30,1.28,1.276595745,AROLDO MEDINA,CORONEL MEDINA,MISSÃO,v,,,,,04/10/2026 17:51:34,sim
1,04/10/2026,6257,Presidente,1,municipio,RN,16772,2403905,FRANCISCO DANTAS,,,,,PARTIDO DA CAUSA OPERÁRIA,i,PCO,0,29,PCO,PARTIDO DA CAUSA OPERÁRIA,,29,280002552487,RUI COSTA PIMENTA,RUI COSTA PIMENTA,25/06/1957,12,Válido,nao,,0,0.00,0,ANTONIO CARLOS SILVA,ANTÔNIO CARLOS,PCO,v,,,,,04/10/2026 17:51:34,sim
1,04/10/2026,6257,Presidente,1,municipio,RN,16799,2404101,GALINHOS,,,,,PARTIDO LIBERAL,i,PL,0,22,PL,PARTIDO LIBERAL,,22,280002551544,FLAVIO NANTES BOLSONARO,FLAVIO BOLSONARO,30/04/1981,1,Válido,nao,,1089,48.34,48.335552597,ALFREDO GASPAR DE MENDONÇA NETO,ALFREDO GASPAR,PL,v,,,,,04/10/2026 20:59:21,sim
1,04/10/2026,6257,Presidente,1,municipio,RN,16799,2404101,GALINHOS,,,,,PARTIDO SOCIAL DEMOCRÁTICO,i,PSD,0,55,PSD,PARTIDO SOCIAL DEMOCRÁTICO,,55,280002551932,RONALDO RAMOS CAIADO,RONALDO CAIADO,25/09/1949,5,Válido,nao,,10,0.44,0.443852641,GILBERTO KASSAB,GILBERTO KASSAB,PSD,v,,,,,04/10/2026 20:59:21,sim
1,04/10/2026,6257,Presidente,1,municipio,RN,16799,2404101,GALINHOS,,PT/PC do B/PV,FEDERAÇÃO BRASIL DA ESPERANÇA - FE BRASIL,PT/PC do B/PV,BRASIL PRONTO PRA MAIS,c,PSB / PDT / PCDOB / PT / PV / PSOL / REDE,,13,PT,PARTIDO DOS TRABALHADORES,101,13,280002542548,LUIZ INÁCIO LULA DA SILVA,LULA,06/10/1945,2,Válido,nao,,1041,46.21,46.205059920,GERALDO JOSE RODRIGUES ALCKMIN FILHO,GERALDO ALCKMIN,PSB,v,,,,,04/10/2026 20:59:21,sim
1,04/10/2026,6257,Presidente,1,municipio,RN,16799,2404101,GALINHOS,,,,,DEMOCRACIA CRISTÃ,i,DC,0,27,DC,DEMOCRACIA CRISTÃ,,27,280002552484,CLARIANA ZACARKIM BARAO,CLARIANA BARAO,03/04/1987,9,Válido,nao,,0,0.00,0,FABIANA CRISTINA TAVARES TORQUATO,FABIANA TORQUATO,DC,v,,,,,04/10/2026 20:59:21,sim
1,04/10/2026,6257,Presidente,1,municipio,RN,16799,2404101,GALINHOS,,,,,PARTIDO COMUNISTA BRASILEIRO,i,PCB,0,21,PCB,PARTIDO COMUNISTA BRASILEIRO,,21,280002551975,EDMILSON SILVA COSTA,EDMILSON COSTA,08/04/1950,10,Válido,nao,,0,0.00,0,CLEUSA DOS SANTOS,CLEUSA SANTOS,PCB,v,,,,,04/10/2026 20:59:21,sim
1,04/10/2026,6257,Presidente,1,municipio,RN,16799,2404101,GALINHOS,,,,,PARTIDO SOCIALISTA  DOS TRABALHADORES UNIFICADO,i,PSTU,0,16,PSTU,PARTIDO SOCIALISTA  DOS TRABALHADORES UNIFICADO,,16,280002541457,HERTZ DA CONCEICAO DIAS,HERTZ DIAS,20/10/1970,8,Válido,nao,,0,0.00,0,VANESSA PORTUGAL BARBOSA,VANESSA PORTUGAL,PSTU,v,,,,,04/10/2026 20:59:21,sim
1,04/10/2026,6257,Presidente,1,municipio,RN,16799,2404101,GALINHOS,,,,,BRASIL DOS NOSSOS SONHOS,c,AGIR / AVANTE,,70,AVANTE,AVANTE,,70,280002551547,AUGUSTO JORGE CURY,ESCRITOR AUGUSTO CURY,02/10/1958,3,Válido,nao,,78,3.46,3.462050599,JULIO CESAR DELGADO,JÚLIO DELGADO,AVANTE,v,,,,,04/10/2026 20:59:21,sim
1,04/10/2026,6257,Presidente,1,municipio,RN,16799,2404101,GALINHOS,,,,,PARTIDO NOVO,i,NOVO,0,30,NOVO,PARTIDO NOVO,,30,280002539826,ROMEU ZEMA NETO,ZEMA,28/10/1964,6,Válido,nao,,1,0.04,0.044385264,LUIS EDUARDO GRANGEIRO GIRÃO,EDUARDO GIRÃO,NOVO,v,,,,,04/10/2026 20:59:21,sim
1,04/10/2026,6257,Presidente,1,municipio,RN,16799,2404101,GALINHOS,,,,,UNIDADE POPULAR,i,UP,0,80,UP,UNIDADE POPULAR,,80,280002538811,SAMARA MARTINS DA SILVA FEITOSA,SAMARA,31/08/1987,7,Válido,nao,,3,0.13,0.133155792,RAQUEL NONATO DE BRICIO,RAQUEL BRÍCIO,UP,v,,,,,04/10/2026 20:59:21,sim
1,04/10/2026,6257,Presidente,1,municipio,RN,16799,2404101,GALINHOS,,,,,DEMOCRATA,i,DEMOCRATA,0,35,DEMOCRATA,DEMOCRATA,,35,280002548139,WILSON GRASSI JUNIOR,VETERINÁRIO WILSON GRASSI,13/03/1970,11,Válido,nao,,0,0.00,0,SUÊD HAIDAR NOGUEIRA,SUÊD HAIDAR,DEMOCRATA,v,,,,,04/10/2026 20:59:21,sim
1,04/10/2026,6257,Presidente,1,municipio,RN,16799,2404101,GALINHOS,,,,,PARTIDO MISSÃO,i,MISSÃO,0,14,MISSÃO,PARTIDO MISSÃO,,14,280002540694,RENAN ANTONIO FERREIRA DOS SANTOS,RENAN SANTOS,14/02/1984,4,Válido,nao,,30,1.33,1.331557923,AROLDO MEDINA,CORONEL MEDINA,MISSÃO,v,,,,,04/10/2026 20:59:21,sim
1,04/10/2026,6257,Presidente,1,municipio,RN,16799,2404101,GALINHOS,,,,,PARTIDO DA CAUSA OPERÁRIA,i,PCO,0,29,PCO,PARTIDO DA CAUSA OPERÁRIA,,29,280002552487,RUI COSTA PIMENTA,RUI COSTA PIMENTA,25/06/1957,12,Válido,nao,,1,0.04,0.044385264,ANTONIO CARLOS SILVA,ANTÔNIO CARLOS,PCO,v,,,,,04/10/2026 20:59:21,sim
1,04/10/2026,6257,Presidente,1,municipio,RN,16810,2404200,GOIANINHA,,,,,PARTIDO LIBERAL,i,PL,0,22,PL,PARTIDO LIBERAL,,22,280002551544,FLAVIO NANTES BOLSONARO,FLAVIO BOLSONARO,30/04/1981,1,Válido,nao,,6322,36.47,36.469570234,ALFREDO GASPAR DE MENDONÇA NETO,ALFREDO GASPAR,PL,v,,,,,04/10/2026 20:59:21,sim
1,04/10/2026,6257,Presidente,1,municipio,RN,16810,2404200,GOIANINHA,,,,,PARTIDO SOCIAL DEMOCRÁTICO,i,PSD,0,55,PSD,PARTIDO SOCIAL DEMOCRÁTICO,,55,280002551932,RONALDO RAMOS CAIADO,RONALDO CAIADO,25/09/1949,5,Válido,nao,,143,0.82,0.824920681,GILBERTO KASSAB,GILBERTO KASSAB,PSD,v,,,,,04/10/2026 20:59:21,sim
1,04/10/2026,6257,Presidente,1,municipio,RN,16810,2404200,GOIANINHA,,PT/PC do B/PV,FEDERAÇÃO BRASIL DA ESPERANÇA - FE BRASIL,PT/PC do B/PV,BRASIL PRONTO PRA MAIS,c,PSB / PDT / PCDOB / PT / PV / PSOL / REDE,,13,PT,PARTIDO DOS TRABALHADORES,101,13,280002542548,LUIZ INÁCIO LULA DA SILVA,LULA,06/10/1945,2,Válido,nao,,10212,58.91,58.909720219,GERALDO JOSE RODRIGUES ALCKMIN FILHO,GERALDO ALCKMIN,PSB,v,,,,,04/10/2026 20:59:21,sim
1,04/10/2026,6257,Presidente,1,municipio,RN,16810,2404200,GOIANINHA,,,,,DEMOCRACIA CRISTÃ,i,DC,0,27,DC,DEMOCRACIA CRISTÃ,,27,280002552484,CLARIANA ZACARKIM BARAO,CLARIANA BARAO,03/04/1987,9,Válido,nao,,3,0.02,0.017306028,FABIANA CRISTINA TAVARES TORQUATO,FABIANA TORQUATO,DC,v,,,,,04/10/2026 20:59:21,sim
1,04/10/2026,6257,Presidente,1,municipio,RN,16810,2404200,GOIANINHA,,,,,PARTIDO COMUNISTA BRASILEIRO,i,PCB,0,21,PCB,PARTIDO COMUNISTA BRASILEIRO,,21,280002551975,EDMILSON SILVA COSTA,EDMILSON COSTA,08/04/1950,10,Válido,nao,,6,0.03,0.034612057,CLEUSA DOS SANTOS,CLEUSA SANTOS,PCB,v,,,,,04/10/2026 20:59:21,sim
1,04/10/2026,6257,Presidente,1,municipio,RN,16810,2404200,GOIANINHA,,,,,PARTIDO SOCIALISTA  DOS TRABALHADORES UNIFICADO,i,PSTU,0,16,PSTU,PARTIDO SOCIALISTA  DOS TRABALHADORES UNIFICADO,,16,280002541457,HERTZ DA CONCEICAO DIAS,HERTZ DIAS,20/10/1970,8,Válido,nao,,1,0.01,0.005768676,VANESSA PORTUGAL BARBOSA,VANESSA PORTUGAL,PSTU,v,,,,,04/10/2026 20:59:21,sim
1,04/10/2026,6257,Presidente,1,municipio,RN,16810,2404200,GOIANINHA,,,,,BRASIL DOS NOSSOS SONHOS,c,AGIR / AVANTE,,70,AVANTE,AVANTE,,70,280002551547,AUGUSTO JORGE CURY,ESCRITOR AUGUSTO CURY,02/10/1958,3,Válido,nao,,431,2.49,2.486299394,JULIO CESAR DELGADO,JÚLIO DELGADO,AVANTE,v,,,,,04/10/2026 20:59:21,sim
1,04/10/2026,6257,Presidente,1,municipio,RN,16810,2404200,GOIANINHA,,,,,PARTIDO NOVO,i,NOVO,0,30,NOVO,PARTIDO NOVO,,30,280002539826,ROMEU ZEMA NETO,ZEMA,28/10/1964,6,Válido,nao,,6,0.03,0.034612057,LUIS EDUARDO GRANGEIRO GIRÃO,EDUARDO GIRÃO,NOVO,v,,,,,04/10/2026 20:59:21,sim
1,04/10/2026,6257,Presidente,1,municipio,RN,16810,2404200,GOIANINHA,,,,,UNIDADE POPULAR,i,UP,0,80,UP,UNIDADE POPULAR,,80,280002538811,SAMARA MARTINS DA SILVA FEITOSA,SAMARA,31/08/1987,7,Válido,nao,,4,0.02,0.023074704,RAQUEL NONATO DE BRICIO,RAQUEL BRÍCIO,UP,v,,,,,04/10/2026 20:59:21,sim
1,04/10/2026,6257,Presidente,1,municipio,RN,16810,2404200,GOIANINHA,,,,,DEMOCRATA,i,DEMOCRATA,0,35,DEMOCRATA,DEMOCRATA,,35,280002548139,WILSON GRASSI JUNIOR,VETERINÁRIO WILSON GRASSI,13/03/1970,11,Válido,nao,,1,0.01,0.005768676,SUÊD HAIDAR NOGUEIRA,SUÊD HAIDAR,DEMOCRATA,v,,,,,04/10/2026 20:59:21,sim
1,04/10/2026,6257,Presidente,1,municipio,RN,16810,2404200,GOIANINHA,,,,,PARTIDO MISSÃO,i,MISSÃO,0,14,MISSÃO,PARTIDO MISSÃO,,14,280002540694,RENAN ANTONIO FERREIRA DOS SANTOS,RENAN SANTOS,14/02/1984,4,Válido,nao,,205,1.18,1.182578598,AROLDO MEDINA,CORONEL MEDINA,MISSÃO,v,,,,,04/10/2026 20:59:21,sim
1,04/10/2026,6257,Presidente,1,municipio,RN,16810,2404200,GOIANINHA,,,,,PARTIDO DA CAUSA OPERÁRIA,i,PCO,0,29,PCO,PARTIDO DA CAUSA OPERÁRIA,,29,280002552487,RUI COSTA PIMENTA,RUI COSTA PIMENTA,25/06/1957,12,Válido,nao,,1,0.01,0.005768676,ANTONIO CARLOS SILVA,ANTÔNIO CARLOS,PCO,v,,,,,04/10/2026 20:59:21,sim
1,04/10/2026,6257,Presidente,1,municipio,RN,16837,2404309,GOVERNADOR DIX-SEPT ROSADO,,,,,PARTIDO LIBERAL,i,PL,0,22,PL,PARTIDO LIBERAL,,22,280002551544,FLAVIO NANTES BOLSONARO,FLAVIO BOLSONARO,30/04/1981,1,Válido,nao,,2133,22.57,22.571428571,ALFREDO GASPAR DE MENDONÇA NETO,ALFREDO GASPAR,PL,v,,,,,04/10/2026 19:12:42,sim
1,04/10/2026,6257,Presidente,1,municipio,RN,16837,2404309,GOVERNADOR DIX-SEPT ROSADO,,,,,PARTIDO SOCIAL DEMOCRÁTICO,i,PSD,0,55,PSD,PARTIDO SOCIAL DEMOCRÁTICO,,55,280002551932,RONALDO RAMOS CAIADO,RONALDO CAIADO,25/09/1949,5,Válido,nao,,45,0.48,0.476190476,GILBERTO KASSAB,GILBERTO KASSAB,PSD,v,,,,,04/10/2026 19:12:42,sim
1,04/10/2026,6257,Presidente,1,municipio,RN,16837,2404309,GOVERNADOR DIX-SEPT ROSADO,,PT/PC do B/PV,FEDERAÇÃO BRASIL DA ESPERANÇA - FE BRASIL,PT/PC do B/PV,BRASIL PRONTO PRA MAIS,c,PSB / PDT / PCDOB / PT / PV / PSOL / REDE,,13,PT,PARTIDO DOS TRABALHADORES,101,13,280002542548,LUIZ INÁCIO LULA DA SILVA,LULA,06/10/1945,2,Válido,nao,,6889,72.90,72.899470899,GERALDO JOSE RODRIGUES ALCKMIN FILHO,GERALDO ALCKMIN,PSB,v,,,,,04/10/2026 19:12:42,sim
1,04/10/2026,6257,Presidente,1,municipio,RN,16837,2404309,GOVERNADOR DIX-SEPT ROSADO,,,,,PARTIDO SOCIALISTA  DOS TRABALHADORES UNIFICADO,i,PSTU,0,16,PSTU,PARTIDO SOCIALISTA  DOS TRABALHADORES UNIFICADO,,16,280002541457,HERTZ DA CONCEICAO DIAS,HERTZ DIAS,20/10/1970,8,Válido,nao,,1,0.01,0.010582011,VANESSA PORTUGAL BARBOSA,VANESSA PORTUGAL,PSTU,v,,,,,04/10/2026 19:12:42,sim
1,04/10/2026,6257,Presidente,1,municipio,RN,16837,2404309,GOVERNADOR DIX-SEPT ROSADO,,,,,PARTIDO COMUNISTA BRASILEIRO,i,PCB,0,21,PCB,PARTIDO COMUNISTA BRASILEIRO,,21,280002551975,EDMILSON SILVA COSTA,EDMILSON COSTA,08/04/1950,10,Válido,nao,,1,0.01,0.010582011,CLEUSA DOS SANTOS,CLEUSA SANTOS,PCB,v,,,,,04/10/2026 19:12:42,sim
1,04/10/2026,6257,Presidente,1,municipio,RN,16837,2404309,GOVERNADOR DIX-SEPT ROSADO,,,,,DEMOCRACIA CRISTÃ,i,DC,0,27,DC,DEMOCRACIA CRISTÃ,,27,280002552484,CLARIANA ZACARKIM BARAO,CLARIANA BARAO,03/04/1987,9,Válido,nao,,2,0.02,0.021164021,FABIANA CRISTINA TAVARES TORQUATO,FABIANA TORQUATO,DC,v,,,,,04/10/2026 19:12:42,sim
1,04/10/2026,6257,Presidente,1,municipio,RN,16837,2404309,GOVERNADOR DIX-SEPT ROSADO,,,,,PARTIDO NOVO,i,NOVO,0,30,NOVO,PARTIDO NOVO,,30,280002539826,ROMEU ZEMA NETO,ZEMA,28/10/1964,6,Válido,nao,,1,0.01,0.010582011,LUIS EDUARDO GRANGEIRO GIRÃO,EDUARDO GIRÃO,NOVO,v,,,,,04/10/2026 19:12:42,sim
1,04/10/2026,6257,Presidente,1,municipio,RN,16837,2404309,GOVERNADOR DIX-SEPT ROSADO,,,,,BRASIL DOS NOSSOS SONHOS,c,AGIR / AVANTE,,70,AVANTE,AVANTE,,70,280002551547,AUGUSTO JORGE CURY,ESCRITOR AUGUSTO CURY,02/10/1958,3,Válido,nao,,220,2.33,2.328042328,JULIO CESAR DELGADO,JÚLIO DELGADO,AVANTE,v,,,,,04/10/2026 19:12:42,sim
1,04/10/2026,6257,Presidente,1,municipio,RN,16837,2404309,GOVERNADOR DIX-SEPT ROSADO,,,,,DEMOCRATA,i,DEMOCRATA,0,35,DEMOCRATA,DEMOCRATA,,35,280002548139,WILSON GRASSI JUNIOR,VETERINÁRIO WILSON GRASSI,13/03/1970,11,Válido,nao,,2,0.02,0.021164021,SUÊD HAIDAR NOGUEIRA,SUÊD HAIDAR,DEMOCRATA,v,,,,,04/10/2026 19:12:42,sim
1,04/10/2026,6257,Presidente,1,municipio,RN,16837,2404309,GOVERNADOR DIX-SEPT ROSADO,,,,,UNIDADE POPULAR,i,UP,0,80,UP,UNIDADE POPULAR,,80,280002538811,SAMARA MARTINS DA SILVA FEITOSA,SAMARA,31/08/1987,7,Válido,nao,,2,0.02,0.021164021,RAQUEL NONATO DE BRICIO,RAQUEL BRÍCIO,UP,v,,,,,04/10/2026 19:12:42,sim
1,04/10/2026,6257,Presidente,1,municipio,RN,16837,2404309,GOVERNADOR DIX-SEPT ROSADO,,,,,PARTIDO MISSÃO,i,MISSÃO,0,14,MISSÃO,PARTIDO MISSÃO,,14,280002540694,RENAN ANTONIO FERREIRA DOS SANTOS,RENAN SANTOS,14/02/1984,4,Válido,nao,,153,1.62,1.619047619,AROLDO MEDINA,CORONEL MEDINA,MISSÃO,v,,,,,04/10/2026 19:12:42,sim
1,04/10/2026,6257,Presidente,1,municipio,RN,16837,2404309,GOVERNADOR DIX-SEPT ROSADO,,,,,PARTIDO DA CAUSA OPERÁRIA,i,PCO,0,29,PCO,PARTIDO DA CAUSA OPERÁRIA,,29,280002552487,RUI COSTA PIMENTA,RUI COSTA PIMENTA,25/06/1957,12,Válido,nao,,1,0.01,0.010582011,ANTONIO CARLOS SILVA,ANTÔNIO CARLOS,PCO,v,,,,,04/10/2026 19:12:42,sim
1,04/10/2026,6257,Presidente,1,municipio,RN,16853,2404408,GROSSOS,,,,,PARTIDO LIBERAL,i,PL,0,22,PL,PARTIDO LIBERAL,,22,280002551544,FLAVIO NANTES BOLSONARO,FLAVIO BOLSONARO,30/04/1981,1,Válido,nao,,2484,31.92,31.915713735,ALFREDO GASPAR DE MENDONÇA NETO,ALFREDO GASPAR,PL,v,,,,,04/10/2026 20:56:15,sim
1,04/10/2026,6257,Presidente,1,municipio,RN,16853,2404408,GROSSOS,,,,,PARTIDO SOCIAL DEMOCRÁTICO,i,PSD,0,55,PSD,PARTIDO SOCIAL DEMOCRÁTICO,,55,280002551932,RONALDO RAMOS CAIADO,RONALDO CAIADO,25/09/1949,5,Válido,nao,,36,0.46,0.462546576,GILBERTO KASSAB,GILBERTO KASSAB,PSD,v,,,,,04/10/2026 20:56:15,sim
1,04/10/2026,6257,Presidente,1,municipio,RN,16853,2404408,GROSSOS,,PT/PC do B/PV,FEDERAÇÃO BRASIL DA ESPERANÇA - FE BRASIL,PT/PC do B/PV,BRASIL PRONTO PRA MAIS,c,PSB / PDT / PCDOB / PT / PV / PSOL / REDE,,13,PT,PARTIDO DOS TRABALHADORES,101,13,280002542548,LUIZ INÁCIO LULA DA SILVA,LULA,06/10/1945,2,Válido,nao,,4909,63.07,63.073365026,GERALDO JOSE RODRIGUES ALCKMIN FILHO,GERALDO ALCKMIN,PSB,v,,,,,04/10/2026 20:56:15,sim
1,04/10/2026,6257,Presidente,1,municipio,RN,16853,2404408,GROSSOS,,,,,DEMOCRACIA CRISTÃ,i,DC,0,27,DC,DEMOCRACIA CRISTÃ,,27,280002552484,CLARIANA ZACARKIM BARAO,CLARIANA BARAO,03/04/1987,9,Válido,nao,,1,0.01,0.012848516,FABIANA CRISTINA TAVARES TORQUATO,FABIANA TORQUATO,DC,v,,,,,04/10/2026 20:56:15,sim
1,04/10/2026,6257,Presidente,1,municipio,RN,16853,2404408,GROSSOS,,,,,PARTIDO COMUNISTA BRASILEIRO,i,PCB,0,21,PCB,PARTIDO COMUNISTA BRASILEIRO,,21,280002551975,EDMILSON SILVA COSTA,EDMILSON COSTA,08/04/1950,10,Válido,nao,,1,0.01,0.012848516,CLEUSA DOS SANTOS,CLEUSA SANTOS,PCB,v,,,,,04/10/2026 20:56:15,sim
1,04/10/2026,6257,Presidente,1,municipio,RN,16853,2404408,GROSSOS,,,,,PARTIDO SOCIALISTA  DOS TRABALHADORES UNIFICADO,i,PSTU,0,16,PSTU,PARTIDO SOCIALISTA  DOS TRABALHADORES UNIFICADO,,16,280002541457,HERTZ DA CONCEICAO DIAS,HERTZ DIAS,20/10/1970,8,Válido,nao,,0,0.00,0,VANESSA PORTUGAL BARBOSA,VANESSA PORTUGAL,PSTU,v,,,,,04/10/2026 20:56:15,sim
1,04/10/2026,6257,Presidente,1,municipio,RN,16853,2404408,GROSSOS,,,,,BRASIL DOS NOSSOS SONHOS,c,AGIR / AVANTE,,70,AVANTE,AVANTE,,70,280002551547,AUGUSTO JORGE CURY,ESCRITOR AUGUSTO CURY,02/10/1958,3,Válido,nao,,241,3.10,3.096492355,JULIO CESAR DELGADO,JÚLIO DELGADO,AVANTE,v,,,,,04/10/2026 20:56:15,sim
1,04/10/2026,6257,Presidente,1,municipio,RN,16853,2404408,GROSSOS,,,,,PARTIDO NOVO,i,NOVO,0,30,NOVO,PARTIDO NOVO,,30,280002539826,ROMEU ZEMA NETO,ZEMA,28/10/1964,6,Válido,nao,,2,0.03,0.025697032,LUIS EDUARDO GRANGEIRO GIRÃO,EDUARDO GIRÃO,NOVO,v,,,,,04/10/2026 20:56:15,sim
1,04/10/2026,6257,Presidente,1,municipio,RN,16853,2404408,GROSSOS,,,,,UNIDADE POPULAR,i,UP,0,80,UP,UNIDADE POPULAR,,80,280002538811,SAMARA MARTINS DA SILVA FEITOSA,SAMARA,31/08/1987,7,Válido,nao,,2,0.03,0.025697032,RAQUEL NONATO DE BRICIO,RAQUEL BRÍCIO,UP,v,,,,,04/10/2026 20:56:15,sim
1,04/10/2026,6257,Presidente,1,municipio,RN,16853,2404408,GROSSOS,,,,,DEMOCRATA,i,DEMOCRATA,0,35,DEMOCRATA,DEMOCRATA,,35,280002548139,WILSON GRASSI JUNIOR,VETERINÁRIO WILSON GRASSI,13/03/1970,11,Válido,nao,,0,0.00,0,SUÊD HAIDAR NOGUEIRA,SUÊD HAIDAR,DEMOCRATA,v,,,,,04/10/2026 20:56:15,sim
1,04/10/2026,6257,Presidente,1,municipio,RN,16853,2404408,GROSSOS,,,,,PARTIDO MISSÃO,i,MISSÃO,0,14,MISSÃO,PARTIDO MISSÃO,,14,280002540694,RENAN ANTONIO FERREIRA DOS SANTOS,RENAN SANTOS,14/02/1984,4,Válido,nao,,107,1.37,1.374791212,AROLDO MEDINA,CORONEL MEDINA,MISSÃO,v,,,,,04/10/2026 20:56:15,sim
1,04/10/2026,6257,Presidente,1,municipio,RN,16853,2404408,GROSSOS,,,,,PARTIDO DA CAUSA OPERÁRIA,i,PCO,0,29,PCO,PARTIDO DA CAUSA OPERÁRIA,,29,280002552487,RUI COSTA PIMENTA,RUI COSTA PIMENTA,25/06/1957,12,Válido,nao,,0,0.00,0,ANTONIO CARLOS SILVA,ANTÔNIO CARLOS,PCO,v,,,,,04/10/2026 20:56:15,sim
1,04/10/2026,6257,Presidente,1,municipio,RN,16870,2404507,GUAMARÉ,,,,,PARTIDO LIBERAL,i,PL,0,22,PL,PARTIDO LIBERAL,,22,280002551544,FLAVIO NANTES BOLSONARO,FLAVIO BOLSONARO,30/04/1981,1,Válido,nao,,3479,30.10,30.097759322,ALFREDO GASPAR DE MENDONÇA NETO,ALFREDO GASPAR,PL,v,,,,,04/10/2026 20:27:07,sim
1,04/10/2026,6257,Presidente,1,municipio,RN,16870,2404507,GUAMARÉ,,,,,PARTIDO SOCIAL DEMOCRÁTICO,i,PSD,0,55,PSD,PARTIDO SOCIAL DEMOCRÁTICO,,55,280002551932,RONALDO RAMOS CAIADO,RONALDO CAIADO,25/09/1949,5,Válido,nao,,74,0.64,0.640193788,GILBERTO KASSAB,GILBERTO KASSAB,PSD,v,,,,,04/10/2026 20:27:07,sim
1,04/10/2026,6257,Presidente,1,municipio,RN,16870,2404507,GUAMARÉ,,PT/PC do B/PV,FEDERAÇÃO BRASIL DA ESPERANÇA - FE BRASIL,PT/PC do B/PV,BRASIL PRONTO PRA MAIS,c,PSB / PDT / PCDOB / PT / PV / PSOL / REDE,,13,PT,PARTIDO DOS TRABALHADORES,101,13,280002542548,LUIZ INÁCIO LULA DA SILVA,LULA,06/10/1945,2,Válido,nao,,7385,63.89,63.889609828,GERALDO JOSE RODRIGUES ALCKMIN FILHO,GERALDO ALCKMIN,PSB,v,,,,,04/10/2026 20:27:07,sim
1,04/10/2026,6257,Presidente,1,municipio,RN,16870,2404507,GUAMARÉ,,,,,DEMOCRACIA CRISTÃ,i,DC,0,27,DC,DEMOCRACIA CRISTÃ,,27,280002552484,CLARIANA ZACARKIM BARAO,CLARIANA BARAO,03/04/1987,9,Válido,nao,,2,0.02,0.017302535,FABIANA CRISTINA TAVARES TORQUATO,FABIANA TORQUATO,DC,v,,,,,04/10/2026 20:27:07,sim
1,04/10/2026,6257,Presidente,1,municipio,RN,16870,2404507,GUAMARÉ,,,,,PARTIDO COMUNISTA BRASILEIRO,i,PCB,0,21,PCB,PARTIDO COMUNISTA BRASILEIRO,,21,280002551975,EDMILSON SILVA COSTA,EDMILSON COSTA,08/04/1950,10,Válido,nao,,2,0.02,0.017302535,CLEUSA DOS SANTOS,CLEUSA SANTOS,PCB,v,,,,,04/10/2026 20:27:07,sim
1,04/10/2026,6257,Presidente,1,municipio,RN,16870,2404507,GUAMARÉ,,,,,PARTIDO SOCIALISTA  DOS TRABALHADORES UNIFICADO,i,PSTU,0,16,PSTU,PARTIDO SOCIALISTA  DOS TRABALHADORES UNIFICADO,,16,280002541457,HERTZ DA CONCEICAO DIAS,HERTZ DIAS,20/10/1970,8,Válido,nao,,1,0.01,0.008651267,VANESSA PORTUGAL BARBOSA,VANESSA PORTUGAL,PSTU,v,,,,,04/10/2026 20:27:07,sim
1,04/10/2026,6257,Presidente,1,municipio,RN,16870,2404507,GUAMARÉ,,,,,BRASIL DOS NOSSOS SONHOS,c,AGIR / AVANTE,,70,AVANTE,AVANTE,,70,280002551547,AUGUSTO JORGE CURY,ESCRITOR AUGUSTO CURY,02/10/1958,3,Válido,nao,,451,3.90,3.901721602,JULIO CESAR DELGADO,JÚLIO DELGADO,AVANTE,v,,,,,04/10/2026 20:27:07,sim
1,04/10/2026,6257,Presidente,1,municipio,RN,16870,2404507,GUAMARÉ,,,,,PARTIDO NOVO,i,NOVO,0,30,NOVO,PARTIDO NOVO,,30,280002539826,ROMEU ZEMA NETO,ZEMA,28/10/1964,6,Válido,nao,,4,0.03,0.034605070,LUIS EDUARDO GRANGEIRO GIRÃO,EDUARDO GIRÃO,NOVO,v,,,,,04/10/2026 20:27:07,sim
1,04/10/2026,6257,Presidente,1,municipio,RN,16870,2404507,GUAMARÉ,,,,,UNIDADE POPULAR,i,UP,0,80,UP,UNIDADE POPULAR,,80,280002538811,SAMARA MARTINS DA SILVA FEITOSA,SAMARA,31/08/1987,7,Válido,nao,,2,0.02,0.017302535,RAQUEL NONATO DE BRICIO,RAQUEL BRÍCIO,UP,v,,,,,04/10/2026 20:27:07,sim
1,04/10/2026,6257,Presidente,1,municipio,RN,16870,2404507,GUAMARÉ,,,,,DEMOCRATA,i,DEMOCRATA,0,35,DEMOCRATA,DEMOCRATA,,35,280002548139,WILSON GRASSI JUNIOR,VETERINÁRIO WILSON GRASSI,13/03/1970,11,Válido,nao,,2,0.02,0.017302535,SUÊD HAIDAR NOGUEIRA,SUÊD HAIDAR,DEMOCRATA,v,,,,,04/10/2026 20:27:07,sim
1,04/10/2026,6257,Presidente,1,municipio,RN,16870,2404507,GUAMARÉ,,,,,PARTIDO MISSÃO,i,MISSÃO,0,14,MISSÃO,PARTIDO MISSÃO,,14,280002540694,RENAN ANTONIO FERREIRA DOS SANTOS,RENAN SANTOS,14/02/1984,4,Válido,nao,,156,1.35,1.349597716,AROLDO MEDINA,CORONEL MEDINA,MISSÃO,v,,,,,04/10/2026 20:27:07,sim
1,04/10/2026,6257,Presidente,1,municipio,RN,16870,2404507,GUAMARÉ,,,,,PARTIDO DA CAUSA OPERÁRIA,i,PCO,0,29,PCO,PARTIDO DA CAUSA OPERÁRIA,,29,280002552487,RUI COSTA PIMENTA,RUI COSTA PIMENTA,25/06/1957,12,Válido,nao,,1,0.01,0.008651267,ANTONIO CARLOS SILVA,ANTÔNIO CARLOS,PCO,v,,,,,04/10/2026 20:27:07,sim
1,04/10/2026,6257,Presidente,1,municipio,RN,16896,2404606,IELMO MARINHO,,,,,PARTIDO LIBERAL,i,PL,0,22,PL,PARTIDO LIBERAL,,22,280002551544,FLAVIO NANTES BOLSONARO,FLAVIO BOLSONARO,30/04/1981,1,Válido,nao,,2811,29.84,29.843932477,ALFREDO GASPAR DE MENDONÇA NETO,ALFREDO GASPAR,PL,v,,,,,04/10/2026 21:00:21,sim
1,04/10/2026,6257,Presidente,1,municipio,RN,16896,2404606,IELMO MARINHO,,,,,PARTIDO SOCIAL DEMOCRÁTICO,i,PSD,0,55,PSD,PARTIDO SOCIAL DEMOCRÁTICO,,55,280002551932,RONALDO RAMOS CAIADO,RONALDO CAIADO,25/09/1949,5,Válido,nao,,64,0.68,0.679477652,GILBERTO KASSAB,GILBERTO KASSAB,PSD,v,,,,,04/10/2026 21:00:21,sim
1,04/10/2026,6257,Presidente,1,municipio,RN,16896,2404606,IELMO MARINHO,,PT/PC do B/PV,FEDERAÇÃO BRASIL DA ESPERANÇA - FE BRASIL,PT/PC do B/PV,BRASIL PRONTO PRA MAIS,c,PSB / PDT / PCDOB / PT / PV / PSOL / REDE,,13,PT,PARTIDO DOS TRABALHADORES,101,13,280002542548,LUIZ INÁCIO LULA DA SILVA,LULA,06/10/1945,2,Válido,nao,,6124,65.02,65.017517783,GERALDO JOSE RODRIGUES ALCKMIN FILHO,GERALDO ALCKMIN,PSB,v,,,,,04/10/2026 21:00:21,sim
1,04/10/2026,6257,Presidente,1,municipio,RN,16896,2404606,IELMO MARINHO,,,,,DEMOCRACIA CRISTÃ,i,DC,0,27,DC,DEMOCRACIA CRISTÃ,,27,280002552484,CLARIANA ZACARKIM BARAO,CLARIANA BARAO,03/04/1987,9,Válido,nao,,0,0.00,0,FABIANA CRISTINA TAVARES TORQUATO,FABIANA TORQUATO,DC,v,,,,,04/10/2026 21:00:21,sim
1,04/10/2026,6257,Presidente,1,municipio,RN,16896,2404606,IELMO MARINHO,,,,,PARTIDO COMUNISTA BRASILEIRO,i,PCB,0,21,PCB,PARTIDO COMUNISTA BRASILEIRO,,21,280002551975,EDMILSON SILVA COSTA,EDMILSON COSTA,08/04/1950,10,Válido,nao,,0,0.00,0,CLEUSA DOS SANTOS,CLEUSA SANTOS,PCB,v,,,,,04/10/2026 21:00:21,sim
1,04/10/2026,6257,Presidente,1,municipio,RN,16896,2404606,IELMO MARINHO,,,,,PARTIDO SOCIALISTA  DOS TRABALHADORES UNIFICADO,i,PSTU,0,16,PSTU,PARTIDO SOCIALISTA  DOS TRABALHADORES UNIFICADO,,16,280002541457,HERTZ DA CONCEICAO DIAS,HERTZ DIAS,20/10/1970,8,Válido,nao,,2,0.02,0.021233677,VANESSA PORTUGAL BARBOSA,VANESSA PORTUGAL,PSTU,v,,,,,04/10/2026 21:00:21,sim
1,04/10/2026,6257,Presidente,1,municipio,RN,16896,2404606,IELMO MARINHO,,,,,BRASIL DOS NOSSOS SONHOS,c,AGIR / AVANTE,,70,AVANTE,AVANTE,,70,280002551547,AUGUSTO JORGE CURY,ESCRITOR AUGUSTO CURY,02/10/1958,3,Válido,nao,,324,3.44,3.439855611,JULIO CESAR DELGADO,JÚLIO DELGADO,AVANTE,v,,,,,04/10/2026 21:00:21,sim
1,04/10/2026,6257,Presidente,1,municipio,RN,16896,2404606,IELMO MARINHO,,,,,PARTIDO NOVO,i,NOVO,0,30,NOVO,PARTIDO NOVO,,30,280002539826,ROMEU ZEMA NETO,ZEMA,28/10/1964,6,Válido,nao,,1,0.01,0.010616838,LUIS EDUARDO GRANGEIRO GIRÃO,EDUARDO GIRÃO,NOVO,v,,,,,04/10/2026 21:00:21,sim
1,04/10/2026,6257,Presidente,1,municipio,RN,16896,2404606,IELMO MARINHO,,,,,UNIDADE POPULAR,i,UP,0,80,UP,UNIDADE POPULAR,,80,280002538811,SAMARA MARTINS DA SILVA FEITOSA,SAMARA,31/08/1987,7,Válido,nao,,1,0.01,0.010616838,RAQUEL NONATO DE BRICIO,RAQUEL BRÍCIO,UP,v,,,,,04/10/2026 21:00:21,sim
1,04/10/2026,6257,Presidente,1,municipio,RN,16896,2404606,IELMO MARINHO,,,,,DEMOCRATA,i,DEMOCRATA,0,35,DEMOCRATA,DEMOCRATA,,35,280002548139,WILSON GRASSI JUNIOR,VETERINÁRIO WILSON GRASSI,13/03/1970,11,Válido,nao,,0,0.00,0,SUÊD HAIDAR NOGUEIRA,SUÊD HAIDAR,DEMOCRATA,v,,,,,04/10/2026 21:00:21,sim
1,04/10/2026,6257,Presidente,1,municipio,RN,16896,2404606,IELMO MARINHO,,,,,PARTIDO MISSÃO,i,MISSÃO,0,14,MISSÃO,PARTIDO MISSÃO,,14,280002540694,RENAN ANTONIO FERREIRA DOS SANTOS,RENAN SANTOS,14/02/1984,4,Válido,nao,,92,0.98,0.976749124,AROLDO MEDINA,CORONEL MEDINA,MISSÃO,v,,,,,04/10/2026 21:00:21,sim
1,04/10/2026,6257,Presidente,1,municipio,RN,16896,2404606,IELMO MARINHO,,,,,PARTIDO DA CAUSA OPERÁRIA,i,PCO,0,29,PCO,PARTIDO DA CAUSA OPERÁRIA,,29,280002552487,RUI COSTA PIMENTA,RUI COSTA PIMENTA,25/06/1957,12,Válido,nao,,0,0.00,0,ANTONIO CARLOS SILVA,ANTÔNIO CARLOS,PCO,v,,,,,04/10/2026 21:00:21,sim
1,04/10/2026,6257,Presidente,1,municipio,RN,16918,2404705,IPANGUAÇU,,,,,PARTIDO LIBERAL,i,PL,0,22,PL,PARTIDO LIBERAL,,22,280002551544,FLAVIO NANTES BOLSONARO,FLAVIO BOLSONARO,30/04/1981,1,Válido,nao,,2301,22.83,22.827380952,ALFREDO GASPAR DE MENDONÇA NETO,ALFREDO GASPAR,PL,v,,,,,04/10/2026 20:33:38,sim
1,04/10/2026,6257,Presidente,1,municipio,RN,16918,2404705,IPANGUAÇU,,,,,PARTIDO SOCIAL DEMOCRÁTICO,i,PSD,0,55,PSD,PARTIDO SOCIAL DEMOCRÁTICO,,55,280002551932,RONALDO RAMOS CAIADO,RONALDO CAIADO,25/09/1949,5,Válido,nao,,28,0.28,0.277777778,GILBERTO KASSAB,GILBERTO KASSAB,PSD,v,,,,,04/10/2026 20:33:38,sim
1,04/10/2026,6257,Presidente,1,municipio,RN,16918,2404705,IPANGUAÇU,,PT/PC do B/PV,FEDERAÇÃO BRASIL DA ESPERANÇA - FE BRASIL,PT/PC do B/PV,BRASIL PRONTO PRA MAIS,c,PSB / PDT / PCDOB / PT / PV / PSOL / REDE,,13,PT,PARTIDO DOS TRABALHADORES,101,13,280002542548,LUIZ INÁCIO LULA DA SILVA,LULA,06/10/1945,2,Válido,nao,,7437,73.78,73.779761905,GERALDO JOSE RODRIGUES ALCKMIN FILHO,GERALDO ALCKMIN,PSB,v,,,,,04/10/2026 20:33:38,sim
1,04/10/2026,6257,Presidente,1,municipio,RN,16918,2404705,IPANGUAÇU,,,,,DEMOCRACIA CRISTÃ,i,DC,0,27,DC,DEMOCRACIA CRISTÃ,,27,280002552484,CLARIANA ZACARKIM BARAO,CLARIANA BARAO,03/04/1987,9,Válido,nao,,3,0.03,0.029761905,FABIANA CRISTINA TAVARES TORQUATO,FABIANA TORQUATO,DC,v,,,,,04/10/2026 20:33:38,sim
1,04/10/2026,6257,Presidente,1,municipio,RN,16918,2404705,IPANGUAÇU,,,,,PARTIDO COMUNISTA BRASILEIRO,i,PCB,0,21,PCB,PARTIDO COMUNISTA BRASILEIRO,,21,280002551975,EDMILSON SILVA COSTA,EDMILSON COSTA,08/04/1950,10,Válido,nao,,0,0.00,0,CLEUSA DOS SANTOS,CLEUSA SANTOS,PCB,v,,,,,04/10/2026 20:33:38,sim
1,04/10/2026,6257,Presidente,1,municipio,RN,16918,2404705,IPANGUAÇU,,,,,PARTIDO SOCIALISTA  DOS TRABALHADORES UNIFICADO,i,PSTU,0,16,PSTU,PARTIDO SOCIALISTA  DOS TRABALHADORES UNIFICADO,,16,280002541457,HERTZ DA CONCEICAO DIAS,HERTZ DIAS,20/10/1970,8,Válido,nao,,1,0.01,0.009920635,VANESSA PORTUGAL BARBOSA,VANESSA PORTUGAL,PSTU,v,,,,,04/10/2026 20:33:38,sim
1,04/10/2026,6257,Presidente,1,municipio,RN,16918,2404705,IPANGUAÇU,,,,,BRASIL DOS NOSSOS SONHOS,c,AGIR / AVANTE,,70,AVANTE,AVANTE,,70,280002551547,AUGUSTO JORGE CURY,ESCRITOR AUGUSTO CURY,02/10/1958,3,Válido,nao,,172,1.71,1.706349206,JULIO CESAR DELGADO,JÚLIO DELGADO,AVANTE,v,,,,,04/10/2026 20:33:38,sim
1,04/10/2026,6257,Presidente,1,municipio,RN,16918,2404705,IPANGUAÇU,,,,,PARTIDO NOVO,i,NOVO,0,30,NOVO,PARTIDO NOVO,,30,280002539826,ROMEU ZEMA NETO,ZEMA,28/10/1964,6,Válido,nao,,7,0.07,0.069444444,LUIS EDUARDO GRANGEIRO GIRÃO,EDUARDO GIRÃO,NOVO,v,,,,,04/10/2026 20:33:38,sim
1,04/10/2026,6257,Presidente,1,municipio,RN,16918,2404705,IPANGUAÇU,,,,,UNIDADE POPULAR,i,UP,0,80,UP,UNIDADE POPULAR,,80,280002538811,SAMARA MARTINS DA SILVA FEITOSA,SAMARA,31/08/1987,7,Válido,nao,,0,0.00,0,RAQUEL NONATO DE BRICIO,RAQUEL BRÍCIO,UP,v,,,,,04/10/2026 20:33:38,sim
1,04/10/2026,6257,Presidente,1,municipio,RN,16918,2404705,IPANGUAÇU,,,,,DEMOCRATA,i,DEMOCRATA,0,35,DEMOCRATA,DEMOCRATA,,35,280002548139,WILSON GRASSI JUNIOR,VETERINÁRIO WILSON GRASSI,13/03/1970,11,Válido,nao,,1,0.01,0.009920635,SUÊD HAIDAR NOGUEIRA,SUÊD HAIDAR,DEMOCRATA,v,,,,,04/10/2026 20:33:38,sim
1,04/10/2026,6257,Presidente,1,municipio,RN,16918,2404705,IPANGUAÇU,,,,,PARTIDO MISSÃO,i,MISSÃO,0,14,MISSÃO,PARTIDO MISSÃO,,14,280002540694,RENAN ANTONIO FERREIRA DOS SANTOS,RENAN SANTOS,14/02/1984,4,Válido,nao,,130,1.29,1.289682540,AROLDO MEDINA,CORONEL MEDINA,MISSÃO,v,,,,,04/10/2026 20:33:38,sim
1,04/10/2026,6257,Presidente,1,municipio,RN,16918,2404705,IPANGUAÇU,,,,,PARTIDO DA CAUSA OPERÁRIA,i,PCO,0,29,PCO,PARTIDO DA CAUSA OPERÁRIA,,29,280002552487,RUI COSTA PIMENTA,RUI COSTA PIMENTA,25/06/1957,12,Válido,nao,,0,0.00,0,ANTONIO CARLOS SILVA,ANTÔNIO CARLOS,PCO,v,,,,,04/10/2026 20:33:38,sim
1,04/10/2026,6257,Presidente,1,municipio,RN,16934,2404804,IPUEIRA,,,,,PARTIDO LIBERAL,i,PL,0,22,PL,PARTIDO LIBERAL,,22,280002551544,FLAVIO NANTES BOLSONARO,FLAVIO BOLSONARO,30/04/1981,1,Válido,nao,,441,24.64,24.636871508,ALFREDO GASPAR DE MENDONÇA NETO,ALFREDO GASPAR,PL,v,,,,,04/10/2026 19:16:13,sim
1,04/10/2026,6257,Presidente,1,municipio,RN,16934,2404804,IPUEIRA,,,,,PARTIDO SOCIAL DEMOCRÁTICO,i,PSD,0,55,PSD,PARTIDO SOCIAL DEMOCRÁTICO,,55,280002551932,RONALDO RAMOS CAIADO,RONALDO CAIADO,25/09/1949,5,Válido,nao,,13,0.73,0.726256983,GILBERTO KASSAB,GILBERTO KASSAB,PSD,v,,,,,04/10/2026 19:16:13,sim
1,04/10/2026,6257,Presidente,1,municipio,RN,16934,2404804,IPUEIRA,,PT/PC do B/PV,FEDERAÇÃO BRASIL DA ESPERANÇA - FE BRASIL,PT/PC do B/PV,BRASIL PRONTO PRA MAIS,c,PSB / PDT / PCDOB / PT / PV / PSOL / REDE,,13,PT,PARTIDO DOS TRABALHADORES,101,13,280002542548,LUIZ INÁCIO LULA DA SILVA,LULA,06/10/1945,2,Válido,nao,,1276,71.28,71.284916201,GERALDO JOSE RODRIGUES ALCKMIN FILHO,GERALDO ALCKMIN,PSB,v,,,,,04/10/2026 19:16:13,sim
1,04/10/2026,6257,Presidente,1,municipio,RN,16934,2404804,IPUEIRA,,,,,DEMOCRACIA CRISTÃ,i,DC,0,27,DC,DEMOCRACIA CRISTÃ,,27,280002552484,CLARIANA ZACARKIM BARAO,CLARIANA BARAO,03/04/1987,9,Válido,nao,,0,0.00,0,FABIANA CRISTINA TAVARES TORQUATO,FABIANA TORQUATO,DC,v,,,,,04/10/2026 19:16:13,sim
1,04/10/2026,6257,Presidente,1,municipio,RN,16934,2404804,IPUEIRA,,,,,PARTIDO COMUNISTA BRASILEIRO,i,PCB,0,21,PCB,PARTIDO COMUNISTA BRASILEIRO,,21,280002551975,EDMILSON SILVA COSTA,EDMILSON COSTA,08/04/1950,10,Válido,nao,,0,0.00,0,CLEUSA DOS SANTOS,CLEUSA SANTOS,PCB,v,,,,,04/10/2026 19:16:13,sim
1,04/10/2026,6257,Presidente,1,municipio,RN,16934,2404804,IPUEIRA,,,,,PARTIDO SOCIALISTA  DOS TRABALHADORES UNIFICADO,i,PSTU,0,16,PSTU,PARTIDO SOCIALISTA  DOS TRABALHADORES UNIFICADO,,16,280002541457,HERTZ DA CONCEICAO DIAS,HERTZ DIAS,20/10/1970,8,Válido,nao,,0,0.00,0,VANESSA PORTUGAL BARBOSA,VANESSA PORTUGAL,PSTU,v,,,,,04/10/2026 19:16:13,sim
1,04/10/2026,6257,Presidente,1,municipio,RN,16934,2404804,IPUEIRA,,,,,BRASIL DOS NOSSOS SONHOS,c,AGIR / AVANTE,,70,AVANTE,AVANTE,,70,280002551547,AUGUSTO JORGE CURY,ESCRITOR AUGUSTO CURY,02/10/1958,3,Válido,nao,,44,2.46,2.458100559,JULIO CESAR DELGADO,JÚLIO DELGADO,AVANTE,v,,,,,04/10/2026 19:16:13,sim
1,04/10/2026,6257,Presidente,1,municipio,RN,16934,2404804,IPUEIRA,,,,,PARTIDO NOVO,i,NOVO,0,30,NOVO,PARTIDO NOVO,,30,280002539826,ROMEU ZEMA NETO,ZEMA,28/10/1964,6,Válido,nao,,0,0.00,0,LUIS EDUARDO GRANGEIRO GIRÃO,EDUARDO GIRÃO,NOVO,v,,,,,04/10/2026 19:16:13,sim
1,04/10/2026,6257,Presidente,1,municipio,RN,16934,2404804,IPUEIRA,,,,,UNIDADE POPULAR,i,UP,0,80,UP,UNIDADE POPULAR,,80,280002538811,SAMARA MARTINS DA SILVA FEITOSA,SAMARA,31/08/1987,7,Válido,nao,,0,0.00,0,RAQUEL NONATO DE BRICIO,RAQUEL BRÍCIO,UP,v,,,,,04/10/2026 19:16:13,sim
1,04/10/2026,6257,Presidente,1,municipio,RN,16934,2404804,IPUEIRA,,,,,DEMOCRATA,i,DEMOCRATA,0,35,DEMOCRATA,DEMOCRATA,,35,280002548139,WILSON GRASSI JUNIOR,VETERINÁRIO WILSON GRASSI,13/03/1970,11,Válido,nao,,0,0.00,0,SUÊD HAIDAR NOGUEIRA,SUÊD HAIDAR,DEMOCRATA,v,,,,,04/10/2026 19:16:13,sim
1,04/10/2026,6257,Presidente,1,municipio,RN,16934,2404804,IPUEIRA,,,,,PARTIDO MISSÃO,i,MISSÃO,0,14,MISSÃO,PARTIDO MISSÃO,,14,280002540694,RENAN ANTONIO FERREIRA DOS SANTOS,RENAN SANTOS,14/02/1984,4,Válido,nao,,16,0.89,0.893854749,AROLDO MEDINA,CORONEL MEDINA,MISSÃO,v,,,,,04/10/2026 19:16:13,sim
1,04/10/2026,6257,Presidente,1,municipio,RN,16934,2404804,IPUEIRA,,,,,PARTIDO DA CAUSA OPERÁRIA,i,PCO,0,29,PCO,PARTIDO DA CAUSA OPERÁRIA,,29,280002552487,RUI COSTA PIMENTA,RUI COSTA PIMENTA,25/06/1957,12,Válido,nao,,0,0.00,0,ANTONIO CARLOS SILVA,ANTÔNIO CARLOS,PCO,v,,,,,04/10/2026 19:16:13,sim
1,04/10/2026,6257,Presidente,1,municipio,RN,16950,2404903,ITAÚ,,,,,PARTIDO LIBERAL,i,PL,0,22,PL,PARTIDO LIBERAL,,22,280002551544,FLAVIO NANTES BOLSONARO,FLAVIO BOLSONARO,30/04/1981,1,Válido,nao,,976,23.80,23.799073397,ALFREDO GASPAR DE MENDONÇA NETO,ALFREDO GASPAR,PL,v,,,,,04/10/2026 18:57:35,sim
1,04/10/2026,6257,Presidente,1,municipio,RN,16950,2404903,ITAÚ,,,,,PARTIDO SOCIAL DEMOCRÁTICO,i,PSD,0,55,PSD,PARTIDO SOCIAL DEMOCRÁTICO,,55,280002551932,RONALDO RAMOS CAIADO,RONALDO CAIADO,25/09/1949,4,Válido,nao,,24,0.59,0.585223116,GILBERTO KASSAB,GILBERTO KASSAB,PSD,v,,,,,04/10/2026 18:57:35,sim
1,04/10/2026,6257,Presidente,1,municipio,RN,16950,2404903,ITAÚ,,PT/PC do B/PV,FEDERAÇÃO BRASIL DA ESPERANÇA - FE BRASIL,PT/PC do B/PV,BRASIL PRONTO PRA MAIS,c,PSB / PDT / PCDOB / PT / PV / PSOL / REDE,,13,PT,PARTIDO DOS TRABALHADORES,101,13,280002542548,LUIZ INÁCIO LULA DA SILVA,LULA,06/10/1945,2,Válido,nao,,2930,71.45,71.445988783,GERALDO JOSE RODRIGUES ALCKMIN FILHO,GERALDO ALCKMIN,PSB,v,,,,,04/10/2026 18:57:35,sim
1,04/10/2026,6257,Presidente,1,municipio,RN,16950,2404903,ITAÚ,,,,,DEMOCRACIA CRISTÃ,i,DC,0,27,DC,DEMOCRACIA CRISTÃ,,27,280002552484,CLARIANA ZACARKIM BARAO,CLARIANA BARAO,03/04/1987,9,Válido,nao,,0,0.00,0,FABIANA CRISTINA TAVARES TORQUATO,FABIANA TORQUATO,DC,v,,,,,04/10/2026 18:57:35,sim
1,04/10/2026,6257,Presidente,1,municipio,RN,16950,2404903,ITAÚ,,,,,PARTIDO COMUNISTA BRASILEIRO,i,PCB,0,21,PCB,PARTIDO COMUNISTA BRASILEIRO,,21,280002551975,EDMILSON SILVA COSTA,EDMILSON COSTA,08/04/1950,10,Válido,nao,,0,0.00,0,CLEUSA DOS SANTOS,CLEUSA SANTOS,PCB,v,,,,,04/10/2026 18:57:35,sim
1,04/10/2026,6257,Presidente,1,municipio,RN,16950,2404903,ITAÚ,,,,,PARTIDO SOCIALISTA  DOS TRABALHADORES UNIFICADO,i,PSTU,0,16,PSTU,PARTIDO SOCIALISTA  DOS TRABALHADORES UNIFICADO,,16,280002541457,HERTZ DA CONCEICAO DIAS,HERTZ DIAS,20/10/1970,8,Válido,nao,,2,0.05,0.048768593,VANESSA PORTUGAL BARBOSA,VANESSA PORTUGAL,PSTU,v,,,,,04/10/2026 18:57:35,sim
1,04/10/2026,6257,Presidente,1,municipio,RN,16950,2404903,ITAÚ,,,,,BRASIL DOS NOSSOS SONHOS,c,AGIR / AVANTE,,70,AVANTE,AVANTE,,70,280002551547,AUGUSTO JORGE CURY,ESCRITOR AUGUSTO CURY,02/10/1958,3,Válido,nao,,102,2.49,2.487198244,JULIO CESAR DELGADO,JÚLIO DELGADO,AVANTE,v,,,,,04/10/2026 18:57:35,sim
1,04/10/2026,6257,Presidente,1,municipio,RN,16950,2404903,ITAÚ,,,,,PARTIDO NOVO,i,NOVO,0,30,NOVO,PARTIDO NOVO,,30,280002539826,ROMEU ZEMA NETO,ZEMA,28/10/1964,6,Válido,nao,,0,0.00,0,LUIS EDUARDO GRANGEIRO GIRÃO,EDUARDO GIRÃO,NOVO,v,,,,,04/10/2026 18:57:35,sim
1,04/10/2026,6257,Presidente,1,municipio,RN,16950,2404903,ITAÚ,,,,,UNIDADE POPULAR,i,UP,0,80,UP,UNIDADE POPULAR,,80,280002538811,SAMARA MARTINS DA SILVA FEITOSA,SAMARA,31/08/1987,7,Válido,nao,,0,0.00,0,RAQUEL NONATO DE BRICIO,RAQUEL BRÍCIO,UP,v,,,,,04/10/2026 18:57:35,sim
1,04/10/2026,6257,Presidente,1,municipio,RN,16950,2404903,ITAÚ,,,,,DEMOCRATA,i,DEMOCRATA,0,35,DEMOCRATA,DEMOCRATA,,35,280002548139,WILSON GRASSI JUNIOR,VETERINÁRIO WILSON GRASSI,13/03/1970,11,Válido,nao,,0,0.00,0,SUÊD HAIDAR NOGUEIRA,SUÊD HAIDAR,DEMOCRATA,v,,,,,04/10/2026 18:57:35,sim
1,04/10/2026,6257,Presidente,1,municipio,RN,16950,2404903,ITAÚ,,,,,PARTIDO MISSÃO,i,MISSÃO,0,14,MISSÃO,PARTIDO MISSÃO,,14,280002540694,RENAN ANTONIO FERREIRA DOS SANTOS,RENAN SANTOS,14/02/1984,5,Válido,nao,,67,1.63,1.633747866,AROLDO MEDINA,CORONEL MEDINA,MISSÃO,v,,,,,04/10/2026 18:57:35,sim
1,04/10/2026,6257,Presidente,1,municipio,RN,16950,2404903,ITAÚ,,,,,PARTIDO DA CAUSA OPERÁRIA,i,PCO,0,29,PCO,PARTIDO DA CAUSA OPERÁRIA,,29,280002552487,RUI COSTA PIMENTA,RUI COSTA PIMENTA,25/06/1957,12,Válido,nao,,0,0.00,0,ANTONIO CARLOS SILVA,ANTÔNIO CARLOS,PCO,v,,,,,04/10/2026 18:57:35,sim
1,04/10/2026,6257,Presidente,1,municipio,RN,16977,2405009,JAÇANÃ,,,,,PARTIDO LIBERAL,i,PL,0,22,PL,PARTIDO LIBERAL,,22,280002551544,FLAVIO NANTES BOLSONARO,FLAVIO BOLSONARO,30/04/1981,1,Válido,nao,,1293,25.90,25.901442308,ALFREDO GASPAR DE MENDONÇA NETO,ALFREDO GASPAR,PL,v,,,,,04/10/2026 19:20:57,sim
1,04/10/2026,6257,Presidente,1,municipio,RN,16977,2405009,JAÇANÃ,,,,,PARTIDO SOCIAL DEMOCRÁTICO,i,PSD,0,55,PSD,PARTIDO SOCIAL DEMOCRÁTICO,,55,280002551932,RONALDO RAMOS CAIADO,RONALDO CAIADO,25/09/1949,5,Válido,nao,,42,0.84,0.841346154,GILBERTO KASSAB,GILBERTO KASSAB,PSD,v,,,,,04/10/2026 19:20:57,sim
1,04/10/2026,6257,Presidente,1,municipio,RN,16977,2405009,JAÇANÃ,,PT/PC do B/PV,FEDERAÇÃO BRASIL DA ESPERANÇA - FE BRASIL,PT/PC do B/PV,BRASIL PRONTO PRA MAIS,c,PSB / PDT / PCDOB / PT / PV / PSOL / REDE,,13,PT,PARTIDO DOS TRABALHADORES,101,13,280002542548,LUIZ INÁCIO LULA DA SILVA,LULA,06/10/1945,2,Válido,nao,,3488,69.87,69.871794872,GERALDO JOSE RODRIGUES ALCKMIN FILHO,GERALDO ALCKMIN,PSB,v,,,,,04/10/2026 19:20:57,sim
1,04/10/2026,6257,Presidente,1,municipio,RN,16977,2405009,JAÇANÃ,,,,,DEMOCRACIA CRISTÃ,i,DC,0,27,DC,DEMOCRACIA CRISTÃ,,27,280002552484,CLARIANA ZACARKIM BARAO,CLARIANA BARAO,03/04/1987,9,Válido,nao,,0,0.00,0,FABIANA CRISTINA TAVARES TORQUATO,FABIANA TORQUATO,DC,v,,,,,04/10/2026 19:20:57,sim
1,04/10/2026,6257,Presidente,1,municipio,RN,16977,2405009,JAÇANÃ,,,,,PARTIDO COMUNISTA BRASILEIRO,i,PCB,0,21,PCB,PARTIDO COMUNISTA BRASILEIRO,,21,280002551975,EDMILSON SILVA COSTA,EDMILSON COSTA,08/04/1950,10,Válido,nao,,1,0.02,0.020032051,CLEUSA DOS SANTOS,CLEUSA SANTOS,PCB,v,,,,,04/10/2026 19:20:57,sim
1,04/10/2026,6257,Presidente,1,municipio,RN,16977,2405009,JAÇANÃ,,,,,PARTIDO SOCIALISTA  DOS TRABALHADORES UNIFICADO,i,PSTU,0,16,PSTU,PARTIDO SOCIALISTA  DOS TRABALHADORES UNIFICADO,,16,280002541457,HERTZ DA CONCEICAO DIAS,HERTZ DIAS,20/10/1970,8,Válido,nao,,6,0.12,0.120192308,VANESSA PORTUGAL BARBOSA,VANESSA PORTUGAL,PSTU,v,,,,,04/10/2026 19:20:57,sim
1,04/10/2026,6257,Presidente,1,municipio,RN,16977,2405009,JAÇANÃ,,,,,BRASIL DOS NOSSOS SONHOS,c,AGIR / AVANTE,,70,AVANTE,AVANTE,,70,280002551547,AUGUSTO JORGE CURY,ESCRITOR AUGUSTO CURY,02/10/1958,3,Válido,nao,,115,2.30,2.303685897,JULIO CESAR DELGADO,JÚLIO DELGADO,AVANTE,v,,,,,04/10/2026 19:20:57,sim
1,04/10/2026,6257,Presidente,1,municipio,RN,16977,2405009,JAÇANÃ,,,,,PARTIDO NOVO,i,NOVO,0,30,NOVO,PARTIDO NOVO,,30,280002539826,ROMEU ZEMA NETO,ZEMA,28/10/1964,6,Válido,nao,,1,0.02,0.020032051,LUIS EDUARDO GRANGEIRO GIRÃO,EDUARDO GIRÃO,NOVO,v,,,,,04/10/2026 19:20:57,sim
1,04/10/2026,6257,Presidente,1,municipio,RN,16977,2405009,JAÇANÃ,,,,,UNIDADE POPULAR,i,UP,0,80,UP,UNIDADE POPULAR,,80,280002538811,SAMARA MARTINS DA SILVA FEITOSA,SAMARA,31/08/1987,7,Válido,nao,,1,0.02,0.020032051,RAQUEL NONATO DE BRICIO,RAQUEL BRÍCIO,UP,v,,,,,04/10/2026 19:20:57,sim
1,04/10/2026,6257,Presidente,1,municipio,RN,16977,2405009,JAÇANÃ,,,,,DEMOCRATA,i,DEMOCRATA,0,35,DEMOCRATA,DEMOCRATA,,35,280002548139,WILSON GRASSI JUNIOR,VETERINÁRIO WILSON GRASSI,13/03/1970,11,Válido,nao,,0,0.00,0,SUÊD HAIDAR NOGUEIRA,SUÊD HAIDAR,DEMOCRATA,v,,,,,04/10/2026 19:20:57,sim
1,04/10/2026,6257,Presidente,1,municipio,RN,16977,2405009,JAÇANÃ,,,,,PARTIDO MISSÃO,i,MISSÃO,0,14,MISSÃO,PARTIDO MISSÃO,,14,280002540694,RENAN ANTONIO FERREIRA DOS SANTOS,RENAN SANTOS,14/02/1984,4,Válido,nao,,45,0.90,0.901442308,AROLDO MEDINA,CORONEL MEDINA,MISSÃO,v,,,,,04/10/2026 19:20:57,sim
1,04/10/2026,6257,Presidente,1,municipio,RN,16977,2405009,JAÇANÃ,,,,,PARTIDO DA CAUSA OPERÁRIA,i,PCO,0,29,PCO,PARTIDO DA CAUSA OPERÁRIA,,29,280002552487,RUI COSTA PIMENTA,RUI COSTA PIMENTA,25/06/1957,12,Válido,nao,,0,0.00,0,ANTONIO CARLOS SILVA,ANTÔNIO CARLOS,PCO,v,,,,,04/10/2026 19:20:57,sim
1,04/10/2026,6257,Presidente,1,municipio,RN,16993,2405108,JANDAÍRA,,,,,PARTIDO LIBERAL,i,PL,0,22,PL,PARTIDO LIBERAL,,22,280002551544,FLAVIO NANTES BOLSONARO,FLAVIO BOLSONARO,30/04/1981,1,Válido,nao,,1514,29.66,29.663009404,ALFREDO GASPAR DE MENDONÇA NETO,ALFREDO GASPAR,PL,v,,,,,04/10/2026 20:52:01,sim
1,04/10/2026,6257,Presidente,1,municipio,RN,16993,2405108,JANDAÍRA,,,,,PARTIDO SOCIAL DEMOCRÁTICO,i,PSD,0,55,PSD,PARTIDO SOCIAL DEMOCRÁTICO,,55,280002551932,RONALDO RAMOS CAIADO,RONALDO CAIADO,25/09/1949,5,Válido,nao,,23,0.45,0.450626959,GILBERTO KASSAB,GILBERTO KASSAB,PSD,v,,,,,04/10/2026 20:52:01,sim
1,04/10/2026,6257,Presidente,1,municipio,RN,16993,2405108,JANDAÍRA,,PT/PC do B/PV,FEDERAÇÃO BRASIL DA ESPERANÇA - FE BRASIL,PT/PC do B/PV,BRASIL PRONTO PRA MAIS,c,PSB / PDT / PCDOB / PT / PV / PSOL / REDE,,13,PT,PARTIDO DOS TRABALHADORES,101,13,280002542548,LUIZ INÁCIO LULA DA SILVA,LULA,06/10/1945,2,Válido,nao,,3384,66.30,66.300940439,GERALDO JOSE RODRIGUES ALCKMIN FILHO,GERALDO ALCKMIN,PSB,v,,,,,04/10/2026 20:52:01,sim
1,04/10/2026,6257,Presidente,1,municipio,RN,16993,2405108,JANDAÍRA,,,,,DEMOCRACIA CRISTÃ,i,DC,0,27,DC,DEMOCRACIA CRISTÃ,,27,280002552484,CLARIANA ZACARKIM BARAO,CLARIANA BARAO,03/04/1987,9,Válido,nao,,2,0.04,0.039184953,FABIANA CRISTINA TAVARES TORQUATO,FABIANA TORQUATO,DC,v,,,,,04/10/2026 20:52:01,sim
1,04/10/2026,6257,Presidente,1,municipio,RN,16993,2405108,JANDAÍRA,,,,,PARTIDO COMUNISTA BRASILEIRO,i,PCB,0,21,PCB,PARTIDO COMUNISTA BRASILEIRO,,21,280002551975,EDMILSON SILVA COSTA,EDMILSON COSTA,08/04/1950,10,Válido,nao,,0,0.00,0,CLEUSA DOS SANTOS,CLEUSA SANTOS,PCB,v,,,,,04/10/2026 20:52:01,sim
1,04/10/2026,6257,Presidente,1,municipio,RN,16993,2405108,JANDAÍRA,,,,,PARTIDO SOCIALISTA  DOS TRABALHADORES UNIFICADO,i,PSTU,0,16,PSTU,PARTIDO SOCIALISTA  DOS TRABALHADORES UNIFICADO,,16,280002541457,HERTZ DA CONCEICAO DIAS,HERTZ DIAS,20/10/1970,8,Válido,nao,,0,0.00,0,VANESSA PORTUGAL BARBOSA,VANESSA PORTUGAL,PSTU,v,,,,,04/10/2026 20:52:01,sim
1,04/10/2026,6257,Presidente,1,municipio,RN,16993,2405108,JANDAÍRA,,,,,BRASIL DOS NOSSOS SONHOS,c,AGIR / AVANTE,,70,AVANTE,AVANTE,,70,280002551547,AUGUSTO JORGE CURY,ESCRITOR AUGUSTO CURY,02/10/1958,3,Válido,nao,,126,2.47,2.468652038,JULIO CESAR DELGADO,JÚLIO DELGADO,AVANTE,v,,,,,04/10/2026 20:52:01,sim
1,04/10/2026,6257,Presidente,1,municipio,RN,16993,2405108,JANDAÍRA,,,,,PARTIDO NOVO,i,NOVO,0,30,NOVO,PARTIDO NOVO,,30,280002539826,ROMEU ZEMA NETO,ZEMA,28/10/1964,6,Válido,nao,,3,0.06,0.058777429,LUIS EDUARDO GRANGEIRO GIRÃO,EDUARDO GIRÃO,NOVO,v,,,,,04/10/2026 20:52:01,sim
1,04/10/2026,6257,Presidente,1,municipio,RN,16993,2405108,JANDAÍRA,,,,,UNIDADE POPULAR,i,UP,0,80,UP,UNIDADE POPULAR,,80,280002538811,SAMARA MARTINS DA SILVA FEITOSA,SAMARA,31/08/1987,7,Válido,nao,,0,0.00,0,RAQUEL NONATO DE BRICIO,RAQUEL BRÍCIO,UP,v,,,,,04/10/2026 20:52:01,sim
1,04/10/2026,6257,Presidente,1,municipio,RN,16993,2405108,JANDAÍRA,,,,,DEMOCRATA,i,DEMOCRATA,0,35,DEMOCRATA,DEMOCRATA,,35,280002548139,WILSON GRASSI JUNIOR,VETERINÁRIO WILSON GRASSI,13/03/1970,11,Válido,nao,,1,0.02,0.019592476,SUÊD HAIDAR NOGUEIRA,SUÊD HAIDAR,DEMOCRATA,v,,,,,04/10/2026 20:52:01,sim
1,04/10/2026,6257,Presidente,1,municipio,RN,16993,2405108,JANDAÍRA,,,,,PARTIDO MISSÃO,i,MISSÃO,0,14,MISSÃO,PARTIDO MISSÃO,,14,280002540694,RENAN ANTONIO FERREIRA DOS SANTOS,RENAN SANTOS,14/02/1984,4,Válido,nao,,51,1.00,0.999216301,AROLDO MEDINA,CORONEL MEDINA,MISSÃO,v,,,,,04/10/2026 20:52:01,sim
1,04/10/2026,6257,Presidente,1,municipio,RN,16993,2405108,JANDAÍRA,,,,,PARTIDO DA CAUSA OPERÁRIA,i,PCO,0,29,PCO,PARTIDO DA CAUSA OPERÁRIA,,29,280002552487,RUI COSTA PIMENTA,RUI COSTA PIMENTA,25/06/1957,12,Válido,nao,,0,0.00,0,ANTONIO CARLOS SILVA,ANTÔNIO CARLOS,PCO,v,,,,,04/10/2026 20:52:01,sim
1,04/10/2026,6257,Presidente,1,municipio,RN,17019,2405207,JANDUÍS,,,,,PARTIDO LIBERAL,i,PL,0,22,PL,PARTIDO LIBERAL,,22,280002551544,FLAVIO NANTES BOLSONARO,FLAVIO BOLSONARO,30/04/1981,1,Válido,nao,,778,21.65,21.647189761,ALFREDO GASPAR DE MENDONÇA NETO,ALFREDO GASPAR,PL,v,,,,,04/10/2026 18:27:06,sim
1,04/10/2026,6257,Presidente,1,municipio,RN,17019,2405207,JANDUÍS,,,,,PARTIDO SOCIAL DEMOCRÁTICO,i,PSD,0,55,PSD,PARTIDO SOCIAL DEMOCRÁTICO,,55,280002551932,RONALDO RAMOS CAIADO,RONALDO CAIADO,25/09/1949,4,Válido,nao,,9,0.25,0.250417362,GILBERTO KASSAB,GILBERTO KASSAB,PSD,v,,,,,04/10/2026 18:27:06,sim
1,04/10/2026,6257,Presidente,1,municipio,RN,17019,2405207,JANDUÍS,,PT/PC do B/PV,FEDERAÇÃO BRASIL DA ESPERANÇA - FE BRASIL,PT/PC do B/PV,BRASIL PRONTO PRA MAIS,c,PSB / PDT / PCDOB / PT / PV / PSOL / REDE,,13,PT,PARTIDO DOS TRABALHADORES,101,13,280002542548,LUIZ INÁCIO LULA DA SILVA,LULA,06/10/1945,2,Válido,nao,,2715,75.54,75.542570952,GERALDO JOSE RODRIGUES ALCKMIN FILHO,GERALDO ALCKMIN,PSB,v,,,,,04/10/2026 18:27:06,sim
1,04/10/2026,6257,Presidente,1,municipio,RN,17019,2405207,JANDUÍS,,,,,DEMOCRACIA CRISTÃ,i,DC,0,27,DC,DEMOCRACIA CRISTÃ,,27,280002552484,CLARIANA ZACARKIM BARAO,CLARIANA BARAO,03/04/1987,8,Válido,nao,,0,0.00,0,FABIANA CRISTINA TAVARES TORQUATO,FABIANA TORQUATO,DC,v,,,,,04/10/2026 18:27:06,sim
1,04/10/2026,6257,Presidente,1,municipio,RN,17019,2405207,JANDUÍS,,,,,PARTIDO COMUNISTA BRASILEIRO,i,PCB,0,21,PCB,PARTIDO COMUNISTA BRASILEIRO,,21,280002551975,EDMILSON SILVA COSTA,EDMILSON COSTA,08/04/1950,10,Válido,nao,,1,0.03,0.027824151,CLEUSA DOS SANTOS,CLEUSA SANTOS,PCB,v,,,,,04/10/2026 18:27:06,sim
1,04/10/2026,6257,Presidente,1,municipio,RN,17019,2405207,JANDUÍS,,,,,PARTIDO SOCIALISTA  DOS TRABALHADORES UNIFICADO,i,PSTU,0,16,PSTU,PARTIDO SOCIALISTA  DOS TRABALHADORES UNIFICADO,,16,280002541457,HERTZ DA CONCEICAO DIAS,HERTZ DIAS,20/10/1970,9,Válido,nao,,1,0.03,0.027824151,VANESSA PORTUGAL BARBOSA,VANESSA PORTUGAL,PSTU,v,,,,,04/10/2026 18:27:06,sim
1,04/10/2026,6257,Presidente,1,municipio,RN,17019,2405207,JANDUÍS,,,,,BRASIL DOS NOSSOS SONHOS,c,AGIR / AVANTE,,70,AVANTE,AVANTE,,70,280002551547,AUGUSTO JORGE CURY,ESCRITOR AUGUSTO CURY,02/10/1958,3,Válido,nao,,51,1.42,1.419031720,JULIO CESAR DELGADO,JÚLIO DELGADO,AVANTE,v,,,,,04/10/2026 18:27:06,sim
1,04/10/2026,6257,Presidente,1,municipio,RN,17019,2405207,JANDUÍS,,,,,PARTIDO NOVO,i,NOVO,0,30,NOVO,PARTIDO NOVO,,30,280002539826,ROMEU ZEMA NETO,ZEMA,28/10/1964,6,Válido,nao,,1,0.03,0.027824151,LUIS EDUARDO GRANGEIRO GIRÃO,EDUARDO GIRÃO,NOVO,v,,,,,04/10/2026 18:27:06,sim
1,04/10/2026,6257,Presidente,1,municipio,RN,17019,2405207,JANDUÍS,,,,,UNIDADE POPULAR,i,UP,0,80,UP,UNIDADE POPULAR,,80,280002538811,SAMARA MARTINS DA SILVA FEITOSA,SAMARA,31/08/1987,7,Válido,nao,,1,0.03,0.027824151,RAQUEL NONATO DE BRICIO,RAQUEL BRÍCIO,UP,v,,,,,04/10/2026 18:27:06,sim
1,04/10/2026,6257,Presidente,1,municipio,RN,17019,2405207,JANDUÍS,,,,,DEMOCRATA,i,DEMOCRATA,0,35,DEMOCRATA,DEMOCRATA,,35,280002548139,WILSON GRASSI JUNIOR,VETERINÁRIO WILSON GRASSI,13/03/1970,11,Válido,nao,,0,0.00,0,SUÊD HAIDAR NOGUEIRA,SUÊD HAIDAR,DEMOCRATA,v,,,,,04/10/2026 18:27:06,sim
1,04/10/2026,6257,Presidente,1,municipio,RN,17019,2405207,JANDUÍS,,,,,PARTIDO MISSÃO,i,MISSÃO,0,14,MISSÃO,PARTIDO MISSÃO,,14,280002540694,RENAN ANTONIO FERREIRA DOS SANTOS,RENAN SANTOS,14/02/1984,5,Válido,nao,,37,1.03,1.029493600,AROLDO MEDINA,CORONEL MEDINA,MISSÃO,v,,,,,04/10/2026 18:27:06,sim
1,04/10/2026,6257,Presidente,1,municipio,RN,17019,2405207,JANDUÍS,,,,,PARTIDO DA CAUSA OPERÁRIA,i,PCO,0,29,PCO,PARTIDO DA CAUSA OPERÁRIA,,29,280002552487,RUI COSTA PIMENTA,RUI COSTA PIMENTA,25/06/1957,12,Válido,nao,,0,0.00,0,ANTONIO CARLOS SILVA,ANTÔNIO CARLOS,PCO,v,,,,,04/10/2026 18:27:06,sim
1,04/10/2026,6257,Presidente,1,municipio,RN,17035,2405306,BOA SAÚDE,,,,,PARTIDO LIBERAL,i,PL,0,22,PL,PARTIDO LIBERAL,,22,280002551544,FLAVIO NANTES BOLSONARO,FLAVIO BOLSONARO,30/04/1981,1,Válido,nao,,2199,35.60,35.599805731,ALFREDO GASPAR DE MENDONÇA NETO,ALFREDO GASPAR,PL,v,,,,,04/10/2026 19:20:56,sim
1,04/10/2026,6257,Presidente,1,municipio,RN,17035,2405306,BOA SAÚDE,,,,,PARTIDO SOCIAL DEMOCRÁTICO,i,PSD,0,55,PSD,PARTIDO SOCIAL DEMOCRÁTICO,,55,280002551932,RONALDO RAMOS CAIADO,RONALDO CAIADO,25/09/1949,5,Válido,nao,,50,0.81,0.809454428,GILBERTO KASSAB,GILBERTO KASSAB,PSD,v,,,,,04/10/2026 19:20:56,sim
1,04/10/2026,6257,Presidente,1,municipio,RN,17035,2405306,BOA SAÚDE,,PT/PC do B/PV,FEDERAÇÃO BRASIL DA ESPERANÇA - FE BRASIL,PT/PC do B/PV,BRASIL PRONTO PRA MAIS,c,PSB / PDT / PCDOB / PT / PV / PSOL / REDE,,13,PT,PARTIDO DOS TRABALHADORES,101,13,280002542548,LUIZ INÁCIO LULA DA SILVA,LULA,06/10/1945,2,Válido,nao,,3665,59.33,59.333009552,GERALDO JOSE RODRIGUES ALCKMIN FILHO,GERALDO ALCKMIN,PSB,v,,,,,04/10/2026 19:20:56,sim
1,04/10/2026,6257,Presidente,1,municipio,RN,17035,2405306,BOA SAÚDE,,,,,DEMOCRACIA CRISTÃ,i,DC,0,27,DC,DEMOCRACIA CRISTÃ,,27,280002552484,CLARIANA ZACARKIM BARAO,CLARIANA BARAO,03/04/1987,9,Válido,nao,,1,0.02,0.016189089,FABIANA CRISTINA TAVARES TORQUATO,FABIANA TORQUATO,DC,v,,,,,04/10/2026 19:20:56,sim
1,04/10/2026,6257,Presidente,1,municipio,RN,17035,2405306,BOA SAÚDE,,,,,PARTIDO COMUNISTA BRASILEIRO,i,PCB,0,21,PCB,PARTIDO COMUNISTA BRASILEIRO,,21,280002551975,EDMILSON SILVA COSTA,EDMILSON COSTA,08/04/1950,10,Válido,nao,,2,0.03,0.032378177,CLEUSA DOS SANTOS,CLEUSA SANTOS,PCB,v,,,,,04/10/2026 19:20:56,sim
1,04/10/2026,6257,Presidente,1,municipio,RN,17035,2405306,BOA SAÚDE,,,,,PARTIDO SOCIALISTA  DOS TRABALHADORES UNIFICADO,i,PSTU,0,16,PSTU,PARTIDO SOCIALISTA  DOS TRABALHADORES UNIFICADO,,16,280002541457,HERTZ DA CONCEICAO DIAS,HERTZ DIAS,20/10/1970,8,Válido,nao,,3,0.05,0.048567266,VANESSA PORTUGAL BARBOSA,VANESSA PORTUGAL,PSTU,v,,,,,04/10/2026 19:20:56,sim
1,04/10/2026,6257,Presidente,1,municipio,RN,17035,2405306,BOA SAÚDE,,,,,BRASIL DOS NOSSOS SONHOS,c,AGIR / AVANTE,,70,AVANTE,AVANTE,,70,280002551547,AUGUSTO JORGE CURY,ESCRITOR AUGUSTO CURY,02/10/1958,3,Válido,nao,,188,3.04,3.043548648,JULIO CESAR DELGADO,JÚLIO DELGADO,AVANTE,v,,,,,04/10/2026 19:20:56,sim
1,04/10/2026,6257,Presidente,1,municipio,RN,17035,2405306,BOA SAÚDE,,,,,PARTIDO NOVO,i,NOVO,0,30,NOVO,PARTIDO NOVO,,30,280002539826,ROMEU ZEMA NETO,ZEMA,28/10/1964,6,Válido,nao,,0,0.00,0,LUIS EDUARDO GRANGEIRO GIRÃO,EDUARDO GIRÃO,NOVO,v,,,,,04/10/2026 19:20:56,sim
1,04/10/2026,6257,Presidente,1,municipio,RN,17035,2405306,BOA SAÚDE,,,,,UNIDADE POPULAR,i,UP,0,80,UP,UNIDADE POPULAR,,80,280002538811,SAMARA MARTINS DA SILVA FEITOSA,SAMARA,31/08/1987,7,Válido,nao,,1,0.02,0.016189089,RAQUEL NONATO DE BRICIO,RAQUEL BRÍCIO,UP,v,,,,,04/10/2026 19:20:56,sim
1,04/10/2026,6257,Presidente,1,municipio,RN,17035,2405306,BOA SAÚDE,,,,,DEMOCRATA,i,DEMOCRATA,0,35,DEMOCRATA,DEMOCRATA,,35,280002548139,WILSON GRASSI JUNIOR,VETERINÁRIO WILSON GRASSI,13/03/1970,11,Válido,nao,,0,0.00,0,SUÊD HAIDAR NOGUEIRA,SUÊD HAIDAR,DEMOCRATA,v,,,,,04/10/2026 19:20:56,sim
1,04/10/2026,6257,Presidente,1,municipio,RN,17035,2405306,BOA SAÚDE,,,,,PARTIDO MISSÃO,i,MISSÃO,0,14,MISSÃO,PARTIDO MISSÃO,,14,280002540694,RENAN ANTONIO FERREIRA DOS SANTOS,RENAN SANTOS,14/02/1984,4,Válido,nao,,66,1.07,1.068479845,AROLDO MEDINA,CORONEL MEDINA,MISSÃO,v,,,,,04/10/2026 19:20:56,sim
1,04/10/2026,6257,Presidente,1,municipio,RN,17035,2405306,BOA SAÚDE,,,,,PARTIDO DA CAUSA OPERÁRIA,i,PCO,0,29,PCO,PARTIDO DA CAUSA OPERÁRIA,,29,280002552487,RUI COSTA PIMENTA,RUI COSTA PIMENTA,25/06/1957,12,Válido,nao,,2,0.03,0.032378177,ANTONIO CARLOS SILVA,ANTÔNIO CARLOS,PCO,v,,,,,04/10/2026 19:20:56,sim
1,04/10/2026,6257,Presidente,1,municipio,RN,17051,2405405,JAPI,,,,,PARTIDO LIBERAL,i,PL,0,22,PL,PARTIDO LIBERAL,,22,280002551544,FLAVIO NANTES BOLSONARO,FLAVIO BOLSONARO,30/04/1981,1,Válido,nao,,859,18.97,18.970848057,ALFREDO GASPAR DE MENDONÇA NETO,ALFREDO GASPAR,PL,v,,,,,04/10/2026 20:11:50,sim
1,04/10/2026,6257,Presidente,1,municipio,RN,17051,2405405,JAPI,,,,,PARTIDO SOCIAL DEMOCRÁTICO,i,PSD,0,55,PSD,PARTIDO SOCIAL DEMOCRÁTICO,,55,280002551932,RONALDO RAMOS CAIADO,RONALDO CAIADO,25/09/1949,5,Válido,nao,,27,0.60,0.596289753,GILBERTO KASSAB,GILBERTO KASSAB,PSD,v,,,,,04/10/2026 20:11:50,sim
1,04/10/2026,6257,Presidente,1,municipio,RN,17051,2405405,JAPI,,PT/PC do B/PV,FEDERAÇÃO BRASIL DA ESPERANÇA - FE BRASIL,PT/PC do B/PV,BRASIL PRONTO PRA MAIS,c,PSB / PDT / PCDOB / PT / PV / PSOL / REDE,,13,PT,PARTIDO DOS TRABALHADORES,101,13,280002542548,LUIZ INÁCIO LULA DA SILVA,LULA,06/10/1945,2,Válido,nao,,3530,77.96,77.959363958,GERALDO JOSE RODRIGUES ALCKMIN FILHO,GERALDO ALCKMIN,PSB,v,,,,,04/10/2026 20:11:50,sim
1,04/10/2026,6257,Presidente,1,municipio,RN,17051,2405405,JAPI,,,,,PARTIDO SOCIALISTA  DOS TRABALHADORES UNIFICADO,i,PSTU,0,16,PSTU,PARTIDO SOCIALISTA  DOS TRABALHADORES UNIFICADO,,16,280002541457,HERTZ DA CONCEICAO DIAS,HERTZ DIAS,20/10/1970,8,Válido,nao,,0,0.00,0,VANESSA PORTUGAL BARBOSA,VANESSA PORTUGAL,PSTU,v,,,,,04/10/2026 20:11:50,sim
1,04/10/2026,6257,Presidente,1,municipio,RN,17051,2405405,JAPI,,,,,PARTIDO COMUNISTA BRASILEIRO,i,PCB,0,21,PCB,PARTIDO COMUNISTA BRASILEIRO,,21,280002551975,EDMILSON SILVA COSTA,EDMILSON COSTA,08/04/1950,10,Válido,nao,,2,0.04,0.044169611,CLEUSA DOS SANTOS,CLEUSA SANTOS,PCB,v,,,,,04/10/2026 20:11:50,sim
1,04/10/2026,6257,Presidente,1,municipio,RN,17051,2405405,JAPI,,,,,DEMOCRACIA CRISTÃ,i,DC,0,27,DC,DEMOCRACIA CRISTÃ,,27,280002552484,CLARIANA ZACARKIM BARAO,CLARIANA BARAO,03/04/1987,9,Válido,nao,,0,0.00,0,FABIANA CRISTINA TAVARES TORQUATO,FABIANA TORQUATO,DC,v,,,,,04/10/2026 20:11:50,sim
1,04/10/2026,6257,Presidente,1,municipio,RN,17051,2405405,JAPI,,,,,PARTIDO NOVO,i,NOVO,0,30,NOVO,PARTIDO NOVO,,30,280002539826,ROMEU ZEMA NETO,ZEMA,28/10/1964,6,Válido,nao,,2,0.04,0.044169611,LUIS EDUARDO GRANGEIRO GIRÃO,EDUARDO GIRÃO,NOVO,v,,,,,04/10/2026 20:11:50,sim
1,04/10/2026,6257,Presidente,1,municipio,RN,17051,2405405,JAPI,,,,,BRASIL DOS NOSSOS SONHOS,c,AGIR / AVANTE,,70,AVANTE,AVANTE,,70,280002551547,AUGUSTO JORGE CURY,ESCRITOR AUGUSTO CURY,02/10/1958,3,Válido,nao,,76,1.68,1.678445230,JULIO CESAR DELGADO,JÚLIO DELGADO,AVANTE,v,,,,,04/10/2026 20:11:50,sim
1,04/10/2026,6257,Presidente,1,municipio,RN,17051,2405405,JAPI,,,,,DEMOCRATA,i,DEMOCRATA,0,35,DEMOCRATA,DEMOCRATA,,35,280002548139,WILSON GRASSI JUNIOR,VETERINÁRIO WILSON GRASSI,13/03/1970,11,Válido,nao,,0,0.00,0,SUÊD HAIDAR NOGUEIRA,SUÊD HAIDAR,DEMOCRATA,v,,,,,04/10/2026 20:11:50,sim
1,04/10/2026,6257,Presidente,1,municipio,RN,17051,2405405,JAPI,,,,,UNIDADE POPULAR,i,UP,0,80,UP,UNIDADE POPULAR,,80,280002538811,SAMARA MARTINS DA SILVA FEITOSA,SAMARA,31/08/1987,7,Válido,nao,,0,0.00,0,RAQUEL NONATO DE BRICIO,RAQUEL BRÍCIO,UP,v,,,,,04/10/2026 20:11:50,sim
1,04/10/2026,6257,Presidente,1,municipio,RN,17051,2405405,JAPI,,,,,PARTIDO MISSÃO,i,MISSÃO,0,14,MISSÃO,PARTIDO MISSÃO,,14,280002540694,RENAN ANTONIO FERREIRA DOS SANTOS,RENAN SANTOS,14/02/1984,4,Válido,nao,,32,0.71,0.706713781,AROLDO MEDINA,CORONEL MEDINA,MISSÃO,v,,,,,04/10/2026 20:11:50,sim
1,04/10/2026,6257,Presidente,1,municipio,RN,17051,2405405,JAPI,,,,,PARTIDO DA CAUSA OPERÁRIA,i,PCO,0,29,PCO,PARTIDO DA CAUSA OPERÁRIA,,29,280002552487,RUI COSTA PIMENTA,RUI COSTA PIMENTA,25/06/1957,12,Válido,nao,,0,0.00,0,ANTONIO CARLOS SILVA,ANTÔNIO CARLOS,PCO,v,,,,,04/10/2026 20:11:50,sim
1,04/10/2026,6257,Presidente,1,municipio,RN,17078,2405504,JARDIM DE ANGICOS,,,,,PARTIDO LIBERAL,i,PL,0,22,PL,PARTIDO LIBERAL,,22,280002551544,FLAVIO NANTES BOLSONARO,FLAVIO BOLSONARO,30/04/1981,1,Válido,nao,,587,22.57,22.568242983,ALFREDO GASPAR DE MENDONÇA NETO,ALFREDO GASPAR,PL,v,,,,,04/10/2026 21:01:52,sim
1,04/10/2026,6257,Presidente,1,municipio,RN,17078,2405504,JARDIM DE ANGICOS,,,,,PARTIDO SOCIAL DEMOCRÁTICO,i,PSD,0,55,PSD,PARTIDO SOCIAL DEMOCRÁTICO,,55,280002551932,RONALDO RAMOS CAIADO,RONALDO CAIADO,25/09/1949,5,Válido,nao,,18,0.69,0.692041522,GILBERTO KASSAB,GILBERTO KASSAB,PSD,v,,,,,04/10/2026 21:01:52,sim
1,04/10/2026,6257,Presidente,1,municipio,RN,17078,2405504,JARDIM DE ANGICOS,,PT/PC do B/PV,FEDERAÇÃO BRASIL DA ESPERANÇA - FE BRASIL,PT/PC do B/PV,BRASIL PRONTO PRA MAIS,c,PSB / PDT / PCDOB / PT / PV / PSOL / REDE,,13,PT,PARTIDO DOS TRABALHADORES,101,13,280002542548,LUIZ INÁCIO LULA DA SILVA,LULA,06/10/1945,2,Válido,nao,,1865,71.70,71.703191080,GERALDO JOSE RODRIGUES ALCKMIN FILHO,GERALDO ALCKMIN,PSB,v,,,,,04/10/2026 21:01:52,sim
1,04/10/2026,6257,Presidente,1,municipio,RN,17078,2405504,JARDIM DE ANGICOS,,,,,DEMOCRACIA CRISTÃ,i,DC,0,27,DC,DEMOCRACIA CRISTÃ,,27,280002552484,CLARIANA ZACARKIM BARAO,CLARIANA BARAO,03/04/1987,9,Válido,nao,,0,0.00,0,FABIANA CRISTINA TAVARES TORQUATO,FABIANA TORQUATO,DC,v,,,,,04/10/2026 21:01:52,sim
1,04/10/2026,6257,Presidente,1,municipio,RN,17078,2405504,JARDIM DE ANGICOS,,,,,PARTIDO COMUNISTA BRASILEIRO,i,PCB,0,21,PCB,PARTIDO COMUNISTA BRASILEIRO,,21,280002551975,EDMILSON SILVA COSTA,EDMILSON COSTA,08/04/1950,10,Válido,nao,,0,0.00,0,CLEUSA DOS SANTOS,CLEUSA SANTOS,PCB,v,,,,,04/10/2026 21:01:52,sim
1,04/10/2026,6257,Presidente,1,municipio,RN,17078,2405504,JARDIM DE ANGICOS,,,,,PARTIDO SOCIALISTA  DOS TRABALHADORES UNIFICADO,i,PSTU,0,16,PSTU,PARTIDO SOCIALISTA  DOS TRABALHADORES UNIFICADO,,16,280002541457,HERTZ DA CONCEICAO DIAS,HERTZ DIAS,20/10/1970,8,Válido,nao,,2,0.08,0.076893502,VANESSA PORTUGAL BARBOSA,VANESSA PORTUGAL,PSTU,v,,,,,04/10/2026 21:01:52,sim
1,04/10/2026,6257,Presidente,1,municipio,RN,17078,2405504,JARDIM DE ANGICOS,,,,,BRASIL DOS NOSSOS SONHOS,c,AGIR / AVANTE,,70,AVANTE,AVANTE,,70,280002551547,AUGUSTO JORGE CURY,ESCRITOR AUGUSTO CURY,02/10/1958,3,Válido,nao,,99,3.81,3.806228374,JULIO CESAR DELGADO,JÚLIO DELGADO,AVANTE,v,,,,,04/10/2026 21:01:52,sim
1,04/10/2026,6257,Presidente,1,municipio,RN,17078,2405504,JARDIM DE ANGICOS,,,,,PARTIDO NOVO,i,NOVO,0,30,NOVO,PARTIDO NOVO,,30,280002539826,ROMEU ZEMA NETO,ZEMA,28/10/1964,6,Válido,nao,,1,0.04,0.038446751,LUIS EDUARDO GRANGEIRO GIRÃO,EDUARDO GIRÃO,NOVO,v,,,,,04/10/2026 21:01:52,sim
1,04/10/2026,6257,Presidente,1,municipio,RN,17078,2405504,JARDIM DE ANGICOS,,,,,UNIDADE POPULAR,i,UP,0,80,UP,UNIDADE POPULAR,,80,280002538811,SAMARA MARTINS DA SILVA FEITOSA,SAMARA,31/08/1987,7,Válido,nao,,1,0.04,0.038446751,RAQUEL NONATO DE BRICIO,RAQUEL BRÍCIO,UP,v,,,,,04/10/2026 21:01:52,sim
1,04/10/2026,6257,Presidente,1,municipio,RN,17078,2405504,JARDIM DE ANGICOS,,,,,DEMOCRATA,i,DEMOCRATA,0,35,DEMOCRATA,DEMOCRATA,,35,280002548139,WILSON GRASSI JUNIOR,VETERINÁRIO WILSON GRASSI,13/03/1970,11,Válido,nao,,1,0.04,0.038446751,SUÊD HAIDAR NOGUEIRA,SUÊD HAIDAR,DEMOCRATA,v,,,,,04/10/2026 21:01:52,sim
1,04/10/2026,6257,Presidente,1,municipio,RN,17078,2405504,JARDIM DE ANGICOS,,,,,PARTIDO MISSÃO,i,MISSÃO,0,14,MISSÃO,PARTIDO MISSÃO,,14,280002540694,RENAN ANTONIO FERREIRA DOS SANTOS,RENAN SANTOS,14/02/1984,4,Válido,nao,,27,1.04,1.038062284,AROLDO MEDINA,CORONEL MEDINA,MISSÃO,v,,,,,04/10/2026 21:01:52,sim
1,04/10/2026,6257,Presidente,1,municipio,RN,17078,2405504,JARDIM DE ANGICOS,,,,,PARTIDO DA CAUSA OPERÁRIA,i,PCO,0,29,PCO,PARTIDO DA CAUSA OPERÁRIA,,29,280002552487,RUI COSTA PIMENTA,RUI COSTA PIMENTA,25/06/1957,12,Válido,nao,,0,0.00,0,ANTONIO CARLOS SILVA,ANTÔNIO CARLOS,PCO,v,,,,,04/10/2026 21:01:52,sim
1,04/10/2026,6257,Presidente,1,municipio,RN,17094,2405603,JARDIM DE PIRANHAS,,,,,PARTIDO LIBERAL,i,PL,0,22,PL,PARTIDO LIBERAL,,22,280002551544,FLAVIO NANTES BOLSONARO,FLAVIO BOLSONARO,30/04/1981,1,Válido,nao,,1680,18.30,18.304641534,ALFREDO GASPAR DE MENDONÇA NETO,ALFREDO GASPAR,PL,v,,,,,04/10/2026 19:30:18,sim
1,04/10/2026,6257,Presidente,1,municipio,RN,17094,2405603,JARDIM DE PIRANHAS,,,,,PARTIDO SOCIAL DEMOCRÁTICO,i,PSD,0,55,PSD,PARTIDO SOCIAL DEMOCRÁTICO,,55,280002551932,RONALDO RAMOS CAIADO,RONALDO CAIADO,25/09/1949,5,Válido,nao,,32,0.35,0.348659839,GILBERTO KASSAB,GILBERTO KASSAB,PSD,v,,,,,04/10/2026 19:30:18,sim
1,04/10/2026,6257,Presidente,1,municipio,RN,17094,2405603,JARDIM DE PIRANHAS,,PT/PC do B/PV,FEDERAÇÃO BRASIL DA ESPERANÇA - FE BRASIL,PT/PC do B/PV,BRASIL PRONTO PRA MAIS,c,PSB / PDT / PCDOB / PT / PV / PSOL / REDE,,13,PT,PARTIDO DOS TRABALHADORES,101,13,280002542548,LUIZ INÁCIO LULA DA SILVA,LULA,06/10/1945,2,Válido,nao,,7115,77.52,77.522336021,GERALDO JOSE RODRIGUES ALCKMIN FILHO,GERALDO ALCKMIN,PSB,v,,,,,04/10/2026 19:30:18,sim
1,04/10/2026,6257,Presidente,1,municipio,RN,17094,2405603,JARDIM DE PIRANHAS,,,,,DEMOCRACIA CRISTÃ,i,DC,0,27,DC,DEMOCRACIA CRISTÃ,,27,280002552484,CLARIANA ZACARKIM BARAO,CLARIANA BARAO,03/04/1987,9,Válido,nao,,2,0.02,0.021791240,FABIANA CRISTINA TAVARES TORQUATO,FABIANA TORQUATO,DC,v,,,,,04/10/2026 19:30:18,sim
1,04/10/2026,6257,Presidente,1,municipio,RN,17094,2405603,JARDIM DE PIRANHAS,,,,,PARTIDO COMUNISTA BRASILEIRO,i,PCB,0,21,PCB,PARTIDO COMUNISTA BRASILEIRO,,21,280002551975,EDMILSON SILVA COSTA,EDMILSON COSTA,08/04/1950,10,Válido,nao,,0,0.00,0,CLEUSA DOS SANTOS,CLEUSA SANTOS,PCB,v,,,,,04/10/2026 19:30:18,sim
1,04/10/2026,6257,Presidente,1,municipio,RN,17094,2405603,JARDIM DE PIRANHAS,,,,,PARTIDO SOCIALISTA  DOS TRABALHADORES UNIFICADO,i,PSTU,0,16,PSTU,PARTIDO SOCIALISTA  DOS TRABALHADORES UNIFICADO,,16,280002541457,HERTZ DA CONCEICAO DIAS,HERTZ DIAS,20/10/1970,8,Válido,nao,,3,0.03,0.032686860,VANESSA PORTUGAL BARBOSA,VANESSA PORTUGAL,PSTU,v,,,,,04/10/2026 19:30:18,sim
1,04/10/2026,6257,Presidente,1,municipio,RN,17094,2405603,JARDIM DE PIRANHAS,,,,,BRASIL DOS NOSSOS SONHOS,c,AGIR / AVANTE,,70,AVANTE,AVANTE,,70,280002551547,AUGUSTO JORGE CURY,ESCRITOR AUGUSTO CURY,02/10/1958,3,Válido,nao,,198,2.16,2.157332752,JULIO CESAR DELGADO,JÚLIO DELGADO,AVANTE,v,,,,,04/10/2026 19:30:18,sim
1,04/10/2026,6257,Presidente,1,municipio,RN,17094,2405603,JARDIM DE PIRANHAS,,,,,PARTIDO NOVO,i,NOVO,0,30,NOVO,PARTIDO NOVO,,30,280002539826,ROMEU ZEMA NETO,ZEMA,28/10/1964,6,Válido,nao,,4,0.04,0.043582480,LUIS EDUARDO GRANGEIRO GIRÃO,EDUARDO GIRÃO,NOVO,v,,,,,04/10/2026 19:30:18,sim
1,04/10/2026,6257,Presidente,1,municipio,RN,17094,2405603,JARDIM DE PIRANHAS,,,,,UNIDADE POPULAR,i,UP,0,80,UP,UNIDADE POPULAR,,80,280002538811,SAMARA MARTINS DA SILVA FEITOSA,SAMARA,31/08/1987,7,Válido,nao,,1,0.01,0.010895620,RAQUEL NONATO DE BRICIO,RAQUEL BRÍCIO,UP,v,,,,,04/10/2026 19:30:18,sim
1,04/10/2026,6257,Presidente,1,municipio,RN,17094,2405603,JARDIM DE PIRANHAS,,,,,DEMOCRATA,i,DEMOCRATA,0,35,DEMOCRATA,DEMOCRATA,,35,280002548139,WILSON GRASSI JUNIOR,VETERINÁRIO WILSON GRASSI,13/03/1970,11,Válido,nao,,0,0.00,0,SUÊD HAIDAR NOGUEIRA,SUÊD HAIDAR,DEMOCRATA,v,,,,,04/10/2026 19:30:18,sim
1,04/10/2026,6257,Presidente,1,municipio,RN,17094,2405603,JARDIM DE PIRANHAS,,,,,PARTIDO MISSÃO,i,MISSÃO,0,14,MISSÃO,PARTIDO MISSÃO,,14,280002540694,RENAN ANTONIO FERREIRA DOS SANTOS,RENAN SANTOS,14/02/1984,4,Válido,nao,,143,1.56,1.558073654,AROLDO MEDINA,CORONEL MEDINA,MISSÃO,v,,,,,04/10/2026 19:30:18,sim
1,04/10/2026,6257,Presidente,1,municipio,RN,17094,2405603,JARDIM DE PIRANHAS,,,,,PARTIDO DA CAUSA OPERÁRIA,i,PCO,0,29,PCO,PARTIDO DA CAUSA OPERÁRIA,,29,280002552487,RUI COSTA PIMENTA,RUI COSTA PIMENTA,25/06/1957,12,Válido,nao,,0,0.00,0,ANTONIO CARLOS SILVA,ANTÔNIO CARLOS,PCO,v,,,,,04/10/2026 19:30:18,sim
1,04/10/2026,6257,Presidente,1,municipio,RN,17116,2405702,JARDIM DO SERIDÓ,,,,,PARTIDO LIBERAL,i,PL,0,22,PL,PARTIDO LIBERAL,,22,280002551544,FLAVIO NANTES BOLSONARO,FLAVIO BOLSONARO,30/04/1981,1,Válido,nao,,2599,31.91,31.909146716,ALFREDO GASPAR DE MENDONÇA NETO,ALFREDO GASPAR,PL,v,,,,,04/10/2026 18:19:23,sim
1,04/10/2026,6257,Presidente,1,municipio,RN,17116,2405702,JARDIM DO SERIDÓ,,,,,PARTIDO SOCIAL DEMOCRÁTICO,i,PSD,0,55,PSD,PARTIDO SOCIAL DEMOCRÁTICO,,55,280002551932,RONALDO RAMOS CAIADO,RONALDO CAIADO,25/09/1949,4,Válido,nao,,68,0.83,0.834868017,GILBERTO KASSAB,GILBERTO KASSAB,PSD,v,,,,,04/10/2026 18:19:23,sim
1,04/10/2026,6257,Presidente,1,municipio,RN,17116,2405702,JARDIM DO SERIDÓ,,PT/PC do B/PV,FEDERAÇÃO BRASIL DA ESPERANÇA - FE BRASIL,PT/PC do B/PV,BRASIL PRONTO PRA MAIS,c,PSB / PDT / PCDOB / PT / PV / PSOL / REDE,,13,PT,PARTIDO DOS TRABALHADORES,101,13,280002542548,LUIZ INÁCIO LULA DA SILVA,LULA,06/10/1945,2,Válido,nao,,5010,61.51,61.510128913,GERALDO JOSE RODRIGUES ALCKMIN FILHO,GERALDO ALCKMIN,PSB,v,,,,,04/10/2026 18:19:23,sim
1,04/10/2026,6257,Presidente,1,municipio,RN,17116,2405702,JARDIM DO SERIDÓ,,,,,DEMOCRACIA CRISTÃ,i,DC,0,27,DC,DEMOCRACIA CRISTÃ,,27,280002552484,CLARIANA ZACARKIM BARAO,CLARIANA BARAO,03/04/1987,8,Válido,nao,,1,0.01,0.012277471,FABIANA CRISTINA TAVARES TORQUATO,FABIANA TORQUATO,DC,v,,,,,04/10/2026 18:19:23,sim
1,04/10/2026,6257,Presidente,1,municipio,RN,17116,2405702,JARDIM DO SERIDÓ,,,,,PARTIDO COMUNISTA BRASILEIRO,i,PCB,0,21,PCB,PARTIDO COMUNISTA BRASILEIRO,,21,280002551975,EDMILSON SILVA COSTA,EDMILSON COSTA,08/04/1950,10,Válido,nao,,0,0.00,0,CLEUSA DOS SANTOS,CLEUSA SANTOS,PCB,v,,,,,04/10/2026 18:19:23,sim
1,04/10/2026,6257,Presidente,1,municipio,RN,17116,2405702,JARDIM DO SERIDÓ,,,,,PARTIDO SOCIALISTA  DOS TRABALHADORES UNIFICADO,i,PSTU,0,16,PSTU,PARTIDO SOCIALISTA  DOS TRABALHADORES UNIFICADO,,16,280002541457,HERTZ DA CONCEICAO DIAS,HERTZ DIAS,20/10/1970,9,Válido,nao,,1,0.01,0.012277471,VANESSA PORTUGAL BARBOSA,VANESSA PORTUGAL,PSTU,v,,,,,04/10/2026 18:19:23,sim
1,04/10/2026,6257,Presidente,1,municipio,RN,17116,2405702,JARDIM DO SERIDÓ,,,,,BRASIL DOS NOSSOS SONHOS,c,AGIR / AVANTE,,70,AVANTE,AVANTE,,70,280002551547,AUGUSTO JORGE CURY,ESCRITOR AUGUSTO CURY,02/10/1958,3,Válido,nao,,318,3.90,3.904235727,JULIO CESAR DELGADO,JÚLIO DELGADO,AVANTE,v,,,,,04/10/2026 18:19:23,sim
1,04/10/2026,6257,Presidente,1,municipio,RN,17116,2405702,JARDIM DO SERIDÓ,,,,,PARTIDO NOVO,i,NOVO,0,30,NOVO,PARTIDO NOVO,,30,280002539826,ROMEU ZEMA NETO,ZEMA,28/10/1964,6,Válido,nao,,5,0.06,0.061387354,LUIS EDUARDO GRANGEIRO GIRÃO,EDUARDO GIRÃO,NOVO,v,,,,,04/10/2026 18:19:23,sim
1,04/10/2026,6257,Presidente,1,municipio,RN,17116,2405702,JARDIM DO SERIDÓ,,,,,UNIDADE POPULAR,i,UP,0,80,UP,UNIDADE POPULAR,,80,280002538811,SAMARA MARTINS DA SILVA FEITOSA,SAMARA,31/08/1987,7,Válido,nao,,5,0.06,0.061387354,RAQUEL NONATO DE BRICIO,RAQUEL BRÍCIO,UP,v,,,,,04/10/2026 18:19:23,sim
1,04/10/2026,6257,Presidente,1,municipio,RN,17116,2405702,JARDIM DO SERIDÓ,,,,,DEMOCRATA,i,DEMOCRATA,0,35,DEMOCRATA,DEMOCRATA,,35,280002548139,WILSON GRASSI JUNIOR,VETERINÁRIO WILSON GRASSI,13/03/1970,11,Válido,nao,,0,0.00,0,SUÊD HAIDAR NOGUEIRA,SUÊD HAIDAR,DEMOCRATA,v,,,,,04/10/2026 18:19:23,sim
1,04/10/2026,6257,Presidente,1,municipio,RN,17116,2405702,JARDIM DO SERIDÓ,,,,,PARTIDO MISSÃO,i,MISSÃO,0,14,MISSÃO,PARTIDO MISSÃO,,14,280002540694,RENAN ANTONIO FERREIRA DOS SANTOS,RENAN SANTOS,14/02/1984,5,Válido,nao,,137,1.68,1.682013505,AROLDO MEDINA,CORONEL MEDINA,MISSÃO,v,,,,,04/10/2026 18:19:23,sim
1,04/10/2026,6257,Presidente,1,municipio,RN,17116,2405702,JARDIM DO SERIDÓ,,,,,PARTIDO DA CAUSA OPERÁRIA,i,PCO,0,29,PCO,PARTIDO DA CAUSA OPERÁRIA,,29,280002552487,RUI COSTA PIMENTA,RUI COSTA PIMENTA,25/06/1957,12,Válido,nao,,1,0.01,0.012277471,ANTONIO CARLOS SILVA,ANTÔNIO CARLOS,PCO,v,,,,,04/10/2026 18:19:23,sim
1,04/10/2026,6257,Presidente,1,municipio,RN,17132,2405801,JOÃO CÂMARA,,,,,PARTIDO LIBERAL,i,PL,0,22,PL,PARTIDO LIBERAL,,22,280002551544,FLAVIO NANTES BOLSONARO,FLAVIO BOLSONARO,30/04/1981,1,Válido,nao,,6155,27.94,27.940442144,ALFREDO GASPAR DE MENDONÇA NETO,ALFREDO GASPAR,PL,v,,,,,04/10/2026 21:01:52,sim
1,04/10/2026,6257,Presidente,1,municipio,RN,17132,2405801,JOÃO CÂMARA,,,,,PARTIDO SOCIAL DEMOCRÁTICO,i,PSD,0,55,PSD,PARTIDO SOCIAL DEMOCRÁTICO,,55,280002551932,RONALDO RAMOS CAIADO,RONALDO CAIADO,25/09/1949,5,Válido,nao,,111,0.50,0.503881247,GILBERTO KASSAB,GILBERTO KASSAB,PSD,v,,,,,04/10/2026 21:01:52,sim
1,04/10/2026,6257,Presidente,1,municipio,RN,17132,2405801,JOÃO CÂMARA,,PT/PC do B/PV,FEDERAÇÃO BRASIL DA ESPERANÇA - FE BRASIL,PT/PC do B/PV,BRASIL PRONTO PRA MAIS,c,PSB / PDT / PCDOB / PT / PV / PSOL / REDE,,13,PT,PARTIDO DOS TRABALHADORES,101,13,280002542548,LUIZ INÁCIO LULA DA SILVA,LULA,06/10/1945,2,Válido,nao,,14852,67.42,67.420218802,GERALDO JOSE RODRIGUES ALCKMIN FILHO,GERALDO ALCKMIN,PSB,v,,,,,04/10/2026 21:01:52,sim
1,04/10/2026,6257,Presidente,1,municipio,RN,17132,2405801,JOÃO CÂMARA,,,,,DEMOCRACIA CRISTÃ,i,DC,0,27,DC,DEMOCRACIA CRISTÃ,,27,280002552484,CLARIANA ZACARKIM BARAO,CLARIANA BARAO,03/04/1987,9,Válido,nao,,4,0.02,0.018157883,FABIANA CRISTINA TAVARES TORQUATO,FABIANA TORQUATO,DC,v,,,,,04/10/2026 21:01:52,sim
1,04/10/2026,6257,Presidente,1,municipio,RN,17132,2405801,JOÃO CÂMARA,,,,,PARTIDO COMUNISTA BRASILEIRO,i,PCB,0,21,PCB,PARTIDO COMUNISTA BRASILEIRO,,21,280002551975,EDMILSON SILVA COSTA,EDMILSON COSTA,08/04/1950,10,Válido,nao,,2,0.01,0.009078941,CLEUSA DOS SANTOS,CLEUSA SANTOS,PCB,v,,,,,04/10/2026 21:01:52,sim
1,04/10/2026,6257,Presidente,1,municipio,RN,17132,2405801,JOÃO CÂMARA,,,,,PARTIDO SOCIALISTA  DOS TRABALHADORES UNIFICADO,i,PSTU,0,16,PSTU,PARTIDO SOCIALISTA  DOS TRABALHADORES UNIFICADO,,16,280002541457,HERTZ DA CONCEICAO DIAS,HERTZ DIAS,20/10/1970,8,Válido,nao,,3,0.01,0.013618412,VANESSA PORTUGAL BARBOSA,VANESSA PORTUGAL,PSTU,v,,,,,04/10/2026 21:01:52,sim
1,04/10/2026,6257,Presidente,1,municipio,RN,17132,2405801,JOÃO CÂMARA,,,,,BRASIL DOS NOSSOS SONHOS,c,AGIR / AVANTE,,70,AVANTE,AVANTE,,70,280002551547,AUGUSTO JORGE CURY,ESCRITOR AUGUSTO CURY,02/10/1958,3,Válido,nao,,621,2.82,2.819011303,JULIO CESAR DELGADO,JÚLIO DELGADO,AVANTE,v,,,,,04/10/2026 21:01:52,sim
1,04/10/2026,6257,Presidente,1,municipio,RN,17132,2405801,JOÃO CÂMARA,,,,,PARTIDO NOVO,i,NOVO,0,30,NOVO,PARTIDO NOVO,,30,280002539826,ROMEU ZEMA NETO,ZEMA,28/10/1964,6,Válido,nao,,12,0.05,0.054473648,LUIS EDUARDO GRANGEIRO GIRÃO,EDUARDO GIRÃO,NOVO,v,,,,,04/10/2026 21:01:52,sim
1,04/10/2026,6257,Presidente,1,municipio,RN,17132,2405801,JOÃO CÂMARA,,,,,UNIDADE POPULAR,i,UP,0,80,UP,UNIDADE POPULAR,,80,280002538811,SAMARA MARTINS DA SILVA FEITOSA,SAMARA,31/08/1987,7,Válido,nao,,4,0.02,0.018157883,RAQUEL NONATO DE BRICIO,RAQUEL BRÍCIO,UP,v,,,,,04/10/2026 21:01:52,sim
1,04/10/2026,6257,Presidente,1,municipio,RN,17132,2405801,JOÃO CÂMARA,,,,,DEMOCRATA,i,DEMOCRATA,0,35,DEMOCRATA,DEMOCRATA,,35,280002548139,WILSON GRASSI JUNIOR,VETERINÁRIO WILSON GRASSI,13/03/1970,11,Válido,nao,,1,0.01,0.004539471,SUÊD HAIDAR NOGUEIRA,SUÊD HAIDAR,DEMOCRATA,v,,,,,04/10/2026 21:01:52,sim
1,04/10/2026,6257,Presidente,1,municipio,RN,17132,2405801,JOÃO CÂMARA,,,,,PARTIDO MISSÃO,i,MISSÃO,0,14,MISSÃO,PARTIDO MISSÃO,,14,280002540694,RENAN ANTONIO FERREIRA DOS SANTOS,RENAN SANTOS,14/02/1984,4,Válido,nao,,263,1.19,1.193880793,AROLDO MEDINA,CORONEL MEDINA,MISSÃO,v,,,,,04/10/2026 21:01:52,sim
1,04/10/2026,6257,Presidente,1,municipio,RN,17132,2405801,JOÃO CÂMARA,,,,,PARTIDO DA CAUSA OPERÁRIA,i,PCO,0,29,PCO,PARTIDO DA CAUSA OPERÁRIA,,29,280002552487,RUI COSTA PIMENTA,RUI COSTA PIMENTA,25/06/1957,12,Válido,nao,,1,0.01,0.004539471,ANTONIO CARLOS SILVA,ANTÔNIO CARLOS,PCO,v,,,,,04/10/2026 21:01:52,sim
1,04/10/2026,6257,Presidente,1,municipio,RN,17159,2405900,JOÃO DIAS,,,,,PARTIDO LIBERAL,i,PL,0,22,PL,PARTIDO LIBERAL,,22,280002551544,FLAVIO NANTES BOLSONARO,FLAVIO BOLSONARO,30/04/1981,1,Válido,nao,,494,21.76,21.762114537,ALFREDO GASPAR DE MENDONÇA NETO,ALFREDO GASPAR,PL,v,,,,,04/10/2026 19:17:20,sim
1,04/10/2026,6257,Presidente,1,municipio,RN,17159,2405900,JOÃO DIAS,,,,,PARTIDO SOCIAL DEMOCRÁTICO,i,PSD,0,55,PSD,PARTIDO SOCIAL DEMOCRÁTICO,,55,280002551932,RONALDO RAMOS CAIADO,RONALDO CAIADO,25/09/1949,5,Válido,nao,,9,0.40,0.396475771,GILBERTO KASSAB,GILBERTO KASSAB,PSD,v,,,,,04/10/2026 19:17:20,sim
1,04/10/2026,6257,Presidente,1,municipio,RN,17159,2405900,JOÃO DIAS,,PT/PC do B/PV,FEDERAÇÃO BRASIL DA ESPERANÇA - FE BRASIL,PT/PC do B/PV,BRASIL PRONTO PRA MAIS,c,PSB / PDT / PCDOB / PT / PV / PSOL / REDE,,13,PT,PARTIDO DOS TRABALHADORES,101,13,280002542548,LUIZ INÁCIO LULA DA SILVA,LULA,06/10/1945,2,Válido,nao,,1689,74.41,74.405286344,GERALDO JOSE RODRIGUES ALCKMIN FILHO,GERALDO ALCKMIN,PSB,v,,,,,04/10/2026 19:17:20,sim
1,04/10/2026,6257,Presidente,1,municipio,RN,17159,2405900,JOÃO DIAS,,,,,DEMOCRACIA CRISTÃ,i,DC,0,27,DC,DEMOCRACIA CRISTÃ,,27,280002552484,CLARIANA ZACARKIM BARAO,CLARIANA BARAO,03/04/1987,9,Válido,nao,,0,0.00,0,FABIANA CRISTINA TAVARES TORQUATO,FABIANA TORQUATO,DC,v,,,,,04/10/2026 19:17:20,sim
1,04/10/2026,6257,Presidente,1,municipio,RN,17159,2405900,JOÃO DIAS,,,,,PARTIDO COMUNISTA BRASILEIRO,i,PCB,0,21,PCB,PARTIDO COMUNISTA BRASILEIRO,,21,280002551975,EDMILSON SILVA COSTA,EDMILSON COSTA,08/04/1950,10,Válido,nao,,3,0.13,0.132158590,CLEUSA DOS SANTOS,CLEUSA SANTOS,PCB,v,,,,,04/10/2026 19:17:20,sim
1,04/10/2026,6257,Presidente,1,municipio,RN,17159,2405900,JOÃO DIAS,,,,,PARTIDO SOCIALISTA  DOS TRABALHADORES UNIFICADO,i,PSTU,0,16,PSTU,PARTIDO SOCIALISTA  DOS TRABALHADORES UNIFICADO,,16,280002541457,HERTZ DA CONCEICAO DIAS,HERTZ DIAS,20/10/1970,8,Válido,nao,,1,0.04,0.044052863,VANESSA PORTUGAL BARBOSA,VANESSA PORTUGAL,PSTU,v,,,,,04/10/2026 19:17:20,sim
1,04/10/2026,6257,Presidente,1,municipio,RN,17159,2405900,JOÃO DIAS,,,,,BRASIL DOS NOSSOS SONHOS,c,AGIR / AVANTE,,70,AVANTE,AVANTE,,70,280002551547,AUGUSTO JORGE CURY,ESCRITOR AUGUSTO CURY,02/10/1958,3,Válido,nao,,44,1.94,1.938325991,JULIO CESAR DELGADO,JÚLIO DELGADO,AVANTE,v,,,,,04/10/2026 19:17:20,sim
1,04/10/2026,6257,Presidente,1,municipio,RN,17159,2405900,JOÃO DIAS,,,,,PARTIDO NOVO,i,NOVO,0,30,NOVO,PARTIDO NOVO,,30,280002539826,ROMEU ZEMA NETO,ZEMA,28/10/1964,6,Válido,nao,,0,0.00,0,LUIS EDUARDO GRANGEIRO GIRÃO,EDUARDO GIRÃO,NOVO,v,,,,,04/10/2026 19:17:20,sim
1,04/10/2026,6257,Presidente,1,municipio,RN,17159,2405900,JOÃO DIAS,,,,,UNIDADE POPULAR,i,UP,0,80,UP,UNIDADE POPULAR,,80,280002538811,SAMARA MARTINS DA SILVA FEITOSA,SAMARA,31/08/1987,7,Válido,nao,,2,0.09,0.088105727,RAQUEL NONATO DE BRICIO,RAQUEL BRÍCIO,UP,v,,,,,04/10/2026 19:17:20,sim
1,04/10/2026,6257,Presidente,1,municipio,RN,17159,2405900,JOÃO DIAS,,,,,DEMOCRATA,i,DEMOCRATA,0,35,DEMOCRATA,DEMOCRATA,,35,280002548139,WILSON GRASSI JUNIOR,VETERINÁRIO WILSON GRASSI,13/03/1970,11,Válido,nao,,0,0.00,0,SUÊD HAIDAR NOGUEIRA,SUÊD HAIDAR,DEMOCRATA,v,,,,,04/10/2026 19:17:20,sim
1,04/10/2026,6257,Presidente,1,municipio,RN,17159,2405900,JOÃO DIAS,,,,,PARTIDO MISSÃO,i,MISSÃO,0,14,MISSÃO,PARTIDO MISSÃO,,14,280002540694,RENAN ANTONIO FERREIRA DOS SANTOS,RENAN SANTOS,14/02/1984,4,Válido,nao,,28,1.23,1.233480176,AROLDO MEDINA,CORONEL MEDINA,MISSÃO,v,,,,,04/10/2026 19:17:20,sim
1,04/10/2026,6257,Presidente,1,municipio,RN,17159,2405900,JOÃO DIAS,,,,,PARTIDO DA CAUSA OPERÁRIA,i,PCO,0,29,PCO,PARTIDO DA CAUSA OPERÁRIA,,29,280002552487,RUI COSTA PIMENTA,RUI COSTA PIMENTA,25/06/1957,12,Válido,nao,,0,0.00,0,ANTONIO CARLOS SILVA,ANTÔNIO CARLOS,PCO,v,,,,,04/10/2026 19:17:20,sim
1,04/10/2026,6257,Presidente,1,municipio,RN,17175,2406007,JOSÉ DA PENHA,,,,,PARTIDO LIBERAL,i,PL,0,22,PL,PARTIDO LIBERAL,,22,280002551544,FLAVIO NANTES BOLSONARO,FLAVIO BOLSONARO,30/04/1981,1,Válido,nao,,627,15.37,15.371414562,ALFREDO GASPAR DE MENDONÇA NETO,ALFREDO GASPAR,PL,v,,,,,04/10/2026 19:04:12,sim
1,04/10/2026,6257,Presidente,1,municipio,RN,17175,2406007,JOSÉ DA PENHA,,,,,PARTIDO SOCIAL DEMOCRÁTICO,i,PSD,0,55,PSD,PARTIDO SOCIAL DEMOCRÁTICO,,55,280002551932,RONALDO RAMOS CAIADO,RONALDO CAIADO,25/09/1949,4,Válido,nao,,29,0.71,0.710958568,GILBERTO KASSAB,GILBERTO KASSAB,PSD,v,,,,,04/10/2026 19:04:12,sim
1,04/10/2026,6257,Presidente,1,municipio,RN,17175,2406007,JOSÉ DA PENHA,,PT/PC do B/PV,FEDERAÇÃO BRASIL DA ESPERANÇA - FE BRASIL,PT/PC do B/PV,BRASIL PRONTO PRA MAIS,c,PSB / PDT / PCDOB / PT / PV / PSOL / REDE,,13,PT,PARTIDO DOS TRABALHADORES,101,13,280002542548,LUIZ INÁCIO LULA DA SILVA,LULA,06/10/1945,2,Válido,nao,,3329,81.61,81.613140476,GERALDO JOSE RODRIGUES ALCKMIN FILHO,GERALDO ALCKMIN,PSB,v,,,,,04/10/2026 19:04:12,sim
1,04/10/2026,6257,Presidente,1,municipio,RN,17175,2406007,JOSÉ DA PENHA,,,,,DEMOCRACIA CRISTÃ,i,DC,0,27,DC,DEMOCRACIA CRISTÃ,,27,280002552484,CLARIANA ZACARKIM BARAO,CLARIANA BARAO,03/04/1987,9,Válido,nao,,0,0.00,0,FABIANA CRISTINA TAVARES TORQUATO,FABIANA TORQUATO,DC,v,,,,,04/10/2026 19:04:12,sim
1,04/10/2026,6257,Presidente,1,municipio,RN,17175,2406007,JOSÉ DA PENHA,,,,,PARTIDO COMUNISTA BRASILEIRO,i,PCB,0,21,PCB,PARTIDO COMUNISTA BRASILEIRO,,21,280002551975,EDMILSON SILVA COSTA,EDMILSON COSTA,08/04/1950,10,Válido,nao,,1,0.02,0.024515813,CLEUSA DOS SANTOS,CLEUSA SANTOS,PCB,v,,,,,04/10/2026 19:04:12,sim
1,04/10/2026,6257,Presidente,1,municipio,RN,17175,2406007,JOSÉ DA PENHA,,,,,PARTIDO SOCIALISTA  DOS TRABALHADORES UNIFICADO,i,PSTU,0,16,PSTU,PARTIDO SOCIALISTA  DOS TRABALHADORES UNIFICADO,,16,280002541457,HERTZ DA CONCEICAO DIAS,HERTZ DIAS,20/10/1970,8,Válido,nao,,0,0.00,0,VANESSA PORTUGAL BARBOSA,VANESSA PORTUGAL,PSTU,v,,,,,04/10/2026 19:04:12,sim
1,04/10/2026,6257,Presidente,1,municipio,RN,17175,2406007,JOSÉ DA PENHA,,,,,BRASIL DOS NOSSOS SONHOS,c,AGIR / AVANTE,,70,AVANTE,AVANTE,,70,280002551547,AUGUSTO JORGE CURY,ESCRITOR AUGUSTO CURY,02/10/1958,3,Válido,nao,,55,1.35,1.348369698,JULIO CESAR DELGADO,JÚLIO DELGADO,AVANTE,v,,,,,04/10/2026 19:04:12,sim
1,04/10/2026,6257,Presidente,1,municipio,RN,17175,2406007,JOSÉ DA PENHA,,,,,PARTIDO NOVO,i,NOVO,0,30,NOVO,PARTIDO NOVO,,30,280002539826,ROMEU ZEMA NETO,ZEMA,28/10/1964,6,Válido,nao,,1,0.02,0.024515813,LUIS EDUARDO GRANGEIRO GIRÃO,EDUARDO GIRÃO,NOVO,v,,,,,04/10/2026 19:04:12,sim
1,04/10/2026,6257,Presidente,1,municipio,RN,17175,2406007,JOSÉ DA PENHA,,,,,UNIDADE POPULAR,i,UP,0,80,UP,UNIDADE POPULAR,,80,280002538811,SAMARA MARTINS DA SILVA FEITOSA,SAMARA,31/08/1987,7,Válido,nao,,1,0.02,0.024515813,RAQUEL NONATO DE BRICIO,RAQUEL BRÍCIO,UP,v,,,,,04/10/2026 19:04:12,sim
1,04/10/2026,6257,Presidente,1,municipio,RN,17175,2406007,JOSÉ DA PENHA,,,,,DEMOCRATA,i,DEMOCRATA,0,35,DEMOCRATA,DEMOCRATA,,35,280002548139,WILSON GRASSI JUNIOR,VETERINÁRIO WILSON GRASSI,13/03/1970,11,Válido,nao,,2,0.05,0.049031625,SUÊD HAIDAR NOGUEIRA,SUÊD HAIDAR,DEMOCRATA,v,,,,,04/10/2026 19:04:12,sim
1,04/10/2026,6257,Presidente,1,municipio,RN,17175,2406007,JOSÉ DA PENHA,,,,,PARTIDO MISSÃO,i,MISSÃO,0,14,MISSÃO,PARTIDO MISSÃO,,14,280002540694,RENAN ANTONIO FERREIRA DOS SANTOS,RENAN SANTOS,14/02/1984,5,Válido,nao,,32,0.78,0.784506006,AROLDO MEDINA,CORONEL MEDINA,MISSÃO,v,,,,,04/10/2026 19:04:12,sim
1,04/10/2026,6257,Presidente,1,municipio,RN,17175,2406007,JOSÉ DA PENHA,,,,,PARTIDO DA CAUSA OPERÁRIA,i,PCO,0,29,PCO,PARTIDO DA CAUSA OPERÁRIA,,29,280002552487,RUI COSTA PIMENTA,RUI COSTA PIMENTA,25/06/1957,12,Válido,nao,,2,0.05,0.049031625,ANTONIO CARLOS SILVA,ANTÔNIO CARLOS,PCO,v,,,,,04/10/2026 19:04:12,sim
1,04/10/2026,6257,Presidente,1,municipio,RN,17191,2406106,JUCURUTU,,,,,PARTIDO LIBERAL,i,PL,0,22,PL,PARTIDO LIBERAL,,22,280002551544,FLAVIO NANTES BOLSONARO,FLAVIO BOLSONARO,30/04/1981,1,Válido,nao,,3261,26.33,26.330238191,ALFREDO GASPAR DE MENDONÇA NETO,ALFREDO GASPAR,PL,v,,,,,04/10/2026 19:12:56,sim
1,04/10/2026,6257,Presidente,1,municipio,RN,17191,2406106,JUCURUTU,,,,,PARTIDO SOCIAL DEMOCRÁTICO,i,PSD,0,55,PSD,PARTIDO SOCIAL DEMOCRÁTICO,,55,280002551932,RONALDO RAMOS CAIADO,RONALDO CAIADO,25/09/1949,5,Válido,nao,,59,0.48,0.476382721,GILBERTO KASSAB,GILBERTO KASSAB,PSD,v,,,,,04/10/2026 19:12:56,sim
1,04/10/2026,6257,Presidente,1,municipio,RN,17191,2406106,JUCURUTU,,PT/PC do B/PV,FEDERAÇÃO BRASIL DA ESPERANÇA - FE BRASIL,PT/PC do B/PV,BRASIL PRONTO PRA MAIS,c,PSB / PDT / PCDOB / PT / PV / PSOL / REDE,,13,PT,PARTIDO DOS TRABALHADORES,101,13,280002542548,LUIZ INÁCIO LULA DA SILVA,LULA,06/10/1945,2,Válido,nao,,8585,69.32,69.317723052,GERALDO JOSE RODRIGUES ALCKMIN FILHO,GERALDO ALCKMIN,PSB,v,,,,,04/10/2026 19:12:56,sim
1,04/10/2026,6257,Presidente,1,municipio,RN,17191,2406106,JUCURUTU,,,,,DEMOCRACIA CRISTÃ,i,DC,0,27,DC,DEMOCRACIA CRISTÃ,,27,280002552484,CLARIANA ZACARKIM BARAO,CLARIANA BARAO,03/04/1987,9,Válido,nao,,1,0.01,0.008074283,FABIANA CRISTINA TAVARES TORQUATO,FABIANA TORQUATO,DC,v,,,,,04/10/2026 19:12:56,sim
1,04/10/2026,6257,Presidente,1,municipio,RN,17191,2406106,JUCURUTU,,,,,PARTIDO COMUNISTA BRASILEIRO,i,PCB,0,21,PCB,PARTIDO COMUNISTA BRASILEIRO,,21,280002551975,EDMILSON SILVA COSTA,EDMILSON COSTA,08/04/1950,10,Válido,nao,,6,0.05,0.048445700,CLEUSA DOS SANTOS,CLEUSA SANTOS,PCB,v,,,,,04/10/2026 19:12:56,sim
1,04/10/2026,6257,Presidente,1,municipio,RN,17191,2406106,JUCURUTU,,,,,PARTIDO SOCIALISTA  DOS TRABALHADORES UNIFICADO,i,PSTU,0,16,PSTU,PARTIDO SOCIALISTA  DOS TRABALHADORES UNIFICADO,,16,280002541457,HERTZ DA CONCEICAO DIAS,HERTZ DIAS,20/10/1970,8,Válido,nao,,0,0.00,0,VANESSA PORTUGAL BARBOSA,VANESSA PORTUGAL,PSTU,v,,,,,04/10/2026 19:12:56,sim
1,04/10/2026,6257,Presidente,1,municipio,RN,17191,2406106,JUCURUTU,,,,,BRASIL DOS NOSSOS SONHOS,c,AGIR / AVANTE,,70,AVANTE,AVANTE,,70,280002551547,AUGUSTO JORGE CURY,ESCRITOR AUGUSTO CURY,02/10/1958,3,Válido,nao,,310,2.50,2.503027856,JULIO CESAR DELGADO,JÚLIO DELGADO,AVANTE,v,,,,,04/10/2026 19:12:56,sim
1,04/10/2026,6257,Presidente,1,municipio,RN,17191,2406106,JUCURUTU,,,,,PARTIDO NOVO,i,NOVO,0,30,NOVO,PARTIDO NOVO,,30,280002539826,ROMEU ZEMA NETO,ZEMA,28/10/1964,6,Válido,nao,,4,0.03,0.032297134,LUIS EDUARDO GRANGEIRO GIRÃO,EDUARDO GIRÃO,NOVO,v,,,,,04/10/2026 19:12:56,sim
1,04/10/2026,6257,Presidente,1,municipio,RN,17191,2406106,JUCURUTU,,,,,UNIDADE POPULAR,i,UP,0,80,UP,UNIDADE POPULAR,,80,280002538811,SAMARA MARTINS DA SILVA FEITOSA,SAMARA,31/08/1987,7,Válido,nao,,1,0.01,0.008074283,RAQUEL NONATO DE BRICIO,RAQUEL BRÍCIO,UP,v,,,,,04/10/2026 19:12:56,sim
1,04/10/2026,6257,Presidente,1,municipio,RN,17191,2406106,JUCURUTU,,,,,DEMOCRATA,i,DEMOCRATA,0,35,DEMOCRATA,DEMOCRATA,,35,280002548139,WILSON GRASSI JUNIOR,VETERINÁRIO WILSON GRASSI,13/03/1970,11,Válido,nao,,2,0.02,0.016148567,SUÊD HAIDAR NOGUEIRA,SUÊD HAIDAR,DEMOCRATA,v,,,,,04/10/2026 19:12:56,sim
1,04/10/2026,6257,Presidente,1,municipio,RN,17191,2406106,JUCURUTU,,,,,PARTIDO MISSÃO,i,MISSÃO,0,14,MISSÃO,PARTIDO MISSÃO,,14,280002540694,RENAN ANTONIO FERREIRA DOS SANTOS,RENAN SANTOS,14/02/1984,4,Válido,nao,,156,1.26,1.259588212,AROLDO MEDINA,CORONEL MEDINA,MISSÃO,v,,,,,04/10/2026 19:12:56,sim
1,04/10/2026,6257,Presidente,1,municipio,RN,17191,2406106,JUCURUTU,,,,,PARTIDO DA CAUSA OPERÁRIA,i,PCO,0,29,PCO,PARTIDO DA CAUSA OPERÁRIA,,29,280002552487,RUI COSTA PIMENTA,RUI COSTA PIMENTA,25/06/1957,12,Válido,nao,,0,0.00,0,ANTONIO CARLOS SILVA,ANTÔNIO CARLOS,PCO,v,,,,,04/10/2026 19:12:56,sim
1,04/10/2026,6257,Presidente,1,municipio,RN,17213,2407609,MESSIAS TARGINO,,,,,PARTIDO LIBERAL,i,PL,0,22,PL,PARTIDO LIBERAL,,22,280002551544,FLAVIO NANTES BOLSONARO,FLAVIO BOLSONARO,30/04/1981,1,Válido,nao,,1099,28.67,28.672058440,ALFREDO GASPAR DE MENDONÇA NETO,ALFREDO GASPAR,PL,v,,,,,04/10/2026 18:57:34,sim
1,04/10/2026,6257,Presidente,1,municipio,RN,17213,2407609,MESSIAS TARGINO,,,,,PARTIDO SOCIAL DEMOCRÁTICO,i,PSD,0,55,PSD,PARTIDO SOCIAL DEMOCRÁTICO,,55,280002551932,RONALDO RAMOS CAIADO,RONALDO CAIADO,25/09/1949,4,Válido,nao,,16,0.42,0.417427602,GILBERTO KASSAB,GILBERTO KASSAB,PSD,v,,,,,04/10/2026 18:57:34,sim
1,04/10/2026,6257,Presidente,1,municipio,RN,17213,2407609,MESSIAS TARGINO,,PT/PC do B/PV,FEDERAÇÃO BRASIL DA ESPERANÇA - FE BRASIL,PT/PC do B/PV,BRASIL PRONTO PRA MAIS,c,PSB / PDT / PCDOB / PT / PV / PSOL / REDE,,13,PT,PARTIDO DOS TRABALHADORES,101,13,280002542548,LUIZ INÁCIO LULA DA SILVA,LULA,06/10/1945,2,Válido,nao,,2586,67.47,67.466736238,GERALDO JOSE RODRIGUES ALCKMIN FILHO,GERALDO ALCKMIN,PSB,v,,,,,04/10/2026 18:57:34,sim
1,04/10/2026,6257,Presidente,1,municipio,RN,17213,2407609,MESSIAS TARGINO,,,,,DEMOCRACIA CRISTÃ,i,DC,0,27,DC,DEMOCRACIA CRISTÃ,,27,280002552484,CLARIANA ZACARKIM BARAO,CLARIANA BARAO,03/04/1987,9,Válido,nao,,0,0.00,0,FABIANA CRISTINA TAVARES TORQUATO,FABIANA TORQUATO,DC,v,,,,,04/10/2026 18:57:34,sim
1,04/10/2026,6257,Presidente,1,municipio,RN,17213,2407609,MESSIAS TARGINO,,,,,PARTIDO COMUNISTA BRASILEIRO,i,PCB,0,21,PCB,PARTIDO COMUNISTA BRASILEIRO,,21,280002551975,EDMILSON SILVA COSTA,EDMILSON COSTA,08/04/1950,10,Válido,nao,,0,0.00,0,CLEUSA DOS SANTOS,CLEUSA SANTOS,PCB,v,,,,,04/10/2026 18:57:34,sim
1,04/10/2026,6257,Presidente,1,municipio,RN,17213,2407609,MESSIAS TARGINO,,,,,PARTIDO SOCIALISTA  DOS TRABALHADORES UNIFICADO,i,PSTU,0,16,PSTU,PARTIDO SOCIALISTA  DOS TRABALHADORES UNIFICADO,,16,280002541457,HERTZ DA CONCEICAO DIAS,HERTZ DIAS,20/10/1970,8,Válido,nao,,0,0.00,0,VANESSA PORTUGAL BARBOSA,VANESSA PORTUGAL,PSTU,v,,,,,04/10/2026 18:57:34,sim
1,04/10/2026,6257,Presidente,1,municipio,RN,17213,2407609,MESSIAS TARGINO,,,,,BRASIL DOS NOSSOS SONHOS,c,AGIR / AVANTE,,70,AVANTE,AVANTE,,70,280002551547,AUGUSTO JORGE CURY,ESCRITOR AUGUSTO CURY,02/10/1958,3,Válido,nao,,75,1.96,1.956691886,JULIO CESAR DELGADO,JÚLIO DELGADO,AVANTE,v,,,,,04/10/2026 18:57:34,sim
1,04/10/2026,6257,Presidente,1,municipio,RN,17213,2407609,MESSIAS TARGINO,,,,,PARTIDO NOVO,i,NOVO,0,30,NOVO,PARTIDO NOVO,,30,280002539826,ROMEU ZEMA NETO,ZEMA,28/10/1964,6,Válido,nao,,0,0.00,0,LUIS EDUARDO GRANGEIRO GIRÃO,EDUARDO GIRÃO,NOVO,v,,,,,04/10/2026 18:57:34,sim
1,04/10/2026,6257,Presidente,1,municipio,RN,17213,2407609,MESSIAS TARGINO,,,,,UNIDADE POPULAR,i,UP,0,80,UP,UNIDADE POPULAR,,80,280002538811,SAMARA MARTINS DA SILVA FEITOSA,SAMARA,31/08/1987,7,Válido,nao,,1,0.03,0.026089225,RAQUEL NONATO DE BRICIO,RAQUEL BRÍCIO,UP,v,,,,,04/10/2026 18:57:34,sim
1,04/10/2026,6257,Presidente,1,municipio,RN,17213,2407609,MESSIAS TARGINO,,,,,DEMOCRATA,i,DEMOCRATA,0,35,DEMOCRATA,DEMOCRATA,,35,280002548139,WILSON GRASSI JUNIOR,VETERINÁRIO WILSON GRASSI,13/03/1970,11,Válido,nao,,0,0.00,0,SUÊD HAIDAR NOGUEIRA,SUÊD HAIDAR,DEMOCRATA,v,,,,,04/10/2026 18:57:34,sim
1,04/10/2026,6257,Presidente,1,municipio,RN,17213,2407609,MESSIAS TARGINO,,,,,PARTIDO MISSÃO,i,MISSÃO,0,14,MISSÃO,PARTIDO MISSÃO,,14,280002540694,RENAN ANTONIO FERREIRA DOS SANTOS,RENAN SANTOS,14/02/1984,5,Válido,nao,,56,1.46,1.460996608,AROLDO MEDINA,CORONEL MEDINA,MISSÃO,v,,,,,04/10/2026 18:57:34,sim
1,04/10/2026,6257,Presidente,1,municipio,RN,17213,2407609,MESSIAS TARGINO,,,,,PARTIDO DA CAUSA OPERÁRIA,i,PCO,0,29,PCO,PARTIDO DA CAUSA OPERÁRIA,,29,280002552487,RUI COSTA PIMENTA,RUI COSTA PIMENTA,25/06/1957,12,Válido,nao,,0,0.00,0,ANTONIO CARLOS SILVA,ANTÔNIO CARLOS,PCO,v,,,,,04/10/2026 18:57:34,sim
1,04/10/2026,6257,Presidente,1,municipio,RN,17230,2406205,LAGOA D'ANTA,,,,,PARTIDO LIBERAL,i,PL,0,22,PL,PARTIDO LIBERAL,,22,280002551544,FLAVIO NANTES BOLSONARO,FLAVIO BOLSONARO,30/04/1981,1,Válido,nao,,1160,23.63,23.634881826,ALFREDO GASPAR DE MENDONÇA NETO,ALFREDO GASPAR,PL,v,,,,,04/10/2026 19:29:38,sim
1,04/10/2026,6257,Presidente,1,municipio,RN,17230,2406205,LAGOA D'ANTA,,,,,PARTIDO SOCIAL DEMOCRÁTICO,i,PSD,0,55,PSD,PARTIDO SOCIAL DEMOCRÁTICO,,55,280002551932,RONALDO RAMOS CAIADO,RONALDO CAIADO,25/09/1949,5,Válido,nao,,20,0.41,0.407497963,GILBERTO KASSAB,GILBERTO KASSAB,PSD,v,,,,,04/10/2026 19:29:38,sim
1,04/10/2026,6257,Presidente,1,municipio,RN,17230,2406205,LAGOA D'ANTA,,PT/PC do B/PV,FEDERAÇÃO BRASIL DA ESPERANÇA - FE BRASIL,PT/PC do B/PV,BRASIL PRONTO PRA MAIS,c,PSB / PDT / PCDOB / PT / PV / PSOL / REDE,,13,PT,PARTIDO DOS TRABALHADORES,101,13,280002542548,LUIZ INÁCIO LULA DA SILVA,LULA,06/10/1945,2,Válido,nao,,3586,73.06,73.064384678,GERALDO JOSE RODRIGUES ALCKMIN FILHO,GERALDO ALCKMIN,PSB,v,,,,,04/10/2026 19:29:38,sim
1,04/10/2026,6257,Presidente,1,municipio,RN,17230,2406205,LAGOA D'ANTA,,,,,DEMOCRACIA CRISTÃ,i,DC,0,27,DC,DEMOCRACIA CRISTÃ,,27,280002552484,CLARIANA ZACARKIM BARAO,CLARIANA BARAO,03/04/1987,9,Válido,nao,,1,0.02,0.020374898,FABIANA CRISTINA TAVARES TORQUATO,FABIANA TORQUATO,DC,v,,,,,04/10/2026 19:29:38,sim
1,04/10/2026,6257,Presidente,1,municipio,RN,17230,2406205,LAGOA D'ANTA,,,,,PARTIDO COMUNISTA BRASILEIRO,i,PCB,0,21,PCB,PARTIDO COMUNISTA BRASILEIRO,,21,280002551975,EDMILSON SILVA COSTA,EDMILSON COSTA,08/04/1950,10,Válido,nao,,0,0.00,0,CLEUSA DOS SANTOS,CLEUSA SANTOS,PCB,v,,,,,04/10/2026 19:29:38,sim
1,04/10/2026,6257,Presidente,1,municipio,RN,17230,2406205,LAGOA D'ANTA,,,,,PARTIDO SOCIALISTA  DOS TRABALHADORES UNIFICADO,i,PSTU,0,16,PSTU,PARTIDO SOCIALISTA  DOS TRABALHADORES UNIFICADO,,16,280002541457,HERTZ DA CONCEICAO DIAS,HERTZ DIAS,20/10/1970,8,Válido,nao,,0,0.00,0,VANESSA PORTUGAL BARBOSA,VANESSA PORTUGAL,PSTU,v,,,,,04/10/2026 19:29:38,sim
1,04/10/2026,6257,Presidente,1,municipio,RN,17230,2406205,LAGOA D'ANTA,,,,,BRASIL DOS NOSSOS SONHOS,c,AGIR / AVANTE,,70,AVANTE,AVANTE,,70,280002551547,AUGUSTO JORGE CURY,ESCRITOR AUGUSTO CURY,02/10/1958,3,Válido,nao,,82,1.67,1.670741646,JULIO CESAR DELGADO,JÚLIO DELGADO,AVANTE,v,,,,,04/10/2026 19:29:38,sim
1,04/10/2026,6257,Presidente,1,municipio,RN,17230,2406205,LAGOA D'ANTA,,,,,PARTIDO NOVO,i,NOVO,0,30,NOVO,PARTIDO NOVO,,30,280002539826,ROMEU ZEMA NETO,ZEMA,28/10/1964,6,Válido,nao,,1,0.02,0.020374898,LUIS EDUARDO GRANGEIRO GIRÃO,EDUARDO GIRÃO,NOVO,v,,,,,04/10/2026 19:29:38,sim
1,04/10/2026,6257,Presidente,1,municipio,RN,17230,2406205,LAGOA D'ANTA,,,,,UNIDADE POPULAR,i,UP,0,80,UP,UNIDADE POPULAR,,80,280002538811,SAMARA MARTINS DA SILVA FEITOSA,SAMARA,31/08/1987,7,Válido,nao,,2,0.04,0.040749796,RAQUEL NONATO DE BRICIO,RAQUEL BRÍCIO,UP,v,,,,,04/10/2026 19:29:38,sim
1,04/10/2026,6257,Presidente,1,municipio,RN,17230,2406205,LAGOA D'ANTA,,,,,DEMOCRATA,i,DEMOCRATA,0,35,DEMOCRATA,DEMOCRATA,,35,280002548139,WILSON GRASSI JUNIOR,VETERINÁRIO WILSON GRASSI,13/03/1970,11,Válido,nao,,0,0.00,0,SUÊD HAIDAR NOGUEIRA,SUÊD HAIDAR,DEMOCRATA,v,,,,,04/10/2026 19:29:38,sim
1,04/10/2026,6257,Presidente,1,municipio,RN,17230,2406205,LAGOA D'ANTA,,,,,PARTIDO MISSÃO,i,MISSÃO,0,14,MISSÃO,PARTIDO MISSÃO,,14,280002540694,RENAN ANTONIO FERREIRA DOS SANTOS,RENAN SANTOS,14/02/1984,4,Válido,nao,,54,1.10,1.100244499,AROLDO MEDINA,CORONEL MEDINA,MISSÃO,v,,,,,04/10/2026 19:29:38,sim
1,04/10/2026,6257,Presidente,1,municipio,RN,17230,2406205,LAGOA D'ANTA,,,,,PARTIDO DA CAUSA OPERÁRIA,i,PCO,0,29,PCO,PARTIDO DA CAUSA OPERÁRIA,,29,280002552487,RUI COSTA PIMENTA,RUI COSTA PIMENTA,25/06/1957,12,Válido,nao,,2,0.04,0.040749796,ANTONIO CARLOS SILVA,ANTÔNIO CARLOS,PCO,v,,,,,04/10/2026 19:29:38,sim
1,04/10/2026,6257,Presidente,1,municipio,RN,17256,2406304,LAGOA DE PEDRAS,,,,,PARTIDO LIBERAL,i,PL,0,22,PL,PARTIDO LIBERAL,,22,280002551544,FLAVIO NANTES BOLSONARO,FLAVIO BOLSONARO,30/04/1981,1,Válido,nao,,1589,26.33,26.334106729,ALFREDO GASPAR DE MENDONÇA NETO,ALFREDO GASPAR,PL,v,,,,,04/10/2026 20:11:34,sim
1,04/10/2026,6257,Presidente,1,municipio,RN,17256,2406304,LAGOA DE PEDRAS,,,,,PARTIDO SOCIAL DEMOCRÁTICO,i,PSD,0,55,PSD,PARTIDO SOCIAL DEMOCRÁTICO,,55,280002551932,RONALDO RAMOS CAIADO,RONALDO CAIADO,25/09/1949,5,Válido,nao,,48,0.80,0.795492211,GILBERTO KASSAB,GILBERTO KASSAB,PSD,v,,,,,04/10/2026 20:11:34,sim
1,04/10/2026,6257,Presidente,1,municipio,RN,17256,2406304,LAGOA DE PEDRAS,,PT/PC do B/PV,FEDERAÇÃO BRASIL DA ESPERANÇA - FE BRASIL,PT/PC do B/PV,BRASIL PRONTO PRA MAIS,c,PSB / PDT / PCDOB / PT / PV / PSOL / REDE,,13,PT,PARTIDO DOS TRABALHADORES,101,13,280002542548,LUIZ INÁCIO LULA DA SILVA,LULA,06/10/1945,2,Válido,nao,,4148,68.74,68.743785217,GERALDO JOSE RODRIGUES ALCKMIN FILHO,GERALDO ALCKMIN,PSB,v,,,,,04/10/2026 20:11:34,sim
1,04/10/2026,6257,Presidente,1,municipio,RN,17256,2406304,LAGOA DE PEDRAS,,,,,DEMOCRACIA CRISTÃ,i,DC,0,27,DC,DEMOCRACIA CRISTÃ,,27,280002552484,CLARIANA ZACARKIM BARAO,CLARIANA BARAO,03/04/1987,9,Válido,nao,,1,0.02,0.016572754,FABIANA CRISTINA TAVARES TORQUATO,FABIANA TORQUATO,DC,v,,,,,04/10/2026 20:11:34,sim
1,04/10/2026,6257,Presidente,1,municipio,RN,17256,2406304,LAGOA DE PEDRAS,,,,,PARTIDO COMUNISTA BRASILEIRO,i,PCB,0,21,PCB,PARTIDO COMUNISTA BRASILEIRO,,21,280002551975,EDMILSON SILVA COSTA,EDMILSON COSTA,08/04/1950,10,Válido,nao,,0,0.00,0,CLEUSA DOS SANTOS,CLEUSA SANTOS,PCB,v,,,,,04/10/2026 20:11:34,sim
1,04/10/2026,6257,Presidente,1,municipio,RN,17256,2406304,LAGOA DE PEDRAS,,,,,PARTIDO SOCIALISTA  DOS TRABALHADORES UNIFICADO,i,PSTU,0,16,PSTU,PARTIDO SOCIALISTA  DOS TRABALHADORES UNIFICADO,,16,280002541457,HERTZ DA CONCEICAO DIAS,HERTZ DIAS,20/10/1970,8,Válido,nao,,3,0.05,0.049718263,VANESSA PORTUGAL BARBOSA,VANESSA PORTUGAL,PSTU,v,,,,,04/10/2026 20:11:34,sim
1,04/10/2026,6257,Presidente,1,municipio,RN,17256,2406304,LAGOA DE PEDRAS,,,,,BRASIL DOS NOSSOS SONHOS,c,AGIR / AVANTE,,70,AVANTE,AVANTE,,70,280002551547,AUGUSTO JORGE CURY,ESCRITOR AUGUSTO CURY,02/10/1958,3,Válido,nao,,160,2.65,2.651640703,JULIO CESAR DELGADO,JÚLIO DELGADO,AVANTE,v,,,,,04/10/2026 20:11:34,sim
1,04/10/2026,6257,Presidente,1,municipio,RN,17256,2406304,LAGOA DE PEDRAS,,,,,PARTIDO NOVO,i,NOVO,0,30,NOVO,PARTIDO NOVO,,30,280002539826,ROMEU ZEMA NETO,ZEMA,28/10/1964,6,Válido,nao,,2,0.03,0.033145509,LUIS EDUARDO GRANGEIRO GIRÃO,EDUARDO GIRÃO,NOVO,v,,,,,04/10/2026 20:11:34,sim
1,04/10/2026,6257,Presidente,1,municipio,RN,17256,2406304,LAGOA DE PEDRAS,,,,,UNIDADE POPULAR,i,UP,0,80,UP,UNIDADE POPULAR,,80,280002538811,SAMARA MARTINS DA SILVA FEITOSA,SAMARA,31/08/1987,7,Válido,nao,,0,0.00,0,RAQUEL NONATO DE BRICIO,RAQUEL BRÍCIO,UP,v,,,,,04/10/2026 20:11:34,sim
1,04/10/2026,6257,Presidente,1,municipio,RN,17256,2406304,LAGOA DE PEDRAS,,,,,DEMOCRATA,i,DEMOCRATA,0,35,DEMOCRATA,DEMOCRATA,,35,280002548139,WILSON GRASSI JUNIOR,VETERINÁRIO WILSON GRASSI,13/03/1970,11,Válido,nao,,0,0.00,0,SUÊD HAIDAR NOGUEIRA,SUÊD HAIDAR,DEMOCRATA,v,,,,,04/10/2026 20:11:34,sim
1,04/10/2026,6257,Presidente,1,municipio,RN,17256,2406304,LAGOA DE PEDRAS,,,,,PARTIDO MISSÃO,i,MISSÃO,0,14,MISSÃO,PARTIDO MISSÃO,,14,280002540694,RENAN ANTONIO FERREIRA DOS SANTOS,RENAN SANTOS,14/02/1984,4,Válido,nao,,82,1.36,1.358965860,AROLDO MEDINA,CORONEL MEDINA,MISSÃO,v,,,,,04/10/2026 20:11:34,sim
1,04/10/2026,6257,Presidente,1,municipio,RN,17256,2406304,LAGOA DE PEDRAS,,,,,PARTIDO DA CAUSA OPERÁRIA,i,PCO,0,29,PCO,PARTIDO DA CAUSA OPERÁRIA,,29,280002552487,RUI COSTA PIMENTA,RUI COSTA PIMENTA,25/06/1957,12,Válido,nao,,1,0.02,0.016572754,ANTONIO CARLOS SILVA,ANTÔNIO CARLOS,PCO,v,,,,,04/10/2026 20:11:34,sim
1,04/10/2026,6257,Presidente,1,municipio,RN,17272,2406403,LAGOA DE VELHOS,,,,,PARTIDO LIBERAL,i,PL,0,22,PL,PARTIDO LIBERAL,,22,280002551544,FLAVIO NANTES BOLSONARO,FLAVIO BOLSONARO,30/04/1981,1,Válido,nao,,834,31.64,31.638846737,ALFREDO GASPAR DE MENDONÇA NETO,ALFREDO GASPAR,PL,v,,,,,04/10/2026 19:22:35,sim
1,04/10/2026,6257,Presidente,1,municipio,RN,17272,2406403,LAGOA DE VELHOS,,,,,PARTIDO SOCIAL DEMOCRÁTICO,i,PSD,0,55,PSD,PARTIDO SOCIAL DEMOCRÁTICO,,55,280002551932,RONALDO RAMOS CAIADO,RONALDO CAIADO,25/09/1949,5,Válido,nao,,16,0.61,0.606980273,GILBERTO KASSAB,GILBERTO KASSAB,PSD,v,,,,,04/10/2026 19:22:35,sim
1,04/10/2026,6257,Presidente,1,municipio,RN,17272,2406403,LAGOA DE VELHOS,,PT/PC do B/PV,FEDERAÇÃO BRASIL DA ESPERANÇA - FE BRASIL,PT/PC do B/PV,BRASIL PRONTO PRA MAIS,c,PSB / PDT / PCDOB / PT / PV / PSOL / REDE,,13,PT,PARTIDO DOS TRABALHADORES,101,13,280002542548,LUIZ INÁCIO LULA DA SILVA,LULA,06/10/1945,2,Válido,nao,,1665,63.16,63.163884674,GERALDO JOSE RODRIGUES ALCKMIN FILHO,GERALDO ALCKMIN,PSB,v,,,,,04/10/2026 19:22:35,sim
1,04/10/2026,6257,Presidente,1,municipio,RN,17272,2406403,LAGOA DE VELHOS,,,,,DEMOCRACIA CRISTÃ,i,DC,0,27,DC,DEMOCRACIA CRISTÃ,,27,280002552484,CLARIANA ZACARKIM BARAO,CLARIANA BARAO,03/04/1987,9,Válido,nao,,1,0.04,0.037936267,FABIANA CRISTINA TAVARES TORQUATO,FABIANA TORQUATO,DC,v,,,,,04/10/2026 19:22:35,sim
1,04/10/2026,6257,Presidente,1,municipio,RN,17272,2406403,LAGOA DE VELHOS,,,,,PARTIDO COMUNISTA BRASILEIRO,i,PCB,0,21,PCB,PARTIDO COMUNISTA BRASILEIRO,,21,280002551975,EDMILSON SILVA COSTA,EDMILSON COSTA,08/04/1950,10,Válido,nao,,1,0.04,0.037936267,CLEUSA DOS SANTOS,CLEUSA SANTOS,PCB,v,,,,,04/10/2026 19:22:35,sim
1,04/10/2026,6257,Presidente,1,municipio,RN,17272,2406403,LAGOA DE VELHOS,,,,,PARTIDO SOCIALISTA  DOS TRABALHADORES UNIFICADO,i,PSTU,0,16,PSTU,PARTIDO SOCIALISTA  DOS TRABALHADORES UNIFICADO,,16,280002541457,HERTZ DA CONCEICAO DIAS,HERTZ DIAS,20/10/1970,8,Válido,nao,,1,0.04,0.037936267,VANESSA PORTUGAL BARBOSA,VANESSA PORTUGAL,PSTU,v,,,,,04/10/2026 19:22:35,sim
1,04/10/2026,6257,Presidente,1,municipio,RN,17272,2406403,LAGOA DE VELHOS,,,,,BRASIL DOS NOSSOS SONHOS,c,AGIR / AVANTE,,70,AVANTE,AVANTE,,70,280002551547,AUGUSTO JORGE CURY,ESCRITOR AUGUSTO CURY,02/10/1958,3,Válido,nao,,82,3.11,3.110773900,JULIO CESAR DELGADO,JÚLIO DELGADO,AVANTE,v,,,,,04/10/2026 19:22:35,sim
1,04/10/2026,6257,Presidente,1,municipio,RN,17272,2406403,LAGOA DE VELHOS,,,,,PARTIDO NOVO,i,NOVO,0,30,NOVO,PARTIDO NOVO,,30,280002539826,ROMEU ZEMA NETO,ZEMA,28/10/1964,6,Válido,nao,,0,0.00,0,LUIS EDUARDO GRANGEIRO GIRÃO,EDUARDO GIRÃO,NOVO,v,,,,,04/10/2026 19:22:35,sim
1,04/10/2026,6257,Presidente,1,municipio,RN,17272,2406403,LAGOA DE VELHOS,,,,,UNIDADE POPULAR,i,UP,0,80,UP,UNIDADE POPULAR,,80,280002538811,SAMARA MARTINS DA SILVA FEITOSA,SAMARA,31/08/1987,7,Válido,nao,,1,0.04,0.037936267,RAQUEL NONATO DE BRICIO,RAQUEL BRÍCIO,UP,v,,,,,04/10/2026 19:22:35,sim
1,04/10/2026,6257,Presidente,1,municipio,RN,17272,2406403,LAGOA DE VELHOS,,,,,DEMOCRATA,i,DEMOCRATA,0,35,DEMOCRATA,DEMOCRATA,,35,280002548139,WILSON GRASSI JUNIOR,VETERINÁRIO WILSON GRASSI,13/03/1970,11,Válido,nao,,0,0.00,0,SUÊD HAIDAR NOGUEIRA,SUÊD HAIDAR,DEMOCRATA,v,,,,,04/10/2026 19:22:35,sim
1,04/10/2026,6257,Presidente,1,municipio,RN,17272,2406403,LAGOA DE VELHOS,,,,,PARTIDO MISSÃO,i,MISSÃO,0,14,MISSÃO,PARTIDO MISSÃO,,14,280002540694,RENAN ANTONIO FERREIRA DOS SANTOS,RENAN SANTOS,14/02/1984,4,Válido,nao,,35,1.33,1.327769347,AROLDO MEDINA,CORONEL MEDINA,MISSÃO,v,,,,,04/10/2026 19:22:35,sim
1,04/10/2026,6257,Presidente,1,municipio,RN,17272,2406403,LAGOA DE VELHOS,,,,,PARTIDO DA CAUSA OPERÁRIA,i,PCO,0,29,PCO,PARTIDO DA CAUSA OPERÁRIA,,29,280002552487,RUI COSTA PIMENTA,RUI COSTA PIMENTA,25/06/1957,12,Válido,nao,,0,0.00,0,ANTONIO CARLOS SILVA,ANTÔNIO CARLOS,PCO,v,,,,,04/10/2026 19:22:35,sim
1,04/10/2026,6257,Presidente,1,municipio,RN,17299,2406502,LAGOA NOVA,,,,,PARTIDO LIBERAL,i,PL,0,22,PL,PARTIDO LIBERAL,,22,280002551544,FLAVIO NANTES BOLSONARO,FLAVIO BOLSONARO,30/04/1981,1,Válido,nao,,2666,27.73,27.733277853,ALFREDO GASPAR DE MENDONÇA NETO,ALFREDO GASPAR,PL,v,,,,,04/10/2026 18:42:07,sim
1,04/10/2026,6257,Presidente,1,municipio,RN,17299,2406502,LAGOA NOVA,,,,,PARTIDO SOCIAL DEMOCRÁTICO,i,PSD,0,55,PSD,PARTIDO SOCIAL DEMOCRÁTICO,,55,280002551932,RONALDO RAMOS CAIADO,RONALDO CAIADO,25/09/1949,4,Válido,nao,,60,0.62,0.624154790,GILBERTO KASSAB,GILBERTO KASSAB,PSD,v,,,,,04/10/2026 18:42:07,sim
1,04/10/2026,6257,Presidente,1,municipio,RN,17299,2406502,LAGOA NOVA,,PT/PC do B/PV,FEDERAÇÃO BRASIL DA ESPERANÇA - FE BRASIL,PT/PC do B/PV,BRASIL PRONTO PRA MAIS,c,PSB / PDT / PCDOB / PT / PV / PSOL / REDE,,13,PT,PARTIDO DOS TRABALHADORES,101,13,280002542548,LUIZ INÁCIO LULA DA SILVA,LULA,06/10/1945,2,Válido,nao,,6509,67.71,67.710392177,GERALDO JOSE RODRIGUES ALCKMIN FILHO,GERALDO ALCKMIN,PSB,v,,,,,04/10/2026 18:42:07,sim
1,04/10/2026,6257,Presidente,1,municipio,RN,17299,2406502,LAGOA NOVA,,,,,DEMOCRACIA CRISTÃ,i,DC,0,27,DC,DEMOCRACIA CRISTÃ,,27,280002552484,CLARIANA ZACARKIM BARAO,CLARIANA BARAO,03/04/1987,9,Válido,nao,,1,0.01,0.010402580,FABIANA CRISTINA TAVARES TORQUATO,FABIANA TORQUATO,DC,v,,,,,04/10/2026 18:42:07,sim
1,04/10/2026,6257,Presidente,1,municipio,RN,17299,2406502,LAGOA NOVA,,,,,PARTIDO COMUNISTA BRASILEIRO,i,PCB,0,21,PCB,PARTIDO COMUNISTA BRASILEIRO,,21,280002551975,EDMILSON SILVA COSTA,EDMILSON COSTA,08/04/1950,10,Válido,nao,,2,0.02,0.020805160,CLEUSA DOS SANTOS,CLEUSA SANTOS,PCB,v,,,,,04/10/2026 18:42:07,sim
1,04/10/2026,6257,Presidente,1,municipio,RN,17299,2406502,LAGOA NOVA,,,,,PARTIDO SOCIALISTA  DOS TRABALHADORES UNIFICADO,i,PSTU,0,16,PSTU,PARTIDO SOCIALISTA  DOS TRABALHADORES UNIFICADO,,16,280002541457,HERTZ DA CONCEICAO DIAS,HERTZ DIAS,20/10/1970,8,Válido,nao,,4,0.04,0.041610319,VANESSA PORTUGAL BARBOSA,VANESSA PORTUGAL,PSTU,v,,,,,04/10/2026 18:42:07,sim
1,04/10/2026,6257,Presidente,1,municipio,RN,17299,2406502,LAGOA NOVA,,,,,BRASIL DOS NOSSOS SONHOS,c,AGIR / AVANTE,,70,AVANTE,AVANTE,,70,280002551547,AUGUSTO JORGE CURY,ESCRITOR AUGUSTO CURY,02/10/1958,3,Válido,nao,,249,2.59,2.590242380,JULIO CESAR DELGADO,JÚLIO DELGADO,AVANTE,v,,,,,04/10/2026 18:42:07,sim
1,04/10/2026,6257,Presidente,1,municipio,RN,17299,2406502,LAGOA NOVA,,,,,PARTIDO NOVO,i,NOVO,0,30,NOVO,PARTIDO NOVO,,30,280002539826,ROMEU ZEMA NETO,ZEMA,28/10/1964,6,Válido,nao,,2,0.02,0.020805160,LUIS EDUARDO GRANGEIRO GIRÃO,EDUARDO GIRÃO,NOVO,v,,,,,04/10/2026 18:42:07,sim
1,04/10/2026,6257,Presidente,1,municipio,RN,17299,2406502,LAGOA NOVA,,,,,UNIDADE POPULAR,i,UP,0,80,UP,UNIDADE POPULAR,,80,280002538811,SAMARA MARTINS DA SILVA FEITOSA,SAMARA,31/08/1987,7,Válido,nao,,1,0.01,0.010402580,RAQUEL NONATO DE BRICIO,RAQUEL BRÍCIO,UP,v,,,,,04/10/2026 18:42:07,sim
1,04/10/2026,6257,Presidente,1,municipio,RN,17299,2406502,LAGOA NOVA,,,,,DEMOCRATA,i,DEMOCRATA,0,35,DEMOCRATA,DEMOCRATA,,35,280002548139,WILSON GRASSI JUNIOR,VETERINÁRIO WILSON GRASSI,13/03/1970,11,Válido,nao,,0,0.00,0,SUÊD HAIDAR NOGUEIRA,SUÊD HAIDAR,DEMOCRATA,v,,,,,04/10/2026 18:42:07,sim
1,04/10/2026,6257,Presidente,1,municipio,RN,17299,2406502,LAGOA NOVA,,,,,PARTIDO MISSÃO,i,MISSÃO,0,14,MISSÃO,PARTIDO MISSÃO,,14,280002540694,RENAN ANTONIO FERREIRA DOS SANTOS,RENAN SANTOS,14/02/1984,5,Válido,nao,,119,1.24,1.237907001,AROLDO MEDINA,CORONEL MEDINA,MISSÃO,v,,,,,04/10/2026 18:42:07,sim
1,04/10/2026,6257,Presidente,1,municipio,RN,17299,2406502,LAGOA NOVA,,,,,PARTIDO DA CAUSA OPERÁRIA,i,PCO,0,29,PCO,PARTIDO DA CAUSA OPERÁRIA,,29,280002552487,RUI COSTA PIMENTA,RUI COSTA PIMENTA,25/06/1957,12,Válido,nao,,0,0.00,0,ANTONIO CARLOS SILVA,ANTÔNIO CARLOS,PCO,v,,,,,04/10/2026 18:42:07,sim
1,04/10/2026,6257,Presidente,1,municipio,RN,17310,2406601,LAGOA SALGADA,,,,,PARTIDO LIBERAL,i,PL,0,22,PL,PARTIDO LIBERAL,,22,280002551544,FLAVIO NANTES BOLSONARO,FLAVIO BOLSONARO,30/04/1981,1,Válido,nao,,2255,31.29,31.289024559,ALFREDO GASPAR DE MENDONÇA NETO,ALFREDO GASPAR,PL,v,,,,,04/10/2026 20:23:18,sim
1,04/10/2026,6257,Presidente,1,municipio,RN,17310,2406601,LAGOA SALGADA,,,,,PARTIDO SOCIAL DEMOCRÁTICO,i,PSD,0,55,PSD,PARTIDO SOCIAL DEMOCRÁTICO,,55,280002551932,RONALDO RAMOS CAIADO,RONALDO CAIADO,25/09/1949,5,Válido,nao,,47,0.65,0.652143749,GILBERTO KASSAB,GILBERTO KASSAB,PSD,v,,,,,04/10/2026 20:23:18,sim
1,04/10/2026,6257,Presidente,1,municipio,RN,17310,2406601,LAGOA SALGADA,,PT/PC do B/PV,FEDERAÇÃO BRASIL DA ESPERANÇA - FE BRASIL,PT/PC do B/PV,BRASIL PRONTO PRA MAIS,c,PSB / PDT / PCDOB / PT / PV / PSOL / REDE,,13,PT,PARTIDO DOS TRABALHADORES,101,13,280002542548,LUIZ INÁCIO LULA DA SILVA,LULA,06/10/1945,2,Válido,nao,,4669,64.78,64.784237547,GERALDO JOSE RODRIGUES ALCKMIN FILHO,GERALDO ALCKMIN,PSB,v,,,,,04/10/2026 20:23:18,sim
1,04/10/2026,6257,Presidente,1,municipio,RN,17310,2406601,LAGOA SALGADA,,,,,PARTIDO SOCIALISTA  DOS TRABALHADORES UNIFICADO,i,PSTU,0,16,PSTU,PARTIDO SOCIALISTA  DOS TRABALHADORES UNIFICADO,,16,280002541457,HERTZ DA CONCEICAO DIAS,HERTZ DIAS,20/10/1970,8,Válido,nao,,3,0.04,0.041626197,VANESSA PORTUGAL BARBOSA,VANESSA PORTUGAL,PSTU,v,,,,,04/10/2026 20:23:18,sim
1,04/10/2026,6257,Presidente,1,municipio,RN,17310,2406601,LAGOA SALGADA,,,,,PARTIDO COMUNISTA BRASILEIRO,i,PCB,0,21,PCB,PARTIDO COMUNISTA BRASILEIRO,,21,280002551975,EDMILSON SILVA COSTA,EDMILSON COSTA,08/04/1950,10,Válido,nao,,4,0.06,0.055501596,CLEUSA DOS SANTOS,CLEUSA SANTOS,PCB,v,,,,,04/10/2026 20:23:18,sim
1,04/10/2026,6257,Presidente,1,municipio,RN,17310,2406601,LAGOA SALGADA,,,,,DEMOCRACIA CRISTÃ,i,DC,0,27,DC,DEMOCRACIA CRISTÃ,,27,280002552484,CLARIANA ZACARKIM BARAO,CLARIANA BARAO,03/04/1987,9,Válido,nao,,1,0.01,0.013875399,FABIANA CRISTINA TAVARES TORQUATO,FABIANA TORQUATO,DC,v,,,,,04/10/2026 20:23:18,sim
1,04/10/2026,6257,Presidente,1,municipio,RN,17310,2406601,LAGOA SALGADA,,,,,PARTIDO NOVO,i,NOVO,0,30,NOVO,PARTIDO NOVO,,30,280002539826,ROMEU ZEMA NETO,ZEMA,28/10/1964,6,Válido,nao,,3,0.04,0.041626197,LUIS EDUARDO GRANGEIRO GIRÃO,EDUARDO GIRÃO,NOVO,v,,,,,04/10/2026 20:23:18,sim
1,04/10/2026,6257,Presidente,1,municipio,RN,17310,2406601,LAGOA SALGADA,,,,,BRASIL DOS NOSSOS SONHOS,c,AGIR / AVANTE,,70,AVANTE,AVANTE,,70,280002551547,AUGUSTO JORGE CURY,ESCRITOR AUGUSTO CURY,02/10/1958,3,Válido,nao,,139,1.93,1.928680450,JULIO CESAR DELGADO,JÚLIO DELGADO,AVANTE,v,,,,,04/10/2026 20:23:18,sim
1,04/10/2026,6257,Presidente,1,municipio,RN,17310,2406601,LAGOA SALGADA,,,,,DEMOCRATA,i,DEMOCRATA,0,35,DEMOCRATA,DEMOCRATA,,35,280002548139,WILSON GRASSI JUNIOR,VETERINÁRIO WILSON GRASSI,13/03/1970,11,Válido,nao,,0,0.00,0,SUÊD HAIDAR NOGUEIRA,SUÊD HAIDAR,DEMOCRATA,v,,,,,04/10/2026 20:23:18,sim
1,04/10/2026,6257,Presidente,1,municipio,RN,17310,2406601,LAGOA SALGADA,,,,,UNIDADE POPULAR,i,UP,0,80,UP,UNIDADE POPULAR,,80,280002538811,SAMARA MARTINS DA SILVA FEITOSA,SAMARA,31/08/1987,7,Válido,nao,,2,0.03,0.027750798,RAQUEL NONATO DE BRICIO,RAQUEL BRÍCIO,UP,v,,,,,04/10/2026 20:23:18,sim
1,04/10/2026,6257,Presidente,1,municipio,RN,17310,2406601,LAGOA SALGADA,,,,,PARTIDO MISSÃO,i,MISSÃO,0,14,MISSÃO,PARTIDO MISSÃO,,14,280002540694,RENAN ANTONIO FERREIRA DOS SANTOS,RENAN SANTOS,14/02/1984,4,Válido,nao,,82,1.14,1.137782711,AROLDO MEDINA,CORONEL MEDINA,MISSÃO,v,,,,,04/10/2026 20:23:18,sim
1,04/10/2026,6257,Presidente,1,municipio,RN,17310,2406601,LAGOA SALGADA,,,,,PARTIDO DA CAUSA OPERÁRIA,i,PCO,0,29,PCO,PARTIDO DA CAUSA OPERÁRIA,,29,280002552487,RUI COSTA PIMENTA,RUI COSTA PIMENTA,25/06/1957,12,Válido,nao,,2,0.03,0.027750798,ANTONIO CARLOS SILVA,ANTÔNIO CARLOS,PCO,v,,,,,04/10/2026 20:23:18,sim
1,04/10/2026,6257,Presidente,1,municipio,RN,17337,2406700,LAJES,,,,,PARTIDO LIBERAL,i,PL,0,22,PL,PARTIDO LIBERAL,,22,280002551544,FLAVIO NANTES BOLSONARO,FLAVIO BOLSONARO,30/04/1981,1,Válido,nao,,1935,26.50,26.495960564,ALFREDO GASPAR DE MENDONÇA NETO,ALFREDO GASPAR,PL,v,,,,,04/10/2026 20:26:00,sim
1,04/10/2026,6257,Presidente,1,municipio,RN,17337,2406700,LAJES,,,,,PARTIDO SOCIAL DEMOCRÁTICO,i,PSD,0,55,PSD,PARTIDO SOCIAL DEMOCRÁTICO,,55,280002551932,RONALDO RAMOS CAIADO,RONALDO CAIADO,25/09/1949,5,Válido,nao,,48,0.66,0.657264138,GILBERTO KASSAB,GILBERTO KASSAB,PSD,v,,,,,04/10/2026 20:26:00,sim
1,04/10/2026,6257,Presidente,1,municipio,RN,17337,2406700,LAJES,,PT/PC do B/PV,FEDERAÇÃO BRASIL DA ESPERANÇA - FE BRASIL,PT/PC do B/PV,BRASIL PRONTO PRA MAIS,c,PSB / PDT / PCDOB / PT / PV / PSOL / REDE,,13,PT,PARTIDO DOS TRABALHADORES,101,13,280002542548,LUIZ INÁCIO LULA DA SILVA,LULA,06/10/1945,2,Válido,nao,,5008,68.57,68.574558401,GERALDO JOSE RODRIGUES ALCKMIN FILHO,GERALDO ALCKMIN,PSB,v,,,,,04/10/2026 20:26:00,sim
1,04/10/2026,6257,Presidente,1,municipio,RN,17337,2406700,LAJES,,,,,DEMOCRACIA CRISTÃ,i,DC,0,27,DC,DEMOCRACIA CRISTÃ,,27,280002552484,CLARIANA ZACARKIM BARAO,CLARIANA BARAO,03/04/1987,9,Válido,nao,,2,0.03,0.027386006,FABIANA CRISTINA TAVARES TORQUATO,FABIANA TORQUATO,DC,v,,,,,04/10/2026 20:26:00,sim
1,04/10/2026,6257,Presidente,1,municipio,RN,17337,2406700,LAJES,,,,,PARTIDO COMUNISTA BRASILEIRO,i,PCB,0,21,PCB,PARTIDO COMUNISTA BRASILEIRO,,21,280002551975,EDMILSON SILVA COSTA,EDMILSON COSTA,08/04/1950,10,Válido,nao,,2,0.03,0.027386006,CLEUSA DOS SANTOS,CLEUSA SANTOS,PCB,v,,,,,04/10/2026 20:26:00,sim
1,04/10/2026,6257,Presidente,1,municipio,RN,17337,2406700,LAJES,,,,,PARTIDO SOCIALISTA  DOS TRABALHADORES UNIFICADO,i,PSTU,0,16,PSTU,PARTIDO SOCIALISTA  DOS TRABALHADORES UNIFICADO,,16,280002541457,HERTZ DA CONCEICAO DIAS,HERTZ DIAS,20/10/1970,8,Válido,nao,,0,0.00,0,VANESSA PORTUGAL BARBOSA,VANESSA PORTUGAL,PSTU,v,,,,,04/10/2026 20:26:00,sim
1,04/10/2026,6257,Presidente,1,municipio,RN,17337,2406700,LAJES,,,,,BRASIL DOS NOSSOS SONHOS,c,AGIR / AVANTE,,70,AVANTE,AVANTE,,70,280002551547,AUGUSTO JORGE CURY,ESCRITOR AUGUSTO CURY,02/10/1958,3,Válido,nao,,189,2.59,2.587977543,JULIO CESAR DELGADO,JÚLIO DELGADO,AVANTE,v,,,,,04/10/2026 20:26:00,sim
1,04/10/2026,6257,Presidente,1,municipio,RN,17337,2406700,LAJES,,,,,PARTIDO NOVO,i,NOVO,0,30,NOVO,PARTIDO NOVO,,30,280002539826,ROMEU ZEMA NETO,ZEMA,28/10/1964,6,Válido,nao,,2,0.03,0.027386006,LUIS EDUARDO GRANGEIRO GIRÃO,EDUARDO GIRÃO,NOVO,v,,,,,04/10/2026 20:26:00,sim
1,04/10/2026,6257,Presidente,1,municipio,RN,17337,2406700,LAJES,,,,,UNIDADE POPULAR,i,UP,0,80,UP,UNIDADE POPULAR,,80,280002538811,SAMARA MARTINS DA SILVA FEITOSA,SAMARA,31/08/1987,7,Válido,nao,,8,0.11,0.109544023,RAQUEL NONATO DE BRICIO,RAQUEL BRÍCIO,UP,v,,,,,04/10/2026 20:26:00,sim
1,04/10/2026,6257,Presidente,1,municipio,RN,17337,2406700,LAJES,,,,,DEMOCRATA,i,DEMOCRATA,0,35,DEMOCRATA,DEMOCRATA,,35,280002548139,WILSON GRASSI JUNIOR,VETERINÁRIO WILSON GRASSI,13/03/1970,11,Válido,nao,,0,0.00,0,SUÊD HAIDAR NOGUEIRA,SUÊD HAIDAR,DEMOCRATA,v,,,,,04/10/2026 20:26:00,sim
1,04/10/2026,6257,Presidente,1,municipio,RN,17337,2406700,LAJES,,,,,PARTIDO MISSÃO,i,MISSÃO,0,14,MISSÃO,PARTIDO MISSÃO,,14,280002540694,RENAN ANTONIO FERREIRA DOS SANTOS,RENAN SANTOS,14/02/1984,4,Válido,nao,,109,1.49,1.492537313,AROLDO MEDINA,CORONEL MEDINA,MISSÃO,v,,,,,04/10/2026 20:26:00,sim
1,04/10/2026,6257,Presidente,1,municipio,RN,17337,2406700,LAJES,,,,,PARTIDO DA CAUSA OPERÁRIA,i,PCO,0,29,PCO,PARTIDO DA CAUSA OPERÁRIA,,29,280002552487,RUI COSTA PIMENTA,RUI COSTA PIMENTA,25/06/1957,12,Válido,nao,,0,0.00,0,ANTONIO CARLOS SILVA,ANTÔNIO CARLOS,PCO,v,,,,,04/10/2026 20:26:00,sim
1,04/10/2026,6257,Presidente,1,municipio,RN,17353,2406809,LAJES PINTADAS,,,,,PARTIDO LIBERAL,i,PL,0,22,PL,PARTIDO LIBERAL,,22,280002551544,FLAVIO NANTES BOLSONARO,FLAVIO BOLSONARO,30/04/1981,1,Válido,nao,,1331,31.90,31.903163950,ALFREDO GASPAR DE MENDONÇA NETO,ALFREDO GASPAR,PL,v,,,,,04/10/2026 18:17:55,sim
1,04/10/2026,6257,Presidente,1,municipio,RN,17353,2406809,LAJES PINTADAS,,,,,PARTIDO SOCIAL DEMOCRÁTICO,i,PSD,0,55,PSD,PARTIDO SOCIAL DEMOCRÁTICO,,55,280002551932,RONALDO RAMOS CAIADO,RONALDO CAIADO,25/09/1949,4,Válido,nao,,22,0.53,0.527325024,GILBERTO KASSAB,GILBERTO KASSAB,PSD,v,,,,,04/10/2026 18:17:55,sim
1,04/10/2026,6257,Presidente,1,municipio,RN,17353,2406809,LAJES PINTADAS,,PT/PC do B/PV,FEDERAÇÃO BRASIL DA ESPERANÇA - FE BRASIL,PT/PC do B/PV,BRASIL PRONTO PRA MAIS,c,PSB / PDT / PCDOB / PT / PV / PSOL / REDE,,13,PT,PARTIDO DOS TRABALHADORES,101,13,280002542548,LUIZ INÁCIO LULA DA SILVA,LULA,06/10/1945,2,Válido,nao,,2695,64.60,64.597315436,GERALDO JOSE RODRIGUES ALCKMIN FILHO,GERALDO ALCKMIN,PSB,v,,,,,04/10/2026 18:17:55,sim
1,04/10/2026,6257,Presidente,1,municipio,RN,17353,2406809,LAJES PINTADAS,,,,,DEMOCRACIA CRISTÃ,i,DC,0,27,DC,DEMOCRACIA CRISTÃ,,27,280002552484,CLARIANA ZACARKIM BARAO,CLARIANA BARAO,03/04/1987,8,Válido,nao,,1,0.02,0.023969319,FABIANA CRISTINA TAVARES TORQUATO,FABIANA TORQUATO,DC,v,,,,,04/10/2026 18:17:55,sim
1,04/10/2026,6257,Presidente,1,municipio,RN,17353,2406809,LAJES PINTADAS,,,,,PARTIDO COMUNISTA BRASILEIRO,i,PCB,0,21,PCB,PARTIDO COMUNISTA BRASILEIRO,,21,280002551975,EDMILSON SILVA COSTA,EDMILSON COSTA,08/04/1950,10,Válido,nao,,1,0.02,0.023969319,CLEUSA DOS SANTOS,CLEUSA SANTOS,PCB,v,,,,,04/10/2026 18:17:55,sim
1,04/10/2026,6257,Presidente,1,municipio,RN,17353,2406809,LAJES PINTADAS,,,,,PARTIDO SOCIALISTA  DOS TRABALHADORES UNIFICADO,i,PSTU,0,16,PSTU,PARTIDO SOCIALISTA  DOS TRABALHADORES UNIFICADO,,16,280002541457,HERTZ DA CONCEICAO DIAS,HERTZ DIAS,20/10/1970,9,Válido,nao,,2,0.05,0.047938639,VANESSA PORTUGAL BARBOSA,VANESSA PORTUGAL,PSTU,v,,,,,04/10/2026 18:17:55,sim
1,04/10/2026,6257,Presidente,1,municipio,RN,17353,2406809,LAJES PINTADAS,,,,,BRASIL DOS NOSSOS SONHOS,c,AGIR / AVANTE,,70,AVANTE,AVANTE,,70,280002551547,AUGUSTO JORGE CURY,ESCRITOR AUGUSTO CURY,02/10/1958,3,Válido,nao,,76,1.82,1.821668265,JULIO CESAR DELGADO,JÚLIO DELGADO,AVANTE,v,,,,,04/10/2026 18:17:55,sim
1,04/10/2026,6257,Presidente,1,municipio,RN,17353,2406809,LAJES PINTADAS,,,,,PARTIDO NOVO,i,NOVO,0,30,NOVO,PARTIDO NOVO,,30,280002539826,ROMEU ZEMA NETO,ZEMA,28/10/1964,6,Válido,nao,,1,0.02,0.023969319,LUIS EDUARDO GRANGEIRO GIRÃO,EDUARDO GIRÃO,NOVO,v,,,,,04/10/2026 18:17:55,sim
1,04/10/2026,6257,Presidente,1,municipio,RN,17353,2406809,LAJES PINTADAS,,,,,UNIDADE POPULAR,i,UP,0,80,UP,UNIDADE POPULAR,,80,280002538811,SAMARA MARTINS DA SILVA FEITOSA,SAMARA,31/08/1987,7,Válido,nao,,0,0.00,0,RAQUEL NONATO DE BRICIO,RAQUEL BRÍCIO,UP,v,,,,,04/10/2026 18:17:55,sim
1,04/10/2026,6257,Presidente,1,municipio,RN,17353,2406809,LAJES PINTADAS,,,,,DEMOCRATA,i,DEMOCRATA,0,35,DEMOCRATA,DEMOCRATA,,35,280002548139,WILSON GRASSI JUNIOR,VETERINÁRIO WILSON GRASSI,13/03/1970,11,Válido,nao,,0,0.00,0,SUÊD HAIDAR NOGUEIRA,SUÊD HAIDAR,DEMOCRATA,v,,,,,04/10/2026 18:17:55,sim
1,04/10/2026,6257,Presidente,1,municipio,RN,17353,2406809,LAJES PINTADAS,,,,,PARTIDO MISSÃO,i,MISSÃO,0,14,MISSÃO,PARTIDO MISSÃO,,14,280002540694,RENAN ANTONIO FERREIRA DOS SANTOS,RENAN SANTOS,14/02/1984,5,Válido,nao,,43,1.03,1.030680729,AROLDO MEDINA,CORONEL MEDINA,MISSÃO,v,,,,,04/10/2026 18:17:55,sim
1,04/10/2026,6257,Presidente,1,municipio,RN,17353,2406809,LAJES PINTADAS,,,,,PARTIDO DA CAUSA OPERÁRIA,i,PCO,0,29,PCO,PARTIDO DA CAUSA OPERÁRIA,,29,280002552487,RUI COSTA PIMENTA,RUI COSTA PIMENTA,25/06/1957,12,Válido,nao,,0,0.00,0,ANTONIO CARLOS SILVA,ANTÔNIO CARLOS,PCO,v,,,,,04/10/2026 18:17:55,sim
1,04/10/2026,6257,Presidente,1,municipio,RN,17370,2406908,LUCRÉCIA,,,,,PARTIDO LIBERAL,i,PL,0,22,PL,PARTIDO LIBERAL,,22,280002551544,FLAVIO NANTES BOLSONARO,FLAVIO BOLSONARO,30/04/1981,1,Válido,nao,,567,19.38,19.377990431,ALFREDO GASPAR DE MENDONÇA NETO,ALFREDO GASPAR,PL,v,,,,,04/10/2026 18:38:44,sim
1,04/10/2026,6257,Presidente,1,municipio,RN,17370,2406908,LUCRÉCIA,,,,,PARTIDO SOCIAL DEMOCRÁTICO,i,PSD,0,55,PSD,PARTIDO SOCIAL DEMOCRÁTICO,,55,280002551932,RONALDO RAMOS CAIADO,RONALDO CAIADO,25/09/1949,4,Válido,nao,,14,0.48,0.478468900,GILBERTO KASSAB,GILBERTO KASSAB,PSD,v,,,,,04/10/2026 18:38:44,sim
1,04/10/2026,6257,Presidente,1,municipio,RN,17370,2406908,LUCRÉCIA,,PT/PC do B/PV,FEDERAÇÃO BRASIL DA ESPERANÇA - FE BRASIL,PT/PC do B/PV,BRASIL PRONTO PRA MAIS,c,PSB / PDT / PCDOB / PT / PV / PSOL / REDE,,13,PT,PARTIDO DOS TRABALHADORES,101,13,280002542548,LUIZ INÁCIO LULA DA SILVA,LULA,06/10/1945,2,Válido,nao,,2252,76.97,76.965140123,GERALDO JOSE RODRIGUES ALCKMIN FILHO,GERALDO ALCKMIN,PSB,v,,,,,04/10/2026 18:38:44,sim
1,04/10/2026,6257,Presidente,1,municipio,RN,17370,2406908,LUCRÉCIA,,,,,DEMOCRACIA CRISTÃ,i,DC,0,27,DC,DEMOCRACIA CRISTÃ,,27,280002552484,CLARIANA ZACARKIM BARAO,CLARIANA BARAO,03/04/1987,9,Válido,nao,,0,0.00,0,FABIANA CRISTINA TAVARES TORQUATO,FABIANA TORQUATO,DC,v,,,,,04/10/2026 18:38:44,sim
1,04/10/2026,6257,Presidente,1,municipio,RN,17370,2406908,LUCRÉCIA,,,,,PARTIDO COMUNISTA BRASILEIRO,i,PCB,0,21,PCB,PARTIDO COMUNISTA BRASILEIRO,,21,280002551975,EDMILSON SILVA COSTA,EDMILSON COSTA,08/04/1950,10,Válido,nao,,1,0.03,0.034176350,CLEUSA DOS SANTOS,CLEUSA SANTOS,PCB,v,,,,,04/10/2026 18:38:44,sim
1,04/10/2026,6257,Presidente,1,municipio,RN,17370,2406908,LUCRÉCIA,,,,,PARTIDO SOCIALISTA  DOS TRABALHADORES UNIFICADO,i,PSTU,0,16,PSTU,PARTIDO SOCIALISTA  DOS TRABALHADORES UNIFICADO,,16,280002541457,HERTZ DA CONCEICAO DIAS,HERTZ DIAS,20/10/1970,8,Válido,nao,,0,0.00,0,VANESSA PORTUGAL BARBOSA,VANESSA PORTUGAL,PSTU,v,,,,,04/10/2026 18:38:44,sim
1,04/10/2026,6257,Presidente,1,municipio,RN,17370,2406908,LUCRÉCIA,,,,,BRASIL DOS NOSSOS SONHOS,c,AGIR / AVANTE,,70,AVANTE,AVANTE,,70,280002551547,AUGUSTO JORGE CURY,ESCRITOR AUGUSTO CURY,02/10/1958,3,Válido,nao,,41,1.40,1.401230349,JULIO CESAR DELGADO,JÚLIO DELGADO,AVANTE,v,,,,,04/10/2026 18:38:44,sim
1,04/10/2026,6257,Presidente,1,municipio,RN,17370,2406908,LUCRÉCIA,,,,,PARTIDO NOVO,i,NOVO,0,30,NOVO,PARTIDO NOVO,,30,280002539826,ROMEU ZEMA NETO,ZEMA,28/10/1964,6,Válido,nao,,0,0.00,0,LUIS EDUARDO GRANGEIRO GIRÃO,EDUARDO GIRÃO,NOVO,v,,,,,04/10/2026 18:38:44,sim
1,04/10/2026,6257,Presidente,1,municipio,RN,17370,2406908,LUCRÉCIA,,,,,UNIDADE POPULAR,i,UP,0,80,UP,UNIDADE POPULAR,,80,280002538811,SAMARA MARTINS DA SILVA FEITOSA,SAMARA,31/08/1987,7,Válido,nao,,1,0.03,0.034176350,RAQUEL NONATO DE BRICIO,RAQUEL BRÍCIO,UP,v,,,,,04/10/2026 18:38:44,sim
1,04/10/2026,6257,Presidente,1,municipio,RN,17370,2406908,LUCRÉCIA,,,,,DEMOCRATA,i,DEMOCRATA,0,35,DEMOCRATA,DEMOCRATA,,35,280002548139,WILSON GRASSI JUNIOR,VETERINÁRIO WILSON GRASSI,13/03/1970,11,Válido,nao,,0,0.00,0,SUÊD HAIDAR NOGUEIRA,SUÊD HAIDAR,DEMOCRATA,v,,,,,04/10/2026 18:38:44,sim
1,04/10/2026,6257,Presidente,1,municipio,RN,17370,2406908,LUCRÉCIA,,,,,PARTIDO MISSÃO,i,MISSÃO,0,14,MISSÃO,PARTIDO MISSÃO,,14,280002540694,RENAN ANTONIO FERREIRA DOS SANTOS,RENAN SANTOS,14/02/1984,5,Válido,nao,,50,1.71,1.708817498,AROLDO MEDINA,CORONEL MEDINA,MISSÃO,v,,,,,04/10/2026 18:38:44,sim
1,04/10/2026,6257,Presidente,1,municipio,RN,17370,2406908,LUCRÉCIA,,,,,PARTIDO DA CAUSA OPERÁRIA,i,PCO,0,29,PCO,PARTIDO DA CAUSA OPERÁRIA,,29,280002552487,RUI COSTA PIMENTA,RUI COSTA PIMENTA,25/06/1957,12,Válido,nao,,0,0.00,0,ANTONIO CARLOS SILVA,ANTÔNIO CARLOS,PCO,v,,,,,04/10/2026 18:38:44,sim
1,04/10/2026,6257,Presidente,1,municipio,RN,17396,2407005,LUÍS GOMES,,,,,PARTIDO LIBERAL,i,PL,0,22,PL,PARTIDO LIBERAL,,22,280002551544,FLAVIO NANTES BOLSONARO,FLAVIO BOLSONARO,30/04/1981,1,Válido,nao,,807,15.09,15.089753179,ALFREDO GASPAR DE MENDONÇA NETO,ALFREDO GASPAR,PL,v,,,,,04/10/2026 18:42:07,sim
1,04/10/2026,6257,Presidente,1,municipio,RN,17396,2407005,LUÍS GOMES,,,,,PARTIDO SOCIAL DEMOCRÁTICO,i,PSD,0,55,PSD,PARTIDO SOCIAL DEMOCRÁTICO,,55,280002551932,RONALDO RAMOS CAIADO,RONALDO CAIADO,25/09/1949,4,Válido,nao,,14,0.26,0.261780105,GILBERTO KASSAB,GILBERTO KASSAB,PSD,v,,,,,04/10/2026 18:42:07,sim
1,04/10/2026,6257,Presidente,1,municipio,RN,17396,2407005,LUÍS GOMES,,PT/PC do B/PV,FEDERAÇÃO BRASIL DA ESPERANÇA - FE BRASIL,PT/PC do B/PV,BRASIL PRONTO PRA MAIS,c,PSB / PDT / PCDOB / PT / PV / PSOL / REDE,,13,PT,PARTIDO DOS TRABALHADORES,101,13,280002542548,LUIZ INÁCIO LULA DA SILVA,LULA,06/10/1945,2,Válido,nao,,4426,82.76,82.759910247,GERALDO JOSE RODRIGUES ALCKMIN FILHO,GERALDO ALCKMIN,PSB,v,,,,,04/10/2026 18:42:07,sim
1,04/10/2026,6257,Presidente,1,municipio,RN,17396,2407005,LUÍS GOMES,,,,,DEMOCRACIA CRISTÃ,i,DC,0,27,DC,DEMOCRACIA CRISTÃ,,27,280002552484,CLARIANA ZACARKIM BARAO,CLARIANA BARAO,03/04/1987,9,Válido,nao,,1,0.02,0.018698579,FABIANA CRISTINA TAVARES TORQUATO,FABIANA TORQUATO,DC,v,,,,,04/10/2026 18:42:07,sim
1,04/10/2026,6257,Presidente,1,municipio,RN,17396,2407005,LUÍS GOMES,,,,,PARTIDO COMUNISTA BRASILEIRO,i,PCB,0,21,PCB,PARTIDO COMUNISTA BRASILEIRO,,21,280002551975,EDMILSON SILVA COSTA,EDMILSON COSTA,08/04/1950,10,Válido,nao,,2,0.04,0.037397158,CLEUSA DOS SANTOS,CLEUSA SANTOS,PCB,v,,,,,04/10/2026 18:42:07,sim
1,04/10/2026,6257,Presidente,1,municipio,RN,17396,2407005,LUÍS GOMES,,,,,PARTIDO SOCIALISTA  DOS TRABALHADORES UNIFICADO,i,PSTU,0,16,PSTU,PARTIDO SOCIALISTA  DOS TRABALHADORES UNIFICADO,,16,280002541457,HERTZ DA CONCEICAO DIAS,HERTZ DIAS,20/10/1970,8,Válido,nao,,0,0.00,0,VANESSA PORTUGAL BARBOSA,VANESSA PORTUGAL,PSTU,v,,,,,04/10/2026 18:42:07,sim
1,04/10/2026,6257,Presidente,1,municipio,RN,17396,2407005,LUÍS GOMES,,,,,BRASIL DOS NOSSOS SONHOS,c,AGIR / AVANTE,,70,AVANTE,AVANTE,,70,280002551547,AUGUSTO JORGE CURY,ESCRITOR AUGUSTO CURY,02/10/1958,3,Válido,nao,,52,0.97,0.972326103,JULIO CESAR DELGADO,JÚLIO DELGADO,AVANTE,v,,,,,04/10/2026 18:42:07,sim
1,04/10/2026,6257,Presidente,1,municipio,RN,17396,2407005,LUÍS GOMES,,,,,PARTIDO NOVO,i,NOVO,0,30,NOVO,PARTIDO NOVO,,30,280002539826,ROMEU ZEMA NETO,ZEMA,28/10/1964,6,Válido,nao,,0,0.00,0,LUIS EDUARDO GRANGEIRO GIRÃO,EDUARDO GIRÃO,NOVO,v,,,,,04/10/2026 18:42:07,sim
1,04/10/2026,6257,Presidente,1,municipio,RN,17396,2407005,LUÍS GOMES,,,,,UNIDADE POPULAR,i,UP,0,80,UP,UNIDADE POPULAR,,80,280002538811,SAMARA MARTINS DA SILVA FEITOSA,SAMARA,31/08/1987,7,Válido,nao,,0,0.00,0,RAQUEL NONATO DE BRICIO,RAQUEL BRÍCIO,UP,v,,,,,04/10/2026 18:42:07,sim
1,04/10/2026,6257,Presidente,1,municipio,RN,17396,2407005,LUÍS GOMES,,,,,DEMOCRATA,i,DEMOCRATA,0,35,DEMOCRATA,DEMOCRATA,,35,280002548139,WILSON GRASSI JUNIOR,VETERINÁRIO WILSON GRASSI,13/03/1970,11,Válido,nao,,1,0.02,0.018698579,SUÊD HAIDAR NOGUEIRA,SUÊD HAIDAR,DEMOCRATA,v,,,,,04/10/2026 18:42:07,sim
1,04/10/2026,6257,Presidente,1,municipio,RN,17396,2407005,LUÍS GOMES,,,,,PARTIDO MISSÃO,i,MISSÃO,0,14,MISSÃO,PARTIDO MISSÃO,,14,280002540694,RENAN ANTONIO FERREIRA DOS SANTOS,RENAN SANTOS,14/02/1984,5,Válido,nao,,45,0.84,0.841436051,AROLDO MEDINA,CORONEL MEDINA,MISSÃO,v,,,,,04/10/2026 18:42:07,sim
1,04/10/2026,6257,Presidente,1,municipio,RN,17396,2407005,LUÍS GOMES,,,,,PARTIDO DA CAUSA OPERÁRIA,i,PCO,0,29,PCO,PARTIDO DA CAUSA OPERÁRIA,,29,280002552487,RUI COSTA PIMENTA,RUI COSTA PIMENTA,25/06/1957,12,Válido,nao,,0,0.00,0,ANTONIO CARLOS SILVA,ANTÔNIO CARLOS,PCO,v,,,,,04/10/2026 18:42:07,sim
1,04/10/2026,6257,Presidente,1,municipio,RN,17418,2407104,MACAÍBA,,,,,PARTIDO LIBERAL,i,PL,0,22,PL,PARTIDO LIBERAL,,22,280002551544,FLAVIO NANTES BOLSONARO,FLAVIO BOLSONARO,30/04/1981,1,Válido,nao,,14839,34.70,34.704616680,ALFREDO GASPAR DE MENDONÇA NETO,ALFREDO GASPAR,PL,v,,,,,04/10/2026 21:49:58,sim
1,04/10/2026,6257,Presidente,1,municipio,RN,17418,2407104,MACAÍBA,,,,,PARTIDO SOCIAL DEMOCRÁTICO,i,PSD,0,55,PSD,PARTIDO SOCIAL DEMOCRÁTICO,,55,280002551932,RONALDO RAMOS CAIADO,RONALDO CAIADO,25/09/1949,5,Válido,nao,,371,0.87,0.867673886,GILBERTO KASSAB,GILBERTO KASSAB,PSD,v,,,,,04/10/2026 21:49:58,sim
1,04/10/2026,6257,Presidente,1,municipio,RN,17418,2407104,MACAÍBA,,PT/PC do B/PV,FEDERAÇÃO BRASIL DA ESPERANÇA - FE BRASIL,PT/PC do B/PV,BRASIL PRONTO PRA MAIS,c,PSB / PDT / PCDOB / PT / PV / PSOL / REDE,,13,PT,PARTIDO DOS TRABALHADORES,101,13,280002542548,LUIZ INÁCIO LULA DA SILVA,LULA,06/10/1945,2,Válido,nao,,25616,59.91,59.909256747,GERALDO JOSE RODRIGUES ALCKMIN FILHO,GERALDO ALCKMIN,PSB,v,,,,,04/10/2026 21:49:58,sim
1,04/10/2026,6257,Presidente,1,municipio,RN,17418,2407104,MACAÍBA,,,,,DEMOCRACIA CRISTÃ,i,DC,0,27,DC,DEMOCRACIA CRISTÃ,,27,280002552484,CLARIANA ZACARKIM BARAO,CLARIANA BARAO,03/04/1987,9,Válido,nao,,14,0.03,0.032742411,FABIANA CRISTINA TAVARES TORQUATO,FABIANA TORQUATO,DC,v,,,,,04/10/2026 21:49:58,sim
1,04/10/2026,6257,Presidente,1,municipio,RN,17418,2407104,MACAÍBA,,,,,PARTIDO COMUNISTA BRASILEIRO,i,PCB,0,21,PCB,PARTIDO COMUNISTA BRASILEIRO,,21,280002551975,EDMILSON SILVA COSTA,EDMILSON COSTA,08/04/1950,10,Válido,nao,,3,0.01,0.007016231,CLEUSA DOS SANTOS,CLEUSA SANTOS,PCB,v,,,,,04/10/2026 21:49:58,sim
1,04/10/2026,6257,Presidente,1,municipio,RN,17418,2407104,MACAÍBA,,,,,PARTIDO SOCIALISTA  DOS TRABALHADORES UNIFICADO,i,PSTU,0,16,PSTU,PARTIDO SOCIALISTA  DOS TRABALHADORES UNIFICADO,,16,280002541457,HERTZ DA CONCEICAO DIAS,HERTZ DIAS,20/10/1970,8,Válido,nao,,5,0.01,0.011693718,VANESSA PORTUGAL BARBOSA,VANESSA PORTUGAL,PSTU,v,,,,,04/10/2026 21:49:58,sim
1,04/10/2026,6257,Presidente,1,municipio,RN,17418,2407104,MACAÍBA,,,,,BRASIL DOS NOSSOS SONHOS,c,AGIR / AVANTE,,70,AVANTE,AVANTE,,70,280002551547,AUGUSTO JORGE CURY,ESCRITOR AUGUSTO CURY,02/10/1958,3,Válido,nao,,1277,2.99,2.986575612,JULIO CESAR DELGADO,JÚLIO DELGADO,AVANTE,v,,,,,04/10/2026 21:49:58,sim
1,04/10/2026,6257,Presidente,1,municipio,RN,17418,2407104,MACAÍBA,,,,,PARTIDO NOVO,i,NOVO,0,30,NOVO,PARTIDO NOVO,,30,280002539826,ROMEU ZEMA NETO,ZEMA,28/10/1964,6,Válido,nao,,19,0.04,0.044436129,LUIS EDUARDO GRANGEIRO GIRÃO,EDUARDO GIRÃO,NOVO,v,,,,,04/10/2026 21:49:58,sim
1,04/10/2026,6257,Presidente,1,municipio,RN,17418,2407104,MACAÍBA,,,,,UNIDADE POPULAR,i,UP,0,80,UP,UNIDADE POPULAR,,80,280002538811,SAMARA MARTINS DA SILVA FEITOSA,SAMARA,31/08/1987,7,Válido,nao,,22,0.05,0.051452360,RAQUEL NONATO DE BRICIO,RAQUEL BRÍCIO,UP,v,,,,,04/10/2026 21:49:58,sim
1,04/10/2026,6257,Presidente,1,municipio,RN,17418,2407104,MACAÍBA,,,,,DEMOCRATA,i,DEMOCRATA,0,35,DEMOCRATA,DEMOCRATA,,35,280002548139,WILSON GRASSI JUNIOR,VETERINÁRIO WILSON GRASSI,13/03/1970,11,Válido,nao,,2,0.01,0.004677487,SUÊD HAIDAR NOGUEIRA,SUÊD HAIDAR,DEMOCRATA,v,,,,,04/10/2026 21:49:58,sim
1,04/10/2026,6257,Presidente,1,municipio,RN,17418,2407104,MACAÍBA,,,,,PARTIDO MISSÃO,i,MISSÃO,0,14,MISSÃO,PARTIDO MISSÃO,,14,280002540694,RENAN ANTONIO FERREIRA DOS SANTOS,RENAN SANTOS,14/02/1984,4,Válido,nao,,587,1.37,1.372842509,AROLDO MEDINA,CORONEL MEDINA,MISSÃO,v,,,,,04/10/2026 21:49:58,sim
1,04/10/2026,6257,Presidente,1,municipio,RN,17418,2407104,MACAÍBA,,,,,PARTIDO DA CAUSA OPERÁRIA,i,PCO,0,29,PCO,PARTIDO DA CAUSA OPERÁRIA,,29,280002552487,RUI COSTA PIMENTA,RUI COSTA PIMENTA,25/06/1957,12,Válido,nao,,3,0.01,0.007016231,ANTONIO CARLOS SILVA,ANTÔNIO CARLOS,PCO,v,,,,,04/10/2026 21:49:58,sim
1,04/10/2026,6257,Presidente,1,municipio,RN,17434,2407203,MACAU,,,,,PARTIDO LIBERAL,i,PL,0,22,PL,PARTIDO LIBERAL,,22,280002551544,FLAVIO NANTES BOLSONARO,FLAVIO BOLSONARO,30/04/1981,1,Válido,nao,,3551,20.92,20.923929055,ALFREDO GASPAR DE MENDONÇA NETO,ALFREDO GASPAR,PL,v,,,,,04/10/2026 19:29:58,sim
1,04/10/2026,6257,Presidente,1,municipio,RN,17434,2407203,MACAU,,,,,PARTIDO SOCIAL DEMOCRÁTICO,i,PSD,0,55,PSD,PARTIDO SOCIAL DEMOCRÁTICO,,55,280002551932,RONALDO RAMOS CAIADO,RONALDO CAIADO,25/09/1949,5,Válido,nao,,79,0.47,0.465499971,GILBERTO KASSAB,GILBERTO KASSAB,PSD,v,,,,,04/10/2026 19:29:58,sim
1,04/10/2026,6257,Presidente,1,municipio,RN,17434,2407203,MACAU,,PT/PC do B/PV,FEDERAÇÃO BRASIL DA ESPERANÇA - FE BRASIL,PT/PC do B/PV,BRASIL PRONTO PRA MAIS,c,PSB / PDT / PCDOB / PT / PV / PSOL / REDE,,13,PT,PARTIDO DOS TRABALHADORES,101,13,280002542548,LUIZ INÁCIO LULA DA SILVA,LULA,06/10/1945,2,Válido,nao,,12556,73.99,73.985033292,GERALDO JOSE RODRIGUES ALCKMIN FILHO,GERALDO ALCKMIN,PSB,v,,,,,04/10/2026 19:29:58,sim
1,04/10/2026,6257,Presidente,1,municipio,RN,17434,2407203,MACAU,,,,,DEMOCRACIA CRISTÃ,i,DC,0,27,DC,DEMOCRACIA CRISTÃ,,27,280002552484,CLARIANA ZACARKIM BARAO,CLARIANA BARAO,03/04/1987,9,Válido,nao,,3,0.02,0.017677214,FABIANA CRISTINA TAVARES TORQUATO,FABIANA TORQUATO,DC,v,,,,,04/10/2026 19:29:58,sim
1,04/10/2026,6257,Presidente,1,municipio,RN,17434,2407203,MACAU,,,,,PARTIDO COMUNISTA BRASILEIRO,i,PCB,0,21,PCB,PARTIDO COMUNISTA BRASILEIRO,,21,280002551975,EDMILSON SILVA COSTA,EDMILSON COSTA,08/04/1950,10,Válido,nao,,2,0.01,0.011784809,CLEUSA DOS SANTOS,CLEUSA SANTOS,PCB,v,,,,,04/10/2026 19:29:58,sim
1,04/10/2026,6257,Presidente,1,municipio,RN,17434,2407203,MACAU,,,,,PARTIDO SOCIALISTA  DOS TRABALHADORES UNIFICADO,i,PSTU,0,16,PSTU,PARTIDO SOCIALISTA  DOS TRABALHADORES UNIFICADO,,16,280002541457,HERTZ DA CONCEICAO DIAS,HERTZ DIAS,20/10/1970,8,Válido,nao,,6,0.04,0.035354428,VANESSA PORTUGAL BARBOSA,VANESSA PORTUGAL,PSTU,v,,,,,04/10/2026 19:29:58,sim
1,04/10/2026,6257,Presidente,1,municipio,RN,17434,2407203,MACAU,,,,,BRASIL DOS NOSSOS SONHOS,c,AGIR / AVANTE,,70,AVANTE,AVANTE,,70,280002551547,AUGUSTO JORGE CURY,ESCRITOR AUGUSTO CURY,02/10/1958,3,Válido,nao,,431,2.54,2.539626422,JULIO CESAR DELGADO,JÚLIO DELGADO,AVANTE,v,,,,,04/10/2026 19:29:58,sim
1,04/10/2026,6257,Presidente,1,municipio,RN,17434,2407203,MACAU,,,,,PARTIDO NOVO,i,NOVO,0,30,NOVO,PARTIDO NOVO,,30,280002539826,ROMEU ZEMA NETO,ZEMA,28/10/1964,6,Válido,nao,,7,0.04,0.041246833,LUIS EDUARDO GRANGEIRO GIRÃO,EDUARDO GIRÃO,NOVO,v,,,,,04/10/2026 19:29:58,sim
1,04/10/2026,6257,Presidente,1,municipio,RN,17434,2407203,MACAU,,,,,UNIDADE POPULAR,i,UP,0,80,UP,UNIDADE POPULAR,,80,280002538811,SAMARA MARTINS DA SILVA FEITOSA,SAMARA,31/08/1987,7,Válido,nao,,6,0.04,0.035354428,RAQUEL NONATO DE BRICIO,RAQUEL BRÍCIO,UP,v,,,,,04/10/2026 19:29:58,sim
1,04/10/2026,6257,Presidente,1,municipio,RN,17434,2407203,MACAU,,,,,DEMOCRATA,i,DEMOCRATA,0,35,DEMOCRATA,DEMOCRATA,,35,280002548139,WILSON GRASSI JUNIOR,VETERINÁRIO WILSON GRASSI,13/03/1970,11,Válido,nao,,0,0.00,0,SUÊD HAIDAR NOGUEIRA,SUÊD HAIDAR,DEMOCRATA,v,,,,,04/10/2026 19:29:58,sim
1,04/10/2026,6257,Presidente,1,municipio,RN,17434,2407203,MACAU,,,,,PARTIDO MISSÃO,i,MISSÃO,0,14,MISSÃO,PARTIDO MISSÃO,,14,280002540694,RENAN ANTONIO FERREIRA DOS SANTOS,RENAN SANTOS,14/02/1984,4,Válido,nao,,329,1.94,1.938601143,AROLDO MEDINA,CORONEL MEDINA,MISSÃO,v,,,,,04/10/2026 19:29:58,sim
1,04/10/2026,6257,Presidente,1,municipio,RN,17434,2407203,MACAU,,,,,PARTIDO DA CAUSA OPERÁRIA,i,PCO,0,29,PCO,PARTIDO DA CAUSA OPERÁRIA,,29,280002552487,RUI COSTA PIMENTA,RUI COSTA PIMENTA,25/06/1957,12,Válido,nao,,1,0.01,0.005892405,ANTONIO CARLOS SILVA,ANTÔNIO CARLOS,PCO,v,,,,,04/10/2026 19:29:58,sim
1,04/10/2026,6257,Presidente,1,municipio,RN,17450,2407302,MARCELINO VIEIRA,,,,,PARTIDO LIBERAL,i,PL,0,22,PL,PARTIDO LIBERAL,,22,280002551544,FLAVIO NANTES BOLSONARO,FLAVIO BOLSONARO,30/04/1981,1,Válido,nao,,942,16.64,16.640169581,ALFREDO GASPAR DE MENDONÇA NETO,ALFREDO GASPAR,PL,v,,,,,04/10/2026 19:29:38,sim
1,04/10/2026,6257,Presidente,1,municipio,RN,17450,2407302,MARCELINO VIEIRA,,,,,PARTIDO SOCIAL DEMOCRÁTICO,i,PSD,0,55,PSD,PARTIDO SOCIAL DEMOCRÁTICO,,55,280002551932,RONALDO RAMOS CAIADO,RONALDO CAIADO,25/09/1949,5,Válido,nao,,15,0.26,0.264970853,GILBERTO KASSAB,GILBERTO KASSAB,PSD,v,,,,,04/10/2026 19:29:38,sim
1,04/10/2026,6257,Presidente,1,municipio,RN,17450,2407302,MARCELINO VIEIRA,,PT/PC do B/PV,FEDERAÇÃO BRASIL DA ESPERANÇA - FE BRASIL,PT/PC do B/PV,BRASIL PRONTO PRA MAIS,c,PSB / PDT / PCDOB / PT / PV / PSOL / REDE,,13,PT,PARTIDO DOS TRABALHADORES,101,13,280002542548,LUIZ INÁCIO LULA DA SILVA,LULA,06/10/1945,2,Válido,nao,,4576,80.83,80.833774951,GERALDO JOSE RODRIGUES ALCKMIN FILHO,GERALDO ALCKMIN,PSB,v,,,,,04/10/2026 19:29:38,sim
1,04/10/2026,6257,Presidente,1,municipio,RN,17450,2407302,MARCELINO VIEIRA,,,,,DEMOCRACIA CRISTÃ,i,DC,0,27,DC,DEMOCRACIA CRISTÃ,,27,280002552484,CLARIANA ZACARKIM BARAO,CLARIANA BARAO,03/04/1987,9,Válido,nao,,0,0.00,0,FABIANA CRISTINA TAVARES TORQUATO,FABIANA TORQUATO,DC,v,,,,,04/10/2026 19:29:38,sim
1,04/10/2026,6257,Presidente,1,municipio,RN,17450,2407302,MARCELINO VIEIRA,,,,,PARTIDO COMUNISTA BRASILEIRO,i,PCB,0,21,PCB,PARTIDO COMUNISTA BRASILEIRO,,21,280002551975,EDMILSON SILVA COSTA,EDMILSON COSTA,08/04/1950,10,Válido,nao,,0,0.00,0,CLEUSA DOS SANTOS,CLEUSA SANTOS,PCB,v,,,,,04/10/2026 19:29:38,sim
1,04/10/2026,6257,Presidente,1,municipio,RN,17450,2407302,MARCELINO VIEIRA,,,,,PARTIDO SOCIALISTA  DOS TRABALHADORES UNIFICADO,i,PSTU,0,16,PSTU,PARTIDO SOCIALISTA  DOS TRABALHADORES UNIFICADO,,16,280002541457,HERTZ DA CONCEICAO DIAS,HERTZ DIAS,20/10/1970,8,Válido,nao,,0,0.00,0,VANESSA PORTUGAL BARBOSA,VANESSA PORTUGAL,PSTU,v,,,,,04/10/2026 19:29:38,sim
1,04/10/2026,6257,Presidente,1,municipio,RN,17450,2407302,MARCELINO VIEIRA,,,,,BRASIL DOS NOSSOS SONHOS,c,AGIR / AVANTE,,70,AVANTE,AVANTE,,70,280002551547,AUGUSTO JORGE CURY,ESCRITOR AUGUSTO CURY,02/10/1958,3,Válido,nao,,68,1.20,1.201201201,JULIO CESAR DELGADO,JÚLIO DELGADO,AVANTE,v,,,,,04/10/2026 19:29:38,sim
1,04/10/2026,6257,Presidente,1,municipio,RN,17450,2407302,MARCELINO VIEIRA,,,,,PARTIDO NOVO,i,NOVO,0,30,NOVO,PARTIDO NOVO,,30,280002539826,ROMEU ZEMA NETO,ZEMA,28/10/1964,6,Válido,nao,,2,0.04,0.035329447,LUIS EDUARDO GRANGEIRO GIRÃO,EDUARDO GIRÃO,NOVO,v,,,,,04/10/2026 19:29:38,sim
1,04/10/2026,6257,Presidente,1,municipio,RN,17450,2407302,MARCELINO VIEIRA,,,,,UNIDADE POPULAR,i,UP,0,80,UP,UNIDADE POPULAR,,80,280002538811,SAMARA MARTINS DA SILVA FEITOSA,SAMARA,31/08/1987,7,Válido,nao,,0,0.00,0,RAQUEL NONATO DE BRICIO,RAQUEL BRÍCIO,UP,v,,,,,04/10/2026 19:29:38,sim
1,04/10/2026,6257,Presidente,1,municipio,RN,17450,2407302,MARCELINO VIEIRA,,,,,DEMOCRATA,i,DEMOCRATA,0,35,DEMOCRATA,DEMOCRATA,,35,280002548139,WILSON GRASSI JUNIOR,VETERINÁRIO WILSON GRASSI,13/03/1970,11,Válido,nao,,0,0.00,0,SUÊD HAIDAR NOGUEIRA,SUÊD HAIDAR,DEMOCRATA,v,,,,,04/10/2026 19:29:38,sim
1,04/10/2026,6257,Presidente,1,municipio,RN,17450,2407302,MARCELINO VIEIRA,,,,,PARTIDO MISSÃO,i,MISSÃO,0,14,MISSÃO,PARTIDO MISSÃO,,14,280002540694,RENAN ANTONIO FERREIRA DOS SANTOS,RENAN SANTOS,14/02/1984,4,Válido,nao,,58,1.02,1.024553966,AROLDO MEDINA,CORONEL MEDINA,MISSÃO,v,,,,,04/10/2026 19:29:38,sim
1,04/10/2026,6257,Presidente,1,municipio,RN,17450,2407302,MARCELINO VIEIRA,,,,,PARTIDO DA CAUSA OPERÁRIA,i,PCO,0,29,PCO,PARTIDO DA CAUSA OPERÁRIA,,29,280002552487,RUI COSTA PIMENTA,RUI COSTA PIMENTA,25/06/1957,12,Válido,nao,,0,0.00,0,ANTONIO CARLOS SILVA,ANTÔNIO CARLOS,PCO,v,,,,,04/10/2026 19:29:38,sim
1,04/10/2026,6257,Presidente,1,municipio,RN,17477,2407401,MARTINS,,,,,PARTIDO LIBERAL,i,PL,0,22,PL,PARTIDO LIBERAL,,22,280002551544,FLAVIO NANTES BOLSONARO,FLAVIO BOLSONARO,30/04/1981,1,Válido,nao,,1436,24.05,24.049572936,ALFREDO GASPAR DE MENDONÇA NETO,ALFREDO GASPAR,PL,v,,,,,04/10/2026 20:13:50,sim
1,04/10/2026,6257,Presidente,1,municipio,RN,17477,2407401,MARTINS,,,,,PARTIDO SOCIAL DEMOCRÁTICO,i,PSD,0,55,PSD,PARTIDO SOCIAL DEMOCRÁTICO,,55,280002551932,RONALDO RAMOS CAIADO,RONALDO CAIADO,25/09/1949,5,Válido,nao,,38,0.64,0.636409312,GILBERTO KASSAB,GILBERTO KASSAB,PSD,v,,,,,04/10/2026 20:13:50,sim
1,04/10/2026,6257,Presidente,1,municipio,RN,17477,2407401,MARTINS,,PT/PC do B/PV,FEDERAÇÃO BRASIL DA ESPERANÇA - FE BRASIL,PT/PC do B/PV,BRASIL PRONTO PRA MAIS,c,PSB / PDT / PCDOB / PT / PV / PSOL / REDE,,13,PT,PARTIDO DOS TRABALHADORES,101,13,280002542548,LUIZ INÁCIO LULA DA SILVA,LULA,06/10/1945,2,Válido,nao,,4300,72.01,72.014737900,GERALDO JOSE RODRIGUES ALCKMIN FILHO,GERALDO ALCKMIN,PSB,v,,,,,04/10/2026 20:13:50,sim
1,04/10/2026,6257,Presidente,1,municipio,RN,17477,2407401,MARTINS,,,,,DEMOCRACIA CRISTÃ,i,DC,0,27,DC,DEMOCRACIA CRISTÃ,,27,280002552484,CLARIANA ZACARKIM BARAO,CLARIANA BARAO,03/04/1987,9,Válido,nao,,0,0.00,0,FABIANA CRISTINA TAVARES TORQUATO,FABIANA TORQUATO,DC,v,,,,,04/10/2026 20:13:50,sim
1,04/10/2026,6257,Presidente,1,municipio,RN,17477,2407401,MARTINS,,,,,PARTIDO COMUNISTA BRASILEIRO,i,PCB,0,21,PCB,PARTIDO COMUNISTA BRASILEIRO,,21,280002551975,EDMILSON SILVA COSTA,EDMILSON COSTA,08/04/1950,10,Válido,nao,,0,0.00,0,CLEUSA DOS SANTOS,CLEUSA SANTOS,PCB,v,,,,,04/10/2026 20:13:50,sim
1,04/10/2026,6257,Presidente,1,municipio,RN,17477,2407401,MARTINS,,,,,PARTIDO SOCIALISTA  DOS TRABALHADORES UNIFICADO,i,PSTU,0,16,PSTU,PARTIDO SOCIALISTA  DOS TRABALHADORES UNIFICADO,,16,280002541457,HERTZ DA CONCEICAO DIAS,HERTZ DIAS,20/10/1970,8,Válido,nao,,1,0.02,0.016747613,VANESSA PORTUGAL BARBOSA,VANESSA PORTUGAL,PSTU,v,,,,,04/10/2026 20:13:50,sim
1,04/10/2026,6257,Presidente,1,municipio,RN,17477,2407401,MARTINS,,,,,BRASIL DOS NOSSOS SONHOS,c,AGIR / AVANTE,,70,AVANTE,AVANTE,,70,280002551547,AUGUSTO JORGE CURY,ESCRITOR AUGUSTO CURY,02/10/1958,3,Válido,nao,,110,1.84,1.842237481,JULIO CESAR DELGADO,JÚLIO DELGADO,AVANTE,v,,,,,04/10/2026 20:13:50,sim
1,04/10/2026,6257,Presidente,1,municipio,RN,17477,2407401,MARTINS,,,,,PARTIDO NOVO,i,NOVO,0,30,NOVO,PARTIDO NOVO,,30,280002539826,ROMEU ZEMA NETO,ZEMA,28/10/1964,6,Válido,nao,,2,0.03,0.033495227,LUIS EDUARDO GRANGEIRO GIRÃO,EDUARDO GIRÃO,NOVO,v,,,,,04/10/2026 20:13:50,sim
1,04/10/2026,6257,Presidente,1,municipio,RN,17477,2407401,MARTINS,,,,,UNIDADE POPULAR,i,UP,0,80,UP,UNIDADE POPULAR,,80,280002538811,SAMARA MARTINS DA SILVA FEITOSA,SAMARA,31/08/1987,7,Válido,nao,,3,0.05,0.050242840,RAQUEL NONATO DE BRICIO,RAQUEL BRÍCIO,UP,v,,,,,04/10/2026 20:13:50,sim
1,04/10/2026,6257,Presidente,1,municipio,RN,17477,2407401,MARTINS,,,,,DEMOCRATA,i,DEMOCRATA,0,35,DEMOCRATA,DEMOCRATA,,35,280002548139,WILSON GRASSI JUNIOR,VETERINÁRIO WILSON GRASSI,13/03/1970,11,Válido,nao,,0,0.00,0,SUÊD HAIDAR NOGUEIRA,SUÊD HAIDAR,DEMOCRATA,v,,,,,04/10/2026 20:13:50,sim
1,04/10/2026,6257,Presidente,1,municipio,RN,17477,2407401,MARTINS,,,,,PARTIDO MISSÃO,i,MISSÃO,0,14,MISSÃO,PARTIDO MISSÃO,,14,280002540694,RENAN ANTONIO FERREIRA DOS SANTOS,RENAN SANTOS,14/02/1984,4,Válido,nao,,81,1.36,1.356556691,AROLDO MEDINA,CORONEL MEDINA,MISSÃO,v,,,,,04/10/2026 20:13:50,sim
1,04/10/2026,6257,Presidente,1,municipio,RN,17477,2407401,MARTINS,,,,,PARTIDO DA CAUSA OPERÁRIA,i,PCO,0,29,PCO,PARTIDO DA CAUSA OPERÁRIA,,29,280002552487,RUI COSTA PIMENTA,RUI COSTA PIMENTA,25/06/1957,12,Válido,nao,,0,0.00,0,ANTONIO CARLOS SILVA,ANTÔNIO CARLOS,PCO,v,,,,,04/10/2026 20:13:50,sim
1,04/10/2026,6257,Presidente,1,municipio,RN,17493,2407500,MAXARANGUAPE,,,,,PARTIDO LIBERAL,i,PL,0,22,PL,PARTIDO LIBERAL,,22,280002551544,FLAVIO NANTES BOLSONARO,FLAVIO BOLSONARO,30/04/1981,1,Válido,nao,,2810,34.49,34.486990673,ALFREDO GASPAR DE MENDONÇA NETO,ALFREDO GASPAR,PL,v,,,,,04/10/2026 22:00:08,sim
1,04/10/2026,6257,Presidente,1,municipio,RN,17493,2407500,MAXARANGUAPE,,,,,PARTIDO SOCIAL DEMOCRÁTICO,i,PSD,0,55,PSD,PARTIDO SOCIAL DEMOCRÁTICO,,55,280002551932,RONALDO RAMOS CAIADO,RONALDO CAIADO,25/09/1949,5,Válido,nao,,65,0.80,0.797741777,GILBERTO KASSAB,GILBERTO KASSAB,PSD,v,,,,,04/10/2026 22:00:08,sim
1,04/10/2026,6257,Presidente,1,municipio,RN,17493,2407500,MAXARANGUAPE,,PT/PC do B/PV,FEDERAÇÃO BRASIL DA ESPERANÇA - FE BRASIL,PT/PC do B/PV,BRASIL PRONTO PRA MAIS,c,PSB / PDT / PCDOB / PT / PV / PSOL / REDE,,13,PT,PARTIDO DOS TRABALHADORES,101,13,280002542548,LUIZ INÁCIO LULA DA SILVA,LULA,06/10/1945,2,Válido,nao,,4958,60.85,60.849288169,GERALDO JOSE RODRIGUES ALCKMIN FILHO,GERALDO ALCKMIN,PSB,v,,,,,04/10/2026 22:00:08,sim
1,04/10/2026,6257,Presidente,1,municipio,RN,17493,2407500,MAXARANGUAPE,,,,,DEMOCRACIA CRISTÃ,i,DC,0,27,DC,DEMOCRACIA CRISTÃ,,27,280002552484,CLARIANA ZACARKIM BARAO,CLARIANA BARAO,03/04/1987,9,Válido,nao,,0,0.00,0,FABIANA CRISTINA TAVARES TORQUATO,FABIANA TORQUATO,DC,v,,,,,04/10/2026 22:00:08,sim
1,04/10/2026,6257,Presidente,1,municipio,RN,17493,2407500,MAXARANGUAPE,,,,,PARTIDO COMUNISTA BRASILEIRO,i,PCB,0,21,PCB,PARTIDO COMUNISTA BRASILEIRO,,21,280002551975,EDMILSON SILVA COSTA,EDMILSON COSTA,08/04/1950,10,Válido,nao,,1,0.01,0.012272950,CLEUSA DOS SANTOS,CLEUSA SANTOS,PCB,v,,,,,04/10/2026 22:00:08,sim
1,04/10/2026,6257,Presidente,1,municipio,RN,17493,2407500,MAXARANGUAPE,,,,,PARTIDO SOCIALISTA  DOS TRABALHADORES UNIFICADO,i,PSTU,0,16,PSTU,PARTIDO SOCIALISTA  DOS TRABALHADORES UNIFICADO,,16,280002541457,HERTZ DA CONCEICAO DIAS,HERTZ DIAS,20/10/1970,8,Válido,nao,,0,0.00,0,VANESSA PORTUGAL BARBOSA,VANESSA PORTUGAL,PSTU,v,,,,,04/10/2026 22:00:08,sim
1,04/10/2026,6257,Presidente,1,municipio,RN,17493,2407500,MAXARANGUAPE,,,,,BRASIL DOS NOSSOS SONHOS,c,AGIR / AVANTE,,70,AVANTE,AVANTE,,70,280002551547,AUGUSTO JORGE CURY,ESCRITOR AUGUSTO CURY,02/10/1958,3,Válido,nao,,231,2.84,2.835051546,JULIO CESAR DELGADO,JÚLIO DELGADO,AVANTE,v,,,,,04/10/2026 22:00:08,sim
1,04/10/2026,6257,Presidente,1,municipio,RN,17493,2407500,MAXARANGUAPE,,,,,PARTIDO NOVO,i,NOVO,0,30,NOVO,PARTIDO NOVO,,30,280002539826,ROMEU ZEMA NETO,ZEMA,28/10/1964,6,Válido,nao,,5,0.06,0.061364752,LUIS EDUARDO GRANGEIRO GIRÃO,EDUARDO GIRÃO,NOVO,v,,,,,04/10/2026 22:00:08,sim
1,04/10/2026,6257,Presidente,1,municipio,RN,17493,2407500,MAXARANGUAPE,,,,,UNIDADE POPULAR,i,UP,0,80,UP,UNIDADE POPULAR,,80,280002538811,SAMARA MARTINS DA SILVA FEITOSA,SAMARA,31/08/1987,7,Válido,nao,,6,0.07,0.073637703,RAQUEL NONATO DE BRICIO,RAQUEL BRÍCIO,UP,v,,,,,04/10/2026 22:00:08,sim
1,04/10/2026,6257,Presidente,1,municipio,RN,17493,2407500,MAXARANGUAPE,,,,,DEMOCRATA,i,DEMOCRATA,0,35,DEMOCRATA,DEMOCRATA,,35,280002548139,WILSON GRASSI JUNIOR,VETERINÁRIO WILSON GRASSI,13/03/1970,11,Válido,nao,,0,0.00,0,SUÊD HAIDAR NOGUEIRA,SUÊD HAIDAR,DEMOCRATA,v,,,,,04/10/2026 22:00:08,sim
1,04/10/2026,6257,Presidente,1,municipio,RN,17493,2407500,MAXARANGUAPE,,,,,PARTIDO MISSÃO,i,MISSÃO,0,14,MISSÃO,PARTIDO MISSÃO,,14,280002540694,RENAN ANTONIO FERREIRA DOS SANTOS,RENAN SANTOS,14/02/1984,4,Válido,nao,,72,0.88,0.883652430,AROLDO MEDINA,CORONEL MEDINA,MISSÃO,v,,,,,04/10/2026 22:00:08,sim
1,04/10/2026,6257,Presidente,1,municipio,RN,17493,2407500,MAXARANGUAPE,,,,,PARTIDO DA CAUSA OPERÁRIA,i,PCO,0,29,PCO,PARTIDO DA CAUSA OPERÁRIA,,29,280002552487,RUI COSTA PIMENTA,RUI COSTA PIMENTA,25/06/1957,12,Válido,nao,,0,0.00,0,ANTONIO CARLOS SILVA,ANTÔNIO CARLOS,PCO,v,,,,,04/10/2026 22:00:08,sim
1,04/10/2026,6257,Presidente,1,municipio,RN,17515,2404002,FRUTUOSO GOMES,,,,,PARTIDO LIBERAL,i,PL,0,22,PL,PARTIDO LIBERAL,,22,280002551544,FLAVIO NANTES BOLSONARO,FLAVIO BOLSONARO,30/04/1981,1,Válido,nao,,608,17.80,17.798594848,ALFREDO GASPAR DE MENDONÇA NETO,ALFREDO GASPAR,PL,v,,,,,04/10/2026 19:13:59,sim
1,04/10/2026,6257,Presidente,1,municipio,RN,17515,2404002,FRUTUOSO GOMES,,,,,PARTIDO SOCIAL DEMOCRÁTICO,i,PSD,0,55,PSD,PARTIDO SOCIAL DEMOCRÁTICO,,55,280002551932,RONALDO RAMOS CAIADO,RONALDO CAIADO,25/09/1949,5,Válido,nao,,20,0.59,0.585480094,GILBERTO KASSAB,GILBERTO KASSAB,PSD,v,,,,,04/10/2026 19:13:59,sim
1,04/10/2026,6257,Presidente,1,municipio,RN,17515,2404002,FRUTUOSO GOMES,,PT/PC do B/PV,FEDERAÇÃO BRASIL DA ESPERANÇA - FE BRASIL,PT/PC do B/PV,BRASIL PRONTO PRA MAIS,c,PSB / PDT / PCDOB / PT / PV / PSOL / REDE,,13,PT,PARTIDO DOS TRABALHADORES,101,13,280002542548,LUIZ INÁCIO LULA DA SILVA,LULA,06/10/1945,2,Válido,nao,,2677,78.37,78.366510539,GERALDO JOSE RODRIGUES ALCKMIN FILHO,GERALDO ALCKMIN,PSB,v,,,,,04/10/2026 19:13:59,sim
1,04/10/2026,6257,Presidente,1,municipio,RN,17515,2404002,FRUTUOSO GOMES,,,,,PARTIDO SOCIALISTA  DOS TRABALHADORES UNIFICADO,i,PSTU,0,16,PSTU,PARTIDO SOCIALISTA  DOS TRABALHADORES UNIFICADO,,16,280002541457,HERTZ DA CONCEICAO DIAS,HERTZ DIAS,20/10/1970,8,Válido,nao,,0,0.00,0,VANESSA PORTUGAL BARBOSA,VANESSA PORTUGAL,PSTU,v,,,,,04/10/2026 19:13:59,sim
1,04/10/2026,6257,Presidente,1,municipio,RN,17515,2404002,FRUTUOSO GOMES,,,,,PARTIDO COMUNISTA BRASILEIRO,i,PCB,0,21,PCB,PARTIDO COMUNISTA BRASILEIRO,,21,280002551975,EDMILSON SILVA COSTA,EDMILSON COSTA,08/04/1950,10,Válido,nao,,1,0.03,0.029274005,CLEUSA DOS SANTOS,CLEUSA SANTOS,PCB,v,,,,,04/10/2026 19:13:59,sim
1,04/10/2026,6257,Presidente,1,municipio,RN,17515,2404002,FRUTUOSO GOMES,,,,,DEMOCRACIA CRISTÃ,i,DC,0,27,DC,DEMOCRACIA CRISTÃ,,27,280002552484,CLARIANA ZACARKIM BARAO,CLARIANA BARAO,03/04/1987,9,Válido,nao,,0,0.00,0,FABIANA CRISTINA TAVARES TORQUATO,FABIANA TORQUATO,DC,v,,,,,04/10/2026 19:13:59,sim
1,04/10/2026,6257,Presidente,1,municipio,RN,17515,2404002,FRUTUOSO GOMES,,,,,PARTIDO NOVO,i,NOVO,0,30,NOVO,PARTIDO NOVO,,30,280002539826,ROMEU ZEMA NETO,ZEMA,28/10/1964,6,Válido,nao,,0,0.00,0,LUIS EDUARDO GRANGEIRO GIRÃO,EDUARDO GIRÃO,NOVO,v,,,,,04/10/2026 19:13:59,sim
1,04/10/2026,6257,Presidente,1,municipio,RN,17515,2404002,FRUTUOSO GOMES,,,,,BRASIL DOS NOSSOS SONHOS,c,AGIR / AVANTE,,70,AVANTE,AVANTE,,70,280002551547,AUGUSTO JORGE CURY,ESCRITOR AUGUSTO CURY,02/10/1958,3,Válido,nao,,57,1.67,1.668618267,JULIO CESAR DELGADO,JÚLIO DELGADO,AVANTE,v,,,,,04/10/2026 19:13:59,sim
1,04/10/2026,6257,Presidente,1,municipio,RN,17515,2404002,FRUTUOSO GOMES,,,,,DEMOCRATA,i,DEMOCRATA,0,35,DEMOCRATA,DEMOCRATA,,35,280002548139,WILSON GRASSI JUNIOR,VETERINÁRIO WILSON GRASSI,13/03/1970,11,Válido,nao,,0,0.00,0,SUÊD HAIDAR NOGUEIRA,SUÊD HAIDAR,DEMOCRATA,v,,,,,04/10/2026 19:13:59,sim
1,04/10/2026,6257,Presidente,1,municipio,RN,17515,2404002,FRUTUOSO GOMES,,,,,UNIDADE POPULAR,i,UP,0,80,UP,UNIDADE POPULAR,,80,280002538811,SAMARA MARTINS DA SILVA FEITOSA,SAMARA,31/08/1987,7,Válido,nao,,2,0.06,0.058548009,RAQUEL NONATO DE BRICIO,RAQUEL BRÍCIO,UP,v,,,,,04/10/2026 19:13:59,sim
1,04/10/2026,6257,Presidente,1,municipio,RN,17515,2404002,FRUTUOSO GOMES,,,,,PARTIDO MISSÃO,i,MISSÃO,0,14,MISSÃO,PARTIDO MISSÃO,,14,280002540694,RENAN ANTONIO FERREIRA DOS SANTOS,RENAN SANTOS,14/02/1984,4,Válido,nao,,51,1.49,1.492974239,AROLDO MEDINA,CORONEL MEDINA,MISSÃO,v,,,,,04/10/2026 19:13:59,sim
1,04/10/2026,6257,Presidente,1,municipio,RN,17515,2404002,FRUTUOSO GOMES,,,,,PARTIDO DA CAUSA OPERÁRIA,i,PCO,0,29,PCO,PARTIDO DA CAUSA OPERÁRIA,,29,280002552487,RUI COSTA PIMENTA,RUI COSTA PIMENTA,25/06/1957,12,Válido,nao,,0,0.00,0,ANTONIO CARLOS SILVA,ANTÔNIO CARLOS,PCO,v,,,,,04/10/2026 19:13:59,sim
1,04/10/2026,6257,Presidente,1,municipio,RN,17531,2407708,MONTANHAS,,,,,PARTIDO LIBERAL,i,PL,0,22,PL,PARTIDO LIBERAL,,22,280002551544,FLAVIO NANTES BOLSONARO,FLAVIO BOLSONARO,30/04/1981,1,Válido,nao,,1797,24.61,24.606326167,ALFREDO GASPAR DE MENDONÇA NETO,ALFREDO GASPAR,PL,v,,,,,04/10/2026 18:31:54,sim
1,04/10/2026,6257,Presidente,1,municipio,RN,17531,2407708,MONTANHAS,,,,,PARTIDO SOCIAL DEMOCRÁTICO,i,PSD,0,55,PSD,PARTIDO SOCIAL DEMOCRÁTICO,,55,280002551932,RONALDO RAMOS CAIADO,RONALDO CAIADO,25/09/1949,4,Válido,nao,,43,0.59,0.588799124,GILBERTO KASSAB,GILBERTO KASSAB,PSD,v,,,,,04/10/2026 18:31:54,sim
1,04/10/2026,6257,Presidente,1,municipio,RN,17531,2407708,MONTANHAS,,PT/PC do B/PV,FEDERAÇÃO BRASIL DA ESPERANÇA - FE BRASIL,PT/PC do B/PV,BRASIL PRONTO PRA MAIS,c,PSB / PDT / PCDOB / PT / PV / PSOL / REDE,,13,PT,PARTIDO DOS TRABALHADORES,101,13,280002542548,LUIZ INÁCIO LULA DA SILVA,LULA,06/10/1945,2,Válido,nao,,5215,71.41,71.409009996,GERALDO JOSE RODRIGUES ALCKMIN FILHO,GERALDO ALCKMIN,PSB,v,,,,,04/10/2026 18:31:54,sim
1,04/10/2026,6257,Presidente,1,municipio,RN,17531,2407708,MONTANHAS,,,,,DEMOCRACIA CRISTÃ,i,DC,0,27,DC,DEMOCRACIA CRISTÃ,,27,280002552484,CLARIANA ZACARKIM BARAO,CLARIANA BARAO,03/04/1987,8,Válido,nao,,0,0.00,0,FABIANA CRISTINA TAVARES TORQUATO,FABIANA TORQUATO,DC,v,,,,,04/10/2026 18:31:54,sim
1,04/10/2026,6257,Presidente,1,municipio,RN,17531,2407708,MONTANHAS,,,,,PARTIDO COMUNISTA BRASILEIRO,i,PCB,0,21,PCB,PARTIDO COMUNISTA BRASILEIRO,,21,280002551975,EDMILSON SILVA COSTA,EDMILSON COSTA,08/04/1950,10,Válido,nao,,3,0.04,0.041079009,CLEUSA DOS SANTOS,CLEUSA SANTOS,PCB,v,,,,,04/10/2026 18:31:54,sim
1,04/10/2026,6257,Presidente,1,municipio,RN,17531,2407708,MONTANHAS,,,,,PARTIDO SOCIALISTA  DOS TRABALHADORES UNIFICADO,i,PSTU,0,16,PSTU,PARTIDO SOCIALISTA  DOS TRABALHADORES UNIFICADO,,16,280002541457,HERTZ DA CONCEICAO DIAS,HERTZ DIAS,20/10/1970,9,Válido,nao,,0,0.00,0,VANESSA PORTUGAL BARBOSA,VANESSA PORTUGAL,PSTU,v,,,,,04/10/2026 18:31:54,sim
1,04/10/2026,6257,Presidente,1,municipio,RN,17531,2407708,MONTANHAS,,,,,BRASIL DOS NOSSOS SONHOS,c,AGIR / AVANTE,,70,AVANTE,AVANTE,,70,280002551547,AUGUSTO JORGE CURY,ESCRITOR AUGUSTO CURY,02/10/1958,3,Válido,nao,,180,2.46,2.464740518,JULIO CESAR DELGADO,JÚLIO DELGADO,AVANTE,v,,,,,04/10/2026 18:31:54,sim
1,04/10/2026,6257,Presidente,1,municipio,RN,17531,2407708,MONTANHAS,,,,,PARTIDO NOVO,i,NOVO,0,30,NOVO,PARTIDO NOVO,,30,280002539826,ROMEU ZEMA NETO,ZEMA,28/10/1964,6,Válido,nao,,1,0.01,0.013693003,LUIS EDUARDO GRANGEIRO GIRÃO,EDUARDO GIRÃO,NOVO,v,,,,,04/10/2026 18:31:54,sim
1,04/10/2026,6257,Presidente,1,municipio,RN,17531,2407708,MONTANHAS,,,,,UNIDADE POPULAR,i,UP,0,80,UP,UNIDADE POPULAR,,80,280002538811,SAMARA MARTINS DA SILVA FEITOSA,SAMARA,31/08/1987,7,Válido,nao,,3,0.04,0.041079009,RAQUEL NONATO DE BRICIO,RAQUEL BRÍCIO,UP,v,,,,,04/10/2026 18:31:54,sim
1,04/10/2026,6257,Presidente,1,municipio,RN,17531,2407708,MONTANHAS,,,,,DEMOCRATA,i,DEMOCRATA,0,35,DEMOCRATA,DEMOCRATA,,35,280002548139,WILSON GRASSI JUNIOR,VETERINÁRIO WILSON GRASSI,13/03/1970,11,Válido,nao,,1,0.01,0.013693003,SUÊD HAIDAR NOGUEIRA,SUÊD HAIDAR,DEMOCRATA,v,,,,,04/10/2026 18:31:54,sim
1,04/10/2026,6257,Presidente,1,municipio,RN,17531,2407708,MONTANHAS,,,,,PARTIDO MISSÃO,i,MISSÃO,0,14,MISSÃO,PARTIDO MISSÃO,,14,280002540694,RENAN ANTONIO FERREIRA DOS SANTOS,RENAN SANTOS,14/02/1984,5,Válido,nao,,60,0.82,0.821580173,AROLDO MEDINA,CORONEL MEDINA,MISSÃO,v,,,,,04/10/2026 18:31:54,sim
1,04/10/2026,6257,Presidente,1,municipio,RN,17531,2407708,MONTANHAS,,,,,PARTIDO DA CAUSA OPERÁRIA,i,PCO,0,29,PCO,PARTIDO DA CAUSA OPERÁRIA,,29,280002552487,RUI COSTA PIMENTA,RUI COSTA PIMENTA,25/06/1957,12,Válido,nao,,0,0.00,0,ANTONIO CARLOS SILVA,ANTÔNIO CARLOS,PCO,v,,,,,04/10/2026 18:31:54,sim
1,04/10/2026,6257,Presidente,1,municipio,RN,17558,2407807,MONTE ALEGRE,,,,,PARTIDO LIBERAL,i,PL,0,22,PL,PARTIDO LIBERAL,,22,280002551544,FLAVIO NANTES BOLSONARO,FLAVIO BOLSONARO,30/04/1981,1,Válido,nao,,5043,37.64,37.637137100,ALFREDO GASPAR DE MENDONÇA NETO,ALFREDO GASPAR,PL,v,,,,,04/10/2026 20:57:49,sim
1,04/10/2026,6257,Presidente,1,municipio,RN,17558,2407807,MONTE ALEGRE,,,,,PARTIDO SOCIAL DEMOCRÁTICO,i,PSD,0,55,PSD,PARTIDO SOCIAL DEMOCRÁTICO,,55,280002551932,RONALDO RAMOS CAIADO,RONALDO CAIADO,25/09/1949,5,Válido,nao,,93,0.69,0.694081648,GILBERTO KASSAB,GILBERTO KASSAB,PSD,v,,,,,04/10/2026 20:57:49,sim
1,04/10/2026,6257,Presidente,1,municipio,RN,17558,2407807,MONTE ALEGRE,,PT/PC do B/PV,FEDERAÇÃO BRASIL DA ESPERANÇA - FE BRASIL,PT/PC do B/PV,BRASIL PRONTO PRA MAIS,c,PSB / PDT / PCDOB / PT / PV / PSOL / REDE,,13,PT,PARTIDO DOS TRABALHADORES,101,13,280002542548,LUIZ INÁCIO LULA DA SILVA,LULA,06/10/1945,2,Válido,nao,,7772,58.00,58.004328681,GERALDO JOSE RODRIGUES ALCKMIN FILHO,GERALDO ALCKMIN,PSB,v,,,,,04/10/2026 20:57:49,sim
1,04/10/2026,6257,Presidente,1,municipio,RN,17558,2407807,MONTE ALEGRE,,,,,PARTIDO SOCIALISTA  DOS TRABALHADORES UNIFICADO,i,PSTU,0,16,PSTU,PARTIDO SOCIALISTA  DOS TRABALHADORES UNIFICADO,,16,280002541457,HERTZ DA CONCEICAO DIAS,HERTZ DIAS,20/10/1970,8,Válido,nao,,3,0.02,0.022389731,VANESSA PORTUGAL BARBOSA,VANESSA PORTUGAL,PSTU,v,,,,,04/10/2026 20:57:49,sim
1,04/10/2026,6257,Presidente,1,municipio,RN,17558,2407807,MONTE ALEGRE,,,,,PARTIDO COMUNISTA BRASILEIRO,i,PCB,0,21,PCB,PARTIDO COMUNISTA BRASILEIRO,,21,280002551975,EDMILSON SILVA COSTA,EDMILSON COSTA,08/04/1950,10,Válido,nao,,1,0.01,0.007463244,CLEUSA DOS SANTOS,CLEUSA SANTOS,PCB,v,,,,,04/10/2026 20:57:49,sim
1,04/10/2026,6257,Presidente,1,municipio,RN,17558,2407807,MONTE ALEGRE,,,,,DEMOCRACIA CRISTÃ,i,DC,0,27,DC,DEMOCRACIA CRISTÃ,,27,280002552484,CLARIANA ZACARKIM BARAO,CLARIANA BARAO,03/04/1987,9,Válido,nao,,1,0.01,0.007463244,FABIANA CRISTINA TAVARES TORQUATO,FABIANA TORQUATO,DC,v,,,,,04/10/2026 20:57:49,sim
1,04/10/2026,6257,Presidente,1,municipio,RN,17558,2407807,MONTE ALEGRE,,,,,PARTIDO NOVO,i,NOVO,0,30,NOVO,PARTIDO NOVO,,30,280002539826,ROMEU ZEMA NETO,ZEMA,28/10/1964,6,Válido,nao,,1,0.01,0.007463244,LUIS EDUARDO GRANGEIRO GIRÃO,EDUARDO GIRÃO,NOVO,v,,,,,04/10/2026 20:57:49,sim
1,04/10/2026,6257,Presidente,1,municipio,RN,17558,2407807,MONTE ALEGRE,,,,,BRASIL DOS NOSSOS SONHOS,c,AGIR / AVANTE,,70,AVANTE,AVANTE,,70,280002551547,AUGUSTO JORGE CURY,ESCRITOR AUGUSTO CURY,02/10/1958,3,Válido,nao,,369,2.75,2.753936861,JULIO CESAR DELGADO,JÚLIO DELGADO,AVANTE,v,,,,,04/10/2026 20:57:49,sim
1,04/10/2026,6257,Presidente,1,municipio,RN,17558,2407807,MONTE ALEGRE,,,,,DEMOCRATA,i,DEMOCRATA,0,35,DEMOCRATA,DEMOCRATA,,35,280002548139,WILSON GRASSI JUNIOR,VETERINÁRIO WILSON GRASSI,13/03/1970,11,Válido,nao,,1,0.01,0.007463244,SUÊD HAIDAR NOGUEIRA,SUÊD HAIDAR,DEMOCRATA,v,,,,,04/10/2026 20:57:49,sim
1,04/10/2026,6257,Presidente,1,municipio,RN,17558,2407807,MONTE ALEGRE,,,,,UNIDADE POPULAR,i,UP,0,80,UP,UNIDADE POPULAR,,80,280002538811,SAMARA MARTINS DA SILVA FEITOSA,SAMARA,31/08/1987,7,Válido,nao,,6,0.04,0.044779461,RAQUEL NONATO DE BRICIO,RAQUEL BRÍCIO,UP,v,,,,,04/10/2026 20:57:49,sim
1,04/10/2026,6257,Presidente,1,municipio,RN,17558,2407807,MONTE ALEGRE,,,,,PARTIDO MISSÃO,i,MISSÃO,0,14,MISSÃO,PARTIDO MISSÃO,,14,280002540694,RENAN ANTONIO FERREIRA DOS SANTOS,RENAN SANTOS,14/02/1984,4,Válido,nao,,108,0.81,0.806030301,AROLDO MEDINA,CORONEL MEDINA,MISSÃO,v,,,,,04/10/2026 20:57:49,sim
1,04/10/2026,6257,Presidente,1,municipio,RN,17558,2407807,MONTE ALEGRE,,,,,PARTIDO DA CAUSA OPERÁRIA,i,PCO,0,29,PCO,PARTIDO DA CAUSA OPERÁRIA,,29,280002552487,RUI COSTA PIMENTA,RUI COSTA PIMENTA,25/06/1957,12,Válido,nao,,1,0.01,0.007463244,ANTONIO CARLOS SILVA,ANTÔNIO CARLOS,PCO,v,,,,,04/10/2026 20:57:49,sim
1,04/10/2026,6257,Presidente,1,municipio,RN,17574,2407906,MONTE DAS GAMELEIRAS,,,,,PARTIDO LIBERAL,i,PL,0,22,PL,PARTIDO LIBERAL,,22,280002551544,FLAVIO NANTES BOLSONARO,FLAVIO BOLSONARO,30/04/1981,1,Válido,nao,,875,35.51,35.511363636,ALFREDO GASPAR DE MENDONÇA NETO,ALFREDO GASPAR,PL,v,,,,,04/10/2026 19:25:41,sim
1,04/10/2026,6257,Presidente,1,municipio,RN,17574,2407906,MONTE DAS GAMELEIRAS,,,,,PARTIDO SOCIAL DEMOCRÁTICO,i,PSD,0,55,PSD,PARTIDO SOCIAL DEMOCRÁTICO,,55,280002551932,RONALDO RAMOS CAIADO,RONALDO CAIADO,25/09/1949,5,Válido,nao,,11,0.45,0.446428571,GILBERTO KASSAB,GILBERTO KASSAB,PSD,v,,,,,04/10/2026 19:25:41,sim
1,04/10/2026,6257,Presidente,1,municipio,RN,17574,2407906,MONTE DAS GAMELEIRAS,,PT/PC do B/PV,FEDERAÇÃO BRASIL DA ESPERANÇA - FE BRASIL,PT/PC do B/PV,BRASIL PRONTO PRA MAIS,c,PSB / PDT / PCDOB / PT / PV / PSOL / REDE,,13,PT,PARTIDO DOS TRABALHADORES,101,13,280002542548,LUIZ INÁCIO LULA DA SILVA,LULA,06/10/1945,2,Válido,nao,,1480,60.06,60.064935065,GERALDO JOSE RODRIGUES ALCKMIN FILHO,GERALDO ALCKMIN,PSB,v,,,,,04/10/2026 19:25:41,sim
1,04/10/2026,6257,Presidente,1,municipio,RN,17574,2407906,MONTE DAS GAMELEIRAS,,,,,DEMOCRACIA CRISTÃ,i,DC,0,27,DC,DEMOCRACIA CRISTÃ,,27,280002552484,CLARIANA ZACARKIM BARAO,CLARIANA BARAO,03/04/1987,9,Válido,nao,,0,0.00,0,FABIANA CRISTINA TAVARES TORQUATO,FABIANA TORQUATO,DC,v,,,,,04/10/2026 19:25:41,sim
1,04/10/2026,6257,Presidente,1,municipio,RN,17574,2407906,MONTE DAS GAMELEIRAS,,,,,PARTIDO COMUNISTA BRASILEIRO,i,PCB,0,21,PCB,PARTIDO COMUNISTA BRASILEIRO,,21,280002551975,EDMILSON SILVA COSTA,EDMILSON COSTA,08/04/1950,10,Válido,nao,,0,0.00,0,CLEUSA DOS SANTOS,CLEUSA SANTOS,PCB,v,,,,,04/10/2026 19:25:41,sim
1,04/10/2026,6257,Presidente,1,municipio,RN,17574,2407906,MONTE DAS GAMELEIRAS,,,,,PARTIDO SOCIALISTA  DOS TRABALHADORES UNIFICADO,i,PSTU,0,16,PSTU,PARTIDO SOCIALISTA  DOS TRABALHADORES UNIFICADO,,16,280002541457,HERTZ DA CONCEICAO DIAS,HERTZ DIAS,20/10/1970,8,Válido,nao,,1,0.04,0.040584416,VANESSA PORTUGAL BARBOSA,VANESSA PORTUGAL,PSTU,v,,,,,04/10/2026 19:25:41,sim
1,04/10/2026,6257,Presidente,1,municipio,RN,17574,2407906,MONTE DAS GAMELEIRAS,,,,,BRASIL DOS NOSSOS SONHOS,c,AGIR / AVANTE,,70,AVANTE,AVANTE,,70,280002551547,AUGUSTO JORGE CURY,ESCRITOR AUGUSTO CURY,02/10/1958,3,Válido,nao,,66,2.68,2.678571429,JULIO CESAR DELGADO,JÚLIO DELGADO,AVANTE,v,,,,,04/10/2026 19:25:41,sim
1,04/10/2026,6257,Presidente,1,municipio,RN,17574,2407906,MONTE DAS GAMELEIRAS,,,,,PARTIDO NOVO,i,NOVO,0,30,NOVO,PARTIDO NOVO,,30,280002539826,ROMEU ZEMA NETO,ZEMA,28/10/1964,6,Válido,nao,,1,0.04,0.040584416,LUIS EDUARDO GRANGEIRO GIRÃO,EDUARDO GIRÃO,NOVO,v,,,,,04/10/2026 19:25:41,sim
1,04/10/2026,6257,Presidente,1,municipio,RN,17574,2407906,MONTE DAS GAMELEIRAS,,,,,UNIDADE POPULAR,i,UP,0,80,UP,UNIDADE POPULAR,,80,280002538811,SAMARA MARTINS DA SILVA FEITOSA,SAMARA,31/08/1987,7,Válido,nao,,1,0.04,0.040584416,RAQUEL NONATO DE BRICIO,RAQUEL BRÍCIO,UP,v,,,,,04/10/2026 19:25:41,sim
1,04/10/2026,6257,Presidente,1,municipio,RN,17574,2407906,MONTE DAS GAMELEIRAS,,,,,DEMOCRATA,i,DEMOCRATA,0,35,DEMOCRATA,DEMOCRATA,,35,280002548139,WILSON GRASSI JUNIOR,VETERINÁRIO WILSON GRASSI,13/03/1970,11,Válido,nao,,0,0.00,0,SUÊD HAIDAR NOGUEIRA,SUÊD HAIDAR,DEMOCRATA,v,,,,,04/10/2026 19:25:41,sim
1,04/10/2026,6257,Presidente,1,municipio,RN,17574,2407906,MONTE DAS GAMELEIRAS,,,,,PARTIDO MISSÃO,i,MISSÃO,0,14,MISSÃO,PARTIDO MISSÃO,,14,280002540694,RENAN ANTONIO FERREIRA DOS SANTOS,RENAN SANTOS,14/02/1984,4,Válido,nao,,29,1.18,1.176948052,AROLDO MEDINA,CORONEL MEDINA,MISSÃO,v,,,,,04/10/2026 19:25:41,sim
1,04/10/2026,6257,Presidente,1,municipio,RN,17574,2407906,MONTE DAS GAMELEIRAS,,,,,PARTIDO DA CAUSA OPERÁRIA,i,PCO,0,29,PCO,PARTIDO DA CAUSA OPERÁRIA,,29,280002552487,RUI COSTA PIMENTA,RUI COSTA PIMENTA,25/06/1957,12,Válido,nao,,0,0.00,0,ANTONIO CARLOS SILVA,ANTÔNIO CARLOS,PCO,v,,,,,04/10/2026 19:25:41,sim
1,04/10/2026,6257,Presidente,1,municipio,RN,17590,2408003,MOSSORÓ,,,,,PARTIDO LIBERAL,i,PL,0,22,PL,PARTIDO LIBERAL,,22,280002551544,FLAVIO NANTES BOLSONARO,FLAVIO BOLSONARO,30/04/1981,1,Válido,nao,,54321,36.17,36.174449269,ALFREDO GASPAR DE MENDONÇA NETO,ALFREDO GASPAR,PL,v,,,,,04/10/2026 20:55:01,sim
1,04/10/2026,6257,Presidente,1,municipio,RN,17590,2408003,MOSSORÓ,,,,,PARTIDO SOCIAL DEMOCRÁTICO,i,PSD,0,55,PSD,PARTIDO SOCIAL DEMOCRÁTICO,,55,280002551932,RONALDO RAMOS CAIADO,RONALDO CAIADO,25/09/1949,5,Válido,nao,,1022,0.68,0.680589222,GILBERTO KASSAB,GILBERTO KASSAB,PSD,v,,,,,04/10/2026 20:55:01,sim
1,04/10/2026,6257,Presidente,1,municipio,RN,17590,2408003,MOSSORÓ,,PT/PC do B/PV,FEDERAÇÃO BRASIL DA ESPERANÇA - FE BRASIL,PT/PC do B/PV,BRASIL PRONTO PRA MAIS,c,PSB / PDT / PCDOB / PT / PV / PSOL / REDE,,13,PT,PARTIDO DOS TRABALHADORES,101,13,280002542548,LUIZ INÁCIO LULA DA SILVA,LULA,06/10/1945,2,Válido,nao,,85507,56.94,56.942409632,GERALDO JOSE RODRIGUES ALCKMIN FILHO,GERALDO ALCKMIN,PSB,v,,,,,04/10/2026 20:55:01,sim
1,04/10/2026,6257,Presidente,1,municipio,RN,17590,2408003,MOSSORÓ,,,,,DEMOCRACIA CRISTÃ,i,DC,0,27,DC,DEMOCRACIA CRISTÃ,,27,280002552484,CLARIANA ZACARKIM BARAO,CLARIANA BARAO,03/04/1987,9,Válido,nao,,29,0.02,0.019312219,FABIANA CRISTINA TAVARES TORQUATO,FABIANA TORQUATO,DC,v,,,,,04/10/2026 20:55:01,sim
1,04/10/2026,6257,Presidente,1,municipio,RN,17590,2408003,MOSSORÓ,,,,,PARTIDO COMUNISTA BRASILEIRO,i,PCB,0,21,PCB,PARTIDO COMUNISTA BRASILEIRO,,21,280002551975,EDMILSON SILVA COSTA,EDMILSON COSTA,08/04/1950,10,Válido,nao,,20,0.01,0.013318771,CLEUSA DOS SANTOS,CLEUSA SANTOS,PCB,v,,,,,04/10/2026 20:55:01,sim
1,04/10/2026,6257,Presidente,1,municipio,RN,17590,2408003,MOSSORÓ,,,,,PARTIDO SOCIALISTA  DOS TRABALHADORES UNIFICADO,i,PSTU,0,16,PSTU,PARTIDO SOCIALISTA  DOS TRABALHADORES UNIFICADO,,16,280002541457,HERTZ DA CONCEICAO DIAS,HERTZ DIAS,20/10/1970,8,Válido,nao,,46,0.03,0.030633174,VANESSA PORTUGAL BARBOSA,VANESSA PORTUGAL,PSTU,v,,,,,04/10/2026 20:55:01,sim
1,04/10/2026,6257,Presidente,1,municipio,RN,17590,2408003,MOSSORÓ,,,,,BRASIL DOS NOSSOS SONHOS,c,AGIR / AVANTE,,70,AVANTE,AVANTE,,70,280002551547,AUGUSTO JORGE CURY,ESCRITOR AUGUSTO CURY,02/10/1958,3,Válido,nao,,4986,3.32,3.320369729,JULIO CESAR DELGADO,JÚLIO DELGADO,AVANTE,v,,,,,04/10/2026 20:55:01,sim
1,04/10/2026,6257,Presidente,1,municipio,RN,17590,2408003,MOSSORÓ,,,,,PARTIDO NOVO,i,NOVO,0,30,NOVO,PARTIDO NOVO,,30,280002539826,ROMEU ZEMA NETO,ZEMA,28/10/1964,6,Válido,nao,,88,0.06,0.058602594,LUIS EDUARDO GRANGEIRO GIRÃO,EDUARDO GIRÃO,NOVO,v,,,,,04/10/2026 20:55:01,sim
1,04/10/2026,6257,Presidente,1,municipio,RN,17590,2408003,MOSSORÓ,,,,,UNIDADE POPULAR,i,UP,0,80,UP,UNIDADE POPULAR,,80,280002538811,SAMARA MARTINS DA SILVA FEITOSA,SAMARA,31/08/1987,7,Válido,nao,,111,0.07,0.073919182,RAQUEL NONATO DE BRICIO,RAQUEL BRÍCIO,UP,v,,,,,04/10/2026 20:55:01,sim
1,04/10/2026,6257,Presidente,1,municipio,RN,17590,2408003,MOSSORÓ,,,,,DEMOCRATA,i,DEMOCRATA,0,35,DEMOCRATA,DEMOCRATA,,35,280002548139,WILSON GRASSI JUNIOR,VETERINÁRIO WILSON GRASSI,13/03/1970,11,Válido,nao,,18,0.01,0.011986894,SUÊD HAIDAR NOGUEIRA,SUÊD HAIDAR,DEMOCRATA,v,,,,,04/10/2026 20:55:01,sim
1,04/10/2026,6257,Presidente,1,municipio,RN,17590,2408003,MOSSORÓ,,,,,PARTIDO MISSÃO,i,MISSÃO,0,14,MISSÃO,PARTIDO MISSÃO,,14,280002540694,RENAN ANTONIO FERREIRA DOS SANTOS,RENAN SANTOS,14/02/1984,4,Válido,nao,,4004,2.67,2.666418050,AROLDO MEDINA,CORONEL MEDINA,MISSÃO,v,,,,,04/10/2026 20:55:01,sim
1,04/10/2026,6257,Presidente,1,municipio,RN,17590,2408003,MOSSORÓ,,,,,PARTIDO DA CAUSA OPERÁRIA,i,PCO,0,29,PCO,PARTIDO DA CAUSA OPERÁRIA,,29,280002552487,RUI COSTA PIMENTA,RUI COSTA PIMENTA,25/06/1957,12,Válido,nao,,12,0.01,0.007991263,ANTONIO CARLOS SILVA,ANTÔNIO CARLOS,PCO,v,,,,,04/10/2026 20:55:01,sim
1,04/10/2026,6257,Presidente,1,municipio,RN,17612,2408102,NATAL,,,,,PARTIDO LIBERAL,i,PL,0,22,PL,PARTIDO LIBERAL,,22,280002551544,FLAVIO NANTES BOLSONARO,FLAVIO BOLSONARO,30/04/1981,1,Válido,nao,,192739,44.17,44.168001522,ALFREDO GASPAR DE MENDONÇA NETO,ALFREDO GASPAR,PL,v,,,,,04/10/2026 21:04:37,sim
1,04/10/2026,6257,Presidente,1,municipio,RN,17612,2408102,NATAL,,,,,PARTIDO SOCIAL DEMOCRÁTICO,i,PSD,0,55,PSD,PARTIDO SOCIAL DEMOCRÁTICO,,55,280002551932,RONALDO RAMOS CAIADO,RONALDO CAIADO,25/09/1949,5,Válido,nao,,5253,1.20,1.203775634,GILBERTO KASSAB,GILBERTO KASSAB,PSD,v,,,,,04/10/2026 21:04:37,sim
1,04/10/2026,6257,Presidente,1,municipio,RN,17612,2408102,NATAL,,PT/PC do B/PV,FEDERAÇÃO BRASIL DA ESPERANÇA - FE BRASIL,PT/PC do B/PV,BRASIL PRONTO PRA MAIS,c,PSB / PDT / PCDOB / PT / PV / PSOL / REDE,,13,PT,PARTIDO DOS TRABALHADORES,101,13,280002542548,LUIZ INÁCIO LULA DA SILVA,LULA,06/10/1945,2,Válido,nao,,213790,48.99,48.992041285,GERALDO JOSE RODRIGUES ALCKMIN FILHO,GERALDO ALCKMIN,PSB,v,,,,,04/10/2026 21:04:37,sim
1,04/10/2026,6257,Presidente,1,municipio,RN,17612,2408102,NATAL,,,,,PARTIDO SOCIALISTA  DOS TRABALHADORES UNIFICADO,i,PSTU,0,16,PSTU,PARTIDO SOCIALISTA  DOS TRABALHADORES UNIFICADO,,16,280002541457,HERTZ DA CONCEICAO DIAS,HERTZ DIAS,20/10/1970,8,Válido,nao,,226,0.05,0.051790081,VANESSA PORTUGAL BARBOSA,VANESSA PORTUGAL,PSTU,v,,,,,04/10/2026 21:04:37,sim
1,04/10/2026,6257,Presidente,1,municipio,RN,17612,2408102,NATAL,,,,,PARTIDO COMUNISTA BRASILEIRO,i,PCB,0,21,PCB,PARTIDO COMUNISTA BRASILEIRO,,21,280002551975,EDMILSON SILVA COSTA,EDMILSON COSTA,08/04/1950,10,Válido,nao,,76,0.02,0.017416133,CLEUSA DOS SANTOS,CLEUSA SANTOS,PCB,v,,,,,04/10/2026 21:04:37,sim
1,04/10/2026,6257,Presidente,1,municipio,RN,17612,2408102,NATAL,,,,,DEMOCRACIA CRISTÃ,i,DC,0,27,DC,DEMOCRACIA CRISTÃ,,27,280002552484,CLARIANA ZACARKIM BARAO,CLARIANA BARAO,03/04/1987,9,Válido,nao,,131,0.03,0.030019914,FABIANA CRISTINA TAVARES TORQUATO,FABIANA TORQUATO,DC,v,,,,,04/10/2026 21:04:37,sim
1,04/10/2026,6257,Presidente,1,municipio,RN,17612,2408102,NATAL,,,,,PARTIDO NOVO,i,NOVO,0,30,NOVO,PARTIDO NOVO,,30,280002539826,ROMEU ZEMA NETO,ZEMA,28/10/1964,6,Válido,nao,,681,0.16,0.156057721,LUIS EDUARDO GRANGEIRO GIRÃO,EDUARDO GIRÃO,NOVO,v,,,,,04/10/2026 21:04:37,sim
1,04/10/2026,6257,Presidente,1,municipio,RN,17612,2408102,NATAL,,,,,BRASIL DOS NOSSOS SONHOS,c,AGIR / AVANTE,,70,AVANTE,AVANTE,,70,280002551547,AUGUSTO JORGE CURY,ESCRITOR AUGUSTO CURY,02/10/1958,3,Válido,nao,,13267,3.04,3.040261059,JULIO CESAR DELGADO,JÚLIO DELGADO,AVANTE,v,,,,,04/10/2026 21:04:37,sim
1,04/10/2026,6257,Presidente,1,municipio,RN,17612,2408102,NATAL,,,,,DEMOCRATA,i,DEMOCRATA,0,35,DEMOCRATA,DEMOCRATA,,35,280002548139,WILSON GRASSI JUNIOR,VETERINÁRIO WILSON GRASSI,13/03/1970,11,Válido,nao,,57,0.01,0.013062100,SUÊD HAIDAR NOGUEIRA,SUÊD HAIDAR,DEMOCRATA,v,,,,,04/10/2026 21:04:37,sim
1,04/10/2026,6257,Presidente,1,municipio,RN,17612,2408102,NATAL,,,,,UNIDADE POPULAR,i,UP,0,80,UP,UNIDADE POPULAR,,80,280002538811,SAMARA MARTINS DA SILVA FEITOSA,SAMARA,31/08/1987,7,Válido,nao,,510,0.12,0.116871421,RAQUEL NONATO DE BRICIO,RAQUEL BRÍCIO,UP,v,,,,,04/10/2026 21:04:37,sim
1,04/10/2026,6257,Presidente,1,municipio,RN,17612,2408102,NATAL,,,,,PARTIDO MISSÃO,i,MISSÃO,0,14,MISSÃO,PARTIDO MISSÃO,,14,280002540694,RENAN ANTONIO FERREIRA DOS SANTOS,RENAN SANTOS,14/02/1984,4,Válido,nao,,9578,2.19,2.194891115,AROLDO MEDINA,CORONEL MEDINA,MISSÃO,v,,,,,04/10/2026 21:04:37,sim
1,04/10/2026,6257,Presidente,1,municipio,RN,17612,2408102,NATAL,,,,,PARTIDO DA CAUSA OPERÁRIA,i,PCO,0,29,PCO,PARTIDO DA CAUSA OPERÁRIA,,29,280002552487,RUI COSTA PIMENTA,RUI COSTA PIMENTA,25/06/1957,12,Válido,nao,,69,0.02,0.015812016,ANTONIO CARLOS SILVA,ANTÔNIO CARLOS,PCO,v,,,,,04/10/2026 21:04:37,sim
1,04/10/2026,6257,Presidente,1,municipio,RN,17639,2408201,NÍSIA FLORESTA,,,,,PARTIDO LIBERAL,i,PL,0,22,PL,PARTIDO LIBERAL,,22,280002551544,FLAVIO NANTES BOLSONARO,FLAVIO BOLSONARO,30/04/1981,1,Válido,nao,,7562,40.59,40.592624403,ALFREDO GASPAR DE MENDONÇA NETO,ALFREDO GASPAR,PL,v,,,,,04/10/2026 20:56:52,sim
1,04/10/2026,6257,Presidente,1,municipio,RN,17639,2408201,NÍSIA FLORESTA,,,,,PARTIDO SOCIAL DEMOCRÁTICO,i,PSD,0,55,PSD,PARTIDO SOCIAL DEMOCRÁTICO,,55,280002551932,RONALDO RAMOS CAIADO,RONALDO CAIADO,25/09/1949,5,Válido,nao,,137,0.74,0.735412529,GILBERTO KASSAB,GILBERTO KASSAB,PSD,v,,,,,04/10/2026 20:56:52,sim
1,04/10/2026,6257,Presidente,1,municipio,RN,17639,2408201,NÍSIA FLORESTA,,PT/PC do B/PV,FEDERAÇÃO BRASIL DA ESPERANÇA - FE BRASIL,PT/PC do B/PV,BRASIL PRONTO PRA MAIS,c,PSB / PDT / PCDOB / PT / PV / PSOL / REDE,,13,PT,PARTIDO DOS TRABALHADORES,101,13,280002542548,LUIZ INÁCIO LULA DA SILVA,LULA,06/10/1945,2,Válido,nao,,10173,54.61,54.608406248,GERALDO JOSE RODRIGUES ALCKMIN FILHO,GERALDO ALCKMIN,PSB,v,,,,,04/10/2026 20:56:52,sim
1,04/10/2026,6257,Presidente,1,municipio,RN,17639,2408201,NÍSIA FLORESTA,,,,,DEMOCRACIA CRISTÃ,i,DC,0,27,DC,DEMOCRACIA CRISTÃ,,27,280002552484,CLARIANA ZACARKIM BARAO,CLARIANA BARAO,03/04/1987,9,Válido,nao,,5,0.03,0.026839873,FABIANA CRISTINA TAVARES TORQUATO,FABIANA TORQUATO,DC,v,,,,,04/10/2026 20:56:52,sim
1,04/10/2026,6257,Presidente,1,municipio,RN,17639,2408201,NÍSIA FLORESTA,,,,,PARTIDO COMUNISTA BRASILEIRO,i,PCB,0,21,PCB,PARTIDO COMUNISTA BRASILEIRO,,21,280002551975,EDMILSON SILVA COSTA,EDMILSON COSTA,08/04/1950,10,Válido,nao,,0,0.00,0,CLEUSA DOS SANTOS,CLEUSA SANTOS,PCB,v,,,,,04/10/2026 20:56:52,sim
1,04/10/2026,6257,Presidente,1,municipio,RN,17639,2408201,NÍSIA FLORESTA,,,,,PARTIDO SOCIALISTA  DOS TRABALHADORES UNIFICADO,i,PSTU,0,16,PSTU,PARTIDO SOCIALISTA  DOS TRABALHADORES UNIFICADO,,16,280002541457,HERTZ DA CONCEICAO DIAS,HERTZ DIAS,20/10/1970,8,Válido,nao,,3,0.02,0.016103924,VANESSA PORTUGAL BARBOSA,VANESSA PORTUGAL,PSTU,v,,,,,04/10/2026 20:56:52,sim
1,04/10/2026,6257,Presidente,1,municipio,RN,17639,2408201,NÍSIA FLORESTA,,,,,BRASIL DOS NOSSOS SONHOS,c,AGIR / AVANTE,,70,AVANTE,AVANTE,,70,280002551547,AUGUSTO JORGE CURY,ESCRITOR AUGUSTO CURY,02/10/1958,3,Válido,nao,,493,2.65,2.646411509,JULIO CESAR DELGADO,JÚLIO DELGADO,AVANTE,v,,,,,04/10/2026 20:56:52,sim
1,04/10/2026,6257,Presidente,1,municipio,RN,17639,2408201,NÍSIA FLORESTA,,,,,PARTIDO NOVO,i,NOVO,0,30,NOVO,PARTIDO NOVO,,30,280002539826,ROMEU ZEMA NETO,ZEMA,28/10/1964,6,Válido,nao,,3,0.02,0.016103924,LUIS EDUARDO GRANGEIRO GIRÃO,EDUARDO GIRÃO,NOVO,v,,,,,04/10/2026 20:56:52,sim
1,04/10/2026,6257,Presidente,1,municipio,RN,17639,2408201,NÍSIA FLORESTA,,,,,UNIDADE POPULAR,i,UP,0,80,UP,UNIDADE POPULAR,,80,280002538811,SAMARA MARTINS DA SILVA FEITOSA,SAMARA,31/08/1987,7,Válido,nao,,8,0.04,0.042943797,RAQUEL NONATO DE BRICIO,RAQUEL BRÍCIO,UP,v,,,,,04/10/2026 20:56:52,sim
1,04/10/2026,6257,Presidente,1,municipio,RN,17639,2408201,NÍSIA FLORESTA,,,,,DEMOCRATA,i,DEMOCRATA,0,35,DEMOCRATA,DEMOCRATA,,35,280002548139,WILSON GRASSI JUNIOR,VETERINÁRIO WILSON GRASSI,13/03/1970,11,Válido,nao,,0,0.00,0,SUÊD HAIDAR NOGUEIRA,SUÊD HAIDAR,DEMOCRATA,v,,,,,04/10/2026 20:56:52,sim
1,04/10/2026,6257,Presidente,1,municipio,RN,17639,2408201,NÍSIA FLORESTA,,,,,PARTIDO MISSÃO,i,MISSÃO,0,14,MISSÃO,PARTIDO MISSÃO,,14,280002540694,RENAN ANTONIO FERREIRA DOS SANTOS,RENAN SANTOS,14/02/1984,4,Válido,nao,,245,1.32,1.315153792,AROLDO MEDINA,CORONEL MEDINA,MISSÃO,v,,,,,04/10/2026 20:56:52,sim
1,04/10/2026,6257,Presidente,1,municipio,RN,17639,2408201,NÍSIA FLORESTA,,,,,PARTIDO DA CAUSA OPERÁRIA,i,PCO,0,29,PCO,PARTIDO DA CAUSA OPERÁRIA,,29,280002552487,RUI COSTA PIMENTA,RUI COSTA PIMENTA,25/06/1957,12,Válido,nao,,0,0.00,0,ANTONIO CARLOS SILVA,ANTÔNIO CARLOS,PCO,v,,,,,04/10/2026 20:56:52,sim
1,04/10/2026,6257,Presidente,1,municipio,RN,17655,2408300,NOVA CRUZ,,,,,PARTIDO LIBERAL,i,PL,0,22,PL,PARTIDO LIBERAL,,22,280002551544,FLAVIO NANTES BOLSONARO,FLAVIO BOLSONARO,30/04/1981,1,Válido,nao,,7238,34.03,34.025949605,ALFREDO GASPAR DE MENDONÇA NETO,ALFREDO GASPAR,PL,v,,,,,04/10/2026 19:11:18,sim
1,04/10/2026,6257,Presidente,1,municipio,RN,17655,2408300,NOVA CRUZ,,,,,PARTIDO SOCIAL DEMOCRÁTICO,i,PSD,0,55,PSD,PARTIDO SOCIAL DEMOCRÁTICO,,55,280002551932,RONALDO RAMOS CAIADO,RONALDO CAIADO,25/09/1949,5,Válido,nao,,112,0.53,0.526513727,GILBERTO KASSAB,GILBERTO KASSAB,PSD,v,,,,,04/10/2026 19:11:18,sim
1,04/10/2026,6257,Presidente,1,municipio,RN,17655,2408300,NOVA CRUZ,,PT/PC do B/PV,FEDERAÇÃO BRASIL DA ESPERANÇA - FE BRASIL,PT/PC do B/PV,BRASIL PRONTO PRA MAIS,c,PSB / PDT / PCDOB / PT / PV / PSOL / REDE,,13,PT,PARTIDO DOS TRABALHADORES,101,13,280002542548,LUIZ INÁCIO LULA DA SILVA,LULA,06/10/1945,2,Válido,nao,,13168,61.90,61.902971042,GERALDO JOSE RODRIGUES ALCKMIN FILHO,GERALDO ALCKMIN,PSB,v,,,,,04/10/2026 19:11:18,sim
1,04/10/2026,6257,Presidente,1,municipio,RN,17655,2408300,NOVA CRUZ,,,,,DEMOCRACIA CRISTÃ,i,DC,0,27,DC,DEMOCRACIA CRISTÃ,,27,280002552484,CLARIANA ZACARKIM BARAO,CLARIANA BARAO,03/04/1987,9,Válido,nao,,1,0.01,0.004701015,FABIANA CRISTINA TAVARES TORQUATO,FABIANA TORQUATO,DC,v,,,,,04/10/2026 19:11:18,sim
1,04/10/2026,6257,Presidente,1,municipio,RN,17655,2408300,NOVA CRUZ,,,,,PARTIDO COMUNISTA BRASILEIRO,i,PCB,0,21,PCB,PARTIDO COMUNISTA BRASILEIRO,,21,280002551975,EDMILSON SILVA COSTA,EDMILSON COSTA,08/04/1950,10,Válido,nao,,4,0.02,0.018804062,CLEUSA DOS SANTOS,CLEUSA SANTOS,PCB,v,,,,,04/10/2026 19:11:18,sim
1,04/10/2026,6257,Presidente,1,municipio,RN,17655,2408300,NOVA CRUZ,,,,,PARTIDO SOCIALISTA  DOS TRABALHADORES UNIFICADO,i,PSTU,0,16,PSTU,PARTIDO SOCIALISTA  DOS TRABALHADORES UNIFICADO,,16,280002541457,HERTZ DA CONCEICAO DIAS,HERTZ DIAS,20/10/1970,8,Válido,nao,,2,0.01,0.009402031,VANESSA PORTUGAL BARBOSA,VANESSA PORTUGAL,PSTU,v,,,,,04/10/2026 19:11:18,sim
1,04/10/2026,6257,Presidente,1,municipio,RN,17655,2408300,NOVA CRUZ,,,,,BRASIL DOS NOSSOS SONHOS,c,AGIR / AVANTE,,70,AVANTE,AVANTE,,70,280002551547,AUGUSTO JORGE CURY,ESCRITOR AUGUSTO CURY,02/10/1958,3,Válido,nao,,484,2.28,2.275291463,JULIO CESAR DELGADO,JÚLIO DELGADO,AVANTE,v,,,,,04/10/2026 19:11:18,sim
1,04/10/2026,6257,Presidente,1,municipio,RN,17655,2408300,NOVA CRUZ,,,,,PARTIDO NOVO,i,NOVO,0,30,NOVO,PARTIDO NOVO,,30,280002539826,ROMEU ZEMA NETO,ZEMA,28/10/1964,6,Válido,nao,,11,0.05,0.051711170,LUIS EDUARDO GRANGEIRO GIRÃO,EDUARDO GIRÃO,NOVO,v,,,,,04/10/2026 19:11:18,sim
1,04/10/2026,6257,Presidente,1,municipio,RN,17655,2408300,NOVA CRUZ,,,,,UNIDADE POPULAR,i,UP,0,80,UP,UNIDADE POPULAR,,80,280002538811,SAMARA MARTINS DA SILVA FEITOSA,SAMARA,31/08/1987,7,Válido,nao,,4,0.02,0.018804062,RAQUEL NONATO DE BRICIO,RAQUEL BRÍCIO,UP,v,,,,,04/10/2026 19:11:18,sim
1,04/10/2026,6257,Presidente,1,municipio,RN,17655,2408300,NOVA CRUZ,,,,,DEMOCRATA,i,DEMOCRATA,0,35,DEMOCRATA,DEMOCRATA,,35,280002548139,WILSON GRASSI JUNIOR,VETERINÁRIO WILSON GRASSI,13/03/1970,11,Válido,nao,,1,0.01,0.004701015,SUÊD HAIDAR NOGUEIRA,SUÊD HAIDAR,DEMOCRATA,v,,,,,04/10/2026 19:11:18,sim
1,04/10/2026,6257,Presidente,1,municipio,RN,17655,2408300,NOVA CRUZ,,,,,PARTIDO MISSÃO,i,MISSÃO,0,14,MISSÃO,PARTIDO MISSÃO,,14,280002540694,RENAN ANTONIO FERREIRA DOS SANTOS,RENAN SANTOS,14/02/1984,4,Válido,nao,,244,1.15,1.147047762,AROLDO MEDINA,CORONEL MEDINA,MISSÃO,v,,,,,04/10/2026 19:11:18,sim
1,04/10/2026,6257,Presidente,1,municipio,RN,17655,2408300,NOVA CRUZ,,,,,PARTIDO DA CAUSA OPERÁRIA,i,PCO,0,29,PCO,PARTIDO DA CAUSA OPERÁRIA,,29,280002552487,RUI COSTA PIMENTA,RUI COSTA PIMENTA,25/06/1957,12,Válido,nao,,3,0.01,0.014103046,ANTONIO CARLOS SILVA,ANTÔNIO CARLOS,PCO,v,,,,,04/10/2026 19:11:18,sim
1,04/10/2026,6257,Presidente,1,municipio,RN,17671,2408409,OLHO D'ÁGUA DO BORGES,,,,,PARTIDO LIBERAL,i,PL,0,22,PL,PARTIDO LIBERAL,,22,280002551544,FLAVIO NANTES BOLSONARO,FLAVIO BOLSONARO,30/04/1981,1,Válido,nao,,851,23.57,23.566878981,ALFREDO GASPAR DE MENDONÇA NETO,ALFREDO GASPAR,PL,v,,,,,04/10/2026 18:54:39,sim
1,04/10/2026,6257,Presidente,1,municipio,RN,17671,2408409,OLHO D'ÁGUA DO BORGES,,,,,PARTIDO SOCIAL DEMOCRÁTICO,i,PSD,0,55,PSD,PARTIDO SOCIAL DEMOCRÁTICO,,55,280002551932,RONALDO RAMOS CAIADO,RONALDO CAIADO,25/09/1949,4,Válido,nao,,19,0.53,0.526170036,GILBERTO KASSAB,GILBERTO KASSAB,PSD,v,,,,,04/10/2026 18:54:39,sim
1,04/10/2026,6257,Presidente,1,municipio,RN,17671,2408409,OLHO D'ÁGUA DO BORGES,,PT/PC do B/PV,FEDERAÇÃO BRASIL DA ESPERANÇA - FE BRASIL,PT/PC do B/PV,BRASIL PRONTO PRA MAIS,c,PSB / PDT / PCDOB / PT / PV / PSOL / REDE,,13,PT,PARTIDO DOS TRABALHADORES,101,13,280002542548,LUIZ INÁCIO LULA DA SILVA,LULA,06/10/1945,2,Válido,nao,,2605,72.14,72.140681252,GERALDO JOSE RODRIGUES ALCKMIN FILHO,GERALDO ALCKMIN,PSB,v,,,,,04/10/2026 18:54:39,sim
1,04/10/2026,6257,Presidente,1,municipio,RN,17671,2408409,OLHO D'ÁGUA DO BORGES,,,,,DEMOCRACIA CRISTÃ,i,DC,0,27,DC,DEMOCRACIA CRISTÃ,,27,280002552484,CLARIANA ZACARKIM BARAO,CLARIANA BARAO,03/04/1987,9,Válido,nao,,0,0.00,0,FABIANA CRISTINA TAVARES TORQUATO,FABIANA TORQUATO,DC,v,,,,,04/10/2026 18:54:39,sim
1,04/10/2026,6257,Presidente,1,municipio,RN,17671,2408409,OLHO D'ÁGUA DO BORGES,,,,,PARTIDO COMUNISTA BRASILEIRO,i,PCB,0,21,PCB,PARTIDO COMUNISTA BRASILEIRO,,21,280002551975,EDMILSON SILVA COSTA,EDMILSON COSTA,08/04/1950,10,Válido,nao,,0,0.00,0,CLEUSA DOS SANTOS,CLEUSA SANTOS,PCB,v,,,,,04/10/2026 18:54:39,sim
1,04/10/2026,6257,Presidente,1,municipio,RN,17671,2408409,OLHO D'ÁGUA DO BORGES,,,,,PARTIDO SOCIALISTA  DOS TRABALHADORES UNIFICADO,i,PSTU,0,16,PSTU,PARTIDO SOCIALISTA  DOS TRABALHADORES UNIFICADO,,16,280002541457,HERTZ DA CONCEICAO DIAS,HERTZ DIAS,20/10/1970,8,Válido,nao,,0,0.00,0,VANESSA PORTUGAL BARBOSA,VANESSA PORTUGAL,PSTU,v,,,,,04/10/2026 18:54:39,sim
1,04/10/2026,6257,Presidente,1,municipio,RN,17671,2408409,OLHO D'ÁGUA DO BORGES,,,,,BRASIL DOS NOSSOS SONHOS,c,AGIR / AVANTE,,70,AVANTE,AVANTE,,70,280002551547,AUGUSTO JORGE CURY,ESCRITOR AUGUSTO CURY,02/10/1958,3,Válido,nao,,83,2.30,2.298532263,JULIO CESAR DELGADO,JÚLIO DELGADO,AVANTE,v,,,,,04/10/2026 18:54:39,sim
1,04/10/2026,6257,Presidente,1,municipio,RN,17671,2408409,OLHO D'ÁGUA DO BORGES,,,,,PARTIDO NOVO,i,NOVO,0,30,NOVO,PARTIDO NOVO,,30,280002539826,ROMEU ZEMA NETO,ZEMA,28/10/1964,6,Válido,nao,,2,0.06,0.055386320,LUIS EDUARDO GRANGEIRO GIRÃO,EDUARDO GIRÃO,NOVO,v,,,,,04/10/2026 18:54:39,sim
1,04/10/2026,6257,Presidente,1,municipio,RN,17671,2408409,OLHO D'ÁGUA DO BORGES,,,,,UNIDADE POPULAR,i,UP,0,80,UP,UNIDADE POPULAR,,80,280002538811,SAMARA MARTINS DA SILVA FEITOSA,SAMARA,31/08/1987,7,Válido,nao,,3,0.08,0.083079479,RAQUEL NONATO DE BRICIO,RAQUEL BRÍCIO,UP,v,,,,,04/10/2026 18:54:39,sim
1,04/10/2026,6257,Presidente,1,municipio,RN,17671,2408409,OLHO D'ÁGUA DO BORGES,,,,,DEMOCRATA,i,DEMOCRATA,0,35,DEMOCRATA,DEMOCRATA,,35,280002548139,WILSON GRASSI JUNIOR,VETERINÁRIO WILSON GRASSI,13/03/1970,11,Válido,nao,,0,0.00,0,SUÊD HAIDAR NOGUEIRA,SUÊD HAIDAR,DEMOCRATA,v,,,,,04/10/2026 18:54:39,sim
1,04/10/2026,6257,Presidente,1,municipio,RN,17671,2408409,OLHO D'ÁGUA DO BORGES,,,,,PARTIDO MISSÃO,i,MISSÃO,0,14,MISSÃO,PARTIDO MISSÃO,,14,280002540694,RENAN ANTONIO FERREIRA DOS SANTOS,RENAN SANTOS,14/02/1984,5,Válido,nao,,48,1.33,1.329271670,AROLDO MEDINA,CORONEL MEDINA,MISSÃO,v,,,,,04/10/2026 18:54:39,sim
1,04/10/2026,6257,Presidente,1,municipio,RN,17671,2408409,OLHO D'ÁGUA DO BORGES,,,,,PARTIDO DA CAUSA OPERÁRIA,i,PCO,0,29,PCO,PARTIDO DA CAUSA OPERÁRIA,,29,280002552487,RUI COSTA PIMENTA,RUI COSTA PIMENTA,25/06/1957,12,Válido,nao,,0,0.00,0,ANTONIO CARLOS SILVA,ANTÔNIO CARLOS,PCO,v,,,,,04/10/2026 18:54:39,sim
1,04/10/2026,6257,Presidente,1,municipio,RN,17698,2408508,OURO BRANCO,,,,,PARTIDO LIBERAL,i,PL,0,22,PL,PARTIDO LIBERAL,,22,280002551544,FLAVIO NANTES BOLSONARO,FLAVIO BOLSONARO,30/04/1981,1,Válido,nao,,975,27.33,27.326233184,ALFREDO GASPAR DE MENDONÇA NETO,ALFREDO GASPAR,PL,v,,,,,04/10/2026 18:43:15,sim
1,04/10/2026,6257,Presidente,1,municipio,RN,17698,2408508,OURO BRANCO,,,,,PARTIDO SOCIAL DEMOCRÁTICO,i,PSD,0,55,PSD,PARTIDO SOCIAL DEMOCRÁTICO,,55,280002551932,RONALDO RAMOS CAIADO,RONALDO CAIADO,25/09/1949,4,Válido,nao,,24,0.67,0.672645740,GILBERTO KASSAB,GILBERTO KASSAB,PSD,v,,,,,04/10/2026 18:43:15,sim
1,04/10/2026,6257,Presidente,1,municipio,RN,17698,2408508,OURO BRANCO,,PT/PC do B/PV,FEDERAÇÃO BRASIL DA ESPERANÇA - FE BRASIL,PT/PC do B/PV,BRASIL PRONTO PRA MAIS,c,PSB / PDT / PCDOB / PT / PV / PSOL / REDE,,13,PT,PARTIDO DOS TRABALHADORES,101,13,280002542548,LUIZ INÁCIO LULA DA SILVA,LULA,06/10/1945,2,Válido,nao,,2406,67.43,67.432735426,GERALDO JOSE RODRIGUES ALCKMIN FILHO,GERALDO ALCKMIN,PSB,v,,,,,04/10/2026 18:43:15,sim
1,04/10/2026,6257,Presidente,1,municipio,RN,17698,2408508,OURO BRANCO,,,,,DEMOCRACIA CRISTÃ,i,DC,0,27,DC,DEMOCRACIA CRISTÃ,,27,280002552484,CLARIANA ZACARKIM BARAO,CLARIANA BARAO,03/04/1987,9,Válido,nao,,0,0.00,0,FABIANA CRISTINA TAVARES TORQUATO,FABIANA TORQUATO,DC,v,,,,,04/10/2026 18:43:15,sim
1,04/10/2026,6257,Presidente,1,municipio,RN,17698,2408508,OURO BRANCO,,,,,PARTIDO COMUNISTA BRASILEIRO,i,PCB,0,21,PCB,PARTIDO COMUNISTA BRASILEIRO,,21,280002551975,EDMILSON SILVA COSTA,EDMILSON COSTA,08/04/1950,10,Válido,nao,,1,0.03,0.028026906,CLEUSA DOS SANTOS,CLEUSA SANTOS,PCB,v,,,,,04/10/2026 18:43:15,sim
1,04/10/2026,6257,Presidente,1,municipio,RN,17698,2408508,OURO BRANCO,,,,,PARTIDO SOCIALISTA  DOS TRABALHADORES UNIFICADO,i,PSTU,0,16,PSTU,PARTIDO SOCIALISTA  DOS TRABALHADORES UNIFICADO,,16,280002541457,HERTZ DA CONCEICAO DIAS,HERTZ DIAS,20/10/1970,8,Válido,nao,,1,0.03,0.028026906,VANESSA PORTUGAL BARBOSA,VANESSA PORTUGAL,PSTU,v,,,,,04/10/2026 18:43:15,sim
1,04/10/2026,6257,Presidente,1,municipio,RN,17698,2408508,OURO BRANCO,,,,,BRASIL DOS NOSSOS SONHOS,c,AGIR / AVANTE,,70,AVANTE,AVANTE,,70,280002551547,AUGUSTO JORGE CURY,ESCRITOR AUGUSTO CURY,02/10/1958,3,Válido,nao,,103,2.89,2.886771300,JULIO CESAR DELGADO,JÚLIO DELGADO,AVANTE,v,,,,,04/10/2026 18:43:15,sim
1,04/10/2026,6257,Presidente,1,municipio,RN,17698,2408508,OURO BRANCO,,,,,PARTIDO NOVO,i,NOVO,0,30,NOVO,PARTIDO NOVO,,30,280002539826,ROMEU ZEMA NETO,ZEMA,28/10/1964,6,Válido,nao,,0,0.00,0,LUIS EDUARDO GRANGEIRO GIRÃO,EDUARDO GIRÃO,NOVO,v,,,,,04/10/2026 18:43:15,sim
1,04/10/2026,6257,Presidente,1,municipio,RN,17698,2408508,OURO BRANCO,,,,,UNIDADE POPULAR,i,UP,0,80,UP,UNIDADE POPULAR,,80,280002538811,SAMARA MARTINS DA SILVA FEITOSA,SAMARA,31/08/1987,7,Válido,nao,,2,0.06,0.056053812,RAQUEL NONATO DE BRICIO,RAQUEL BRÍCIO,UP,v,,,,,04/10/2026 18:43:15,sim
1,04/10/2026,6257,Presidente,1,municipio,RN,17698,2408508,OURO BRANCO,,,,,DEMOCRATA,i,DEMOCRATA,0,35,DEMOCRATA,DEMOCRATA,,35,280002548139,WILSON GRASSI JUNIOR,VETERINÁRIO WILSON GRASSI,13/03/1970,11,Válido,nao,,0,0.00,0,SUÊD HAIDAR NOGUEIRA,SUÊD HAIDAR,DEMOCRATA,v,,,,,04/10/2026 18:43:15,sim
1,04/10/2026,6257,Presidente,1,municipio,RN,17698,2408508,OURO BRANCO,,,,,PARTIDO MISSÃO,i,MISSÃO,0,14,MISSÃO,PARTIDO MISSÃO,,14,280002540694,RENAN ANTONIO FERREIRA DOS SANTOS,RENAN SANTOS,14/02/1984,5,Válido,nao,,55,1.54,1.541479821,AROLDO MEDINA,CORONEL MEDINA,MISSÃO,v,,,,,04/10/2026 18:43:15,sim
1,04/10/2026,6257,Presidente,1,municipio,RN,17698,2408508,OURO BRANCO,,,,,PARTIDO DA CAUSA OPERÁRIA,i,PCO,0,29,PCO,PARTIDO DA CAUSA OPERÁRIA,,29,280002552487,RUI COSTA PIMENTA,RUI COSTA PIMENTA,25/06/1957,12,Válido,nao,,1,0.03,0.028026906,ANTONIO CARLOS SILVA,ANTÔNIO CARLOS,PCO,v,,,,,04/10/2026 18:43:15,sim
1,04/10/2026,6257,Presidente,1,municipio,RN,17710,2408607,PARANÁ,,,,,PARTIDO LIBERAL,i,PL,0,22,PL,PARTIDO LIBERAL,,22,280002551544,FLAVIO NANTES BOLSONARO,FLAVIO BOLSONARO,30/04/1981,1,Válido,nao,,461,14.22,14.219617520,ALFREDO GASPAR DE MENDONÇA NETO,ALFREDO GASPAR,PL,v,,,,,04/10/2026 18:44:44,sim
1,04/10/2026,6257,Presidente,1,municipio,RN,17710,2408607,PARANÁ,,,,,PARTIDO SOCIAL DEMOCRÁTICO,i,PSD,0,55,PSD,PARTIDO SOCIAL DEMOCRÁTICO,,55,280002551932,RONALDO RAMOS CAIADO,RONALDO CAIADO,25/09/1949,4,Válido,nao,,17,0.52,0.524367674,GILBERTO KASSAB,GILBERTO KASSAB,PSD,v,,,,,04/10/2026 18:44:44,sim
1,04/10/2026,6257,Presidente,1,municipio,RN,17710,2408607,PARANÁ,,PT/PC do B/PV,FEDERAÇÃO BRASIL DA ESPERANÇA - FE BRASIL,PT/PC do B/PV,BRASIL PRONTO PRA MAIS,c,PSB / PDT / PCDOB / PT / PV / PSOL / REDE,,13,PT,PARTIDO DOS TRABALHADORES,101,13,280002542548,LUIZ INÁCIO LULA DA SILVA,LULA,06/10/1945,2,Válido,nao,,2700,83.28,83.281924738,GERALDO JOSE RODRIGUES ALCKMIN FILHO,GERALDO ALCKMIN,PSB,v,,,,,04/10/2026 18:44:44,sim
1,04/10/2026,6257,Presidente,1,municipio,RN,17710,2408607,PARANÁ,,,,,DEMOCRACIA CRISTÃ,i,DC,0,27,DC,DEMOCRACIA CRISTÃ,,27,280002552484,CLARIANA ZACARKIM BARAO,CLARIANA BARAO,03/04/1987,9,Válido,nao,,1,0.03,0.030845157,FABIANA CRISTINA TAVARES TORQUATO,FABIANA TORQUATO,DC,v,,,,,04/10/2026 18:44:44,sim
1,04/10/2026,6257,Presidente,1,municipio,RN,17710,2408607,PARANÁ,,,,,PARTIDO COMUNISTA BRASILEIRO,i,PCB,0,21,PCB,PARTIDO COMUNISTA BRASILEIRO,,21,280002551975,EDMILSON SILVA COSTA,EDMILSON COSTA,08/04/1950,10,Válido,nao,,0,0.00,0,CLEUSA DOS SANTOS,CLEUSA SANTOS,PCB,v,,,,,04/10/2026 18:44:44,sim
1,04/10/2026,6257,Presidente,1,municipio,RN,17710,2408607,PARANÁ,,,,,PARTIDO SOCIALISTA  DOS TRABALHADORES UNIFICADO,i,PSTU,0,16,PSTU,PARTIDO SOCIALISTA  DOS TRABALHADORES UNIFICADO,,16,280002541457,HERTZ DA CONCEICAO DIAS,HERTZ DIAS,20/10/1970,8,Válido,nao,,0,0.00,0,VANESSA PORTUGAL BARBOSA,VANESSA PORTUGAL,PSTU,v,,,,,04/10/2026 18:44:44,sim
1,04/10/2026,6257,Presidente,1,municipio,RN,17710,2408607,PARANÁ,,,,,BRASIL DOS NOSSOS SONHOS,c,AGIR / AVANTE,,70,AVANTE,AVANTE,,70,280002551547,AUGUSTO JORGE CURY,ESCRITOR AUGUSTO CURY,02/10/1958,3,Válido,nao,,32,0.99,0.987045034,JULIO CESAR DELGADO,JÚLIO DELGADO,AVANTE,v,,,,,04/10/2026 18:44:44,sim
1,04/10/2026,6257,Presidente,1,municipio,RN,17710,2408607,PARANÁ,,,,,PARTIDO NOVO,i,NOVO,0,30,NOVO,PARTIDO NOVO,,30,280002539826,ROMEU ZEMA NETO,ZEMA,28/10/1964,6,Válido,nao,,0,0.00,0,LUIS EDUARDO GRANGEIRO GIRÃO,EDUARDO GIRÃO,NOVO,v,,,,,04/10/2026 18:44:44,sim
1,04/10/2026,6257,Presidente,1,municipio,RN,17710,2408607,PARANÁ,,,,,UNIDADE POPULAR,i,UP,0,80,UP,UNIDADE POPULAR,,80,280002538811,SAMARA MARTINS DA SILVA FEITOSA,SAMARA,31/08/1987,7,Válido,nao,,1,0.03,0.030845157,RAQUEL NONATO DE BRICIO,RAQUEL BRÍCIO,UP,v,,,,,04/10/2026 18:44:44,sim
1,04/10/2026,6257,Presidente,1,municipio,RN,17710,2408607,PARANÁ,,,,,DEMOCRATA,i,DEMOCRATA,0,35,DEMOCRATA,DEMOCRATA,,35,280002548139,WILSON GRASSI JUNIOR,VETERINÁRIO WILSON GRASSI,13/03/1970,11,Válido,nao,,0,0.00,0,SUÊD HAIDAR NOGUEIRA,SUÊD HAIDAR,DEMOCRATA,v,,,,,04/10/2026 18:44:44,sim
1,04/10/2026,6257,Presidente,1,municipio,RN,17710,2408607,PARANÁ,,,,,PARTIDO MISSÃO,i,MISSÃO,0,14,MISSÃO,PARTIDO MISSÃO,,14,280002540694,RENAN ANTONIO FERREIRA DOS SANTOS,RENAN SANTOS,14/02/1984,5,Válido,nao,,30,0.93,0.925354719,AROLDO MEDINA,CORONEL MEDINA,MISSÃO,v,,,,,04/10/2026 18:44:44,sim
1,04/10/2026,6257,Presidente,1,municipio,RN,17710,2408607,PARANÁ,,,,,PARTIDO DA CAUSA OPERÁRIA,i,PCO,0,29,PCO,PARTIDO DA CAUSA OPERÁRIA,,29,280002552487,RUI COSTA PIMENTA,RUI COSTA PIMENTA,25/06/1957,12,Válido,nao,,0,0.00,0,ANTONIO CARLOS SILVA,ANTÔNIO CARLOS,PCO,v,,,,,04/10/2026 18:44:44,sim
1,04/10/2026,6257,Presidente,1,municipio,RN,17736,2408706,PARAÚ,,,,,PARTIDO LIBERAL,i,PL,0,22,PL,PARTIDO LIBERAL,,22,280002551544,FLAVIO NANTES BOLSONARO,FLAVIO BOLSONARO,30/04/1981,1,Válido,nao,,963,28.00,28.002326258,ALFREDO GASPAR DE MENDONÇA NETO,ALFREDO GASPAR,PL,v,,,,,04/10/2026 18:19:00,sim
1,04/10/2026,6257,Presidente,1,municipio,RN,17736,2408706,PARAÚ,,,,,PARTIDO SOCIAL DEMOCRÁTICO,i,PSD,0,55,PSD,PARTIDO SOCIAL DEMOCRÁTICO,,55,280002551932,RONALDO RAMOS CAIADO,RONALDO CAIADO,25/09/1949,4,Válido,nao,,9,0.26,0.261703984,GILBERTO KASSAB,GILBERTO KASSAB,PSD,v,,,,,04/10/2026 18:19:00,sim
1,04/10/2026,6257,Presidente,1,municipio,RN,17736,2408706,PARAÚ,,PT/PC do B/PV,FEDERAÇÃO BRASIL DA ESPERANÇA - FE BRASIL,PT/PC do B/PV,BRASIL PRONTO PRA MAIS,c,PSB / PDT / PCDOB / PT / PV / PSOL / REDE,,13,PT,PARTIDO DOS TRABALHADORES,101,13,280002542548,LUIZ INÁCIO LULA DA SILVA,LULA,06/10/1945,2,Válido,nao,,2319,67.43,67.432393138,GERALDO JOSE RODRIGUES ALCKMIN FILHO,GERALDO ALCKMIN,PSB,v,,,,,04/10/2026 18:19:00,sim
1,04/10/2026,6257,Presidente,1,municipio,RN,17736,2408706,PARAÚ,,,,,DEMOCRACIA CRISTÃ,i,DC,0,27,DC,DEMOCRACIA CRISTÃ,,27,280002552484,CLARIANA ZACARKIM BARAO,CLARIANA BARAO,03/04/1987,8,Válido,nao,,2,0.06,0.058156441,FABIANA CRISTINA TAVARES TORQUATO,FABIANA TORQUATO,DC,v,,,,,04/10/2026 18:19:00,sim
1,04/10/2026,6257,Presidente,1,municipio,RN,17736,2408706,PARAÚ,,,,,PARTIDO COMUNISTA BRASILEIRO,i,PCB,0,21,PCB,PARTIDO COMUNISTA BRASILEIRO,,21,280002551975,EDMILSON SILVA COSTA,EDMILSON COSTA,08/04/1950,10,Válido,nao,,2,0.06,0.058156441,CLEUSA DOS SANTOS,CLEUSA SANTOS,PCB,v,,,,,04/10/2026 18:19:00,sim
1,04/10/2026,6257,Presidente,1,municipio,RN,17736,2408706,PARAÚ,,,,,PARTIDO SOCIALISTA  DOS TRABALHADORES UNIFICADO,i,PSTU,0,16,PSTU,PARTIDO SOCIALISTA  DOS TRABALHADORES UNIFICADO,,16,280002541457,HERTZ DA CONCEICAO DIAS,HERTZ DIAS,20/10/1970,9,Válido,nao,,0,0.00,0,VANESSA PORTUGAL BARBOSA,VANESSA PORTUGAL,PSTU,v,,,,,04/10/2026 18:19:00,sim
1,04/10/2026,6257,Presidente,1,municipio,RN,17736,2408706,PARAÚ,,,,,BRASIL DOS NOSSOS SONHOS,c,AGIR / AVANTE,,70,AVANTE,AVANTE,,70,280002551547,AUGUSTO JORGE CURY,ESCRITOR AUGUSTO CURY,02/10/1958,3,Válido,nao,,103,3.00,2.995056703,JULIO CESAR DELGADO,JÚLIO DELGADO,AVANTE,v,,,,,04/10/2026 18:19:00,sim
1,04/10/2026,6257,Presidente,1,municipio,RN,17736,2408706,PARAÚ,,,,,PARTIDO NOVO,i,NOVO,0,30,NOVO,PARTIDO NOVO,,30,280002539826,ROMEU ZEMA NETO,ZEMA,28/10/1964,6,Válido,nao,,3,0.09,0.087234661,LUIS EDUARDO GRANGEIRO GIRÃO,EDUARDO GIRÃO,NOVO,v,,,,,04/10/2026 18:19:00,sim
1,04/10/2026,6257,Presidente,1,municipio,RN,17736,2408706,PARAÚ,,,,,UNIDADE POPULAR,i,UP,0,80,UP,UNIDADE POPULAR,,80,280002538811,SAMARA MARTINS DA SILVA FEITOSA,SAMARA,31/08/1987,7,Válido,nao,,1,0.03,0.029078220,RAQUEL NONATO DE BRICIO,RAQUEL BRÍCIO,UP,v,,,,,04/10/2026 18:19:00,sim
1,04/10/2026,6257,Presidente,1,municipio,RN,17736,2408706,PARAÚ,,,,,DEMOCRATA,i,DEMOCRATA,0,35,DEMOCRATA,DEMOCRATA,,35,280002548139,WILSON GRASSI JUNIOR,VETERINÁRIO WILSON GRASSI,13/03/1970,11,Válido,nao,,0,0.00,0,SUÊD HAIDAR NOGUEIRA,SUÊD HAIDAR,DEMOCRATA,v,,,,,04/10/2026 18:19:00,sim
1,04/10/2026,6257,Presidente,1,municipio,RN,17736,2408706,PARAÚ,,,,,PARTIDO MISSÃO,i,MISSÃO,0,14,MISSÃO,PARTIDO MISSÃO,,14,280002540694,RENAN ANTONIO FERREIRA DOS SANTOS,RENAN SANTOS,14/02/1984,5,Válido,nao,,37,1.08,1.075894155,AROLDO MEDINA,CORONEL MEDINA,MISSÃO,v,,,,,04/10/2026 18:19:00,sim
1,04/10/2026,6257,Presidente,1,municipio,RN,17736,2408706,PARAÚ,,,,,PARTIDO DA CAUSA OPERÁRIA,i,PCO,0,29,PCO,PARTIDO DA CAUSA OPERÁRIA,,29,280002552487,RUI COSTA PIMENTA,RUI COSTA PIMENTA,25/06/1957,12,Válido,nao,,0,0.00,0,ANTONIO CARLOS SILVA,ANTÔNIO CARLOS,PCO,v,,,,,04/10/2026 18:19:00,sim
1,04/10/2026,6257,Presidente,1,municipio,RN,17752,2408805,PARAZINHO,,,,,PARTIDO LIBERAL,i,PL,0,22,PL,PARTIDO LIBERAL,,22,280002551544,FLAVIO NANTES BOLSONARO,FLAVIO BOLSONARO,30/04/1981,1,Válido,nao,,1337,30.72,30.721507353,ALFREDO GASPAR DE MENDONÇA NETO,ALFREDO GASPAR,PL,v,,,,,04/10/2026 19:20:58,sim
1,04/10/2026,6257,Presidente,1,municipio,RN,17752,2408805,PARAZINHO,,,,,PARTIDO SOCIAL DEMOCRÁTICO,i,PSD,0,55,PSD,PARTIDO SOCIAL DEMOCRÁTICO,,55,280002551932,RONALDO RAMOS CAIADO,RONALDO CAIADO,25/09/1949,5,Válido,nao,,20,0.46,0.459558824,GILBERTO KASSAB,GILBERTO KASSAB,PSD,v,,,,,04/10/2026 19:20:58,sim
1,04/10/2026,6257,Presidente,1,municipio,RN,17752,2408805,PARAZINHO,,PT/PC do B/PV,FEDERAÇÃO BRASIL DA ESPERANÇA - FE BRASIL,PT/PC do B/PV,BRASIL PRONTO PRA MAIS,c,PSB / PDT / PCDOB / PT / PV / PSOL / REDE,,13,PT,PARTIDO DOS TRABALHADORES,101,13,280002542548,LUIZ INÁCIO LULA DA SILVA,LULA,06/10/1945,2,Válido,nao,,2871,65.97,65.969669118,GERALDO JOSE RODRIGUES ALCKMIN FILHO,GERALDO ALCKMIN,PSB,v,,,,,04/10/2026 19:20:58,sim
1,04/10/2026,6257,Presidente,1,municipio,RN,17752,2408805,PARAZINHO,,,,,DEMOCRACIA CRISTÃ,i,DC,0,27,DC,DEMOCRACIA CRISTÃ,,27,280002552484,CLARIANA ZACARKIM BARAO,CLARIANA BARAO,03/04/1987,9,Válido,nao,,0,0.00,0,FABIANA CRISTINA TAVARES TORQUATO,FABIANA TORQUATO,DC,v,,,,,04/10/2026 19:20:58,sim
1,04/10/2026,6257,Presidente,1,municipio,RN,17752,2408805,PARAZINHO,,,,,PARTIDO COMUNISTA BRASILEIRO,i,PCB,0,21,PCB,PARTIDO COMUNISTA BRASILEIRO,,21,280002551975,EDMILSON SILVA COSTA,EDMILSON COSTA,08/04/1950,10,Válido,nao,,1,0.02,0.022977941,CLEUSA DOS SANTOS,CLEUSA SANTOS,PCB,v,,,,,04/10/2026 19:20:58,sim
1,04/10/2026,6257,Presidente,1,municipio,RN,17752,2408805,PARAZINHO,,,,,PARTIDO SOCIALISTA  DOS TRABALHADORES UNIFICADO,i,PSTU,0,16,PSTU,PARTIDO SOCIALISTA  DOS TRABALHADORES UNIFICADO,,16,280002541457,HERTZ DA CONCEICAO DIAS,HERTZ DIAS,20/10/1970,8,Válido,nao,,0,0.00,0,VANESSA PORTUGAL BARBOSA,VANESSA PORTUGAL,PSTU,v,,,,,04/10/2026 19:20:58,sim
1,04/10/2026,6257,Presidente,1,municipio,RN,17752,2408805,PARAZINHO,,,,,BRASIL DOS NOSSOS SONHOS,c,AGIR / AVANTE,,70,AVANTE,AVANTE,,70,280002551547,AUGUSTO JORGE CURY,ESCRITOR AUGUSTO CURY,02/10/1958,3,Válido,nao,,81,1.86,1.861213235,JULIO CESAR DELGADO,JÚLIO DELGADO,AVANTE,v,,,,,04/10/2026 19:20:58,sim
1,04/10/2026,6257,Presidente,1,municipio,RN,17752,2408805,PARAZINHO,,,,,PARTIDO NOVO,i,NOVO,0,30,NOVO,PARTIDO NOVO,,30,280002539826,ROMEU ZEMA NETO,ZEMA,28/10/1964,6,Válido,nao,,1,0.02,0.022977941,LUIS EDUARDO GRANGEIRO GIRÃO,EDUARDO GIRÃO,NOVO,v,,,,,04/10/2026 19:20:58,sim
1,04/10/2026,6257,Presidente,1,municipio,RN,17752,2408805,PARAZINHO,,,,,UNIDADE POPULAR,i,UP,0,80,UP,UNIDADE POPULAR,,80,280002538811,SAMARA MARTINS DA SILVA FEITOSA,SAMARA,31/08/1987,7,Válido,nao,,0,0.00,0,RAQUEL NONATO DE BRICIO,RAQUEL BRÍCIO,UP,v,,,,,04/10/2026 19:20:58,sim
1,04/10/2026,6257,Presidente,1,municipio,RN,17752,2408805,PARAZINHO,,,,,DEMOCRATA,i,DEMOCRATA,0,35,DEMOCRATA,DEMOCRATA,,35,280002548139,WILSON GRASSI JUNIOR,VETERINÁRIO WILSON GRASSI,13/03/1970,11,Válido,nao,,0,0.00,0,SUÊD HAIDAR NOGUEIRA,SUÊD HAIDAR,DEMOCRATA,v,,,,,04/10/2026 19:20:58,sim
1,04/10/2026,6257,Presidente,1,municipio,RN,17752,2408805,PARAZINHO,,,,,PARTIDO MISSÃO,i,MISSÃO,0,14,MISSÃO,PARTIDO MISSÃO,,14,280002540694,RENAN ANTONIO FERREIRA DOS SANTOS,RENAN SANTOS,14/02/1984,4,Válido,nao,,41,0.94,0.942095588,AROLDO MEDINA,CORONEL MEDINA,MISSÃO,v,,,,,04/10/2026 19:20:58,sim
1,04/10/2026,6257,Presidente,1,municipio,RN,17752,2408805,PARAZINHO,,,,,PARTIDO DA CAUSA OPERÁRIA,i,PCO,0,29,PCO,PARTIDO DA CAUSA OPERÁRIA,,29,280002552487,RUI COSTA PIMENTA,RUI COSTA PIMENTA,25/06/1957,12,Válido,nao,,0,0.00,0,ANTONIO CARLOS SILVA,ANTÔNIO CARLOS,PCO,v,,,,,04/10/2026 19:20:58,sim
1,04/10/2026,6257,Presidente,1,municipio,RN,17779,2408904,PARELHAS,,,,,PARTIDO LIBERAL,i,PL,0,22,PL,PARTIDO LIBERAL,,22,280002551544,FLAVIO NANTES BOLSONARO,FLAVIO BOLSONARO,30/04/1981,1,Válido,nao,,5159,37.81,37.808721143,ALFREDO GASPAR DE MENDONÇA NETO,ALFREDO GASPAR,PL,v,,,,,04/10/2026 18:59:07,sim
1,04/10/2026,6257,Presidente,1,municipio,RN,17779,2408904,PARELHAS,,,,,PARTIDO SOCIAL DEMOCRÁTICO,i,PSD,0,55,PSD,PARTIDO SOCIAL DEMOCRÁTICO,,55,280002551932,RONALDO RAMOS CAIADO,RONALDO CAIADO,25/09/1949,4,Válido,nao,,83,0.61,0.608281422,GILBERTO KASSAB,GILBERTO KASSAB,PSD,v,,,,,04/10/2026 18:59:07,sim
1,04/10/2026,6257,Presidente,1,municipio,RN,17779,2408904,PARELHAS,,PT/PC do B/PV,FEDERAÇÃO BRASIL DA ESPERANÇA - FE BRASIL,PT/PC do B/PV,BRASIL PRONTO PRA MAIS,c,PSB / PDT / PCDOB / PT / PV / PSOL / REDE,,13,PT,PARTIDO DOS TRABALHADORES,101,13,280002542548,LUIZ INÁCIO LULA DA SILVA,LULA,06/10/1945,2,Válido,nao,,7308,53.56,53.558079883,GERALDO JOSE RODRIGUES ALCKMIN FILHO,GERALDO ALCKMIN,PSB,v,,,,,04/10/2026 18:59:07,sim
1,04/10/2026,6257,Presidente,1,municipio,RN,17779,2408904,PARELHAS,,,,,DEMOCRACIA CRISTÃ,i,DC,0,27,DC,DEMOCRACIA CRISTÃ,,27,280002552484,CLARIANA ZACARKIM BARAO,CLARIANA BARAO,03/04/1987,9,Válido,nao,,4,0.03,0.029314767,FABIANA CRISTINA TAVARES TORQUATO,FABIANA TORQUATO,DC,v,,,,,04/10/2026 18:59:07,sim
1,04/10/2026,6257,Presidente,1,municipio,RN,17779,2408904,PARELHAS,,,,,PARTIDO COMUNISTA BRASILEIRO,i,PCB,0,21,PCB,PARTIDO COMUNISTA BRASILEIRO,,21,280002551975,EDMILSON SILVA COSTA,EDMILSON COSTA,08/04/1950,10,Válido,nao,,0,0.00,0,CLEUSA DOS SANTOS,CLEUSA SANTOS,PCB,v,,,,,04/10/2026 18:59:07,sim
1,04/10/2026,6257,Presidente,1,municipio,RN,17779,2408904,PARELHAS,,,,,PARTIDO SOCIALISTA  DOS TRABALHADORES UNIFICADO,i,PSTU,0,16,PSTU,PARTIDO SOCIALISTA  DOS TRABALHADORES UNIFICADO,,16,280002541457,HERTZ DA CONCEICAO DIAS,HERTZ DIAS,20/10/1970,8,Válido,nao,,2,0.01,0.014657384,VANESSA PORTUGAL BARBOSA,VANESSA PORTUGAL,PSTU,v,,,,,04/10/2026 18:59:07,sim
1,04/10/2026,6257,Presidente,1,municipio,RN,17779,2408904,PARELHAS,,,,,BRASIL DOS NOSSOS SONHOS,c,AGIR / AVANTE,,70,AVANTE,AVANTE,,70,280002551547,AUGUSTO JORGE CURY,ESCRITOR AUGUSTO CURY,02/10/1958,3,Válido,nao,,821,6.02,6.016855991,JULIO CESAR DELGADO,JÚLIO DELGADO,AVANTE,v,,,,,04/10/2026 18:59:07,sim
1,04/10/2026,6257,Presidente,1,municipio,RN,17779,2408904,PARELHAS,,,,,PARTIDO NOVO,i,NOVO,0,30,NOVO,PARTIDO NOVO,,30,280002539826,ROMEU ZEMA NETO,ZEMA,28/10/1964,6,Válido,nao,,6,0.04,0.043972151,LUIS EDUARDO GRANGEIRO GIRÃO,EDUARDO GIRÃO,NOVO,v,,,,,04/10/2026 18:59:07,sim
1,04/10/2026,6257,Presidente,1,municipio,RN,17779,2408904,PARELHAS,,,,,UNIDADE POPULAR,i,UP,0,80,UP,UNIDADE POPULAR,,80,280002538811,SAMARA MARTINS DA SILVA FEITOSA,SAMARA,31/08/1987,7,Válido,nao,,7,0.05,0.051300843,RAQUEL NONATO DE BRICIO,RAQUEL BRÍCIO,UP,v,,,,,04/10/2026 18:59:07,sim
1,04/10/2026,6257,Presidente,1,municipio,RN,17779,2408904,PARELHAS,,,,,DEMOCRATA,i,DEMOCRATA,0,35,DEMOCRATA,DEMOCRATA,,35,280002548139,WILSON GRASSI JUNIOR,VETERINÁRIO WILSON GRASSI,13/03/1970,11,Válido,nao,,2,0.01,0.014657384,SUÊD HAIDAR NOGUEIRA,SUÊD HAIDAR,DEMOCRATA,v,,,,,04/10/2026 18:59:07,sim
1,04/10/2026,6257,Presidente,1,municipio,RN,17779,2408904,PARELHAS,,,,,PARTIDO MISSÃO,i,MISSÃO,0,14,MISSÃO,PARTIDO MISSÃO,,14,280002540694,RENAN ANTONIO FERREIRA DOS SANTOS,RENAN SANTOS,14/02/1984,5,Válido,nao,,250,1.83,1.832172957,AROLDO MEDINA,CORONEL MEDINA,MISSÃO,v,,,,,04/10/2026 18:59:07,sim
1,04/10/2026,6257,Presidente,1,municipio,RN,17779,2408904,PARELHAS,,,,,PARTIDO DA CAUSA OPERÁRIA,i,PCO,0,29,PCO,PARTIDO DA CAUSA OPERÁRIA,,29,280002552487,RUI COSTA PIMENTA,RUI COSTA PIMENTA,25/06/1957,12,Válido,nao,,3,0.02,0.021986075,ANTONIO CARLOS SILVA,ANTÔNIO CARLOS,PCO,v,,,,,04/10/2026 18:59:07,sim
1,04/10/2026,6257,Presidente,1,municipio,RN,17795,2403251,PARNAMIRIM,,,,,PARTIDO LIBERAL,i,PL,0,22,PL,PARTIDO LIBERAL,,22,280002551544,FLAVIO NANTES BOLSONARO,FLAVIO BOLSONARO,30/04/1981,1,Válido,nao,,59345,50.92,50.921119244,ALFREDO GASPAR DE MENDONÇA NETO,ALFREDO GASPAR,PL,v,,,,,04/10/2026 20:24:18,sim
1,04/10/2026,6257,Presidente,1,municipio,RN,17795,2403251,PARNAMIRIM,,,,,PARTIDO SOCIAL DEMOCRÁTICO,i,PSD,0,55,PSD,PARTIDO SOCIAL DEMOCRÁTICO,,55,280002551932,RONALDO RAMOS CAIADO,RONALDO CAIADO,25/09/1949,5,Válido,nao,,1240,1.06,1.063984967,GILBERTO KASSAB,GILBERTO KASSAB,PSD,v,,,,,04/10/2026 20:24:18,sim
1,04/10/2026,6257,Presidente,1,municipio,RN,17795,2403251,PARNAMIRIM,,PT/PC do B/PV,FEDERAÇÃO BRASIL DA ESPERANÇA - FE BRASIL,PT/PC do B/PV,BRASIL PRONTO PRA MAIS,c,PSB / PDT / PCDOB / PT / PV / PSOL / REDE,,13,PT,PARTIDO DOS TRABALHADORES,101,13,280002542548,LUIZ INÁCIO LULA DA SILVA,LULA,06/10/1945,2,Válido,nao,,49084,42.12,42.116643642,GERALDO JOSE RODRIGUES ALCKMIN FILHO,GERALDO ALCKMIN,PSB,v,,,,,04/10/2026 20:24:18,sim
1,04/10/2026,6257,Presidente,1,municipio,RN,17795,2403251,PARNAMIRIM,,,,,DEMOCRACIA CRISTÃ,i,DC,0,27,DC,DEMOCRACIA CRISTÃ,,27,280002552484,CLARIANA ZACARKIM BARAO,CLARIANA BARAO,03/04/1987,9,Válido,nao,,44,0.04,0.037754305,FABIANA CRISTINA TAVARES TORQUATO,FABIANA TORQUATO,DC,v,,,,,04/10/2026 20:24:18,sim
1,04/10/2026,6257,Presidente,1,municipio,RN,17795,2403251,PARNAMIRIM,,,,,PARTIDO COMUNISTA BRASILEIRO,i,PCB,0,21,PCB,PARTIDO COMUNISTA BRASILEIRO,,21,280002551975,EDMILSON SILVA COSTA,EDMILSON COSTA,08/04/1950,10,Válido,nao,,10,0.01,0.008580524,CLEUSA DOS SANTOS,CLEUSA SANTOS,PCB,v,,,,,04/10/2026 20:24:18,sim
1,04/10/2026,6257,Presidente,1,municipio,RN,17795,2403251,PARNAMIRIM,,,,,PARTIDO SOCIALISTA  DOS TRABALHADORES UNIFICADO,i,PSTU,0,16,PSTU,PARTIDO SOCIALISTA  DOS TRABALHADORES UNIFICADO,,16,280002541457,HERTZ DA CONCEICAO DIAS,HERTZ DIAS,20/10/1970,8,Válido,nao,,50,0.04,0.042902620,VANESSA PORTUGAL BARBOSA,VANESSA PORTUGAL,PSTU,v,,,,,04/10/2026 20:24:18,sim
1,04/10/2026,6257,Presidente,1,municipio,RN,17795,2403251,PARNAMIRIM,,,,,BRASIL DOS NOSSOS SONHOS,c,AGIR / AVANTE,,70,AVANTE,AVANTE,,70,280002551547,AUGUSTO JORGE CURY,ESCRITOR AUGUSTO CURY,02/10/1958,3,Válido,nao,,3739,3.21,3.208257896,JULIO CESAR DELGADO,JÚLIO DELGADO,AVANTE,v,,,,,04/10/2026 20:24:18,sim
1,04/10/2026,6257,Presidente,1,municipio,RN,17795,2403251,PARNAMIRIM,,,,,PARTIDO NOVO,i,NOVO,0,30,NOVO,PARTIDO NOVO,,30,280002539826,ROMEU ZEMA NETO,ZEMA,28/10/1964,6,Válido,nao,,156,0.13,0.133856173,LUIS EDUARDO GRANGEIRO GIRÃO,EDUARDO GIRÃO,NOVO,v,,,,,04/10/2026 20:24:18,sim
1,04/10/2026,6257,Presidente,1,municipio,RN,17795,2403251,PARNAMIRIM,,,,,UNIDADE POPULAR,i,UP,0,80,UP,UNIDADE POPULAR,,80,280002538811,SAMARA MARTINS DA SILVA FEITOSA,SAMARA,31/08/1987,7,Válido,nao,,134,0.11,0.114979021,RAQUEL NONATO DE BRICIO,RAQUEL BRÍCIO,UP,v,,,,,04/10/2026 20:24:18,sim
1,04/10/2026,6257,Presidente,1,municipio,RN,17795,2403251,PARNAMIRIM,,,,,DEMOCRATA,i,DEMOCRATA,0,35,DEMOCRATA,DEMOCRATA,,35,280002548139,WILSON GRASSI JUNIOR,VETERINÁRIO WILSON GRASSI,13/03/1970,11,Válido,nao,,14,0.01,0.012012733,SUÊD HAIDAR NOGUEIRA,SUÊD HAIDAR,DEMOCRATA,v,,,,,04/10/2026 20:24:18,sim
1,04/10/2026,6257,Presidente,1,municipio,RN,17795,2403251,PARNAMIRIM,,,,,PARTIDO MISSÃO,i,MISSÃO,0,14,MISSÃO,PARTIDO MISSÃO,,14,280002540694,RENAN ANTONIO FERREIRA DOS SANTOS,RENAN SANTOS,14/02/1984,4,Válido,nao,,2720,2.33,2.333902508,AROLDO MEDINA,CORONEL MEDINA,MISSÃO,v,,,,,04/10/2026 20:24:18,sim
1,04/10/2026,6257,Presidente,1,municipio,RN,17795,2403251,PARNAMIRIM,,,,,PARTIDO DA CAUSA OPERÁRIA,i,PCO,0,29,PCO,PARTIDO DA CAUSA OPERÁRIA,,29,280002552487,RUI COSTA PIMENTA,RUI COSTA PIMENTA,25/06/1957,12,Válido,nao,,7,0.01,0.006006367,ANTONIO CARLOS SILVA,ANTÔNIO CARLOS,PCO,v,,,,,04/10/2026 20:24:18,sim
1,04/10/2026,6257,Presidente,1,municipio,RN,17817,2409100,PASSA E FICA,,,,,PARTIDO LIBERAL,i,PL,0,22,PL,PARTIDO LIBERAL,,22,280002551544,FLAVIO NANTES BOLSONARO,FLAVIO BOLSONARO,30/04/1981,1,Válido,nao,,2928,37.63,37.625289129,ALFREDO GASPAR DE MENDONÇA NETO,ALFREDO GASPAR,PL,v,,,,,04/10/2026 20:42:19,sim
1,04/10/2026,6257,Presidente,1,municipio,RN,17817,2409100,PASSA E FICA,,,,,PARTIDO SOCIAL DEMOCRÁTICO,i,PSD,0,55,PSD,PARTIDO SOCIAL DEMOCRÁTICO,,55,280002551932,RONALDO RAMOS CAIADO,RONALDO CAIADO,25/09/1949,5,Válido,nao,,54,0.69,0.693909021,GILBERTO KASSAB,GILBERTO KASSAB,PSD,v,,,,,04/10/2026 20:42:19,sim
1,04/10/2026,6257,Presidente,1,municipio,RN,17817,2409100,PASSA E FICA,,PT/PC do B/PV,FEDERAÇÃO BRASIL DA ESPERANÇA - FE BRASIL,PT/PC do B/PV,BRASIL PRONTO PRA MAIS,c,PSB / PDT / PCDOB / PT / PV / PSOL / REDE,,13,PT,PARTIDO DOS TRABALHADORES,101,13,280002542548,LUIZ INÁCIO LULA DA SILVA,LULA,06/10/1945,2,Válido,nao,,4469,57.43,57.427396556,GERALDO JOSE RODRIGUES ALCKMIN FILHO,GERALDO ALCKMIN,PSB,v,,,,,04/10/2026 20:42:19,sim
1,04/10/2026,6257,Presidente,1,municipio,RN,17817,2409100,PASSA E FICA,,,,,DEMOCRACIA CRISTÃ,i,DC,0,27,DC,DEMOCRACIA CRISTÃ,,27,280002552484,CLARIANA ZACARKIM BARAO,CLARIANA BARAO,03/04/1987,9,Válido,nao,,0,0.00,0,FABIANA CRISTINA TAVARES TORQUATO,FABIANA TORQUATO,DC,v,,,,,04/10/2026 20:42:19,sim
1,04/10/2026,6257,Presidente,1,municipio,RN,17817,2409100,PASSA E FICA,,,,,PARTIDO COMUNISTA BRASILEIRO,i,PCB,0,21,PCB,PARTIDO COMUNISTA BRASILEIRO,,21,280002551975,EDMILSON SILVA COSTA,EDMILSON COSTA,08/04/1950,10,Válido,nao,,1,0.01,0.012850167,CLEUSA DOS SANTOS,CLEUSA SANTOS,PCB,v,,,,,04/10/2026 20:42:19,sim
1,04/10/2026,6257,Presidente,1,municipio,RN,17817,2409100,PASSA E FICA,,,,,PARTIDO SOCIALISTA  DOS TRABALHADORES UNIFICADO,i,PSTU,0,16,PSTU,PARTIDO SOCIALISTA  DOS TRABALHADORES UNIFICADO,,16,280002541457,HERTZ DA CONCEICAO DIAS,HERTZ DIAS,20/10/1970,8,Válido,nao,,3,0.04,0.038550501,VANESSA PORTUGAL BARBOSA,VANESSA PORTUGAL,PSTU,v,,,,,04/10/2026 20:42:19,sim
1,04/10/2026,6257,Presidente,1,municipio,RN,17817,2409100,PASSA E FICA,,,,,BRASIL DOS NOSSOS SONHOS,c,AGIR / AVANTE,,70,AVANTE,AVANTE,,70,280002551547,AUGUSTO JORGE CURY,ESCRITOR AUGUSTO CURY,02/10/1958,3,Válido,nao,,212,2.72,2.724235415,JULIO CESAR DELGADO,JÚLIO DELGADO,AVANTE,v,,,,,04/10/2026 20:42:19,sim
1,04/10/2026,6257,Presidente,1,municipio,RN,17817,2409100,PASSA E FICA,,,,,PARTIDO NOVO,i,NOVO,0,30,NOVO,PARTIDO NOVO,,30,280002539826,ROMEU ZEMA NETO,ZEMA,28/10/1964,6,Válido,nao,,4,0.05,0.051400668,LUIS EDUARDO GRANGEIRO GIRÃO,EDUARDO GIRÃO,NOVO,v,,,,,04/10/2026 20:42:19,sim
1,04/10/2026,6257,Presidente,1,municipio,RN,17817,2409100,PASSA E FICA,,,,,UNIDADE POPULAR,i,UP,0,80,UP,UNIDADE POPULAR,,80,280002538811,SAMARA MARTINS DA SILVA FEITOSA,SAMARA,31/08/1987,7,Válido,nao,,7,0.09,0.089951169,RAQUEL NONATO DE BRICIO,RAQUEL BRÍCIO,UP,v,,,,,04/10/2026 20:42:19,sim
1,04/10/2026,6257,Presidente,1,municipio,RN,17817,2409100,PASSA E FICA,,,,,DEMOCRATA,i,DEMOCRATA,0,35,DEMOCRATA,DEMOCRATA,,35,280002548139,WILSON GRASSI JUNIOR,VETERINÁRIO WILSON GRASSI,13/03/1970,11,Válido,nao,,1,0.01,0.012850167,SUÊD HAIDAR NOGUEIRA,SUÊD HAIDAR,DEMOCRATA,v,,,,,04/10/2026 20:42:19,sim
1,04/10/2026,6257,Presidente,1,municipio,RN,17817,2409100,PASSA E FICA,,,,,PARTIDO MISSÃO,i,MISSÃO,0,14,MISSÃO,PARTIDO MISSÃO,,14,280002540694,RENAN ANTONIO FERREIRA DOS SANTOS,RENAN SANTOS,14/02/1984,4,Válido,nao,,102,1.31,1.310717039,AROLDO MEDINA,CORONEL MEDINA,MISSÃO,v,,,,,04/10/2026 20:42:19,sim
1,04/10/2026,6257,Presidente,1,municipio,RN,17817,2409100,PASSA E FICA,,,,,PARTIDO DA CAUSA OPERÁRIA,i,PCO,0,29,PCO,PARTIDO DA CAUSA OPERÁRIA,,29,280002552487,RUI COSTA PIMENTA,RUI COSTA PIMENTA,25/06/1957,12,Válido,nao,,1,0.01,0.012850167,ANTONIO CARLOS SILVA,ANTÔNIO CARLOS,PCO,v,,,,,04/10/2026 20:42:19,sim
1,04/10/2026,6257,Presidente,1,municipio,RN,17833,2409209,PASSAGEM,,,,,PARTIDO LIBERAL,i,PL,0,22,PL,PARTIDO LIBERAL,,22,280002551544,FLAVIO NANTES BOLSONARO,FLAVIO BOLSONARO,30/04/1981,1,Válido,nao,,1377,37.83,37.829670330,ALFREDO GASPAR DE MENDONÇA NETO,ALFREDO GASPAR,PL,v,,,,,04/10/2026 19:17:19,sim
1,04/10/2026,6257,Presidente,1,municipio,RN,17833,2409209,PASSAGEM,,,,,PARTIDO SOCIAL DEMOCRÁTICO,i,PSD,0,55,PSD,PARTIDO SOCIAL DEMOCRÁTICO,,55,280002551932,RONALDO RAMOS CAIADO,RONALDO CAIADO,25/09/1949,5,Válido,nao,,27,0.74,0.741758242,GILBERTO KASSAB,GILBERTO KASSAB,PSD,v,,,,,04/10/2026 19:17:19,sim
1,04/10/2026,6257,Presidente,1,municipio,RN,17833,2409209,PASSAGEM,,PT/PC do B/PV,FEDERAÇÃO BRASIL DA ESPERANÇA - FE BRASIL,PT/PC do B/PV,BRASIL PRONTO PRA MAIS,c,PSB / PDT / PCDOB / PT / PV / PSOL / REDE,,13,PT,PARTIDO DOS TRABALHADORES,101,13,280002542548,LUIZ INÁCIO LULA DA SILVA,LULA,06/10/1945,2,Válido,nao,,2090,57.42,57.417582418,GERALDO JOSE RODRIGUES ALCKMIN FILHO,GERALDO ALCKMIN,PSB,v,,,,,04/10/2026 19:17:19,sim
1,04/10/2026,6257,Presidente,1,municipio,RN,17833,2409209,PASSAGEM,,,,,DEMOCRACIA CRISTÃ,i,DC,0,27,DC,DEMOCRACIA CRISTÃ,,27,280002552484,CLARIANA ZACARKIM BARAO,CLARIANA BARAO,03/04/1987,9,Válido,nao,,2,0.05,0.054945055,FABIANA CRISTINA TAVARES TORQUATO,FABIANA TORQUATO,DC,v,,,,,04/10/2026 19:17:19,sim
1,04/10/2026,6257,Presidente,1,municipio,RN,17833,2409209,PASSAGEM,,,,,PARTIDO COMUNISTA BRASILEIRO,i,PCB,0,21,PCB,PARTIDO COMUNISTA BRASILEIRO,,21,280002551975,EDMILSON SILVA COSTA,EDMILSON COSTA,08/04/1950,10,Válido,nao,,0,0.00,0,CLEUSA DOS SANTOS,CLEUSA SANTOS,PCB,v,,,,,04/10/2026 19:17:19,sim
1,04/10/2026,6257,Presidente,1,municipio,RN,17833,2409209,PASSAGEM,,,,,PARTIDO SOCIALISTA  DOS TRABALHADORES UNIFICADO,i,PSTU,0,16,PSTU,PARTIDO SOCIALISTA  DOS TRABALHADORES UNIFICADO,,16,280002541457,HERTZ DA CONCEICAO DIAS,HERTZ DIAS,20/10/1970,8,Válido,nao,,0,0.00,0,VANESSA PORTUGAL BARBOSA,VANESSA PORTUGAL,PSTU,v,,,,,04/10/2026 19:17:19,sim
1,04/10/2026,6257,Presidente,1,municipio,RN,17833,2409209,PASSAGEM,,,,,BRASIL DOS NOSSOS SONHOS,c,AGIR / AVANTE,,70,AVANTE,AVANTE,,70,280002551547,AUGUSTO JORGE CURY,ESCRITOR AUGUSTO CURY,02/10/1958,3,Válido,nao,,112,3.08,3.076923077,JULIO CESAR DELGADO,JÚLIO DELGADO,AVANTE,v,,,,,04/10/2026 19:17:19,sim
1,04/10/2026,6257,Presidente,1,municipio,RN,17833,2409209,PASSAGEM,,,,,PARTIDO NOVO,i,NOVO,0,30,NOVO,PARTIDO NOVO,,30,280002539826,ROMEU ZEMA NETO,ZEMA,28/10/1964,6,Válido,nao,,0,0.00,0,LUIS EDUARDO GRANGEIRO GIRÃO,EDUARDO GIRÃO,NOVO,v,,,,,04/10/2026 19:17:19,sim
1,04/10/2026,6257,Presidente,1,municipio,RN,17833,2409209,PASSAGEM,,,,,UNIDADE POPULAR,i,UP,0,80,UP,UNIDADE POPULAR,,80,280002538811,SAMARA MARTINS DA SILVA FEITOSA,SAMARA,31/08/1987,7,Válido,nao,,5,0.14,0.137362637,RAQUEL NONATO DE BRICIO,RAQUEL BRÍCIO,UP,v,,,,,04/10/2026 19:17:19,sim
1,04/10/2026,6257,Presidente,1,municipio,RN,17833,2409209,PASSAGEM,,,,,DEMOCRATA,i,DEMOCRATA,0,35,DEMOCRATA,DEMOCRATA,,35,280002548139,WILSON GRASSI JUNIOR,VETERINÁRIO WILSON GRASSI,13/03/1970,11,Válido,nao,,0,0.00,0,SUÊD HAIDAR NOGUEIRA,SUÊD HAIDAR,DEMOCRATA,v,,,,,04/10/2026 19:17:19,sim
1,04/10/2026,6257,Presidente,1,municipio,RN,17833,2409209,PASSAGEM,,,,,PARTIDO MISSÃO,i,MISSÃO,0,14,MISSÃO,PARTIDO MISSÃO,,14,280002540694,RENAN ANTONIO FERREIRA DOS SANTOS,RENAN SANTOS,14/02/1984,4,Válido,nao,,27,0.74,0.741758242,AROLDO MEDINA,CORONEL MEDINA,MISSÃO,v,,,,,04/10/2026 19:17:19,sim
1,04/10/2026,6257,Presidente,1,municipio,RN,17833,2409209,PASSAGEM,,,,,PARTIDO DA CAUSA OPERÁRIA,i,PCO,0,29,PCO,PARTIDO DA CAUSA OPERÁRIA,,29,280002552487,RUI COSTA PIMENTA,RUI COSTA PIMENTA,25/06/1957,12,Válido,nao,,0,0.00,0,ANTONIO CARLOS SILVA,ANTÔNIO CARLOS,PCO,v,,,,,04/10/2026 19:17:19,sim
1,04/10/2026,6257,Presidente,1,municipio,RN,17850,2409308,PATU,,,,,PARTIDO LIBERAL,i,PL,0,22,PL,PARTIDO LIBERAL,,22,280002551544,FLAVIO NANTES BOLSONARO,FLAVIO BOLSONARO,30/04/1981,1,Válido,nao,,2113,26.54,26.538558151,ALFREDO GASPAR DE MENDONÇA NETO,ALFREDO GASPAR,PL,v,,,,,04/10/2026 20:19:47,sim
1,04/10/2026,6257,Presidente,1,municipio,RN,17850,2409308,PATU,,,,,PARTIDO SOCIAL DEMOCRÁTICO,i,PSD,0,55,PSD,PARTIDO SOCIAL DEMOCRÁTICO,,55,280002551932,RONALDO RAMOS CAIADO,RONALDO CAIADO,25/09/1949,5,Válido,nao,,40,0.50,0.502386335,GILBERTO KASSAB,GILBERTO KASSAB,PSD,v,,,,,04/10/2026 20:19:47,sim
1,04/10/2026,6257,Presidente,1,municipio,RN,17850,2409308,PATU,,PT/PC do B/PV,FEDERAÇÃO BRASIL DA ESPERANÇA - FE BRASIL,PT/PC do B/PV,BRASIL PRONTO PRA MAIS,c,PSB / PDT / PCDOB / PT / PV / PSOL / REDE,,13,PT,PARTIDO DOS TRABALHADORES,101,13,280002542548,LUIZ INÁCIO LULA DA SILVA,LULA,06/10/1945,2,Válido,nao,,5488,68.93,68.927405175,GERALDO JOSE RODRIGUES ALCKMIN FILHO,GERALDO ALCKMIN,PSB,v,,,,,04/10/2026 20:19:47,sim
1,04/10/2026,6257,Presidente,1,municipio,RN,17850,2409308,PATU,,,,,DEMOCRACIA CRISTÃ,i,DC,0,27,DC,DEMOCRACIA CRISTÃ,,27,280002552484,CLARIANA ZACARKIM BARAO,CLARIANA BARAO,03/04/1987,9,Válido,nao,,0,0.00,0,FABIANA CRISTINA TAVARES TORQUATO,FABIANA TORQUATO,DC,v,,,,,04/10/2026 20:19:47,sim
1,04/10/2026,6257,Presidente,1,municipio,RN,17850,2409308,PATU,,,,,PARTIDO COMUNISTA BRASILEIRO,i,PCB,0,21,PCB,PARTIDO COMUNISTA BRASILEIRO,,21,280002551975,EDMILSON SILVA COSTA,EDMILSON COSTA,08/04/1950,10,Válido,nao,,0,0.00,0,CLEUSA DOS SANTOS,CLEUSA SANTOS,PCB,v,,,,,04/10/2026 20:19:47,sim
1,04/10/2026,6257,Presidente,1,municipio,RN,17850,2409308,PATU,,,,,PARTIDO SOCIALISTA  DOS TRABALHADORES UNIFICADO,i,PSTU,0,16,PSTU,PARTIDO SOCIALISTA  DOS TRABALHADORES UNIFICADO,,16,280002541457,HERTZ DA CONCEICAO DIAS,HERTZ DIAS,20/10/1970,8,Válido,nao,,0,0.00,0,VANESSA PORTUGAL BARBOSA,VANESSA PORTUGAL,PSTU,v,,,,,04/10/2026 20:19:47,sim
1,04/10/2026,6257,Presidente,1,municipio,RN,17850,2409308,PATU,,,,,BRASIL DOS NOSSOS SONHOS,c,AGIR / AVANTE,,70,AVANTE,AVANTE,,70,280002551547,AUGUSTO JORGE CURY,ESCRITOR AUGUSTO CURY,02/10/1958,3,Válido,nao,,185,2.32,2.323536800,JULIO CESAR DELGADO,JÚLIO DELGADO,AVANTE,v,,,,,04/10/2026 20:19:47,sim
1,04/10/2026,6257,Presidente,1,municipio,RN,17850,2409308,PATU,,,,,PARTIDO NOVO,i,NOVO,0,30,NOVO,PARTIDO NOVO,,30,280002539826,ROMEU ZEMA NETO,ZEMA,28/10/1964,6,Válido,nao,,7,0.09,0.087917609,LUIS EDUARDO GRANGEIRO GIRÃO,EDUARDO GIRÃO,NOVO,v,,,,,04/10/2026 20:19:47,sim
1,04/10/2026,6257,Presidente,1,municipio,RN,17850,2409308,PATU,,,,,UNIDADE POPULAR,i,UP,0,80,UP,UNIDADE POPULAR,,80,280002538811,SAMARA MARTINS DA SILVA FEITOSA,SAMARA,31/08/1987,7,Válido,nao,,4,0.05,0.050238634,RAQUEL NONATO DE BRICIO,RAQUEL BRÍCIO,UP,v,,,,,04/10/2026 20:19:47,sim
1,04/10/2026,6257,Presidente,1,municipio,RN,17850,2409308,PATU,,,,,DEMOCRATA,i,DEMOCRATA,0,35,DEMOCRATA,DEMOCRATA,,35,280002548139,WILSON GRASSI JUNIOR,VETERINÁRIO WILSON GRASSI,13/03/1970,11,Válido,nao,,0,0.00,0,SUÊD HAIDAR NOGUEIRA,SUÊD HAIDAR,DEMOCRATA,v,,,,,04/10/2026 20:19:47,sim
1,04/10/2026,6257,Presidente,1,municipio,RN,17850,2409308,PATU,,,,,PARTIDO MISSÃO,i,MISSÃO,0,14,MISSÃO,PARTIDO MISSÃO,,14,280002540694,RENAN ANTONIO FERREIRA DOS SANTOS,RENAN SANTOS,14/02/1984,4,Válido,nao,,125,1.57,1.569957297,AROLDO MEDINA,CORONEL MEDINA,MISSÃO,v,,,,,04/10/2026 20:19:47,sim
1,04/10/2026,6257,Presidente,1,municipio,RN,17850,2409308,PATU,,,,,PARTIDO DA CAUSA OPERÁRIA,i,PCO,0,29,PCO,PARTIDO DA CAUSA OPERÁRIA,,29,280002552487,RUI COSTA PIMENTA,RUI COSTA PIMENTA,25/06/1957,12,Válido,nao,,0,0.00,0,ANTONIO CARLOS SILVA,ANTÔNIO CARLOS,PCO,v,,,,,04/10/2026 20:19:47,sim
1,04/10/2026,6257,Presidente,1,municipio,RN,17876,2409407,PAU DOS FERROS,,,,,PARTIDO LIBERAL,i,PL,0,22,PL,PARTIDO LIBERAL,,22,280002551544,FLAVIO NANTES BOLSONARO,FLAVIO BOLSONARO,30/04/1981,1,Válido,nao,,4466,26.50,26.496588549,ALFREDO GASPAR DE MENDONÇA NETO,ALFREDO GASPAR,PL,v,,,,,04/10/2026 20:13:50,sim
1,04/10/2026,6257,Presidente,1,municipio,RN,17876,2409407,PAU DOS FERROS,,,,,PARTIDO SOCIAL DEMOCRÁTICO,i,PSD,0,55,PSD,PARTIDO SOCIAL DEMOCRÁTICO,,55,280002551932,RONALDO RAMOS CAIADO,RONALDO CAIADO,25/09/1949,5,Válido,nao,,106,0.63,0.628893503,GILBERTO KASSAB,GILBERTO KASSAB,PSD,v,,,,,04/10/2026 20:13:50,sim
1,04/10/2026,6257,Presidente,1,municipio,RN,17876,2409407,PAU DOS FERROS,,PT/PC do B/PV,FEDERAÇÃO BRASIL DA ESPERANÇA - FE BRASIL,PT/PC do B/PV,BRASIL PRONTO PRA MAIS,c,PSB / PDT / PCDOB / PT / PV / PSOL / REDE,,13,PT,PARTIDO DOS TRABALHADORES,101,13,280002542548,LUIZ INÁCIO LULA DA SILVA,LULA,06/10/1945,2,Válido,nao,,11673,69.26,69.255413824,GERALDO JOSE RODRIGUES ALCKMIN FILHO,GERALDO ALCKMIN,PSB,v,,,,,04/10/2026 20:13:50,sim
1,04/10/2026,6257,Presidente,1,municipio,RN,17876,2409407,PAU DOS FERROS,,,,,DEMOCRACIA CRISTÃ,i,DC,0,27,DC,DEMOCRACIA CRISTÃ,,27,280002552484,CLARIANA ZACARKIM BARAO,CLARIANA BARAO,03/04/1987,9,Válido,nao,,2,0.01,0.011865915,FABIANA CRISTINA TAVARES TORQUATO,FABIANA TORQUATO,DC,v,,,,,04/10/2026 20:13:50,sim
1,04/10/2026,6257,Presidente,1,municipio,RN,17876,2409407,PAU DOS FERROS,,,,,PARTIDO COMUNISTA BRASILEIRO,i,PCB,0,21,PCB,PARTIDO COMUNISTA BRASILEIRO,,21,280002551975,EDMILSON SILVA COSTA,EDMILSON COSTA,08/04/1950,10,Válido,nao,,1,0.01,0.005932958,CLEUSA DOS SANTOS,CLEUSA SANTOS,PCB,v,,,,,04/10/2026 20:13:50,sim
1,04/10/2026,6257,Presidente,1,municipio,RN,17876,2409407,PAU DOS FERROS,,,,,PARTIDO SOCIALISTA  DOS TRABALHADORES UNIFICADO,i,PSTU,0,16,PSTU,PARTIDO SOCIALISTA  DOS TRABALHADORES UNIFICADO,,16,280002541457,HERTZ DA CONCEICAO DIAS,HERTZ DIAS,20/10/1970,8,Válido,nao,,1,0.01,0.005932958,VANESSA PORTUGAL BARBOSA,VANESSA PORTUGAL,PSTU,v,,,,,04/10/2026 20:13:50,sim
1,04/10/2026,6257,Presidente,1,municipio,RN,17876,2409407,PAU DOS FERROS,,,,,BRASIL DOS NOSSOS SONHOS,c,AGIR / AVANTE,,70,AVANTE,AVANTE,,70,280002551547,AUGUSTO JORGE CURY,ESCRITOR AUGUSTO CURY,02/10/1958,3,Válido,nao,,271,1.61,1.607831504,JULIO CESAR DELGADO,JÚLIO DELGADO,AVANTE,v,,,,,04/10/2026 20:13:50,sim
1,04/10/2026,6257,Presidente,1,municipio,RN,17876,2409407,PAU DOS FERROS,,,,,PARTIDO NOVO,i,NOVO,0,30,NOVO,PARTIDO NOVO,,30,280002539826,ROMEU ZEMA NETO,ZEMA,28/10/1964,6,Válido,nao,,10,0.06,0.059329576,LUIS EDUARDO GRANGEIRO GIRÃO,EDUARDO GIRÃO,NOVO,v,,,,,04/10/2026 20:13:50,sim
1,04/10/2026,6257,Presidente,1,municipio,RN,17876,2409407,PAU DOS FERROS,,,,,UNIDADE POPULAR,i,UP,0,80,UP,UNIDADE POPULAR,,80,280002538811,SAMARA MARTINS DA SILVA FEITOSA,SAMARA,31/08/1987,7,Válido,nao,,5,0.03,0.029664788,RAQUEL NONATO DE BRICIO,RAQUEL BRÍCIO,UP,v,,,,,04/10/2026 20:13:50,sim
1,04/10/2026,6257,Presidente,1,municipio,RN,17876,2409407,PAU DOS FERROS,,,,,DEMOCRATA,i,DEMOCRATA,0,35,DEMOCRATA,DEMOCRATA,,35,280002548139,WILSON GRASSI JUNIOR,VETERINÁRIO WILSON GRASSI,13/03/1970,11,Válido,nao,,2,0.01,0.011865915,SUÊD HAIDAR NOGUEIRA,SUÊD HAIDAR,DEMOCRATA,v,,,,,04/10/2026 20:13:50,sim
1,04/10/2026,6257,Presidente,1,municipio,RN,17876,2409407,PAU DOS FERROS,,,,,PARTIDO MISSÃO,i,MISSÃO,0,14,MISSÃO,PARTIDO MISSÃO,,14,280002540694,RENAN ANTONIO FERREIRA DOS SANTOS,RENAN SANTOS,14/02/1984,4,Válido,nao,,315,1.87,1.868881637,AROLDO MEDINA,CORONEL MEDINA,MISSÃO,v,,,,,04/10/2026 20:13:50,sim
1,04/10/2026,6257,Presidente,1,municipio,RN,17876,2409407,PAU DOS FERROS,,,,,PARTIDO DA CAUSA OPERÁRIA,i,PCO,0,29,PCO,PARTIDO DA CAUSA OPERÁRIA,,29,280002552487,RUI COSTA PIMENTA,RUI COSTA PIMENTA,25/06/1957,12,Válido,nao,,3,0.02,0.017798873,ANTONIO CARLOS SILVA,ANTÔNIO CARLOS,PCO,v,,,,,04/10/2026 20:13:50,sim
1,04/10/2026,6257,Presidente,1,municipio,RN,17892,2409506,PEDRA GRANDE,,,,,PARTIDO LIBERAL,i,PL,0,22,PL,PARTIDO LIBERAL,,22,280002551544,FLAVIO NANTES BOLSONARO,FLAVIO BOLSONARO,30/04/1981,1,Válido,nao,,832,25.40,25.396825397,ALFREDO GASPAR DE MENDONÇA NETO,ALFREDO GASPAR,PL,v,,,,,04/10/2026 19:24:40,sim
1,04/10/2026,6257,Presidente,1,municipio,RN,17892,2409506,PEDRA GRANDE,,,,,PARTIDO SOCIAL DEMOCRÁTICO,i,PSD,0,55,PSD,PARTIDO SOCIAL DEMOCRÁTICO,,55,280002551932,RONALDO RAMOS CAIADO,RONALDO CAIADO,25/09/1949,5,Válido,nao,,21,0.64,0.641025641,GILBERTO KASSAB,GILBERTO KASSAB,PSD,v,,,,,04/10/2026 19:24:40,sim
1,04/10/2026,6257,Presidente,1,municipio,RN,17892,2409506,PEDRA GRANDE,,PT/PC do B/PV,FEDERAÇÃO BRASIL DA ESPERANÇA - FE BRASIL,PT/PC do B/PV,BRASIL PRONTO PRA MAIS,c,PSB / PDT / PCDOB / PT / PV / PSOL / REDE,,13,PT,PARTIDO DOS TRABALHADORES,101,13,280002542548,LUIZ INÁCIO LULA DA SILVA,LULA,06/10/1945,2,Válido,nao,,2292,69.96,69.963369963,GERALDO JOSE RODRIGUES ALCKMIN FILHO,GERALDO ALCKMIN,PSB,v,,,,,04/10/2026 19:24:40,sim
1,04/10/2026,6257,Presidente,1,municipio,RN,17892,2409506,PEDRA GRANDE,,,,,DEMOCRACIA CRISTÃ,i,DC,0,27,DC,DEMOCRACIA CRISTÃ,,27,280002552484,CLARIANA ZACARKIM BARAO,CLARIANA BARAO,03/04/1987,9,Válido,nao,,1,0.03,0.030525031,FABIANA CRISTINA TAVARES TORQUATO,FABIANA TORQUATO,DC,v,,,,,04/10/2026 19:24:40,sim
1,04/10/2026,6257,Presidente,1,municipio,RN,17892,2409506,PEDRA GRANDE,,,,,PARTIDO COMUNISTA BRASILEIRO,i,PCB,0,21,PCB,PARTIDO COMUNISTA BRASILEIRO,,21,280002551975,EDMILSON SILVA COSTA,EDMILSON COSTA,08/04/1950,10,Válido,nao,,0,0.00,0,CLEUSA DOS SANTOS,CLEUSA SANTOS,PCB,v,,,,,04/10/2026 19:24:40,sim
1,04/10/2026,6257,Presidente,1,municipio,RN,17892,2409506,PEDRA GRANDE,,,,,PARTIDO SOCIALISTA  DOS TRABALHADORES UNIFICADO,i,PSTU,0,16,PSTU,PARTIDO SOCIALISTA  DOS TRABALHADORES UNIFICADO,,16,280002541457,HERTZ DA CONCEICAO DIAS,HERTZ DIAS,20/10/1970,8,Válido,nao,,1,0.03,0.030525031,VANESSA PORTUGAL BARBOSA,VANESSA PORTUGAL,PSTU,v,,,,,04/10/2026 19:24:40,sim
1,04/10/2026,6257,Presidente,1,municipio,RN,17892,2409506,PEDRA GRANDE,,,,,BRASIL DOS NOSSOS SONHOS,c,AGIR / AVANTE,,70,AVANTE,AVANTE,,70,280002551547,AUGUSTO JORGE CURY,ESCRITOR AUGUSTO CURY,02/10/1958,3,Válido,nao,,100,3.05,3.052503053,JULIO CESAR DELGADO,JÚLIO DELGADO,AVANTE,v,,,,,04/10/2026 19:24:40,sim
1,04/10/2026,6257,Presidente,1,municipio,RN,17892,2409506,PEDRA GRANDE,,,,,PARTIDO NOVO,i,NOVO,0,30,NOVO,PARTIDO NOVO,,30,280002539826,ROMEU ZEMA NETO,ZEMA,28/10/1964,6,Válido,nao,,1,0.03,0.030525031,LUIS EDUARDO GRANGEIRO GIRÃO,EDUARDO GIRÃO,NOVO,v,,,,,04/10/2026 19:24:40,sim
1,04/10/2026,6257,Presidente,1,municipio,RN,17892,2409506,PEDRA GRANDE,,,,,UNIDADE POPULAR,i,UP,0,80,UP,UNIDADE POPULAR,,80,280002538811,SAMARA MARTINS DA SILVA FEITOSA,SAMARA,31/08/1987,7,Válido,nao,,0,0.00,0,RAQUEL NONATO DE BRICIO,RAQUEL BRÍCIO,UP,v,,,,,04/10/2026 19:24:40,sim
1,04/10/2026,6257,Presidente,1,municipio,RN,17892,2409506,PEDRA GRANDE,,,,,DEMOCRATA,i,DEMOCRATA,0,35,DEMOCRATA,DEMOCRATA,,35,280002548139,WILSON GRASSI JUNIOR,VETERINÁRIO WILSON GRASSI,13/03/1970,11,Válido,nao,,0,0.00,0,SUÊD HAIDAR NOGUEIRA,SUÊD HAIDAR,DEMOCRATA,v,,,,,04/10/2026 19:24:40,sim
1,04/10/2026,6257,Presidente,1,municipio,RN,17892,2409506,PEDRA GRANDE,,,,,PARTIDO MISSÃO,i,MISSÃO,0,14,MISSÃO,PARTIDO MISSÃO,,14,280002540694,RENAN ANTONIO FERREIRA DOS SANTOS,RENAN SANTOS,14/02/1984,4,Válido,nao,,28,0.85,0.854700855,AROLDO MEDINA,CORONEL MEDINA,MISSÃO,v,,,,,04/10/2026 19:24:40,sim
1,04/10/2026,6257,Presidente,1,municipio,RN,17892,2409506,PEDRA GRANDE,,,,,PARTIDO DA CAUSA OPERÁRIA,i,PCO,0,29,PCO,PARTIDO DA CAUSA OPERÁRIA,,29,280002552487,RUI COSTA PIMENTA,RUI COSTA PIMENTA,25/06/1957,12,Válido,nao,,0,0.00,0,ANTONIO CARLOS SILVA,ANTÔNIO CARLOS,PCO,v,,,,,04/10/2026 19:24:40,sim
1,04/10/2026,6257,Presidente,1,municipio,RN,17914,2409605,PEDRA PRETA,,,,,PARTIDO LIBERAL,i,PL,0,22,PL,PARTIDO LIBERAL,,22,280002551544,FLAVIO NANTES BOLSONARO,FLAVIO BOLSONARO,30/04/1981,1,Válido,nao,,833,31.62,31.624905087,ALFREDO GASPAR DE MENDONÇA NETO,ALFREDO GASPAR,PL,v,,,,,04/10/2026 19:24:41,sim
1,04/10/2026,6257,Presidente,1,municipio,RN,17914,2409605,PEDRA PRETA,,,,,PARTIDO SOCIAL DEMOCRÁTICO,i,PSD,0,55,PSD,PARTIDO SOCIAL DEMOCRÁTICO,,55,280002551932,RONALDO RAMOS CAIADO,RONALDO CAIADO,25/09/1949,5,Válido,nao,,18,0.68,0.683371298,GILBERTO KASSAB,GILBERTO KASSAB,PSD,v,,,,,04/10/2026 19:24:41,sim
1,04/10/2026,6257,Presidente,1,municipio,RN,17914,2409605,PEDRA PRETA,,PT/PC do B/PV,FEDERAÇÃO BRASIL DA ESPERANÇA - FE BRASIL,PT/PC do B/PV,BRASIL PRONTO PRA MAIS,c,PSB / PDT / PCDOB / PT / PV / PSOL / REDE,,13,PT,PARTIDO DOS TRABALHADORES,101,13,280002542548,LUIZ INÁCIO LULA DA SILVA,LULA,06/10/1945,2,Válido,nao,,1692,64.24,64.236902050,GERALDO JOSE RODRIGUES ALCKMIN FILHO,GERALDO ALCKMIN,PSB,v,,,,,04/10/2026 19:24:41,sim
1,04/10/2026,6257,Presidente,1,municipio,RN,17914,2409605,PEDRA PRETA,,,,,DEMOCRACIA CRISTÃ,i,DC,0,27,DC,DEMOCRACIA CRISTÃ,,27,280002552484,CLARIANA ZACARKIM BARAO,CLARIANA BARAO,03/04/1987,9,Válido,nao,,0,0.00,0,FABIANA CRISTINA TAVARES TORQUATO,FABIANA TORQUATO,DC,v,,,,,04/10/2026 19:24:41,sim
1,04/10/2026,6257,Presidente,1,municipio,RN,17914,2409605,PEDRA PRETA,,,,,PARTIDO COMUNISTA BRASILEIRO,i,PCB,0,21,PCB,PARTIDO COMUNISTA BRASILEIRO,,21,280002551975,EDMILSON SILVA COSTA,EDMILSON COSTA,08/04/1950,10,Válido,nao,,0,0.00,0,CLEUSA DOS SANTOS,CLEUSA SANTOS,PCB,v,,,,,04/10/2026 19:24:41,sim
1,04/10/2026,6257,Presidente,1,municipio,RN,17914,2409605,PEDRA PRETA,,,,,PARTIDO SOCIALISTA  DOS TRABALHADORES UNIFICADO,i,PSTU,0,16,PSTU,PARTIDO SOCIALISTA  DOS TRABALHADORES UNIFICADO,,16,280002541457,HERTZ DA CONCEICAO DIAS,HERTZ DIAS,20/10/1970,8,Válido,nao,,0,0.00,0,VANESSA PORTUGAL BARBOSA,VANESSA PORTUGAL,PSTU,v,,,,,04/10/2026 19:24:41,sim
1,04/10/2026,6257,Presidente,1,municipio,RN,17914,2409605,PEDRA PRETA,,,,,BRASIL DOS NOSSOS SONHOS,c,AGIR / AVANTE,,70,AVANTE,AVANTE,,70,280002551547,AUGUSTO JORGE CURY,ESCRITOR AUGUSTO CURY,02/10/1958,3,Válido,nao,,58,2.20,2.201974184,JULIO CESAR DELGADO,JÚLIO DELGADO,AVANTE,v,,,,,04/10/2026 19:24:41,sim
1,04/10/2026,6257,Presidente,1,municipio,RN,17914,2409605,PEDRA PRETA,,,,,PARTIDO NOVO,i,NOVO,0,30,NOVO,PARTIDO NOVO,,30,280002539826,ROMEU ZEMA NETO,ZEMA,28/10/1964,6,Válido,nao,,3,0.11,0.113895216,LUIS EDUARDO GRANGEIRO GIRÃO,EDUARDO GIRÃO,NOVO,v,,,,,04/10/2026 19:24:41,sim
1,04/10/2026,6257,Presidente,1,municipio,RN,17914,2409605,PEDRA PRETA,,,,,UNIDADE POPULAR,i,UP,0,80,UP,UNIDADE POPULAR,,80,280002538811,SAMARA MARTINS DA SILVA FEITOSA,SAMARA,31/08/1987,7,Válido,nao,,0,0.00,0,RAQUEL NONATO DE BRICIO,RAQUEL BRÍCIO,UP,v,,,,,04/10/2026 19:24:41,sim
1,04/10/2026,6257,Presidente,1,municipio,RN,17914,2409605,PEDRA PRETA,,,,,DEMOCRATA,i,DEMOCRATA,0,35,DEMOCRATA,DEMOCRATA,,35,280002548139,WILSON GRASSI JUNIOR,VETERINÁRIO WILSON GRASSI,13/03/1970,11,Válido,nao,,0,0.00,0,SUÊD HAIDAR NOGUEIRA,SUÊD HAIDAR,DEMOCRATA,v,,,,,04/10/2026 19:24:41,sim
1,04/10/2026,6257,Presidente,1,municipio,RN,17914,2409605,PEDRA PRETA,,,,,PARTIDO MISSÃO,i,MISSÃO,0,14,MISSÃO,PARTIDO MISSÃO,,14,280002540694,RENAN ANTONIO FERREIRA DOS SANTOS,RENAN SANTOS,14/02/1984,4,Válido,nao,,30,1.14,1.138952164,AROLDO MEDINA,CORONEL MEDINA,MISSÃO,v,,,,,04/10/2026 19:24:41,sim
1,04/10/2026,6257,Presidente,1,municipio,RN,17914,2409605,PEDRA PRETA,,,,,PARTIDO DA CAUSA OPERÁRIA,i,PCO,0,29,PCO,PARTIDO DA CAUSA OPERÁRIA,,29,280002552487,RUI COSTA PIMENTA,RUI COSTA PIMENTA,25/06/1957,12,Válido,nao,,0,0.00,0,ANTONIO CARLOS SILVA,ANTÔNIO CARLOS,PCO,v,,,,,04/10/2026 19:24:41,sim
1,04/10/2026,6257,Presidente,1,municipio,RN,17930,2409704,PEDRO AVELINO,,,,,PARTIDO LIBERAL,i,PL,0,22,PL,PARTIDO LIBERAL,,22,280002551544,FLAVIO NANTES BOLSONARO,FLAVIO BOLSONARO,30/04/1981,1,Válido,nao,,1312,27.71,27.714406422,ALFREDO GASPAR DE MENDONÇA NETO,ALFREDO GASPAR,PL,v,,,,,04/10/2026 19:11:43,sim
1,04/10/2026,6257,Presidente,1,municipio,RN,17930,2409704,PEDRO AVELINO,,,,,PARTIDO SOCIAL DEMOCRÁTICO,i,PSD,0,55,PSD,PARTIDO SOCIAL DEMOCRÁTICO,,55,280002551932,RONALDO RAMOS CAIADO,RONALDO CAIADO,25/09/1949,5,Válido,nao,,33,0.70,0.697084918,GILBERTO KASSAB,GILBERTO KASSAB,PSD,v,,,,,04/10/2026 19:11:43,sim
1,04/10/2026,6257,Presidente,1,municipio,RN,17930,2409704,PEDRO AVELINO,,PT/PC do B/PV,FEDERAÇÃO BRASIL DA ESPERANÇA - FE BRASIL,PT/PC do B/PV,BRASIL PRONTO PRA MAIS,c,PSB / PDT / PCDOB / PT / PV / PSOL / REDE,,13,PT,PARTIDO DOS TRABALHADORES,101,13,280002542548,LUIZ INÁCIO LULA DA SILVA,LULA,06/10/1945,2,Válido,nao,,3214,67.89,67.891846219,GERALDO JOSE RODRIGUES ALCKMIN FILHO,GERALDO ALCKMIN,PSB,v,,,,,04/10/2026 19:11:43,sim
1,04/10/2026,6257,Presidente,1,municipio,RN,17930,2409704,PEDRO AVELINO,,,,,DEMOCRACIA CRISTÃ,i,DC,0,27,DC,DEMOCRACIA CRISTÃ,,27,280002552484,CLARIANA ZACARKIM BARAO,CLARIANA BARAO,03/04/1987,9,Válido,nao,,0,0.00,0,FABIANA CRISTINA TAVARES TORQUATO,FABIANA TORQUATO,DC,v,,,,,04/10/2026 19:11:43,sim
1,04/10/2026,6257,Presidente,1,municipio,RN,17930,2409704,PEDRO AVELINO,,,,,PARTIDO COMUNISTA BRASILEIRO,i,PCB,0,21,PCB,PARTIDO COMUNISTA BRASILEIRO,,21,280002551975,EDMILSON SILVA COSTA,EDMILSON COSTA,08/04/1950,10,Válido,nao,,3,0.06,0.063371356,CLEUSA DOS SANTOS,CLEUSA SANTOS,PCB,v,,,,,04/10/2026 19:11:43,sim
1,04/10/2026,6257,Presidente,1,municipio,RN,17930,2409704,PEDRO AVELINO,,,,,PARTIDO SOCIALISTA  DOS TRABALHADORES UNIFICADO,i,PSTU,0,16,PSTU,PARTIDO SOCIALISTA  DOS TRABALHADORES UNIFICADO,,16,280002541457,HERTZ DA CONCEICAO DIAS,HERTZ DIAS,20/10/1970,8,Válido,nao,,0,0.00,0,VANESSA PORTUGAL BARBOSA,VANESSA PORTUGAL,PSTU,v,,,,,04/10/2026 19:11:43,sim
1,04/10/2026,6257,Presidente,1,municipio,RN,17930,2409704,PEDRO AVELINO,,,,,BRASIL DOS NOSSOS SONHOS,c,AGIR / AVANTE,,70,AVANTE,AVANTE,,70,280002551547,AUGUSTO JORGE CURY,ESCRITOR AUGUSTO CURY,02/10/1958,3,Válido,nao,,96,2.03,2.027883397,JULIO CESAR DELGADO,JÚLIO DELGADO,AVANTE,v,,,,,04/10/2026 19:11:43,sim
1,04/10/2026,6257,Presidente,1,municipio,RN,17930,2409704,PEDRO AVELINO,,,,,PARTIDO NOVO,i,NOVO,0,30,NOVO,PARTIDO NOVO,,30,280002539826,ROMEU ZEMA NETO,ZEMA,28/10/1964,6,Válido,nao,,3,0.06,0.063371356,LUIS EDUARDO GRANGEIRO GIRÃO,EDUARDO GIRÃO,NOVO,v,,,,,04/10/2026 19:11:43,sim
1,04/10/2026,6257,Presidente,1,municipio,RN,17930,2409704,PEDRO AVELINO,,,,,UNIDADE POPULAR,i,UP,0,80,UP,UNIDADE POPULAR,,80,280002538811,SAMARA MARTINS DA SILVA FEITOSA,SAMARA,31/08/1987,7,Válido,nao,,2,0.04,0.042247571,RAQUEL NONATO DE BRICIO,RAQUEL BRÍCIO,UP,v,,,,,04/10/2026 19:11:43,sim
1,04/10/2026,6257,Presidente,1,municipio,RN,17930,2409704,PEDRO AVELINO,,,,,DEMOCRATA,i,DEMOCRATA,0,35,DEMOCRATA,DEMOCRATA,,35,280002548139,WILSON GRASSI JUNIOR,VETERINÁRIO WILSON GRASSI,13/03/1970,11,Válido,nao,,0,0.00,0,SUÊD HAIDAR NOGUEIRA,SUÊD HAIDAR,DEMOCRATA,v,,,,,04/10/2026 19:11:43,sim
1,04/10/2026,6257,Presidente,1,municipio,RN,17930,2409704,PEDRO AVELINO,,,,,PARTIDO MISSÃO,i,MISSÃO,0,14,MISSÃO,PARTIDO MISSÃO,,14,280002540694,RENAN ANTONIO FERREIRA DOS SANTOS,RENAN SANTOS,14/02/1984,4,Válido,nao,,71,1.50,1.499788762,AROLDO MEDINA,CORONEL MEDINA,MISSÃO,v,,,,,04/10/2026 19:11:43,sim
1,04/10/2026,6257,Presidente,1,municipio,RN,17930,2409704,PEDRO AVELINO,,,,,PARTIDO DA CAUSA OPERÁRIA,i,PCO,0,29,PCO,PARTIDO DA CAUSA OPERÁRIA,,29,280002552487,RUI COSTA PIMENTA,RUI COSTA PIMENTA,25/06/1957,12,Válido,nao,,0,0.00,0,ANTONIO CARLOS SILVA,ANTÔNIO CARLOS,PCO,v,,,,,04/10/2026 19:11:43,sim
1,04/10/2026,6257,Presidente,1,municipio,RN,17957,2409803,PEDRO VELHO,,,,,PARTIDO LIBERAL,i,PL,0,22,PL,PARTIDO LIBERAL,,22,280002551544,FLAVIO NANTES BOLSONARO,FLAVIO BOLSONARO,30/04/1981,1,Válido,nao,,2551,27.58,27.581360147,ALFREDO GASPAR DE MENDONÇA NETO,ALFREDO GASPAR,PL,v,,,,,04/10/2026 19:29:38,sim
1,04/10/2026,6257,Presidente,1,municipio,RN,17957,2409803,PEDRO VELHO,,,,,PARTIDO SOCIAL DEMOCRÁTICO,i,PSD,0,55,PSD,PARTIDO SOCIAL DEMOCRÁTICO,,55,280002551932,RONALDO RAMOS CAIADO,RONALDO CAIADO,25/09/1949,5,Válido,nao,,55,0.59,0.594658882,GILBERTO KASSAB,GILBERTO KASSAB,PSD,v,,,,,04/10/2026 19:29:38,sim
1,04/10/2026,6257,Presidente,1,municipio,RN,17957,2409803,PEDRO VELHO,,PT/PC do B/PV,FEDERAÇÃO BRASIL DA ESPERANÇA - FE BRASIL,PT/PC do B/PV,BRASIL PRONTO PRA MAIS,c,PSB / PDT / PCDOB / PT / PV / PSOL / REDE,,13,PT,PARTIDO DOS TRABALHADORES,101,13,280002542548,LUIZ INÁCIO LULA DA SILVA,LULA,06/10/1945,2,Válido,nao,,6346,68.61,68.612823008,GERALDO JOSE RODRIGUES ALCKMIN FILHO,GERALDO ALCKMIN,PSB,v,,,,,04/10/2026 19:29:38,sim
1,04/10/2026,6257,Presidente,1,municipio,RN,17957,2409803,PEDRO VELHO,,,,,DEMOCRACIA CRISTÃ,i,DC,0,27,DC,DEMOCRACIA CRISTÃ,,27,280002552484,CLARIANA ZACARKIM BARAO,CLARIANA BARAO,03/04/1987,9,Válido,nao,,2,0.02,0.021623959,FABIANA CRISTINA TAVARES TORQUATO,FABIANA TORQUATO,DC,v,,,,,04/10/2026 19:29:38,sim
1,04/10/2026,6257,Presidente,1,municipio,RN,17957,2409803,PEDRO VELHO,,,,,PARTIDO COMUNISTA BRASILEIRO,i,PCB,0,21,PCB,PARTIDO COMUNISTA BRASILEIRO,,21,280002551975,EDMILSON SILVA COSTA,EDMILSON COSTA,08/04/1950,10,Válido,nao,,0,0.00,0,CLEUSA DOS SANTOS,CLEUSA SANTOS,PCB,v,,,,,04/10/2026 19:29:38,sim
1,04/10/2026,6257,Presidente,1,municipio,RN,17957,2409803,PEDRO VELHO,,,,,PARTIDO SOCIALISTA  DOS TRABALHADORES UNIFICADO,i,PSTU,0,16,PSTU,PARTIDO SOCIALISTA  DOS TRABALHADORES UNIFICADO,,16,280002541457,HERTZ DA CONCEICAO DIAS,HERTZ DIAS,20/10/1970,8,Válido,nao,,1,0.01,0.010811980,VANESSA PORTUGAL BARBOSA,VANESSA PORTUGAL,PSTU,v,,,,,04/10/2026 19:29:38,sim
1,04/10/2026,6257,Presidente,1,municipio,RN,17957,2409803,PEDRO VELHO,,,,,BRASIL DOS NOSSOS SONHOS,c,AGIR / AVANTE,,70,AVANTE,AVANTE,,70,280002551547,AUGUSTO JORGE CURY,ESCRITOR AUGUSTO CURY,02/10/1958,3,Válido,nao,,183,1.98,1.978592280,JULIO CESAR DELGADO,JÚLIO DELGADO,AVANTE,v,,,,,04/10/2026 19:29:38,sim
1,04/10/2026,6257,Presidente,1,municipio,RN,17957,2409803,PEDRO VELHO,,,,,PARTIDO NOVO,i,NOVO,0,30,NOVO,PARTIDO NOVO,,30,280002539826,ROMEU ZEMA NETO,ZEMA,28/10/1964,6,Válido,nao,,4,0.04,0.043247919,LUIS EDUARDO GRANGEIRO GIRÃO,EDUARDO GIRÃO,NOVO,v,,,,,04/10/2026 19:29:38,sim
1,04/10/2026,6257,Presidente,1,municipio,RN,17957,2409803,PEDRO VELHO,,,,,UNIDADE POPULAR,i,UP,0,80,UP,UNIDADE POPULAR,,80,280002538811,SAMARA MARTINS DA SILVA FEITOSA,SAMARA,31/08/1987,7,Válido,nao,,2,0.02,0.021623959,RAQUEL NONATO DE BRICIO,RAQUEL BRÍCIO,UP,v,,,,,04/10/2026 19:29:38,sim
1,04/10/2026,6257,Presidente,1,municipio,RN,17957,2409803,PEDRO VELHO,,,,,DEMOCRATA,i,DEMOCRATA,0,35,DEMOCRATA,DEMOCRATA,,35,280002548139,WILSON GRASSI JUNIOR,VETERINÁRIO WILSON GRASSI,13/03/1970,11,Válido,nao,,1,0.01,0.010811980,SUÊD HAIDAR NOGUEIRA,SUÊD HAIDAR,DEMOCRATA,v,,,,,04/10/2026 19:29:38,sim
1,04/10/2026,6257,Presidente,1,municipio,RN,17957,2409803,PEDRO VELHO,,,,,PARTIDO MISSÃO,i,MISSÃO,0,14,MISSÃO,PARTIDO MISSÃO,,14,280002540694,RENAN ANTONIO FERREIRA DOS SANTOS,RENAN SANTOS,14/02/1984,4,Válido,nao,,104,1.12,1.124445886,AROLDO MEDINA,CORONEL MEDINA,MISSÃO,v,,,,,04/10/2026 19:29:38,sim
1,04/10/2026,6257,Presidente,1,municipio,RN,17957,2409803,PEDRO VELHO,,,,,PARTIDO DA CAUSA OPERÁRIA,i,PCO,0,29,PCO,PARTIDO DA CAUSA OPERÁRIA,,29,280002552487,RUI COSTA PIMENTA,RUI COSTA PIMENTA,25/06/1957,12,Válido,nao,,0,0.00,0,ANTONIO CARLOS SILVA,ANTÔNIO CARLOS,PCO,v,,,,,04/10/2026 19:29:38,sim
1,04/10/2026,6257,Presidente,1,municipio,RN,17973,2409902,PENDÊNCIAS,,,,,PARTIDO LIBERAL,i,PL,0,22,PL,PARTIDO LIBERAL,,22,280002551544,FLAVIO NANTES BOLSONARO,FLAVIO BOLSONARO,30/04/1981,1,Válido,nao,,1752,21.25,21.251819505,ALFREDO GASPAR DE MENDONÇA NETO,ALFREDO GASPAR,PL,v,,,,,04/10/2026 19:23:22,sim
1,04/10/2026,6257,Presidente,1,municipio,RN,17973,2409902,PENDÊNCIAS,,,,,PARTIDO SOCIAL DEMOCRÁTICO,i,PSD,0,55,PSD,PARTIDO SOCIAL DEMOCRÁTICO,,55,280002551932,RONALDO RAMOS CAIADO,RONALDO CAIADO,25/09/1949,5,Válido,nao,,47,0.57,0.570111596,GILBERTO KASSAB,GILBERTO KASSAB,PSD,v,,,,,04/10/2026 19:23:22,sim
1,04/10/2026,6257,Presidente,1,municipio,RN,17973,2409902,PENDÊNCIAS,,PT/PC do B/PV,FEDERAÇÃO BRASIL DA ESPERANÇA - FE BRASIL,PT/PC do B/PV,BRASIL PRONTO PRA MAIS,c,PSB / PDT / PCDOB / PT / PV / PSOL / REDE,,13,PT,PARTIDO DOS TRABALHADORES,101,13,280002542548,LUIZ INÁCIO LULA DA SILVA,LULA,06/10/1945,2,Válido,nao,,6152,74.62,74.623968947,GERALDO JOSE RODRIGUES ALCKMIN FILHO,GERALDO ALCKMIN,PSB,v,,,,,04/10/2026 19:23:22,sim
1,04/10/2026,6257,Presidente,1,municipio,RN,17973,2409902,PENDÊNCIAS,,,,,DEMOCRACIA CRISTÃ,i,DC,0,27,DC,DEMOCRACIA CRISTÃ,,27,280002552484,CLARIANA ZACARKIM BARAO,CLARIANA BARAO,03/04/1987,9,Válido,nao,,2,0.02,0.024260068,FABIANA CRISTINA TAVARES TORQUATO,FABIANA TORQUATO,DC,v,,,,,04/10/2026 19:23:22,sim
1,04/10/2026,6257,Presidente,1,municipio,RN,17973,2409902,PENDÊNCIAS,,,,,PARTIDO COMUNISTA BRASILEIRO,i,PCB,0,21,PCB,PARTIDO COMUNISTA BRASILEIRO,,21,280002551975,EDMILSON SILVA COSTA,EDMILSON COSTA,08/04/1950,10,Válido,nao,,0,0.00,0,CLEUSA DOS SANTOS,CLEUSA SANTOS,PCB,v,,,,,04/10/2026 19:23:22,sim
1,04/10/2026,6257,Presidente,1,municipio,RN,17973,2409902,PENDÊNCIAS,,,,,PARTIDO SOCIALISTA  DOS TRABALHADORES UNIFICADO,i,PSTU,0,16,PSTU,PARTIDO SOCIALISTA  DOS TRABALHADORES UNIFICADO,,16,280002541457,HERTZ DA CONCEICAO DIAS,HERTZ DIAS,20/10/1970,8,Válido,nao,,2,0.02,0.024260068,VANESSA PORTUGAL BARBOSA,VANESSA PORTUGAL,PSTU,v,,,,,04/10/2026 19:23:22,sim
1,04/10/2026,6257,Presidente,1,municipio,RN,17973,2409902,PENDÊNCIAS,,,,,BRASIL DOS NOSSOS SONHOS,c,AGIR / AVANTE,,70,AVANTE,AVANTE,,70,280002551547,AUGUSTO JORGE CURY,ESCRITOR AUGUSTO CURY,02/10/1958,3,Válido,nao,,154,1.87,1.868025230,JULIO CESAR DELGADO,JÚLIO DELGADO,AVANTE,v,,,,,04/10/2026 19:23:22,sim
1,04/10/2026,6257,Presidente,1,municipio,RN,17973,2409902,PENDÊNCIAS,,,,,PARTIDO NOVO,i,NOVO,0,30,NOVO,PARTIDO NOVO,,30,280002539826,ROMEU ZEMA NETO,ZEMA,28/10/1964,6,Válido,nao,,2,0.02,0.024260068,LUIS EDUARDO GRANGEIRO GIRÃO,EDUARDO GIRÃO,NOVO,v,,,,,04/10/2026 19:23:22,sim
1,04/10/2026,6257,Presidente,1,municipio,RN,17973,2409902,PENDÊNCIAS,,,,,UNIDADE POPULAR,i,UP,0,80,UP,UNIDADE POPULAR,,80,280002538811,SAMARA MARTINS DA SILVA FEITOSA,SAMARA,31/08/1987,7,Válido,nao,,5,0.06,0.060650170,RAQUEL NONATO DE BRICIO,RAQUEL BRÍCIO,UP,v,,,,,04/10/2026 19:23:22,sim
1,04/10/2026,6257,Presidente,1,municipio,RN,17973,2409902,PENDÊNCIAS,,,,,DEMOCRATA,i,DEMOCRATA,0,35,DEMOCRATA,DEMOCRATA,,35,280002548139,WILSON GRASSI JUNIOR,VETERINÁRIO WILSON GRASSI,13/03/1970,11,Válido,nao,,1,0.01,0.012130034,SUÊD HAIDAR NOGUEIRA,SUÊD HAIDAR,DEMOCRATA,v,,,,,04/10/2026 19:23:22,sim
1,04/10/2026,6257,Presidente,1,municipio,RN,17973,2409902,PENDÊNCIAS,,,,,PARTIDO MISSÃO,i,MISSÃO,0,14,MISSÃO,PARTIDO MISSÃO,,14,280002540694,RENAN ANTONIO FERREIRA DOS SANTOS,RENAN SANTOS,14/02/1984,4,Válido,nao,,127,1.54,1.540514313,AROLDO MEDINA,CORONEL MEDINA,MISSÃO,v,,,,,04/10/2026 19:23:22,sim
1,04/10/2026,6257,Presidente,1,municipio,RN,17973,2409902,PENDÊNCIAS,,,,,PARTIDO DA CAUSA OPERÁRIA,i,PCO,0,29,PCO,PARTIDO DA CAUSA OPERÁRIA,,29,280002552487,RUI COSTA PIMENTA,RUI COSTA PIMENTA,25/06/1957,12,Válido,nao,,0,0.00,0,ANTONIO CARLOS SILVA,ANTÔNIO CARLOS,PCO,v,,,,,04/10/2026 19:23:22,sim
1,04/10/2026,6257,Presidente,1,municipio,RN,17990,2410009,PILÕES,,,,,PARTIDO LIBERAL,i,PL,0,22,PL,PARTIDO LIBERAL,,22,280002551544,FLAVIO NANTES BOLSONARO,FLAVIO BOLSONARO,30/04/1981,1,Válido,nao,,406,14.44,14.438122333,ALFREDO GASPAR DE MENDONÇA NETO,ALFREDO GASPAR,PL,v,,,,,04/10/2026 19:08:12,sim
1,04/10/2026,6257,Presidente,1,municipio,RN,17990,2410009,PILÕES,,,,,PARTIDO SOCIAL DEMOCRÁTICO,i,PSD,0,55,PSD,PARTIDO SOCIAL DEMOCRÁTICO,,55,280002551932,RONALDO RAMOS CAIADO,RONALDO CAIADO,25/09/1949,4,Válido,nao,,16,0.57,0.568990043,GILBERTO KASSAB,GILBERTO KASSAB,PSD,v,,,,,04/10/2026 19:08:12,sim
1,04/10/2026,6257,Presidente,1,municipio,RN,17990,2410009,PILÕES,,PT/PC do B/PV,FEDERAÇÃO BRASIL DA ESPERANÇA - FE BRASIL,PT/PC do B/PV,BRASIL PRONTO PRA MAIS,c,PSB / PDT / PCDOB / PT / PV / PSOL / REDE,,13,PT,PARTIDO DOS TRABALHADORES,101,13,280002542548,LUIZ INÁCIO LULA DA SILVA,LULA,06/10/1945,2,Válido,nao,,2330,82.86,82.859174964,GERALDO JOSE RODRIGUES ALCKMIN FILHO,GERALDO ALCKMIN,PSB,v,,,,,04/10/2026 19:08:12,sim
1,04/10/2026,6257,Presidente,1,municipio,RN,17990,2410009,PILÕES,,,,,DEMOCRACIA CRISTÃ,i,DC,0,27,DC,DEMOCRACIA CRISTÃ,,27,280002552484,CLARIANA ZACARKIM BARAO,CLARIANA BARAO,03/04/1987,9,Válido,nao,,1,0.04,0.035561878,FABIANA CRISTINA TAVARES TORQUATO,FABIANA TORQUATO,DC,v,,,,,04/10/2026 19:08:12,sim
1,04/10/2026,6257,Presidente,1,municipio,RN,17990,2410009,PILÕES,,,,,PARTIDO COMUNISTA BRASILEIRO,i,PCB,0,21,PCB,PARTIDO COMUNISTA BRASILEIRO,,21,280002551975,EDMILSON SILVA COSTA,EDMILSON COSTA,08/04/1950,10,Válido,nao,,0,0.00,0,CLEUSA DOS SANTOS,CLEUSA SANTOS,PCB,v,,,,,04/10/2026 19:08:12,sim
1,04/10/2026,6257,Presidente,1,municipio,RN,17990,2410009,PILÕES,,,,,PARTIDO SOCIALISTA  DOS TRABALHADORES UNIFICADO,i,PSTU,0,16,PSTU,PARTIDO SOCIALISTA  DOS TRABALHADORES UNIFICADO,,16,280002541457,HERTZ DA CONCEICAO DIAS,HERTZ DIAS,20/10/1970,8,Válido,nao,,0,0.00,0,VANESSA PORTUGAL BARBOSA,VANESSA PORTUGAL,PSTU,v,,,,,04/10/2026 19:08:12,sim
1,04/10/2026,6257,Presidente,1,municipio,RN,17990,2410009,PILÕES,,,,,BRASIL DOS NOSSOS SONHOS,c,AGIR / AVANTE,,70,AVANTE,AVANTE,,70,280002551547,AUGUSTO JORGE CURY,ESCRITOR AUGUSTO CURY,02/10/1958,3,Válido,nao,,27,0.96,0.960170697,JULIO CESAR DELGADO,JÚLIO DELGADO,AVANTE,v,,,,,04/10/2026 19:08:12,sim
1,04/10/2026,6257,Presidente,1,municipio,RN,17990,2410009,PILÕES,,,,,PARTIDO NOVO,i,NOVO,0,30,NOVO,PARTIDO NOVO,,30,280002539826,ROMEU ZEMA NETO,ZEMA,28/10/1964,6,Válido,nao,,1,0.04,0.035561878,LUIS EDUARDO GRANGEIRO GIRÃO,EDUARDO GIRÃO,NOVO,v,,,,,04/10/2026 19:08:12,sim
1,04/10/2026,6257,Presidente,1,municipio,RN,17990,2410009,PILÕES,,,,,UNIDADE POPULAR,i,UP,0,80,UP,UNIDADE POPULAR,,80,280002538811,SAMARA MARTINS DA SILVA FEITOSA,SAMARA,31/08/1987,7,Válido,nao,,0,0.00,0,RAQUEL NONATO DE BRICIO,RAQUEL BRÍCIO,UP,v,,,,,04/10/2026 19:08:12,sim
1,04/10/2026,6257,Presidente,1,municipio,RN,17990,2410009,PILÕES,,,,,DEMOCRATA,i,DEMOCRATA,0,35,DEMOCRATA,DEMOCRATA,,35,280002548139,WILSON GRASSI JUNIOR,VETERINÁRIO WILSON GRASSI,13/03/1970,11,Válido,nao,,0,0.00,0,SUÊD HAIDAR NOGUEIRA,SUÊD HAIDAR,DEMOCRATA,v,,,,,04/10/2026 19:08:12,sim
1,04/10/2026,6257,Presidente,1,municipio,RN,17990,2410009,PILÕES,,,,,PARTIDO MISSÃO,i,MISSÃO,0,14,MISSÃO,PARTIDO MISSÃO,,14,280002540694,RENAN ANTONIO FERREIRA DOS SANTOS,RENAN SANTOS,14/02/1984,5,Válido,nao,,31,1.10,1.102418208,AROLDO MEDINA,CORONEL MEDINA,MISSÃO,v,,,,,04/10/2026 19:08:12,sim
1,04/10/2026,6257,Presidente,1,municipio,RN,17990,2410009,PILÕES,,,,,PARTIDO DA CAUSA OPERÁRIA,i,PCO,0,29,PCO,PARTIDO DA CAUSA OPERÁRIA,,29,280002552487,RUI COSTA PIMENTA,RUI COSTA PIMENTA,25/06/1957,12,Válido,nao,,0,0.00,0,ANTONIO CARLOS SILVA,ANTÔNIO CARLOS,PCO,v,,,,,04/10/2026 19:08:12,sim
1,04/10/2026,6257,Presidente,1,municipio,RN,18015,2410108,POÇO BRANCO,,,,,PARTIDO LIBERAL,i,PL,0,22,PL,PARTIDO LIBERAL,,22,280002551544,FLAVIO NANTES BOLSONARO,FLAVIO BOLSONARO,30/04/1981,1,Válido,nao,,1756,19.23,19.226979087,ALFREDO GASPAR DE MENDONÇA NETO,ALFREDO GASPAR,PL,v,,,,,04/10/2026 20:04:51,sim
1,04/10/2026,6257,Presidente,1,municipio,RN,18015,2410108,POÇO BRANCO,,,,,PARTIDO SOCIAL DEMOCRÁTICO,i,PSD,0,55,PSD,PARTIDO SOCIAL DEMOCRÁTICO,,55,280002551932,RONALDO RAMOS CAIADO,RONALDO CAIADO,25/09/1949,5,Válido,nao,,47,0.51,0.514617322,GILBERTO KASSAB,GILBERTO KASSAB,PSD,v,,,,,04/10/2026 20:04:51,sim
1,04/10/2026,6257,Presidente,1,municipio,RN,18015,2410108,POÇO BRANCO,,PT/PC do B/PV,FEDERAÇÃO BRASIL DA ESPERANÇA - FE BRASIL,PT/PC do B/PV,BRASIL PRONTO PRA MAIS,c,PSB / PDT / PCDOB / PT / PV / PSOL / REDE,,13,PT,PARTIDO DOS TRABALHADORES,101,13,280002542548,LUIZ INÁCIO LULA DA SILVA,LULA,06/10/1945,2,Válido,nao,,7013,76.79,76.787473995,GERALDO JOSE RODRIGUES ALCKMIN FILHO,GERALDO ALCKMIN,PSB,v,,,,,04/10/2026 20:04:51,sim
1,04/10/2026,6257,Presidente,1,municipio,RN,18015,2410108,POÇO BRANCO,,,,,DEMOCRACIA CRISTÃ,i,DC,0,27,DC,DEMOCRACIA CRISTÃ,,27,280002552484,CLARIANA ZACARKIM BARAO,CLARIANA BARAO,03/04/1987,9,Válido,nao,,1,0.01,0.010949305,FABIANA CRISTINA TAVARES TORQUATO,FABIANA TORQUATO,DC,v,,,,,04/10/2026 20:04:51,sim
1,04/10/2026,6257,Presidente,1,municipio,RN,18015,2410108,POÇO BRANCO,,,,,PARTIDO COMUNISTA BRASILEIRO,i,PCB,0,21,PCB,PARTIDO COMUNISTA BRASILEIRO,,21,280002551975,EDMILSON SILVA COSTA,EDMILSON COSTA,08/04/1950,10,Válido,nao,,1,0.01,0.010949305,CLEUSA DOS SANTOS,CLEUSA SANTOS,PCB,v,,,,,04/10/2026 20:04:51,sim
1,04/10/2026,6257,Presidente,1,municipio,RN,18015,2410108,POÇO BRANCO,,,,,PARTIDO SOCIALISTA  DOS TRABALHADORES UNIFICADO,i,PSTU,0,16,PSTU,PARTIDO SOCIALISTA  DOS TRABALHADORES UNIFICADO,,16,280002541457,HERTZ DA CONCEICAO DIAS,HERTZ DIAS,20/10/1970,8,Válido,nao,,1,0.01,0.010949305,VANESSA PORTUGAL BARBOSA,VANESSA PORTUGAL,PSTU,v,,,,,04/10/2026 20:04:51,sim
1,04/10/2026,6257,Presidente,1,municipio,RN,18015,2410108,POÇO BRANCO,,,,,BRASIL DOS NOSSOS SONHOS,c,AGIR / AVANTE,,70,AVANTE,AVANTE,,70,280002551547,AUGUSTO JORGE CURY,ESCRITOR AUGUSTO CURY,02/10/1958,3,Válido,nao,,195,2.14,2.135114420,JULIO CESAR DELGADO,JÚLIO DELGADO,AVANTE,v,,,,,04/10/2026 20:04:51,sim
1,04/10/2026,6257,Presidente,1,municipio,RN,18015,2410108,POÇO BRANCO,,,,,PARTIDO NOVO,i,NOVO,0,30,NOVO,PARTIDO NOVO,,30,280002539826,ROMEU ZEMA NETO,ZEMA,28/10/1964,6,Válido,nao,,3,0.03,0.032847914,LUIS EDUARDO GRANGEIRO GIRÃO,EDUARDO GIRÃO,NOVO,v,,,,,04/10/2026 20:04:51,sim
1,04/10/2026,6257,Presidente,1,municipio,RN,18015,2410108,POÇO BRANCO,,,,,UNIDADE POPULAR,i,UP,0,80,UP,UNIDADE POPULAR,,80,280002538811,SAMARA MARTINS DA SILVA FEITOSA,SAMARA,31/08/1987,7,Válido,nao,,5,0.05,0.054746524,RAQUEL NONATO DE BRICIO,RAQUEL BRÍCIO,UP,v,,,,,04/10/2026 20:04:51,sim
1,04/10/2026,6257,Presidente,1,municipio,RN,18015,2410108,POÇO BRANCO,,,,,DEMOCRATA,i,DEMOCRATA,0,35,DEMOCRATA,DEMOCRATA,,35,280002548139,WILSON GRASSI JUNIOR,VETERINÁRIO WILSON GRASSI,13/03/1970,11,Válido,nao,,2,0.02,0.021898609,SUÊD HAIDAR NOGUEIRA,SUÊD HAIDAR,DEMOCRATA,v,,,,,04/10/2026 20:04:51,sim
1,04/10/2026,6257,Presidente,1,municipio,RN,18015,2410108,POÇO BRANCO,,,,,PARTIDO MISSÃO,i,MISSÃO,0,14,MISSÃO,PARTIDO MISSÃO,,14,280002540694,RENAN ANTONIO FERREIRA DOS SANTOS,RENAN SANTOS,14/02/1984,4,Válido,nao,,109,1.19,1.193474214,AROLDO MEDINA,CORONEL MEDINA,MISSÃO,v,,,,,04/10/2026 20:04:51,sim
1,04/10/2026,6257,Presidente,1,municipio,RN,18015,2410108,POÇO BRANCO,,,,,PARTIDO DA CAUSA OPERÁRIA,i,PCO,0,29,PCO,PARTIDO DA CAUSA OPERÁRIA,,29,280002552487,RUI COSTA PIMENTA,RUI COSTA PIMENTA,25/06/1957,12,Válido,nao,,0,0.00,0,ANTONIO CARLOS SILVA,ANTÔNIO CARLOS,PCO,v,,,,,04/10/2026 20:04:51,sim
1,04/10/2026,6257,Presidente,1,municipio,RN,18031,2410207,PORTALEGRE,,,,,PARTIDO LIBERAL,i,PL,0,22,PL,PARTIDO LIBERAL,,22,280002551544,FLAVIO NANTES BOLSONARO,FLAVIO BOLSONARO,30/04/1981,1,Válido,nao,,1768,33.42,33.421550095,ALFREDO GASPAR DE MENDONÇA NETO,ALFREDO GASPAR,PL,v,,,,,04/10/2026 20:49:31,sim
1,04/10/2026,6257,Presidente,1,municipio,RN,18031,2410207,PORTALEGRE,,,,,PARTIDO SOCIAL DEMOCRÁTICO,i,PSD,0,55,PSD,PARTIDO SOCIAL DEMOCRÁTICO,,55,280002551932,RONALDO RAMOS CAIADO,RONALDO CAIADO,25/09/1949,5,Válido,nao,,46,0.87,0.869565217,GILBERTO KASSAB,GILBERTO KASSAB,PSD,v,,,,,04/10/2026 20:49:31,sim
1,04/10/2026,6257,Presidente,1,municipio,RN,18031,2410207,PORTALEGRE,,PT/PC do B/PV,FEDERAÇÃO BRASIL DA ESPERANÇA - FE BRASIL,PT/PC do B/PV,BRASIL PRONTO PRA MAIS,c,PSB / PDT / PCDOB / PT / PV / PSOL / REDE,,13,PT,PARTIDO DOS TRABALHADORES,101,13,280002542548,LUIZ INÁCIO LULA DA SILVA,LULA,06/10/1945,2,Válido,nao,,3291,62.21,62.211720227,GERALDO JOSE RODRIGUES ALCKMIN FILHO,GERALDO ALCKMIN,PSB,v,,,,,04/10/2026 20:49:31,sim
1,04/10/2026,6257,Presidente,1,municipio,RN,18031,2410207,PORTALEGRE,,,,,PARTIDO SOCIALISTA  DOS TRABALHADORES UNIFICADO,i,PSTU,0,16,PSTU,PARTIDO SOCIALISTA  DOS TRABALHADORES UNIFICADO,,16,280002541457,HERTZ DA CONCEICAO DIAS,HERTZ DIAS,20/10/1970,8,Válido,nao,,0,0.00,0,VANESSA PORTUGAL BARBOSA,VANESSA PORTUGAL,PSTU,v,,,,,04/10/2026 20:49:31,sim
1,04/10/2026,6257,Presidente,1,municipio,RN,18031,2410207,PORTALEGRE,,,,,PARTIDO COMUNISTA BRASILEIRO,i,PCB,0,21,PCB,PARTIDO COMUNISTA BRASILEIRO,,21,280002551975,EDMILSON SILVA COSTA,EDMILSON COSTA,08/04/1950,10,Válido,nao,,1,0.02,0.018903592,CLEUSA DOS SANTOS,CLEUSA SANTOS,PCB,v,,,,,04/10/2026 20:49:31,sim
1,04/10/2026,6257,Presidente,1,municipio,RN,18031,2410207,PORTALEGRE,,,,,DEMOCRACIA CRISTÃ,i,DC,0,27,DC,DEMOCRACIA CRISTÃ,,27,280002552484,CLARIANA ZACARKIM BARAO,CLARIANA BARAO,03/04/1987,9,Válido,nao,,0,0.00,0,FABIANA CRISTINA TAVARES TORQUATO,FABIANA TORQUATO,DC,v,,,,,04/10/2026 20:49:31,sim
1,04/10/2026,6257,Presidente,1,municipio,RN,18031,2410207,PORTALEGRE,,,,,PARTIDO NOVO,i,NOVO,0,30,NOVO,PARTIDO NOVO,,30,280002539826,ROMEU ZEMA NETO,ZEMA,28/10/1964,6,Válido,nao,,9,0.17,0.170132325,LUIS EDUARDO GRANGEIRO GIRÃO,EDUARDO GIRÃO,NOVO,v,,,,,04/10/2026 20:49:31,sim
1,04/10/2026,6257,Presidente,1,municipio,RN,18031,2410207,PORTALEGRE,,,,,BRASIL DOS NOSSOS SONHOS,c,AGIR / AVANTE,,70,AVANTE,AVANTE,,70,280002551547,AUGUSTO JORGE CURY,ESCRITOR AUGUSTO CURY,02/10/1958,3,Válido,nao,,113,2.14,2.136105860,JULIO CESAR DELGADO,JÚLIO DELGADO,AVANTE,v,,,,,04/10/2026 20:49:31,sim
1,04/10/2026,6257,Presidente,1,municipio,RN,18031,2410207,PORTALEGRE,,,,,DEMOCRATA,i,DEMOCRATA,0,35,DEMOCRATA,DEMOCRATA,,35,280002548139,WILSON GRASSI JUNIOR,VETERINÁRIO WILSON GRASSI,13/03/1970,11,Válido,nao,,0,0.00,0,SUÊD HAIDAR NOGUEIRA,SUÊD HAIDAR,DEMOCRATA,v,,,,,04/10/2026 20:49:31,sim
1,04/10/2026,6257,Presidente,1,municipio,RN,18031,2410207,PORTALEGRE,,,,,UNIDADE POPULAR,i,UP,0,80,UP,UNIDADE POPULAR,,80,280002538811,SAMARA MARTINS DA SILVA FEITOSA,SAMARA,31/08/1987,7,Válido,nao,,3,0.06,0.056710775,RAQUEL NONATO DE BRICIO,RAQUEL BRÍCIO,UP,v,,,,,04/10/2026 20:49:31,sim
1,04/10/2026,6257,Presidente,1,municipio,RN,18031,2410207,PORTALEGRE,,,,,PARTIDO MISSÃO,i,MISSÃO,0,14,MISSÃO,PARTIDO MISSÃO,,14,280002540694,RENAN ANTONIO FERREIRA DOS SANTOS,RENAN SANTOS,14/02/1984,4,Válido,nao,,59,1.12,1.115311909,AROLDO MEDINA,CORONEL MEDINA,MISSÃO,v,,,,,04/10/2026 20:49:31,sim
1,04/10/2026,6257,Presidente,1,municipio,RN,18031,2410207,PORTALEGRE,,,,,PARTIDO DA CAUSA OPERÁRIA,i,PCO,0,29,PCO,PARTIDO DA CAUSA OPERÁRIA,,29,280002552487,RUI COSTA PIMENTA,RUI COSTA PIMENTA,25/06/1957,12,Válido,nao,,0,0.00,0,ANTONIO CARLOS SILVA,ANTÔNIO CARLOS,PCO,v,,,,,04/10/2026 20:49:31,sim
1,04/10/2026,6257,Presidente,1,municipio,RN,18058,2410306,SERRA CAIADA,,,,,PARTIDO LIBERAL,i,PL,0,22,PL,PARTIDO LIBERAL,,22,280002551544,FLAVIO NANTES BOLSONARO,FLAVIO BOLSONARO,30/04/1981,1,Válido,nao,,2083,29.76,29.761394485,ALFREDO GASPAR DE MENDONÇA NETO,ALFREDO GASPAR,PL,v,,,,,04/10/2026 20:14:12,sim
1,04/10/2026,6257,Presidente,1,municipio,RN,18058,2410306,SERRA CAIADA,,,,,PARTIDO SOCIAL DEMOCRÁTICO,i,PSD,0,55,PSD,PARTIDO SOCIAL DEMOCRÁTICO,,55,280002551932,RONALDO RAMOS CAIADO,RONALDO CAIADO,25/09/1949,5,Válido,nao,,36,0.51,0.514359194,GILBERTO KASSAB,GILBERTO KASSAB,PSD,v,,,,,04/10/2026 20:14:12,sim
1,04/10/2026,6257,Presidente,1,municipio,RN,18058,2410306,SERRA CAIADA,,PT/PC do B/PV,FEDERAÇÃO BRASIL DA ESPERANÇA - FE BRASIL,PT/PC do B/PV,BRASIL PRONTO PRA MAIS,c,PSB / PDT / PCDOB / PT / PV / PSOL / REDE,,13,PT,PARTIDO DOS TRABALHADORES,101,13,280002542548,LUIZ INÁCIO LULA DA SILVA,LULA,06/10/1945,2,Válido,nao,,4688,66.98,66.980997285,GERALDO JOSE RODRIGUES ALCKMIN FILHO,GERALDO ALCKMIN,PSB,v,,,,,04/10/2026 20:14:12,sim
1,04/10/2026,6257,Presidente,1,municipio,RN,18058,2410306,SERRA CAIADA,,,,,DEMOCRACIA CRISTÃ,i,DC,0,27,DC,DEMOCRACIA CRISTÃ,,27,280002552484,CLARIANA ZACARKIM BARAO,CLARIANA BARAO,03/04/1987,9,Válido,nao,,0,0.00,0,FABIANA CRISTINA TAVARES TORQUATO,FABIANA TORQUATO,DC,v,,,,,04/10/2026 20:14:12,sim
1,04/10/2026,6257,Presidente,1,municipio,RN,18058,2410306,SERRA CAIADA,,,,,PARTIDO COMUNISTA BRASILEIRO,i,PCB,0,21,PCB,PARTIDO COMUNISTA BRASILEIRO,,21,280002551975,EDMILSON SILVA COSTA,EDMILSON COSTA,08/04/1950,10,Válido,nao,,0,0.00,0,CLEUSA DOS SANTOS,CLEUSA SANTOS,PCB,v,,,,,04/10/2026 20:14:12,sim
1,04/10/2026,6257,Presidente,1,municipio,RN,18058,2410306,SERRA CAIADA,,,,,PARTIDO SOCIALISTA  DOS TRABALHADORES UNIFICADO,i,PSTU,0,16,PSTU,PARTIDO SOCIALISTA  DOS TRABALHADORES UNIFICADO,,16,280002541457,HERTZ DA CONCEICAO DIAS,HERTZ DIAS,20/10/1970,8,Válido,nao,,2,0.03,0.028575511,VANESSA PORTUGAL BARBOSA,VANESSA PORTUGAL,PSTU,v,,,,,04/10/2026 20:14:12,sim
1,04/10/2026,6257,Presidente,1,municipio,RN,18058,2410306,SERRA CAIADA,,,,,BRASIL DOS NOSSOS SONHOS,c,AGIR / AVANTE,,70,AVANTE,AVANTE,,70,280002551547,AUGUSTO JORGE CURY,ESCRITOR AUGUSTO CURY,02/10/1958,3,Válido,nao,,131,1.87,1.871695957,JULIO CESAR DELGADO,JÚLIO DELGADO,AVANTE,v,,,,,04/10/2026 20:14:12,sim
1,04/10/2026,6257,Presidente,1,municipio,RN,18058,2410306,SERRA CAIADA,,,,,PARTIDO NOVO,i,NOVO,0,30,NOVO,PARTIDO NOVO,,30,280002539826,ROMEU ZEMA NETO,ZEMA,28/10/1964,6,Válido,nao,,0,0.00,0,LUIS EDUARDO GRANGEIRO GIRÃO,EDUARDO GIRÃO,NOVO,v,,,,,04/10/2026 20:14:12,sim
1,04/10/2026,6257,Presidente,1,municipio,RN,18058,2410306,SERRA CAIADA,,,,,UNIDADE POPULAR,i,UP,0,80,UP,UNIDADE POPULAR,,80,280002538811,SAMARA MARTINS DA SILVA FEITOSA,SAMARA,31/08/1987,7,Válido,nao,,0,0.00,0,RAQUEL NONATO DE BRICIO,RAQUEL BRÍCIO,UP,v,,,,,04/10/2026 20:14:12,sim
1,04/10/2026,6257,Presidente,1,municipio,RN,18058,2410306,SERRA CAIADA,,,,,DEMOCRATA,i,DEMOCRATA,0,35,DEMOCRATA,DEMOCRATA,,35,280002548139,WILSON GRASSI JUNIOR,VETERINÁRIO WILSON GRASSI,13/03/1970,11,Válido,nao,,2,0.03,0.028575511,SUÊD HAIDAR NOGUEIRA,SUÊD HAIDAR,DEMOCRATA,v,,,,,04/10/2026 20:14:12,sim
1,04/10/2026,6257,Presidente,1,municipio,RN,18058,2410306,SERRA CAIADA,,,,,PARTIDO MISSÃO,i,MISSÃO,0,14,MISSÃO,PARTIDO MISSÃO,,14,280002540694,RENAN ANTONIO FERREIRA DOS SANTOS,RENAN SANTOS,14/02/1984,4,Válido,nao,,57,0.81,0.814402057,AROLDO MEDINA,CORONEL MEDINA,MISSÃO,v,,,,,04/10/2026 20:14:12,sim
1,04/10/2026,6257,Presidente,1,municipio,RN,18058,2410306,SERRA CAIADA,,,,,PARTIDO DA CAUSA OPERÁRIA,i,PCO,0,29,PCO,PARTIDO DA CAUSA OPERÁRIA,,29,280002552487,RUI COSTA PIMENTA,RUI COSTA PIMENTA,25/06/1957,12,Válido,nao,,0,0.00,0,ANTONIO CARLOS SILVA,ANTÔNIO CARLOS,PCO,v,,,,,04/10/2026 20:14:12,sim
1,04/10/2026,6257,Presidente,1,municipio,RN,18074,2410405,PUREZA,,,,,PARTIDO LIBERAL,i,PL,0,22,PL,PARTIDO LIBERAL,,22,280002551544,FLAVIO NANTES BOLSONARO,FLAVIO BOLSONARO,30/04/1981,1,Válido,nao,,1690,25.31,25.314559617,ALFREDO GASPAR DE MENDONÇA NETO,ALFREDO GASPAR,PL,v,,,,,04/10/2026 19:23:33,sim
1,04/10/2026,6257,Presidente,1,municipio,RN,18074,2410405,PUREZA,,,,,PARTIDO SOCIAL DEMOCRÁTICO,i,PSD,0,55,PSD,PARTIDO SOCIAL DEMOCRÁTICO,,55,280002551932,RONALDO RAMOS CAIADO,RONALDO CAIADO,25/09/1949,5,Válido,nao,,31,0.46,0.464349910,GILBERTO KASSAB,GILBERTO KASSAB,PSD,v,,,,,04/10/2026 19:23:33,sim
1,04/10/2026,6257,Presidente,1,municipio,RN,18074,2410405,PUREZA,,PT/PC do B/PV,FEDERAÇÃO BRASIL DA ESPERANÇA - FE BRASIL,PT/PC do B/PV,BRASIL PRONTO PRA MAIS,c,PSB / PDT / PCDOB / PT / PV / PSOL / REDE,,13,PT,PARTIDO DOS TRABALHADORES,101,13,280002542548,LUIZ INÁCIO LULA DA SILVA,LULA,06/10/1945,2,Válido,nao,,4754,71.21,71.210305572,GERALDO JOSE RODRIGUES ALCKMIN FILHO,GERALDO ALCKMIN,PSB,v,,,,,04/10/2026 19:23:33,sim
1,04/10/2026,6257,Presidente,1,municipio,RN,18074,2410405,PUREZA,,,,,DEMOCRACIA CRISTÃ,i,DC,0,27,DC,DEMOCRACIA CRISTÃ,,27,280002552484,CLARIANA ZACARKIM BARAO,CLARIANA BARAO,03/04/1987,9,Válido,nao,,1,0.01,0.014979029,FABIANA CRISTINA TAVARES TORQUATO,FABIANA TORQUATO,DC,v,,,,,04/10/2026 19:23:33,sim
1,04/10/2026,6257,Presidente,1,municipio,RN,18074,2410405,PUREZA,,,,,PARTIDO COMUNISTA BRASILEIRO,i,PCB,0,21,PCB,PARTIDO COMUNISTA BRASILEIRO,,21,280002551975,EDMILSON SILVA COSTA,EDMILSON COSTA,08/04/1950,10,Válido,nao,,1,0.01,0.014979029,CLEUSA DOS SANTOS,CLEUSA SANTOS,PCB,v,,,,,04/10/2026 19:23:33,sim
1,04/10/2026,6257,Presidente,1,municipio,RN,18074,2410405,PUREZA,,,,,PARTIDO SOCIALISTA  DOS TRABALHADORES UNIFICADO,i,PSTU,0,16,PSTU,PARTIDO SOCIALISTA  DOS TRABALHADORES UNIFICADO,,16,280002541457,HERTZ DA CONCEICAO DIAS,HERTZ DIAS,20/10/1970,8,Válido,nao,,1,0.01,0.014979029,VANESSA PORTUGAL BARBOSA,VANESSA PORTUGAL,PSTU,v,,,,,04/10/2026 19:23:33,sim
1,04/10/2026,6257,Presidente,1,municipio,RN,18074,2410405,PUREZA,,,,,BRASIL DOS NOSSOS SONHOS,c,AGIR / AVANTE,,70,AVANTE,AVANTE,,70,280002551547,AUGUSTO JORGE CURY,ESCRITOR AUGUSTO CURY,02/10/1958,3,Válido,nao,,131,1.96,1.962252846,JULIO CESAR DELGADO,JÚLIO DELGADO,AVANTE,v,,,,,04/10/2026 19:23:33,sim
1,04/10/2026,6257,Presidente,1,municipio,RN,18074,2410405,PUREZA,,,,,PARTIDO NOVO,i,NOVO,0,30,NOVO,PARTIDO NOVO,,30,280002539826,ROMEU ZEMA NETO,ZEMA,28/10/1964,6,Válido,nao,,1,0.01,0.014979029,LUIS EDUARDO GRANGEIRO GIRÃO,EDUARDO GIRÃO,NOVO,v,,,,,04/10/2026 19:23:33,sim
1,04/10/2026,6257,Presidente,1,municipio,RN,18074,2410405,PUREZA,,,,,UNIDADE POPULAR,i,UP,0,80,UP,UNIDADE POPULAR,,80,280002538811,SAMARA MARTINS DA SILVA FEITOSA,SAMARA,31/08/1987,7,Válido,nao,,0,0.00,0,RAQUEL NONATO DE BRICIO,RAQUEL BRÍCIO,UP,v,,,,,04/10/2026 19:23:33,sim
1,04/10/2026,6257,Presidente,1,municipio,RN,18074,2410405,PUREZA,,,,,DEMOCRATA,i,DEMOCRATA,0,35,DEMOCRATA,DEMOCRATA,,35,280002548139,WILSON GRASSI JUNIOR,VETERINÁRIO WILSON GRASSI,13/03/1970,11,Válido,nao,,0,0.00,0,SUÊD HAIDAR NOGUEIRA,SUÊD HAIDAR,DEMOCRATA,v,,,,,04/10/2026 19:23:33,sim
1,04/10/2026,6257,Presidente,1,municipio,RN,18074,2410405,PUREZA,,,,,PARTIDO MISSÃO,i,MISSÃO,0,14,MISSÃO,PARTIDO MISSÃO,,14,280002540694,RENAN ANTONIO FERREIRA DOS SANTOS,RENAN SANTOS,14/02/1984,4,Válido,nao,,66,0.99,0.988615938,AROLDO MEDINA,CORONEL MEDINA,MISSÃO,v,,,,,04/10/2026 19:23:33,sim
1,04/10/2026,6257,Presidente,1,municipio,RN,18074,2410405,PUREZA,,,,,PARTIDO DA CAUSA OPERÁRIA,i,PCO,0,29,PCO,PARTIDO DA CAUSA OPERÁRIA,,29,280002552487,RUI COSTA PIMENTA,RUI COSTA PIMENTA,25/06/1957,12,Válido,nao,,0,0.00,0,ANTONIO CARLOS SILVA,ANTÔNIO CARLOS,PCO,v,,,,,04/10/2026 19:23:33,sim
1,04/10/2026,6257,Presidente,1,municipio,RN,18090,2410504,RAFAEL FERNANDES,,,,,PARTIDO LIBERAL,i,PL,0,22,PL,PARTIDO LIBERAL,,22,280002551544,FLAVIO NANTES BOLSONARO,FLAVIO BOLSONARO,30/04/1981,1,Válido,nao,,744,19.03,19.028132992,ALFREDO GASPAR DE MENDONÇA NETO,ALFREDO GASPAR,PL,v,,,,,04/10/2026 20:14:28,sim
1,04/10/2026,6257,Presidente,1,municipio,RN,18090,2410504,RAFAEL FERNANDES,,,,,PARTIDO SOCIAL DEMOCRÁTICO,i,PSD,0,55,PSD,PARTIDO SOCIAL DEMOCRÁTICO,,55,280002551932,RONALDO RAMOS CAIADO,RONALDO CAIADO,25/09/1949,5,Válido,nao,,9,0.23,0.230179028,GILBERTO KASSAB,GILBERTO KASSAB,PSD,v,,,,,04/10/2026 20:14:28,sim
1,04/10/2026,6257,Presidente,1,municipio,RN,18090,2410504,RAFAEL FERNANDES,,PT/PC do B/PV,FEDERAÇÃO BRASIL DA ESPERANÇA - FE BRASIL,PT/PC do B/PV,BRASIL PRONTO PRA MAIS,c,PSB / PDT / PCDOB / PT / PV / PSOL / REDE,,13,PT,PARTIDO DOS TRABALHADORES,101,13,280002542548,LUIZ INÁCIO LULA DA SILVA,LULA,06/10/1945,2,Válido,nao,,3032,77.54,77.544757033,GERALDO JOSE RODRIGUES ALCKMIN FILHO,GERALDO ALCKMIN,PSB,v,,,,,04/10/2026 20:14:28,sim
1,04/10/2026,6257,Presidente,1,municipio,RN,18090,2410504,RAFAEL FERNANDES,,,,,DEMOCRACIA CRISTÃ,i,DC,0,27,DC,DEMOCRACIA CRISTÃ,,27,280002552484,CLARIANA ZACARKIM BARAO,CLARIANA BARAO,03/04/1987,9,Válido,nao,,0,0.00,0,FABIANA CRISTINA TAVARES TORQUATO,FABIANA TORQUATO,DC,v,,,,,04/10/2026 20:14:28,sim
1,04/10/2026,6257,Presidente,1,municipio,RN,18090,2410504,RAFAEL FERNANDES,,,,,PARTIDO COMUNISTA BRASILEIRO,i,PCB,0,21,PCB,PARTIDO COMUNISTA BRASILEIRO,,21,280002551975,EDMILSON SILVA COSTA,EDMILSON COSTA,08/04/1950,10,Válido,nao,,0,0.00,0,CLEUSA DOS SANTOS,CLEUSA SANTOS,PCB,v,,,,,04/10/2026 20:14:28,sim
1,04/10/2026,6257,Presidente,1,municipio,RN,18090,2410504,RAFAEL FERNANDES,,,,,PARTIDO SOCIALISTA  DOS TRABALHADORES UNIFICADO,i,PSTU,0,16,PSTU,PARTIDO SOCIALISTA  DOS TRABALHADORES UNIFICADO,,16,280002541457,HERTZ DA CONCEICAO DIAS,HERTZ DIAS,20/10/1970,8,Válido,nao,,1,0.03,0.025575448,VANESSA PORTUGAL BARBOSA,VANESSA PORTUGAL,PSTU,v,,,,,04/10/2026 20:14:28,sim
1,04/10/2026,6257,Presidente,1,municipio,RN,18090,2410504,RAFAEL FERNANDES,,,,,BRASIL DOS NOSSOS SONHOS,c,AGIR / AVANTE,,70,AVANTE,AVANTE,,70,280002551547,AUGUSTO JORGE CURY,ESCRITOR AUGUSTO CURY,02/10/1958,3,Válido,nao,,53,1.36,1.355498721,JULIO CESAR DELGADO,JÚLIO DELGADO,AVANTE,v,,,,,04/10/2026 20:14:28,sim
1,04/10/2026,6257,Presidente,1,municipio,RN,18090,2410504,RAFAEL FERNANDES,,,,,PARTIDO NOVO,i,NOVO,0,30,NOVO,PARTIDO NOVO,,30,280002539826,ROMEU ZEMA NETO,ZEMA,28/10/1964,6,Válido,nao,,1,0.03,0.025575448,LUIS EDUARDO GRANGEIRO GIRÃO,EDUARDO GIRÃO,NOVO,v,,,,,04/10/2026 20:14:28,sim
1,04/10/2026,6257,Presidente,1,municipio,RN,18090,2410504,RAFAEL FERNANDES,,,,,UNIDADE POPULAR,i,UP,0,80,UP,UNIDADE POPULAR,,80,280002538811,SAMARA MARTINS DA SILVA FEITOSA,SAMARA,31/08/1987,7,Válido,nao,,0,0.00,0,RAQUEL NONATO DE BRICIO,RAQUEL BRÍCIO,UP,v,,,,,04/10/2026 20:14:28,sim
1,04/10/2026,6257,Presidente,1,municipio,RN,18090,2410504,RAFAEL FERNANDES,,,,,DEMOCRATA,i,DEMOCRATA,0,35,DEMOCRATA,DEMOCRATA,,35,280002548139,WILSON GRASSI JUNIOR,VETERINÁRIO WILSON GRASSI,13/03/1970,11,Válido,nao,,0,0.00,0,SUÊD HAIDAR NOGUEIRA,SUÊD HAIDAR,DEMOCRATA,v,,,,,04/10/2026 20:14:28,sim
1,04/10/2026,6257,Presidente,1,municipio,RN,18090,2410504,RAFAEL FERNANDES,,,,,PARTIDO MISSÃO,i,MISSÃO,0,14,MISSÃO,PARTIDO MISSÃO,,14,280002540694,RENAN ANTONIO FERREIRA DOS SANTOS,RENAN SANTOS,14/02/1984,4,Válido,nao,,69,1.76,1.764705882,AROLDO MEDINA,CORONEL MEDINA,MISSÃO,v,,,,,04/10/2026 20:14:28,sim
1,04/10/2026,6257,Presidente,1,municipio,RN,18090,2410504,RAFAEL FERNANDES,,,,,PARTIDO DA CAUSA OPERÁRIA,i,PCO,0,29,PCO,PARTIDO DA CAUSA OPERÁRIA,,29,280002552487,RUI COSTA PIMENTA,RUI COSTA PIMENTA,25/06/1957,12,Válido,nao,,1,0.03,0.025575448,ANTONIO CARLOS SILVA,ANTÔNIO CARLOS,PCO,v,,,,,04/10/2026 20:14:28,sim
1,04/10/2026,6257,Presidente,1,municipio,RN,18112,2410702,RIACHO DA CRUZ,,,,,PARTIDO LIBERAL,i,PL,0,22,PL,PARTIDO LIBERAL,,22,280002551544,FLAVIO NANTES BOLSONARO,FLAVIO BOLSONARO,30/04/1981,1,Válido,nao,,499,21.91,21.905179982,ALFREDO GASPAR DE MENDONÇA NETO,ALFREDO GASPAR,PL,v,,,,,04/10/2026 20:33:31,sim
1,04/10/2026,6257,Presidente,1,municipio,RN,18112,2410702,RIACHO DA CRUZ,,,,,PARTIDO SOCIAL DEMOCRÁTICO,i,PSD,0,55,PSD,PARTIDO SOCIAL DEMOCRÁTICO,,55,280002551932,RONALDO RAMOS CAIADO,RONALDO CAIADO,25/09/1949,5,Válido,nao,,15,0.66,0.658472344,GILBERTO KASSAB,GILBERTO KASSAB,PSD,v,,,,,04/10/2026 20:33:31,sim
1,04/10/2026,6257,Presidente,1,municipio,RN,18112,2410702,RIACHO DA CRUZ,,PT/PC do B/PV,FEDERAÇÃO BRASIL DA ESPERANÇA - FE BRASIL,PT/PC do B/PV,BRASIL PRONTO PRA MAIS,c,PSB / PDT / PCDOB / PT / PV / PSOL / REDE,,13,PT,PARTIDO DOS TRABALHADORES,101,13,280002542548,LUIZ INÁCIO LULA DA SILVA,LULA,06/10/1945,2,Válido,nao,,1712,75.15,75.153643547,GERALDO JOSE RODRIGUES ALCKMIN FILHO,GERALDO ALCKMIN,PSB,v,,,,,04/10/2026 20:33:31,sim
1,04/10/2026,6257,Presidente,1,municipio,RN,18112,2410702,RIACHO DA CRUZ,,,,,DEMOCRACIA CRISTÃ,i,DC,0,27,DC,DEMOCRACIA CRISTÃ,,27,280002552484,CLARIANA ZACARKIM BARAO,CLARIANA BARAO,03/04/1987,9,Válido,nao,,0,0.00,0,FABIANA CRISTINA TAVARES TORQUATO,FABIANA TORQUATO,DC,v,,,,,04/10/2026 20:33:31,sim
1,04/10/2026,6257,Presidente,1,municipio,RN,18112,2410702,RIACHO DA CRUZ,,,,,PARTIDO COMUNISTA BRASILEIRO,i,PCB,0,21,PCB,PARTIDO COMUNISTA BRASILEIRO,,21,280002551975,EDMILSON SILVA COSTA,EDMILSON COSTA,08/04/1950,10,Válido,nao,,1,0.04,0.043898156,CLEUSA DOS SANTOS,CLEUSA SANTOS,PCB,v,,,,,04/10/2026 20:33:31,sim
1,04/10/2026,6257,Presidente,1,municipio,RN,18112,2410702,RIACHO DA CRUZ,,,,,PARTIDO SOCIALISTA  DOS TRABALHADORES UNIFICADO,i,PSTU,0,16,PSTU,PARTIDO SOCIALISTA  DOS TRABALHADORES UNIFICADO,,16,280002541457,HERTZ DA CONCEICAO DIAS,HERTZ DIAS,20/10/1970,8,Válido,nao,,0,0.00,0,VANESSA PORTUGAL BARBOSA,VANESSA PORTUGAL,PSTU,v,,,,,04/10/2026 20:33:31,sim
1,04/10/2026,6257,Presidente,1,municipio,RN,18112,2410702,RIACHO DA CRUZ,,,,,BRASIL DOS NOSSOS SONHOS,c,AGIR / AVANTE,,70,AVANTE,AVANTE,,70,280002551547,AUGUSTO JORGE CURY,ESCRITOR AUGUSTO CURY,02/10/1958,3,Válido,nao,,29,1.27,1.273046532,JULIO CESAR DELGADO,JÚLIO DELGADO,AVANTE,v,,,,,04/10/2026 20:33:31,sim
1,04/10/2026,6257,Presidente,1,municipio,RN,18112,2410702,RIACHO DA CRUZ,,,,,PARTIDO NOVO,i,NOVO,0,30,NOVO,PARTIDO NOVO,,30,280002539826,ROMEU ZEMA NETO,ZEMA,28/10/1964,6,Válido,nao,,0,0.00,0,LUIS EDUARDO GRANGEIRO GIRÃO,EDUARDO GIRÃO,NOVO,v,,,,,04/10/2026 20:33:31,sim
1,04/10/2026,6257,Presidente,1,municipio,RN,18112,2410702,RIACHO DA CRUZ,,,,,UNIDADE POPULAR,i,UP,0,80,UP,UNIDADE POPULAR,,80,280002538811,SAMARA MARTINS DA SILVA FEITOSA,SAMARA,31/08/1987,7,Válido,nao,,0,0.00,0,RAQUEL NONATO DE BRICIO,RAQUEL BRÍCIO,UP,v,,,,,04/10/2026 20:33:31,sim
1,04/10/2026,6257,Presidente,1,municipio,RN,18112,2410702,RIACHO DA CRUZ,,,,,DEMOCRATA,i,DEMOCRATA,0,35,DEMOCRATA,DEMOCRATA,,35,280002548139,WILSON GRASSI JUNIOR,VETERINÁRIO WILSON GRASSI,13/03/1970,11,Válido,nao,,0,0.00,0,SUÊD HAIDAR NOGUEIRA,SUÊD HAIDAR,DEMOCRATA,v,,,,,04/10/2026 20:33:31,sim
1,04/10/2026,6257,Presidente,1,municipio,RN,18112,2410702,RIACHO DA CRUZ,,,,,PARTIDO MISSÃO,i,MISSÃO,0,14,MISSÃO,PARTIDO MISSÃO,,14,280002540694,RENAN ANTONIO FERREIRA DOS SANTOS,RENAN SANTOS,14/02/1984,4,Válido,nao,,22,0.97,0.965759438,AROLDO MEDINA,CORONEL MEDINA,MISSÃO,v,,,,,04/10/2026 20:33:31,sim
1,04/10/2026,6257,Presidente,1,municipio,RN,18112,2410702,RIACHO DA CRUZ,,,,,PARTIDO DA CAUSA OPERÁRIA,i,PCO,0,29,PCO,PARTIDO DA CAUSA OPERÁRIA,,29,280002552487,RUI COSTA PIMENTA,RUI COSTA PIMENTA,25/06/1957,12,Válido,nao,,0,0.00,0,ANTONIO CARLOS SILVA,ANTÔNIO CARLOS,PCO,v,,,,,04/10/2026 20:33:31,sim
1,04/10/2026,6257,Presidente,1,municipio,RN,18139,2410801,RIACHO DE SANTANA,,,,,PARTIDO LIBERAL,i,PL,0,22,PL,PARTIDO LIBERAL,,22,280002551544,FLAVIO NANTES BOLSONARO,FLAVIO BOLSONARO,30/04/1981,1,Válido,nao,,470,15.56,15.562913907,ALFREDO GASPAR DE MENDONÇA NETO,ALFREDO GASPAR,PL,v,,,,,04/10/2026 20:55:01,sim
1,04/10/2026,6257,Presidente,1,municipio,RN,18139,2410801,RIACHO DE SANTANA,,,,,PARTIDO SOCIAL DEMOCRÁTICO,i,PSD,0,55,PSD,PARTIDO SOCIAL DEMOCRÁTICO,,55,280002551932,RONALDO RAMOS CAIADO,RONALDO CAIADO,25/09/1949,5,Válido,nao,,17,0.56,0.562913907,GILBERTO KASSAB,GILBERTO KASSAB,PSD,v,,,,,04/10/2026 20:55:01,sim
1,04/10/2026,6257,Presidente,1,municipio,RN,18139,2410801,RIACHO DE SANTANA,,PT/PC do B/PV,FEDERAÇÃO BRASIL DA ESPERANÇA - FE BRASIL,PT/PC do B/PV,BRASIL PRONTO PRA MAIS,c,PSB / PDT / PCDOB / PT / PV / PSOL / REDE,,13,PT,PARTIDO DOS TRABALHADORES,101,13,280002542548,LUIZ INÁCIO LULA DA SILVA,LULA,06/10/1945,2,Válido,nao,,2436,80.66,80.662251656,GERALDO JOSE RODRIGUES ALCKMIN FILHO,GERALDO ALCKMIN,PSB,v,,,,,04/10/2026 20:55:01,sim
1,04/10/2026,6257,Presidente,1,municipio,RN,18139,2410801,RIACHO DE SANTANA,,,,,DEMOCRACIA CRISTÃ,i,DC,0,27,DC,DEMOCRACIA CRISTÃ,,27,280002552484,CLARIANA ZACARKIM BARAO,CLARIANA BARAO,03/04/1987,9,Válido,nao,,0,0.00,0,FABIANA CRISTINA TAVARES TORQUATO,FABIANA TORQUATO,DC,v,,,,,04/10/2026 20:55:01,sim
1,04/10/2026,6257,Presidente,1,municipio,RN,18139,2410801,RIACHO DE SANTANA,,,,,PARTIDO COMUNISTA BRASILEIRO,i,PCB,0,21,PCB,PARTIDO COMUNISTA BRASILEIRO,,21,280002551975,EDMILSON SILVA COSTA,EDMILSON COSTA,08/04/1950,10,Válido,nao,,1,0.03,0.033112583,CLEUSA DOS SANTOS,CLEUSA SANTOS,PCB,v,,,,,04/10/2026 20:55:01,sim
1,04/10/2026,6257,Presidente,1,municipio,RN,18139,2410801,RIACHO DE SANTANA,,,,,PARTIDO SOCIALISTA  DOS TRABALHADORES UNIFICADO,i,PSTU,0,16,PSTU,PARTIDO SOCIALISTA  DOS TRABALHADORES UNIFICADO,,16,280002541457,HERTZ DA CONCEICAO DIAS,HERTZ DIAS,20/10/1970,8,Válido,nao,,0,0.00,0,VANESSA PORTUGAL BARBOSA,VANESSA PORTUGAL,PSTU,v,,,,,04/10/2026 20:55:01,sim
1,04/10/2026,6257,Presidente,1,municipio,RN,18139,2410801,RIACHO DE SANTANA,,,,,BRASIL DOS NOSSOS SONHOS,c,AGIR / AVANTE,,70,AVANTE,AVANTE,,70,280002551547,AUGUSTO JORGE CURY,ESCRITOR AUGUSTO CURY,02/10/1958,3,Válido,nao,,59,1.95,1.953642384,JULIO CESAR DELGADO,JÚLIO DELGADO,AVANTE,v,,,,,04/10/2026 20:55:01,sim
1,04/10/2026,6257,Presidente,1,municipio,RN,18139,2410801,RIACHO DE SANTANA,,,,,PARTIDO NOVO,i,NOVO,0,30,NOVO,PARTIDO NOVO,,30,280002539826,ROMEU ZEMA NETO,ZEMA,28/10/1964,6,Válido,nao,,0,0.00,0,LUIS EDUARDO GRANGEIRO GIRÃO,EDUARDO GIRÃO,NOVO,v,,,,,04/10/2026 20:55:01,sim
1,04/10/2026,6257,Presidente,1,municipio,RN,18139,2410801,RIACHO DE SANTANA,,,,,UNIDADE POPULAR,i,UP,0,80,UP,UNIDADE POPULAR,,80,280002538811,SAMARA MARTINS DA SILVA FEITOSA,SAMARA,31/08/1987,7,Válido,nao,,1,0.03,0.033112583,RAQUEL NONATO DE BRICIO,RAQUEL BRÍCIO,UP,v,,,,,04/10/2026 20:55:01,sim
1,04/10/2026,6257,Presidente,1,municipio,RN,18139,2410801,RIACHO DE SANTANA,,,,,DEMOCRATA,i,DEMOCRATA,0,35,DEMOCRATA,DEMOCRATA,,35,280002548139,WILSON GRASSI JUNIOR,VETERINÁRIO WILSON GRASSI,13/03/1970,11,Válido,nao,,0,0.00,0,SUÊD HAIDAR NOGUEIRA,SUÊD HAIDAR,DEMOCRATA,v,,,,,04/10/2026 20:55:01,sim
1,04/10/2026,6257,Presidente,1,municipio,RN,18139,2410801,RIACHO DE SANTANA,,,,,PARTIDO MISSÃO,i,MISSÃO,0,14,MISSÃO,PARTIDO MISSÃO,,14,280002540694,RENAN ANTONIO FERREIRA DOS SANTOS,RENAN SANTOS,14/02/1984,4,Válido,nao,,36,1.19,1.192052980,AROLDO MEDINA,CORONEL MEDINA,MISSÃO,v,,,,,04/10/2026 20:55:01,sim
1,04/10/2026,6257,Presidente,1,municipio,RN,18139,2410801,RIACHO DE SANTANA,,,,,PARTIDO DA CAUSA OPERÁRIA,i,PCO,0,29,PCO,PARTIDO DA CAUSA OPERÁRIA,,29,280002552487,RUI COSTA PIMENTA,RUI COSTA PIMENTA,25/06/1957,12,Válido,nao,,0,0.00,0,ANTONIO CARLOS SILVA,ANTÔNIO CARLOS,PCO,v,,,,,04/10/2026 20:55:01,sim
1,04/10/2026,6257,Presidente,1,municipio,RN,18155,2410900,RIACHUELO,,,,,PARTIDO LIBERAL,i,PL,0,22,PL,PARTIDO LIBERAL,,22,280002551544,FLAVIO NANTES BOLSONARO,FLAVIO BOLSONARO,30/04/1981,1,Válido,nao,,1781,32.00,31.997844053,ALFREDO GASPAR DE MENDONÇA NETO,ALFREDO GASPAR,PL,v,,,,,04/10/2026 20:50:59,sim
1,04/10/2026,6257,Presidente,1,municipio,RN,18155,2410900,RIACHUELO,,,,,PARTIDO SOCIAL DEMOCRÁTICO,i,PSD,0,55,PSD,PARTIDO SOCIAL DEMOCRÁTICO,,55,280002551932,RONALDO RAMOS CAIADO,RONALDO CAIADO,25/09/1949,5,Válido,nao,,33,0.59,0.592885375,GILBERTO KASSAB,GILBERTO KASSAB,PSD,v,,,,,04/10/2026 20:50:59,sim
1,04/10/2026,6257,Presidente,1,municipio,RN,18155,2410900,RIACHUELO,,PT/PC do B/PV,FEDERAÇÃO BRASIL DA ESPERANÇA - FE BRASIL,PT/PC do B/PV,BRASIL PRONTO PRA MAIS,c,PSB / PDT / PCDOB / PT / PV / PSOL / REDE,,13,PT,PARTIDO DOS TRABALHADORES,101,13,280002542548,LUIZ INÁCIO LULA DA SILVA,LULA,06/10/1945,2,Válido,nao,,3609,64.84,64.840100611,GERALDO JOSE RODRIGUES ALCKMIN FILHO,GERALDO ALCKMIN,PSB,v,,,,,04/10/2026 20:50:59,sim
1,04/10/2026,6257,Presidente,1,municipio,RN,18155,2410900,RIACHUELO,,,,,DEMOCRACIA CRISTÃ,i,DC,0,27,DC,DEMOCRACIA CRISTÃ,,27,280002552484,CLARIANA ZACARKIM BARAO,CLARIANA BARAO,03/04/1987,9,Válido,nao,,0,0.00,0,FABIANA CRISTINA TAVARES TORQUATO,FABIANA TORQUATO,DC,v,,,,,04/10/2026 20:50:59,sim
1,04/10/2026,6257,Presidente,1,municipio,RN,18155,2410900,RIACHUELO,,,,,PARTIDO COMUNISTA BRASILEIRO,i,PCB,0,21,PCB,PARTIDO COMUNISTA BRASILEIRO,,21,280002551975,EDMILSON SILVA COSTA,EDMILSON COSTA,08/04/1950,10,Válido,nao,,0,0.00,0,CLEUSA DOS SANTOS,CLEUSA SANTOS,PCB,v,,,,,04/10/2026 20:50:59,sim
1,04/10/2026,6257,Presidente,1,municipio,RN,18155,2410900,RIACHUELO,,,,,PARTIDO SOCIALISTA  DOS TRABALHADORES UNIFICADO,i,PSTU,0,16,PSTU,PARTIDO SOCIALISTA  DOS TRABALHADORES UNIFICADO,,16,280002541457,HERTZ DA CONCEICAO DIAS,HERTZ DIAS,20/10/1970,8,Válido,nao,,0,0.00,0,VANESSA PORTUGAL BARBOSA,VANESSA PORTUGAL,PSTU,v,,,,,04/10/2026 20:50:59,sim
1,04/10/2026,6257,Presidente,1,municipio,RN,18155,2410900,RIACHUELO,,,,,BRASIL DOS NOSSOS SONHOS,c,AGIR / AVANTE,,70,AVANTE,AVANTE,,70,280002551547,AUGUSTO JORGE CURY,ESCRITOR AUGUSTO CURY,02/10/1958,3,Válido,nao,,93,1.67,1.670858785,JULIO CESAR DELGADO,JÚLIO DELGADO,AVANTE,v,,,,,04/10/2026 20:50:59,sim
1,04/10/2026,6257,Presidente,1,municipio,RN,18155,2410900,RIACHUELO,,,,,PARTIDO NOVO,i,NOVO,0,30,NOVO,PARTIDO NOVO,,30,280002539826,ROMEU ZEMA NETO,ZEMA,28/10/1964,6,Válido,nao,,2,0.04,0.035932447,LUIS EDUARDO GRANGEIRO GIRÃO,EDUARDO GIRÃO,NOVO,v,,,,,04/10/2026 20:50:59,sim
1,04/10/2026,6257,Presidente,1,municipio,RN,18155,2410900,RIACHUELO,,,,,UNIDADE POPULAR,i,UP,0,80,UP,UNIDADE POPULAR,,80,280002538811,SAMARA MARTINS DA SILVA FEITOSA,SAMARA,31/08/1987,7,Válido,nao,,3,0.05,0.053898670,RAQUEL NONATO DE BRICIO,RAQUEL BRÍCIO,UP,v,,,,,04/10/2026 20:50:59,sim
1,04/10/2026,6257,Presidente,1,municipio,RN,18155,2410900,RIACHUELO,,,,,DEMOCRATA,i,DEMOCRATA,0,35,DEMOCRATA,DEMOCRATA,,35,280002548139,WILSON GRASSI JUNIOR,VETERINÁRIO WILSON GRASSI,13/03/1970,11,Válido,nao,,0,0.00,0,SUÊD HAIDAR NOGUEIRA,SUÊD HAIDAR,DEMOCRATA,v,,,,,04/10/2026 20:50:59,sim
1,04/10/2026,6257,Presidente,1,municipio,RN,18155,2410900,RIACHUELO,,,,,PARTIDO MISSÃO,i,MISSÃO,0,14,MISSÃO,PARTIDO MISSÃO,,14,280002540694,RENAN ANTONIO FERREIRA DOS SANTOS,RENAN SANTOS,14/02/1984,4,Válido,nao,,45,0.81,0.808480057,AROLDO MEDINA,CORONEL MEDINA,MISSÃO,v,,,,,04/10/2026 20:50:59,sim
1,04/10/2026,6257,Presidente,1,municipio,RN,18155,2410900,RIACHUELO,,,,,PARTIDO DA CAUSA OPERÁRIA,i,PCO,0,29,PCO,PARTIDO DA CAUSA OPERÁRIA,,29,280002552487,RUI COSTA PIMENTA,RUI COSTA PIMENTA,25/06/1957,12,Válido,nao,,0,0.00,0,ANTONIO CARLOS SILVA,ANTÔNIO CARLOS,PCO,v,,,,,04/10/2026 20:50:59,sim
1,04/10/2026,6257,Presidente,1,municipio,RN,18171,2411007,RODOLFO FERNANDES,,,,,PARTIDO LIBERAL,i,PL,0,22,PL,PARTIDO LIBERAL,,22,280002551544,FLAVIO NANTES BOLSONARO,FLAVIO BOLSONARO,30/04/1981,1,Válido,nao,,1095,29.35,29.348700080,ALFREDO GASPAR DE MENDONÇA NETO,ALFREDO GASPAR,PL,v,,,,,04/10/2026 18:55:34,sim
1,04/10/2026,6257,Presidente,1,municipio,RN,18171,2411007,RODOLFO FERNANDES,,,,,PARTIDO SOCIAL DEMOCRÁTICO,i,PSD,0,55,PSD,PARTIDO SOCIAL DEMOCRÁTICO,,55,280002551932,RONALDO RAMOS CAIADO,RONALDO CAIADO,25/09/1949,4,Válido,nao,,13,0.35,0.348432056,GILBERTO KASSAB,GILBERTO KASSAB,PSD,v,,,,,04/10/2026 18:55:34,sim
1,04/10/2026,6257,Presidente,1,municipio,RN,18171,2411007,RODOLFO FERNANDES,,PT/PC do B/PV,FEDERAÇÃO BRASIL DA ESPERANÇA - FE BRASIL,PT/PC do B/PV,BRASIL PRONTO PRA MAIS,c,PSB / PDT / PCDOB / PT / PV / PSOL / REDE,,13,PT,PARTIDO DOS TRABALHADORES,101,13,280002542548,LUIZ INÁCIO LULA DA SILVA,LULA,06/10/1945,2,Válido,nao,,2488,66.68,66.684534977,GERALDO JOSE RODRIGUES ALCKMIN FILHO,GERALDO ALCKMIN,PSB,v,,,,,04/10/2026 18:55:34,sim
1,04/10/2026,6257,Presidente,1,municipio,RN,18171,2411007,RODOLFO FERNANDES,,,,,PARTIDO SOCIALISTA  DOS TRABALHADORES UNIFICADO,i,PSTU,0,16,PSTU,PARTIDO SOCIALISTA  DOS TRABALHADORES UNIFICADO,,16,280002541457,HERTZ DA CONCEICAO DIAS,HERTZ DIAS,20/10/1970,8,Válido,nao,,0,0.00,0,VANESSA PORTUGAL BARBOSA,VANESSA PORTUGAL,PSTU,v,,,,,04/10/2026 18:55:34,sim
1,04/10/2026,6257,Presidente,1,municipio,RN,18171,2411007,RODOLFO FERNANDES,,,,,PARTIDO COMUNISTA BRASILEIRO,i,PCB,0,21,PCB,PARTIDO COMUNISTA BRASILEIRO,,21,280002551975,EDMILSON SILVA COSTA,EDMILSON COSTA,08/04/1950,10,Válido,nao,,1,0.03,0.026802466,CLEUSA DOS SANTOS,CLEUSA SANTOS,PCB,v,,,,,04/10/2026 18:55:34,sim
1,04/10/2026,6257,Presidente,1,municipio,RN,18171,2411007,RODOLFO FERNANDES,,,,,DEMOCRACIA CRISTÃ,i,DC,0,27,DC,DEMOCRACIA CRISTÃ,,27,280002552484,CLARIANA ZACARKIM BARAO,CLARIANA BARAO,03/04/1987,9,Válido,nao,,0,0.00,0,FABIANA CRISTINA TAVARES TORQUATO,FABIANA TORQUATO,DC,v,,,,,04/10/2026 18:55:34,sim
1,04/10/2026,6257,Presidente,1,municipio,RN,18171,2411007,RODOLFO FERNANDES,,,,,PARTIDO NOVO,i,NOVO,0,30,NOVO,PARTIDO NOVO,,30,280002539826,ROMEU ZEMA NETO,ZEMA,28/10/1964,6,Válido,nao,,2,0.05,0.053604932,LUIS EDUARDO GRANGEIRO GIRÃO,EDUARDO GIRÃO,NOVO,v,,,,,04/10/2026 18:55:34,sim
1,04/10/2026,6257,Presidente,1,municipio,RN,18171,2411007,RODOLFO FERNANDES,,,,,BRASIL DOS NOSSOS SONHOS,c,AGIR / AVANTE,,70,AVANTE,AVANTE,,70,280002551547,AUGUSTO JORGE CURY,ESCRITOR AUGUSTO CURY,02/10/1958,3,Válido,nao,,81,2.17,2.170999732,JULIO CESAR DELGADO,JÚLIO DELGADO,AVANTE,v,,,,,04/10/2026 18:55:34,sim
1,04/10/2026,6257,Presidente,1,municipio,RN,18171,2411007,RODOLFO FERNANDES,,,,,DEMOCRATA,i,DEMOCRATA,0,35,DEMOCRATA,DEMOCRATA,,35,280002548139,WILSON GRASSI JUNIOR,VETERINÁRIO WILSON GRASSI,13/03/1970,11,Válido,nao,,0,0.00,0,SUÊD HAIDAR NOGUEIRA,SUÊD HAIDAR,DEMOCRATA,v,,,,,04/10/2026 18:55:34,sim
1,04/10/2026,6257,Presidente,1,municipio,RN,18171,2411007,RODOLFO FERNANDES,,,,,UNIDADE POPULAR,i,UP,0,80,UP,UNIDADE POPULAR,,80,280002538811,SAMARA MARTINS DA SILVA FEITOSA,SAMARA,31/08/1987,7,Válido,nao,,1,0.03,0.026802466,RAQUEL NONATO DE BRICIO,RAQUEL BRÍCIO,UP,v,,,,,04/10/2026 18:55:34,sim
1,04/10/2026,6257,Presidente,1,municipio,RN,18171,2411007,RODOLFO FERNANDES,,,,,PARTIDO MISSÃO,i,MISSÃO,0,14,MISSÃO,PARTIDO MISSÃO,,14,280002540694,RENAN ANTONIO FERREIRA DOS SANTOS,RENAN SANTOS,14/02/1984,5,Válido,nao,,50,1.34,1.340123291,AROLDO MEDINA,CORONEL MEDINA,MISSÃO,v,,,,,04/10/2026 18:55:34,sim
1,04/10/2026,6257,Presidente,1,municipio,RN,18171,2411007,RODOLFO FERNANDES,,,,,PARTIDO DA CAUSA OPERÁRIA,i,PCO,0,29,PCO,PARTIDO DA CAUSA OPERÁRIA,,29,280002552487,RUI COSTA PIMENTA,RUI COSTA PIMENTA,25/06/1957,12,Válido,nao,,0,0.00,0,ANTONIO CARLOS SILVA,ANTÔNIO CARLOS,PCO,v,,,,,04/10/2026 18:55:34,sim
1,04/10/2026,6257,Presidente,1,municipio,RN,18198,2411106,RUY BARBOSA,,,,,PARTIDO LIBERAL,i,PL,0,22,PL,PARTIDO LIBERAL,,22,280002551544,FLAVIO NANTES BOLSONARO,FLAVIO BOLSONARO,30/04/1981,1,Válido,nao,,1503,46.22,46.217712177,ALFREDO GASPAR DE MENDONÇA NETO,ALFREDO GASPAR,PL,v,,,,,04/10/2026 20:42:20,sim
1,04/10/2026,6257,Presidente,1,municipio,RN,18198,2411106,RUY BARBOSA,,,,,PARTIDO SOCIAL DEMOCRÁTICO,i,PSD,0,55,PSD,PARTIDO SOCIAL DEMOCRÁTICO,,55,280002551932,RONALDO RAMOS CAIADO,RONALDO CAIADO,25/09/1949,5,Válido,nao,,17,0.52,0.522755228,GILBERTO KASSAB,GILBERTO KASSAB,PSD,v,,,,,04/10/2026 20:42:20,sim
1,04/10/2026,6257,Presidente,1,municipio,RN,18198,2411106,RUY BARBOSA,,PT/PC do B/PV,FEDERAÇÃO BRASIL DA ESPERANÇA - FE BRASIL,PT/PC do B/PV,BRASIL PRONTO PRA MAIS,c,PSB / PDT / PCDOB / PT / PV / PSOL / REDE,,13,PT,PARTIDO DOS TRABALHADORES,101,13,280002542548,LUIZ INÁCIO LULA DA SILVA,LULA,06/10/1945,2,Válido,nao,,1637,50.34,50.338253383,GERALDO JOSE RODRIGUES ALCKMIN FILHO,GERALDO ALCKMIN,PSB,v,,,,,04/10/2026 20:42:20,sim
1,04/10/2026,6257,Presidente,1,municipio,RN,18198,2411106,RUY BARBOSA,,,,,DEMOCRACIA CRISTÃ,i,DC,0,27,DC,DEMOCRACIA CRISTÃ,,27,280002552484,CLARIANA ZACARKIM BARAO,CLARIANA BARAO,03/04/1987,9,Válido,nao,,0,0.00,0,FABIANA CRISTINA TAVARES TORQUATO,FABIANA TORQUATO,DC,v,,,,,04/10/2026 20:42:20,sim
1,04/10/2026,6257,Presidente,1,municipio,RN,18198,2411106,RUY BARBOSA,,,,,PARTIDO COMUNISTA BRASILEIRO,i,PCB,0,21,PCB,PARTIDO COMUNISTA BRASILEIRO,,21,280002551975,EDMILSON SILVA COSTA,EDMILSON COSTA,08/04/1950,10,Válido,nao,,0,0.00,0,CLEUSA DOS SANTOS,CLEUSA SANTOS,PCB,v,,,,,04/10/2026 20:42:20,sim
1,04/10/2026,6257,Presidente,1,municipio,RN,18198,2411106,RUY BARBOSA,,,,,PARTIDO SOCIALISTA  DOS TRABALHADORES UNIFICADO,i,PSTU,0,16,PSTU,PARTIDO SOCIALISTA  DOS TRABALHADORES UNIFICADO,,16,280002541457,HERTZ DA CONCEICAO DIAS,HERTZ DIAS,20/10/1970,8,Válido,nao,,1,0.03,0.030750308,VANESSA PORTUGAL BARBOSA,VANESSA PORTUGAL,PSTU,v,,,,,04/10/2026 20:42:20,sim
1,04/10/2026,6257,Presidente,1,municipio,RN,18198,2411106,RUY BARBOSA,,,,,BRASIL DOS NOSSOS SONHOS,c,AGIR / AVANTE,,70,AVANTE,AVANTE,,70,280002551547,AUGUSTO JORGE CURY,ESCRITOR AUGUSTO CURY,02/10/1958,3,Válido,nao,,55,1.69,1.691266913,JULIO CESAR DELGADO,JÚLIO DELGADO,AVANTE,v,,,,,04/10/2026 20:42:20,sim
1,04/10/2026,6257,Presidente,1,municipio,RN,18198,2411106,RUY BARBOSA,,,,,PARTIDO NOVO,i,NOVO,0,30,NOVO,PARTIDO NOVO,,30,280002539826,ROMEU ZEMA NETO,ZEMA,28/10/1964,6,Válido,nao,,1,0.03,0.030750308,LUIS EDUARDO GRANGEIRO GIRÃO,EDUARDO GIRÃO,NOVO,v,,,,,04/10/2026 20:42:20,sim
1,04/10/2026,6257,Presidente,1,municipio,RN,18198,2411106,RUY BARBOSA,,,,,UNIDADE POPULAR,i,UP,0,80,UP,UNIDADE POPULAR,,80,280002538811,SAMARA MARTINS DA SILVA FEITOSA,SAMARA,31/08/1987,7,Válido,nao,,0,0.00,0,RAQUEL NONATO DE BRICIO,RAQUEL BRÍCIO,UP,v,,,,,04/10/2026 20:42:20,sim
1,04/10/2026,6257,Presidente,1,municipio,RN,18198,2411106,RUY BARBOSA,,,,,DEMOCRATA,i,DEMOCRATA,0,35,DEMOCRATA,DEMOCRATA,,35,280002548139,WILSON GRASSI JUNIOR,VETERINÁRIO WILSON GRASSI,13/03/1970,11,Válido,nao,,0,0.00,0,SUÊD HAIDAR NOGUEIRA,SUÊD HAIDAR,DEMOCRATA,v,,,,,04/10/2026 20:42:20,sim
1,04/10/2026,6257,Presidente,1,municipio,RN,18198,2411106,RUY BARBOSA,,,,,PARTIDO MISSÃO,i,MISSÃO,0,14,MISSÃO,PARTIDO MISSÃO,,14,280002540694,RENAN ANTONIO FERREIRA DOS SANTOS,RENAN SANTOS,14/02/1984,4,Válido,nao,,38,1.17,1.168511685,AROLDO MEDINA,CORONEL MEDINA,MISSÃO,v,,,,,04/10/2026 20:42:20,sim
1,04/10/2026,6257,Presidente,1,municipio,RN,18198,2411106,RUY BARBOSA,,,,,PARTIDO DA CAUSA OPERÁRIA,i,PCO,0,29,PCO,PARTIDO DA CAUSA OPERÁRIA,,29,280002552487,RUI COSTA PIMENTA,RUI COSTA PIMENTA,25/06/1957,12,Válido,nao,,0,0.00,0,ANTONIO CARLOS SILVA,ANTÔNIO CARLOS,PCO,v,,,,,04/10/2026 20:42:20,sim
1,04/10/2026,6257,Presidente,1,municipio,RN,18210,2411908,SÃO FRANCISCO DO OESTE,,,,,PARTIDO LIBERAL,i,PL,0,22,PL,PARTIDO LIBERAL,,22,280002551544,FLAVIO NANTES BOLSONARO,FLAVIO BOLSONARO,30/04/1981,1,Válido,nao,,710,22.57,22.568340750,ALFREDO GASPAR DE MENDONÇA NETO,ALFREDO GASPAR,PL,v,,,,,04/10/2026 18:44:24,sim
1,04/10/2026,6257,Presidente,1,municipio,RN,18210,2411908,SÃO FRANCISCO DO OESTE,,,,,PARTIDO SOCIAL DEMOCRÁTICO,i,PSD,0,55,PSD,PARTIDO SOCIAL DEMOCRÁTICO,,55,280002551932,RONALDO RAMOS CAIADO,RONALDO CAIADO,25/09/1949,4,Válido,nao,,21,0.67,0.667514304,GILBERTO KASSAB,GILBERTO KASSAB,PSD,v,,,,,04/10/2026 18:44:24,sim
1,04/10/2026,6257,Presidente,1,municipio,RN,18210,2411908,SÃO FRANCISCO DO OESTE,,PT/PC do B/PV,FEDERAÇÃO BRASIL DA ESPERANÇA - FE BRASIL,PT/PC do B/PV,BRASIL PRONTO PRA MAIS,c,PSB / PDT / PCDOB / PT / PV / PSOL / REDE,,13,PT,PARTIDO DOS TRABALHADORES,101,13,280002542548,LUIZ INÁCIO LULA DA SILVA,LULA,06/10/1945,2,Válido,nao,,2283,72.57,72.568340750,GERALDO JOSE RODRIGUES ALCKMIN FILHO,GERALDO ALCKMIN,PSB,v,,,,,04/10/2026 18:44:24,sim
1,04/10/2026,6257,Presidente,1,municipio,RN,18210,2411908,SÃO FRANCISCO DO OESTE,,,,,PARTIDO SOCIALISTA  DOS TRABALHADORES UNIFICADO,i,PSTU,0,16,PSTU,PARTIDO SOCIALISTA  DOS TRABALHADORES UNIFICADO,,16,280002541457,HERTZ DA CONCEICAO DIAS,HERTZ DIAS,20/10/1970,8,Válido,nao,,1,0.03,0.031786395,VANESSA PORTUGAL BARBOSA,VANESSA PORTUGAL,PSTU,v,,,,,04/10/2026 18:44:24,sim
1,04/10/2026,6257,Presidente,1,municipio,RN,18210,2411908,SÃO FRANCISCO DO OESTE,,,,,PARTIDO COMUNISTA BRASILEIRO,i,PCB,0,21,PCB,PARTIDO COMUNISTA BRASILEIRO,,21,280002551975,EDMILSON SILVA COSTA,EDMILSON COSTA,08/04/1950,10,Válido,nao,,0,0.00,0,CLEUSA DOS SANTOS,CLEUSA SANTOS,PCB,v,,,,,04/10/2026 18:44:24,sim
1,04/10/2026,6257,Presidente,1,municipio,RN,18210,2411908,SÃO FRANCISCO DO OESTE,,,,,DEMOCRACIA CRISTÃ,i,DC,0,27,DC,DEMOCRACIA CRISTÃ,,27,280002552484,CLARIANA ZACARKIM BARAO,CLARIANA BARAO,03/04/1987,9,Válido,nao,,0,0.00,0,FABIANA CRISTINA TAVARES TORQUATO,FABIANA TORQUATO,DC,v,,,,,04/10/2026 18:44:24,sim
1,04/10/2026,6257,Presidente,1,municipio,RN,18210,2411908,SÃO FRANCISCO DO OESTE,,,,,PARTIDO NOVO,i,NOVO,0,30,NOVO,PARTIDO NOVO,,30,280002539826,ROMEU ZEMA NETO,ZEMA,28/10/1964,6,Válido,nao,,1,0.03,0.031786395,LUIS EDUARDO GRANGEIRO GIRÃO,EDUARDO GIRÃO,NOVO,v,,,,,04/10/2026 18:44:24,sim
1,04/10/2026,6257,Presidente,1,municipio,RN,18210,2411908,SÃO FRANCISCO DO OESTE,,,,,BRASIL DOS NOSSOS SONHOS,c,AGIR / AVANTE,,70,AVANTE,AVANTE,,70,280002551547,AUGUSTO JORGE CURY,ESCRITOR AUGUSTO CURY,02/10/1958,3,Válido,nao,,78,2.48,2.479338843,JULIO CESAR DELGADO,JÚLIO DELGADO,AVANTE,v,,,,,04/10/2026 18:44:24,sim
1,04/10/2026,6257,Presidente,1,municipio,RN,18210,2411908,SÃO FRANCISCO DO OESTE,,,,,DEMOCRATA,i,DEMOCRATA,0,35,DEMOCRATA,DEMOCRATA,,35,280002548139,WILSON GRASSI JUNIOR,VETERINÁRIO WILSON GRASSI,13/03/1970,11,Válido,nao,,1,0.03,0.031786395,SUÊD HAIDAR NOGUEIRA,SUÊD HAIDAR,DEMOCRATA,v,,,,,04/10/2026 18:44:24,sim
1,04/10/2026,6257,Presidente,1,municipio,RN,18210,2411908,SÃO FRANCISCO DO OESTE,,,,,UNIDADE POPULAR,i,UP,0,80,UP,UNIDADE POPULAR,,80,280002538811,SAMARA MARTINS DA SILVA FEITOSA,SAMARA,31/08/1987,7,Válido,nao,,0,0.00,0,RAQUEL NONATO DE BRICIO,RAQUEL BRÍCIO,UP,v,,,,,04/10/2026 18:44:24,sim
1,04/10/2026,6257,Presidente,1,municipio,RN,18210,2411908,SÃO FRANCISCO DO OESTE,,,,,PARTIDO MISSÃO,i,MISSÃO,0,14,MISSÃO,PARTIDO MISSÃO,,14,280002540694,RENAN ANTONIO FERREIRA DOS SANTOS,RENAN SANTOS,14/02/1984,5,Válido,nao,,51,1.62,1.621106167,AROLDO MEDINA,CORONEL MEDINA,MISSÃO,v,,,,,04/10/2026 18:44:24,sim
1,04/10/2026,6257,Presidente,1,municipio,RN,18210,2411908,SÃO FRANCISCO DO OESTE,,,,,PARTIDO DA CAUSA OPERÁRIA,i,PCO,0,29,PCO,PARTIDO DA CAUSA OPERÁRIA,,29,280002552487,RUI COSTA PIMENTA,RUI COSTA PIMENTA,25/06/1957,12,Válido,nao,,0,0.00,0,ANTONIO CARLOS SILVA,ANTÔNIO CARLOS,PCO,v,,,,,04/10/2026 18:44:24,sim
1,04/10/2026,6257,Presidente,1,municipio,RN,18236,2411205,SANTA CRUZ,,,,,PARTIDO LIBERAL,i,PL,0,22,PL,PARTIDO LIBERAL,,22,280002551544,FLAVIO NANTES BOLSONARO,FLAVIO BOLSONARO,30/04/1981,1,Válido,nao,,6826,31.42,31.424362398,ALFREDO GASPAR DE MENDONÇA NETO,ALFREDO GASPAR,PL,v,,,,,04/10/2026 19:22:35,sim
1,04/10/2026,6257,Presidente,1,municipio,RN,18236,2411205,SANTA CRUZ,,,,,PARTIDO SOCIAL DEMOCRÁTICO,i,PSD,0,55,PSD,PARTIDO SOCIAL DEMOCRÁTICO,,55,280002551932,RONALDO RAMOS CAIADO,RONALDO CAIADO,25/09/1949,5,Válido,nao,,148,0.68,0.681336893,GILBERTO KASSAB,GILBERTO KASSAB,PSD,v,,,,,04/10/2026 19:22:35,sim
1,04/10/2026,6257,Presidente,1,municipio,RN,18236,2411205,SANTA CRUZ,,PT/PC do B/PV,FEDERAÇÃO BRASIL DA ESPERANÇA - FE BRASIL,PT/PC do B/PV,BRASIL PRONTO PRA MAIS,c,PSB / PDT / PCDOB / PT / PV / PSOL / REDE,,13,PT,PARTIDO DOS TRABALHADORES,101,13,280002542548,LUIZ INÁCIO LULA DA SILVA,LULA,06/10/1945,2,Válido,nao,,13899,63.99,63.985820827,GERALDO JOSE RODRIGUES ALCKMIN FILHO,GERALDO ALCKMIN,PSB,v,,,,,04/10/2026 19:22:35,sim
1,04/10/2026,6257,Presidente,1,municipio,RN,18236,2411205,SANTA CRUZ,,,,,DEMOCRACIA CRISTÃ,i,DC,0,27,DC,DEMOCRACIA CRISTÃ,,27,280002552484,CLARIANA ZACARKIM BARAO,CLARIANA BARAO,03/04/1987,9,Válido,nao,,0,0.00,0,FABIANA CRISTINA TAVARES TORQUATO,FABIANA TORQUATO,DC,v,,,,,04/10/2026 19:22:35,sim
1,04/10/2026,6257,Presidente,1,municipio,RN,18236,2411205,SANTA CRUZ,,,,,PARTIDO COMUNISTA BRASILEIRO,i,PCB,0,21,PCB,PARTIDO COMUNISTA BRASILEIRO,,21,280002551975,EDMILSON SILVA COSTA,EDMILSON COSTA,08/04/1950,10,Válido,nao,,4,0.02,0.018414511,CLEUSA DOS SANTOS,CLEUSA SANTOS,PCB,v,,,,,04/10/2026 19:22:35,sim
1,04/10/2026,6257,Presidente,1,municipio,RN,18236,2411205,SANTA CRUZ,,,,,PARTIDO SOCIALISTA  DOS TRABALHADORES UNIFICADO,i,PSTU,0,16,PSTU,PARTIDO SOCIALISTA  DOS TRABALHADORES UNIFICADO,,16,280002541457,HERTZ DA CONCEICAO DIAS,HERTZ DIAS,20/10/1970,8,Válido,nao,,8,0.04,0.036829021,VANESSA PORTUGAL BARBOSA,VANESSA PORTUGAL,PSTU,v,,,,,04/10/2026 19:22:35,sim
1,04/10/2026,6257,Presidente,1,municipio,RN,18236,2411205,SANTA CRUZ,,,,,BRASIL DOS NOSSOS SONHOS,c,AGIR / AVANTE,,70,AVANTE,AVANTE,,70,280002551547,AUGUSTO JORGE CURY,ESCRITOR AUGUSTO CURY,02/10/1958,3,Válido,nao,,482,2.22,2.218948531,JULIO CESAR DELGADO,JÚLIO DELGADO,AVANTE,v,,,,,04/10/2026 19:22:35,sim
1,04/10/2026,6257,Presidente,1,municipio,RN,18236,2411205,SANTA CRUZ,,,,,PARTIDO NOVO,i,NOVO,0,30,NOVO,PARTIDO NOVO,,30,280002539826,ROMEU ZEMA NETO,ZEMA,28/10/1964,6,Válido,nao,,15,0.07,0.069054415,LUIS EDUARDO GRANGEIRO GIRÃO,EDUARDO GIRÃO,NOVO,v,,,,,04/10/2026 19:22:35,sim
1,04/10/2026,6257,Presidente,1,municipio,RN,18236,2411205,SANTA CRUZ,,,,,UNIDADE POPULAR,i,UP,0,80,UP,UNIDADE POPULAR,,80,280002538811,SAMARA MARTINS DA SILVA FEITOSA,SAMARA,31/08/1987,7,Válido,nao,,13,0.06,0.059847160,RAQUEL NONATO DE BRICIO,RAQUEL BRÍCIO,UP,v,,,,,04/10/2026 19:22:35,sim
1,04/10/2026,6257,Presidente,1,municipio,RN,18236,2411205,SANTA CRUZ,,,,,DEMOCRATA,i,DEMOCRATA,0,35,DEMOCRATA,DEMOCRATA,,35,280002548139,WILSON GRASSI JUNIOR,VETERINÁRIO WILSON GRASSI,13/03/1970,11,Válido,nao,,0,0.00,0,SUÊD HAIDAR NOGUEIRA,SUÊD HAIDAR,DEMOCRATA,v,,,,,04/10/2026 19:22:35,sim
1,04/10/2026,6257,Presidente,1,municipio,RN,18236,2411205,SANTA CRUZ,,,,,PARTIDO MISSÃO,i,MISSÃO,0,14,MISSÃO,PARTIDO MISSÃO,,14,280002540694,RENAN ANTONIO FERREIRA DOS SANTOS,RENAN SANTOS,14/02/1984,4,Válido,nao,,326,1.50,1.500782617,AROLDO MEDINA,CORONEL MEDINA,MISSÃO,v,,,,,04/10/2026 19:22:35,sim
1,04/10/2026,6257,Presidente,1,municipio,RN,18236,2411205,SANTA CRUZ,,,,,PARTIDO DA CAUSA OPERÁRIA,i,PCO,0,29,PCO,PARTIDO DA CAUSA OPERÁRIA,,29,280002552487,RUI COSTA PIMENTA,RUI COSTA PIMENTA,25/06/1957,12,Válido,nao,,1,0.01,0.004603628,ANTONIO CARLOS SILVA,ANTÔNIO CARLOS,PCO,v,,,,,04/10/2026 19:22:35,sim
1,04/10/2026,6257,Presidente,1,municipio,RN,18252,2411429,SANTANA DO SERIDÓ,,,,,PARTIDO LIBERAL,i,PL,0,22,PL,PARTIDO LIBERAL,,22,280002551544,FLAVIO NANTES BOLSONARO,FLAVIO BOLSONARO,30/04/1981,1,Válido,nao,,645,30.55,30.554239697,ALFREDO GASPAR DE MENDONÇA NETO,ALFREDO GASPAR,PL,v,,,,,04/10/2026 19:10:37,sim
1,04/10/2026,6257,Presidente,1,municipio,RN,18252,2411429,SANTANA DO SERIDÓ,,,,,PARTIDO SOCIAL DEMOCRÁTICO,i,PSD,0,55,PSD,PARTIDO SOCIAL DEMOCRÁTICO,,55,280002551932,RONALDO RAMOS CAIADO,RONALDO CAIADO,25/09/1949,5,Válido,nao,,20,0.95,0.947418285,GILBERTO KASSAB,GILBERTO KASSAB,PSD,v,,,,,04/10/2026 19:10:37,sim
1,04/10/2026,6257,Presidente,1,municipio,RN,18252,2411429,SANTANA DO SERIDÓ,,PT/PC do B/PV,FEDERAÇÃO BRASIL DA ESPERANÇA - FE BRASIL,PT/PC do B/PV,BRASIL PRONTO PRA MAIS,c,PSB / PDT / PCDOB / PT / PV / PSOL / REDE,,13,PT,PARTIDO DOS TRABALHADORES,101,13,280002542548,LUIZ INÁCIO LULA DA SILVA,LULA,06/10/1945,2,Válido,nao,,1264,59.88,59.876835623,GERALDO JOSE RODRIGUES ALCKMIN FILHO,GERALDO ALCKMIN,PSB,v,,,,,04/10/2026 19:10:37,sim
1,04/10/2026,6257,Presidente,1,municipio,RN,18252,2411429,SANTANA DO SERIDÓ,,,,,PARTIDO SOCIALISTA  DOS TRABALHADORES UNIFICADO,i,PSTU,0,16,PSTU,PARTIDO SOCIALISTA  DOS TRABALHADORES UNIFICADO,,16,280002541457,HERTZ DA CONCEICAO DIAS,HERTZ DIAS,20/10/1970,8,Válido,nao,,0,0.00,0,VANESSA PORTUGAL BARBOSA,VANESSA PORTUGAL,PSTU,v,,,,,04/10/2026 19:10:37,sim
1,04/10/2026,6257,Presidente,1,municipio,RN,18252,2411429,SANTANA DO SERIDÓ,,,,,PARTIDO COMUNISTA BRASILEIRO,i,PCB,0,21,PCB,PARTIDO COMUNISTA BRASILEIRO,,21,280002551975,EDMILSON SILVA COSTA,EDMILSON COSTA,08/04/1950,10,Válido,nao,,1,0.05,0.047370914,CLEUSA DOS SANTOS,CLEUSA SANTOS,PCB,v,,,,,04/10/2026 19:10:37,sim
1,04/10/2026,6257,Presidente,1,municipio,RN,18252,2411429,SANTANA DO SERIDÓ,,,,,DEMOCRACIA CRISTÃ,i,DC,0,27,DC,DEMOCRACIA CRISTÃ,,27,280002552484,CLARIANA ZACARKIM BARAO,CLARIANA BARAO,03/04/1987,9,Válido,nao,,0,0.00,0,FABIANA CRISTINA TAVARES TORQUATO,FABIANA TORQUATO,DC,v,,,,,04/10/2026 19:10:37,sim
1,04/10/2026,6257,Presidente,1,municipio,RN,18252,2411429,SANTANA DO SERIDÓ,,,,,PARTIDO NOVO,i,NOVO,0,30,NOVO,PARTIDO NOVO,,30,280002539826,ROMEU ZEMA NETO,ZEMA,28/10/1964,6,Válido,nao,,0,0.00,0,LUIS EDUARDO GRANGEIRO GIRÃO,EDUARDO GIRÃO,NOVO,v,,,,,04/10/2026 19:10:37,sim
1,04/10/2026,6257,Presidente,1,municipio,RN,18252,2411429,SANTANA DO SERIDÓ,,,,,BRASIL DOS NOSSOS SONHOS,c,AGIR / AVANTE,,70,AVANTE,AVANTE,,70,280002551547,AUGUSTO JORGE CURY,ESCRITOR AUGUSTO CURY,02/10/1958,3,Válido,nao,,139,6.58,6.584557082,JULIO CESAR DELGADO,JÚLIO DELGADO,AVANTE,v,,,,,04/10/2026 19:10:37,sim
1,04/10/2026,6257,Presidente,1,municipio,RN,18252,2411429,SANTANA DO SERIDÓ,,,,,DEMOCRATA,i,DEMOCRATA,0,35,DEMOCRATA,DEMOCRATA,,35,280002548139,WILSON GRASSI JUNIOR,VETERINÁRIO WILSON GRASSI,13/03/1970,11,Válido,nao,,0,0.00,0,SUÊD HAIDAR NOGUEIRA,SUÊD HAIDAR,DEMOCRATA,v,,,,,04/10/2026 19:10:37,sim
1,04/10/2026,6257,Presidente,1,municipio,RN,18252,2411429,SANTANA DO SERIDÓ,,,,,UNIDADE POPULAR,i,UP,0,80,UP,UNIDADE POPULAR,,80,280002538811,SAMARA MARTINS DA SILVA FEITOSA,SAMARA,31/08/1987,7,Válido,nao,,1,0.05,0.047370914,RAQUEL NONATO DE BRICIO,RAQUEL BRÍCIO,UP,v,,,,,04/10/2026 19:10:37,sim
1,04/10/2026,6257,Presidente,1,municipio,RN,18252,2411429,SANTANA DO SERIDÓ,,,,,PARTIDO MISSÃO,i,MISSÃO,0,14,MISSÃO,PARTIDO MISSÃO,,14,280002540694,RENAN ANTONIO FERREIRA DOS SANTOS,RENAN SANTOS,14/02/1984,4,Válido,nao,,39,1.85,1.847465656,AROLDO MEDINA,CORONEL MEDINA,MISSÃO,v,,,,,04/10/2026 19:10:37,sim
1,04/10/2026,6257,Presidente,1,municipio,RN,18252,2411429,SANTANA DO SERIDÓ,,,,,PARTIDO DA CAUSA OPERÁRIA,i,PCO,0,29,PCO,PARTIDO DA CAUSA OPERÁRIA,,29,280002552487,RUI COSTA PIMENTA,RUI COSTA PIMENTA,25/06/1957,12,Válido,nao,,2,0.09,0.094741829,ANTONIO CARLOS SILVA,ANTÔNIO CARLOS,PCO,v,,,,,04/10/2026 19:10:37,sim
1,04/10/2026,6257,Presidente,1,municipio,RN,18279,2411403,SANTANA DO MATOS,,,,,PARTIDO LIBERAL,i,PL,0,22,PL,PARTIDO LIBERAL,,22,280002551544,FLAVIO NANTES BOLSONARO,FLAVIO BOLSONARO,30/04/1981,1,Válido,nao,,1849,21.56,21.562682216,ALFREDO GASPAR DE MENDONÇA NETO,ALFREDO GASPAR,PL,v,,,,,04/10/2026 20:56:32,sim
1,04/10/2026,6257,Presidente,1,municipio,RN,18279,2411403,SANTANA DO MATOS,,,,,PARTIDO SOCIAL DEMOCRÁTICO,i,PSD,0,55,PSD,PARTIDO SOCIAL DEMOCRÁTICO,,55,280002551932,RONALDO RAMOS CAIADO,RONALDO CAIADO,25/09/1949,5,Válido,nao,,57,0.66,0.664723032,GILBERTO KASSAB,GILBERTO KASSAB,PSD,v,,,,,04/10/2026 20:56:32,sim
1,04/10/2026,6257,Presidente,1,municipio,RN,18279,2411403,SANTANA DO MATOS,,PT/PC do B/PV,FEDERAÇÃO BRASIL DA ESPERANÇA - FE BRASIL,PT/PC do B/PV,BRASIL PRONTO PRA MAIS,c,PSB / PDT / PCDOB / PT / PV / PSOL / REDE,,13,PT,PARTIDO DOS TRABALHADORES,101,13,280002542548,LUIZ INÁCIO LULA DA SILVA,LULA,06/10/1945,2,Válido,nao,,6393,74.55,74.553935860,GERALDO JOSE RODRIGUES ALCKMIN FILHO,GERALDO ALCKMIN,PSB,v,,,,,04/10/2026 20:56:32,sim
1,04/10/2026,6257,Presidente,1,municipio,RN,18279,2411403,SANTANA DO MATOS,,,,,DEMOCRACIA CRISTÃ,i,DC,0,27,DC,DEMOCRACIA CRISTÃ,,27,280002552484,CLARIANA ZACARKIM BARAO,CLARIANA BARAO,03/04/1987,9,Válido,nao,,3,0.03,0.034985423,FABIANA CRISTINA TAVARES TORQUATO,FABIANA TORQUATO,DC,v,,,,,04/10/2026 20:56:32,sim
1,04/10/2026,6257,Presidente,1,municipio,RN,18279,2411403,SANTANA DO MATOS,,,,,PARTIDO COMUNISTA BRASILEIRO,i,PCB,0,21,PCB,PARTIDO COMUNISTA BRASILEIRO,,21,280002551975,EDMILSON SILVA COSTA,EDMILSON COSTA,08/04/1950,10,Válido,nao,,1,0.01,0.011661808,CLEUSA DOS SANTOS,CLEUSA SANTOS,PCB,v,,,,,04/10/2026 20:56:32,sim
1,04/10/2026,6257,Presidente,1,municipio,RN,18279,2411403,SANTANA DO MATOS,,,,,PARTIDO SOCIALISTA  DOS TRABALHADORES UNIFICADO,i,PSTU,0,16,PSTU,PARTIDO SOCIALISTA  DOS TRABALHADORES UNIFICADO,,16,280002541457,HERTZ DA CONCEICAO DIAS,HERTZ DIAS,20/10/1970,8,Válido,nao,,2,0.02,0.023323615,VANESSA PORTUGAL BARBOSA,VANESSA PORTUGAL,PSTU,v,,,,,04/10/2026 20:56:32,sim
1,04/10/2026,6257,Presidente,1,municipio,RN,18279,2411403,SANTANA DO MATOS,,,,,BRASIL DOS NOSSOS SONHOS,c,AGIR / AVANTE,,70,AVANTE,AVANTE,,70,280002551547,AUGUSTO JORGE CURY,ESCRITOR AUGUSTO CURY,02/10/1958,3,Válido,nao,,203,2.37,2.367346939,JULIO CESAR DELGADO,JÚLIO DELGADO,AVANTE,v,,,,,04/10/2026 20:56:32,sim
1,04/10/2026,6257,Presidente,1,municipio,RN,18279,2411403,SANTANA DO MATOS,,,,,PARTIDO NOVO,i,NOVO,0,30,NOVO,PARTIDO NOVO,,30,280002539826,ROMEU ZEMA NETO,ZEMA,28/10/1964,6,Válido,nao,,2,0.02,0.023323615,LUIS EDUARDO GRANGEIRO GIRÃO,EDUARDO GIRÃO,NOVO,v,,,,,04/10/2026 20:56:32,sim
1,04/10/2026,6257,Presidente,1,municipio,RN,18279,2411403,SANTANA DO MATOS,,,,,UNIDADE POPULAR,i,UP,0,80,UP,UNIDADE POPULAR,,80,280002538811,SAMARA MARTINS DA SILVA FEITOSA,SAMARA,31/08/1987,7,Válido,nao,,2,0.02,0.023323615,RAQUEL NONATO DE BRICIO,RAQUEL BRÍCIO,UP,v,,,,,04/10/2026 20:56:32,sim
1,04/10/2026,6257,Presidente,1,municipio,RN,18279,2411403,SANTANA DO MATOS,,,,,DEMOCRATA,i,DEMOCRATA,0,35,DEMOCRATA,DEMOCRATA,,35,280002548139,WILSON GRASSI JUNIOR,VETERINÁRIO WILSON GRASSI,13/03/1970,11,Válido,nao,,2,0.02,0.023323615,SUÊD HAIDAR NOGUEIRA,SUÊD HAIDAR,DEMOCRATA,v,,,,,04/10/2026 20:56:32,sim
1,04/10/2026,6257,Presidente,1,municipio,RN,18279,2411403,SANTANA DO MATOS,,,,,PARTIDO MISSÃO,i,MISSÃO,0,14,MISSÃO,PARTIDO MISSÃO,,14,280002540694,RENAN ANTONIO FERREIRA DOS SANTOS,RENAN SANTOS,14/02/1984,4,Válido,nao,,61,0.71,0.711370262,AROLDO MEDINA,CORONEL MEDINA,MISSÃO,v,,,,,04/10/2026 20:56:32,sim
1,04/10/2026,6257,Presidente,1,municipio,RN,18279,2411403,SANTANA DO MATOS,,,,,PARTIDO DA CAUSA OPERÁRIA,i,PCO,0,29,PCO,PARTIDO DA CAUSA OPERÁRIA,,29,280002552487,RUI COSTA PIMENTA,RUI COSTA PIMENTA,25/06/1957,12,Válido,nao,,0,0.00,0,ANTONIO CARLOS SILVA,ANTÔNIO CARLOS,PCO,v,,,,,04/10/2026 20:56:32,sim
1,04/10/2026,6257,Presidente,1,municipio,RN,18295,2411502,SANTO ANTÔNIO,,,,,PARTIDO LIBERAL,i,PL,0,22,PL,PARTIDO LIBERAL,,22,280002551544,FLAVIO NANTES BOLSONARO,FLAVIO BOLSONARO,30/04/1981,1,Válido,nao,,4051,27.79,27.786542287,ALFREDO GASPAR DE MENDONÇA NETO,ALFREDO GASPAR,PL,v,,,,,04/10/2026 20:56:15,sim
1,04/10/2026,6257,Presidente,1,municipio,RN,18295,2411502,SANTO ANTÔNIO,,,,,PARTIDO SOCIAL DEMOCRÁTICO,i,PSD,0,55,PSD,PARTIDO SOCIAL DEMOCRÁTICO,,55,280002551932,RONALDO RAMOS CAIADO,RONALDO CAIADO,25/09/1949,5,Válido,nao,,89,0.61,0.610467110,GILBERTO KASSAB,GILBERTO KASSAB,PSD,v,,,,,04/10/2026 20:56:15,sim
1,04/10/2026,6257,Presidente,1,municipio,RN,18295,2411502,SANTO ANTÔNIO,,PT/PC do B/PV,FEDERAÇÃO BRASIL DA ESPERANÇA - FE BRASIL,PT/PC do B/PV,BRASIL PRONTO PRA MAIS,c,PSB / PDT / PCDOB / PT / PV / PSOL / REDE,,13,PT,PARTIDO DOS TRABALHADORES,101,13,280002542548,LUIZ INÁCIO LULA DA SILVA,LULA,06/10/1945,2,Válido,nao,,9964,68.34,68.344879621,GERALDO JOSE RODRIGUES ALCKMIN FILHO,GERALDO ALCKMIN,PSB,v,,,,,04/10/2026 20:56:15,sim
1,04/10/2026,6257,Presidente,1,municipio,RN,18295,2411502,SANTO ANTÔNIO,,,,,DEMOCRACIA CRISTÃ,i,DC,0,27,DC,DEMOCRACIA CRISTÃ,,27,280002552484,CLARIANA ZACARKIM BARAO,CLARIANA BARAO,03/04/1987,9,Válido,nao,,2,0.01,0.013718362,FABIANA CRISTINA TAVARES TORQUATO,FABIANA TORQUATO,DC,v,,,,,04/10/2026 20:56:15,sim
1,04/10/2026,6257,Presidente,1,municipio,RN,18295,2411502,SANTO ANTÔNIO,,,,,PARTIDO COMUNISTA BRASILEIRO,i,PCB,0,21,PCB,PARTIDO COMUNISTA BRASILEIRO,,21,280002551975,EDMILSON SILVA COSTA,EDMILSON COSTA,08/04/1950,10,Válido,nao,,3,0.02,0.020577543,CLEUSA DOS SANTOS,CLEUSA SANTOS,PCB,v,,,,,04/10/2026 20:56:15,sim
1,04/10/2026,6257,Presidente,1,municipio,RN,18295,2411502,SANTO ANTÔNIO,,,,,PARTIDO SOCIALISTA  DOS TRABALHADORES UNIFICADO,i,PSTU,0,16,PSTU,PARTIDO SOCIALISTA  DOS TRABALHADORES UNIFICADO,,16,280002541457,HERTZ DA CONCEICAO DIAS,HERTZ DIAS,20/10/1970,8,Válido,nao,,1,0.01,0.006859181,VANESSA PORTUGAL BARBOSA,VANESSA PORTUGAL,PSTU,v,,,,,04/10/2026 20:56:15,sim
1,04/10/2026,6257,Presidente,1,municipio,RN,18295,2411502,SANTO ANTÔNIO,,,,,BRASIL DOS NOSSOS SONHOS,c,AGIR / AVANTE,,70,AVANTE,AVANTE,,70,280002551547,AUGUSTO JORGE CURY,ESCRITOR AUGUSTO CURY,02/10/1958,3,Válido,nao,,291,2.00,1.996021675,JULIO CESAR DELGADO,JÚLIO DELGADO,AVANTE,v,,,,,04/10/2026 20:56:15,sim
1,04/10/2026,6257,Presidente,1,municipio,RN,18295,2411502,SANTO ANTÔNIO,,,,,PARTIDO NOVO,i,NOVO,0,30,NOVO,PARTIDO NOVO,,30,280002539826,ROMEU ZEMA NETO,ZEMA,28/10/1964,6,Válido,nao,,6,0.04,0.041155086,LUIS EDUARDO GRANGEIRO GIRÃO,EDUARDO GIRÃO,NOVO,v,,,,,04/10/2026 20:56:15,sim
1,04/10/2026,6257,Presidente,1,municipio,RN,18295,2411502,SANTO ANTÔNIO,,,,,UNIDADE POPULAR,i,UP,0,80,UP,UNIDADE POPULAR,,80,280002538811,SAMARA MARTINS DA SILVA FEITOSA,SAMARA,31/08/1987,7,Válido,nao,,2,0.01,0.013718362,RAQUEL NONATO DE BRICIO,RAQUEL BRÍCIO,UP,v,,,,,04/10/2026 20:56:15,sim
1,04/10/2026,6257,Presidente,1,municipio,RN,18295,2411502,SANTO ANTÔNIO,,,,,DEMOCRATA,i,DEMOCRATA,0,35,DEMOCRATA,DEMOCRATA,,35,280002548139,WILSON GRASSI JUNIOR,VETERINÁRIO WILSON GRASSI,13/03/1970,11,Válido,nao,,0,0.00,0,SUÊD HAIDAR NOGUEIRA,SUÊD HAIDAR,DEMOCRATA,v,,,,,04/10/2026 20:56:15,sim
1,04/10/2026,6257,Presidente,1,municipio,RN,18295,2411502,SANTO ANTÔNIO,,,,,PARTIDO MISSÃO,i,MISSÃO,0,14,MISSÃO,PARTIDO MISSÃO,,14,280002540694,RENAN ANTONIO FERREIRA DOS SANTOS,RENAN SANTOS,14/02/1984,4,Válido,nao,,169,1.16,1.159201591,AROLDO MEDINA,CORONEL MEDINA,MISSÃO,v,,,,,04/10/2026 20:56:15,sim
1,04/10/2026,6257,Presidente,1,municipio,RN,18295,2411502,SANTO ANTÔNIO,,,,,PARTIDO DA CAUSA OPERÁRIA,i,PCO,0,29,PCO,PARTIDO DA CAUSA OPERÁRIA,,29,280002552487,RUI COSTA PIMENTA,RUI COSTA PIMENTA,25/06/1957,12,Válido,nao,,1,0.01,0.006859181,ANTONIO CARLOS SILVA,ANTÔNIO CARLOS,PCO,v,,,,,04/10/2026 20:56:15,sim
1,04/10/2026,6257,Presidente,1,municipio,RN,18317,2411601,SÃO BENTO DO NORTE,,,,,PARTIDO LIBERAL,i,PL,0,22,PL,PARTIDO LIBERAL,,22,280002551544,FLAVIO NANTES BOLSONARO,FLAVIO BOLSONARO,30/04/1981,1,Válido,nao,,889,27.57,27.574441687,ALFREDO GASPAR DE MENDONÇA NETO,ALFREDO GASPAR,PL,v,,,,,04/10/2026 20:45:57,sim
1,04/10/2026,6257,Presidente,1,municipio,RN,18317,2411601,SÃO BENTO DO NORTE,,,,,PARTIDO SOCIAL DEMOCRÁTICO,i,PSD,0,55,PSD,PARTIDO SOCIAL DEMOCRÁTICO,,55,280002551932,RONALDO RAMOS CAIADO,RONALDO CAIADO,25/09/1949,5,Válido,nao,,22,0.68,0.682382134,GILBERTO KASSAB,GILBERTO KASSAB,PSD,v,,,,,04/10/2026 20:45:57,sim
1,04/10/2026,6257,Presidente,1,municipio,RN,18317,2411601,SÃO BENTO DO NORTE,,PT/PC do B/PV,FEDERAÇÃO BRASIL DA ESPERANÇA - FE BRASIL,PT/PC do B/PV,BRASIL PRONTO PRA MAIS,c,PSB / PDT / PCDOB / PT / PV / PSOL / REDE,,13,PT,PARTIDO DOS TRABALHADORES,101,13,280002542548,LUIZ INÁCIO LULA DA SILVA,LULA,06/10/1945,2,Válido,nao,,2152,66.75,66.749379653,GERALDO JOSE RODRIGUES ALCKMIN FILHO,GERALDO ALCKMIN,PSB,v,,,,,04/10/2026 20:45:57,sim
1,04/10/2026,6257,Presidente,1,municipio,RN,18317,2411601,SÃO BENTO DO NORTE,,,,,DEMOCRACIA CRISTÃ,i,DC,0,27,DC,DEMOCRACIA CRISTÃ,,27,280002552484,CLARIANA ZACARKIM BARAO,CLARIANA BARAO,03/04/1987,9,Válido,nao,,0,0.00,0,FABIANA CRISTINA TAVARES TORQUATO,FABIANA TORQUATO,DC,v,,,,,04/10/2026 20:45:57,sim
1,04/10/2026,6257,Presidente,1,municipio,RN,18317,2411601,SÃO BENTO DO NORTE,,,,,PARTIDO COMUNISTA BRASILEIRO,i,PCB,0,21,PCB,PARTIDO COMUNISTA BRASILEIRO,,21,280002551975,EDMILSON SILVA COSTA,EDMILSON COSTA,08/04/1950,10,Válido,nao,,1,0.03,0.031017370,CLEUSA DOS SANTOS,CLEUSA SANTOS,PCB,v,,,,,04/10/2026 20:45:57,sim
1,04/10/2026,6257,Presidente,1,municipio,RN,18317,2411601,SÃO BENTO DO NORTE,,,,,PARTIDO SOCIALISTA  DOS TRABALHADORES UNIFICADO,i,PSTU,0,16,PSTU,PARTIDO SOCIALISTA  DOS TRABALHADORES UNIFICADO,,16,280002541457,HERTZ DA CONCEICAO DIAS,HERTZ DIAS,20/10/1970,8,Válido,nao,,0,0.00,0,VANESSA PORTUGAL BARBOSA,VANESSA PORTUGAL,PSTU,v,,,,,04/10/2026 20:45:57,sim
1,04/10/2026,6257,Presidente,1,municipio,RN,18317,2411601,SÃO BENTO DO NORTE,,,,,BRASIL DOS NOSSOS SONHOS,c,AGIR / AVANTE,,70,AVANTE,AVANTE,,70,280002551547,AUGUSTO JORGE CURY,ESCRITOR AUGUSTO CURY,02/10/1958,3,Válido,nao,,114,3.54,3.535980149,JULIO CESAR DELGADO,JÚLIO DELGADO,AVANTE,v,,,,,04/10/2026 20:45:57,sim
1,04/10/2026,6257,Presidente,1,municipio,RN,18317,2411601,SÃO BENTO DO NORTE,,,,,PARTIDO NOVO,i,NOVO,0,30,NOVO,PARTIDO NOVO,,30,280002539826,ROMEU ZEMA NETO,ZEMA,28/10/1964,6,Válido,nao,,3,0.09,0.093052109,LUIS EDUARDO GRANGEIRO GIRÃO,EDUARDO GIRÃO,NOVO,v,,,,,04/10/2026 20:45:57,sim
1,04/10/2026,6257,Presidente,1,municipio,RN,18317,2411601,SÃO BENTO DO NORTE,,,,,UNIDADE POPULAR,i,UP,0,80,UP,UNIDADE POPULAR,,80,280002538811,SAMARA MARTINS DA SILVA FEITOSA,SAMARA,31/08/1987,7,Válido,nao,,1,0.03,0.031017370,RAQUEL NONATO DE BRICIO,RAQUEL BRÍCIO,UP,v,,,,,04/10/2026 20:45:57,sim
1,04/10/2026,6257,Presidente,1,municipio,RN,18317,2411601,SÃO BENTO DO NORTE,,,,,DEMOCRATA,i,DEMOCRATA,0,35,DEMOCRATA,DEMOCRATA,,35,280002548139,WILSON GRASSI JUNIOR,VETERINÁRIO WILSON GRASSI,13/03/1970,11,Válido,nao,,0,0.00,0,SUÊD HAIDAR NOGUEIRA,SUÊD HAIDAR,DEMOCRATA,v,,,,,04/10/2026 20:45:57,sim
1,04/10/2026,6257,Presidente,1,municipio,RN,18317,2411601,SÃO BENTO DO NORTE,,,,,PARTIDO MISSÃO,i,MISSÃO,0,14,MISSÃO,PARTIDO MISSÃO,,14,280002540694,RENAN ANTONIO FERREIRA DOS SANTOS,RENAN SANTOS,14/02/1984,4,Válido,nao,,42,1.30,1.302729529,AROLDO MEDINA,CORONEL MEDINA,MISSÃO,v,,,,,04/10/2026 20:45:57,sim
1,04/10/2026,6257,Presidente,1,municipio,RN,18317,2411601,SÃO BENTO DO NORTE,,,,,PARTIDO DA CAUSA OPERÁRIA,i,PCO,0,29,PCO,PARTIDO DA CAUSA OPERÁRIA,,29,280002552487,RUI COSTA PIMENTA,RUI COSTA PIMENTA,25/06/1957,12,Válido,nao,,0,0.00,0,ANTONIO CARLOS SILVA,ANTÔNIO CARLOS,PCO,v,,,,,04/10/2026 20:45:57,sim
1,04/10/2026,6257,Presidente,1,municipio,RN,18333,2411700,SÃO BENTO DO TRAIRÍ,,,,,PARTIDO LIBERAL,i,PL,0,22,PL,PARTIDO LIBERAL,,22,280002551544,FLAVIO NANTES BOLSONARO,FLAVIO BOLSONARO,30/04/1981,1,Válido,nao,,879,26.33,26.325247080,ALFREDO GASPAR DE MENDONÇA NETO,ALFREDO GASPAR,PL,v,,,,,04/10/2026 19:25:20,sim
1,04/10/2026,6257,Presidente,1,municipio,RN,18333,2411700,SÃO BENTO DO TRAIRÍ,,,,,PARTIDO SOCIAL DEMOCRÁTICO,i,PSD,0,55,PSD,PARTIDO SOCIAL DEMOCRÁTICO,,55,280002551932,RONALDO RAMOS CAIADO,RONALDO CAIADO,25/09/1949,5,Válido,nao,,32,0.96,0.958370770,GILBERTO KASSAB,GILBERTO KASSAB,PSD,v,,,,,04/10/2026 19:25:20,sim
1,04/10/2026,6257,Presidente,1,municipio,RN,18333,2411700,SÃO BENTO DO TRAIRÍ,,PT/PC do B/PV,FEDERAÇÃO BRASIL DA ESPERANÇA - FE BRASIL,PT/PC do B/PV,BRASIL PRONTO PRA MAIS,c,PSB / PDT / PCDOB / PT / PV / PSOL / REDE,,13,PT,PARTIDO DOS TRABALHADORES,101,13,280002542548,LUIZ INÁCIO LULA DA SILVA,LULA,06/10/1945,2,Válido,nao,,2312,69.24,69.242288110,GERALDO JOSE RODRIGUES ALCKMIN FILHO,GERALDO ALCKMIN,PSB,v,,,,,04/10/2026 19:25:20,sim
1,04/10/2026,6257,Presidente,1,municipio,RN,18333,2411700,SÃO BENTO DO TRAIRÍ,,,,,DEMOCRACIA CRISTÃ,i,DC,0,27,DC,DEMOCRACIA CRISTÃ,,27,280002552484,CLARIANA ZACARKIM BARAO,CLARIANA BARAO,03/04/1987,9,Válido,nao,,0,0.00,0,FABIANA CRISTINA TAVARES TORQUATO,FABIANA TORQUATO,DC,v,,,,,04/10/2026 19:25:20,sim
1,04/10/2026,6257,Presidente,1,municipio,RN,18333,2411700,SÃO BENTO DO TRAIRÍ,,,,,PARTIDO COMUNISTA BRASILEIRO,i,PCB,0,21,PCB,PARTIDO COMUNISTA BRASILEIRO,,21,280002551975,EDMILSON SILVA COSTA,EDMILSON COSTA,08/04/1950,10,Válido,nao,,0,0.00,0,CLEUSA DOS SANTOS,CLEUSA SANTOS,PCB,v,,,,,04/10/2026 19:25:20,sim
1,04/10/2026,6257,Presidente,1,municipio,RN,18333,2411700,SÃO BENTO DO TRAIRÍ,,,,,PARTIDO SOCIALISTA  DOS TRABALHADORES UNIFICADO,i,PSTU,0,16,PSTU,PARTIDO SOCIALISTA  DOS TRABALHADORES UNIFICADO,,16,280002541457,HERTZ DA CONCEICAO DIAS,HERTZ DIAS,20/10/1970,8,Válido,nao,,0,0.00,0,VANESSA PORTUGAL BARBOSA,VANESSA PORTUGAL,PSTU,v,,,,,04/10/2026 19:25:20,sim
1,04/10/2026,6257,Presidente,1,municipio,RN,18333,2411700,SÃO BENTO DO TRAIRÍ,,,,,BRASIL DOS NOSSOS SONHOS,c,AGIR / AVANTE,,70,AVANTE,AVANTE,,70,280002551547,AUGUSTO JORGE CURY,ESCRITOR AUGUSTO CURY,02/10/1958,3,Válido,nao,,82,2.46,2.455825097,JULIO CESAR DELGADO,JÚLIO DELGADO,AVANTE,v,,,,,04/10/2026 19:25:20,sim
1,04/10/2026,6257,Presidente,1,municipio,RN,18333,2411700,SÃO BENTO DO TRAIRÍ,,,,,PARTIDO NOVO,i,NOVO,0,30,NOVO,PARTIDO NOVO,,30,280002539826,ROMEU ZEMA NETO,ZEMA,28/10/1964,6,Válido,nao,,3,0.09,0.089847260,LUIS EDUARDO GRANGEIRO GIRÃO,EDUARDO GIRÃO,NOVO,v,,,,,04/10/2026 19:25:20,sim
1,04/10/2026,6257,Presidente,1,municipio,RN,18333,2411700,SÃO BENTO DO TRAIRÍ,,,,,UNIDADE POPULAR,i,UP,0,80,UP,UNIDADE POPULAR,,80,280002538811,SAMARA MARTINS DA SILVA FEITOSA,SAMARA,31/08/1987,7,Válido,nao,,0,0.00,0,RAQUEL NONATO DE BRICIO,RAQUEL BRÍCIO,UP,v,,,,,04/10/2026 19:25:20,sim
1,04/10/2026,6257,Presidente,1,municipio,RN,18333,2411700,SÃO BENTO DO TRAIRÍ,,,,,DEMOCRATA,i,DEMOCRATA,0,35,DEMOCRATA,DEMOCRATA,,35,280002548139,WILSON GRASSI JUNIOR,VETERINÁRIO WILSON GRASSI,13/03/1970,11,Válido,nao,,0,0.00,0,SUÊD HAIDAR NOGUEIRA,SUÊD HAIDAR,DEMOCRATA,v,,,,,04/10/2026 19:25:20,sim
1,04/10/2026,6257,Presidente,1,municipio,RN,18333,2411700,SÃO BENTO DO TRAIRÍ,,,,,PARTIDO MISSÃO,i,MISSÃO,0,14,MISSÃO,PARTIDO MISSÃO,,14,280002540694,RENAN ANTONIO FERREIRA DOS SANTOS,RENAN SANTOS,14/02/1984,4,Válido,nao,,31,0.93,0.928421683,AROLDO MEDINA,CORONEL MEDINA,MISSÃO,v,,,,,04/10/2026 19:25:20,sim
1,04/10/2026,6257,Presidente,1,municipio,RN,18333,2411700,SÃO BENTO DO TRAIRÍ,,,,,PARTIDO DA CAUSA OPERÁRIA,i,PCO,0,29,PCO,PARTIDO DA CAUSA OPERÁRIA,,29,280002552487,RUI COSTA PIMENTA,RUI COSTA PIMENTA,25/06/1957,12,Válido,nao,,0,0.00,0,ANTONIO CARLOS SILVA,ANTÔNIO CARLOS,PCO,v,,,,,04/10/2026 19:25:20,sim
1,04/10/2026,6257,Presidente,1,municipio,RN,18350,2411809,SÃO FERNANDO,,,,,PARTIDO LIBERAL,i,PL,0,22,PL,PARTIDO LIBERAL,,22,280002551544,FLAVIO NANTES BOLSONARO,FLAVIO BOLSONARO,30/04/1981,1,Válido,nao,,874,28.58,28.580771746,ALFREDO GASPAR DE MENDONÇA NETO,ALFREDO GASPAR,PL,v,,,,,04/10/2026 19:08:11,sim
1,04/10/2026,6257,Presidente,1,municipio,RN,18350,2411809,SÃO FERNANDO,,,,,PARTIDO SOCIAL DEMOCRÁTICO,i,PSD,0,55,PSD,PARTIDO SOCIAL DEMOCRÁTICO,,55,280002551932,RONALDO RAMOS CAIADO,RONALDO CAIADO,25/09/1949,4,Válido,nao,,23,0.75,0.752125572,GILBERTO KASSAB,GILBERTO KASSAB,PSD,v,,,,,04/10/2026 19:08:11,sim
1,04/10/2026,6257,Presidente,1,municipio,RN,18350,2411809,SÃO FERNANDO,,PT/PC do B/PV,FEDERAÇÃO BRASIL DA ESPERANÇA - FE BRASIL,PT/PC do B/PV,BRASIL PRONTO PRA MAIS,c,PSB / PDT / PCDOB / PT / PV / PSOL / REDE,,13,PT,PARTIDO DOS TRABALHADORES,101,13,280002542548,LUIZ INÁCIO LULA DA SILVA,LULA,06/10/1945,2,Válido,nao,,2021,66.09,66.088947024,GERALDO JOSE RODRIGUES ALCKMIN FILHO,GERALDO ALCKMIN,PSB,v,,,,,04/10/2026 19:08:11,sim
1,04/10/2026,6257,Presidente,1,municipio,RN,18350,2411809,SÃO FERNANDO,,,,,DEMOCRACIA CRISTÃ,i,DC,0,27,DC,DEMOCRACIA CRISTÃ,,27,280002552484,CLARIANA ZACARKIM BARAO,CLARIANA BARAO,03/04/1987,9,Válido,nao,,1,0.03,0.032701112,FABIANA CRISTINA TAVARES TORQUATO,FABIANA TORQUATO,DC,v,,,,,04/10/2026 19:08:11,sim
1,04/10/2026,6257,Presidente,1,municipio,RN,18350,2411809,SÃO FERNANDO,,,,,PARTIDO COMUNISTA BRASILEIRO,i,PCB,0,21,PCB,PARTIDO COMUNISTA BRASILEIRO,,21,280002551975,EDMILSON SILVA COSTA,EDMILSON COSTA,08/04/1950,10,Válido,nao,,1,0.03,0.032701112,CLEUSA DOS SANTOS,CLEUSA SANTOS,PCB,v,,,,,04/10/2026 19:08:11,sim
1,04/10/2026,6257,Presidente,1,municipio,RN,18350,2411809,SÃO FERNANDO,,,,,PARTIDO SOCIALISTA  DOS TRABALHADORES UNIFICADO,i,PSTU,0,16,PSTU,PARTIDO SOCIALISTA  DOS TRABALHADORES UNIFICADO,,16,280002541457,HERTZ DA CONCEICAO DIAS,HERTZ DIAS,20/10/1970,8,Válido,nao,,1,0.03,0.032701112,VANESSA PORTUGAL BARBOSA,VANESSA PORTUGAL,PSTU,v,,,,,04/10/2026 19:08:11,sim
1,04/10/2026,6257,Presidente,1,municipio,RN,18350,2411809,SÃO FERNANDO,,,,,BRASIL DOS NOSSOS SONHOS,c,AGIR / AVANTE,,70,AVANTE,AVANTE,,70,280002551547,AUGUSTO JORGE CURY,ESCRITOR AUGUSTO CURY,02/10/1958,3,Válido,nao,,84,2.75,2.746893394,JULIO CESAR DELGADO,JÚLIO DELGADO,AVANTE,v,,,,,04/10/2026 19:08:11,sim
1,04/10/2026,6257,Presidente,1,municipio,RN,18350,2411809,SÃO FERNANDO,,,,,PARTIDO NOVO,i,NOVO,0,30,NOVO,PARTIDO NOVO,,30,280002539826,ROMEU ZEMA NETO,ZEMA,28/10/1964,6,Válido,nao,,1,0.03,0.032701112,LUIS EDUARDO GRANGEIRO GIRÃO,EDUARDO GIRÃO,NOVO,v,,,,,04/10/2026 19:08:11,sim
1,04/10/2026,6257,Presidente,1,municipio,RN,18350,2411809,SÃO FERNANDO,,,,,UNIDADE POPULAR,i,UP,0,80,UP,UNIDADE POPULAR,,80,280002538811,SAMARA MARTINS DA SILVA FEITOSA,SAMARA,31/08/1987,7,Válido,nao,,0,0.00,0,RAQUEL NONATO DE BRICIO,RAQUEL BRÍCIO,UP,v,,,,,04/10/2026 19:08:11,sim
1,04/10/2026,6257,Presidente,1,municipio,RN,18350,2411809,SÃO FERNANDO,,,,,DEMOCRATA,i,DEMOCRATA,0,35,DEMOCRATA,DEMOCRATA,,35,280002548139,WILSON GRASSI JUNIOR,VETERINÁRIO WILSON GRASSI,13/03/1970,11,Válido,nao,,0,0.00,0,SUÊD HAIDAR NOGUEIRA,SUÊD HAIDAR,DEMOCRATA,v,,,,,04/10/2026 19:08:11,sim
1,04/10/2026,6257,Presidente,1,municipio,RN,18350,2411809,SÃO FERNANDO,,,,,PARTIDO MISSÃO,i,MISSÃO,0,14,MISSÃO,PARTIDO MISSÃO,,14,280002540694,RENAN ANTONIO FERREIRA DOS SANTOS,RENAN SANTOS,14/02/1984,5,Válido,nao,,52,1.70,1.700457816,AROLDO MEDINA,CORONEL MEDINA,MISSÃO,v,,,,,04/10/2026 19:08:11,sim
1,04/10/2026,6257,Presidente,1,municipio,RN,18350,2411809,SÃO FERNANDO,,,,,PARTIDO DA CAUSA OPERÁRIA,i,PCO,0,29,PCO,PARTIDO DA CAUSA OPERÁRIA,,29,280002552487,RUI COSTA PIMENTA,RUI COSTA PIMENTA,25/06/1957,12,Válido,nao,,0,0.00,0,ANTONIO CARLOS SILVA,ANTÔNIO CARLOS,PCO,v,,,,,04/10/2026 19:08:11,sim
1,04/10/2026,6257,Presidente,1,municipio,RN,18376,2412005,SÃO GONÇALO DO AMARANTE,,,,,PARTIDO LIBERAL,i,PL,0,22,PL,PARTIDO LIBERAL,,22,280002551544,FLAVIO NANTES BOLSONARO,FLAVIO BOLSONARO,30/04/1981,1,Válido,nao,,24704,39.84,39.842590801,ALFREDO GASPAR DE MENDONÇA NETO,ALFREDO GASPAR,PL,v,,,,,04/10/2026 20:58:04,sim
1,04/10/2026,6257,Presidente,1,municipio,RN,18376,2412005,SÃO GONÇALO DO AMARANTE,,,,,PARTIDO SOCIAL DEMOCRÁTICO,i,PSD,0,55,PSD,PARTIDO SOCIAL DEMOCRÁTICO,,55,280002551932,RONALDO RAMOS CAIADO,RONALDO CAIADO,25/09/1949,5,Válido,nao,,615,0.99,0.991871492,GILBERTO KASSAB,GILBERTO KASSAB,PSD,v,,,,,04/10/2026 20:58:04,sim
1,04/10/2026,6257,Presidente,1,municipio,RN,18376,2412005,SÃO GONÇALO DO AMARANTE,,PT/PC do B/PV,FEDERAÇÃO BRASIL DA ESPERANÇA - FE BRASIL,PT/PC do B/PV,BRASIL PRONTO PRA MAIS,c,PSB / PDT / PCDOB / PT / PV / PSOL / REDE,,13,PT,PARTIDO DOS TRABALHADORES,101,13,280002542548,LUIZ INÁCIO LULA DA SILVA,LULA,06/10/1945,2,Válido,nao,,33449,53.95,53.946519579,GERALDO JOSE RODRIGUES ALCKMIN FILHO,GERALDO ALCKMIN,PSB,v,,,,,04/10/2026 20:58:04,sim
1,04/10/2026,6257,Presidente,1,municipio,RN,18376,2412005,SÃO GONÇALO DO AMARANTE,,,,,DEMOCRACIA CRISTÃ,i,DC,0,27,DC,DEMOCRACIA CRISTÃ,,27,280002552484,CLARIANA ZACARKIM BARAO,CLARIANA BARAO,03/04/1987,9,Válido,nao,,17,0.03,0.027417586,FABIANA CRISTINA TAVARES TORQUATO,FABIANA TORQUATO,DC,v,,,,,04/10/2026 20:58:04,sim
1,04/10/2026,6257,Presidente,1,municipio,RN,18376,2412005,SÃO GONÇALO DO AMARANTE,,,,,PARTIDO COMUNISTA BRASILEIRO,i,PCB,0,21,PCB,PARTIDO COMUNISTA BRASILEIRO,,21,280002551975,EDMILSON SILVA COSTA,EDMILSON COSTA,08/04/1950,10,Válido,nao,,8,0.01,0.012902393,CLEUSA DOS SANTOS,CLEUSA SANTOS,PCB,v,,,,,04/10/2026 20:58:04,sim
1,04/10/2026,6257,Presidente,1,municipio,RN,18376,2412005,SÃO GONÇALO DO AMARANTE,,,,,PARTIDO SOCIALISTA  DOS TRABALHADORES UNIFICADO,i,PSTU,0,16,PSTU,PARTIDO SOCIALISTA  DOS TRABALHADORES UNIFICADO,,16,280002541457,HERTZ DA CONCEICAO DIAS,HERTZ DIAS,20/10/1970,8,Válido,nao,,22,0.04,0.035481582,VANESSA PORTUGAL BARBOSA,VANESSA PORTUGAL,PSTU,v,,,,,04/10/2026 20:58:04,sim
1,04/10/2026,6257,Presidente,1,municipio,RN,18376,2412005,SÃO GONÇALO DO AMARANTE,,,,,BRASIL DOS NOSSOS SONHOS,c,AGIR / AVANTE,,70,AVANTE,AVANTE,,70,280002551547,AUGUSTO JORGE CURY,ESCRITOR AUGUSTO CURY,02/10/1958,3,Válido,nao,,1984,3.20,3.199793562,JULIO CESAR DELGADO,JÚLIO DELGADO,AVANTE,v,,,,,04/10/2026 20:58:04,sim
1,04/10/2026,6257,Presidente,1,municipio,RN,18376,2412005,SÃO GONÇALO DO AMARANTE,,,,,PARTIDO NOVO,i,NOVO,0,30,NOVO,PARTIDO NOVO,,30,280002539826,ROMEU ZEMA NETO,ZEMA,28/10/1964,6,Válido,nao,,54,0.09,0.087091155,LUIS EDUARDO GRANGEIRO GIRÃO,EDUARDO GIRÃO,NOVO,v,,,,,04/10/2026 20:58:04,sim
1,04/10/2026,6257,Presidente,1,municipio,RN,18376,2412005,SÃO GONÇALO DO AMARANTE,,,,,UNIDADE POPULAR,i,UP,0,80,UP,UNIDADE POPULAR,,80,280002538811,SAMARA MARTINS DA SILVA FEITOSA,SAMARA,31/08/1987,7,Válido,nao,,43,0.07,0.069350364,RAQUEL NONATO DE BRICIO,RAQUEL BRÍCIO,UP,v,,,,,04/10/2026 20:58:04,sim
1,04/10/2026,6257,Presidente,1,municipio,RN,18376,2412005,SÃO GONÇALO DO AMARANTE,,,,,DEMOCRATA,i,DEMOCRATA,0,35,DEMOCRATA,DEMOCRATA,,35,280002548139,WILSON GRASSI JUNIOR,VETERINÁRIO WILSON GRASSI,13/03/1970,11,Válido,nao,,11,0.02,0.017740791,SUÊD HAIDAR NOGUEIRA,SUÊD HAIDAR,DEMOCRATA,v,,,,,04/10/2026 20:58:04,sim
1,04/10/2026,6257,Presidente,1,municipio,RN,18376,2412005,SÃO GONÇALO DO AMARANTE,,,,,PARTIDO MISSÃO,i,MISSÃO,0,14,MISSÃO,PARTIDO MISSÃO,,14,280002540694,RENAN ANTONIO FERREIRA DOS SANTOS,RENAN SANTOS,14/02/1984,4,Válido,nao,,1091,1.76,1.759563899,AROLDO MEDINA,CORONEL MEDINA,MISSÃO,v,,,,,04/10/2026 20:58:04,sim
1,04/10/2026,6257,Presidente,1,municipio,RN,18376,2412005,SÃO GONÇALO DO AMARANTE,,,,,PARTIDO DA CAUSA OPERÁRIA,i,PCO,0,29,PCO,PARTIDO DA CAUSA OPERÁRIA,,29,280002552487,RUI COSTA PIMENTA,RUI COSTA PIMENTA,25/06/1957,12,Válido,nao,,6,0.01,0.009676795,ANTONIO CARLOS SILVA,ANTÔNIO CARLOS,PCO,v,,,,,04/10/2026 20:58:04,sim
1,04/10/2026,6257,Presidente,1,municipio,RN,18392,2412104,SÃO JOÃO DO SABUGI,,,,,PARTIDO LIBERAL,i,PL,0,22,PL,PARTIDO LIBERAL,,22,280002551544,FLAVIO NANTES BOLSONARO,FLAVIO BOLSONARO,30/04/1981,1,Válido,nao,,1130,26.16,26.163463765,ALFREDO GASPAR DE MENDONÇA NETO,ALFREDO GASPAR,PL,v,,,,,04/10/2026 20:56:15,sim
1,04/10/2026,6257,Presidente,1,municipio,RN,18392,2412104,SÃO JOÃO DO SABUGI,,,,,PARTIDO SOCIAL DEMOCRÁTICO,i,PSD,0,55,PSD,PARTIDO SOCIAL DEMOCRÁTICO,,55,280002551932,RONALDO RAMOS CAIADO,RONALDO CAIADO,25/09/1949,5,Válido,nao,,48,1.11,1.111368372,GILBERTO KASSAB,GILBERTO KASSAB,PSD,v,,,,,04/10/2026 20:56:15,sim
1,04/10/2026,6257,Presidente,1,municipio,RN,18392,2412104,SÃO JOÃO DO SABUGI,,PT/PC do B/PV,FEDERAÇÃO BRASIL DA ESPERANÇA - FE BRASIL,PT/PC do B/PV,BRASIL PRONTO PRA MAIS,c,PSB / PDT / PCDOB / PT / PV / PSOL / REDE,,13,PT,PARTIDO DOS TRABALHADORES,101,13,280002542548,LUIZ INÁCIO LULA DA SILVA,LULA,06/10/1945,2,Válido,nao,,2979,68.97,68.974299606,GERALDO JOSE RODRIGUES ALCKMIN FILHO,GERALDO ALCKMIN,PSB,v,,,,,04/10/2026 20:56:15,sim
1,04/10/2026,6257,Presidente,1,municipio,RN,18392,2412104,SÃO JOÃO DO SABUGI,,,,,DEMOCRACIA CRISTÃ,i,DC,0,27,DC,DEMOCRACIA CRISTÃ,,27,280002552484,CLARIANA ZACARKIM BARAO,CLARIANA BARAO,03/04/1987,9,Válido,nao,,0,0.00,0,FABIANA CRISTINA TAVARES TORQUATO,FABIANA TORQUATO,DC,v,,,,,04/10/2026 20:56:15,sim
1,04/10/2026,6257,Presidente,1,municipio,RN,18392,2412104,SÃO JOÃO DO SABUGI,,,,,PARTIDO COMUNISTA BRASILEIRO,i,PCB,0,21,PCB,PARTIDO COMUNISTA BRASILEIRO,,21,280002551975,EDMILSON SILVA COSTA,EDMILSON COSTA,08/04/1950,10,Válido,nao,,0,0.00,0,CLEUSA DOS SANTOS,CLEUSA SANTOS,PCB,v,,,,,04/10/2026 20:56:15,sim
1,04/10/2026,6257,Presidente,1,municipio,RN,18392,2412104,SÃO JOÃO DO SABUGI,,,,,PARTIDO SOCIALISTA  DOS TRABALHADORES UNIFICADO,i,PSTU,0,16,PSTU,PARTIDO SOCIALISTA  DOS TRABALHADORES UNIFICADO,,16,280002541457,HERTZ DA CONCEICAO DIAS,HERTZ DIAS,20/10/1970,8,Válido,nao,,0,0.00,0,VANESSA PORTUGAL BARBOSA,VANESSA PORTUGAL,PSTU,v,,,,,04/10/2026 20:56:15,sim
1,04/10/2026,6257,Presidente,1,municipio,RN,18392,2412104,SÃO JOÃO DO SABUGI,,,,,BRASIL DOS NOSSOS SONHOS,c,AGIR / AVANTE,,70,AVANTE,AVANTE,,70,280002551547,AUGUSTO JORGE CURY,ESCRITOR AUGUSTO CURY,02/10/1958,3,Válido,nao,,100,2.32,2.315350776,JULIO CESAR DELGADO,JÚLIO DELGADO,AVANTE,v,,,,,04/10/2026 20:56:15,sim
1,04/10/2026,6257,Presidente,1,municipio,RN,18392,2412104,SÃO JOÃO DO SABUGI,,,,,PARTIDO NOVO,i,NOVO,0,30,NOVO,PARTIDO NOVO,,30,280002539826,ROMEU ZEMA NETO,ZEMA,28/10/1964,6,Válido,nao,,4,0.09,0.092614031,LUIS EDUARDO GRANGEIRO GIRÃO,EDUARDO GIRÃO,NOVO,v,,,,,04/10/2026 20:56:15,sim
1,04/10/2026,6257,Presidente,1,municipio,RN,18392,2412104,SÃO JOÃO DO SABUGI,,,,,UNIDADE POPULAR,i,UP,0,80,UP,UNIDADE POPULAR,,80,280002538811,SAMARA MARTINS DA SILVA FEITOSA,SAMARA,31/08/1987,7,Válido,nao,,2,0.05,0.046307016,RAQUEL NONATO DE BRICIO,RAQUEL BRÍCIO,UP,v,,,,,04/10/2026 20:56:15,sim
1,04/10/2026,6257,Presidente,1,municipio,RN,18392,2412104,SÃO JOÃO DO SABUGI,,,,,DEMOCRATA,i,DEMOCRATA,0,35,DEMOCRATA,DEMOCRATA,,35,280002548139,WILSON GRASSI JUNIOR,VETERINÁRIO WILSON GRASSI,13/03/1970,11,Válido,nao,,1,0.02,0.023153508,SUÊD HAIDAR NOGUEIRA,SUÊD HAIDAR,DEMOCRATA,v,,,,,04/10/2026 20:56:15,sim
1,04/10/2026,6257,Presidente,1,municipio,RN,18392,2412104,SÃO JOÃO DO SABUGI,,,,,PARTIDO MISSÃO,i,MISSÃO,0,14,MISSÃO,PARTIDO MISSÃO,,14,280002540694,RENAN ANTONIO FERREIRA DOS SANTOS,RENAN SANTOS,14/02/1984,4,Válido,nao,,54,1.25,1.250289419,AROLDO MEDINA,CORONEL MEDINA,MISSÃO,v,,,,,04/10/2026 20:56:15,sim
1,04/10/2026,6257,Presidente,1,municipio,RN,18392,2412104,SÃO JOÃO DO SABUGI,,,,,PARTIDO DA CAUSA OPERÁRIA,i,PCO,0,29,PCO,PARTIDO DA CAUSA OPERÁRIA,,29,280002552487,RUI COSTA PIMENTA,RUI COSTA PIMENTA,25/06/1957,12,Válido,nao,,1,0.02,0.023153508,ANTONIO CARLOS SILVA,ANTÔNIO CARLOS,PCO,v,,,,,04/10/2026 20:56:15,sim
1,04/10/2026,6257,Presidente,1,municipio,RN,18414,2412203,SÃO JOSÉ DE MIPIBU,,,,,PARTIDO LIBERAL,i,PL,0,22,PL,PARTIDO LIBERAL,,22,280002551544,FLAVIO NANTES BOLSONARO,FLAVIO BOLSONARO,30/04/1981,1,Válido,nao,,10291,37.61,37.613304094,ALFREDO GASPAR DE MENDONÇA NETO,ALFREDO GASPAR,PL,v,,,,,04/10/2026 20:50:40,sim
1,04/10/2026,6257,Presidente,1,municipio,RN,18414,2412203,SÃO JOSÉ DE MIPIBU,,,,,PARTIDO SOCIAL DEMOCRÁTICO,i,PSD,0,55,PSD,PARTIDO SOCIAL DEMOCRÁTICO,,55,280002551932,RONALDO RAMOS CAIADO,RONALDO CAIADO,25/09/1949,5,Válido,nao,,204,0.75,0.745614035,GILBERTO KASSAB,GILBERTO KASSAB,PSD,v,,,,,04/10/2026 20:50:40,sim
1,04/10/2026,6257,Presidente,1,municipio,RN,18414,2412203,SÃO JOSÉ DE MIPIBU,,PT/PC do B/PV,FEDERAÇÃO BRASIL DA ESPERANÇA - FE BRASIL,PT/PC do B/PV,BRASIL PRONTO PRA MAIS,c,PSB / PDT / PCDOB / PT / PV / PSOL / REDE,,13,PT,PARTIDO DOS TRABALHADORES,101,13,280002542548,LUIZ INÁCIO LULA DA SILVA,LULA,06/10/1945,2,Válido,nao,,15658,57.23,57.229532164,GERALDO JOSE RODRIGUES ALCKMIN FILHO,GERALDO ALCKMIN,PSB,v,,,,,04/10/2026 20:50:40,sim
1,04/10/2026,6257,Presidente,1,municipio,RN,18414,2412203,SÃO JOSÉ DE MIPIBU,,,,,DEMOCRACIA CRISTÃ,i,DC,0,27,DC,DEMOCRACIA CRISTÃ,,27,280002552484,CLARIANA ZACARKIM BARAO,CLARIANA BARAO,03/04/1987,9,Válido,nao,,5,0.02,0.018274854,FABIANA CRISTINA TAVARES TORQUATO,FABIANA TORQUATO,DC,v,,,,,04/10/2026 20:50:40,sim
1,04/10/2026,6257,Presidente,1,municipio,RN,18414,2412203,SÃO JOSÉ DE MIPIBU,,,,,PARTIDO COMUNISTA BRASILEIRO,i,PCB,0,21,PCB,PARTIDO COMUNISTA BRASILEIRO,,21,280002551975,EDMILSON SILVA COSTA,EDMILSON COSTA,08/04/1950,10,Válido,nao,,5,0.02,0.018274854,CLEUSA DOS SANTOS,CLEUSA SANTOS,PCB,v,,,,,04/10/2026 20:50:40,sim
1,04/10/2026,6257,Presidente,1,municipio,RN,18414,2412203,SÃO JOSÉ DE MIPIBU,,,,,PARTIDO SOCIALISTA  DOS TRABALHADORES UNIFICADO,i,PSTU,0,16,PSTU,PARTIDO SOCIALISTA  DOS TRABALHADORES UNIFICADO,,16,280002541457,HERTZ DA CONCEICAO DIAS,HERTZ DIAS,20/10/1970,8,Válido,nao,,3,0.01,0.010964912,VANESSA PORTUGAL BARBOSA,VANESSA PORTUGAL,PSTU,v,,,,,04/10/2026 20:50:40,sim
1,04/10/2026,6257,Presidente,1,municipio,RN,18414,2412203,SÃO JOSÉ DE MIPIBU,,,,,BRASIL DOS NOSSOS SONHOS,c,AGIR / AVANTE,,70,AVANTE,AVANTE,,70,280002551547,AUGUSTO JORGE CURY,ESCRITOR AUGUSTO CURY,02/10/1958,3,Válido,nao,,757,2.77,2.766812865,JULIO CESAR DELGADO,JÚLIO DELGADO,AVANTE,v,,,,,04/10/2026 20:50:40,sim
1,04/10/2026,6257,Presidente,1,municipio,RN,18414,2412203,SÃO JOSÉ DE MIPIBU,,,,,PARTIDO NOVO,i,NOVO,0,30,NOVO,PARTIDO NOVO,,30,280002539826,ROMEU ZEMA NETO,ZEMA,28/10/1964,6,Válido,nao,,17,0.06,0.062134503,LUIS EDUARDO GRANGEIRO GIRÃO,EDUARDO GIRÃO,NOVO,v,,,,,04/10/2026 20:50:40,sim
1,04/10/2026,6257,Presidente,1,municipio,RN,18414,2412203,SÃO JOSÉ DE MIPIBU,,,,,UNIDADE POPULAR,i,UP,0,80,UP,UNIDADE POPULAR,,80,280002538811,SAMARA MARTINS DA SILVA FEITOSA,SAMARA,31/08/1987,7,Válido,nao,,16,0.06,0.058479532,RAQUEL NONATO DE BRICIO,RAQUEL BRÍCIO,UP,v,,,,,04/10/2026 20:50:40,sim
1,04/10/2026,6257,Presidente,1,municipio,RN,18414,2412203,SÃO JOSÉ DE MIPIBU,,,,,DEMOCRATA,i,DEMOCRATA,0,35,DEMOCRATA,DEMOCRATA,,35,280002548139,WILSON GRASSI JUNIOR,VETERINÁRIO WILSON GRASSI,13/03/1970,11,Válido,nao,,0,0.00,0,SUÊD HAIDAR NOGUEIRA,SUÊD HAIDAR,DEMOCRATA,v,,,,,04/10/2026 20:50:40,sim
1,04/10/2026,6257,Presidente,1,municipio,RN,18414,2412203,SÃO JOSÉ DE MIPIBU,,,,,PARTIDO MISSÃO,i,MISSÃO,0,14,MISSÃO,PARTIDO MISSÃO,,14,280002540694,RENAN ANTONIO FERREIRA DOS SANTOS,RENAN SANTOS,14/02/1984,4,Válido,nao,,401,1.47,1.465643275,AROLDO MEDINA,CORONEL MEDINA,MISSÃO,v,,,,,04/10/2026 20:50:40,sim
1,04/10/2026,6257,Presidente,1,municipio,RN,18414,2412203,SÃO JOSÉ DE MIPIBU,,,,,PARTIDO DA CAUSA OPERÁRIA,i,PCO,0,29,PCO,PARTIDO DA CAUSA OPERÁRIA,,29,280002552487,RUI COSTA PIMENTA,RUI COSTA PIMENTA,25/06/1957,12,Válido,nao,,3,0.01,0.010964912,ANTONIO CARLOS SILVA,ANTÔNIO CARLOS,PCO,v,,,,,04/10/2026 20:50:40,sim
1,04/10/2026,6257,Presidente,1,municipio,RN,18430,2412302,SÃO JOSÉ DO CAMPESTRE,,,,,PARTIDO LIBERAL,i,PL,0,22,PL,PARTIDO LIBERAL,,22,280002551544,FLAVIO NANTES BOLSONARO,FLAVIO BOLSONARO,30/04/1981,1,Válido,nao,,2474,30.41,30.408062930,ALFREDO GASPAR DE MENDONÇA NETO,ALFREDO GASPAR,PL,v,,,,,04/10/2026 19:11:19,sim
1,04/10/2026,6257,Presidente,1,municipio,RN,18430,2412302,SÃO JOSÉ DO CAMPESTRE,,,,,PARTIDO SOCIAL DEMOCRÁTICO,i,PSD,0,55,PSD,PARTIDO SOCIAL DEMOCRÁTICO,,55,280002551932,RONALDO RAMOS CAIADO,RONALDO CAIADO,25/09/1949,5,Válido,nao,,38,0.47,0.467059980,GILBERTO KASSAB,GILBERTO KASSAB,PSD,v,,,,,04/10/2026 19:11:19,sim
1,04/10/2026,6257,Presidente,1,municipio,RN,18430,2412302,SÃO JOSÉ DO CAMPESTRE,,PT/PC do B/PV,FEDERAÇÃO BRASIL DA ESPERANÇA - FE BRASIL,PT/PC do B/PV,BRASIL PRONTO PRA MAIS,c,PSB / PDT / PCDOB / PT / PV / PSOL / REDE,,13,PT,PARTIDO DOS TRABALHADORES,101,13,280002542548,LUIZ INÁCIO LULA DA SILVA,LULA,06/10/1945,2,Válido,nao,,5388,66.22,66.224188791,GERALDO JOSE RODRIGUES ALCKMIN FILHO,GERALDO ALCKMIN,PSB,v,,,,,04/10/2026 19:11:19,sim
1,04/10/2026,6257,Presidente,1,municipio,RN,18430,2412302,SÃO JOSÉ DO CAMPESTRE,,,,,DEMOCRACIA CRISTÃ,i,DC,0,27,DC,DEMOCRACIA CRISTÃ,,27,280002552484,CLARIANA ZACARKIM BARAO,CLARIANA BARAO,03/04/1987,9,Válido,nao,,2,0.02,0.024582104,FABIANA CRISTINA TAVARES TORQUATO,FABIANA TORQUATO,DC,v,,,,,04/10/2026 19:11:19,sim
1,04/10/2026,6257,Presidente,1,municipio,RN,18430,2412302,SÃO JOSÉ DO CAMPESTRE,,,,,PARTIDO COMUNISTA BRASILEIRO,i,PCB,0,21,PCB,PARTIDO COMUNISTA BRASILEIRO,,21,280002551975,EDMILSON SILVA COSTA,EDMILSON COSTA,08/04/1950,10,Válido,nao,,2,0.02,0.024582104,CLEUSA DOS SANTOS,CLEUSA SANTOS,PCB,v,,,,,04/10/2026 19:11:19,sim
1,04/10/2026,6257,Presidente,1,municipio,RN,18430,2412302,SÃO JOSÉ DO CAMPESTRE,,,,,PARTIDO SOCIALISTA  DOS TRABALHADORES UNIFICADO,i,PSTU,0,16,PSTU,PARTIDO SOCIALISTA  DOS TRABALHADORES UNIFICADO,,16,280002541457,HERTZ DA CONCEICAO DIAS,HERTZ DIAS,20/10/1970,8,Válido,nao,,0,0.00,0,VANESSA PORTUGAL BARBOSA,VANESSA PORTUGAL,PSTU,v,,,,,04/10/2026 19:11:19,sim
1,04/10/2026,6257,Presidente,1,municipio,RN,18430,2412302,SÃO JOSÉ DO CAMPESTRE,,,,,BRASIL DOS NOSSOS SONHOS,c,AGIR / AVANTE,,70,AVANTE,AVANTE,,70,280002551547,AUGUSTO JORGE CURY,ESCRITOR AUGUSTO CURY,02/10/1958,3,Válido,nao,,151,1.86,1.855948869,JULIO CESAR DELGADO,JÚLIO DELGADO,AVANTE,v,,,,,04/10/2026 19:11:19,sim
1,04/10/2026,6257,Presidente,1,municipio,RN,18430,2412302,SÃO JOSÉ DO CAMPESTRE,,,,,PARTIDO NOVO,i,NOVO,0,30,NOVO,PARTIDO NOVO,,30,280002539826,ROMEU ZEMA NETO,ZEMA,28/10/1964,6,Válido,nao,,1,0.01,0.012291052,LUIS EDUARDO GRANGEIRO GIRÃO,EDUARDO GIRÃO,NOVO,v,,,,,04/10/2026 19:11:19,sim
1,04/10/2026,6257,Presidente,1,municipio,RN,18430,2412302,SÃO JOSÉ DO CAMPESTRE,,,,,UNIDADE POPULAR,i,UP,0,80,UP,UNIDADE POPULAR,,80,280002538811,SAMARA MARTINS DA SILVA FEITOSA,SAMARA,31/08/1987,7,Válido,nao,,3,0.04,0.036873156,RAQUEL NONATO DE BRICIO,RAQUEL BRÍCIO,UP,v,,,,,04/10/2026 19:11:19,sim
1,04/10/2026,6257,Presidente,1,municipio,RN,18430,2412302,SÃO JOSÉ DO CAMPESTRE,,,,,DEMOCRATA,i,DEMOCRATA,0,35,DEMOCRATA,DEMOCRATA,,35,280002548139,WILSON GRASSI JUNIOR,VETERINÁRIO WILSON GRASSI,13/03/1970,11,Válido,nao,,0,0.00,0,SUÊD HAIDAR NOGUEIRA,SUÊD HAIDAR,DEMOCRATA,v,,,,,04/10/2026 19:11:19,sim
1,04/10/2026,6257,Presidente,1,municipio,RN,18430,2412302,SÃO JOSÉ DO CAMPESTRE,,,,,PARTIDO MISSÃO,i,MISSÃO,0,14,MISSÃO,PARTIDO MISSÃO,,14,280002540694,RENAN ANTONIO FERREIRA DOS SANTOS,RENAN SANTOS,14/02/1984,4,Válido,nao,,75,0.92,0.921828909,AROLDO MEDINA,CORONEL MEDINA,MISSÃO,v,,,,,04/10/2026 19:11:19,sim
1,04/10/2026,6257,Presidente,1,municipio,RN,18430,2412302,SÃO JOSÉ DO CAMPESTRE,,,,,PARTIDO DA CAUSA OPERÁRIA,i,PCO,0,29,PCO,PARTIDO DA CAUSA OPERÁRIA,,29,280002552487,RUI COSTA PIMENTA,RUI COSTA PIMENTA,25/06/1957,12,Válido,nao,,2,0.02,0.024582104,ANTONIO CARLOS SILVA,ANTÔNIO CARLOS,PCO,v,,,,,04/10/2026 19:11:19,sim
1,04/10/2026,6257,Presidente,1,municipio,RN,18457,2412401,SÃO JOSÉ DO SERIDÓ,,,,,PARTIDO LIBERAL,i,PL,0,22,PL,PARTIDO LIBERAL,,22,280002551544,FLAVIO NANTES BOLSONARO,FLAVIO BOLSONARO,30/04/1981,1,Válido,nao,,949,25.79,25.788043478,ALFREDO GASPAR DE MENDONÇA NETO,ALFREDO GASPAR,PL,v,,,,,04/10/2026 19:24:41,sim
1,04/10/2026,6257,Presidente,1,municipio,RN,18457,2412401,SÃO JOSÉ DO SERIDÓ,,,,,PARTIDO SOCIAL DEMOCRÁTICO,i,PSD,0,55,PSD,PARTIDO SOCIAL DEMOCRÁTICO,,55,280002551932,RONALDO RAMOS CAIADO,RONALDO CAIADO,25/09/1949,5,Válido,nao,,36,0.98,0.978260870,GILBERTO KASSAB,GILBERTO KASSAB,PSD,v,,,,,04/10/2026 19:24:41,sim
1,04/10/2026,6257,Presidente,1,municipio,RN,18457,2412401,SÃO JOSÉ DO SERIDÓ,,PT/PC do B/PV,FEDERAÇÃO BRASIL DA ESPERANÇA - FE BRASIL,PT/PC do B/PV,BRASIL PRONTO PRA MAIS,c,PSB / PDT / PCDOB / PT / PV / PSOL / REDE,,13,PT,PARTIDO DOS TRABALHADORES,101,13,280002542548,LUIZ INÁCIO LULA DA SILVA,LULA,06/10/1945,2,Válido,nao,,2481,67.42,67.418478261,GERALDO JOSE RODRIGUES ALCKMIN FILHO,GERALDO ALCKMIN,PSB,v,,,,,04/10/2026 19:24:41,sim
1,04/10/2026,6257,Presidente,1,municipio,RN,18457,2412401,SÃO JOSÉ DO SERIDÓ,,,,,DEMOCRACIA CRISTÃ,i,DC,0,27,DC,DEMOCRACIA CRISTÃ,,27,280002552484,CLARIANA ZACARKIM BARAO,CLARIANA BARAO,03/04/1987,9,Válido,nao,,0,0.00,0,FABIANA CRISTINA TAVARES TORQUATO,FABIANA TORQUATO,DC,v,,,,,04/10/2026 19:24:41,sim
1,04/10/2026,6257,Presidente,1,municipio,RN,18457,2412401,SÃO JOSÉ DO SERIDÓ,,,,,PARTIDO COMUNISTA BRASILEIRO,i,PCB,0,21,PCB,PARTIDO COMUNISTA BRASILEIRO,,21,280002551975,EDMILSON SILVA COSTA,EDMILSON COSTA,08/04/1950,10,Válido,nao,,2,0.05,0.054347826,CLEUSA DOS SANTOS,CLEUSA SANTOS,PCB,v,,,,,04/10/2026 19:24:41,sim
1,04/10/2026,6257,Presidente,1,municipio,RN,18457,2412401,SÃO JOSÉ DO SERIDÓ,,,,,PARTIDO SOCIALISTA  DOS TRABALHADORES UNIFICADO,i,PSTU,0,16,PSTU,PARTIDO SOCIALISTA  DOS TRABALHADORES UNIFICADO,,16,280002541457,HERTZ DA CONCEICAO DIAS,HERTZ DIAS,20/10/1970,8,Válido,nao,,0,0.00,0,VANESSA PORTUGAL BARBOSA,VANESSA PORTUGAL,PSTU,v,,,,,04/10/2026 19:24:41,sim
1,04/10/2026,6257,Presidente,1,municipio,RN,18457,2412401,SÃO JOSÉ DO SERIDÓ,,,,,BRASIL DOS NOSSOS SONHOS,c,AGIR / AVANTE,,70,AVANTE,AVANTE,,70,280002551547,AUGUSTO JORGE CURY,ESCRITOR AUGUSTO CURY,02/10/1958,3,Válido,nao,,159,4.32,4.320652174,JULIO CESAR DELGADO,JÚLIO DELGADO,AVANTE,v,,,,,04/10/2026 19:24:41,sim
1,04/10/2026,6257,Presidente,1,municipio,RN,18457,2412401,SÃO JOSÉ DO SERIDÓ,,,,,PARTIDO NOVO,i,NOVO,0,30,NOVO,PARTIDO NOVO,,30,280002539826,ROMEU ZEMA NETO,ZEMA,28/10/1964,6,Válido,nao,,3,0.08,0.081521739,LUIS EDUARDO GRANGEIRO GIRÃO,EDUARDO GIRÃO,NOVO,v,,,,,04/10/2026 19:24:41,sim
1,04/10/2026,6257,Presidente,1,municipio,RN,18457,2412401,SÃO JOSÉ DO SERIDÓ,,,,,UNIDADE POPULAR,i,UP,0,80,UP,UNIDADE POPULAR,,80,280002538811,SAMARA MARTINS DA SILVA FEITOSA,SAMARA,31/08/1987,7,Válido,nao,,1,0.03,0.027173913,RAQUEL NONATO DE BRICIO,RAQUEL BRÍCIO,UP,v,,,,,04/10/2026 19:24:41,sim
1,04/10/2026,6257,Presidente,1,municipio,RN,18457,2412401,SÃO JOSÉ DO SERIDÓ,,,,,DEMOCRATA,i,DEMOCRATA,0,35,DEMOCRATA,DEMOCRATA,,35,280002548139,WILSON GRASSI JUNIOR,VETERINÁRIO WILSON GRASSI,13/03/1970,11,Válido,nao,,0,0.00,0,SUÊD HAIDAR NOGUEIRA,SUÊD HAIDAR,DEMOCRATA,v,,,,,04/10/2026 19:24:41,sim
1,04/10/2026,6257,Presidente,1,municipio,RN,18457,2412401,SÃO JOSÉ DO SERIDÓ,,,,,PARTIDO MISSÃO,i,MISSÃO,0,14,MISSÃO,PARTIDO MISSÃO,,14,280002540694,RENAN ANTONIO FERREIRA DOS SANTOS,RENAN SANTOS,14/02/1984,4,Válido,nao,,49,1.33,1.331521739,AROLDO MEDINA,CORONEL MEDINA,MISSÃO,v,,,,,04/10/2026 19:24:41,sim
1,04/10/2026,6257,Presidente,1,municipio,RN,18457,2412401,SÃO JOSÉ DO SERIDÓ,,,,,PARTIDO DA CAUSA OPERÁRIA,i,PCO,0,29,PCO,PARTIDO DA CAUSA OPERÁRIA,,29,280002552487,RUI COSTA PIMENTA,RUI COSTA PIMENTA,25/06/1957,12,Válido,nao,,0,0.00,0,ANTONIO CARLOS SILVA,ANTÔNIO CARLOS,PCO,v,,,,,04/10/2026 19:24:41,sim
1,04/10/2026,6257,Presidente,1,municipio,RN,18473,2412500,SÃO MIGUEL,,,,,PARTIDO LIBERAL,i,PL,0,22,PL,PARTIDO LIBERAL,,22,280002551544,FLAVIO NANTES BOLSONARO,FLAVIO BOLSONARO,30/04/1981,1,Válido,nao,,3195,22.42,22.416333403,ALFREDO GASPAR DE MENDONÇA NETO,ALFREDO GASPAR,PL,v,,,,,04/10/2026 20:52:01,sim
1,04/10/2026,6257,Presidente,1,municipio,RN,18473,2412500,SÃO MIGUEL,,,,,PARTIDO SOCIAL DEMOCRÁTICO,i,PSD,0,55,PSD,PARTIDO SOCIAL DEMOCRÁTICO,,55,280002551932,RONALDO RAMOS CAIADO,RONALDO CAIADO,25/09/1949,5,Válido,nao,,88,0.62,0.617413878,GILBERTO KASSAB,GILBERTO KASSAB,PSD,v,,,,,04/10/2026 20:52:01,sim
1,04/10/2026,6257,Presidente,1,municipio,RN,18473,2412500,SÃO MIGUEL,,PT/PC do B/PV,FEDERAÇÃO BRASIL DA ESPERANÇA - FE BRASIL,PT/PC do B/PV,BRASIL PRONTO PRA MAIS,c,PSB / PDT / PCDOB / PT / PV / PSOL / REDE,,13,PT,PARTIDO DOS TRABALHADORES,101,13,280002542548,LUIZ INÁCIO LULA DA SILVA,LULA,06/10/1945,2,Válido,nao,,10398,72.95,72.953062513,GERALDO JOSE RODRIGUES ALCKMIN FILHO,GERALDO ALCKMIN,PSB,v,,,,,04/10/2026 20:52:01,sim
1,04/10/2026,6257,Presidente,1,municipio,RN,18473,2412500,SÃO MIGUEL,,,,,DEMOCRACIA CRISTÃ,i,DC,0,27,DC,DEMOCRACIA CRISTÃ,,27,280002552484,CLARIANA ZACARKIM BARAO,CLARIANA BARAO,03/04/1987,9,Válido,nao,,1,0.01,0.007016067,FABIANA CRISTINA TAVARES TORQUATO,FABIANA TORQUATO,DC,v,,,,,04/10/2026 20:52:01,sim
1,04/10/2026,6257,Presidente,1,municipio,RN,18473,2412500,SÃO MIGUEL,,,,,PARTIDO COMUNISTA BRASILEIRO,i,PCB,0,21,PCB,PARTIDO COMUNISTA BRASILEIRO,,21,280002551975,EDMILSON SILVA COSTA,EDMILSON COSTA,08/04/1950,10,Válido,nao,,3,0.02,0.021048200,CLEUSA DOS SANTOS,CLEUSA SANTOS,PCB,v,,,,,04/10/2026 20:52:01,sim
1,04/10/2026,6257,Presidente,1,municipio,RN,18473,2412500,SÃO MIGUEL,,,,,PARTIDO SOCIALISTA  DOS TRABALHADORES UNIFICADO,i,PSTU,0,16,PSTU,PARTIDO SOCIALISTA  DOS TRABALHADORES UNIFICADO,,16,280002541457,HERTZ DA CONCEICAO DIAS,HERTZ DIAS,20/10/1970,8,Válido,nao,,1,0.01,0.007016067,VANESSA PORTUGAL BARBOSA,VANESSA PORTUGAL,PSTU,v,,,,,04/10/2026 20:52:01,sim
1,04/10/2026,6257,Presidente,1,municipio,RN,18473,2412500,SÃO MIGUEL,,,,,BRASIL DOS NOSSOS SONHOS,c,AGIR / AVANTE,,70,AVANTE,AVANTE,,70,280002551547,AUGUSTO JORGE CURY,ESCRITOR AUGUSTO CURY,02/10/1958,3,Válido,nao,,314,2.20,2.203044973,JULIO CESAR DELGADO,JÚLIO DELGADO,AVANTE,v,,,,,04/10/2026 20:52:01,sim
1,04/10/2026,6257,Presidente,1,municipio,RN,18473,2412500,SÃO MIGUEL,,,,,PARTIDO NOVO,i,NOVO,0,30,NOVO,PARTIDO NOVO,,30,280002539826,ROMEU ZEMA NETO,ZEMA,28/10/1964,6,Válido,nao,,6,0.04,0.042096401,LUIS EDUARDO GRANGEIRO GIRÃO,EDUARDO GIRÃO,NOVO,v,,,,,04/10/2026 20:52:01,sim
1,04/10/2026,6257,Presidente,1,municipio,RN,18473,2412500,SÃO MIGUEL,,,,,UNIDADE POPULAR,i,UP,0,80,UP,UNIDADE POPULAR,,80,280002538811,SAMARA MARTINS DA SILVA FEITOSA,SAMARA,31/08/1987,7,Válido,nao,,6,0.04,0.042096401,RAQUEL NONATO DE BRICIO,RAQUEL BRÍCIO,UP,v,,,,,04/10/2026 20:52:01,sim
1,04/10/2026,6257,Presidente,1,municipio,RN,18473,2412500,SÃO MIGUEL,,,,,DEMOCRATA,i,DEMOCRATA,0,35,DEMOCRATA,DEMOCRATA,,35,280002548139,WILSON GRASSI JUNIOR,VETERINÁRIO WILSON GRASSI,13/03/1970,11,Válido,nao,,2,0.01,0.014032134,SUÊD HAIDAR NOGUEIRA,SUÊD HAIDAR,DEMOCRATA,v,,,,,04/10/2026 20:52:01,sim
1,04/10/2026,6257,Presidente,1,municipio,RN,18473,2412500,SÃO MIGUEL,,,,,PARTIDO MISSÃO,i,MISSÃO,0,14,MISSÃO,PARTIDO MISSÃO,,14,280002540694,RENAN ANTONIO FERREIRA DOS SANTOS,RENAN SANTOS,14/02/1984,4,Válido,nao,,238,1.67,1.669823897,AROLDO MEDINA,CORONEL MEDINA,MISSÃO,v,,,,,04/10/2026 20:52:01,sim
1,04/10/2026,6257,Presidente,1,municipio,RN,18473,2412500,SÃO MIGUEL,,,,,PARTIDO DA CAUSA OPERÁRIA,i,PCO,0,29,PCO,PARTIDO DA CAUSA OPERÁRIA,,29,280002552487,RUI COSTA PIMENTA,RUI COSTA PIMENTA,25/06/1957,12,Válido,nao,,1,0.01,0.007016067,ANTONIO CARLOS SILVA,ANTÔNIO CARLOS,PCO,v,,,,,04/10/2026 20:52:01,sim
1,04/10/2026,6257,Presidente,1,municipio,RN,18490,2412609,SÃO PAULO DO POTENGI,,,,,PARTIDO LIBERAL,i,PL,0,22,PL,PARTIDO LIBERAL,,22,280002551544,FLAVIO NANTES BOLSONARO,FLAVIO BOLSONARO,30/04/1981,1,Válido,nao,,5020,44.03,44.031225331,ALFREDO GASPAR DE MENDONÇA NETO,ALFREDO GASPAR,PL,v,,,,,04/10/2026 21:01:52,sim
1,04/10/2026,6257,Presidente,1,municipio,RN,18490,2412609,SÃO PAULO DO POTENGI,,,,,PARTIDO SOCIAL DEMOCRÁTICO,i,PSD,0,55,PSD,PARTIDO SOCIAL DEMOCRÁTICO,,55,280002551932,RONALDO RAMOS CAIADO,RONALDO CAIADO,25/09/1949,5,Válido,nao,,72,0.63,0.631523551,GILBERTO KASSAB,GILBERTO KASSAB,PSD,v,,,,,04/10/2026 21:01:52,sim
1,04/10/2026,6257,Presidente,1,municipio,RN,18490,2412609,SÃO PAULO DO POTENGI,,PT/PC do B/PV,FEDERAÇÃO BRASIL DA ESPERANÇA - FE BRASIL,PT/PC do B/PV,BRASIL PRONTO PRA MAIS,c,PSB / PDT / PCDOB / PT / PV / PSOL / REDE,,13,PT,PARTIDO DOS TRABALHADORES,101,13,280002542548,LUIZ INÁCIO LULA DA SILVA,LULA,06/10/1945,2,Válido,nao,,5861,51.41,51.407771248,GERALDO JOSE RODRIGUES ALCKMIN FILHO,GERALDO ALCKMIN,PSB,v,,,,,04/10/2026 21:01:52,sim
1,04/10/2026,6257,Presidente,1,municipio,RN,18490,2412609,SÃO PAULO DO POTENGI,,,,,DEMOCRACIA CRISTÃ,i,DC,0,27,DC,DEMOCRACIA CRISTÃ,,27,280002552484,CLARIANA ZACARKIM BARAO,CLARIANA BARAO,03/04/1987,9,Válido,nao,,1,0.01,0.008771160,FABIANA CRISTINA TAVARES TORQUATO,FABIANA TORQUATO,DC,v,,,,,04/10/2026 21:01:52,sim
1,04/10/2026,6257,Presidente,1,municipio,RN,18490,2412609,SÃO PAULO DO POTENGI,,,,,PARTIDO COMUNISTA BRASILEIRO,i,PCB,0,21,PCB,PARTIDO COMUNISTA BRASILEIRO,,21,280002551975,EDMILSON SILVA COSTA,EDMILSON COSTA,08/04/1950,10,Válido,nao,,3,0.03,0.026313481,CLEUSA DOS SANTOS,CLEUSA SANTOS,PCB,v,,,,,04/10/2026 21:01:52,sim
1,04/10/2026,6257,Presidente,1,municipio,RN,18490,2412609,SÃO PAULO DO POTENGI,,,,,PARTIDO SOCIALISTA  DOS TRABALHADORES UNIFICADO,i,PSTU,0,16,PSTU,PARTIDO SOCIALISTA  DOS TRABALHADORES UNIFICADO,,16,280002541457,HERTZ DA CONCEICAO DIAS,HERTZ DIAS,20/10/1970,8,Válido,nao,,3,0.03,0.026313481,VANESSA PORTUGAL BARBOSA,VANESSA PORTUGAL,PSTU,v,,,,,04/10/2026 21:01:52,sim
1,04/10/2026,6257,Presidente,1,municipio,RN,18490,2412609,SÃO PAULO DO POTENGI,,,,,BRASIL DOS NOSSOS SONHOS,c,AGIR / AVANTE,,70,AVANTE,AVANTE,,70,280002551547,AUGUSTO JORGE CURY,ESCRITOR AUGUSTO CURY,02/10/1958,3,Válido,nao,,305,2.68,2.675203929,JULIO CESAR DELGADO,JÚLIO DELGADO,AVANTE,v,,,,,04/10/2026 21:01:52,sim
1,04/10/2026,6257,Presidente,1,municipio,RN,18490,2412609,SÃO PAULO DO POTENGI,,,,,PARTIDO NOVO,i,NOVO,0,30,NOVO,PARTIDO NOVO,,30,280002539826,ROMEU ZEMA NETO,ZEMA,28/10/1964,6,Válido,nao,,4,0.04,0.035084642,LUIS EDUARDO GRANGEIRO GIRÃO,EDUARDO GIRÃO,NOVO,v,,,,,04/10/2026 21:01:52,sim
1,04/10/2026,6257,Presidente,1,municipio,RN,18490,2412609,SÃO PAULO DO POTENGI,,,,,UNIDADE POPULAR,i,UP,0,80,UP,UNIDADE POPULAR,,80,280002538811,SAMARA MARTINS DA SILVA FEITOSA,SAMARA,31/08/1987,7,Válido,nao,,5,0.04,0.043855802,RAQUEL NONATO DE BRICIO,RAQUEL BRÍCIO,UP,v,,,,,04/10/2026 21:01:52,sim
1,04/10/2026,6257,Presidente,1,municipio,RN,18490,2412609,SÃO PAULO DO POTENGI,,,,,DEMOCRATA,i,DEMOCRATA,0,35,DEMOCRATA,DEMOCRATA,,35,280002548139,WILSON GRASSI JUNIOR,VETERINÁRIO WILSON GRASSI,13/03/1970,11,Válido,nao,,1,0.01,0.008771160,SUÊD HAIDAR NOGUEIRA,SUÊD HAIDAR,DEMOCRATA,v,,,,,04/10/2026 21:01:52,sim
1,04/10/2026,6257,Presidente,1,municipio,RN,18490,2412609,SÃO PAULO DO POTENGI,,,,,PARTIDO MISSÃO,i,MISSÃO,0,14,MISSÃO,PARTIDO MISSÃO,,14,280002540694,RENAN ANTONIO FERREIRA DOS SANTOS,RENAN SANTOS,14/02/1984,4,Válido,nao,,126,1.11,1.105166213,AROLDO MEDINA,CORONEL MEDINA,MISSÃO,v,,,,,04/10/2026 21:01:52,sim
1,04/10/2026,6257,Presidente,1,municipio,RN,18490,2412609,SÃO PAULO DO POTENGI,,,,,PARTIDO DA CAUSA OPERÁRIA,i,PCO,0,29,PCO,PARTIDO DA CAUSA OPERÁRIA,,29,280002552487,RUI COSTA PIMENTA,RUI COSTA PIMENTA,25/06/1957,12,Válido,nao,,0,0.00,0,ANTONIO CARLOS SILVA,ANTÔNIO CARLOS,PCO,v,,,,,04/10/2026 21:01:52,sim
1,04/10/2026,6257,Presidente,1,municipio,RN,18511,2412708,SÃO PEDRO,,,,,PARTIDO LIBERAL,i,PL,0,22,PL,PARTIDO LIBERAL,,22,280002551544,FLAVIO NANTES BOLSONARO,FLAVIO BOLSONARO,30/04/1981,1,Válido,nao,,1510,29.57,29.573051312,ALFREDO GASPAR DE MENDONÇA NETO,ALFREDO GASPAR,PL,v,,,,,04/10/2026 18:58:28,sim
1,04/10/2026,6257,Presidente,1,municipio,RN,18511,2412708,SÃO PEDRO,,,,,PARTIDO SOCIAL DEMOCRÁTICO,i,PSD,0,55,PSD,PARTIDO SOCIAL DEMOCRÁTICO,,55,280002551932,RONALDO RAMOS CAIADO,RONALDO CAIADO,25/09/1949,4,Válido,nao,,32,0.63,0.626713670,GILBERTO KASSAB,GILBERTO KASSAB,PSD,v,,,,,04/10/2026 18:58:28,sim
1,04/10/2026,6257,Presidente,1,municipio,RN,18511,2412708,SÃO PEDRO,,PT/PC do B/PV,FEDERAÇÃO BRASIL DA ESPERANÇA - FE BRASIL,PT/PC do B/PV,BRASIL PRONTO PRA MAIS,c,PSB / PDT / PCDOB / PT / PV / PSOL / REDE,,13,PT,PARTIDO DOS TRABALHADORES,101,13,280002542548,LUIZ INÁCIO LULA DA SILVA,LULA,06/10/1945,2,Válido,nao,,3375,66.10,66.098707403,GERALDO JOSE RODRIGUES ALCKMIN FILHO,GERALDO ALCKMIN,PSB,v,,,,,04/10/2026 18:58:28,sim
1,04/10/2026,6257,Presidente,1,municipio,RN,18511,2412708,SÃO PEDRO,,,,,DEMOCRACIA CRISTÃ,i,DC,0,27,DC,DEMOCRACIA CRISTÃ,,27,280002552484,CLARIANA ZACARKIM BARAO,CLARIANA BARAO,03/04/1987,9,Válido,nao,,0,0.00,0,FABIANA CRISTINA TAVARES TORQUATO,FABIANA TORQUATO,DC,v,,,,,04/10/2026 18:58:28,sim
1,04/10/2026,6257,Presidente,1,municipio,RN,18511,2412708,SÃO PEDRO,,,,,PARTIDO COMUNISTA BRASILEIRO,i,PCB,0,21,PCB,PARTIDO COMUNISTA BRASILEIRO,,21,280002551975,EDMILSON SILVA COSTA,EDMILSON COSTA,08/04/1950,10,Válido,nao,,0,0.00,0,CLEUSA DOS SANTOS,CLEUSA SANTOS,PCB,v,,,,,04/10/2026 18:58:28,sim
1,04/10/2026,6257,Presidente,1,municipio,RN,18511,2412708,SÃO PEDRO,,,,,PARTIDO SOCIALISTA  DOS TRABALHADORES UNIFICADO,i,PSTU,0,16,PSTU,PARTIDO SOCIALISTA  DOS TRABALHADORES UNIFICADO,,16,280002541457,HERTZ DA CONCEICAO DIAS,HERTZ DIAS,20/10/1970,8,Válido,nao,,0,0.00,0,VANESSA PORTUGAL BARBOSA,VANESSA PORTUGAL,PSTU,v,,,,,04/10/2026 18:58:28,sim
1,04/10/2026,6257,Presidente,1,municipio,RN,18511,2412708,SÃO PEDRO,,,,,BRASIL DOS NOSSOS SONHOS,c,AGIR / AVANTE,,70,AVANTE,AVANTE,,70,280002551547,AUGUSTO JORGE CURY,ESCRITOR AUGUSTO CURY,02/10/1958,3,Válido,nao,,142,2.78,2.781041911,JULIO CESAR DELGADO,JÚLIO DELGADO,AVANTE,v,,,,,04/10/2026 18:58:28,sim
1,04/10/2026,6257,Presidente,1,municipio,RN,18511,2412708,SÃO PEDRO,,,,,PARTIDO NOVO,i,NOVO,0,30,NOVO,PARTIDO NOVO,,30,280002539826,ROMEU ZEMA NETO,ZEMA,28/10/1964,6,Válido,nao,,4,0.08,0.078339209,LUIS EDUARDO GRANGEIRO GIRÃO,EDUARDO GIRÃO,NOVO,v,,,,,04/10/2026 18:58:28,sim
1,04/10/2026,6257,Presidente,1,municipio,RN,18511,2412708,SÃO PEDRO,,,,,UNIDADE POPULAR,i,UP,0,80,UP,UNIDADE POPULAR,,80,280002538811,SAMARA MARTINS DA SILVA FEITOSA,SAMARA,31/08/1987,7,Válido,nao,,1,0.02,0.019584802,RAQUEL NONATO DE BRICIO,RAQUEL BRÍCIO,UP,v,,,,,04/10/2026 18:58:28,sim
1,04/10/2026,6257,Presidente,1,municipio,RN,18511,2412708,SÃO PEDRO,,,,,DEMOCRATA,i,DEMOCRATA,0,35,DEMOCRATA,DEMOCRATA,,35,280002548139,WILSON GRASSI JUNIOR,VETERINÁRIO WILSON GRASSI,13/03/1970,11,Válido,nao,,0,0.00,0,SUÊD HAIDAR NOGUEIRA,SUÊD HAIDAR,DEMOCRATA,v,,,,,04/10/2026 18:58:28,sim
1,04/10/2026,6257,Presidente,1,municipio,RN,18511,2412708,SÃO PEDRO,,,,,PARTIDO MISSÃO,i,MISSÃO,0,14,MISSÃO,PARTIDO MISSÃO,,14,280002540694,RENAN ANTONIO FERREIRA DOS SANTOS,RENAN SANTOS,14/02/1984,5,Válido,nao,,40,0.78,0.783392088,AROLDO MEDINA,CORONEL MEDINA,MISSÃO,v,,,,,04/10/2026 18:58:28,sim
1,04/10/2026,6257,Presidente,1,municipio,RN,18511,2412708,SÃO PEDRO,,,,,PARTIDO DA CAUSA OPERÁRIA,i,PCO,0,29,PCO,PARTIDO DA CAUSA OPERÁRIA,,29,280002552487,RUI COSTA PIMENTA,RUI COSTA PIMENTA,25/06/1957,12,Válido,nao,,2,0.04,0.039169604,ANTONIO CARLOS SILVA,ANTÔNIO CARLOS,PCO,v,,,,,04/10/2026 18:58:28,sim
1,04/10/2026,6257,Presidente,1,municipio,RN,18538,2412807,SÃO RAFAEL,,,,,PARTIDO LIBERAL,i,PL,0,22,PL,PARTIDO LIBERAL,,22,280002551544,FLAVIO NANTES BOLSONARO,FLAVIO BOLSONARO,30/04/1981,1,Válido,nao,,1628,27.90,27.895819054,ALFREDO GASPAR DE MENDONÇA NETO,ALFREDO GASPAR,PL,v,,,,,04/10/2026 19:11:43,sim
1,04/10/2026,6257,Presidente,1,municipio,RN,18538,2412807,SÃO RAFAEL,,,,,PARTIDO SOCIAL DEMOCRÁTICO,i,PSD,0,55,PSD,PARTIDO SOCIAL DEMOCRÁTICO,,55,280002551932,RONALDO RAMOS CAIADO,RONALDO CAIADO,25/09/1949,5,Válido,nao,,31,0.53,0.531185744,GILBERTO KASSAB,GILBERTO KASSAB,PSD,v,,,,,04/10/2026 19:11:43,sim
1,04/10/2026,6257,Presidente,1,municipio,RN,18538,2412807,SÃO RAFAEL,,PT/PC do B/PV,FEDERAÇÃO BRASIL DA ESPERANÇA - FE BRASIL,PT/PC do B/PV,BRASIL PRONTO PRA MAIS,c,PSB / PDT / PCDOB / PT / PV / PSOL / REDE,,13,PT,PARTIDO DOS TRABALHADORES,101,13,280002542548,LUIZ INÁCIO LULA DA SILVA,LULA,06/10/1945,2,Válido,nao,,3929,67.32,67.323509253,GERALDO JOSE RODRIGUES ALCKMIN FILHO,GERALDO ALCKMIN,PSB,v,,,,,04/10/2026 19:11:43,sim
1,04/10/2026,6257,Presidente,1,municipio,RN,18538,2412807,SÃO RAFAEL,,,,,DEMOCRACIA CRISTÃ,i,DC,0,27,DC,DEMOCRACIA CRISTÃ,,27,280002552484,CLARIANA ZACARKIM BARAO,CLARIANA BARAO,03/04/1987,9,Válido,nao,,0,0.00,0,FABIANA CRISTINA TAVARES TORQUATO,FABIANA TORQUATO,DC,v,,,,,04/10/2026 19:11:43,sim
1,04/10/2026,6257,Presidente,1,municipio,RN,18538,2412807,SÃO RAFAEL,,,,,PARTIDO COMUNISTA BRASILEIRO,i,PCB,0,21,PCB,PARTIDO COMUNISTA BRASILEIRO,,21,280002551975,EDMILSON SILVA COSTA,EDMILSON COSTA,08/04/1950,10,Válido,nao,,0,0.00,0,CLEUSA DOS SANTOS,CLEUSA SANTOS,PCB,v,,,,,04/10/2026 19:11:43,sim
1,04/10/2026,6257,Presidente,1,municipio,RN,18538,2412807,SÃO RAFAEL,,,,,PARTIDO SOCIALISTA  DOS TRABALHADORES UNIFICADO,i,PSTU,0,16,PSTU,PARTIDO SOCIALISTA  DOS TRABALHADORES UNIFICADO,,16,280002541457,HERTZ DA CONCEICAO DIAS,HERTZ DIAS,20/10/1970,8,Válido,nao,,0,0.00,0,VANESSA PORTUGAL BARBOSA,VANESSA PORTUGAL,PSTU,v,,,,,04/10/2026 19:11:43,sim
1,04/10/2026,6257,Presidente,1,municipio,RN,18538,2412807,SÃO RAFAEL,,,,,BRASIL DOS NOSSOS SONHOS,c,AGIR / AVANTE,,70,AVANTE,AVANTE,,70,280002551547,AUGUSTO JORGE CURY,ESCRITOR AUGUSTO CURY,02/10/1958,3,Válido,nao,,151,2.59,2.587388622,JULIO CESAR DELGADO,JÚLIO DELGADO,AVANTE,v,,,,,04/10/2026 19:11:43,sim
1,04/10/2026,6257,Presidente,1,municipio,RN,18538,2412807,SÃO RAFAEL,,,,,PARTIDO NOVO,i,NOVO,0,30,NOVO,PARTIDO NOVO,,30,280002539826,ROMEU ZEMA NETO,ZEMA,28/10/1964,6,Válido,nao,,1,0.02,0.017135024,LUIS EDUARDO GRANGEIRO GIRÃO,EDUARDO GIRÃO,NOVO,v,,,,,04/10/2026 19:11:43,sim
1,04/10/2026,6257,Presidente,1,municipio,RN,18538,2412807,SÃO RAFAEL,,,,,UNIDADE POPULAR,i,UP,0,80,UP,UNIDADE POPULAR,,80,280002538811,SAMARA MARTINS DA SILVA FEITOSA,SAMARA,31/08/1987,7,Válido,nao,,1,0.02,0.017135024,RAQUEL NONATO DE BRICIO,RAQUEL BRÍCIO,UP,v,,,,,04/10/2026 19:11:43,sim
1,04/10/2026,6257,Presidente,1,municipio,RN,18538,2412807,SÃO RAFAEL,,,,,DEMOCRATA,i,DEMOCRATA,0,35,DEMOCRATA,DEMOCRATA,,35,280002548139,WILSON GRASSI JUNIOR,VETERINÁRIO WILSON GRASSI,13/03/1970,11,Válido,nao,,1,0.02,0.017135024,SUÊD HAIDAR NOGUEIRA,SUÊD HAIDAR,DEMOCRATA,v,,,,,04/10/2026 19:11:43,sim
1,04/10/2026,6257,Presidente,1,municipio,RN,18538,2412807,SÃO RAFAEL,,,,,PARTIDO MISSÃO,i,MISSÃO,0,14,MISSÃO,PARTIDO MISSÃO,,14,280002540694,RENAN ANTONIO FERREIRA DOS SANTOS,RENAN SANTOS,14/02/1984,4,Válido,nao,,94,1.61,1.610692255,AROLDO MEDINA,CORONEL MEDINA,MISSÃO,v,,,,,04/10/2026 19:11:43,sim
1,04/10/2026,6257,Presidente,1,municipio,RN,18538,2412807,SÃO RAFAEL,,,,,PARTIDO DA CAUSA OPERÁRIA,i,PCO,0,29,PCO,PARTIDO DA CAUSA OPERÁRIA,,29,280002552487,RUI COSTA PIMENTA,RUI COSTA PIMENTA,25/06/1957,12,Válido,nao,,0,0.00,0,ANTONIO CARLOS SILVA,ANTÔNIO CARLOS,PCO,v,,,,,04/10/2026 19:11:43,sim
1,04/10/2026,6257,Presidente,1,municipio,RN,18554,2412906,SÃO TOMÉ,,,,,PARTIDO LIBERAL,i,PL,0,22,PL,PARTIDO LIBERAL,,22,280002551544,FLAVIO NANTES BOLSONARO,FLAVIO BOLSONARO,30/04/1981,1,Válido,nao,,3127,43.61,43.612273361,ALFREDO GASPAR DE MENDONÇA NETO,ALFREDO GASPAR,PL,v,,,,,04/10/2026 19:29:38,sim
1,04/10/2026,6257,Presidente,1,municipio,RN,18554,2412906,SÃO TOMÉ,,,,,PARTIDO SOCIAL DEMOCRÁTICO,i,PSD,0,55,PSD,PARTIDO SOCIAL DEMOCRÁTICO,,55,280002551932,RONALDO RAMOS CAIADO,RONALDO CAIADO,25/09/1949,5,Válido,nao,,39,0.54,0.543933054,GILBERTO KASSAB,GILBERTO KASSAB,PSD,v,,,,,04/10/2026 19:29:38,sim
1,04/10/2026,6257,Presidente,1,municipio,RN,18554,2412906,SÃO TOMÉ,,PT/PC do B/PV,FEDERAÇÃO BRASIL DA ESPERANÇA - FE BRASIL,PT/PC do B/PV,BRASIL PRONTO PRA MAIS,c,PSB / PDT / PCDOB / PT / PV / PSOL / REDE,,13,PT,PARTIDO DOS TRABALHADORES,101,13,280002542548,LUIZ INÁCIO LULA DA SILVA,LULA,06/10/1945,2,Válido,nao,,3817,53.24,53.235704324,GERALDO JOSE RODRIGUES ALCKMIN FILHO,GERALDO ALCKMIN,PSB,v,,,,,04/10/2026 19:29:38,sim
1,04/10/2026,6257,Presidente,1,municipio,RN,18554,2412906,SÃO TOMÉ,,,,,DEMOCRACIA CRISTÃ,i,DC,0,27,DC,DEMOCRACIA CRISTÃ,,27,280002552484,CLARIANA ZACARKIM BARAO,CLARIANA BARAO,03/04/1987,9,Válido,nao,,0,0.00,0,FABIANA CRISTINA TAVARES TORQUATO,FABIANA TORQUATO,DC,v,,,,,04/10/2026 19:29:38,sim
1,04/10/2026,6257,Presidente,1,municipio,RN,18554,2412906,SÃO TOMÉ,,,,,PARTIDO COMUNISTA BRASILEIRO,i,PCB,0,21,PCB,PARTIDO COMUNISTA BRASILEIRO,,21,280002551975,EDMILSON SILVA COSTA,EDMILSON COSTA,08/04/1950,10,Válido,nao,,1,0.01,0.013947001,CLEUSA DOS SANTOS,CLEUSA SANTOS,PCB,v,,,,,04/10/2026 19:29:38,sim
1,04/10/2026,6257,Presidente,1,municipio,RN,18554,2412906,SÃO TOMÉ,,,,,PARTIDO SOCIALISTA  DOS TRABALHADORES UNIFICADO,i,PSTU,0,16,PSTU,PARTIDO SOCIALISTA  DOS TRABALHADORES UNIFICADO,,16,280002541457,HERTZ DA CONCEICAO DIAS,HERTZ DIAS,20/10/1970,8,Válido,nao,,1,0.01,0.013947001,VANESSA PORTUGAL BARBOSA,VANESSA PORTUGAL,PSTU,v,,,,,04/10/2026 19:29:38,sim
1,04/10/2026,6257,Presidente,1,municipio,RN,18554,2412906,SÃO TOMÉ,,,,,BRASIL DOS NOSSOS SONHOS,c,AGIR / AVANTE,,70,AVANTE,AVANTE,,70,280002551547,AUGUSTO JORGE CURY,ESCRITOR AUGUSTO CURY,02/10/1958,3,Válido,nao,,127,1.77,1.771269177,JULIO CESAR DELGADO,JÚLIO DELGADO,AVANTE,v,,,,,04/10/2026 19:29:38,sim
1,04/10/2026,6257,Presidente,1,municipio,RN,18554,2412906,SÃO TOMÉ,,,,,PARTIDO NOVO,i,NOVO,0,30,NOVO,PARTIDO NOVO,,30,280002539826,ROMEU ZEMA NETO,ZEMA,28/10/1964,6,Válido,nao,,0,0.00,0,LUIS EDUARDO GRANGEIRO GIRÃO,EDUARDO GIRÃO,NOVO,v,,,,,04/10/2026 19:29:38,sim
1,04/10/2026,6257,Presidente,1,municipio,RN,18554,2412906,SÃO TOMÉ,,,,,UNIDADE POPULAR,i,UP,0,80,UP,UNIDADE POPULAR,,80,280002538811,SAMARA MARTINS DA SILVA FEITOSA,SAMARA,31/08/1987,7,Válido,nao,,5,0.07,0.069735007,RAQUEL NONATO DE BRICIO,RAQUEL BRÍCIO,UP,v,,,,,04/10/2026 19:29:38,sim
1,04/10/2026,6257,Presidente,1,municipio,RN,18554,2412906,SÃO TOMÉ,,,,,DEMOCRATA,i,DEMOCRATA,0,35,DEMOCRATA,DEMOCRATA,,35,280002548139,WILSON GRASSI JUNIOR,VETERINÁRIO WILSON GRASSI,13/03/1970,11,Válido,nao,,1,0.01,0.013947001,SUÊD HAIDAR NOGUEIRA,SUÊD HAIDAR,DEMOCRATA,v,,,,,04/10/2026 19:29:38,sim
1,04/10/2026,6257,Presidente,1,municipio,RN,18554,2412906,SÃO TOMÉ,,,,,PARTIDO MISSÃO,i,MISSÃO,0,14,MISSÃO,PARTIDO MISSÃO,,14,280002540694,RENAN ANTONIO FERREIRA DOS SANTOS,RENAN SANTOS,14/02/1984,4,Válido,nao,,52,0.73,0.725244073,AROLDO MEDINA,CORONEL MEDINA,MISSÃO,v,,,,,04/10/2026 19:29:38,sim
1,04/10/2026,6257,Presidente,1,municipio,RN,18554,2412906,SÃO TOMÉ,,,,,PARTIDO DA CAUSA OPERÁRIA,i,PCO,0,29,PCO,PARTIDO DA CAUSA OPERÁRIA,,29,280002552487,RUI COSTA PIMENTA,RUI COSTA PIMENTA,25/06/1957,12,Válido,nao,,0,0.00,0,ANTONIO CARLOS SILVA,ANTÔNIO CARLOS,PCO,v,,,,,04/10/2026 19:29:38,sim
1,04/10/2026,6257,Presidente,1,municipio,RN,18570,2413003,SÃO VICENTE,,,,,PARTIDO LIBERAL,i,PL,0,22,PL,PARTIDO LIBERAL,,22,280002551544,FLAVIO NANTES BOLSONARO,FLAVIO BOLSONARO,30/04/1981,1,Válido,nao,,1190,27.78,27.777777778,ALFREDO GASPAR DE MENDONÇA NETO,ALFREDO GASPAR,PL,v,,,,,04/10/2026 19:16:13,sim
1,04/10/2026,6257,Presidente,1,municipio,RN,18570,2413003,SÃO VICENTE,,,,,PARTIDO SOCIAL DEMOCRÁTICO,i,PSD,0,55,PSD,PARTIDO SOCIAL DEMOCRÁTICO,,55,280002551932,RONALDO RAMOS CAIADO,RONALDO CAIADO,25/09/1949,5,Válido,nao,,21,0.49,0.490196078,GILBERTO KASSAB,GILBERTO KASSAB,PSD,v,,,,,04/10/2026 19:16:13,sim
1,04/10/2026,6257,Presidente,1,municipio,RN,18570,2413003,SÃO VICENTE,,PT/PC do B/PV,FEDERAÇÃO BRASIL DA ESPERANÇA - FE BRASIL,PT/PC do B/PV,BRASIL PRONTO PRA MAIS,c,PSB / PDT / PCDOB / PT / PV / PSOL / REDE,,13,PT,PARTIDO DOS TRABALHADORES,101,13,280002542548,LUIZ INÁCIO LULA DA SILVA,LULA,06/10/1945,2,Válido,nao,,2882,67.27,67.273576097,GERALDO JOSE RODRIGUES ALCKMIN FILHO,GERALDO ALCKMIN,PSB,v,,,,,04/10/2026 19:16:13,sim
1,04/10/2026,6257,Presidente,1,municipio,RN,18570,2413003,SÃO VICENTE,,,,,DEMOCRACIA CRISTÃ,i,DC,0,27,DC,DEMOCRACIA CRISTÃ,,27,280002552484,CLARIANA ZACARKIM BARAO,CLARIANA BARAO,03/04/1987,9,Válido,nao,,1,0.02,0.023342670,FABIANA CRISTINA TAVARES TORQUATO,FABIANA TORQUATO,DC,v,,,,,04/10/2026 19:16:13,sim
1,04/10/2026,6257,Presidente,1,municipio,RN,18570,2413003,SÃO VICENTE,,,,,PARTIDO COMUNISTA BRASILEIRO,i,PCB,0,21,PCB,PARTIDO COMUNISTA BRASILEIRO,,21,280002551975,EDMILSON SILVA COSTA,EDMILSON COSTA,08/04/1950,10,Válido,nao,,0,0.00,0,CLEUSA DOS SANTOS,CLEUSA SANTOS,PCB,v,,,,,04/10/2026 19:16:13,sim
1,04/10/2026,6257,Presidente,1,municipio,RN,18570,2413003,SÃO VICENTE,,,,,PARTIDO SOCIALISTA  DOS TRABALHADORES UNIFICADO,i,PSTU,0,16,PSTU,PARTIDO SOCIALISTA  DOS TRABALHADORES UNIFICADO,,16,280002541457,HERTZ DA CONCEICAO DIAS,HERTZ DIAS,20/10/1970,8,Válido,nao,,2,0.05,0.046685341,VANESSA PORTUGAL BARBOSA,VANESSA PORTUGAL,PSTU,v,,,,,04/10/2026 19:16:13,sim
1,04/10/2026,6257,Presidente,1,municipio,RN,18570,2413003,SÃO VICENTE,,,,,BRASIL DOS NOSSOS SONHOS,c,AGIR / AVANTE,,70,AVANTE,AVANTE,,70,280002551547,AUGUSTO JORGE CURY,ESCRITOR AUGUSTO CURY,02/10/1958,3,Válido,nao,,128,2.99,2.987861811,JULIO CESAR DELGADO,JÚLIO DELGADO,AVANTE,v,,,,,04/10/2026 19:16:13,sim
1,04/10/2026,6257,Presidente,1,municipio,RN,18570,2413003,SÃO VICENTE,,,,,PARTIDO NOVO,i,NOVO,0,30,NOVO,PARTIDO NOVO,,30,280002539826,ROMEU ZEMA NETO,ZEMA,28/10/1964,6,Válido,nao,,1,0.02,0.023342670,LUIS EDUARDO GRANGEIRO GIRÃO,EDUARDO GIRÃO,NOVO,v,,,,,04/10/2026 19:16:13,sim
1,04/10/2026,6257,Presidente,1,municipio,RN,18570,2413003,SÃO VICENTE,,,,,UNIDADE POPULAR,i,UP,0,80,UP,UNIDADE POPULAR,,80,280002538811,SAMARA MARTINS DA SILVA FEITOSA,SAMARA,31/08/1987,7,Válido,nao,,2,0.05,0.046685341,RAQUEL NONATO DE BRICIO,RAQUEL BRÍCIO,UP,v,,,,,04/10/2026 19:16:13,sim
1,04/10/2026,6257,Presidente,1,municipio,RN,18570,2413003,SÃO VICENTE,,,,,DEMOCRATA,i,DEMOCRATA,0,35,DEMOCRATA,DEMOCRATA,,35,280002548139,WILSON GRASSI JUNIOR,VETERINÁRIO WILSON GRASSI,13/03/1970,11,Válido,nao,,0,0.00,0,SUÊD HAIDAR NOGUEIRA,SUÊD HAIDAR,DEMOCRATA,v,,,,,04/10/2026 19:16:13,sim
1,04/10/2026,6257,Presidente,1,municipio,RN,18570,2413003,SÃO VICENTE,,,,,PARTIDO MISSÃO,i,MISSÃO,0,14,MISSÃO,PARTIDO MISSÃO,,14,280002540694,RENAN ANTONIO FERREIRA DOS SANTOS,RENAN SANTOS,14/02/1984,4,Válido,nao,,57,1.33,1.330532213,AROLDO MEDINA,CORONEL MEDINA,MISSÃO,v,,,,,04/10/2026 19:16:13,sim
1,04/10/2026,6257,Presidente,1,municipio,RN,18570,2413003,SÃO VICENTE,,,,,PARTIDO DA CAUSA OPERÁRIA,i,PCO,0,29,PCO,PARTIDO DA CAUSA OPERÁRIA,,29,280002552487,RUI COSTA PIMENTA,RUI COSTA PIMENTA,25/06/1957,12,Válido,nao,,0,0.00,0,ANTONIO CARLOS SILVA,ANTÔNIO CARLOS,PCO,v,,,,,04/10/2026 19:16:13,sim
1,04/10/2026,6257,Presidente,1,municipio,RN,18597,2413102,SENADOR ELÓI DE SOUZA,,,,,PARTIDO LIBERAL,i,PL,0,22,PL,PARTIDO LIBERAL,,22,280002551544,FLAVIO NANTES BOLSONARO,FLAVIO BOLSONARO,30/04/1981,1,Válido,nao,,1253,27.68,27.684489616,ALFREDO GASPAR DE MENDONÇA NETO,ALFREDO GASPAR,PL,v,,,,,04/10/2026 19:20:58,sim
1,04/10/2026,6257,Presidente,1,municipio,RN,18597,2413102,SENADOR ELÓI DE SOUZA,,,,,PARTIDO SOCIAL DEMOCRÁTICO,i,PSD,0,55,PSD,PARTIDO SOCIAL DEMOCRÁTICO,,55,280002551932,RONALDO RAMOS CAIADO,RONALDO CAIADO,25/09/1949,5,Válido,nao,,20,0.44,0.441891295,GILBERTO KASSAB,GILBERTO KASSAB,PSD,v,,,,,04/10/2026 19:20:58,sim
1,04/10/2026,6257,Presidente,1,municipio,RN,18597,2413102,SENADOR ELÓI DE SOUZA,,PT/PC do B/PV,FEDERAÇÃO BRASIL DA ESPERANÇA - FE BRASIL,PT/PC do B/PV,BRASIL PRONTO PRA MAIS,c,PSB / PDT / PCDOB / PT / PV / PSOL / REDE,,13,PT,PARTIDO DOS TRABALHADORES,101,13,280002542548,LUIZ INÁCIO LULA DA SILVA,LULA,06/10/1945,2,Válido,nao,,3126,69.07,69.067609368,GERALDO JOSE RODRIGUES ALCKMIN FILHO,GERALDO ALCKMIN,PSB,v,,,,,04/10/2026 19:20:58,sim
1,04/10/2026,6257,Presidente,1,municipio,RN,18597,2413102,SENADOR ELÓI DE SOUZA,,,,,DEMOCRACIA CRISTÃ,i,DC,0,27,DC,DEMOCRACIA CRISTÃ,,27,280002552484,CLARIANA ZACARKIM BARAO,CLARIANA BARAO,03/04/1987,9,Válido,nao,,0,0.00,0,FABIANA CRISTINA TAVARES TORQUATO,FABIANA TORQUATO,DC,v,,,,,04/10/2026 19:20:58,sim
1,04/10/2026,6257,Presidente,1,municipio,RN,18597,2413102,SENADOR ELÓI DE SOUZA,,,,,PARTIDO COMUNISTA BRASILEIRO,i,PCB,0,21,PCB,PARTIDO COMUNISTA BRASILEIRO,,21,280002551975,EDMILSON SILVA COSTA,EDMILSON COSTA,08/04/1950,10,Válido,nao,,1,0.02,0.022094565,CLEUSA DOS SANTOS,CLEUSA SANTOS,PCB,v,,,,,04/10/2026 19:20:58,sim
1,04/10/2026,6257,Presidente,1,municipio,RN,18597,2413102,SENADOR ELÓI DE SOUZA,,,,,PARTIDO SOCIALISTA  DOS TRABALHADORES UNIFICADO,i,PSTU,0,16,PSTU,PARTIDO SOCIALISTA  DOS TRABALHADORES UNIFICADO,,16,280002541457,HERTZ DA CONCEICAO DIAS,HERTZ DIAS,20/10/1970,8,Válido,nao,,2,0.04,0.044189129,VANESSA PORTUGAL BARBOSA,VANESSA PORTUGAL,PSTU,v,,,,,04/10/2026 19:20:58,sim
1,04/10/2026,6257,Presidente,1,municipio,RN,18597,2413102,SENADOR ELÓI DE SOUZA,,,,,BRASIL DOS NOSSOS SONHOS,c,AGIR / AVANTE,,70,AVANTE,AVANTE,,70,280002551547,AUGUSTO JORGE CURY,ESCRITOR AUGUSTO CURY,02/10/1958,3,Válido,nao,,85,1.88,1.878038003,JULIO CESAR DELGADO,JÚLIO DELGADO,AVANTE,v,,,,,04/10/2026 19:20:58,sim
1,04/10/2026,6257,Presidente,1,municipio,RN,18597,2413102,SENADOR ELÓI DE SOUZA,,,,,PARTIDO NOVO,i,NOVO,0,30,NOVO,PARTIDO NOVO,,30,280002539826,ROMEU ZEMA NETO,ZEMA,28/10/1964,6,Válido,nao,,0,0.00,0,LUIS EDUARDO GRANGEIRO GIRÃO,EDUARDO GIRÃO,NOVO,v,,,,,04/10/2026 19:20:58,sim
1,04/10/2026,6257,Presidente,1,municipio,RN,18597,2413102,SENADOR ELÓI DE SOUZA,,,,,UNIDADE POPULAR,i,UP,0,80,UP,UNIDADE POPULAR,,80,280002538811,SAMARA MARTINS DA SILVA FEITOSA,SAMARA,31/08/1987,7,Válido,nao,,1,0.02,0.022094565,RAQUEL NONATO DE BRICIO,RAQUEL BRÍCIO,UP,v,,,,,04/10/2026 19:20:58,sim
1,04/10/2026,6257,Presidente,1,municipio,RN,18597,2413102,SENADOR ELÓI DE SOUZA,,,,,DEMOCRATA,i,DEMOCRATA,0,35,DEMOCRATA,DEMOCRATA,,35,280002548139,WILSON GRASSI JUNIOR,VETERINÁRIO WILSON GRASSI,13/03/1970,11,Válido,nao,,1,0.02,0.022094565,SUÊD HAIDAR NOGUEIRA,SUÊD HAIDAR,DEMOCRATA,v,,,,,04/10/2026 19:20:58,sim
1,04/10/2026,6257,Presidente,1,municipio,RN,18597,2413102,SENADOR ELÓI DE SOUZA,,,,,PARTIDO MISSÃO,i,MISSÃO,0,14,MISSÃO,PARTIDO MISSÃO,,14,280002540694,RENAN ANTONIO FERREIRA DOS SANTOS,RENAN SANTOS,14/02/1984,4,Válido,nao,,37,0.82,0.817498895,AROLDO MEDINA,CORONEL MEDINA,MISSÃO,v,,,,,04/10/2026 19:20:58,sim
1,04/10/2026,6257,Presidente,1,municipio,RN,18597,2413102,SENADOR ELÓI DE SOUZA,,,,,PARTIDO DA CAUSA OPERÁRIA,i,PCO,0,29,PCO,PARTIDO DA CAUSA OPERÁRIA,,29,280002552487,RUI COSTA PIMENTA,RUI COSTA PIMENTA,25/06/1957,12,Válido,nao,,0,0.00,0,ANTONIO CARLOS SILVA,ANTÔNIO CARLOS,PCO,v,,,,,04/10/2026 19:20:58,sim
1,04/10/2026,6257,Presidente,1,municipio,RN,18619,2413201,SENADOR GEORGINO AVELINO,,,,,PARTIDO LIBERAL,i,PL,0,22,PL,PARTIDO LIBERAL,,22,280002551544,FLAVIO NANTES BOLSONARO,FLAVIO BOLSONARO,30/04/1981,1,Válido,nao,,1018,35.47,35.470383275,ALFREDO GASPAR DE MENDONÇA NETO,ALFREDO GASPAR,PL,v,,,,,04/10/2026 19:13:59,sim
1,04/10/2026,6257,Presidente,1,municipio,RN,18619,2413201,SENADOR GEORGINO AVELINO,,,,,PARTIDO SOCIAL DEMOCRÁTICO,i,PSD,0,55,PSD,PARTIDO SOCIAL DEMOCRÁTICO,,55,280002551932,RONALDO RAMOS CAIADO,RONALDO CAIADO,25/09/1949,5,Válido,nao,,13,0.45,0.452961672,GILBERTO KASSAB,GILBERTO KASSAB,PSD,v,,,,,04/10/2026 19:13:59,sim
1,04/10/2026,6257,Presidente,1,municipio,RN,18619,2413201,SENADOR GEORGINO AVELINO,,PT/PC do B/PV,FEDERAÇÃO BRASIL DA ESPERANÇA - FE BRASIL,PT/PC do B/PV,BRASIL PRONTO PRA MAIS,c,PSB / PDT / PCDOB / PT / PV / PSOL / REDE,,13,PT,PARTIDO DOS TRABALHADORES,101,13,280002542548,LUIZ INÁCIO LULA DA SILVA,LULA,06/10/1945,2,Válido,nao,,1717,59.83,59.825783972,GERALDO JOSE RODRIGUES ALCKMIN FILHO,GERALDO ALCKMIN,PSB,v,,,,,04/10/2026 19:13:59,sim
1,04/10/2026,6257,Presidente,1,municipio,RN,18619,2413201,SENADOR GEORGINO AVELINO,,,,,PARTIDO SOCIALISTA  DOS TRABALHADORES UNIFICADO,i,PSTU,0,16,PSTU,PARTIDO SOCIALISTA  DOS TRABALHADORES UNIFICADO,,16,280002541457,HERTZ DA CONCEICAO DIAS,HERTZ DIAS,20/10/1970,8,Válido,nao,,1,0.03,0.034843206,VANESSA PORTUGAL BARBOSA,VANESSA PORTUGAL,PSTU,v,,,,,04/10/2026 19:13:59,sim
1,04/10/2026,6257,Presidente,1,municipio,RN,18619,2413201,SENADOR GEORGINO AVELINO,,,,,PARTIDO COMUNISTA BRASILEIRO,i,PCB,0,21,PCB,PARTIDO COMUNISTA BRASILEIRO,,21,280002551975,EDMILSON SILVA COSTA,EDMILSON COSTA,08/04/1950,10,Válido,nao,,0,0.00,0,CLEUSA DOS SANTOS,CLEUSA SANTOS,PCB,v,,,,,04/10/2026 19:13:59,sim
1,04/10/2026,6257,Presidente,1,municipio,RN,18619,2413201,SENADOR GEORGINO AVELINO,,,,,DEMOCRACIA CRISTÃ,i,DC,0,27,DC,DEMOCRACIA CRISTÃ,,27,280002552484,CLARIANA ZACARKIM BARAO,CLARIANA BARAO,03/04/1987,9,Válido,nao,,0,0.00,0,FABIANA CRISTINA TAVARES TORQUATO,FABIANA TORQUATO,DC,v,,,,,04/10/2026 19:13:59,sim
1,04/10/2026,6257,Presidente,1,municipio,RN,18619,2413201,SENADOR GEORGINO AVELINO,,,,,PARTIDO NOVO,i,NOVO,0,30,NOVO,PARTIDO NOVO,,30,280002539826,ROMEU ZEMA NETO,ZEMA,28/10/1964,6,Válido,nao,,1,0.03,0.034843206,LUIS EDUARDO GRANGEIRO GIRÃO,EDUARDO GIRÃO,NOVO,v,,,,,04/10/2026 19:13:59,sim
1,04/10/2026,6257,Presidente,1,municipio,RN,18619,2413201,SENADOR GEORGINO AVELINO,,,,,BRASIL DOS NOSSOS SONHOS,c,AGIR / AVANTE,,70,AVANTE,AVANTE,,70,280002551547,AUGUSTO JORGE CURY,ESCRITOR AUGUSTO CURY,02/10/1958,3,Válido,nao,,79,2.75,2.752613240,JULIO CESAR DELGADO,JÚLIO DELGADO,AVANTE,v,,,,,04/10/2026 19:13:59,sim
1,04/10/2026,6257,Presidente,1,municipio,RN,18619,2413201,SENADOR GEORGINO AVELINO,,,,,DEMOCRATA,i,DEMOCRATA,0,35,DEMOCRATA,DEMOCRATA,,35,280002548139,WILSON GRASSI JUNIOR,VETERINÁRIO WILSON GRASSI,13/03/1970,11,Válido,nao,,0,0.00,0,SUÊD HAIDAR NOGUEIRA,SUÊD HAIDAR,DEMOCRATA,v,,,,,04/10/2026 19:13:59,sim
1,04/10/2026,6257,Presidente,1,municipio,RN,18619,2413201,SENADOR GEORGINO AVELINO,,,,,UNIDADE POPULAR,i,UP,0,80,UP,UNIDADE POPULAR,,80,280002538811,SAMARA MARTINS DA SILVA FEITOSA,SAMARA,31/08/1987,7,Válido,nao,,3,0.10,0.104529617,RAQUEL NONATO DE BRICIO,RAQUEL BRÍCIO,UP,v,,,,,04/10/2026 19:13:59,sim
1,04/10/2026,6257,Presidente,1,municipio,RN,18619,2413201,SENADOR GEORGINO AVELINO,,,,,PARTIDO MISSÃO,i,MISSÃO,0,14,MISSÃO,PARTIDO MISSÃO,,14,280002540694,RENAN ANTONIO FERREIRA DOS SANTOS,RENAN SANTOS,14/02/1984,4,Válido,nao,,37,1.29,1.289198606,AROLDO MEDINA,CORONEL MEDINA,MISSÃO,v,,,,,04/10/2026 19:13:59,sim
1,04/10/2026,6257,Presidente,1,municipio,RN,18619,2413201,SENADOR GEORGINO AVELINO,,,,,PARTIDO DA CAUSA OPERÁRIA,i,PCO,0,29,PCO,PARTIDO DA CAUSA OPERÁRIA,,29,280002552487,RUI COSTA PIMENTA,RUI COSTA PIMENTA,25/06/1957,12,Válido,nao,,1,0.03,0.034843206,ANTONIO CARLOS SILVA,ANTÔNIO CARLOS,PCO,v,,,,,04/10/2026 19:13:59,sim
1,04/10/2026,6257,Presidente,1,municipio,RN,18635,2413300,SERRA DE SÃO BENTO,,,,,PARTIDO LIBERAL,i,PL,0,22,PL,PARTIDO LIBERAL,,22,280002551544,FLAVIO NANTES BOLSONARO,FLAVIO BOLSONARO,30/04/1981,1,Válido,nao,,1546,32.16,32.161431246,ALFREDO GASPAR DE MENDONÇA NETO,ALFREDO GASPAR,PL,v,,,,,04/10/2026 19:24:40,sim
1,04/10/2026,6257,Presidente,1,municipio,RN,18635,2413300,SERRA DE SÃO BENTO,,,,,PARTIDO SOCIAL DEMOCRÁTICO,i,PSD,0,55,PSD,PARTIDO SOCIAL DEMOCRÁTICO,,55,280002551932,RONALDO RAMOS CAIADO,RONALDO CAIADO,25/09/1949,5,Válido,nao,,18,0.37,0.374453921,GILBERTO KASSAB,GILBERTO KASSAB,PSD,v,,,,,04/10/2026 19:24:40,sim
1,04/10/2026,6257,Presidente,1,municipio,RN,18635,2413300,SERRA DE SÃO BENTO,,PT/PC do B/PV,FEDERAÇÃO BRASIL DA ESPERANÇA - FE BRASIL,PT/PC do B/PV,BRASIL PRONTO PRA MAIS,c,PSB / PDT / PCDOB / PT / PV / PSOL / REDE,,13,PT,PARTIDO DOS TRABALHADORES,101,13,280002542548,LUIZ INÁCIO LULA DA SILVA,LULA,06/10/1945,2,Válido,nao,,3082,64.11,64.114832536,GERALDO JOSE RODRIGUES ALCKMIN FILHO,GERALDO ALCKMIN,PSB,v,,,,,04/10/2026 19:24:40,sim
1,04/10/2026,6257,Presidente,1,municipio,RN,18635,2413300,SERRA DE SÃO BENTO,,,,,DEMOCRACIA CRISTÃ,i,DC,0,27,DC,DEMOCRACIA CRISTÃ,,27,280002552484,CLARIANA ZACARKIM BARAO,CLARIANA BARAO,03/04/1987,9,Válido,nao,,2,0.04,0.041605991,FABIANA CRISTINA TAVARES TORQUATO,FABIANA TORQUATO,DC,v,,,,,04/10/2026 19:24:40,sim
1,04/10/2026,6257,Presidente,1,municipio,RN,18635,2413300,SERRA DE SÃO BENTO,,,,,PARTIDO COMUNISTA BRASILEIRO,i,PCB,0,21,PCB,PARTIDO COMUNISTA BRASILEIRO,,21,280002551975,EDMILSON SILVA COSTA,EDMILSON COSTA,08/04/1950,10,Válido,nao,,0,0.00,0,CLEUSA DOS SANTOS,CLEUSA SANTOS,PCB,v,,,,,04/10/2026 19:24:40,sim
1,04/10/2026,6257,Presidente,1,municipio,RN,18635,2413300,SERRA DE SÃO BENTO,,,,,PARTIDO SOCIALISTA  DOS TRABALHADORES UNIFICADO,i,PSTU,0,16,PSTU,PARTIDO SOCIALISTA  DOS TRABALHADORES UNIFICADO,,16,280002541457,HERTZ DA CONCEICAO DIAS,HERTZ DIAS,20/10/1970,8,Válido,nao,,1,0.02,0.020802996,VANESSA PORTUGAL BARBOSA,VANESSA PORTUGAL,PSTU,v,,,,,04/10/2026 19:24:40,sim
1,04/10/2026,6257,Presidente,1,municipio,RN,18635,2413300,SERRA DE SÃO BENTO,,,,,BRASIL DOS NOSSOS SONHOS,c,AGIR / AVANTE,,70,AVANTE,AVANTE,,70,280002551547,AUGUSTO JORGE CURY,ESCRITOR AUGUSTO CURY,02/10/1958,3,Válido,nao,,109,2.27,2.267526524,JULIO CESAR DELGADO,JÚLIO DELGADO,AVANTE,v,,,,,04/10/2026 19:24:40,sim
1,04/10/2026,6257,Presidente,1,municipio,RN,18635,2413300,SERRA DE SÃO BENTO,,,,,PARTIDO NOVO,i,NOVO,0,30,NOVO,PARTIDO NOVO,,30,280002539826,ROMEU ZEMA NETO,ZEMA,28/10/1964,6,Válido,nao,,0,0.00,0,LUIS EDUARDO GRANGEIRO GIRÃO,EDUARDO GIRÃO,NOVO,v,,,,,04/10/2026 19:24:40,sim
1,04/10/2026,6257,Presidente,1,municipio,RN,18635,2413300,SERRA DE SÃO BENTO,,,,,UNIDADE POPULAR,i,UP,0,80,UP,UNIDADE POPULAR,,80,280002538811,SAMARA MARTINS DA SILVA FEITOSA,SAMARA,31/08/1987,7,Válido,nao,,0,0.00,0,RAQUEL NONATO DE BRICIO,RAQUEL BRÍCIO,UP,v,,,,,04/10/2026 19:24:40,sim
1,04/10/2026,6257,Presidente,1,municipio,RN,18635,2413300,SERRA DE SÃO BENTO,,,,,DEMOCRATA,i,DEMOCRATA,0,35,DEMOCRATA,DEMOCRATA,,35,280002548139,WILSON GRASSI JUNIOR,VETERINÁRIO WILSON GRASSI,13/03/1970,11,Válido,nao,,1,0.02,0.020802996,SUÊD HAIDAR NOGUEIRA,SUÊD HAIDAR,DEMOCRATA,v,,,,,04/10/2026 19:24:40,sim
1,04/10/2026,6257,Presidente,1,municipio,RN,18635,2413300,SERRA DE SÃO BENTO,,,,,PARTIDO MISSÃO,i,MISSÃO,0,14,MISSÃO,PARTIDO MISSÃO,,14,280002540694,RENAN ANTONIO FERREIRA DOS SANTOS,RENAN SANTOS,14/02/1984,4,Válido,nao,,47,0.98,0.977740795,AROLDO MEDINA,CORONEL MEDINA,MISSÃO,v,,,,,04/10/2026 19:24:40,sim
1,04/10/2026,6257,Presidente,1,municipio,RN,18635,2413300,SERRA DE SÃO BENTO,,,,,PARTIDO DA CAUSA OPERÁRIA,i,PCO,0,29,PCO,PARTIDO DA CAUSA OPERÁRIA,,29,280002552487,RUI COSTA PIMENTA,RUI COSTA PIMENTA,25/06/1957,12,Válido,nao,,1,0.02,0.020802996,ANTONIO CARLOS SILVA,ANTÔNIO CARLOS,PCO,v,,,,,04/10/2026 19:24:40,sim
1,04/10/2026,6257,Presidente,1,municipio,RN,18651,2413409,SERRA NEGRA DO NORTE,,,,,PARTIDO LIBERAL,i,PL,0,22,PL,PARTIDO LIBERAL,,22,280002551544,FLAVIO NANTES BOLSONARO,FLAVIO BOLSONARO,30/04/1981,1,Válido,nao,,1988,40.80,40.804597701,ALFREDO GASPAR DE MENDONÇA NETO,ALFREDO GASPAR,PL,v,,,,,04/10/2026 20:33:38,sim
1,04/10/2026,6257,Presidente,1,municipio,RN,18651,2413409,SERRA NEGRA DO NORTE,,,,,PARTIDO SOCIAL DEMOCRÁTICO,i,PSD,0,55,PSD,PARTIDO SOCIAL DEMOCRÁTICO,,55,280002551932,RONALDO RAMOS CAIADO,RONALDO CAIADO,25/09/1949,5,Válido,nao,,28,0.57,0.574712644,GILBERTO KASSAB,GILBERTO KASSAB,PSD,v,,,,,04/10/2026 20:33:38,sim
1,04/10/2026,6257,Presidente,1,municipio,RN,18651,2413409,SERRA NEGRA DO NORTE,,PT/PC do B/PV,FEDERAÇÃO BRASIL DA ESPERANÇA - FE BRASIL,PT/PC do B/PV,BRASIL PRONTO PRA MAIS,c,PSB / PDT / PCDOB / PT / PV / PSOL / REDE,,13,PT,PARTIDO DOS TRABALHADORES,101,13,280002542548,LUIZ INÁCIO LULA DA SILVA,LULA,06/10/1945,2,Válido,nao,,2691,55.23,55.233990148,GERALDO JOSE RODRIGUES ALCKMIN FILHO,GERALDO ALCKMIN,PSB,v,,,,,04/10/2026 20:33:38,sim
1,04/10/2026,6257,Presidente,1,municipio,RN,18651,2413409,SERRA NEGRA DO NORTE,,,,,DEMOCRACIA CRISTÃ,i,DC,0,27,DC,DEMOCRACIA CRISTÃ,,27,280002552484,CLARIANA ZACARKIM BARAO,CLARIANA BARAO,03/04/1987,9,Válido,nao,,0,0.00,0,FABIANA CRISTINA TAVARES TORQUATO,FABIANA TORQUATO,DC,v,,,,,04/10/2026 20:33:38,sim
1,04/10/2026,6257,Presidente,1,municipio,RN,18651,2413409,SERRA NEGRA DO NORTE,,,,,PARTIDO COMUNISTA BRASILEIRO,i,PCB,0,21,PCB,PARTIDO COMUNISTA BRASILEIRO,,21,280002551975,EDMILSON SILVA COSTA,EDMILSON COSTA,08/04/1950,10,Válido,nao,,1,0.02,0.020525452,CLEUSA DOS SANTOS,CLEUSA SANTOS,PCB,v,,,,,04/10/2026 20:33:38,sim
1,04/10/2026,6257,Presidente,1,municipio,RN,18651,2413409,SERRA NEGRA DO NORTE,,,,,PARTIDO SOCIALISTA  DOS TRABALHADORES UNIFICADO,i,PSTU,0,16,PSTU,PARTIDO SOCIALISTA  DOS TRABALHADORES UNIFICADO,,16,280002541457,HERTZ DA CONCEICAO DIAS,HERTZ DIAS,20/10/1970,8,Válido,nao,,1,0.02,0.020525452,VANESSA PORTUGAL BARBOSA,VANESSA PORTUGAL,PSTU,v,,,,,04/10/2026 20:33:38,sim
1,04/10/2026,6257,Presidente,1,municipio,RN,18651,2413409,SERRA NEGRA DO NORTE,,,,,BRASIL DOS NOSSOS SONHOS,c,AGIR / AVANTE,,70,AVANTE,AVANTE,,70,280002551547,AUGUSTO JORGE CURY,ESCRITOR AUGUSTO CURY,02/10/1958,3,Válido,nao,,102,2.09,2.093596059,JULIO CESAR DELGADO,JÚLIO DELGADO,AVANTE,v,,,,,04/10/2026 20:33:38,sim
1,04/10/2026,6257,Presidente,1,municipio,RN,18651,2413409,SERRA NEGRA DO NORTE,,,,,PARTIDO NOVO,i,NOVO,0,30,NOVO,PARTIDO NOVO,,30,280002539826,ROMEU ZEMA NETO,ZEMA,28/10/1964,6,Válido,nao,,2,0.04,0.041050903,LUIS EDUARDO GRANGEIRO GIRÃO,EDUARDO GIRÃO,NOVO,v,,,,,04/10/2026 20:33:38,sim
1,04/10/2026,6257,Presidente,1,municipio,RN,18651,2413409,SERRA NEGRA DO NORTE,,,,,UNIDADE POPULAR,i,UP,0,80,UP,UNIDADE POPULAR,,80,280002538811,SAMARA MARTINS DA SILVA FEITOSA,SAMARA,31/08/1987,7,Válido,nao,,0,0.00,0,RAQUEL NONATO DE BRICIO,RAQUEL BRÍCIO,UP,v,,,,,04/10/2026 20:33:38,sim
1,04/10/2026,6257,Presidente,1,municipio,RN,18651,2413409,SERRA NEGRA DO NORTE,,,,,DEMOCRATA,i,DEMOCRATA,0,35,DEMOCRATA,DEMOCRATA,,35,280002548139,WILSON GRASSI JUNIOR,VETERINÁRIO WILSON GRASSI,13/03/1970,11,Válido,nao,,0,0.00,0,SUÊD HAIDAR NOGUEIRA,SUÊD HAIDAR,DEMOCRATA,v,,,,,04/10/2026 20:33:38,sim
1,04/10/2026,6257,Presidente,1,municipio,RN,18651,2413409,SERRA NEGRA DO NORTE,,,,,PARTIDO MISSÃO,i,MISSÃO,0,14,MISSÃO,PARTIDO MISSÃO,,14,280002540694,RENAN ANTONIO FERREIRA DOS SANTOS,RENAN SANTOS,14/02/1984,4,Válido,nao,,58,1.19,1.190476190,AROLDO MEDINA,CORONEL MEDINA,MISSÃO,v,,,,,04/10/2026 20:33:38,sim
1,04/10/2026,6257,Presidente,1,municipio,RN,18651,2413409,SERRA NEGRA DO NORTE,,,,,PARTIDO DA CAUSA OPERÁRIA,i,PCO,0,29,PCO,PARTIDO DA CAUSA OPERÁRIA,,29,280002552487,RUI COSTA PIMENTA,RUI COSTA PIMENTA,25/06/1957,12,Válido,nao,,1,0.02,0.020525452,ANTONIO CARLOS SILVA,ANTÔNIO CARLOS,PCO,v,,,,,04/10/2026 20:33:38,sim
1,04/10/2026,6257,Presidente,1,municipio,RN,18678,2413508,SERRINHA,,,,,PARTIDO LIBERAL,i,PL,0,22,PL,PARTIDO LIBERAL,,22,280002551544,FLAVIO NANTES BOLSONARO,FLAVIO BOLSONARO,30/04/1981,1,Válido,nao,,1625,29.87,29.865833486,ALFREDO GASPAR DE MENDONÇA NETO,ALFREDO GASPAR,PL,v,,,,,04/10/2026 19:29:37,sim
1,04/10/2026,6257,Presidente,1,municipio,RN,18678,2413508,SERRINHA,,,,,PARTIDO SOCIAL DEMOCRÁTICO,i,PSD,0,55,PSD,PARTIDO SOCIAL DEMOCRÁTICO,,55,280002551932,RONALDO RAMOS CAIADO,RONALDO CAIADO,25/09/1949,5,Válido,nao,,45,0.83,0.827053850,GILBERTO KASSAB,GILBERTO KASSAB,PSD,v,,,,,04/10/2026 19:29:37,sim
1,04/10/2026,6257,Presidente,1,municipio,RN,18678,2413508,SERRINHA,,PT/PC do B/PV,FEDERAÇÃO BRASIL DA ESPERANÇA - FE BRASIL,PT/PC do B/PV,BRASIL PRONTO PRA MAIS,c,PSB / PDT / PCDOB / PT / PV / PSOL / REDE,,13,PT,PARTIDO DOS TRABALHADORES,101,13,280002542548,LUIZ INÁCIO LULA DA SILVA,LULA,06/10/1945,2,Válido,nao,,3563,65.48,65.484285977,GERALDO JOSE RODRIGUES ALCKMIN FILHO,GERALDO ALCKMIN,PSB,v,,,,,04/10/2026 19:29:37,sim
1,04/10/2026,6257,Presidente,1,municipio,RN,18678,2413508,SERRINHA,,,,,DEMOCRACIA CRISTÃ,i,DC,0,27,DC,DEMOCRACIA CRISTÃ,,27,280002552484,CLARIANA ZACARKIM BARAO,CLARIANA BARAO,03/04/1987,9,Válido,nao,,0,0.00,0,FABIANA CRISTINA TAVARES TORQUATO,FABIANA TORQUATO,DC,v,,,,,04/10/2026 19:29:37,sim
1,04/10/2026,6257,Presidente,1,municipio,RN,18678,2413508,SERRINHA,,,,,PARTIDO COMUNISTA BRASILEIRO,i,PCB,0,21,PCB,PARTIDO COMUNISTA BRASILEIRO,,21,280002551975,EDMILSON SILVA COSTA,EDMILSON COSTA,08/04/1950,10,Válido,nao,,1,0.02,0.018378974,CLEUSA DOS SANTOS,CLEUSA SANTOS,PCB,v,,,,,04/10/2026 19:29:37,sim
1,04/10/2026,6257,Presidente,1,municipio,RN,18678,2413508,SERRINHA,,,,,PARTIDO SOCIALISTA  DOS TRABALHADORES UNIFICADO,i,PSTU,0,16,PSTU,PARTIDO SOCIALISTA  DOS TRABALHADORES UNIFICADO,,16,280002541457,HERTZ DA CONCEICAO DIAS,HERTZ DIAS,20/10/1970,8,Válido,nao,,0,0.00,0,VANESSA PORTUGAL BARBOSA,VANESSA PORTUGAL,PSTU,v,,,,,04/10/2026 19:29:37,sim
1,04/10/2026,6257,Presidente,1,municipio,RN,18678,2413508,SERRINHA,,,,,BRASIL DOS NOSSOS SONHOS,c,AGIR / AVANTE,,70,AVANTE,AVANTE,,70,280002551547,AUGUSTO JORGE CURY,ESCRITOR AUGUSTO CURY,02/10/1958,3,Válido,nao,,158,2.90,2.903877964,JULIO CESAR DELGADO,JÚLIO DELGADO,AVANTE,v,,,,,04/10/2026 19:29:37,sim
1,04/10/2026,6257,Presidente,1,municipio,RN,18678,2413508,SERRINHA,,,,,PARTIDO NOVO,i,NOVO,0,30,NOVO,PARTIDO NOVO,,30,280002539826,ROMEU ZEMA NETO,ZEMA,28/10/1964,6,Válido,nao,,2,0.04,0.036757949,LUIS EDUARDO GRANGEIRO GIRÃO,EDUARDO GIRÃO,NOVO,v,,,,,04/10/2026 19:29:37,sim
1,04/10/2026,6257,Presidente,1,municipio,RN,18678,2413508,SERRINHA,,,,,UNIDADE POPULAR,i,UP,0,80,UP,UNIDADE POPULAR,,80,280002538811,SAMARA MARTINS DA SILVA FEITOSA,SAMARA,31/08/1987,7,Válido,nao,,0,0.00,0,RAQUEL NONATO DE BRICIO,RAQUEL BRÍCIO,UP,v,,,,,04/10/2026 19:29:37,sim
1,04/10/2026,6257,Presidente,1,municipio,RN,18678,2413508,SERRINHA,,,,,DEMOCRATA,i,DEMOCRATA,0,35,DEMOCRATA,DEMOCRATA,,35,280002548139,WILSON GRASSI JUNIOR,VETERINÁRIO WILSON GRASSI,13/03/1970,11,Válido,nao,,1,0.02,0.018378974,SUÊD HAIDAR NOGUEIRA,SUÊD HAIDAR,DEMOCRATA,v,,,,,04/10/2026 19:29:37,sim
1,04/10/2026,6257,Presidente,1,municipio,RN,18678,2413508,SERRINHA,,,,,PARTIDO MISSÃO,i,MISSÃO,0,14,MISSÃO,PARTIDO MISSÃO,,14,280002540694,RENAN ANTONIO FERREIRA DOS SANTOS,RENAN SANTOS,14/02/1984,4,Válido,nao,,46,0.85,0.845432825,AROLDO MEDINA,CORONEL MEDINA,MISSÃO,v,,,,,04/10/2026 19:29:37,sim
1,04/10/2026,6257,Presidente,1,municipio,RN,18678,2413508,SERRINHA,,,,,PARTIDO DA CAUSA OPERÁRIA,i,PCO,0,29,PCO,PARTIDO DA CAUSA OPERÁRIA,,29,280002552487,RUI COSTA PIMENTA,RUI COSTA PIMENTA,25/06/1957,12,Válido,nao,,0,0.00,0,ANTONIO CARLOS SILVA,ANTÔNIO CARLOS,PCO,v,,,,,04/10/2026 19:29:37,sim
1,04/10/2026,6257,Presidente,1,municipio,RN,18694,2413607,SEVERIANO MELO,,,,,PARTIDO LIBERAL,i,PL,0,22,PL,PARTIDO LIBERAL,,22,280002551544,FLAVIO NANTES BOLSONARO,FLAVIO BOLSONARO,30/04/1981,1,Válido,nao,,1182,21.75,21.751932278,ALFREDO GASPAR DE MENDONÇA NETO,ALFREDO GASPAR,PL,v,,,,,04/10/2026 18:44:44,sim
1,04/10/2026,6257,Presidente,1,municipio,RN,18694,2413607,SEVERIANO MELO,,,,,PARTIDO SOCIAL DEMOCRÁTICO,i,PSD,0,55,PSD,PARTIDO SOCIAL DEMOCRÁTICO,,55,280002551932,RONALDO RAMOS CAIADO,RONALDO CAIADO,25/09/1949,4,Válido,nao,,38,0.70,0.699300699,GILBERTO KASSAB,GILBERTO KASSAB,PSD,v,,,,,04/10/2026 18:44:44,sim
1,04/10/2026,6257,Presidente,1,municipio,RN,18694,2413607,SEVERIANO MELO,,PT/PC do B/PV,FEDERAÇÃO BRASIL DA ESPERANÇA - FE BRASIL,PT/PC do B/PV,BRASIL PRONTO PRA MAIS,c,PSB / PDT / PCDOB / PT / PV / PSOL / REDE,,13,PT,PARTIDO DOS TRABALHADORES,101,13,280002542548,LUIZ INÁCIO LULA DA SILVA,LULA,06/10/1945,2,Válido,nao,,4033,74.22,74.217887376,GERALDO JOSE RODRIGUES ALCKMIN FILHO,GERALDO ALCKMIN,PSB,v,,,,,04/10/2026 18:44:44,sim
1,04/10/2026,6257,Presidente,1,municipio,RN,18694,2413607,SEVERIANO MELO,,,,,DEMOCRACIA CRISTÃ,i,DC,0,27,DC,DEMOCRACIA CRISTÃ,,27,280002552484,CLARIANA ZACARKIM BARAO,CLARIANA BARAO,03/04/1987,9,Válido,nao,,1,0.02,0.018402650,FABIANA CRISTINA TAVARES TORQUATO,FABIANA TORQUATO,DC,v,,,,,04/10/2026 18:44:44,sim
1,04/10/2026,6257,Presidente,1,municipio,RN,18694,2413607,SEVERIANO MELO,,,,,PARTIDO COMUNISTA BRASILEIRO,i,PCB,0,21,PCB,PARTIDO COMUNISTA BRASILEIRO,,21,280002551975,EDMILSON SILVA COSTA,EDMILSON COSTA,08/04/1950,10,Válido,nao,,1,0.02,0.018402650,CLEUSA DOS SANTOS,CLEUSA SANTOS,PCB,v,,,,,04/10/2026 18:44:44,sim
1,04/10/2026,6257,Presidente,1,municipio,RN,18694,2413607,SEVERIANO MELO,,,,,PARTIDO SOCIALISTA  DOS TRABALHADORES UNIFICADO,i,PSTU,0,16,PSTU,PARTIDO SOCIALISTA  DOS TRABALHADORES UNIFICADO,,16,280002541457,HERTZ DA CONCEICAO DIAS,HERTZ DIAS,20/10/1970,8,Válido,nao,,1,0.02,0.018402650,VANESSA PORTUGAL BARBOSA,VANESSA PORTUGAL,PSTU,v,,,,,04/10/2026 18:44:44,sim
1,04/10/2026,6257,Presidente,1,municipio,RN,18694,2413607,SEVERIANO MELO,,,,,BRASIL DOS NOSSOS SONHOS,c,AGIR / AVANTE,,70,AVANTE,AVANTE,,70,280002551547,AUGUSTO JORGE CURY,ESCRITOR AUGUSTO CURY,02/10/1958,3,Válido,nao,,109,2.01,2.005888848,JULIO CESAR DELGADO,JÚLIO DELGADO,AVANTE,v,,,,,04/10/2026 18:44:44,sim
1,04/10/2026,6257,Presidente,1,municipio,RN,18694,2413607,SEVERIANO MELO,,,,,PARTIDO NOVO,i,NOVO,0,30,NOVO,PARTIDO NOVO,,30,280002539826,ROMEU ZEMA NETO,ZEMA,28/10/1964,6,Válido,nao,,1,0.02,0.018402650,LUIS EDUARDO GRANGEIRO GIRÃO,EDUARDO GIRÃO,NOVO,v,,,,,04/10/2026 18:44:44,sim
1,04/10/2026,6257,Presidente,1,municipio,RN,18694,2413607,SEVERIANO MELO,,,,,UNIDADE POPULAR,i,UP,0,80,UP,UNIDADE POPULAR,,80,280002538811,SAMARA MARTINS DA SILVA FEITOSA,SAMARA,31/08/1987,7,Válido,nao,,1,0.02,0.018402650,RAQUEL NONATO DE BRICIO,RAQUEL BRÍCIO,UP,v,,,,,04/10/2026 18:44:44,sim
1,04/10/2026,6257,Presidente,1,municipio,RN,18694,2413607,SEVERIANO MELO,,,,,DEMOCRATA,i,DEMOCRATA,0,35,DEMOCRATA,DEMOCRATA,,35,280002548139,WILSON GRASSI JUNIOR,VETERINÁRIO WILSON GRASSI,13/03/1970,11,Válido,nao,,1,0.02,0.018402650,SUÊD HAIDAR NOGUEIRA,SUÊD HAIDAR,DEMOCRATA,v,,,,,04/10/2026 18:44:44,sim
1,04/10/2026,6257,Presidente,1,municipio,RN,18694,2413607,SEVERIANO MELO,,,,,PARTIDO MISSÃO,i,MISSÃO,0,14,MISSÃO,PARTIDO MISSÃO,,14,280002540694,RENAN ANTONIO FERREIRA DOS SANTOS,RENAN SANTOS,14/02/1984,5,Válido,nao,,66,1.21,1.214574899,AROLDO MEDINA,CORONEL MEDINA,MISSÃO,v,,,,,04/10/2026 18:44:44,sim
1,04/10/2026,6257,Presidente,1,municipio,RN,18694,2413607,SEVERIANO MELO,,,,,PARTIDO DA CAUSA OPERÁRIA,i,PCO,0,29,PCO,PARTIDO DA CAUSA OPERÁRIA,,29,280002552487,RUI COSTA PIMENTA,RUI COSTA PIMENTA,25/06/1957,12,Válido,nao,,0,0.00,0,ANTONIO CARLOS SILVA,ANTÔNIO CARLOS,PCO,v,,,,,04/10/2026 18:44:44,sim
1,04/10/2026,6257,Presidente,1,municipio,RN,18716,2413706,SÍTIO NOVO,,,,,PARTIDO LIBERAL,i,PL,0,22,PL,PARTIDO LIBERAL,,22,280002551544,FLAVIO NANTES BOLSONARO,FLAVIO BOLSONARO,30/04/1981,1,Válido,nao,,865,21.44,21.442736738,ALFREDO GASPAR DE MENDONÇA NETO,ALFREDO GASPAR,PL,v,,,,,04/10/2026 18:55:35,sim
1,04/10/2026,6257,Presidente,1,municipio,RN,18716,2413706,SÍTIO NOVO,,,,,PARTIDO SOCIAL DEMOCRÁTICO,i,PSD,0,55,PSD,PARTIDO SOCIAL DEMOCRÁTICO,,55,280002551932,RONALDO RAMOS CAIADO,RONALDO CAIADO,25/09/1949,4,Válido,nao,,25,0.62,0.619732276,GILBERTO KASSAB,GILBERTO KASSAB,PSD,v,,,,,04/10/2026 18:55:35,sim
1,04/10/2026,6257,Presidente,1,municipio,RN,18716,2413706,SÍTIO NOVO,,PT/PC do B/PV,FEDERAÇÃO BRASIL DA ESPERANÇA - FE BRASIL,PT/PC do B/PV,BRASIL PRONTO PRA MAIS,c,PSB / PDT / PCDOB / PT / PV / PSOL / REDE,,13,PT,PARTIDO DOS TRABALHADORES,101,13,280002542548,LUIZ INÁCIO LULA DA SILVA,LULA,06/10/1945,2,Válido,nao,,3015,74.74,74.739712444,GERALDO JOSE RODRIGUES ALCKMIN FILHO,GERALDO ALCKMIN,PSB,v,,,,,04/10/2026 18:55:35,sim
1,04/10/2026,6257,Presidente,1,municipio,RN,18716,2413706,SÍTIO NOVO,,,,,PARTIDO SOCIALISTA  DOS TRABALHADORES UNIFICADO,i,PSTU,0,16,PSTU,PARTIDO SOCIALISTA  DOS TRABALHADORES UNIFICADO,,16,280002541457,HERTZ DA CONCEICAO DIAS,HERTZ DIAS,20/10/1970,8,Válido,nao,,0,0.00,0,VANESSA PORTUGAL BARBOSA,VANESSA PORTUGAL,PSTU,v,,,,,04/10/2026 18:55:35,sim
1,04/10/2026,6257,Presidente,1,municipio,RN,18716,2413706,SÍTIO NOVO,,,,,PARTIDO COMUNISTA BRASILEIRO,i,PCB,0,21,PCB,PARTIDO COMUNISTA BRASILEIRO,,21,280002551975,EDMILSON SILVA COSTA,EDMILSON COSTA,08/04/1950,10,Válido,nao,,0,0.00,0,CLEUSA DOS SANTOS,CLEUSA SANTOS,PCB,v,,,,,04/10/2026 18:55:35,sim
1,04/10/2026,6257,Presidente,1,municipio,RN,18716,2413706,SÍTIO NOVO,,,,,DEMOCRACIA CRISTÃ,i,DC,0,27,DC,DEMOCRACIA CRISTÃ,,27,280002552484,CLARIANA ZACARKIM BARAO,CLARIANA BARAO,03/04/1987,9,Válido,nao,,0,0.00,0,FABIANA CRISTINA TAVARES TORQUATO,FABIANA TORQUATO,DC,v,,,,,04/10/2026 18:55:35,sim
1,04/10/2026,6257,Presidente,1,municipio,RN,18716,2413706,SÍTIO NOVO,,,,,PARTIDO NOVO,i,NOVO,0,30,NOVO,PARTIDO NOVO,,30,280002539826,ROMEU ZEMA NETO,ZEMA,28/10/1964,6,Válido,nao,,1,0.02,0.024789291,LUIS EDUARDO GRANGEIRO GIRÃO,EDUARDO GIRÃO,NOVO,v,,,,,04/10/2026 18:55:35,sim
1,04/10/2026,6257,Presidente,1,municipio,RN,18716,2413706,SÍTIO NOVO,,,,,BRASIL DOS NOSSOS SONHOS,c,AGIR / AVANTE,,70,AVANTE,AVANTE,,70,280002551547,AUGUSTO JORGE CURY,ESCRITOR AUGUSTO CURY,02/10/1958,3,Válido,nao,,88,2.18,2.181457610,JULIO CESAR DELGADO,JÚLIO DELGADO,AVANTE,v,,,,,04/10/2026 18:55:35,sim
1,04/10/2026,6257,Presidente,1,municipio,RN,18716,2413706,SÍTIO NOVO,,,,,DEMOCRATA,i,DEMOCRATA,0,35,DEMOCRATA,DEMOCRATA,,35,280002548139,WILSON GRASSI JUNIOR,VETERINÁRIO WILSON GRASSI,13/03/1970,11,Válido,nao,,0,0.00,0,SUÊD HAIDAR NOGUEIRA,SUÊD HAIDAR,DEMOCRATA,v,,,,,04/10/2026 18:55:35,sim
1,04/10/2026,6257,Presidente,1,municipio,RN,18716,2413706,SÍTIO NOVO,,,,,UNIDADE POPULAR,i,UP,0,80,UP,UNIDADE POPULAR,,80,280002538811,SAMARA MARTINS DA SILVA FEITOSA,SAMARA,31/08/1987,7,Válido,nao,,1,0.02,0.024789291,RAQUEL NONATO DE BRICIO,RAQUEL BRÍCIO,UP,v,,,,,04/10/2026 18:55:35,sim
1,04/10/2026,6257,Presidente,1,municipio,RN,18716,2413706,SÍTIO NOVO,,,,,PARTIDO MISSÃO,i,MISSÃO,0,14,MISSÃO,PARTIDO MISSÃO,,14,280002540694,RENAN ANTONIO FERREIRA DOS SANTOS,RENAN SANTOS,14/02/1984,5,Válido,nao,,39,0.97,0.966782350,AROLDO MEDINA,CORONEL MEDINA,MISSÃO,v,,,,,04/10/2026 18:55:35,sim
1,04/10/2026,6257,Presidente,1,municipio,RN,18716,2413706,SÍTIO NOVO,,,,,PARTIDO DA CAUSA OPERÁRIA,i,PCO,0,29,PCO,PARTIDO DA CAUSA OPERÁRIA,,29,280002552487,RUI COSTA PIMENTA,RUI COSTA PIMENTA,25/06/1957,12,Válido,nao,,0,0.00,0,ANTONIO CARLOS SILVA,ANTÔNIO CARLOS,PCO,v,,,,,04/10/2026 18:55:35,sim
1,04/10/2026,6257,Presidente,1,municipio,RN,18732,2413805,TABOLEIRO GRANDE,,,,,PARTIDO LIBERAL,i,PL,0,22,PL,PARTIDO LIBERAL,,22,280002551544,FLAVIO NANTES BOLSONARO,FLAVIO BOLSONARO,30/04/1981,1,Válido,nao,,518,23.86,23.859972363,ALFREDO GASPAR DE MENDONÇA NETO,ALFREDO GASPAR,PL,v,,,,,04/10/2026 17:41:12,sim
1,04/10/2026,6257,Presidente,1,municipio,RN,18732,2413805,TABOLEIRO GRANDE,,,,,PARTIDO SOCIAL DEMOCRÁTICO,i,PSD,0,55,PSD,PARTIDO SOCIAL DEMOCRÁTICO,,55,280002551932,RONALDO RAMOS CAIADO,RONALDO CAIADO,25/09/1949,4,Válido,nao,,10,0.46,0.460617227,GILBERTO KASSAB,GILBERTO KASSAB,PSD,v,,,,,04/10/2026 17:41:12,sim
1,04/10/2026,6257,Presidente,1,municipio,RN,18732,2413805,TABOLEIRO GRANDE,,PT/PC do B/PV,FEDERAÇÃO BRASIL DA ESPERANÇA - FE BRASIL,PT/PC do B/PV,BRASIL PRONTO PRA MAIS,c,PSB / PDT / PCDOB / PT / PV / PSOL / REDE,,13,PT,PARTIDO DOS TRABALHADORES,101,13,280002542548,LUIZ INÁCIO LULA DA SILVA,LULA,06/10/1945,2,Válido,nao,,1547,71.26,71.257485030,GERALDO JOSE RODRIGUES ALCKMIN FILHO,GERALDO ALCKMIN,PSB,v,,,,,04/10/2026 17:41:12,sim
1,04/10/2026,6257,Presidente,1,municipio,RN,18732,2413805,TABOLEIRO GRANDE,,,,,DEMOCRACIA CRISTÃ,i,DC,0,27,DC,DEMOCRACIA CRISTÃ,,27,280002552484,CLARIANA ZACARKIM BARAO,CLARIANA BARAO,03/04/1987,8,Válido,nao,,0,0.00,0,FABIANA CRISTINA TAVARES TORQUATO,FABIANA TORQUATO,DC,v,,,,,04/10/2026 17:41:12,sim
1,04/10/2026,6257,Presidente,1,municipio,RN,18732,2413805,TABOLEIRO GRANDE,,,,,PARTIDO COMUNISTA BRASILEIRO,i,PCB,0,21,PCB,PARTIDO COMUNISTA BRASILEIRO,,21,280002551975,EDMILSON SILVA COSTA,EDMILSON COSTA,08/04/1950,10,Válido,nao,,0,0.00,0,CLEUSA DOS SANTOS,CLEUSA SANTOS,PCB,v,,,,,04/10/2026 17:41:12,sim
1,04/10/2026,6257,Presidente,1,municipio,RN,18732,2413805,TABOLEIRO GRANDE,,,,,PARTIDO SOCIALISTA  DOS TRABALHADORES UNIFICADO,i,PSTU,0,16,PSTU,PARTIDO SOCIALISTA  DOS TRABALHADORES UNIFICADO,,16,280002541457,HERTZ DA CONCEICAO DIAS,HERTZ DIAS,20/10/1970,9,Válido,nao,,1,0.05,0.046061723,VANESSA PORTUGAL BARBOSA,VANESSA PORTUGAL,PSTU,v,,,,,04/10/2026 17:41:12,sim
1,04/10/2026,6257,Presidente,1,municipio,RN,18732,2413805,TABOLEIRO GRANDE,,,,,BRASIL DOS NOSSOS SONHOS,c,AGIR / AVANTE,,70,AVANTE,AVANTE,,70,280002551547,AUGUSTO JORGE CURY,ESCRITOR AUGUSTO CURY,02/10/1958,3,Válido,nao,,61,2.81,2.809765085,JULIO CESAR DELGADO,JÚLIO DELGADO,AVANTE,v,,,,,04/10/2026 17:41:12,sim
1,04/10/2026,6257,Presidente,1,municipio,RN,18732,2413805,TABOLEIRO GRANDE,,,,,PARTIDO NOVO,i,NOVO,0,30,NOVO,PARTIDO NOVO,,30,280002539826,ROMEU ZEMA NETO,ZEMA,28/10/1964,6,Válido,nao,,3,0.14,0.138185168,LUIS EDUARDO GRANGEIRO GIRÃO,EDUARDO GIRÃO,NOVO,v,,,,,04/10/2026 17:41:12,sim
1,04/10/2026,6257,Presidente,1,municipio,RN,18732,2413805,TABOLEIRO GRANDE,,,,,UNIDADE POPULAR,i,UP,0,80,UP,UNIDADE POPULAR,,80,280002538811,SAMARA MARTINS DA SILVA FEITOSA,SAMARA,31/08/1987,7,Válido,nao,,0,0.00,0,RAQUEL NONATO DE BRICIO,RAQUEL BRÍCIO,UP,v,,,,,04/10/2026 17:41:12,sim
1,04/10/2026,6257,Presidente,1,municipio,RN,18732,2413805,TABOLEIRO GRANDE,,,,,DEMOCRATA,i,DEMOCRATA,0,35,DEMOCRATA,DEMOCRATA,,35,280002548139,WILSON GRASSI JUNIOR,VETERINÁRIO WILSON GRASSI,13/03/1970,11,Válido,nao,,0,0.00,0,SUÊD HAIDAR NOGUEIRA,SUÊD HAIDAR,DEMOCRATA,v,,,,,04/10/2026 17:41:12,sim
1,04/10/2026,6257,Presidente,1,municipio,RN,18732,2413805,TABOLEIRO GRANDE,,,,,PARTIDO MISSÃO,i,MISSÃO,0,14,MISSÃO,PARTIDO MISSÃO,,14,280002540694,RENAN ANTONIO FERREIRA DOS SANTOS,RENAN SANTOS,14/02/1984,5,Válido,nao,,31,1.43,1.427913404,AROLDO MEDINA,CORONEL MEDINA,MISSÃO,v,,,,,04/10/2026 17:41:12,sim
1,04/10/2026,6257,Presidente,1,municipio,RN,18732,2413805,TABOLEIRO GRANDE,,,,,PARTIDO DA CAUSA OPERÁRIA,i,PCO,0,29,PCO,PARTIDO DA CAUSA OPERÁRIA,,29,280002552487,RUI COSTA PIMENTA,RUI COSTA PIMENTA,25/06/1957,12,Válido,nao,,0,0.00,0,ANTONIO CARLOS SILVA,ANTÔNIO CARLOS,PCO,v,,,,,04/10/2026 17:41:12,sim
1,04/10/2026,6257,Presidente,1,municipio,RN,18759,2413904,TAIPU,,,,,PARTIDO LIBERAL,i,PL,0,22,PL,PARTIDO LIBERAL,,22,280002551544,FLAVIO NANTES BOLSONARO,FLAVIO BOLSONARO,30/04/1981,1,Válido,nao,,1829,21.79,21.789373362,ALFREDO GASPAR DE MENDONÇA NETO,ALFREDO GASPAR,PL,v,,,,,04/10/2026 19:24:41,sim
1,04/10/2026,6257,Presidente,1,municipio,RN,18759,2413904,TAIPU,,,,,PARTIDO SOCIAL DEMOCRÁTICO,i,PSD,0,55,PSD,PARTIDO SOCIAL DEMOCRÁTICO,,55,280002551932,RONALDO RAMOS CAIADO,RONALDO CAIADO,25/09/1949,5,Válido,nao,,61,0.73,0.726709554,GILBERTO KASSAB,GILBERTO KASSAB,PSD,v,,,,,04/10/2026 19:24:41,sim
1,04/10/2026,6257,Presidente,1,municipio,RN,18759,2413904,TAIPU,,PT/PC do B/PV,FEDERAÇÃO BRASIL DA ESPERANÇA - FE BRASIL,PT/PC do B/PV,BRASIL PRONTO PRA MAIS,c,PSB / PDT / PCDOB / PT / PV / PSOL / REDE,,13,PT,PARTIDO DOS TRABALHADORES,101,13,280002542548,LUIZ INÁCIO LULA DA SILVA,LULA,06/10/1945,2,Válido,nao,,6177,73.59,73.588277341,GERALDO JOSE RODRIGUES ALCKMIN FILHO,GERALDO ALCKMIN,PSB,v,,,,,04/10/2026 19:24:41,sim
1,04/10/2026,6257,Presidente,1,municipio,RN,18759,2413904,TAIPU,,,,,DEMOCRACIA CRISTÃ,i,DC,0,27,DC,DEMOCRACIA CRISTÃ,,27,280002552484,CLARIANA ZACARKIM BARAO,CLARIANA BARAO,03/04/1987,9,Válido,nao,,0,0.00,0,FABIANA CRISTINA TAVARES TORQUATO,FABIANA TORQUATO,DC,v,,,,,04/10/2026 19:24:41,sim
1,04/10/2026,6257,Presidente,1,municipio,RN,18759,2413904,TAIPU,,,,,PARTIDO COMUNISTA BRASILEIRO,i,PCB,0,21,PCB,PARTIDO COMUNISTA BRASILEIRO,,21,280002551975,EDMILSON SILVA COSTA,EDMILSON COSTA,08/04/1950,10,Válido,nao,,2,0.02,0.023826543,CLEUSA DOS SANTOS,CLEUSA SANTOS,PCB,v,,,,,04/10/2026 19:24:41,sim
1,04/10/2026,6257,Presidente,1,municipio,RN,18759,2413904,TAIPU,,,,,PARTIDO SOCIALISTA  DOS TRABALHADORES UNIFICADO,i,PSTU,0,16,PSTU,PARTIDO SOCIALISTA  DOS TRABALHADORES UNIFICADO,,16,280002541457,HERTZ DA CONCEICAO DIAS,HERTZ DIAS,20/10/1970,8,Válido,nao,,0,0.00,0,VANESSA PORTUGAL BARBOSA,VANESSA PORTUGAL,PSTU,v,,,,,04/10/2026 19:24:41,sim
1,04/10/2026,6257,Presidente,1,municipio,RN,18759,2413904,TAIPU,,,,,BRASIL DOS NOSSOS SONHOS,c,AGIR / AVANTE,,70,AVANTE,AVANTE,,70,280002551547,AUGUSTO JORGE CURY,ESCRITOR AUGUSTO CURY,02/10/1958,3,Válido,nao,,218,2.60,2.597093162,JULIO CESAR DELGADO,JÚLIO DELGADO,AVANTE,v,,,,,04/10/2026 19:24:41,sim
1,04/10/2026,6257,Presidente,1,municipio,RN,18759,2413904,TAIPU,,,,,PARTIDO NOVO,i,NOVO,0,30,NOVO,PARTIDO NOVO,,30,280002539826,ROMEU ZEMA NETO,ZEMA,28/10/1964,6,Válido,nao,,1,0.01,0.011913271,LUIS EDUARDO GRANGEIRO GIRÃO,EDUARDO GIRÃO,NOVO,v,,,,,04/10/2026 19:24:41,sim
1,04/10/2026,6257,Presidente,1,municipio,RN,18759,2413904,TAIPU,,,,,UNIDADE POPULAR,i,UP,0,80,UP,UNIDADE POPULAR,,80,280002538811,SAMARA MARTINS DA SILVA FEITOSA,SAMARA,31/08/1987,7,Válido,nao,,1,0.01,0.011913271,RAQUEL NONATO DE BRICIO,RAQUEL BRÍCIO,UP,v,,,,,04/10/2026 19:24:41,sim
1,04/10/2026,6257,Presidente,1,municipio,RN,18759,2413904,TAIPU,,,,,DEMOCRATA,i,DEMOCRATA,0,35,DEMOCRATA,DEMOCRATA,,35,280002548139,WILSON GRASSI JUNIOR,VETERINÁRIO WILSON GRASSI,13/03/1970,11,Válido,nao,,0,0.00,0,SUÊD HAIDAR NOGUEIRA,SUÊD HAIDAR,DEMOCRATA,v,,,,,04/10/2026 19:24:41,sim
1,04/10/2026,6257,Presidente,1,municipio,RN,18759,2413904,TAIPU,,,,,PARTIDO MISSÃO,i,MISSÃO,0,14,MISSÃO,PARTIDO MISSÃO,,14,280002540694,RENAN ANTONIO FERREIRA DOS SANTOS,RENAN SANTOS,14/02/1984,4,Válido,nao,,105,1.25,1.250893495,AROLDO MEDINA,CORONEL MEDINA,MISSÃO,v,,,,,04/10/2026 19:24:41,sim
1,04/10/2026,6257,Presidente,1,municipio,RN,18759,2413904,TAIPU,,,,,PARTIDO DA CAUSA OPERÁRIA,i,PCO,0,29,PCO,PARTIDO DA CAUSA OPERÁRIA,,29,280002552487,RUI COSTA PIMENTA,RUI COSTA PIMENTA,25/06/1957,12,Válido,nao,,0,0.00,0,ANTONIO CARLOS SILVA,ANTÔNIO CARLOS,PCO,v,,,,,04/10/2026 19:24:41,sim
1,04/10/2026,6257,Presidente,1,municipio,RN,18775,2414001,TANGARÁ,,,,,PARTIDO LIBERAL,i,PL,0,22,PL,PARTIDO LIBERAL,,22,280002551544,FLAVIO NANTES BOLSONARO,FLAVIO BOLSONARO,30/04/1981,1,Válido,nao,,3172,34.70,34.700798600,ALFREDO GASPAR DE MENDONÇA NETO,ALFREDO GASPAR,PL,v,,,,,04/10/2026 18:43:16,sim
1,04/10/2026,6257,Presidente,1,municipio,RN,18775,2414001,TANGARÁ,,,,,PARTIDO SOCIAL DEMOCRÁTICO,i,PSD,0,55,PSD,PARTIDO SOCIAL DEMOCRÁTICO,,55,280002551932,RONALDO RAMOS CAIADO,RONALDO CAIADO,25/09/1949,4,Válido,nao,,68,0.74,0.743901105,GILBERTO KASSAB,GILBERTO KASSAB,PSD,v,,,,,04/10/2026 18:43:16,sim
1,04/10/2026,6257,Presidente,1,municipio,RN,18775,2414001,TANGARÁ,,PT/PC do B/PV,FEDERAÇÃO BRASIL DA ESPERANÇA - FE BRASIL,PT/PC do B/PV,BRASIL PRONTO PRA MAIS,c,PSB / PDT / PCDOB / PT / PV / PSOL / REDE,,13,PT,PARTIDO DOS TRABALHADORES,101,13,280002542548,LUIZ INÁCIO LULA DA SILVA,LULA,06/10/1945,2,Válido,nao,,5529,60.49,60.485723663,GERALDO JOSE RODRIGUES ALCKMIN FILHO,GERALDO ALCKMIN,PSB,v,,,,,04/10/2026 18:43:16,sim
1,04/10/2026,6257,Presidente,1,municipio,RN,18775,2414001,TANGARÁ,,,,,DEMOCRACIA CRISTÃ,i,DC,0,27,DC,DEMOCRACIA CRISTÃ,,27,280002552484,CLARIANA ZACARKIM BARAO,CLARIANA BARAO,03/04/1987,9,Válido,nao,,1,0.01,0.010939722,FABIANA CRISTINA TAVARES TORQUATO,FABIANA TORQUATO,DC,v,,,,,04/10/2026 18:43:16,sim
1,04/10/2026,6257,Presidente,1,municipio,RN,18775,2414001,TANGARÁ,,,,,PARTIDO COMUNISTA BRASILEIRO,i,PCB,0,21,PCB,PARTIDO COMUNISTA BRASILEIRO,,21,280002551975,EDMILSON SILVA COSTA,EDMILSON COSTA,08/04/1950,10,Válido,nao,,0,0.00,0,CLEUSA DOS SANTOS,CLEUSA SANTOS,PCB,v,,,,,04/10/2026 18:43:16,sim
1,04/10/2026,6257,Presidente,1,municipio,RN,18775,2414001,TANGARÁ,,,,,PARTIDO SOCIALISTA  DOS TRABALHADORES UNIFICADO,i,PSTU,0,16,PSTU,PARTIDO SOCIALISTA  DOS TRABALHADORES UNIFICADO,,16,280002541457,HERTZ DA CONCEICAO DIAS,HERTZ DIAS,20/10/1970,8,Válido,nao,,0,0.00,0,VANESSA PORTUGAL BARBOSA,VANESSA PORTUGAL,PSTU,v,,,,,04/10/2026 18:43:16,sim
1,04/10/2026,6257,Presidente,1,municipio,RN,18775,2414001,TANGARÁ,,,,,BRASIL DOS NOSSOS SONHOS,c,AGIR / AVANTE,,70,AVANTE,AVANTE,,70,280002551547,AUGUSTO JORGE CURY,ESCRITOR AUGUSTO CURY,02/10/1958,3,Válido,nao,,221,2.42,2.417678591,JULIO CESAR DELGADO,JÚLIO DELGADO,AVANTE,v,,,,,04/10/2026 18:43:16,sim
1,04/10/2026,6257,Presidente,1,municipio,RN,18775,2414001,TANGARÁ,,,,,PARTIDO NOVO,i,NOVO,0,30,NOVO,PARTIDO NOVO,,30,280002539826,ROMEU ZEMA NETO,ZEMA,28/10/1964,6,Válido,nao,,3,0.03,0.032819166,LUIS EDUARDO GRANGEIRO GIRÃO,EDUARDO GIRÃO,NOVO,v,,,,,04/10/2026 18:43:16,sim
1,04/10/2026,6257,Presidente,1,municipio,RN,18775,2414001,TANGARÁ,,,,,UNIDADE POPULAR,i,UP,0,80,UP,UNIDADE POPULAR,,80,280002538811,SAMARA MARTINS DA SILVA FEITOSA,SAMARA,31/08/1987,7,Válido,nao,,5,0.05,0.054698611,RAQUEL NONATO DE BRICIO,RAQUEL BRÍCIO,UP,v,,,,,04/10/2026 18:43:16,sim
1,04/10/2026,6257,Presidente,1,municipio,RN,18775,2414001,TANGARÁ,,,,,DEMOCRATA,i,DEMOCRATA,0,35,DEMOCRATA,DEMOCRATA,,35,280002548139,WILSON GRASSI JUNIOR,VETERINÁRIO WILSON GRASSI,13/03/1970,11,Válido,nao,,1,0.01,0.010939722,SUÊD HAIDAR NOGUEIRA,SUÊD HAIDAR,DEMOCRATA,v,,,,,04/10/2026 18:43:16,sim
1,04/10/2026,6257,Presidente,1,municipio,RN,18775,2414001,TANGARÁ,,,,,PARTIDO MISSÃO,i,MISSÃO,0,14,MISSÃO,PARTIDO MISSÃO,,14,280002540694,RENAN ANTONIO FERREIRA DOS SANTOS,RENAN SANTOS,14/02/1984,5,Válido,nao,,141,1.54,1.542500820,AROLDO MEDINA,CORONEL MEDINA,MISSÃO,v,,,,,04/10/2026 18:43:16,sim
1,04/10/2026,6257,Presidente,1,municipio,RN,18775,2414001,TANGARÁ,,,,,PARTIDO DA CAUSA OPERÁRIA,i,PCO,0,29,PCO,PARTIDO DA CAUSA OPERÁRIA,,29,280002552487,RUI COSTA PIMENTA,RUI COSTA PIMENTA,25/06/1957,12,Válido,nao,,0,0.00,0,ANTONIO CARLOS SILVA,ANTÔNIO CARLOS,PCO,v,,,,,04/10/2026 18:43:16,sim
1,04/10/2026,6257,Presidente,1,municipio,RN,18791,2414100,TENENTE ANANIAS,,,,,PARTIDO LIBERAL,i,PL,0,22,PL,PARTIDO LIBERAL,,22,280002551544,FLAVIO NANTES BOLSONARO,FLAVIO BOLSONARO,30/04/1981,1,Válido,nao,,2132,32.07,32.069795427,ALFREDO GASPAR DE MENDONÇA NETO,ALFREDO GASPAR,PL,v,,,,,04/10/2026 22:07:48,sim
1,04/10/2026,6257,Presidente,1,municipio,RN,18791,2414100,TENENTE ANANIAS,,,,,PARTIDO SOCIAL DEMOCRÁTICO,i,PSD,0,55,PSD,PARTIDO SOCIAL DEMOCRÁTICO,,55,280002551932,RONALDO RAMOS CAIADO,RONALDO CAIADO,25/09/1949,5,Válido,nao,,23,0.35,0.345968712,GILBERTO KASSAB,GILBERTO KASSAB,PSD,v,,,,,04/10/2026 22:07:48,sim
1,04/10/2026,6257,Presidente,1,municipio,RN,18791,2414100,TENENTE ANANIAS,,PT/PC do B/PV,FEDERAÇÃO BRASIL DA ESPERANÇA - FE BRASIL,PT/PC do B/PV,BRASIL PRONTO PRA MAIS,c,PSB / PDT / PCDOB / PT / PV / PSOL / REDE,,13,PT,PARTIDO DOS TRABALHADORES,101,13,280002542548,LUIZ INÁCIO LULA DA SILVA,LULA,06/10/1945,2,Válido,nao,,4324,65.04,65.042117930,GERALDO JOSE RODRIGUES ALCKMIN FILHO,GERALDO ALCKMIN,PSB,v,,,,,04/10/2026 22:07:48,sim
1,04/10/2026,6257,Presidente,1,municipio,RN,18791,2414100,TENENTE ANANIAS,,,,,DEMOCRACIA CRISTÃ,i,DC,0,27,DC,DEMOCRACIA CRISTÃ,,27,280002552484,CLARIANA ZACARKIM BARAO,CLARIANA BARAO,03/04/1987,9,Válido,nao,,0,0.00,0,FABIANA CRISTINA TAVARES TORQUATO,FABIANA TORQUATO,DC,v,,,,,04/10/2026 22:07:48,sim
1,04/10/2026,6257,Presidente,1,municipio,RN,18791,2414100,TENENTE ANANIAS,,,,,PARTIDO COMUNISTA BRASILEIRO,i,PCB,0,21,PCB,PARTIDO COMUNISTA BRASILEIRO,,21,280002551975,EDMILSON SILVA COSTA,EDMILSON COSTA,08/04/1950,10,Válido,nao,,1,0.02,0.015042118,CLEUSA DOS SANTOS,CLEUSA SANTOS,PCB,v,,,,,04/10/2026 22:07:48,sim
1,04/10/2026,6257,Presidente,1,municipio,RN,18791,2414100,TENENTE ANANIAS,,,,,PARTIDO SOCIALISTA  DOS TRABALHADORES UNIFICADO,i,PSTU,0,16,PSTU,PARTIDO SOCIALISTA  DOS TRABALHADORES UNIFICADO,,16,280002541457,HERTZ DA CONCEICAO DIAS,HERTZ DIAS,20/10/1970,8,Válido,nao,,0,0.00,0,VANESSA PORTUGAL BARBOSA,VANESSA PORTUGAL,PSTU,v,,,,,04/10/2026 22:07:48,sim
1,04/10/2026,6257,Presidente,1,municipio,RN,18791,2414100,TENENTE ANANIAS,,,,,BRASIL DOS NOSSOS SONHOS,c,AGIR / AVANTE,,70,AVANTE,AVANTE,,70,280002551547,AUGUSTO JORGE CURY,ESCRITOR AUGUSTO CURY,02/10/1958,3,Válido,nao,,103,1.55,1.549338147,JULIO CESAR DELGADO,JÚLIO DELGADO,AVANTE,v,,,,,04/10/2026 22:07:48,sim
1,04/10/2026,6257,Presidente,1,municipio,RN,18791,2414100,TENENTE ANANIAS,,,,,PARTIDO NOVO,i,NOVO,0,30,NOVO,PARTIDO NOVO,,30,280002539826,ROMEU ZEMA NETO,ZEMA,28/10/1964,6,Válido,nao,,1,0.02,0.015042118,LUIS EDUARDO GRANGEIRO GIRÃO,EDUARDO GIRÃO,NOVO,v,,,,,04/10/2026 22:07:48,sim
1,04/10/2026,6257,Presidente,1,municipio,RN,18791,2414100,TENENTE ANANIAS,,,,,UNIDADE POPULAR,i,UP,0,80,UP,UNIDADE POPULAR,,80,280002538811,SAMARA MARTINS DA SILVA FEITOSA,SAMARA,31/08/1987,7,Válido,nao,,2,0.03,0.030084236,RAQUEL NONATO DE BRICIO,RAQUEL BRÍCIO,UP,v,,,,,04/10/2026 22:07:48,sim
1,04/10/2026,6257,Presidente,1,municipio,RN,18791,2414100,TENENTE ANANIAS,,,,,DEMOCRATA,i,DEMOCRATA,0,35,DEMOCRATA,DEMOCRATA,,35,280002548139,WILSON GRASSI JUNIOR,VETERINÁRIO WILSON GRASSI,13/03/1970,11,Válido,nao,,1,0.02,0.015042118,SUÊD HAIDAR NOGUEIRA,SUÊD HAIDAR,DEMOCRATA,v,,,,,04/10/2026 22:07:48,sim
1,04/10/2026,6257,Presidente,1,municipio,RN,18791,2414100,TENENTE ANANIAS,,,,,PARTIDO MISSÃO,i,MISSÃO,0,14,MISSÃO,PARTIDO MISSÃO,,14,280002540694,RENAN ANTONIO FERREIRA DOS SANTOS,RENAN SANTOS,14/02/1984,4,Válido,nao,,61,0.92,0.917569194,AROLDO MEDINA,CORONEL MEDINA,MISSÃO,v,,,,,04/10/2026 22:07:48,sim
1,04/10/2026,6257,Presidente,1,municipio,RN,18791,2414100,TENENTE ANANIAS,,,,,PARTIDO DA CAUSA OPERÁRIA,i,PCO,0,29,PCO,PARTIDO DA CAUSA OPERÁRIA,,29,280002552487,RUI COSTA PIMENTA,RUI COSTA PIMENTA,25/06/1957,12,Válido,nao,,0,0.00,0,ANTONIO CARLOS SILVA,ANTÔNIO CARLOS,PCO,v,,,,,04/10/2026 22:07:48,sim
1,04/10/2026,6257,Presidente,1,municipio,RN,18813,2414209,TIBAU DO SUL,,,,,PARTIDO LIBERAL,i,PL,0,22,PL,PARTIDO LIBERAL,,22,280002551544,FLAVIO NANTES BOLSONARO,FLAVIO BOLSONARO,30/04/1981,1,Válido,nao,,4010,37.96,37.959106399,ALFREDO GASPAR DE MENDONÇA NETO,ALFREDO GASPAR,PL,v,,,,,04/10/2026 22:51:30,sim
1,04/10/2026,6257,Presidente,1,municipio,RN,18813,2414209,TIBAU DO SUL,,,,,PARTIDO SOCIAL DEMOCRÁTICO,i,PSD,0,55,PSD,PARTIDO SOCIAL DEMOCRÁTICO,,55,280002551932,RONALDO RAMOS CAIADO,RONALDO CAIADO,25/09/1949,5,Válido,nao,,61,0.58,0.577432791,GILBERTO KASSAB,GILBERTO KASSAB,PSD,v,,,,,04/10/2026 22:51:30,sim
1,04/10/2026,6257,Presidente,1,municipio,RN,18813,2414209,TIBAU DO SUL,,PT/PC do B/PV,FEDERAÇÃO BRASIL DA ESPERANÇA - FE BRASIL,PT/PC do B/PV,BRASIL PRONTO PRA MAIS,c,PSB / PDT / PCDOB / PT / PV / PSOL / REDE,,13,PT,PARTIDO DOS TRABALHADORES,101,13,280002542548,LUIZ INÁCIO LULA DA SILVA,LULA,06/10/1945,2,Válido,nao,,6133,58.06,58.055660735,GERALDO JOSE RODRIGUES ALCKMIN FILHO,GERALDO ALCKMIN,PSB,v,,,,,04/10/2026 22:51:30,sim
1,04/10/2026,6257,Presidente,1,municipio,RN,18813,2414209,TIBAU DO SUL,,,,,DEMOCRACIA CRISTÃ,i,DC,0,27,DC,DEMOCRACIA CRISTÃ,,27,280002552484,CLARIANA ZACARKIM BARAO,CLARIANA BARAO,03/04/1987,9,Válido,nao,,1,0.01,0.009466111,FABIANA CRISTINA TAVARES TORQUATO,FABIANA TORQUATO,DC,v,,,,,04/10/2026 22:51:30,sim
1,04/10/2026,6257,Presidente,1,municipio,RN,18813,2414209,TIBAU DO SUL,,,,,PARTIDO COMUNISTA BRASILEIRO,i,PCB,0,21,PCB,PARTIDO COMUNISTA BRASILEIRO,,21,280002551975,EDMILSON SILVA COSTA,EDMILSON COSTA,08/04/1950,10,Válido,nao,,2,0.02,0.018932223,CLEUSA DOS SANTOS,CLEUSA SANTOS,PCB,v,,,,,04/10/2026 22:51:30,sim
1,04/10/2026,6257,Presidente,1,municipio,RN,18813,2414209,TIBAU DO SUL,,,,,PARTIDO SOCIALISTA  DOS TRABALHADORES UNIFICADO,i,PSTU,0,16,PSTU,PARTIDO SOCIALISTA  DOS TRABALHADORES UNIFICADO,,16,280002541457,HERTZ DA CONCEICAO DIAS,HERTZ DIAS,20/10/1970,8,Válido,nao,,1,0.01,0.009466111,VANESSA PORTUGAL BARBOSA,VANESSA PORTUGAL,PSTU,v,,,,,04/10/2026 22:51:30,sim
1,04/10/2026,6257,Presidente,1,municipio,RN,18813,2414209,TIBAU DO SUL,,,,,BRASIL DOS NOSSOS SONHOS,c,AGIR / AVANTE,,70,AVANTE,AVANTE,,70,280002551547,AUGUSTO JORGE CURY,ESCRITOR AUGUSTO CURY,02/10/1958,3,Válido,nao,,208,1.97,1.968951155,JULIO CESAR DELGADO,JÚLIO DELGADO,AVANTE,v,,,,,04/10/2026 22:51:30,sim
1,04/10/2026,6257,Presidente,1,municipio,RN,18813,2414209,TIBAU DO SUL,,,,,PARTIDO NOVO,i,NOVO,0,30,NOVO,PARTIDO NOVO,,30,280002539826,ROMEU ZEMA NETO,ZEMA,28/10/1964,6,Válido,nao,,13,0.12,0.123059447,LUIS EDUARDO GRANGEIRO GIRÃO,EDUARDO GIRÃO,NOVO,v,,,,,04/10/2026 22:51:30,sim
1,04/10/2026,6257,Presidente,1,municipio,RN,18813,2414209,TIBAU DO SUL,,,,,UNIDADE POPULAR,i,UP,0,80,UP,UNIDADE POPULAR,,80,280002538811,SAMARA MARTINS DA SILVA FEITOSA,SAMARA,31/08/1987,7,Válido,nao,,9,0.09,0.085195002,RAQUEL NONATO DE BRICIO,RAQUEL BRÍCIO,UP,v,,,,,04/10/2026 22:51:30,sim
1,04/10/2026,6257,Presidente,1,municipio,RN,18813,2414209,TIBAU DO SUL,,,,,DEMOCRATA,i,DEMOCRATA,0,35,DEMOCRATA,DEMOCRATA,,35,280002548139,WILSON GRASSI JUNIOR,VETERINÁRIO WILSON GRASSI,13/03/1970,11,Válido,nao,,0,0.00,0,SUÊD HAIDAR NOGUEIRA,SUÊD HAIDAR,DEMOCRATA,v,,,,,04/10/2026 22:51:30,sim
1,04/10/2026,6257,Presidente,1,municipio,RN,18813,2414209,TIBAU DO SUL,,,,,PARTIDO MISSÃO,i,MISSÃO,0,14,MISSÃO,PARTIDO MISSÃO,,14,280002540694,RENAN ANTONIO FERREIRA DOS SANTOS,RENAN SANTOS,14/02/1984,4,Válido,nao,,126,1.19,1.192730027,AROLDO MEDINA,CORONEL MEDINA,MISSÃO,v,,,,,04/10/2026 22:51:30,sim
1,04/10/2026,6257,Presidente,1,municipio,RN,18813,2414209,TIBAU DO SUL,,,,,PARTIDO DA CAUSA OPERÁRIA,i,PCO,0,29,PCO,PARTIDO DA CAUSA OPERÁRIA,,29,280002552487,RUI COSTA PIMENTA,RUI COSTA PIMENTA,25/06/1957,12,Válido,nao,,0,0.00,0,ANTONIO CARLOS SILVA,ANTÔNIO CARLOS,PCO,v,,,,,04/10/2026 22:51:30,sim
1,04/10/2026,6257,Presidente,1,municipio,RN,18830,2414308,TIMBAÚBA DOS BATISTAS,,,,,PARTIDO LIBERAL,i,PL,0,22,PL,PARTIDO LIBERAL,,22,280002551544,FLAVIO NANTES BOLSONARO,FLAVIO BOLSONARO,30/04/1981,1,Válido,nao,,718,31.53,31.532718489,ALFREDO GASPAR DE MENDONÇA NETO,ALFREDO GASPAR,PL,v,,,,,04/10/2026 18:47:44,sim
1,04/10/2026,6257,Presidente,1,municipio,RN,18830,2414308,TIMBAÚBA DOS BATISTAS,,,,,PARTIDO SOCIAL DEMOCRÁTICO,i,PSD,0,55,PSD,PARTIDO SOCIAL DEMOCRÁTICO,,55,280002551932,RONALDO RAMOS CAIADO,RONALDO CAIADO,25/09/1949,4,Válido,nao,,20,0.88,0.878348704,GILBERTO KASSAB,GILBERTO KASSAB,PSD,v,,,,,04/10/2026 18:47:44,sim
1,04/10/2026,6257,Presidente,1,municipio,RN,18830,2414308,TIMBAÚBA DOS BATISTAS,,PT/PC do B/PV,FEDERAÇÃO BRASIL DA ESPERANÇA - FE BRASIL,PT/PC do B/PV,BRASIL PRONTO PRA MAIS,c,PSB / PDT / PCDOB / PT / PV / PSOL / REDE,,13,PT,PARTIDO DOS TRABALHADORES,101,13,280002542548,LUIZ INÁCIO LULA DA SILVA,LULA,06/10/1945,2,Válido,nao,,1457,63.99,63.987703118,GERALDO JOSE RODRIGUES ALCKMIN FILHO,GERALDO ALCKMIN,PSB,v,,,,,04/10/2026 18:47:44,sim
1,04/10/2026,6257,Presidente,1,municipio,RN,18830,2414308,TIMBAÚBA DOS BATISTAS,,,,,DEMOCRACIA CRISTÃ,i,DC,0,27,DC,DEMOCRACIA CRISTÃ,,27,280002552484,CLARIANA ZACARKIM BARAO,CLARIANA BARAO,03/04/1987,9,Válido,nao,,2,0.09,0.087834870,FABIANA CRISTINA TAVARES TORQUATO,FABIANA TORQUATO,DC,v,,,,,04/10/2026 18:47:44,sim
1,04/10/2026,6257,Presidente,1,municipio,RN,18830,2414308,TIMBAÚBA DOS BATISTAS,,,,,PARTIDO COMUNISTA BRASILEIRO,i,PCB,0,21,PCB,PARTIDO COMUNISTA BRASILEIRO,,21,280002551975,EDMILSON SILVA COSTA,EDMILSON COSTA,08/04/1950,10,Válido,nao,,0,0.00,0,CLEUSA DOS SANTOS,CLEUSA SANTOS,PCB,v,,,,,04/10/2026 18:47:44,sim
1,04/10/2026,6257,Presidente,1,municipio,RN,18830,2414308,TIMBAÚBA DOS BATISTAS,,,,,PARTIDO SOCIALISTA  DOS TRABALHADORES UNIFICADO,i,PSTU,0,16,PSTU,PARTIDO SOCIALISTA  DOS TRABALHADORES UNIFICADO,,16,280002541457,HERTZ DA CONCEICAO DIAS,HERTZ DIAS,20/10/1970,8,Válido,nao,,1,0.04,0.043917435,VANESSA PORTUGAL BARBOSA,VANESSA PORTUGAL,PSTU,v,,,,,04/10/2026 18:47:44,sim
1,04/10/2026,6257,Presidente,1,municipio,RN,18830,2414308,TIMBAÚBA DOS BATISTAS,,,,,BRASIL DOS NOSSOS SONHOS,c,AGIR / AVANTE,,70,AVANTE,AVANTE,,70,280002551547,AUGUSTO JORGE CURY,ESCRITOR AUGUSTO CURY,02/10/1958,3,Válido,nao,,54,2.37,2.371541502,JULIO CESAR DELGADO,JÚLIO DELGADO,AVANTE,v,,,,,04/10/2026 18:47:44,sim
1,04/10/2026,6257,Presidente,1,municipio,RN,18830,2414308,TIMBAÚBA DOS BATISTAS,,,,,PARTIDO NOVO,i,NOVO,0,30,NOVO,PARTIDO NOVO,,30,280002539826,ROMEU ZEMA NETO,ZEMA,28/10/1964,6,Válido,nao,,0,0.00,0,LUIS EDUARDO GRANGEIRO GIRÃO,EDUARDO GIRÃO,NOVO,v,,,,,04/10/2026 18:47:44,sim
1,04/10/2026,6257,Presidente,1,municipio,RN,18830,2414308,TIMBAÚBA DOS BATISTAS,,,,,UNIDADE POPULAR,i,UP,0,80,UP,UNIDADE POPULAR,,80,280002538811,SAMARA MARTINS DA SILVA FEITOSA,SAMARA,31/08/1987,7,Válido,nao,,1,0.04,0.043917435,RAQUEL NONATO DE BRICIO,RAQUEL BRÍCIO,UP,v,,,,,04/10/2026 18:47:44,sim
1,04/10/2026,6257,Presidente,1,municipio,RN,18830,2414308,TIMBAÚBA DOS BATISTAS,,,,,DEMOCRATA,i,DEMOCRATA,0,35,DEMOCRATA,DEMOCRATA,,35,280002548139,WILSON GRASSI JUNIOR,VETERINÁRIO WILSON GRASSI,13/03/1970,11,Válido,nao,,1,0.04,0.043917435,SUÊD HAIDAR NOGUEIRA,SUÊD HAIDAR,DEMOCRATA,v,,,,,04/10/2026 18:47:44,sim
1,04/10/2026,6257,Presidente,1,municipio,RN,18830,2414308,TIMBAÚBA DOS BATISTAS,,,,,PARTIDO MISSÃO,i,MISSÃO,0,14,MISSÃO,PARTIDO MISSÃO,,14,280002540694,RENAN ANTONIO FERREIRA DOS SANTOS,RENAN SANTOS,14/02/1984,5,Válido,nao,,23,1.01,1.010101010,AROLDO MEDINA,CORONEL MEDINA,MISSÃO,v,,,,,04/10/2026 18:47:44,sim
1,04/10/2026,6257,Presidente,1,municipio,RN,18830,2414308,TIMBAÚBA DOS BATISTAS,,,,,PARTIDO DA CAUSA OPERÁRIA,i,PCO,0,29,PCO,PARTIDO DA CAUSA OPERÁRIA,,29,280002552487,RUI COSTA PIMENTA,RUI COSTA PIMENTA,25/06/1957,12,Válido,nao,,0,0.00,0,ANTONIO CARLOS SILVA,ANTÔNIO CARLOS,PCO,v,,,,,04/10/2026 18:47:44,sim
1,04/10/2026,6257,Presidente,1,municipio,RN,18856,2414407,TOUROS,,,,,PARTIDO LIBERAL,i,PL,0,22,PL,PARTIDO LIBERAL,,22,280002551544,FLAVIO NANTES BOLSONARO,FLAVIO BOLSONARO,30/04/1981,1,Válido,nao,,8127,36.44,36.437410330,ALFREDO GASPAR DE MENDONÇA NETO,ALFREDO GASPAR,PL,v,,,,,04/10/2026 22:05:20,sim
1,04/10/2026,6257,Presidente,1,municipio,RN,18856,2414407,TOUROS,,,,,PARTIDO SOCIAL DEMOCRÁTICO,i,PSD,0,55,PSD,PARTIDO SOCIAL DEMOCRÁTICO,,55,280002551932,RONALDO RAMOS CAIADO,RONALDO CAIADO,25/09/1949,5,Válido,nao,,149,0.67,0.668041607,GILBERTO KASSAB,GILBERTO KASSAB,PSD,v,,,,,04/10/2026 22:05:20,sim
1,04/10/2026,6257,Presidente,1,municipio,RN,18856,2414407,TOUROS,,PT/PC do B/PV,FEDERAÇÃO BRASIL DA ESPERANÇA - FE BRASIL,PT/PC do B/PV,BRASIL PRONTO PRA MAIS,c,PSB / PDT / PCDOB / PT / PV / PSOL / REDE,,13,PT,PARTIDO DOS TRABALHADORES,101,13,280002542548,LUIZ INÁCIO LULA DA SILVA,LULA,06/10/1945,2,Válido,nao,,13200,59.18,59.182209469,GERALDO JOSE RODRIGUES ALCKMIN FILHO,GERALDO ALCKMIN,PSB,v,,,,,04/10/2026 22:05:20,sim
1,04/10/2026,6257,Presidente,1,municipio,RN,18856,2414407,TOUROS,,,,,DEMOCRACIA CRISTÃ,i,DC,0,27,DC,DEMOCRACIA CRISTÃ,,27,280002552484,CLARIANA ZACARKIM BARAO,CLARIANA BARAO,03/04/1987,9,Válido,nao,,3,0.01,0.013450502,FABIANA CRISTINA TAVARES TORQUATO,FABIANA TORQUATO,DC,v,,,,,04/10/2026 22:05:20,sim
1,04/10/2026,6257,Presidente,1,municipio,RN,18856,2414407,TOUROS,,,,,PARTIDO COMUNISTA BRASILEIRO,i,PCB,0,21,PCB,PARTIDO COMUNISTA BRASILEIRO,,21,280002551975,EDMILSON SILVA COSTA,EDMILSON COSTA,08/04/1950,10,Válido,nao,,2,0.01,0.008967001,CLEUSA DOS SANTOS,CLEUSA SANTOS,PCB,v,,,,,04/10/2026 22:05:20,sim
1,04/10/2026,6257,Presidente,1,municipio,RN,18856,2414407,TOUROS,,,,,PARTIDO SOCIALISTA  DOS TRABALHADORES UNIFICADO,i,PSTU,0,16,PSTU,PARTIDO SOCIALISTA  DOS TRABALHADORES UNIFICADO,,16,280002541457,HERTZ DA CONCEICAO DIAS,HERTZ DIAS,20/10/1970,8,Válido,nao,,5,0.02,0.022417504,VANESSA PORTUGAL BARBOSA,VANESSA PORTUGAL,PSTU,v,,,,,04/10/2026 22:05:20,sim
1,04/10/2026,6257,Presidente,1,municipio,RN,18856,2414407,TOUROS,,,,,BRASIL DOS NOSSOS SONHOS,c,AGIR / AVANTE,,70,AVANTE,AVANTE,,70,280002551547,AUGUSTO JORGE CURY,ESCRITOR AUGUSTO CURY,02/10/1958,3,Válido,nao,,548,2.46,2.456958393,JULIO CESAR DELGADO,JÚLIO DELGADO,AVANTE,v,,,,,04/10/2026 22:05:20,sim
1,04/10/2026,6257,Presidente,1,municipio,RN,18856,2414407,TOUROS,,,,,PARTIDO NOVO,i,NOVO,0,30,NOVO,PARTIDO NOVO,,30,280002539826,ROMEU ZEMA NETO,ZEMA,28/10/1964,6,Válido,nao,,4,0.02,0.017934003,LUIS EDUARDO GRANGEIRO GIRÃO,EDUARDO GIRÃO,NOVO,v,,,,,04/10/2026 22:05:20,sim
1,04/10/2026,6257,Presidente,1,municipio,RN,18856,2414407,TOUROS,,,,,UNIDADE POPULAR,i,UP,0,80,UP,UNIDADE POPULAR,,80,280002538811,SAMARA MARTINS DA SILVA FEITOSA,SAMARA,31/08/1987,7,Válido,nao,,6,0.03,0.026901004,RAQUEL NONATO DE BRICIO,RAQUEL BRÍCIO,UP,v,,,,,04/10/2026 22:05:20,sim
1,04/10/2026,6257,Presidente,1,municipio,RN,18856,2414407,TOUROS,,,,,DEMOCRATA,i,DEMOCRATA,0,35,DEMOCRATA,DEMOCRATA,,35,280002548139,WILSON GRASSI JUNIOR,VETERINÁRIO WILSON GRASSI,13/03/1970,11,Válido,nao,,4,0.02,0.017934003,SUÊD HAIDAR NOGUEIRA,SUÊD HAIDAR,DEMOCRATA,v,,,,,04/10/2026 22:05:20,sim
1,04/10/2026,6257,Presidente,1,municipio,RN,18856,2414407,TOUROS,,,,,PARTIDO MISSÃO,i,MISSÃO,0,14,MISSÃO,PARTIDO MISSÃO,,14,280002540694,RENAN ANTONIO FERREIRA DOS SANTOS,RENAN SANTOS,14/02/1984,4,Válido,nao,,256,1.15,1.147776184,AROLDO MEDINA,CORONEL MEDINA,MISSÃO,v,,,,,04/10/2026 22:05:20,sim
1,04/10/2026,6257,Presidente,1,municipio,RN,18856,2414407,TOUROS,,,,,PARTIDO DA CAUSA OPERÁRIA,i,PCO,0,29,PCO,PARTIDO DA CAUSA OPERÁRIA,,29,280002552487,RUI COSTA PIMENTA,RUI COSTA PIMENTA,25/06/1957,12,Válido,nao,,0,0.00,0,ANTONIO CARLOS SILVA,ANTÔNIO CARLOS,PCO,v,,,,,04/10/2026 22:05:20,sim
1,04/10/2026,6257,Presidente,1,municipio,RN,18872,2414506,UMARIZAL,,,,,PARTIDO LIBERAL,i,PL,0,22,PL,PARTIDO LIBERAL,,22,280002551544,FLAVIO NANTES BOLSONARO,FLAVIO BOLSONARO,30/04/1981,1,Válido,nao,,1466,20.96,20.963820964,ALFREDO GASPAR DE MENDONÇA NETO,ALFREDO GASPAR,PL,v,,,,,04/10/2026 18:59:27,sim
1,04/10/2026,6257,Presidente,1,municipio,RN,18872,2414506,UMARIZAL,,,,,PARTIDO SOCIAL DEMOCRÁTICO,i,PSD,0,55,PSD,PARTIDO SOCIAL DEMOCRÁTICO,,55,280002551932,RONALDO RAMOS CAIADO,RONALDO CAIADO,25/09/1949,4,Válido,nao,,24,0.34,0.343200343,GILBERTO KASSAB,GILBERTO KASSAB,PSD,v,,,,,04/10/2026 18:59:27,sim
1,04/10/2026,6257,Presidente,1,municipio,RN,18872,2414506,UMARIZAL,,PT/PC do B/PV,FEDERAÇÃO BRASIL DA ESPERANÇA - FE BRASIL,PT/PC do B/PV,BRASIL PRONTO PRA MAIS,c,PSB / PDT / PCDOB / PT / PV / PSOL / REDE,,13,PT,PARTIDO DOS TRABALHADORES,101,13,280002542548,LUIZ INÁCIO LULA DA SILVA,LULA,06/10/1945,2,Válido,nao,,5267,75.32,75.318175318,GERALDO JOSE RODRIGUES ALCKMIN FILHO,GERALDO ALCKMIN,PSB,v,,,,,04/10/2026 18:59:27,sim
1,04/10/2026,6257,Presidente,1,municipio,RN,18872,2414506,UMARIZAL,,,,,DEMOCRACIA CRISTÃ,i,DC,0,27,DC,DEMOCRACIA CRISTÃ,,27,280002552484,CLARIANA ZACARKIM BARAO,CLARIANA BARAO,03/04/1987,9,Válido,nao,,0,0.00,0,FABIANA CRISTINA TAVARES TORQUATO,FABIANA TORQUATO,DC,v,,,,,04/10/2026 18:59:27,sim
1,04/10/2026,6257,Presidente,1,municipio,RN,18872,2414506,UMARIZAL,,,,,PARTIDO COMUNISTA BRASILEIRO,i,PCB,0,21,PCB,PARTIDO COMUNISTA BRASILEIRO,,21,280002551975,EDMILSON SILVA COSTA,EDMILSON COSTA,08/04/1950,10,Válido,nao,,2,0.03,0.028600029,CLEUSA DOS SANTOS,CLEUSA SANTOS,PCB,v,,,,,04/10/2026 18:59:27,sim
1,04/10/2026,6257,Presidente,1,municipio,RN,18872,2414506,UMARIZAL,,,,,PARTIDO SOCIALISTA  DOS TRABALHADORES UNIFICADO,i,PSTU,0,16,PSTU,PARTIDO SOCIALISTA  DOS TRABALHADORES UNIFICADO,,16,280002541457,HERTZ DA CONCEICAO DIAS,HERTZ DIAS,20/10/1970,8,Válido,nao,,1,0.01,0.014300014,VANESSA PORTUGAL BARBOSA,VANESSA PORTUGAL,PSTU,v,,,,,04/10/2026 18:59:27,sim
1,04/10/2026,6257,Presidente,1,municipio,RN,18872,2414506,UMARIZAL,,,,,BRASIL DOS NOSSOS SONHOS,c,AGIR / AVANTE,,70,AVANTE,AVANTE,,70,280002551547,AUGUSTO JORGE CURY,ESCRITOR AUGUSTO CURY,02/10/1958,3,Válido,nao,,132,1.89,1.887601888,JULIO CESAR DELGADO,JÚLIO DELGADO,AVANTE,v,,,,,04/10/2026 18:59:27,sim
1,04/10/2026,6257,Presidente,1,municipio,RN,18872,2414506,UMARIZAL,,,,,PARTIDO NOVO,i,NOVO,0,30,NOVO,PARTIDO NOVO,,30,280002539826,ROMEU ZEMA NETO,ZEMA,28/10/1964,6,Válido,nao,,6,0.09,0.085800086,LUIS EDUARDO GRANGEIRO GIRÃO,EDUARDO GIRÃO,NOVO,v,,,,,04/10/2026 18:59:27,sim
1,04/10/2026,6257,Presidente,1,municipio,RN,18872,2414506,UMARIZAL,,,,,UNIDADE POPULAR,i,UP,0,80,UP,UNIDADE POPULAR,,80,280002538811,SAMARA MARTINS DA SILVA FEITOSA,SAMARA,31/08/1987,7,Válido,nao,,1,0.01,0.014300014,RAQUEL NONATO DE BRICIO,RAQUEL BRÍCIO,UP,v,,,,,04/10/2026 18:59:27,sim
1,04/10/2026,6257,Presidente,1,municipio,RN,18872,2414506,UMARIZAL,,,,,DEMOCRATA,i,DEMOCRATA,0,35,DEMOCRATA,DEMOCRATA,,35,280002548139,WILSON GRASSI JUNIOR,VETERINÁRIO WILSON GRASSI,13/03/1970,11,Válido,nao,,0,0.00,0,SUÊD HAIDAR NOGUEIRA,SUÊD HAIDAR,DEMOCRATA,v,,,,,04/10/2026 18:59:27,sim
1,04/10/2026,6257,Presidente,1,municipio,RN,18872,2414506,UMARIZAL,,,,,PARTIDO MISSÃO,i,MISSÃO,0,14,MISSÃO,PARTIDO MISSÃO,,14,280002540694,RENAN ANTONIO FERREIRA DOS SANTOS,RENAN SANTOS,14/02/1984,5,Válido,nao,,93,1.33,1.329901330,AROLDO MEDINA,CORONEL MEDINA,MISSÃO,v,,,,,04/10/2026 18:59:27,sim
1,04/10/2026,6257,Presidente,1,municipio,RN,18872,2414506,UMARIZAL,,,,,PARTIDO DA CAUSA OPERÁRIA,i,PCO,0,29,PCO,PARTIDO DA CAUSA OPERÁRIA,,29,280002552487,RUI COSTA PIMENTA,RUI COSTA PIMENTA,25/06/1957,12,Válido,nao,,1,0.01,0.014300014,ANTONIO CARLOS SILVA,ANTÔNIO CARLOS,PCO,v,,,,,04/10/2026 18:59:27,sim
1,04/10/2026,6257,Presidente,1,municipio,RN,18899,2414605,UPANEMA,,,,,PARTIDO LIBERAL,i,PL,0,22,PL,PARTIDO LIBERAL,,22,280002551544,FLAVIO NANTES BOLSONARO,FLAVIO BOLSONARO,30/04/1981,1,Válido,nao,,3690,38.28,38.281979458,ALFREDO GASPAR DE MENDONÇA NETO,ALFREDO GASPAR,PL,v,,,,,04/10/2026 20:50:59,sim
1,04/10/2026,6257,Presidente,1,municipio,RN,18899,2414605,UPANEMA,,,,,PARTIDO SOCIAL DEMOCRÁTICO,i,PSD,0,55,PSD,PARTIDO SOCIAL DEMOCRÁTICO,,55,280002551932,RONALDO RAMOS CAIADO,RONALDO CAIADO,25/09/1949,5,Válido,nao,,80,0.83,0.829961614,GILBERTO KASSAB,GILBERTO KASSAB,PSD,v,,,,,04/10/2026 20:50:59,sim
1,04/10/2026,6257,Presidente,1,municipio,RN,18899,2414605,UPANEMA,,PT/PC do B/PV,FEDERAÇÃO BRASIL DA ESPERANÇA - FE BRASIL,PT/PC do B/PV,BRASIL PRONTO PRA MAIS,c,PSB / PDT / PCDOB / PT / PV / PSOL / REDE,,13,PT,PARTIDO DOS TRABALHADORES,101,13,280002542548,LUIZ INÁCIO LULA DA SILVA,LULA,06/10/1945,2,Válido,nao,,5509,57.15,57.153231663,GERALDO JOSE RODRIGUES ALCKMIN FILHO,GERALDO ALCKMIN,PSB,v,,,,,04/10/2026 20:50:59,sim
1,04/10/2026,6257,Presidente,1,municipio,RN,18899,2414605,UPANEMA,,,,,DEMOCRACIA CRISTÃ,i,DC,0,27,DC,DEMOCRACIA CRISTÃ,,27,280002552484,CLARIANA ZACARKIM BARAO,CLARIANA BARAO,03/04/1987,9,Válido,nao,,1,0.01,0.010374520,FABIANA CRISTINA TAVARES TORQUATO,FABIANA TORQUATO,DC,v,,,,,04/10/2026 20:50:59,sim
1,04/10/2026,6257,Presidente,1,municipio,RN,18899,2414605,UPANEMA,,,,,PARTIDO COMUNISTA BRASILEIRO,i,PCB,0,21,PCB,PARTIDO COMUNISTA BRASILEIRO,,21,280002551975,EDMILSON SILVA COSTA,EDMILSON COSTA,08/04/1950,10,Válido,nao,,1,0.01,0.010374520,CLEUSA DOS SANTOS,CLEUSA SANTOS,PCB,v,,,,,04/10/2026 20:50:59,sim
1,04/10/2026,6257,Presidente,1,municipio,RN,18899,2414605,UPANEMA,,,,,PARTIDO SOCIALISTA  DOS TRABALHADORES UNIFICADO,i,PSTU,0,16,PSTU,PARTIDO SOCIALISTA  DOS TRABALHADORES UNIFICADO,,16,280002541457,HERTZ DA CONCEICAO DIAS,HERTZ DIAS,20/10/1970,8,Válido,nao,,2,0.02,0.020749040,VANESSA PORTUGAL BARBOSA,VANESSA PORTUGAL,PSTU,v,,,,,04/10/2026 20:50:59,sim
1,04/10/2026,6257,Presidente,1,municipio,RN,18899,2414605,UPANEMA,,,,,BRASIL DOS NOSSOS SONHOS,c,AGIR / AVANTE,,70,AVANTE,AVANTE,,70,280002551547,AUGUSTO JORGE CURY,ESCRITOR AUGUSTO CURY,02/10/1958,3,Válido,nao,,195,2.02,2.023031435,JULIO CESAR DELGADO,JÚLIO DELGADO,AVANTE,v,,,,,04/10/2026 20:50:59,sim
1,04/10/2026,6257,Presidente,1,municipio,RN,18899,2414605,UPANEMA,,,,,PARTIDO NOVO,i,NOVO,0,30,NOVO,PARTIDO NOVO,,30,280002539826,ROMEU ZEMA NETO,ZEMA,28/10/1964,6,Válido,nao,,3,0.03,0.031123561,LUIS EDUARDO GRANGEIRO GIRÃO,EDUARDO GIRÃO,NOVO,v,,,,,04/10/2026 20:50:59,sim
1,04/10/2026,6257,Presidente,1,municipio,RN,18899,2414605,UPANEMA,,,,,UNIDADE POPULAR,i,UP,0,80,UP,UNIDADE POPULAR,,80,280002538811,SAMARA MARTINS DA SILVA FEITOSA,SAMARA,31/08/1987,7,Válido,nao,,3,0.03,0.031123561,RAQUEL NONATO DE BRICIO,RAQUEL BRÍCIO,UP,v,,,,,04/10/2026 20:50:59,sim
1,04/10/2026,6257,Presidente,1,municipio,RN,18899,2414605,UPANEMA,,,,,DEMOCRATA,i,DEMOCRATA,0,35,DEMOCRATA,DEMOCRATA,,35,280002548139,WILSON GRASSI JUNIOR,VETERINÁRIO WILSON GRASSI,13/03/1970,11,Válido,nao,,0,0.00,0,SUÊD HAIDAR NOGUEIRA,SUÊD HAIDAR,DEMOCRATA,v,,,,,04/10/2026 20:50:59,sim
1,04/10/2026,6257,Presidente,1,municipio,RN,18899,2414605,UPANEMA,,,,,PARTIDO MISSÃO,i,MISSÃO,0,14,MISSÃO,PARTIDO MISSÃO,,14,280002540694,RENAN ANTONIO FERREIRA DOS SANTOS,RENAN SANTOS,14/02/1984,4,Válido,nao,,154,1.60,1.597676107,AROLDO MEDINA,CORONEL MEDINA,MISSÃO,v,,,,,04/10/2026 20:50:59,sim
1,04/10/2026,6257,Presidente,1,municipio,RN,18899,2414605,UPANEMA,,,,,PARTIDO DA CAUSA OPERÁRIA,i,PCO,0,29,PCO,PARTIDO DA CAUSA OPERÁRIA,,29,280002552487,RUI COSTA PIMENTA,RUI COSTA PIMENTA,25/06/1957,12,Válido,nao,,1,0.01,0.010374520,ANTONIO CARLOS SILVA,ANTÔNIO CARLOS,PCO,v,,,,,04/10/2026 20:50:59,sim
1,04/10/2026,6257,Presidente,1,municipio,RN,18910,2414704,VÁRZEA,,,,,PARTIDO LIBERAL,i,PL,0,22,PL,PARTIDO LIBERAL,,22,280002551544,FLAVIO NANTES BOLSONARO,FLAVIO BOLSONARO,30/04/1981,1,Válido,nao,,1594,35.18,35.179871993,ALFREDO GASPAR DE MENDONÇA NETO,ALFREDO GASPAR,PL,v,,,,,04/10/2026 19:29:37,sim
1,04/10/2026,6257,Presidente,1,municipio,RN,18910,2414704,VÁRZEA,,,,,PARTIDO SOCIAL DEMOCRÁTICO,i,PSD,0,55,PSD,PARTIDO SOCIAL DEMOCRÁTICO,,55,280002551932,RONALDO RAMOS CAIADO,RONALDO CAIADO,25/09/1949,5,Válido,nao,,26,0.57,0.573824763,GILBERTO KASSAB,GILBERTO KASSAB,PSD,v,,,,,04/10/2026 19:29:37,sim
1,04/10/2026,6257,Presidente,1,municipio,RN,18910,2414704,VÁRZEA,,PT/PC do B/PV,FEDERAÇÃO BRASIL DA ESPERANÇA - FE BRASIL,PT/PC do B/PV,BRASIL PRONTO PRA MAIS,c,PSB / PDT / PCDOB / PT / PV / PSOL / REDE,,13,PT,PARTIDO DOS TRABALHADORES,101,13,280002542548,LUIZ INÁCIO LULA DA SILVA,LULA,06/10/1945,2,Válido,nao,,2759,60.89,60.891635401,GERALDO JOSE RODRIGUES ALCKMIN FILHO,GERALDO ALCKMIN,PSB,v,,,,,04/10/2026 19:29:37,sim
1,04/10/2026,6257,Presidente,1,municipio,RN,18910,2414704,VÁRZEA,,,,,DEMOCRACIA CRISTÃ,i,DC,0,27,DC,DEMOCRACIA CRISTÃ,,27,280002552484,CLARIANA ZACARKIM BARAO,CLARIANA BARAO,03/04/1987,9,Válido,nao,,0,0.00,0,FABIANA CRISTINA TAVARES TORQUATO,FABIANA TORQUATO,DC,v,,,,,04/10/2026 19:29:37,sim
1,04/10/2026,6257,Presidente,1,municipio,RN,18910,2414704,VÁRZEA,,,,,PARTIDO COMUNISTA BRASILEIRO,i,PCB,0,21,PCB,PARTIDO COMUNISTA BRASILEIRO,,21,280002551975,EDMILSON SILVA COSTA,EDMILSON COSTA,08/04/1950,10,Válido,nao,,0,0.00,0,CLEUSA DOS SANTOS,CLEUSA SANTOS,PCB,v,,,,,04/10/2026 19:29:37,sim
1,04/10/2026,6257,Presidente,1,municipio,RN,18910,2414704,VÁRZEA,,,,,PARTIDO SOCIALISTA  DOS TRABALHADORES UNIFICADO,i,PSTU,0,16,PSTU,PARTIDO SOCIALISTA  DOS TRABALHADORES UNIFICADO,,16,280002541457,HERTZ DA CONCEICAO DIAS,HERTZ DIAS,20/10/1970,8,Válido,nao,,0,0.00,0,VANESSA PORTUGAL BARBOSA,VANESSA PORTUGAL,PSTU,v,,,,,04/10/2026 19:29:37,sim
1,04/10/2026,6257,Presidente,1,municipio,RN,18910,2414704,VÁRZEA,,,,,BRASIL DOS NOSSOS SONHOS,c,AGIR / AVANTE,,70,AVANTE,AVANTE,,70,280002551547,AUGUSTO JORGE CURY,ESCRITOR AUGUSTO CURY,02/10/1958,3,Válido,nao,,103,2.27,2.273228868,JULIO CESAR DELGADO,JÚLIO DELGADO,AVANTE,v,,,,,04/10/2026 19:29:37,sim
1,04/10/2026,6257,Presidente,1,municipio,RN,18910,2414704,VÁRZEA,,,,,PARTIDO NOVO,i,NOVO,0,30,NOVO,PARTIDO NOVO,,30,280002539826,ROMEU ZEMA NETO,ZEMA,28/10/1964,6,Válido,nao,,1,0.02,0.022070183,LUIS EDUARDO GRANGEIRO GIRÃO,EDUARDO GIRÃO,NOVO,v,,,,,04/10/2026 19:29:37,sim
1,04/10/2026,6257,Presidente,1,municipio,RN,18910,2414704,VÁRZEA,,,,,UNIDADE POPULAR,i,UP,0,80,UP,UNIDADE POPULAR,,80,280002538811,SAMARA MARTINS DA SILVA FEITOSA,SAMARA,31/08/1987,7,Válido,nao,,0,0.00,0,RAQUEL NONATO DE BRICIO,RAQUEL BRÍCIO,UP,v,,,,,04/10/2026 19:29:37,sim
1,04/10/2026,6257,Presidente,1,municipio,RN,18910,2414704,VÁRZEA,,,,,DEMOCRATA,i,DEMOCRATA,0,35,DEMOCRATA,DEMOCRATA,,35,280002548139,WILSON GRASSI JUNIOR,VETERINÁRIO WILSON GRASSI,13/03/1970,11,Válido,nao,,0,0.00,0,SUÊD HAIDAR NOGUEIRA,SUÊD HAIDAR,DEMOCRATA,v,,,,,04/10/2026 19:29:37,sim
1,04/10/2026,6257,Presidente,1,municipio,RN,18910,2414704,VÁRZEA,,,,,PARTIDO MISSÃO,i,MISSÃO,0,14,MISSÃO,PARTIDO MISSÃO,,14,280002540694,RENAN ANTONIO FERREIRA DOS SANTOS,RENAN SANTOS,14/02/1984,4,Válido,nao,,48,1.06,1.059368793,AROLDO MEDINA,CORONEL MEDINA,MISSÃO,v,,,,,04/10/2026 19:29:37,sim
1,04/10/2026,6257,Presidente,1,municipio,RN,18910,2414704,VÁRZEA,,,,,PARTIDO DA CAUSA OPERÁRIA,i,PCO,0,29,PCO,PARTIDO DA CAUSA OPERÁRIA,,29,280002552487,RUI COSTA PIMENTA,RUI COSTA PIMENTA,25/06/1957,12,Válido,nao,,0,0.00,0,ANTONIO CARLOS SILVA,ANTÔNIO CARLOS,PCO,v,,,,,04/10/2026 19:29:37,sim
1,04/10/2026,6257,Presidente,1,municipio,RN,18937,2410603,RAFAEL GODEIRO,,,,,PARTIDO LIBERAL,i,PL,0,22,PL,PARTIDO LIBERAL,,22,280002551544,FLAVIO NANTES BOLSONARO,FLAVIO BOLSONARO,30/04/1981,1,Válido,nao,,1268,43.17,43.173306095,ALFREDO GASPAR DE MENDONÇA NETO,ALFREDO GASPAR,PL,v,,,,,04/10/2026 18:49:58,sim
1,04/10/2026,6257,Presidente,1,municipio,RN,18937,2410603,RAFAEL GODEIRO,,,,,PARTIDO SOCIAL DEMOCRÁTICO,i,PSD,0,55,PSD,PARTIDO SOCIAL DEMOCRÁTICO,,55,280002551932,RONALDO RAMOS CAIADO,RONALDO CAIADO,25/09/1949,4,Válido,nao,,8,0.27,0.272386789,GILBERTO KASSAB,GILBERTO KASSAB,PSD,v,,,,,04/10/2026 18:49:58,sim
1,04/10/2026,6257,Presidente,1,municipio,RN,18937,2410603,RAFAEL GODEIRO,,PT/PC do B/PV,FEDERAÇÃO BRASIL DA ESPERANÇA - FE BRASIL,PT/PC do B/PV,BRASIL PRONTO PRA MAIS,c,PSB / PDT / PCDOB / PT / PV / PSOL / REDE,,13,PT,PARTIDO DOS TRABALHADORES,101,13,280002542548,LUIZ INÁCIO LULA DA SILVA,LULA,06/10/1945,2,Válido,nao,,1594,54.27,54.273067756,GERALDO JOSE RODRIGUES ALCKMIN FILHO,GERALDO ALCKMIN,PSB,v,,,,,04/10/2026 18:49:58,sim
1,04/10/2026,6257,Presidente,1,municipio,RN,18937,2410603,RAFAEL GODEIRO,,,,,DEMOCRACIA CRISTÃ,i,DC,0,27,DC,DEMOCRACIA CRISTÃ,,27,280002552484,CLARIANA ZACARKIM BARAO,CLARIANA BARAO,03/04/1987,9,Válido,nao,,0,0.00,0,FABIANA CRISTINA TAVARES TORQUATO,FABIANA TORQUATO,DC,v,,,,,04/10/2026 18:49:58,sim
1,04/10/2026,6257,Presidente,1,municipio,RN,18937,2410603,RAFAEL GODEIRO,,,,,PARTIDO COMUNISTA BRASILEIRO,i,PCB,0,21,PCB,PARTIDO COMUNISTA BRASILEIRO,,21,280002551975,EDMILSON SILVA COSTA,EDMILSON COSTA,08/04/1950,10,Válido,nao,,0,0.00,0,CLEUSA DOS SANTOS,CLEUSA SANTOS,PCB,v,,,,,04/10/2026 18:49:58,sim
1,04/10/2026,6257,Presidente,1,municipio,RN,18937,2410603,RAFAEL GODEIRO,,,,,PARTIDO SOCIALISTA  DOS TRABALHADORES UNIFICADO,i,PSTU,0,16,PSTU,PARTIDO SOCIALISTA  DOS TRABALHADORES UNIFICADO,,16,280002541457,HERTZ DA CONCEICAO DIAS,HERTZ DIAS,20/10/1970,8,Válido,nao,,1,0.03,0.034048349,VANESSA PORTUGAL BARBOSA,VANESSA PORTUGAL,PSTU,v,,,,,04/10/2026 18:49:58,sim
1,04/10/2026,6257,Presidente,1,municipio,RN,18937,2410603,RAFAEL GODEIRO,,,,,BRASIL DOS NOSSOS SONHOS,c,AGIR / AVANTE,,70,AVANTE,AVANTE,,70,280002551547,AUGUSTO JORGE CURY,ESCRITOR AUGUSTO CURY,02/10/1958,3,Válido,nao,,26,0.89,0.885257065,JULIO CESAR DELGADO,JÚLIO DELGADO,AVANTE,v,,,,,04/10/2026 18:49:58,sim
1,04/10/2026,6257,Presidente,1,municipio,RN,18937,2410603,RAFAEL GODEIRO,,,,,PARTIDO NOVO,i,NOVO,0,30,NOVO,PARTIDO NOVO,,30,280002539826,ROMEU ZEMA NETO,ZEMA,28/10/1964,6,Válido,nao,,1,0.03,0.034048349,LUIS EDUARDO GRANGEIRO GIRÃO,EDUARDO GIRÃO,NOVO,v,,,,,04/10/2026 18:49:58,sim
1,04/10/2026,6257,Presidente,1,municipio,RN,18937,2410603,RAFAEL GODEIRO,,,,,UNIDADE POPULAR,i,UP,0,80,UP,UNIDADE POPULAR,,80,280002538811,SAMARA MARTINS DA SILVA FEITOSA,SAMARA,31/08/1987,7,Válido,nao,,3,0.10,0.102145046,RAQUEL NONATO DE BRICIO,RAQUEL BRÍCIO,UP,v,,,,,04/10/2026 18:49:58,sim
1,04/10/2026,6257,Presidente,1,municipio,RN,18937,2410603,RAFAEL GODEIRO,,,,,DEMOCRATA,i,DEMOCRATA,0,35,DEMOCRATA,DEMOCRATA,,35,280002548139,WILSON GRASSI JUNIOR,VETERINÁRIO WILSON GRASSI,13/03/1970,11,Válido,nao,,0,0.00,0,SUÊD HAIDAR NOGUEIRA,SUÊD HAIDAR,DEMOCRATA,v,,,,,04/10/2026 18:49:58,sim
1,04/10/2026,6257,Presidente,1,municipio,RN,18937,2410603,RAFAEL GODEIRO,,,,,PARTIDO MISSÃO,i,MISSÃO,0,14,MISSÃO,PARTIDO MISSÃO,,14,280002540694,RENAN ANTONIO FERREIRA DOS SANTOS,RENAN SANTOS,14/02/1984,5,Válido,nao,,35,1.19,1.191692203,AROLDO MEDINA,CORONEL MEDINA,MISSÃO,v,,,,,04/10/2026 18:49:58,sim
1,04/10/2026,6257,Presidente,1,municipio,RN,18937,2410603,RAFAEL GODEIRO,,,,,PARTIDO DA CAUSA OPERÁRIA,i,PCO,0,29,PCO,PARTIDO DA CAUSA OPERÁRIA,,29,280002552487,RUI COSTA PIMENTA,RUI COSTA PIMENTA,25/06/1957,12,Válido,nao,,1,0.03,0.034048349,ANTONIO CARLOS SILVA,ANTÔNIO CARLOS,PCO,v,,,,,04/10/2026 18:49:58,sim
1,04/10/2026,6257,Presidente,1,municipio,RN,18953,2414803,VERA CRUZ,,,,,PARTIDO LIBERAL,i,PL,0,22,PL,PARTIDO LIBERAL,,22,280002551544,FLAVIO NANTES BOLSONARO,FLAVIO BOLSONARO,30/04/1981,1,Válido,nao,,2811,31.87,31.870748299,ALFREDO GASPAR DE MENDONÇA NETO,ALFREDO GASPAR,PL,v,,,,,04/10/2026 20:45:57,sim
1,04/10/2026,6257,Presidente,1,municipio,RN,18953,2414803,VERA CRUZ,,,,,PARTIDO SOCIAL DEMOCRÁTICO,i,PSD,0,55,PSD,PARTIDO SOCIAL DEMOCRÁTICO,,55,280002551932,RONALDO RAMOS CAIADO,RONALDO CAIADO,25/09/1949,5,Válido,nao,,77,0.87,0.873015873,GILBERTO KASSAB,GILBERTO KASSAB,PSD,v,,,,,04/10/2026 20:45:57,sim
1,04/10/2026,6257,Presidente,1,municipio,RN,18953,2414803,VERA CRUZ,,PT/PC do B/PV,FEDERAÇÃO BRASIL DA ESPERANÇA - FE BRASIL,PT/PC do B/PV,BRASIL PRONTO PRA MAIS,c,PSB / PDT / PCDOB / PT / PV / PSOL / REDE,,13,PT,PARTIDO DOS TRABALHADORES,101,13,280002542548,LUIZ INÁCIO LULA DA SILVA,LULA,06/10/1945,2,Válido,nao,,5595,63.44,63.435374150,GERALDO JOSE RODRIGUES ALCKMIN FILHO,GERALDO ALCKMIN,PSB,v,,,,,04/10/2026 20:45:57,sim
1,04/10/2026,6257,Presidente,1,municipio,RN,18953,2414803,VERA CRUZ,,,,,DEMOCRACIA CRISTÃ,i,DC,0,27,DC,DEMOCRACIA CRISTÃ,,27,280002552484,CLARIANA ZACARKIM BARAO,CLARIANA BARAO,03/04/1987,9,Válido,nao,,1,0.01,0.011337868,FABIANA CRISTINA TAVARES TORQUATO,FABIANA TORQUATO,DC,v,,,,,04/10/2026 20:45:57,sim
1,04/10/2026,6257,Presidente,1,municipio,RN,18953,2414803,VERA CRUZ,,,,,PARTIDO COMUNISTA BRASILEIRO,i,PCB,0,21,PCB,PARTIDO COMUNISTA BRASILEIRO,,21,280002551975,EDMILSON SILVA COSTA,EDMILSON COSTA,08/04/1950,10,Válido,nao,,1,0.01,0.011337868,CLEUSA DOS SANTOS,CLEUSA SANTOS,PCB,v,,,,,04/10/2026 20:45:57,sim
1,04/10/2026,6257,Presidente,1,municipio,RN,18953,2414803,VERA CRUZ,,,,,PARTIDO SOCIALISTA  DOS TRABALHADORES UNIFICADO,i,PSTU,0,16,PSTU,PARTIDO SOCIALISTA  DOS TRABALHADORES UNIFICADO,,16,280002541457,HERTZ DA CONCEICAO DIAS,HERTZ DIAS,20/10/1970,8,Válido,nao,,3,0.03,0.034013605,VANESSA PORTUGAL BARBOSA,VANESSA PORTUGAL,PSTU,v,,,,,04/10/2026 20:45:57,sim
1,04/10/2026,6257,Presidente,1,municipio,RN,18953,2414803,VERA CRUZ,,,,,BRASIL DOS NOSSOS SONHOS,c,AGIR / AVANTE,,70,AVANTE,AVANTE,,70,280002551547,AUGUSTO JORGE CURY,ESCRITOR AUGUSTO CURY,02/10/1958,3,Válido,nao,,244,2.77,2.766439909,JULIO CESAR DELGADO,JÚLIO DELGADO,AVANTE,v,,,,,04/10/2026 20:45:57,sim
1,04/10/2026,6257,Presidente,1,municipio,RN,18953,2414803,VERA CRUZ,,,,,PARTIDO NOVO,i,NOVO,0,30,NOVO,PARTIDO NOVO,,30,280002539826,ROMEU ZEMA NETO,ZEMA,28/10/1964,6,Válido,nao,,7,0.08,0.079365079,LUIS EDUARDO GRANGEIRO GIRÃO,EDUARDO GIRÃO,NOVO,v,,,,,04/10/2026 20:45:57,sim
1,04/10/2026,6257,Presidente,1,municipio,RN,18953,2414803,VERA CRUZ,,,,,UNIDADE POPULAR,i,UP,0,80,UP,UNIDADE POPULAR,,80,280002538811,SAMARA MARTINS DA SILVA FEITOSA,SAMARA,31/08/1987,7,Válido,nao,,3,0.03,0.034013605,RAQUEL NONATO DE BRICIO,RAQUEL BRÍCIO,UP,v,,,,,04/10/2026 20:45:57,sim
1,04/10/2026,6257,Presidente,1,municipio,RN,18953,2414803,VERA CRUZ,,,,,DEMOCRATA,i,DEMOCRATA,0,35,DEMOCRATA,DEMOCRATA,,35,280002548139,WILSON GRASSI JUNIOR,VETERINÁRIO WILSON GRASSI,13/03/1970,11,Válido,nao,,1,0.01,0.011337868,SUÊD HAIDAR NOGUEIRA,SUÊD HAIDAR,DEMOCRATA,v,,,,,04/10/2026 20:45:57,sim
1,04/10/2026,6257,Presidente,1,municipio,RN,18953,2414803,VERA CRUZ,,,,,PARTIDO MISSÃO,i,MISSÃO,0,14,MISSÃO,PARTIDO MISSÃO,,14,280002540694,RENAN ANTONIO FERREIRA DOS SANTOS,RENAN SANTOS,14/02/1984,4,Válido,nao,,77,0.87,0.873015873,AROLDO MEDINA,CORONEL MEDINA,MISSÃO,v,,,,,04/10/2026 20:45:57,sim
1,04/10/2026,6257,Presidente,1,municipio,RN,18953,2414803,VERA CRUZ,,,,,PARTIDO DA CAUSA OPERÁRIA,i,PCO,0,29,PCO,PARTIDO DA CAUSA OPERÁRIA,,29,280002552487,RUI COSTA PIMENTA,RUI COSTA PIMENTA,25/06/1957,12,Válido,nao,,0,0.00,0,ANTONIO CARLOS SILVA,ANTÔNIO CARLOS,PCO,v,,,,,04/10/2026 20:45:57,sim
1,04/10/2026,6257,Presidente,1,municipio,RN,18970,2414902,VIÇOSA,,,,,PARTIDO LIBERAL,i,PL,0,22,PL,PARTIDO LIBERAL,,22,280002551544,FLAVIO NANTES BOLSONARO,FLAVIO BOLSONARO,30/04/1981,1,Válido,nao,,357,23.99,23.991935484,ALFREDO GASPAR DE MENDONÇA NETO,ALFREDO GASPAR,PL,v,,,,,04/10/2026 19:07:01,sim
1,04/10/2026,6257,Presidente,1,municipio,RN,18970,2414902,VIÇOSA,,,,,PARTIDO SOCIAL DEMOCRÁTICO,i,PSD,0,55,PSD,PARTIDO SOCIAL DEMOCRÁTICO,,55,280002551932,RONALDO RAMOS CAIADO,RONALDO CAIADO,25/09/1949,4,Válido,nao,,6,0.40,0.403225806,GILBERTO KASSAB,GILBERTO KASSAB,PSD,v,,,,,04/10/2026 19:07:01,sim
1,04/10/2026,6257,Presidente,1,municipio,RN,18970,2414902,VIÇOSA,,PT/PC do B/PV,FEDERAÇÃO BRASIL DA ESPERANÇA - FE BRASIL,PT/PC do B/PV,BRASIL PRONTO PRA MAIS,c,PSB / PDT / PCDOB / PT / PV / PSOL / REDE,,13,PT,PARTIDO DOS TRABALHADORES,101,13,280002542548,LUIZ INÁCIO LULA DA SILVA,LULA,06/10/1945,2,Válido,nao,,1080,72.58,72.580645161,GERALDO JOSE RODRIGUES ALCKMIN FILHO,GERALDO ALCKMIN,PSB,v,,,,,04/10/2026 19:07:01,sim
1,04/10/2026,6257,Presidente,1,municipio,RN,18970,2414902,VIÇOSA,,,,,DEMOCRACIA CRISTÃ,i,DC,0,27,DC,DEMOCRACIA CRISTÃ,,27,280002552484,CLARIANA ZACARKIM BARAO,CLARIANA BARAO,03/04/1987,9,Válido,nao,,0,0.00,0,FABIANA CRISTINA TAVARES TORQUATO,FABIANA TORQUATO,DC,v,,,,,04/10/2026 19:07:01,sim
1,04/10/2026,6257,Presidente,1,municipio,RN,18970,2414902,VIÇOSA,,,,,PARTIDO COMUNISTA BRASILEIRO,i,PCB,0,21,PCB,PARTIDO COMUNISTA BRASILEIRO,,21,280002551975,EDMILSON SILVA COSTA,EDMILSON COSTA,08/04/1950,10,Válido,nao,,1,0.07,0.067204301,CLEUSA DOS SANTOS,CLEUSA SANTOS,PCB,v,,,,,04/10/2026 19:07:01,sim
1,04/10/2026,6257,Presidente,1,municipio,RN,18970,2414902,VIÇOSA,,,,,PARTIDO SOCIALISTA  DOS TRABALHADORES UNIFICADO,i,PSTU,0,16,PSTU,PARTIDO SOCIALISTA  DOS TRABALHADORES UNIFICADO,,16,280002541457,HERTZ DA CONCEICAO DIAS,HERTZ DIAS,20/10/1970,8,Válido,nao,,0,0.00,0,VANESSA PORTUGAL BARBOSA,VANESSA PORTUGAL,PSTU,v,,,,,04/10/2026 19:07:01,sim
1,04/10/2026,6257,Presidente,1,municipio,RN,18970,2414902,VIÇOSA,,,,,BRASIL DOS NOSSOS SONHOS,c,AGIR / AVANTE,,70,AVANTE,AVANTE,,70,280002551547,AUGUSTO JORGE CURY,ESCRITOR AUGUSTO CURY,02/10/1958,3,Válido,nao,,23,1.55,1.545698925,JULIO CESAR DELGADO,JÚLIO DELGADO,AVANTE,v,,,,,04/10/2026 19:07:01,sim
1,04/10/2026,6257,Presidente,1,municipio,RN,18970,2414902,VIÇOSA,,,,,PARTIDO NOVO,i,NOVO,0,30,NOVO,PARTIDO NOVO,,30,280002539826,ROMEU ZEMA NETO,ZEMA,28/10/1964,6,Válido,nao,,1,0.07,0.067204301,LUIS EDUARDO GRANGEIRO GIRÃO,EDUARDO GIRÃO,NOVO,v,,,,,04/10/2026 19:07:01,sim
1,04/10/2026,6257,Presidente,1,municipio,RN,18970,2414902,VIÇOSA,,,,,UNIDADE POPULAR,i,UP,0,80,UP,UNIDADE POPULAR,,80,280002538811,SAMARA MARTINS DA SILVA FEITOSA,SAMARA,31/08/1987,7,Válido,nao,,0,0.00,0,RAQUEL NONATO DE BRICIO,RAQUEL BRÍCIO,UP,v,,,,,04/10/2026 19:07:01,sim
1,04/10/2026,6257,Presidente,1,municipio,RN,18970,2414902,VIÇOSA,,,,,DEMOCRATA,i,DEMOCRATA,0,35,DEMOCRATA,DEMOCRATA,,35,280002548139,WILSON GRASSI JUNIOR,VETERINÁRIO WILSON GRASSI,13/03/1970,11,Válido,nao,,0,0.00,0,SUÊD HAIDAR NOGUEIRA,SUÊD HAIDAR,DEMOCRATA,v,,,,,04/10/2026 19:07:01,sim
1,04/10/2026,6257,Presidente,1,municipio,RN,18970,2414902,VIÇOSA,,,,,PARTIDO MISSÃO,i,MISSÃO,0,14,MISSÃO,PARTIDO MISSÃO,,14,280002540694,RENAN ANTONIO FERREIRA DOS SANTOS,RENAN SANTOS,14/02/1984,5,Válido,nao,,20,1.34,1.344086022,AROLDO MEDINA,CORONEL MEDINA,MISSÃO,v,,,,,04/10/2026 19:07:01,sim
1,04/10/2026,6257,Presidente,1,municipio,RN,18970,2414902,VIÇOSA,,,,,PARTIDO DA CAUSA OPERÁRIA,i,PCO,0,29,PCO,PARTIDO DA CAUSA OPERÁRIA,,29,280002552487,RUI COSTA PIMENTA,RUI COSTA PIMENTA,25/06/1957,12,Válido,nao,,0,0.00,0,ANTONIO CARLOS SILVA,ANTÔNIO CARLOS,PCO,v,,,,,04/10/2026 19:07:01,sim
1,04/10/2026,6257,Presidente,1,municipio,RN,18996,2415008,VILA FLOR,,,,,PARTIDO LIBERAL,i,PL,0,22,PL,PARTIDO LIBERAL,,22,280002551544,FLAVIO NANTES BOLSONARO,FLAVIO BOLSONARO,30/04/1981,1,Válido,nao,,704,27.63,27.629513344,ALFREDO GASPAR DE MENDONÇA NETO,ALFREDO GASPAR,PL,v,,,,,04/10/2026 18:44:24,sim
1,04/10/2026,6257,Presidente,1,municipio,RN,18996,2415008,VILA FLOR,,,,,PARTIDO SOCIAL DEMOCRÁTICO,i,PSD,0,55,PSD,PARTIDO SOCIAL DEMOCRÁTICO,,55,280002551932,RONALDO RAMOS CAIADO,RONALDO CAIADO,25/09/1949,4,Válido,nao,,8,0.31,0.313971743,GILBERTO KASSAB,GILBERTO KASSAB,PSD,v,,,,,04/10/2026 18:44:24,sim
1,04/10/2026,6257,Presidente,1,municipio,RN,18996,2415008,VILA FLOR,,PT/PC do B/PV,FEDERAÇÃO BRASIL DA ESPERANÇA - FE BRASIL,PT/PC do B/PV,BRASIL PRONTO PRA MAIS,c,PSB / PDT / PCDOB / PT / PV / PSOL / REDE,,13,PT,PARTIDO DOS TRABALHADORES,101,13,280002542548,LUIZ INÁCIO LULA DA SILVA,LULA,06/10/1945,2,Válido,nao,,1758,69.00,68.995290424,GERALDO JOSE RODRIGUES ALCKMIN FILHO,GERALDO ALCKMIN,PSB,v,,,,,04/10/2026 18:44:24,sim
1,04/10/2026,6257,Presidente,1,municipio,RN,18996,2415008,VILA FLOR,,,,,PARTIDO SOCIALISTA  DOS TRABALHADORES UNIFICADO,i,PSTU,0,16,PSTU,PARTIDO SOCIALISTA  DOS TRABALHADORES UNIFICADO,,16,280002541457,HERTZ DA CONCEICAO DIAS,HERTZ DIAS,20/10/1970,8,Válido,nao,,0,0.00,0,VANESSA PORTUGAL BARBOSA,VANESSA PORTUGAL,PSTU,v,,,,,04/10/2026 18:44:24,sim
1,04/10/2026,6257,Presidente,1,municipio,RN,18996,2415008,VILA FLOR,,,,,PARTIDO COMUNISTA BRASILEIRO,i,PCB,0,21,PCB,PARTIDO COMUNISTA BRASILEIRO,,21,280002551975,EDMILSON SILVA COSTA,EDMILSON COSTA,08/04/1950,10,Válido,nao,,0,0.00,0,CLEUSA DOS SANTOS,CLEUSA SANTOS,PCB,v,,,,,04/10/2026 18:44:24,sim
1,04/10/2026,6257,Presidente,1,municipio,RN,18996,2415008,VILA FLOR,,,,,DEMOCRACIA CRISTÃ,i,DC,0,27,DC,DEMOCRACIA CRISTÃ,,27,280002552484,CLARIANA ZACARKIM BARAO,CLARIANA BARAO,03/04/1987,9,Válido,nao,,0,0.00,0,FABIANA CRISTINA TAVARES TORQUATO,FABIANA TORQUATO,DC,v,,,,,04/10/2026 18:44:24,sim
1,04/10/2026,6257,Presidente,1,municipio,RN,18996,2415008,VILA FLOR,,,,,PARTIDO NOVO,i,NOVO,0,30,NOVO,PARTIDO NOVO,,30,280002539826,ROMEU ZEMA NETO,ZEMA,28/10/1964,6,Válido,nao,,0,0.00,0,LUIS EDUARDO GRANGEIRO GIRÃO,EDUARDO GIRÃO,NOVO,v,,,,,04/10/2026 18:44:24,sim
1,04/10/2026,6257,Presidente,1,municipio,RN,18996,2415008,VILA FLOR,,,,,BRASIL DOS NOSSOS SONHOS,c,AGIR / AVANTE,,70,AVANTE,AVANTE,,70,280002551547,AUGUSTO JORGE CURY,ESCRITOR AUGUSTO CURY,02/10/1958,3,Válido,nao,,53,2.08,2.080062794,JULIO CESAR DELGADO,JÚLIO DELGADO,AVANTE,v,,,,,04/10/2026 18:44:24,sim
1,04/10/2026,6257,Presidente,1,municipio,RN,18996,2415008,VILA FLOR,,,,,DEMOCRATA,i,DEMOCRATA,0,35,DEMOCRATA,DEMOCRATA,,35,280002548139,WILSON GRASSI JUNIOR,VETERINÁRIO WILSON GRASSI,13/03/1970,11,Válido,nao,,0,0.00,0,SUÊD HAIDAR NOGUEIRA,SUÊD HAIDAR,DEMOCRATA,v,,,,,04/10/2026 18:44:24,sim
1,04/10/2026,6257,Presidente,1,municipio,RN,18996,2415008,VILA FLOR,,,,,UNIDADE POPULAR,i,UP,0,80,UP,UNIDADE POPULAR,,80,280002538811,SAMARA MARTINS DA SILVA FEITOSA,SAMARA,31/08/1987,7,Válido,nao,,0,0.00,0,RAQUEL NONATO DE BRICIO,RAQUEL BRÍCIO,UP,v,,,,,04/10/2026 18:44:24,sim
1,04/10/2026,6257,Presidente,1,municipio,RN,18996,2415008,VILA FLOR,,,,,PARTIDO MISSÃO,i,MISSÃO,0,14,MISSÃO,PARTIDO MISSÃO,,14,280002540694,RENAN ANTONIO FERREIRA DOS SANTOS,RENAN SANTOS,14/02/1984,5,Válido,nao,,25,0.98,0.981161695,AROLDO MEDINA,CORONEL MEDINA,MISSÃO,v,,,,,04/10/2026 18:44:24,sim
1,04/10/2026,6257,Presidente,1,municipio,RN,18996,2415008,VILA FLOR,,,,,PARTIDO DA CAUSA OPERÁRIA,i,PCO,0,29,PCO,PARTIDO DA CAUSA OPERÁRIA,,29,280002552487,RUI COSTA PIMENTA,RUI COSTA PIMENTA,25/06/1957,12,Válido,nao,,0,0.00,0,ANTONIO CARLOS SILVA,ANTÔNIO CARLOS,PCO,v,,,,,04/10/2026 18:44:24,sim
1,04/10/2026,6257,Presidente,1,municipio,RN,30031,2401453,BARAÚNA,,,,,PARTIDO LIBERAL,i,PL,0,22,PL,PARTIDO LIBERAL,,22,280002551544,FLAVIO NANTES BOLSONARO,FLAVIO BOLSONARO,30/04/1981,1,Válido,nao,,5833,33.53,33.534552144,ALFREDO GASPAR DE MENDONÇA NETO,ALFREDO GASPAR,PL,v,,,,,04/10/2026 21:00:42,sim
1,04/10/2026,6257,Presidente,1,municipio,RN,30031,2401453,BARAÚNA,,,,,PARTIDO SOCIAL DEMOCRÁTICO,i,PSD,0,55,PSD,PARTIDO SOCIAL DEMOCRÁTICO,,55,280002551932,RONALDO RAMOS CAIADO,RONALDO CAIADO,25/09/1949,5,Válido,nao,,68,0.39,0.390939404,GILBERTO KASSAB,GILBERTO KASSAB,PSD,v,,,,,04/10/2026 21:00:42,sim
1,04/10/2026,6257,Presidente,1,municipio,RN,30031,2401453,BARAÚNA,,PT/PC do B/PV,FEDERAÇÃO BRASIL DA ESPERANÇA - FE BRASIL,PT/PC do B/PV,BRASIL PRONTO PRA MAIS,c,PSB / PDT / PCDOB / PT / PV / PSOL / REDE,,13,PT,PARTIDO DOS TRABALHADORES,101,13,280002542548,LUIZ INÁCIO LULA DA SILVA,LULA,06/10/1945,2,Válido,nao,,10688,61.45,61.446475796,GERALDO JOSE RODRIGUES ALCKMIN FILHO,GERALDO ALCKMIN,PSB,v,,,,,04/10/2026 21:00:42,sim
1,04/10/2026,6257,Presidente,1,municipio,RN,30031,2401453,BARAÚNA,,,,,DEMOCRACIA CRISTÃ,i,DC,0,27,DC,DEMOCRACIA CRISTÃ,,27,280002552484,CLARIANA ZACARKIM BARAO,CLARIANA BARAO,03/04/1987,9,Válido,nao,,2,0.01,0.011498218,FABIANA CRISTINA TAVARES TORQUATO,FABIANA TORQUATO,DC,v,,,,,04/10/2026 21:00:42,sim
1,04/10/2026,6257,Presidente,1,municipio,RN,30031,2401453,BARAÚNA,,,,,PARTIDO COMUNISTA BRASILEIRO,i,PCB,0,21,PCB,PARTIDO COMUNISTA BRASILEIRO,,21,280002551975,EDMILSON SILVA COSTA,EDMILSON COSTA,08/04/1950,10,Válido,nao,,0,0.00,0,CLEUSA DOS SANTOS,CLEUSA SANTOS,PCB,v,,,,,04/10/2026 21:00:42,sim
1,04/10/2026,6257,Presidente,1,municipio,RN,30031,2401453,BARAÚNA,,,,,PARTIDO SOCIALISTA  DOS TRABALHADORES UNIFICADO,i,PSTU,0,16,PSTU,PARTIDO SOCIALISTA  DOS TRABALHADORES UNIFICADO,,16,280002541457,HERTZ DA CONCEICAO DIAS,HERTZ DIAS,20/10/1970,8,Válido,nao,,3,0.02,0.017247327,VANESSA PORTUGAL BARBOSA,VANESSA PORTUGAL,PSTU,v,,,,,04/10/2026 21:00:42,sim
1,04/10/2026,6257,Presidente,1,municipio,RN,30031,2401453,BARAÚNA,,,,,BRASIL DOS NOSSOS SONHOS,c,AGIR / AVANTE,,70,AVANTE,AVANTE,,70,280002551547,AUGUSTO JORGE CURY,ESCRITOR AUGUSTO CURY,02/10/1958,3,Válido,nao,,530,3.05,3.047027711,JULIO CESAR DELGADO,JÚLIO DELGADO,AVANTE,v,,,,,04/10/2026 21:00:42,sim
1,04/10/2026,6257,Presidente,1,municipio,RN,30031,2401453,BARAÚNA,,,,,PARTIDO NOVO,i,NOVO,0,30,NOVO,PARTIDO NOVO,,30,280002539826,ROMEU ZEMA NETO,ZEMA,28/10/1964,6,Válido,nao,,6,0.03,0.034494653,LUIS EDUARDO GRANGEIRO GIRÃO,EDUARDO GIRÃO,NOVO,v,,,,,04/10/2026 21:00:42,sim
1,04/10/2026,6257,Presidente,1,municipio,RN,30031,2401453,BARAÚNA,,,,,UNIDADE POPULAR,i,UP,0,80,UP,UNIDADE POPULAR,,80,280002538811,SAMARA MARTINS DA SILVA FEITOSA,SAMARA,31/08/1987,7,Válido,nao,,2,0.01,0.011498218,RAQUEL NONATO DE BRICIO,RAQUEL BRÍCIO,UP,v,,,,,04/10/2026 21:00:42,sim
1,04/10/2026,6257,Presidente,1,municipio,RN,30031,2401453,BARAÚNA,,,,,DEMOCRATA,i,DEMOCRATA,0,35,DEMOCRATA,DEMOCRATA,,35,280002548139,WILSON GRASSI JUNIOR,VETERINÁRIO WILSON GRASSI,13/03/1970,11,Válido,nao,,1,0.01,0.005749109,SUÊD HAIDAR NOGUEIRA,SUÊD HAIDAR,DEMOCRATA,v,,,,,04/10/2026 21:00:42,sim
1,04/10/2026,6257,Presidente,1,municipio,RN,30031,2401453,BARAÚNA,,,,,PARTIDO MISSÃO,i,MISSÃO,0,14,MISSÃO,PARTIDO MISSÃO,,14,280002540694,RENAN ANTONIO FERREIRA DOS SANTOS,RENAN SANTOS,14/02/1984,4,Válido,nao,,259,1.49,1.489019202,AROLDO MEDINA,CORONEL MEDINA,MISSÃO,v,,,,,04/10/2026 21:00:42,sim
1,04/10/2026,6257,Presidente,1,municipio,RN,30031,2401453,BARAÚNA,,,,,PARTIDO DA CAUSA OPERÁRIA,i,PCO,0,29,PCO,PARTIDO DA CAUSA OPERÁRIA,,29,280002552487,RUI COSTA PIMENTA,RUI COSTA PIMENTA,25/06/1957,12,Válido,nao,,2,0.01,0.011498218,ANTONIO CARLOS SILVA,ANTÔNIO CARLOS,PCO,v,,,,,04/10/2026 21:00:42,sim
