turno,data_eleicao,cd_eleicao,cargo,cd_cargo,nivel,uf,cd_municipio_tse,cd_municipio_ibge,municipio,zona,federacao_sigla,federacao_nome,federacao_composicao,agremiacao_nome,agremiacao_tipo,agremiacao_composicao,agremiacao_vagas,partido_numero,partido_sigla,partido_nome,partido_federacao,numero_urna,sq_candidato,nome_completo,nome_urna,data_nascimento,sequencial,situacao_candidatura,eleito,situacao_totalizacao,votos,pct_votos_validos,pct_votos_validos_preciso,vice_suplente_1_nome,vice_suplente_1_nome_urna,vice_suplente_1_partido,vice_suplente_1_tipo,vice_suplente_2_nome,vice_suplente_2_nome_urna,vice_suplente_2_partido,vice_suplente_2_tipo,gerado_em,oficial
1,04/10/2026,6257,Presidente,1,municipio,PB,19003,2512762,RIACHÃO DO POÇO,,,,,PARTIDO LIBERAL,i,PL,0,22,PL,PARTIDO LIBERAL,,22,280002551544,FLAVIO NANTES BOLSONARO,FLAVIO BOLSONARO,30/04/1981,1,Válido,nao,,1211,31.68,31.676693696,ALFREDO GASPAR DE MENDONÇA NETO,ALFREDO GASPAR,PL,v,,,,,04/10/2026 20:07:49,sim
1,04/10/2026,6257,Presidente,1,municipio,PB,19003,2512762,RIACHÃO DO POÇO,,,,,PARTIDO SOCIAL DEMOCRÁTICO,i,PSD,0,55,PSD,PARTIDO SOCIAL DEMOCRÁTICO,,55,280002551932,RONALDO RAMOS CAIADO,RONALDO CAIADO,25/09/1949,5,Válido,nao,,22,0.58,0.575464295,GILBERTO KASSAB,GILBERTO KASSAB,PSD,v,,,,,04/10/2026 20:07:49,sim
1,04/10/2026,6257,Presidente,1,municipio,PB,19003,2512762,RIACHÃO DO POÇO,,PT/PC do B/PV,FEDERAÇÃO BRASIL DA ESPERANÇA - FE BRASIL,PT/PC do B/PV,BRASIL PRONTO PRA MAIS,c,PSB / PDT / PCDOB / PT / PV / PSOL / REDE,,13,PT,PARTIDO DOS TRABALHADORES,101,13,280002542548,LUIZ INÁCIO LULA DA SILVA,LULA,06/10/1945,2,Válido,nao,,2455,64.22,64.216583835,GERALDO JOSE RODRIGUES ALCKMIN FILHO,GERALDO ALCKMIN,PSB,v,,,,,04/10/2026 20:07:49,sim
1,04/10/2026,6257,Presidente,1,municipio,PB,19003,2512762,RIACHÃO DO POÇO,,,,,DEMOCRACIA CRISTÃ,i,DC,0,27,DC,DEMOCRACIA CRISTÃ,,27,280002552484,CLARIANA ZACARKIM BARAO,CLARIANA BARAO,03/04/1987,9,Válido,nao,,2,0.05,0.052314936,FABIANA CRISTINA TAVARES TORQUATO,FABIANA TORQUATO,DC,v,,,,,04/10/2026 20:07:49,sim
1,04/10/2026,6257,Presidente,1,municipio,PB,19003,2512762,RIACHÃO DO POÇO,,,,,PARTIDO COMUNISTA BRASILEIRO,i,PCB,0,21,PCB,PARTIDO COMUNISTA BRASILEIRO,,21,280002551975,EDMILSON SILVA COSTA,EDMILSON COSTA,08/04/1950,10,Válido,nao,,0,0.00,0,CLEUSA DOS SANTOS,CLEUSA SANTOS,PCB,v,,,,,04/10/2026 20:07:49,sim
1,04/10/2026,6257,Presidente,1,municipio,PB,19003,2512762,RIACHÃO DO POÇO,,,,,PARTIDO SOCIALISTA  DOS TRABALHADORES UNIFICADO,i,PSTU,0,16,PSTU,PARTIDO SOCIALISTA  DOS TRABALHADORES UNIFICADO,,16,280002541457,HERTZ DA CONCEICAO DIAS,HERTZ DIAS,20/10/1970,8,Válido,nao,,2,0.05,0.052314936,VANESSA PORTUGAL BARBOSA,VANESSA PORTUGAL,PSTU,v,,,,,04/10/2026 20:07:49,sim
1,04/10/2026,6257,Presidente,1,municipio,PB,19003,2512762,RIACHÃO DO POÇO,,,,,BRASIL DOS NOSSOS SONHOS,c,AGIR / AVANTE,,70,AVANTE,AVANTE,,70,280002551547,AUGUSTO JORGE CURY,ESCRITOR AUGUSTO CURY,02/10/1958,3,Válido,nao,,91,2.38,2.380329584,JULIO CESAR DELGADO,JÚLIO DELGADO,AVANTE,v,,,,,04/10/2026 20:07:49,sim
1,04/10/2026,6257,Presidente,1,municipio,PB,19003,2512762,RIACHÃO DO POÇO,,,,,PARTIDO NOVO,i,NOVO,0,30,NOVO,PARTIDO NOVO,,30,280002539826,ROMEU ZEMA NETO,ZEMA,28/10/1964,6,Válido,nao,,1,0.03,0.026157468,LUIS EDUARDO GRANGEIRO GIRÃO,EDUARDO GIRÃO,NOVO,v,,,,,04/10/2026 20:07:49,sim
1,04/10/2026,6257,Presidente,1,municipio,PB,19003,2512762,RIACHÃO DO POÇO,,,,,UNIDADE POPULAR,i,UP,0,80,UP,UNIDADE POPULAR,,80,280002538811,SAMARA MARTINS DA SILVA FEITOSA,SAMARA,31/08/1987,7,Válido,nao,,2,0.05,0.052314936,RAQUEL NONATO DE BRICIO,RAQUEL BRÍCIO,UP,v,,,,,04/10/2026 20:07:49,sim
1,04/10/2026,6257,Presidente,1,municipio,PB,19003,2512762,RIACHÃO DO POÇO,,,,,DEMOCRATA,i,DEMOCRATA,0,35,DEMOCRATA,DEMOCRATA,,35,280002548139,WILSON GRASSI JUNIOR,VETERINÁRIO WILSON GRASSI,13/03/1970,11,Válido,nao,,0,0.00,0,SUÊD HAIDAR NOGUEIRA,SUÊD HAIDAR,DEMOCRATA,v,,,,,04/10/2026 20:07:49,sim
1,04/10/2026,6257,Presidente,1,municipio,PB,19003,2512762,RIACHÃO DO POÇO,,,,,PARTIDO MISSÃO,i,MISSÃO,0,14,MISSÃO,PARTIDO MISSÃO,,14,280002540694,RENAN ANTONIO FERREIRA DOS SANTOS,RENAN SANTOS,14/02/1984,4,Válido,nao,,37,0.97,0.967826314,AROLDO MEDINA,CORONEL MEDINA,MISSÃO,v,,,,,04/10/2026 20:07:49,sim
1,04/10/2026,6257,Presidente,1,municipio,PB,19003,2512762,RIACHÃO DO POÇO,,,,,PARTIDO DA CAUSA OPERÁRIA,i,PCO,0,29,PCO,PARTIDO DA CAUSA OPERÁRIA,,29,280002552487,RUI COSTA PIMENTA,RUI COSTA PIMENTA,25/06/1957,12,Válido,nao,,0,0.00,0,ANTONIO CARLOS SILVA,ANTÔNIO CARLOS,PCO,v,,,,,04/10/2026 20:07:49,sim
1,04/10/2026,6257,Presidente,1,municipio,PB,19011,2500106,ÁGUA BRANCA,,,,,PARTIDO LIBERAL,i,PL,0,22,PL,PARTIDO LIBERAL,,22,280002551544,FLAVIO NANTES BOLSONARO,FLAVIO BOLSONARO,30/04/1981,1,Válido,nao,,1112,17.70,17.701368991,ALFREDO GASPAR DE MENDONÇA NETO,ALFREDO GASPAR,PL,v,,,,,04/10/2026 18:42:10,sim
1,04/10/2026,6257,Presidente,1,municipio,PB,19011,2500106,ÁGUA BRANCA,,,,,PARTIDO SOCIAL DEMOCRÁTICO,i,PSD,0,55,PSD,PARTIDO SOCIAL DEMOCRÁTICO,,55,280002551932,RONALDO RAMOS CAIADO,RONALDO CAIADO,25/09/1949,4,Válido,nao,,33,0.53,0.525310411,GILBERTO KASSAB,GILBERTO KASSAB,PSD,v,,,,,04/10/2026 18:42:10,sim
1,04/10/2026,6257,Presidente,1,municipio,PB,19011,2500106,ÁGUA BRANCA,,PT/PC do B/PV,FEDERAÇÃO BRASIL DA ESPERANÇA - FE BRASIL,PT/PC do B/PV,BRASIL PRONTO PRA MAIS,c,PSB / PDT / PCDOB / PT / PV / PSOL / REDE,,13,PT,PARTIDO DOS TRABALHADORES,101,13,280002542548,LUIZ INÁCIO LULA DA SILVA,LULA,06/10/1945,2,Válido,nao,,4874,77.59,77.586755810,GERALDO JOSE RODRIGUES ALCKMIN FILHO,GERALDO ALCKMIN,PSB,v,,,,,04/10/2026 18:42:10,sim
1,04/10/2026,6257,Presidente,1,municipio,PB,19011,2500106,ÁGUA BRANCA,,,,,DEMOCRACIA CRISTÃ,i,DC,0,27,DC,DEMOCRACIA CRISTÃ,,27,280002552484,CLARIANA ZACARKIM BARAO,CLARIANA BARAO,03/04/1987,9,Válido,nao,,1,0.02,0.015918497,FABIANA CRISTINA TAVARES TORQUATO,FABIANA TORQUATO,DC,v,,,,,04/10/2026 18:42:10,sim
1,04/10/2026,6257,Presidente,1,municipio,PB,19011,2500106,ÁGUA BRANCA,,,,,PARTIDO COMUNISTA BRASILEIRO,i,PCB,0,21,PCB,PARTIDO COMUNISTA BRASILEIRO,,21,280002551975,EDMILSON SILVA COSTA,EDMILSON COSTA,08/04/1950,10,Válido,nao,,0,0.00,0,CLEUSA DOS SANTOS,CLEUSA SANTOS,PCB,v,,,,,04/10/2026 18:42:10,sim
1,04/10/2026,6257,Presidente,1,municipio,PB,19011,2500106,ÁGUA BRANCA,,,,,PARTIDO SOCIALISTA  DOS TRABALHADORES UNIFICADO,i,PSTU,0,16,PSTU,PARTIDO SOCIALISTA  DOS TRABALHADORES UNIFICADO,,16,280002541457,HERTZ DA CONCEICAO DIAS,HERTZ DIAS,20/10/1970,8,Válido,nao,,4,0.06,0.063673989,VANESSA PORTUGAL BARBOSA,VANESSA PORTUGAL,PSTU,v,,,,,04/10/2026 18:42:10,sim
1,04/10/2026,6257,Presidente,1,municipio,PB,19011,2500106,ÁGUA BRANCA,,,,,BRASIL DOS NOSSOS SONHOS,c,AGIR / AVANTE,,70,AVANTE,AVANTE,,70,280002551547,AUGUSTO JORGE CURY,ESCRITOR AUGUSTO CURY,02/10/1958,3,Válido,nao,,141,2.24,2.244508118,JULIO CESAR DELGADO,JÚLIO DELGADO,AVANTE,v,,,,,04/10/2026 18:42:10,sim
1,04/10/2026,6257,Presidente,1,municipio,PB,19011,2500106,ÁGUA BRANCA,,,,,PARTIDO NOVO,i,NOVO,0,30,NOVO,PARTIDO NOVO,,30,280002539826,ROMEU ZEMA NETO,ZEMA,28/10/1964,6,Válido,nao,,5,0.08,0.079592486,LUIS EDUARDO GRANGEIRO GIRÃO,EDUARDO GIRÃO,NOVO,v,,,,,04/10/2026 18:42:10,sim
1,04/10/2026,6257,Presidente,1,municipio,PB,19011,2500106,ÁGUA BRANCA,,,,,UNIDADE POPULAR,i,UP,0,80,UP,UNIDADE POPULAR,,80,280002538811,SAMARA MARTINS DA SILVA FEITOSA,SAMARA,31/08/1987,7,Válido,nao,,1,0.02,0.015918497,RAQUEL NONATO DE BRICIO,RAQUEL BRÍCIO,UP,v,,,,,04/10/2026 18:42:10,sim
1,04/10/2026,6257,Presidente,1,municipio,PB,19011,2500106,ÁGUA BRANCA,,,,,DEMOCRATA,i,DEMOCRATA,0,35,DEMOCRATA,DEMOCRATA,,35,280002548139,WILSON GRASSI JUNIOR,VETERINÁRIO WILSON GRASSI,13/03/1970,11,Válido,nao,,0,0.00,0,SUÊD HAIDAR NOGUEIRA,SUÊD HAIDAR,DEMOCRATA,v,,,,,04/10/2026 18:42:10,sim
1,04/10/2026,6257,Presidente,1,municipio,PB,19011,2500106,ÁGUA BRANCA,,,,,PARTIDO MISSÃO,i,MISSÃO,0,14,MISSÃO,PARTIDO MISSÃO,,14,280002540694,RENAN ANTONIO FERREIRA DOS SANTOS,RENAN SANTOS,14/02/1984,5,Válido,nao,,111,1.77,1.766953200,AROLDO MEDINA,CORONEL MEDINA,MISSÃO,v,,,,,04/10/2026 18:42:10,sim
1,04/10/2026,6257,Presidente,1,municipio,PB,19011,2500106,ÁGUA BRANCA,,,,,PARTIDO DA CAUSA OPERÁRIA,i,PCO,0,29,PCO,PARTIDO DA CAUSA OPERÁRIA,,29,280002552487,RUI COSTA PIMENTA,RUI COSTA PIMENTA,25/06/1957,12,Válido,nao,,0,0.00,0,ANTONIO CARLOS SILVA,ANTÔNIO CARLOS,PCO,v,,,,,04/10/2026 18:42:10,sim
1,04/10/2026,6257,Presidente,1,municipio,PB,19020,2515971,SOBRADO,,,,,PARTIDO LIBERAL,i,PL,0,22,PL,PARTIDO LIBERAL,,22,280002551544,FLAVIO NANTES BOLSONARO,FLAVIO BOLSONARO,30/04/1981,1,Válido,nao,,1914,30.85,30.851063830,ALFREDO GASPAR DE MENDONÇA NETO,ALFREDO GASPAR,PL,v,,,,,04/10/2026 20:10:52,sim
1,04/10/2026,6257,Presidente,1,municipio,PB,19020,2515971,SOBRADO,,,,,PARTIDO SOCIAL DEMOCRÁTICO,i,PSD,0,55,PSD,PARTIDO SOCIAL DEMOCRÁTICO,,55,280002551932,RONALDO RAMOS CAIADO,RONALDO CAIADO,25/09/1949,5,Válido,nao,,48,0.77,0.773694391,GILBERTO KASSAB,GILBERTO KASSAB,PSD,v,,,,,04/10/2026 20:10:52,sim
1,04/10/2026,6257,Presidente,1,municipio,PB,19020,2515971,SOBRADO,,PT/PC do B/PV,FEDERAÇÃO BRASIL DA ESPERANÇA - FE BRASIL,PT/PC do B/PV,BRASIL PRONTO PRA MAIS,c,PSB / PDT / PCDOB / PT / PV / PSOL / REDE,,13,PT,PARTIDO DOS TRABALHADORES,101,13,280002542548,LUIZ INÁCIO LULA DA SILVA,LULA,06/10/1945,2,Válido,nao,,4051,65.30,65.296582850,GERALDO JOSE RODRIGUES ALCKMIN FILHO,GERALDO ALCKMIN,PSB,v,,,,,04/10/2026 20:10:52,sim
1,04/10/2026,6257,Presidente,1,municipio,PB,19020,2515971,SOBRADO,,,,,PARTIDO SOCIALISTA  DOS TRABALHADORES UNIFICADO,i,PSTU,0,16,PSTU,PARTIDO SOCIALISTA  DOS TRABALHADORES UNIFICADO,,16,280002541457,HERTZ DA CONCEICAO DIAS,HERTZ DIAS,20/10/1970,8,Válido,nao,,0,0.00,0,VANESSA PORTUGAL BARBOSA,VANESSA PORTUGAL,PSTU,v,,,,,04/10/2026 20:10:52,sim
1,04/10/2026,6257,Presidente,1,municipio,PB,19020,2515971,SOBRADO,,,,,PARTIDO COMUNISTA BRASILEIRO,i,PCB,0,21,PCB,PARTIDO COMUNISTA BRASILEIRO,,21,280002551975,EDMILSON SILVA COSTA,EDMILSON COSTA,08/04/1950,10,Válido,nao,,1,0.02,0.016118633,CLEUSA DOS SANTOS,CLEUSA SANTOS,PCB,v,,,,,04/10/2026 20:10:52,sim
1,04/10/2026,6257,Presidente,1,municipio,PB,19020,2515971,SOBRADO,,,,,DEMOCRACIA CRISTÃ,i,DC,0,27,DC,DEMOCRACIA CRISTÃ,,27,280002552484,CLARIANA ZACARKIM BARAO,CLARIANA BARAO,03/04/1987,9,Válido,nao,,1,0.02,0.016118633,FABIANA CRISTINA TAVARES TORQUATO,FABIANA TORQUATO,DC,v,,,,,04/10/2026 20:10:52,sim
1,04/10/2026,6257,Presidente,1,municipio,PB,19020,2515971,SOBRADO,,,,,PARTIDO NOVO,i,NOVO,0,30,NOVO,PARTIDO NOVO,,30,280002539826,ROMEU ZEMA NETO,ZEMA,28/10/1964,6,Válido,nao,,4,0.06,0.064474533,LUIS EDUARDO GRANGEIRO GIRÃO,EDUARDO GIRÃO,NOVO,v,,,,,04/10/2026 20:10:52,sim
1,04/10/2026,6257,Presidente,1,municipio,PB,19020,2515971,SOBRADO,,,,,BRASIL DOS NOSSOS SONHOS,c,AGIR / AVANTE,,70,AVANTE,AVANTE,,70,280002551547,AUGUSTO JORGE CURY,ESCRITOR AUGUSTO CURY,02/10/1958,3,Válido,nao,,136,2.19,2.192134107,JULIO CESAR DELGADO,JÚLIO DELGADO,AVANTE,v,,,,,04/10/2026 20:10:52,sim
1,04/10/2026,6257,Presidente,1,municipio,PB,19020,2515971,SOBRADO,,,,,DEMOCRATA,i,DEMOCRATA,0,35,DEMOCRATA,DEMOCRATA,,35,280002548139,WILSON GRASSI JUNIOR,VETERINÁRIO WILSON GRASSI,13/03/1970,11,Válido,nao,,0,0.00,0,SUÊD HAIDAR NOGUEIRA,SUÊD HAIDAR,DEMOCRATA,v,,,,,04/10/2026 20:10:52,sim
1,04/10/2026,6257,Presidente,1,municipio,PB,19020,2515971,SOBRADO,,,,,UNIDADE POPULAR,i,UP,0,80,UP,UNIDADE POPULAR,,80,280002538811,SAMARA MARTINS DA SILVA FEITOSA,SAMARA,31/08/1987,7,Válido,nao,,2,0.03,0.032237266,RAQUEL NONATO DE BRICIO,RAQUEL BRÍCIO,UP,v,,,,,04/10/2026 20:10:52,sim
1,04/10/2026,6257,Presidente,1,municipio,PB,19020,2515971,SOBRADO,,,,,PARTIDO MISSÃO,i,MISSÃO,0,14,MISSÃO,PARTIDO MISSÃO,,14,280002540694,RENAN ANTONIO FERREIRA DOS SANTOS,RENAN SANTOS,14/02/1984,4,Válido,nao,,47,0.76,0.757575758,AROLDO MEDINA,CORONEL MEDINA,MISSÃO,v,,,,,04/10/2026 20:10:52,sim
1,04/10/2026,6257,Presidente,1,municipio,PB,19020,2515971,SOBRADO,,,,,PARTIDO DA CAUSA OPERÁRIA,i,PCO,0,29,PCO,PARTIDO DA CAUSA OPERÁRIA,,29,280002552487,RUI COSTA PIMENTA,RUI COSTA PIMENTA,25/06/1957,12,Válido,nao,,0,0.00,0,ANTONIO CARLOS SILVA,ANTÔNIO CARLOS,PCO,v,,,,,04/10/2026 20:10:52,sim
1,04/10/2026,6257,Presidente,1,municipio,PB,19038,2500205,AGUIAR,,,,,PARTIDO LIBERAL,i,PL,0,22,PL,PARTIDO LIBERAL,,22,280002551544,FLAVIO NANTES BOLSONARO,FLAVIO BOLSONARO,30/04/1981,1,Válido,nao,,719,19.35,19.348762110,ALFREDO GASPAR DE MENDONÇA NETO,ALFREDO GASPAR,PL,v,,,,,04/10/2026 19:11:09,sim
1,04/10/2026,6257,Presidente,1,municipio,PB,19038,2500205,AGUIAR,,,,,PARTIDO SOCIAL DEMOCRÁTICO,i,PSD,0,55,PSD,PARTIDO SOCIAL DEMOCRÁTICO,,55,280002551932,RONALDO RAMOS CAIADO,RONALDO CAIADO,25/09/1949,5,Válido,nao,,16,0.43,0.430570506,GILBERTO KASSAB,GILBERTO KASSAB,PSD,v,,,,,04/10/2026 19:11:09,sim
1,04/10/2026,6257,Presidente,1,municipio,PB,19038,2500205,AGUIAR,,PT/PC do B/PV,FEDERAÇÃO BRASIL DA ESPERANÇA - FE BRASIL,PT/PC do B/PV,BRASIL PRONTO PRA MAIS,c,PSB / PDT / PCDOB / PT / PV / PSOL / REDE,,13,PT,PARTIDO DOS TRABALHADORES,101,13,280002542548,LUIZ INÁCIO LULA DA SILVA,LULA,06/10/1945,2,Válido,nao,,2862,77.02,77.018299247,GERALDO JOSE RODRIGUES ALCKMIN FILHO,GERALDO ALCKMIN,PSB,v,,,,,04/10/2026 19:11:09,sim
1,04/10/2026,6257,Presidente,1,municipio,PB,19038,2500205,AGUIAR,,,,,DEMOCRACIA CRISTÃ,i,DC,0,27,DC,DEMOCRACIA CRISTÃ,,27,280002552484,CLARIANA ZACARKIM BARAO,CLARIANA BARAO,03/04/1987,9,Válido,nao,,0,0.00,0,FABIANA CRISTINA TAVARES TORQUATO,FABIANA TORQUATO,DC,v,,,,,04/10/2026 19:11:09,sim
1,04/10/2026,6257,Presidente,1,municipio,PB,19038,2500205,AGUIAR,,,,,PARTIDO COMUNISTA BRASILEIRO,i,PCB,0,21,PCB,PARTIDO COMUNISTA BRASILEIRO,,21,280002551975,EDMILSON SILVA COSTA,EDMILSON COSTA,08/04/1950,10,Válido,nao,,0,0.00,0,CLEUSA DOS SANTOS,CLEUSA SANTOS,PCB,v,,,,,04/10/2026 19:11:09,sim
1,04/10/2026,6257,Presidente,1,municipio,PB,19038,2500205,AGUIAR,,,,,PARTIDO SOCIALISTA  DOS TRABALHADORES UNIFICADO,i,PSTU,0,16,PSTU,PARTIDO SOCIALISTA  DOS TRABALHADORES UNIFICADO,,16,280002541457,HERTZ DA CONCEICAO DIAS,HERTZ DIAS,20/10/1970,8,Válido,nao,,0,0.00,0,VANESSA PORTUGAL BARBOSA,VANESSA PORTUGAL,PSTU,v,,,,,04/10/2026 19:11:09,sim
1,04/10/2026,6257,Presidente,1,municipio,PB,19038,2500205,AGUIAR,,,,,BRASIL DOS NOSSOS SONHOS,c,AGIR / AVANTE,,70,AVANTE,AVANTE,,70,280002551547,AUGUSTO JORGE CURY,ESCRITOR AUGUSTO CURY,02/10/1958,3,Válido,nao,,87,2.34,2.341227126,JULIO CESAR DELGADO,JÚLIO DELGADO,AVANTE,v,,,,,04/10/2026 19:11:09,sim
1,04/10/2026,6257,Presidente,1,municipio,PB,19038,2500205,AGUIAR,,,,,PARTIDO NOVO,i,NOVO,0,30,NOVO,PARTIDO NOVO,,30,280002539826,ROMEU ZEMA NETO,ZEMA,28/10/1964,6,Válido,nao,,1,0.03,0.026910657,LUIS EDUARDO GRANGEIRO GIRÃO,EDUARDO GIRÃO,NOVO,v,,,,,04/10/2026 19:11:09,sim
1,04/10/2026,6257,Presidente,1,municipio,PB,19038,2500205,AGUIAR,,,,,UNIDADE POPULAR,i,UP,0,80,UP,UNIDADE POPULAR,,80,280002538811,SAMARA MARTINS DA SILVA FEITOSA,SAMARA,31/08/1987,7,Válido,nao,,1,0.03,0.026910657,RAQUEL NONATO DE BRICIO,RAQUEL BRÍCIO,UP,v,,,,,04/10/2026 19:11:09,sim
1,04/10/2026,6257,Presidente,1,municipio,PB,19038,2500205,AGUIAR,,,,,DEMOCRATA,i,DEMOCRATA,0,35,DEMOCRATA,DEMOCRATA,,35,280002548139,WILSON GRASSI JUNIOR,VETERINÁRIO WILSON GRASSI,13/03/1970,11,Válido,nao,,0,0.00,0,SUÊD HAIDAR NOGUEIRA,SUÊD HAIDAR,DEMOCRATA,v,,,,,04/10/2026 19:11:09,sim
1,04/10/2026,6257,Presidente,1,municipio,PB,19038,2500205,AGUIAR,,,,,PARTIDO MISSÃO,i,MISSÃO,0,14,MISSÃO,PARTIDO MISSÃO,,14,280002540694,RENAN ANTONIO FERREIRA DOS SANTOS,RENAN SANTOS,14/02/1984,4,Válido,nao,,30,0.81,0.807319699,AROLDO MEDINA,CORONEL MEDINA,MISSÃO,v,,,,,04/10/2026 19:11:09,sim
1,04/10/2026,6257,Presidente,1,municipio,PB,19038,2500205,AGUIAR,,,,,PARTIDO DA CAUSA OPERÁRIA,i,PCO,0,29,PCO,PARTIDO DA CAUSA OPERÁRIA,,29,280002552487,RUI COSTA PIMENTA,RUI COSTA PIMENTA,25/06/1957,12,Válido,nao,,0,0.00,0,ANTONIO CARLOS SILVA,ANTÔNIO CARLOS,PCO,v,,,,,04/10/2026 19:11:09,sim
1,04/10/2026,6257,Presidente,1,municipio,PB,19046,2514453,SÃO JOSÉ DOS RAMOS,,,,,PARTIDO LIBERAL,i,PL,0,22,PL,PARTIDO LIBERAL,,22,280002551544,FLAVIO NANTES BOLSONARO,FLAVIO BOLSONARO,30/04/1981,1,Válido,nao,,1118,25.48,25.484385685,ALFREDO GASPAR DE MENDONÇA NETO,ALFREDO GASPAR,PL,v,,,,,04/10/2026 19:20:59,sim
1,04/10/2026,6257,Presidente,1,municipio,PB,19046,2514453,SÃO JOSÉ DOS RAMOS,,,,,PARTIDO SOCIAL DEMOCRÁTICO,i,PSD,0,55,PSD,PARTIDO SOCIAL DEMOCRÁTICO,,55,280002551932,RONALDO RAMOS CAIADO,RONALDO CAIADO,25/09/1949,5,Válido,nao,,22,0.50,0.501481650,GILBERTO KASSAB,GILBERTO KASSAB,PSD,v,,,,,04/10/2026 19:20:59,sim
1,04/10/2026,6257,Presidente,1,municipio,PB,19046,2514453,SÃO JOSÉ DOS RAMOS,,PT/PC do B/PV,FEDERAÇÃO BRASIL DA ESPERANÇA - FE BRASIL,PT/PC do B/PV,BRASIL PRONTO PRA MAIS,c,PSB / PDT / PCDOB / PT / PV / PSOL / REDE,,13,PT,PARTIDO DOS TRABALHADORES,101,13,280002542548,LUIZ INÁCIO LULA DA SILVA,LULA,06/10/1945,2,Válido,nao,,3104,70.75,70.754501938,GERALDO JOSE RODRIGUES ALCKMIN FILHO,GERALDO ALCKMIN,PSB,v,,,,,04/10/2026 19:20:59,sim
1,04/10/2026,6257,Presidente,1,municipio,PB,19046,2514453,SÃO JOSÉ DOS RAMOS,,,,,DEMOCRACIA CRISTÃ,i,DC,0,27,DC,DEMOCRACIA CRISTÃ,,27,280002552484,CLARIANA ZACARKIM BARAO,CLARIANA BARAO,03/04/1987,9,Válido,nao,,0,0.00,0,FABIANA CRISTINA TAVARES TORQUATO,FABIANA TORQUATO,DC,v,,,,,04/10/2026 19:20:59,sim
1,04/10/2026,6257,Presidente,1,municipio,PB,19046,2514453,SÃO JOSÉ DOS RAMOS,,,,,PARTIDO COMUNISTA BRASILEIRO,i,PCB,0,21,PCB,PARTIDO COMUNISTA BRASILEIRO,,21,280002551975,EDMILSON SILVA COSTA,EDMILSON COSTA,08/04/1950,10,Válido,nao,,1,0.02,0.022794620,CLEUSA DOS SANTOS,CLEUSA SANTOS,PCB,v,,,,,04/10/2026 19:20:59,sim
1,04/10/2026,6257,Presidente,1,municipio,PB,19046,2514453,SÃO JOSÉ DOS RAMOS,,,,,PARTIDO SOCIALISTA  DOS TRABALHADORES UNIFICADO,i,PSTU,0,16,PSTU,PARTIDO SOCIALISTA  DOS TRABALHADORES UNIFICADO,,16,280002541457,HERTZ DA CONCEICAO DIAS,HERTZ DIAS,20/10/1970,8,Válido,nao,,0,0.00,0,VANESSA PORTUGAL BARBOSA,VANESSA PORTUGAL,PSTU,v,,,,,04/10/2026 19:20:59,sim
1,04/10/2026,6257,Presidente,1,municipio,PB,19046,2514453,SÃO JOSÉ DOS RAMOS,,,,,BRASIL DOS NOSSOS SONHOS,c,AGIR / AVANTE,,70,AVANTE,AVANTE,,70,280002551547,AUGUSTO JORGE CURY,ESCRITOR AUGUSTO CURY,02/10/1958,3,Válido,nao,,98,2.23,2.233872806,JULIO CESAR DELGADO,JÚLIO DELGADO,AVANTE,v,,,,,04/10/2026 19:20:59,sim
1,04/10/2026,6257,Presidente,1,municipio,PB,19046,2514453,SÃO JOSÉ DOS RAMOS,,,,,PARTIDO NOVO,i,NOVO,0,30,NOVO,PARTIDO NOVO,,30,280002539826,ROMEU ZEMA NETO,ZEMA,28/10/1964,6,Válido,nao,,0,0.00,0,LUIS EDUARDO GRANGEIRO GIRÃO,EDUARDO GIRÃO,NOVO,v,,,,,04/10/2026 19:20:59,sim
1,04/10/2026,6257,Presidente,1,municipio,PB,19046,2514453,SÃO JOSÉ DOS RAMOS,,,,,UNIDADE POPULAR,i,UP,0,80,UP,UNIDADE POPULAR,,80,280002538811,SAMARA MARTINS DA SILVA FEITOSA,SAMARA,31/08/1987,7,Válido,nao,,2,0.05,0.045589241,RAQUEL NONATO DE BRICIO,RAQUEL BRÍCIO,UP,v,,,,,04/10/2026 19:20:59,sim
1,04/10/2026,6257,Presidente,1,municipio,PB,19046,2514453,SÃO JOSÉ DOS RAMOS,,,,,DEMOCRATA,i,DEMOCRATA,0,35,DEMOCRATA,DEMOCRATA,,35,280002548139,WILSON GRASSI JUNIOR,VETERINÁRIO WILSON GRASSI,13/03/1970,11,Válido,nao,,1,0.02,0.022794620,SUÊD HAIDAR NOGUEIRA,SUÊD HAIDAR,DEMOCRATA,v,,,,,04/10/2026 19:20:59,sim
1,04/10/2026,6257,Presidente,1,municipio,PB,19046,2514453,SÃO JOSÉ DOS RAMOS,,,,,PARTIDO MISSÃO,i,MISSÃO,0,14,MISSÃO,PARTIDO MISSÃO,,14,280002540694,RENAN ANTONIO FERREIRA DOS SANTOS,RENAN SANTOS,14/02/1984,4,Válido,nao,,41,0.93,0.934579439,AROLDO MEDINA,CORONEL MEDINA,MISSÃO,v,,,,,04/10/2026 19:20:59,sim
1,04/10/2026,6257,Presidente,1,municipio,PB,19046,2514453,SÃO JOSÉ DOS RAMOS,,,,,PARTIDO DA CAUSA OPERÁRIA,i,PCO,0,29,PCO,PARTIDO DA CAUSA OPERÁRIA,,29,280002552487,RUI COSTA PIMENTA,RUI COSTA PIMENTA,25/06/1957,12,Válido,nao,,0,0.00,0,ANTONIO CARLOS SILVA,ANTÔNIO CARLOS,PCO,v,,,,,04/10/2026 19:20:59,sim
1,04/10/2026,6257,Presidente,1,municipio,PB,19054,2500304,ALAGOA GRANDE,,,,,PARTIDO LIBERAL,i,PL,0,22,PL,PARTIDO LIBERAL,,22,280002551544,FLAVIO NANTES BOLSONARO,FLAVIO BOLSONARO,30/04/1981,1,Válido,nao,,4323,25.54,25.536062378,ALFREDO GASPAR DE MENDONÇA NETO,ALFREDO GASPAR,PL,v,,,,,04/10/2026 20:17:00,sim
1,04/10/2026,6257,Presidente,1,municipio,PB,19054,2500304,ALAGOA GRANDE,,,,,PARTIDO SOCIAL DEMOCRÁTICO,i,PSD,0,55,PSD,PARTIDO SOCIAL DEMOCRÁTICO,,55,280002551932,RONALDO RAMOS CAIADO,RONALDO CAIADO,25/09/1949,5,Válido,nao,,111,0.66,0.655679603,GILBERTO KASSAB,GILBERTO KASSAB,PSD,v,,,,,04/10/2026 20:17:00,sim
1,04/10/2026,6257,Presidente,1,municipio,PB,19054,2500304,ALAGOA GRANDE,,PT/PC do B/PV,FEDERAÇÃO BRASIL DA ESPERANÇA - FE BRASIL,PT/PC do B/PV,BRASIL PRONTO PRA MAIS,c,PSB / PDT / PCDOB / PT / PV / PSOL / REDE,,13,PT,PARTIDO DOS TRABALHADORES,101,13,280002542548,LUIZ INÁCIO LULA DA SILVA,LULA,06/10/1945,2,Válido,nao,,11918,70.40,70.399905488,GERALDO JOSE RODRIGUES ALCKMIN FILHO,GERALDO ALCKMIN,PSB,v,,,,,04/10/2026 20:17:00,sim
1,04/10/2026,6257,Presidente,1,municipio,PB,19054,2500304,ALAGOA GRANDE,,,,,PARTIDO SOCIALISTA  DOS TRABALHADORES UNIFICADO,i,PSTU,0,16,PSTU,PARTIDO SOCIALISTA  DOS TRABALHADORES UNIFICADO,,16,280002541457,HERTZ DA CONCEICAO DIAS,HERTZ DIAS,20/10/1970,8,Válido,nao,,2,0.01,0.011814047,VANESSA PORTUGAL BARBOSA,VANESSA PORTUGAL,PSTU,v,,,,,04/10/2026 20:17:00,sim
1,04/10/2026,6257,Presidente,1,municipio,PB,19054,2500304,ALAGOA GRANDE,,,,,PARTIDO COMUNISTA BRASILEIRO,i,PCB,0,21,PCB,PARTIDO COMUNISTA BRASILEIRO,,21,280002551975,EDMILSON SILVA COSTA,EDMILSON COSTA,08/04/1950,10,Válido,nao,,4,0.02,0.023628094,CLEUSA DOS SANTOS,CLEUSA SANTOS,PCB,v,,,,,04/10/2026 20:17:00,sim
1,04/10/2026,6257,Presidente,1,municipio,PB,19054,2500304,ALAGOA GRANDE,,,,,DEMOCRACIA CRISTÃ,i,DC,0,27,DC,DEMOCRACIA CRISTÃ,,27,280002552484,CLARIANA ZACARKIM BARAO,CLARIANA BARAO,03/04/1987,9,Válido,nao,,1,0.01,0.005907023,FABIANA CRISTINA TAVARES TORQUATO,FABIANA TORQUATO,DC,v,,,,,04/10/2026 20:17:00,sim
1,04/10/2026,6257,Presidente,1,municipio,PB,19054,2500304,ALAGOA GRANDE,,,,,PARTIDO NOVO,i,NOVO,0,30,NOVO,PARTIDO NOVO,,30,280002539826,ROMEU ZEMA NETO,ZEMA,28/10/1964,6,Válido,nao,,4,0.02,0.023628094,LUIS EDUARDO GRANGEIRO GIRÃO,EDUARDO GIRÃO,NOVO,v,,,,,04/10/2026 20:17:00,sim
1,04/10/2026,6257,Presidente,1,municipio,PB,19054,2500304,ALAGOA GRANDE,,,,,BRASIL DOS NOSSOS SONHOS,c,AGIR / AVANTE,,70,AVANTE,AVANTE,,70,280002551547,AUGUSTO JORGE CURY,ESCRITOR AUGUSTO CURY,02/10/1958,3,Válido,nao,,364,2.15,2.150156536,JULIO CESAR DELGADO,JÚLIO DELGADO,AVANTE,v,,,,,04/10/2026 20:17:00,sim
1,04/10/2026,6257,Presidente,1,municipio,PB,19054,2500304,ALAGOA GRANDE,,,,,DEMOCRATA,i,DEMOCRATA,0,35,DEMOCRATA,DEMOCRATA,,35,280002548139,WILSON GRASSI JUNIOR,VETERINÁRIO WILSON GRASSI,13/03/1970,11,Válido,nao,,0,0.00,0,SUÊD HAIDAR NOGUEIRA,SUÊD HAIDAR,DEMOCRATA,v,,,,,04/10/2026 20:17:00,sim
1,04/10/2026,6257,Presidente,1,municipio,PB,19054,2500304,ALAGOA GRANDE,,,,,UNIDADE POPULAR,i,UP,0,80,UP,UNIDADE POPULAR,,80,280002538811,SAMARA MARTINS DA SILVA FEITOSA,SAMARA,31/08/1987,7,Válido,nao,,2,0.01,0.011814047,RAQUEL NONATO DE BRICIO,RAQUEL BRÍCIO,UP,v,,,,,04/10/2026 20:17:00,sim
1,04/10/2026,6257,Presidente,1,municipio,PB,19054,2500304,ALAGOA GRANDE,,,,,PARTIDO MISSÃO,i,MISSÃO,0,14,MISSÃO,PARTIDO MISSÃO,,14,280002540694,RENAN ANTONIO FERREIRA DOS SANTOS,RENAN SANTOS,14/02/1984,4,Válido,nao,,200,1.18,1.181404690,AROLDO MEDINA,CORONEL MEDINA,MISSÃO,v,,,,,04/10/2026 20:17:00,sim
1,04/10/2026,6257,Presidente,1,municipio,PB,19054,2500304,ALAGOA GRANDE,,,,,PARTIDO DA CAUSA OPERÁRIA,i,PCO,0,29,PCO,PARTIDO DA CAUSA OPERÁRIA,,29,280002552487,RUI COSTA PIMENTA,RUI COSTA PIMENTA,25/06/1957,12,Válido,nao,,0,0.00,0,ANTONIO CARLOS SILVA,ANTÔNIO CARLOS,PCO,v,,,,,04/10/2026 20:17:00,sim
1,04/10/2026,6257,Presidente,1,municipio,PB,19062,2504033,CAPIM,,,,,PARTIDO LIBERAL,i,PL,0,22,PL,PARTIDO LIBERAL,,22,280002551544,FLAVIO NANTES BOLSONARO,FLAVIO BOLSONARO,30/04/1981,1,Válido,nao,,1424,27.60,27.596899225,ALFREDO GASPAR DE MENDONÇA NETO,ALFREDO GASPAR,PL,v,,,,,04/10/2026 20:51:51,sim
1,04/10/2026,6257,Presidente,1,municipio,PB,19062,2504033,CAPIM,,,,,PARTIDO SOCIAL DEMOCRÁTICO,i,PSD,0,55,PSD,PARTIDO SOCIAL DEMOCRÁTICO,,55,280002551932,RONALDO RAMOS CAIADO,RONALDO CAIADO,25/09/1949,5,Válido,nao,,15,0.29,0.290697674,GILBERTO KASSAB,GILBERTO KASSAB,PSD,v,,,,,04/10/2026 20:51:51,sim
1,04/10/2026,6257,Presidente,1,municipio,PB,19062,2504033,CAPIM,,PT/PC do B/PV,FEDERAÇÃO BRASIL DA ESPERANÇA - FE BRASIL,PT/PC do B/PV,BRASIL PRONTO PRA MAIS,c,PSB / PDT / PCDOB / PT / PV / PSOL / REDE,,13,PT,PARTIDO DOS TRABALHADORES,101,13,280002542548,LUIZ INÁCIO LULA DA SILVA,LULA,06/10/1945,2,Válido,nao,,3533,68.47,68.468992248,GERALDO JOSE RODRIGUES ALCKMIN FILHO,GERALDO ALCKMIN,PSB,v,,,,,04/10/2026 20:51:51,sim
1,04/10/2026,6257,Presidente,1,municipio,PB,19062,2504033,CAPIM,,,,,PARTIDO SOCIALISTA  DOS TRABALHADORES UNIFICADO,i,PSTU,0,16,PSTU,PARTIDO SOCIALISTA  DOS TRABALHADORES UNIFICADO,,16,280002541457,HERTZ DA CONCEICAO DIAS,HERTZ DIAS,20/10/1970,8,Válido,nao,,0,0.00,0,VANESSA PORTUGAL BARBOSA,VANESSA PORTUGAL,PSTU,v,,,,,04/10/2026 20:51:51,sim
1,04/10/2026,6257,Presidente,1,municipio,PB,19062,2504033,CAPIM,,,,,PARTIDO COMUNISTA BRASILEIRO,i,PCB,0,21,PCB,PARTIDO COMUNISTA BRASILEIRO,,21,280002551975,EDMILSON SILVA COSTA,EDMILSON COSTA,08/04/1950,10,Válido,nao,,1,0.02,0.019379845,CLEUSA DOS SANTOS,CLEUSA SANTOS,PCB,v,,,,,04/10/2026 20:51:51,sim
1,04/10/2026,6257,Presidente,1,municipio,PB,19062,2504033,CAPIM,,,,,DEMOCRACIA CRISTÃ,i,DC,0,27,DC,DEMOCRACIA CRISTÃ,,27,280002552484,CLARIANA ZACARKIM BARAO,CLARIANA BARAO,03/04/1987,9,Válido,nao,,1,0.02,0.019379845,FABIANA CRISTINA TAVARES TORQUATO,FABIANA TORQUATO,DC,v,,,,,04/10/2026 20:51:51,sim
1,04/10/2026,6257,Presidente,1,municipio,PB,19062,2504033,CAPIM,,,,,PARTIDO NOVO,i,NOVO,0,30,NOVO,PARTIDO NOVO,,30,280002539826,ROMEU ZEMA NETO,ZEMA,28/10/1964,6,Válido,nao,,2,0.04,0.038759690,LUIS EDUARDO GRANGEIRO GIRÃO,EDUARDO GIRÃO,NOVO,v,,,,,04/10/2026 20:51:51,sim
1,04/10/2026,6257,Presidente,1,municipio,PB,19062,2504033,CAPIM,,,,,BRASIL DOS NOSSOS SONHOS,c,AGIR / AVANTE,,70,AVANTE,AVANTE,,70,280002551547,AUGUSTO JORGE CURY,ESCRITOR AUGUSTO CURY,02/10/1958,3,Válido,nao,,110,2.13,2.131782946,JULIO CESAR DELGADO,JÚLIO DELGADO,AVANTE,v,,,,,04/10/2026 20:51:51,sim
1,04/10/2026,6257,Presidente,1,municipio,PB,19062,2504033,CAPIM,,,,,DEMOCRATA,i,DEMOCRATA,0,35,DEMOCRATA,DEMOCRATA,,35,280002548139,WILSON GRASSI JUNIOR,VETERINÁRIO WILSON GRASSI,13/03/1970,11,Válido,nao,,0,0.00,0,SUÊD HAIDAR NOGUEIRA,SUÊD HAIDAR,DEMOCRATA,v,,,,,04/10/2026 20:51:51,sim
1,04/10/2026,6257,Presidente,1,municipio,PB,19062,2504033,CAPIM,,,,,UNIDADE POPULAR,i,UP,0,80,UP,UNIDADE POPULAR,,80,280002538811,SAMARA MARTINS DA SILVA FEITOSA,SAMARA,31/08/1987,7,Válido,nao,,0,0.00,0,RAQUEL NONATO DE BRICIO,RAQUEL BRÍCIO,UP,v,,,,,04/10/2026 20:51:51,sim
1,04/10/2026,6257,Presidente,1,municipio,PB,19062,2504033,CAPIM,,,,,PARTIDO MISSÃO,i,MISSÃO,0,14,MISSÃO,PARTIDO MISSÃO,,14,280002540694,RENAN ANTONIO FERREIRA DOS SANTOS,RENAN SANTOS,14/02/1984,4,Válido,nao,,74,1.43,1.434108527,AROLDO MEDINA,CORONEL MEDINA,MISSÃO,v,,,,,04/10/2026 20:51:51,sim
1,04/10/2026,6257,Presidente,1,municipio,PB,19062,2504033,CAPIM,,,,,PARTIDO DA CAUSA OPERÁRIA,i,PCO,0,29,PCO,PARTIDO DA CAUSA OPERÁRIA,,29,280002552487,RUI COSTA PIMENTA,RUI COSTA PIMENTA,25/06/1957,12,Válido,nao,,0,0.00,0,ANTONIO CARLOS SILVA,ANTÔNIO CARLOS,PCO,v,,,,,04/10/2026 20:51:51,sim
1,04/10/2026,6257,Presidente,1,municipio,PB,19070,2500403,ALAGOA NOVA,,,,,PARTIDO LIBERAL,i,PL,0,22,PL,PARTIDO LIBERAL,,22,280002551544,FLAVIO NANTES BOLSONARO,FLAVIO BOLSONARO,30/04/1981,1,Válido,nao,,2785,22.85,22.850344601,ALFREDO GASPAR DE MENDONÇA NETO,ALFREDO GASPAR,PL,v,,,,,04/10/2026 19:20:58,sim
1,04/10/2026,6257,Presidente,1,municipio,PB,19070,2500403,ALAGOA NOVA,,,,,PARTIDO SOCIAL DEMOCRÁTICO,i,PSD,0,55,PSD,PARTIDO SOCIAL DEMOCRÁTICO,,55,280002551932,RONALDO RAMOS CAIADO,RONALDO CAIADO,25/09/1949,5,Válido,nao,,89,0.73,0.730226452,GILBERTO KASSAB,GILBERTO KASSAB,PSD,v,,,,,04/10/2026 19:20:58,sim
1,04/10/2026,6257,Presidente,1,municipio,PB,19070,2500403,ALAGOA NOVA,,PT/PC do B/PV,FEDERAÇÃO BRASIL DA ESPERANÇA - FE BRASIL,PT/PC do B/PV,BRASIL PRONTO PRA MAIS,c,PSB / PDT / PCDOB / PT / PV / PSOL / REDE,,13,PT,PARTIDO DOS TRABALHADORES,101,13,280002542548,LUIZ INÁCIO LULA DA SILVA,LULA,06/10/1945,2,Válido,nao,,8684,71.25,71.250410240,GERALDO JOSE RODRIGUES ALCKMIN FILHO,GERALDO ALCKMIN,PSB,v,,,,,04/10/2026 19:20:58,sim
1,04/10/2026,6257,Presidente,1,municipio,PB,19070,2500403,ALAGOA NOVA,,,,,DEMOCRACIA CRISTÃ,i,DC,0,27,DC,DEMOCRACIA CRISTÃ,,27,280002552484,CLARIANA ZACARKIM BARAO,CLARIANA BARAO,03/04/1987,9,Válido,nao,,2,0.02,0.016409583,FABIANA CRISTINA TAVARES TORQUATO,FABIANA TORQUATO,DC,v,,,,,04/10/2026 19:20:58,sim
1,04/10/2026,6257,Presidente,1,municipio,PB,19070,2500403,ALAGOA NOVA,,,,,PARTIDO COMUNISTA BRASILEIRO,i,PCB,0,21,PCB,PARTIDO COMUNISTA BRASILEIRO,,21,280002551975,EDMILSON SILVA COSTA,EDMILSON COSTA,08/04/1950,10,Válido,nao,,3,0.02,0.024614375,CLEUSA DOS SANTOS,CLEUSA SANTOS,PCB,v,,,,,04/10/2026 19:20:58,sim
1,04/10/2026,6257,Presidente,1,municipio,PB,19070,2500403,ALAGOA NOVA,,,,,PARTIDO SOCIALISTA  DOS TRABALHADORES UNIFICADO,i,PSTU,0,16,PSTU,PARTIDO SOCIALISTA  DOS TRABALHADORES UNIFICADO,,16,280002541457,HERTZ DA CONCEICAO DIAS,HERTZ DIAS,20/10/1970,8,Válido,nao,,2,0.02,0.016409583,VANESSA PORTUGAL BARBOSA,VANESSA PORTUGAL,PSTU,v,,,,,04/10/2026 19:20:58,sim
1,04/10/2026,6257,Presidente,1,municipio,PB,19070,2500403,ALAGOA NOVA,,,,,BRASIL DOS NOSSOS SONHOS,c,AGIR / AVANTE,,70,AVANTE,AVANTE,,70,280002551547,AUGUSTO JORGE CURY,ESCRITOR AUGUSTO CURY,02/10/1958,3,Válido,nao,,371,3.04,3.043977683,JULIO CESAR DELGADO,JÚLIO DELGADO,AVANTE,v,,,,,04/10/2026 19:20:58,sim
1,04/10/2026,6257,Presidente,1,municipio,PB,19070,2500403,ALAGOA NOVA,,,,,PARTIDO NOVO,i,NOVO,0,30,NOVO,PARTIDO NOVO,,30,280002539826,ROMEU ZEMA NETO,ZEMA,28/10/1964,6,Válido,nao,,8,0.07,0.065638333,LUIS EDUARDO GRANGEIRO GIRÃO,EDUARDO GIRÃO,NOVO,v,,,,,04/10/2026 19:20:58,sim
1,04/10/2026,6257,Presidente,1,municipio,PB,19070,2500403,ALAGOA NOVA,,,,,UNIDADE POPULAR,i,UP,0,80,UP,UNIDADE POPULAR,,80,280002538811,SAMARA MARTINS DA SILVA FEITOSA,SAMARA,31/08/1987,7,Válido,nao,,6,0.05,0.049228750,RAQUEL NONATO DE BRICIO,RAQUEL BRÍCIO,UP,v,,,,,04/10/2026 19:20:58,sim
1,04/10/2026,6257,Presidente,1,municipio,PB,19070,2500403,ALAGOA NOVA,,,,,DEMOCRATA,i,DEMOCRATA,0,35,DEMOCRATA,DEMOCRATA,,35,280002548139,WILSON GRASSI JUNIOR,VETERINÁRIO WILSON GRASSI,13/03/1970,11,Válido,nao,,0,0.00,0,SUÊD HAIDAR NOGUEIRA,SUÊD HAIDAR,DEMOCRATA,v,,,,,04/10/2026 19:20:58,sim
1,04/10/2026,6257,Presidente,1,municipio,PB,19070,2500403,ALAGOA NOVA,,,,,PARTIDO MISSÃO,i,MISSÃO,0,14,MISSÃO,PARTIDO MISSÃO,,14,280002540694,RENAN ANTONIO FERREIRA DOS SANTOS,RENAN SANTOS,14/02/1984,4,Válido,nao,,238,1.95,1.952740400,AROLDO MEDINA,CORONEL MEDINA,MISSÃO,v,,,,,04/10/2026 19:20:58,sim
1,04/10/2026,6257,Presidente,1,municipio,PB,19070,2500403,ALAGOA NOVA,,,,,PARTIDO DA CAUSA OPERÁRIA,i,PCO,0,29,PCO,PARTIDO DA CAUSA OPERÁRIA,,29,280002552487,RUI COSTA PIMENTA,RUI COSTA PIMENTA,25/06/1957,12,Válido,nao,,0,0.00,0,ANTONIO CARLOS SILVA,ANTÔNIO CARLOS,PCO,v,,,,,04/10/2026 19:20:58,sim
1,04/10/2026,6257,Presidente,1,municipio,PB,19089,2505238,CUITÉ DE MAMANGUAPE,,,,,PARTIDO LIBERAL,i,PL,0,22,PL,PARTIDO LIBERAL,,22,280002551544,FLAVIO NANTES BOLSONARO,FLAVIO BOLSONARO,30/04/1981,1,Válido,nao,,1324,23.61,23.609129815,ALFREDO GASPAR DE MENDONÇA NETO,ALFREDO GASPAR,PL,v,,,,,04/10/2026 19:20:57,sim
1,04/10/2026,6257,Presidente,1,municipio,PB,19089,2505238,CUITÉ DE MAMANGUAPE,,,,,PARTIDO SOCIAL DEMOCRÁTICO,i,PSD,0,55,PSD,PARTIDO SOCIAL DEMOCRÁTICO,,55,280002551932,RONALDO RAMOS CAIADO,RONALDO CAIADO,25/09/1949,5,Válido,nao,,17,0.30,0.303138374,GILBERTO KASSAB,GILBERTO KASSAB,PSD,v,,,,,04/10/2026 19:20:57,sim
1,04/10/2026,6257,Presidente,1,municipio,PB,19089,2505238,CUITÉ DE MAMANGUAPE,,PT/PC do B/PV,FEDERAÇÃO BRASIL DA ESPERANÇA - FE BRASIL,PT/PC do B/PV,BRASIL PRONTO PRA MAIS,c,PSB / PDT / PCDOB / PT / PV / PSOL / REDE,,13,PT,PARTIDO DOS TRABALHADORES,101,13,280002542548,LUIZ INÁCIO LULA DA SILVA,LULA,06/10/1945,2,Válido,nao,,4083,72.81,72.806704708,GERALDO JOSE RODRIGUES ALCKMIN FILHO,GERALDO ALCKMIN,PSB,v,,,,,04/10/2026 19:20:57,sim
1,04/10/2026,6257,Presidente,1,municipio,PB,19089,2505238,CUITÉ DE MAMANGUAPE,,,,,DEMOCRACIA CRISTÃ,i,DC,0,27,DC,DEMOCRACIA CRISTÃ,,27,280002552484,CLARIANA ZACARKIM BARAO,CLARIANA BARAO,03/04/1987,9,Válido,nao,,1,0.02,0.017831669,FABIANA CRISTINA TAVARES TORQUATO,FABIANA TORQUATO,DC,v,,,,,04/10/2026 19:20:57,sim
1,04/10/2026,6257,Presidente,1,municipio,PB,19089,2505238,CUITÉ DE MAMANGUAPE,,,,,PARTIDO COMUNISTA BRASILEIRO,i,PCB,0,21,PCB,PARTIDO COMUNISTA BRASILEIRO,,21,280002551975,EDMILSON SILVA COSTA,EDMILSON COSTA,08/04/1950,10,Válido,nao,,2,0.04,0.035663338,CLEUSA DOS SANTOS,CLEUSA SANTOS,PCB,v,,,,,04/10/2026 19:20:57,sim
1,04/10/2026,6257,Presidente,1,municipio,PB,19089,2505238,CUITÉ DE MAMANGUAPE,,,,,PARTIDO SOCIALISTA  DOS TRABALHADORES UNIFICADO,i,PSTU,0,16,PSTU,PARTIDO SOCIALISTA  DOS TRABALHADORES UNIFICADO,,16,280002541457,HERTZ DA CONCEICAO DIAS,HERTZ DIAS,20/10/1970,8,Válido,nao,,0,0.00,0,VANESSA PORTUGAL BARBOSA,VANESSA PORTUGAL,PSTU,v,,,,,04/10/2026 19:20:57,sim
1,04/10/2026,6257,Presidente,1,municipio,PB,19089,2505238,CUITÉ DE MAMANGUAPE,,,,,BRASIL DOS NOSSOS SONHOS,c,AGIR / AVANTE,,70,AVANTE,AVANTE,,70,280002551547,AUGUSTO JORGE CURY,ESCRITOR AUGUSTO CURY,02/10/1958,3,Válido,nao,,97,1.73,1.729671897,JULIO CESAR DELGADO,JÚLIO DELGADO,AVANTE,v,,,,,04/10/2026 19:20:57,sim
1,04/10/2026,6257,Presidente,1,municipio,PB,19089,2505238,CUITÉ DE MAMANGUAPE,,,,,PARTIDO NOVO,i,NOVO,0,30,NOVO,PARTIDO NOVO,,30,280002539826,ROMEU ZEMA NETO,ZEMA,28/10/1964,6,Válido,nao,,3,0.05,0.053495007,LUIS EDUARDO GRANGEIRO GIRÃO,EDUARDO GIRÃO,NOVO,v,,,,,04/10/2026 19:20:57,sim
1,04/10/2026,6257,Presidente,1,municipio,PB,19089,2505238,CUITÉ DE MAMANGUAPE,,,,,UNIDADE POPULAR,i,UP,0,80,UP,UNIDADE POPULAR,,80,280002538811,SAMARA MARTINS DA SILVA FEITOSA,SAMARA,31/08/1987,7,Válido,nao,,0,0.00,0,RAQUEL NONATO DE BRICIO,RAQUEL BRÍCIO,UP,v,,,,,04/10/2026 19:20:57,sim
1,04/10/2026,6257,Presidente,1,municipio,PB,19089,2505238,CUITÉ DE MAMANGUAPE,,,,,DEMOCRATA,i,DEMOCRATA,0,35,DEMOCRATA,DEMOCRATA,,35,280002548139,WILSON GRASSI JUNIOR,VETERINÁRIO WILSON GRASSI,13/03/1970,11,Válido,nao,,1,0.02,0.017831669,SUÊD HAIDAR NOGUEIRA,SUÊD HAIDAR,DEMOCRATA,v,,,,,04/10/2026 19:20:57,sim
1,04/10/2026,6257,Presidente,1,municipio,PB,19089,2505238,CUITÉ DE MAMANGUAPE,,,,,PARTIDO MISSÃO,i,MISSÃO,0,14,MISSÃO,PARTIDO MISSÃO,,14,280002540694,RENAN ANTONIO FERREIRA DOS SANTOS,RENAN SANTOS,14/02/1984,4,Válido,nao,,80,1.43,1.426533524,AROLDO MEDINA,CORONEL MEDINA,MISSÃO,v,,,,,04/10/2026 19:20:57,sim
1,04/10/2026,6257,Presidente,1,municipio,PB,19089,2505238,CUITÉ DE MAMANGUAPE,,,,,PARTIDO DA CAUSA OPERÁRIA,i,PCO,0,29,PCO,PARTIDO DA CAUSA OPERÁRIA,,29,280002552487,RUI COSTA PIMENTA,RUI COSTA PIMENTA,25/06/1957,12,Válido,nao,,0,0.00,0,ANTONIO CARLOS SILVA,ANTÔNIO CARLOS,PCO,v,,,,,04/10/2026 19:20:57,sim
1,04/10/2026,6257,Presidente,1,municipio,PB,19097,2500502,ALAGOINHA,,,,,PARTIDO LIBERAL,i,PL,0,22,PL,PARTIDO LIBERAL,,22,280002551544,FLAVIO NANTES BOLSONARO,FLAVIO BOLSONARO,30/04/1981,1,Válido,nao,,1803,19.34,19.337194337,ALFREDO GASPAR DE MENDONÇA NETO,ALFREDO GASPAR,PL,v,,,,,04/10/2026 18:38:46,sim
1,04/10/2026,6257,Presidente,1,municipio,PB,19097,2500502,ALAGOINHA,,,,,PARTIDO SOCIAL DEMOCRÁTICO,i,PSD,0,55,PSD,PARTIDO SOCIAL DEMOCRÁTICO,,55,280002551932,RONALDO RAMOS CAIADO,RONALDO CAIADO,25/09/1949,4,Válido,nao,,27,0.29,0.289575290,GILBERTO KASSAB,GILBERTO KASSAB,PSD,v,,,,,04/10/2026 18:38:46,sim
1,04/10/2026,6257,Presidente,1,municipio,PB,19097,2500502,ALAGOINHA,,PT/PC do B/PV,FEDERAÇÃO BRASIL DA ESPERANÇA - FE BRASIL,PT/PC do B/PV,BRASIL PRONTO PRA MAIS,c,PSB / PDT / PCDOB / PT / PV / PSOL / REDE,,13,PT,PARTIDO DOS TRABALHADORES,101,13,280002542548,LUIZ INÁCIO LULA DA SILVA,LULA,06/10/1945,2,Válido,nao,,7145,76.63,76.630201630,GERALDO JOSE RODRIGUES ALCKMIN FILHO,GERALDO ALCKMIN,PSB,v,,,,,04/10/2026 18:38:46,sim
1,04/10/2026,6257,Presidente,1,municipio,PB,19097,2500502,ALAGOINHA,,,,,PARTIDO SOCIALISTA  DOS TRABALHADORES UNIFICADO,i,PSTU,0,16,PSTU,PARTIDO SOCIALISTA  DOS TRABALHADORES UNIFICADO,,16,280002541457,HERTZ DA CONCEICAO DIAS,HERTZ DIAS,20/10/1970,8,Válido,nao,,2,0.02,0.021450021,VANESSA PORTUGAL BARBOSA,VANESSA PORTUGAL,PSTU,v,,,,,04/10/2026 18:38:46,sim
1,04/10/2026,6257,Presidente,1,municipio,PB,19097,2500502,ALAGOINHA,,,,,PARTIDO COMUNISTA BRASILEIRO,i,PCB,0,21,PCB,PARTIDO COMUNISTA BRASILEIRO,,21,280002551975,EDMILSON SILVA COSTA,EDMILSON COSTA,08/04/1950,10,Válido,nao,,2,0.02,0.021450021,CLEUSA DOS SANTOS,CLEUSA SANTOS,PCB,v,,,,,04/10/2026 18:38:46,sim
1,04/10/2026,6257,Presidente,1,municipio,PB,19097,2500502,ALAGOINHA,,,,,DEMOCRACIA CRISTÃ,i,DC,0,27,DC,DEMOCRACIA CRISTÃ,,27,280002552484,CLARIANA ZACARKIM BARAO,CLARIANA BARAO,03/04/1987,9,Válido,nao,,0,0.00,0,FABIANA CRISTINA TAVARES TORQUATO,FABIANA TORQUATO,DC,v,,,,,04/10/2026 18:38:46,sim
1,04/10/2026,6257,Presidente,1,municipio,PB,19097,2500502,ALAGOINHA,,,,,PARTIDO NOVO,i,NOVO,0,30,NOVO,PARTIDO NOVO,,30,280002539826,ROMEU ZEMA NETO,ZEMA,28/10/1964,6,Válido,nao,,3,0.03,0.032175032,LUIS EDUARDO GRANGEIRO GIRÃO,EDUARDO GIRÃO,NOVO,v,,,,,04/10/2026 18:38:46,sim
1,04/10/2026,6257,Presidente,1,municipio,PB,19097,2500502,ALAGOINHA,,,,,BRASIL DOS NOSSOS SONHOS,c,AGIR / AVANTE,,70,AVANTE,AVANTE,,70,280002551547,AUGUSTO JORGE CURY,ESCRITOR AUGUSTO CURY,02/10/1958,3,Válido,nao,,203,2.18,2.177177177,JULIO CESAR DELGADO,JÚLIO DELGADO,AVANTE,v,,,,,04/10/2026 18:38:46,sim
1,04/10/2026,6257,Presidente,1,municipio,PB,19097,2500502,ALAGOINHA,,,,,DEMOCRATA,i,DEMOCRATA,0,35,DEMOCRATA,DEMOCRATA,,35,280002548139,WILSON GRASSI JUNIOR,VETERINÁRIO WILSON GRASSI,13/03/1970,11,Válido,nao,,0,0.00,0,SUÊD HAIDAR NOGUEIRA,SUÊD HAIDAR,DEMOCRATA,v,,,,,04/10/2026 18:38:46,sim
1,04/10/2026,6257,Presidente,1,municipio,PB,19097,2500502,ALAGOINHA,,,,,UNIDADE POPULAR,i,UP,0,80,UP,UNIDADE POPULAR,,80,280002538811,SAMARA MARTINS DA SILVA FEITOSA,SAMARA,31/08/1987,7,Válido,nao,,4,0.04,0.042900043,RAQUEL NONATO DE BRICIO,RAQUEL BRÍCIO,UP,v,,,,,04/10/2026 18:38:46,sim
1,04/10/2026,6257,Presidente,1,municipio,PB,19097,2500502,ALAGOINHA,,,,,PARTIDO MISSÃO,i,MISSÃO,0,14,MISSÃO,PARTIDO MISSÃO,,14,280002540694,RENAN ANTONIO FERREIRA DOS SANTOS,RENAN SANTOS,14/02/1984,5,Válido,nao,,135,1.45,1.447876448,AROLDO MEDINA,CORONEL MEDINA,MISSÃO,v,,,,,04/10/2026 18:38:46,sim
1,04/10/2026,6257,Presidente,1,municipio,PB,19097,2500502,ALAGOINHA,,,,,PARTIDO DA CAUSA OPERÁRIA,i,PCO,0,29,PCO,PARTIDO DA CAUSA OPERÁRIA,,29,280002552487,RUI COSTA PIMENTA,RUI COSTA PIMENTA,25/06/1957,12,Válido,nao,,0,0.00,0,ANTONIO CARLOS SILVA,ANTÔNIO CARLOS,PCO,v,,,,,04/10/2026 18:38:46,sim
1,04/10/2026,6257,Presidente,1,municipio,PB,19100,2505279,CURRAL DE CIMA,,,,,PARTIDO LIBERAL,i,PL,0,22,PL,PARTIDO LIBERAL,,22,280002551544,FLAVIO NANTES BOLSONARO,FLAVIO BOLSONARO,30/04/1981,1,Válido,nao,,1047,22.69,22.691807542,ALFREDO GASPAR DE MENDONÇA NETO,ALFREDO GASPAR,PL,v,,,,,04/10/2026 19:29:39,sim
1,04/10/2026,6257,Presidente,1,municipio,PB,19100,2505279,CURRAL DE CIMA,,,,,PARTIDO SOCIAL DEMOCRÁTICO,i,PSD,0,55,PSD,PARTIDO SOCIAL DEMOCRÁTICO,,55,280002551932,RONALDO RAMOS CAIADO,RONALDO CAIADO,25/09/1949,5,Válido,nao,,24,0.52,0.520156047,GILBERTO KASSAB,GILBERTO KASSAB,PSD,v,,,,,04/10/2026 19:29:39,sim
1,04/10/2026,6257,Presidente,1,municipio,PB,19100,2505279,CURRAL DE CIMA,,PT/PC do B/PV,FEDERAÇÃO BRASIL DA ESPERANÇA - FE BRASIL,PT/PC do B/PV,BRASIL PRONTO PRA MAIS,c,PSB / PDT / PCDOB / PT / PV / PSOL / REDE,,13,PT,PARTIDO DOS TRABALHADORES,101,13,280002542548,LUIZ INÁCIO LULA DA SILVA,LULA,06/10/1945,2,Válido,nao,,3335,72.28,72.280017339,GERALDO JOSE RODRIGUES ALCKMIN FILHO,GERALDO ALCKMIN,PSB,v,,,,,04/10/2026 19:29:39,sim
1,04/10/2026,6257,Presidente,1,municipio,PB,19100,2505279,CURRAL DE CIMA,,,,,PARTIDO SOCIALISTA  DOS TRABALHADORES UNIFICADO,i,PSTU,0,16,PSTU,PARTIDO SOCIALISTA  DOS TRABALHADORES UNIFICADO,,16,280002541457,HERTZ DA CONCEICAO DIAS,HERTZ DIAS,20/10/1970,8,Válido,nao,,1,0.02,0.021673169,VANESSA PORTUGAL BARBOSA,VANESSA PORTUGAL,PSTU,v,,,,,04/10/2026 19:29:39,sim
1,04/10/2026,6257,Presidente,1,municipio,PB,19100,2505279,CURRAL DE CIMA,,,,,PARTIDO COMUNISTA BRASILEIRO,i,PCB,0,21,PCB,PARTIDO COMUNISTA BRASILEIRO,,21,280002551975,EDMILSON SILVA COSTA,EDMILSON COSTA,08/04/1950,10,Válido,nao,,2,0.04,0.043346337,CLEUSA DOS SANTOS,CLEUSA SANTOS,PCB,v,,,,,04/10/2026 19:29:39,sim
1,04/10/2026,6257,Presidente,1,municipio,PB,19100,2505279,CURRAL DE CIMA,,,,,DEMOCRACIA CRISTÃ,i,DC,0,27,DC,DEMOCRACIA CRISTÃ,,27,280002552484,CLARIANA ZACARKIM BARAO,CLARIANA BARAO,03/04/1987,9,Válido,nao,,0,0.00,0,FABIANA CRISTINA TAVARES TORQUATO,FABIANA TORQUATO,DC,v,,,,,04/10/2026 19:29:39,sim
1,04/10/2026,6257,Presidente,1,municipio,PB,19100,2505279,CURRAL DE CIMA,,,,,PARTIDO NOVO,i,NOVO,0,30,NOVO,PARTIDO NOVO,,30,280002539826,ROMEU ZEMA NETO,ZEMA,28/10/1964,6,Válido,nao,,8,0.17,0.173385349,LUIS EDUARDO GRANGEIRO GIRÃO,EDUARDO GIRÃO,NOVO,v,,,,,04/10/2026 19:29:39,sim
1,04/10/2026,6257,Presidente,1,municipio,PB,19100,2505279,CURRAL DE CIMA,,,,,BRASIL DOS NOSSOS SONHOS,c,AGIR / AVANTE,,70,AVANTE,AVANTE,,70,280002551547,AUGUSTO JORGE CURY,ESCRITOR AUGUSTO CURY,02/10/1958,3,Válido,nao,,129,2.80,2.795838752,JULIO CESAR DELGADO,JÚLIO DELGADO,AVANTE,v,,,,,04/10/2026 19:29:39,sim
1,04/10/2026,6257,Presidente,1,municipio,PB,19100,2505279,CURRAL DE CIMA,,,,,DEMOCRATA,i,DEMOCRATA,0,35,DEMOCRATA,DEMOCRATA,,35,280002548139,WILSON GRASSI JUNIOR,VETERINÁRIO WILSON GRASSI,13/03/1970,11,Válido,nao,,1,0.02,0.021673169,SUÊD HAIDAR NOGUEIRA,SUÊD HAIDAR,DEMOCRATA,v,,,,,04/10/2026 19:29:39,sim
1,04/10/2026,6257,Presidente,1,municipio,PB,19100,2505279,CURRAL DE CIMA,,,,,UNIDADE POPULAR,i,UP,0,80,UP,UNIDADE POPULAR,,80,280002538811,SAMARA MARTINS DA SILVA FEITOSA,SAMARA,31/08/1987,7,Válido,nao,,3,0.07,0.065019506,RAQUEL NONATO DE BRICIO,RAQUEL BRÍCIO,UP,v,,,,,04/10/2026 19:29:39,sim
1,04/10/2026,6257,Presidente,1,municipio,PB,19100,2505279,CURRAL DE CIMA,,,,,PARTIDO MISSÃO,i,MISSÃO,0,14,MISSÃO,PARTIDO MISSÃO,,14,280002540694,RENAN ANTONIO FERREIRA DOS SANTOS,RENAN SANTOS,14/02/1984,4,Válido,nao,,64,1.39,1.387082792,AROLDO MEDINA,CORONEL MEDINA,MISSÃO,v,,,,,04/10/2026 19:29:39,sim
1,04/10/2026,6257,Presidente,1,municipio,PB,19100,2505279,CURRAL DE CIMA,,,,,PARTIDO DA CAUSA OPERÁRIA,i,PCO,0,29,PCO,PARTIDO DA CAUSA OPERÁRIA,,29,280002552487,RUI COSTA PIMENTA,RUI COSTA PIMENTA,25/06/1957,12,Válido,nao,,0,0.00,0,ANTONIO CARLOS SILVA,ANTÔNIO CARLOS,PCO,v,,,,,04/10/2026 19:29:39,sim
1,04/10/2026,6257,Presidente,1,municipio,PB,19119,2500601,ALHANDRA,,,,,PARTIDO LIBERAL,i,PL,0,22,PL,PARTIDO LIBERAL,,22,280002551544,FLAVIO NANTES BOLSONARO,FLAVIO BOLSONARO,30/04/1981,1,Válido,nao,,6439,40.44,40.440899384,ALFREDO GASPAR DE MENDONÇA NETO,ALFREDO GASPAR,PL,v,,,,,04/10/2026 20:54:27,sim
1,04/10/2026,6257,Presidente,1,municipio,PB,19119,2500601,ALHANDRA,,,,,PARTIDO SOCIAL DEMOCRÁTICO,i,PSD,0,55,PSD,PARTIDO SOCIAL DEMOCRÁTICO,,55,280002551932,RONALDO RAMOS CAIADO,RONALDO CAIADO,25/09/1949,5,Válido,nao,,88,0.55,0.552694385,GILBERTO KASSAB,GILBERTO KASSAB,PSD,v,,,,,04/10/2026 20:54:27,sim
1,04/10/2026,6257,Presidente,1,municipio,PB,19119,2500601,ALHANDRA,,PT/PC do B/PV,FEDERAÇÃO BRASIL DA ESPERANÇA - FE BRASIL,PT/PC do B/PV,BRASIL PRONTO PRA MAIS,c,PSB / PDT / PCDOB / PT / PV / PSOL / REDE,,13,PT,PARTIDO DOS TRABALHADORES,101,13,280002542548,LUIZ INÁCIO LULA DA SILVA,LULA,06/10/1945,2,Válido,nao,,8729,54.82,54.823514634,GERALDO JOSE RODRIGUES ALCKMIN FILHO,GERALDO ALCKMIN,PSB,v,,,,,04/10/2026 20:54:27,sim
1,04/10/2026,6257,Presidente,1,municipio,PB,19119,2500601,ALHANDRA,,,,,DEMOCRACIA CRISTÃ,i,DC,0,27,DC,DEMOCRACIA CRISTÃ,,27,280002552484,CLARIANA ZACARKIM BARAO,CLARIANA BARAO,03/04/1987,9,Válido,nao,,5,0.03,0.031403090,FABIANA CRISTINA TAVARES TORQUATO,FABIANA TORQUATO,DC,v,,,,,04/10/2026 20:54:27,sim
1,04/10/2026,6257,Presidente,1,municipio,PB,19119,2500601,ALHANDRA,,,,,PARTIDO COMUNISTA BRASILEIRO,i,PCB,0,21,PCB,PARTIDO COMUNISTA BRASILEIRO,,21,280002551975,EDMILSON SILVA COSTA,EDMILSON COSTA,08/04/1950,10,Válido,nao,,3,0.02,0.018841854,CLEUSA DOS SANTOS,CLEUSA SANTOS,PCB,v,,,,,04/10/2026 20:54:27,sim
1,04/10/2026,6257,Presidente,1,municipio,PB,19119,2500601,ALHANDRA,,,,,PARTIDO SOCIALISTA  DOS TRABALHADORES UNIFICADO,i,PSTU,0,16,PSTU,PARTIDO SOCIALISTA  DOS TRABALHADORES UNIFICADO,,16,280002541457,HERTZ DA CONCEICAO DIAS,HERTZ DIAS,20/10/1970,8,Válido,nao,,4,0.03,0.025122472,VANESSA PORTUGAL BARBOSA,VANESSA PORTUGAL,PSTU,v,,,,,04/10/2026 20:54:27,sim
1,04/10/2026,6257,Presidente,1,municipio,PB,19119,2500601,ALHANDRA,,,,,BRASIL DOS NOSSOS SONHOS,c,AGIR / AVANTE,,70,AVANTE,AVANTE,,70,280002551547,AUGUSTO JORGE CURY,ESCRITOR AUGUSTO CURY,02/10/1958,3,Válido,nao,,463,2.91,2.907926140,JULIO CESAR DELGADO,JÚLIO DELGADO,AVANTE,v,,,,,04/10/2026 20:54:27,sim
1,04/10/2026,6257,Presidente,1,municipio,PB,19119,2500601,ALHANDRA,,,,,PARTIDO NOVO,i,NOVO,0,30,NOVO,PARTIDO NOVO,,30,280002539826,ROMEU ZEMA NETO,ZEMA,28/10/1964,6,Válido,nao,,6,0.04,0.037683708,LUIS EDUARDO GRANGEIRO GIRÃO,EDUARDO GIRÃO,NOVO,v,,,,,04/10/2026 20:54:27,sim
1,04/10/2026,6257,Presidente,1,municipio,PB,19119,2500601,ALHANDRA,,,,,UNIDADE POPULAR,i,UP,0,80,UP,UNIDADE POPULAR,,80,280002538811,SAMARA MARTINS DA SILVA FEITOSA,SAMARA,31/08/1987,7,Válido,nao,,4,0.03,0.025122472,RAQUEL NONATO DE BRICIO,RAQUEL BRÍCIO,UP,v,,,,,04/10/2026 20:54:27,sim
1,04/10/2026,6257,Presidente,1,municipio,PB,19119,2500601,ALHANDRA,,,,,DEMOCRATA,i,DEMOCRATA,0,35,DEMOCRATA,DEMOCRATA,,35,280002548139,WILSON GRASSI JUNIOR,VETERINÁRIO WILSON GRASSI,13/03/1970,11,Válido,nao,,1,0.01,0.006280618,SUÊD HAIDAR NOGUEIRA,SUÊD HAIDAR,DEMOCRATA,v,,,,,04/10/2026 20:54:27,sim
1,04/10/2026,6257,Presidente,1,municipio,PB,19119,2500601,ALHANDRA,,,,,PARTIDO MISSÃO,i,MISSÃO,0,14,MISSÃO,PARTIDO MISSÃO,,14,280002540694,RENAN ANTONIO FERREIRA DOS SANTOS,RENAN SANTOS,14/02/1984,4,Válido,nao,,179,1.12,1.124230624,AROLDO MEDINA,CORONEL MEDINA,MISSÃO,v,,,,,04/10/2026 20:54:27,sim
1,04/10/2026,6257,Presidente,1,municipio,PB,19119,2500601,ALHANDRA,,,,,PARTIDO DA CAUSA OPERÁRIA,i,PCO,0,29,PCO,PARTIDO DA CAUSA OPERÁRIA,,29,280002552487,RUI COSTA PIMENTA,RUI COSTA PIMENTA,25/06/1957,12,Válido,nao,,1,0.01,0.006280618,ANTONIO CARLOS SILVA,ANTÔNIO CARLOS,PCO,v,,,,,04/10/2026 20:54:27,sim
1,04/10/2026,6257,Presidente,1,municipio,PB,19127,2512754,RIACHÃO DO BACAMARTE,,,,,PARTIDO LIBERAL,i,PL,0,22,PL,PARTIDO LIBERAL,,22,280002551544,FLAVIO NANTES BOLSONARO,FLAVIO BOLSONARO,30/04/1981,1,Válido,nao,,1069,28.07,28.065108952,ALFREDO GASPAR DE MENDONÇA NETO,ALFREDO GASPAR,PL,v,,,,,04/10/2026 19:12:43,sim
1,04/10/2026,6257,Presidente,1,municipio,PB,19127,2512754,RIACHÃO DO BACAMARTE,,,,,PARTIDO SOCIAL DEMOCRÁTICO,i,PSD,0,55,PSD,PARTIDO SOCIAL DEMOCRÁTICO,,55,280002551932,RONALDO RAMOS CAIADO,RONALDO CAIADO,25/09/1949,5,Válido,nao,,20,0.53,0.525072197,GILBERTO KASSAB,GILBERTO KASSAB,PSD,v,,,,,04/10/2026 19:12:43,sim
1,04/10/2026,6257,Presidente,1,municipio,PB,19127,2512754,RIACHÃO DO BACAMARTE,,PT/PC do B/PV,FEDERAÇÃO BRASIL DA ESPERANÇA - FE BRASIL,PT/PC do B/PV,BRASIL PRONTO PRA MAIS,c,PSB / PDT / PCDOB / PT / PV / PSOL / REDE,,13,PT,PARTIDO DOS TRABALHADORES,101,13,280002542548,LUIZ INÁCIO LULA DA SILVA,LULA,06/10/1945,2,Válido,nao,,2576,67.63,67.629299029,GERALDO JOSE RODRIGUES ALCKMIN FILHO,GERALDO ALCKMIN,PSB,v,,,,,04/10/2026 19:12:43,sim
1,04/10/2026,6257,Presidente,1,municipio,PB,19127,2512754,RIACHÃO DO BACAMARTE,,,,,PARTIDO SOCIALISTA  DOS TRABALHADORES UNIFICADO,i,PSTU,0,16,PSTU,PARTIDO SOCIALISTA  DOS TRABALHADORES UNIFICADO,,16,280002541457,HERTZ DA CONCEICAO DIAS,HERTZ DIAS,20/10/1970,8,Válido,nao,,0,0.00,0,VANESSA PORTUGAL BARBOSA,VANESSA PORTUGAL,PSTU,v,,,,,04/10/2026 19:12:43,sim
1,04/10/2026,6257,Presidente,1,municipio,PB,19127,2512754,RIACHÃO DO BACAMARTE,,,,,PARTIDO COMUNISTA BRASILEIRO,i,PCB,0,21,PCB,PARTIDO COMUNISTA BRASILEIRO,,21,280002551975,EDMILSON SILVA COSTA,EDMILSON COSTA,08/04/1950,10,Válido,nao,,4,0.11,0.105014439,CLEUSA DOS SANTOS,CLEUSA SANTOS,PCB,v,,,,,04/10/2026 19:12:43,sim
1,04/10/2026,6257,Presidente,1,municipio,PB,19127,2512754,RIACHÃO DO BACAMARTE,,,,,DEMOCRACIA CRISTÃ,i,DC,0,27,DC,DEMOCRACIA CRISTÃ,,27,280002552484,CLARIANA ZACARKIM BARAO,CLARIANA BARAO,03/04/1987,9,Válido,nao,,0,0.00,0,FABIANA CRISTINA TAVARES TORQUATO,FABIANA TORQUATO,DC,v,,,,,04/10/2026 19:12:43,sim
1,04/10/2026,6257,Presidente,1,municipio,PB,19127,2512754,RIACHÃO DO BACAMARTE,,,,,PARTIDO NOVO,i,NOVO,0,30,NOVO,PARTIDO NOVO,,30,280002539826,ROMEU ZEMA NETO,ZEMA,28/10/1964,6,Válido,nao,,3,0.08,0.078760830,LUIS EDUARDO GRANGEIRO GIRÃO,EDUARDO GIRÃO,NOVO,v,,,,,04/10/2026 19:12:43,sim
1,04/10/2026,6257,Presidente,1,municipio,PB,19127,2512754,RIACHÃO DO BACAMARTE,,,,,BRASIL DOS NOSSOS SONHOS,c,AGIR / AVANTE,,70,AVANTE,AVANTE,,70,280002551547,AUGUSTO JORGE CURY,ESCRITOR AUGUSTO CURY,02/10/1958,3,Válido,nao,,86,2.26,2.257810449,JULIO CESAR DELGADO,JÚLIO DELGADO,AVANTE,v,,,,,04/10/2026 19:12:43,sim
1,04/10/2026,6257,Presidente,1,municipio,PB,19127,2512754,RIACHÃO DO BACAMARTE,,,,,DEMOCRATA,i,DEMOCRATA,0,35,DEMOCRATA,DEMOCRATA,,35,280002548139,WILSON GRASSI JUNIOR,VETERINÁRIO WILSON GRASSI,13/03/1970,11,Válido,nao,,1,0.03,0.026253610,SUÊD HAIDAR NOGUEIRA,SUÊD HAIDAR,DEMOCRATA,v,,,,,04/10/2026 19:12:43,sim
1,04/10/2026,6257,Presidente,1,municipio,PB,19127,2512754,RIACHÃO DO BACAMARTE,,,,,UNIDADE POPULAR,i,UP,0,80,UP,UNIDADE POPULAR,,80,280002538811,SAMARA MARTINS DA SILVA FEITOSA,SAMARA,31/08/1987,7,Válido,nao,,6,0.16,0.157521659,RAQUEL NONATO DE BRICIO,RAQUEL BRÍCIO,UP,v,,,,,04/10/2026 19:12:43,sim
1,04/10/2026,6257,Presidente,1,municipio,PB,19127,2512754,RIACHÃO DO BACAMARTE,,,,,PARTIDO MISSÃO,i,MISSÃO,0,14,MISSÃO,PARTIDO MISSÃO,,14,280002540694,RENAN ANTONIO FERREIRA DOS SANTOS,RENAN SANTOS,14/02/1984,4,Válido,nao,,44,1.16,1.155158834,AROLDO MEDINA,CORONEL MEDINA,MISSÃO,v,,,,,04/10/2026 19:12:43,sim
1,04/10/2026,6257,Presidente,1,municipio,PB,19127,2512754,RIACHÃO DO BACAMARTE,,,,,PARTIDO DA CAUSA OPERÁRIA,i,PCO,0,29,PCO,PARTIDO DA CAUSA OPERÁRIA,,29,280002552487,RUI COSTA PIMENTA,RUI COSTA PIMENTA,25/06/1957,12,Válido,nao,,0,0.00,0,ANTONIO CARLOS SILVA,ANTÔNIO CARLOS,PCO,v,,,,,04/10/2026 19:12:43,sim
1,04/10/2026,6257,Presidente,1,municipio,PB,19135,2500700,SÃO JOÃO DO RIO DO PEIXE,,,,,PARTIDO LIBERAL,i,PL,0,22,PL,PARTIDO LIBERAL,,22,280002551544,FLAVIO NANTES BOLSONARO,FLAVIO BOLSONARO,30/04/1981,1,Válido,nao,,2155,18.90,18.900192949,ALFREDO GASPAR DE MENDONÇA NETO,ALFREDO GASPAR,PL,v,,,,,04/10/2026 19:23:45,sim
1,04/10/2026,6257,Presidente,1,municipio,PB,19135,2500700,SÃO JOÃO DO RIO DO PEIXE,,,,,PARTIDO SOCIAL DEMOCRÁTICO,i,PSD,0,55,PSD,PARTIDO SOCIAL DEMOCRÁTICO,,55,280002551932,RONALDO RAMOS CAIADO,RONALDO CAIADO,25/09/1949,5,Válido,nao,,60,0.53,0.526223470,GILBERTO KASSAB,GILBERTO KASSAB,PSD,v,,,,,04/10/2026 19:23:45,sim
1,04/10/2026,6257,Presidente,1,municipio,PB,19135,2500700,SÃO JOÃO DO RIO DO PEIXE,,PT/PC do B/PV,FEDERAÇÃO BRASIL DA ESPERANÇA - FE BRASIL,PT/PC do B/PV,BRASIL PRONTO PRA MAIS,c,PSB / PDT / PCDOB / PT / PV / PSOL / REDE,,13,PT,PARTIDO DOS TRABALHADORES,101,13,280002542548,LUIZ INÁCIO LULA DA SILVA,LULA,06/10/1945,2,Válido,nao,,8769,76.91,76.907560077,GERALDO JOSE RODRIGUES ALCKMIN FILHO,GERALDO ALCKMIN,PSB,v,,,,,04/10/2026 19:23:45,sim
1,04/10/2026,6257,Presidente,1,municipio,PB,19135,2500700,SÃO JOÃO DO RIO DO PEIXE,,,,,PARTIDO SOCIALISTA  DOS TRABALHADORES UNIFICADO,i,PSTU,0,16,PSTU,PARTIDO SOCIALISTA  DOS TRABALHADORES UNIFICADO,,16,280002541457,HERTZ DA CONCEICAO DIAS,HERTZ DIAS,20/10/1970,8,Válido,nao,,4,0.04,0.035081565,VANESSA PORTUGAL BARBOSA,VANESSA PORTUGAL,PSTU,v,,,,,04/10/2026 19:23:45,sim
1,04/10/2026,6257,Presidente,1,municipio,PB,19135,2500700,SÃO JOÃO DO RIO DO PEIXE,,,,,PARTIDO COMUNISTA BRASILEIRO,i,PCB,0,21,PCB,PARTIDO COMUNISTA BRASILEIRO,,21,280002551975,EDMILSON SILVA COSTA,EDMILSON COSTA,08/04/1950,10,Válido,nao,,0,0.00,0,CLEUSA DOS SANTOS,CLEUSA SANTOS,PCB,v,,,,,04/10/2026 19:23:45,sim
1,04/10/2026,6257,Presidente,1,municipio,PB,19135,2500700,SÃO JOÃO DO RIO DO PEIXE,,,,,DEMOCRACIA CRISTÃ,i,DC,0,27,DC,DEMOCRACIA CRISTÃ,,27,280002552484,CLARIANA ZACARKIM BARAO,CLARIANA BARAO,03/04/1987,9,Válido,nao,,2,0.02,0.017540782,FABIANA CRISTINA TAVARES TORQUATO,FABIANA TORQUATO,DC,v,,,,,04/10/2026 19:23:45,sim
1,04/10/2026,6257,Presidente,1,municipio,PB,19135,2500700,SÃO JOÃO DO RIO DO PEIXE,,,,,PARTIDO NOVO,i,NOVO,0,30,NOVO,PARTIDO NOVO,,30,280002539826,ROMEU ZEMA NETO,ZEMA,28/10/1964,6,Válido,nao,,5,0.04,0.043851956,LUIS EDUARDO GRANGEIRO GIRÃO,EDUARDO GIRÃO,NOVO,v,,,,,04/10/2026 19:23:45,sim
1,04/10/2026,6257,Presidente,1,municipio,PB,19135,2500700,SÃO JOÃO DO RIO DO PEIXE,,,,,BRASIL DOS NOSSOS SONHOS,c,AGIR / AVANTE,,70,AVANTE,AVANTE,,70,280002551547,AUGUSTO JORGE CURY,ESCRITOR AUGUSTO CURY,02/10/1958,3,Válido,nao,,208,1.82,1.824241361,JULIO CESAR DELGADO,JÚLIO DELGADO,AVANTE,v,,,,,04/10/2026 19:23:45,sim
1,04/10/2026,6257,Presidente,1,municipio,PB,19135,2500700,SÃO JOÃO DO RIO DO PEIXE,,,,,DEMOCRATA,i,DEMOCRATA,0,35,DEMOCRATA,DEMOCRATA,,35,280002548139,WILSON GRASSI JUNIOR,VETERINÁRIO WILSON GRASSI,13/03/1970,11,Válido,nao,,1,0.01,0.008770391,SUÊD HAIDAR NOGUEIRA,SUÊD HAIDAR,DEMOCRATA,v,,,,,04/10/2026 19:23:45,sim
1,04/10/2026,6257,Presidente,1,municipio,PB,19135,2500700,SÃO JOÃO DO RIO DO PEIXE,,,,,UNIDADE POPULAR,i,UP,0,80,UP,UNIDADE POPULAR,,80,280002538811,SAMARA MARTINS DA SILVA FEITOSA,SAMARA,31/08/1987,7,Válido,nao,,0,0.00,0,RAQUEL NONATO DE BRICIO,RAQUEL BRÍCIO,UP,v,,,,,04/10/2026 19:23:45,sim
1,04/10/2026,6257,Presidente,1,municipio,PB,19135,2500700,SÃO JOÃO DO RIO DO PEIXE,,,,,PARTIDO MISSÃO,i,MISSÃO,0,14,MISSÃO,PARTIDO MISSÃO,,14,280002540694,RENAN ANTONIO FERREIRA DOS SANTOS,RENAN SANTOS,14/02/1984,4,Válido,nao,,197,1.73,1.727767058,AROLDO MEDINA,CORONEL MEDINA,MISSÃO,v,,,,,04/10/2026 19:23:45,sim
1,04/10/2026,6257,Presidente,1,municipio,PB,19135,2500700,SÃO JOÃO DO RIO DO PEIXE,,,,,PARTIDO DA CAUSA OPERÁRIA,i,PCO,0,29,PCO,PARTIDO DA CAUSA OPERÁRIA,,29,280002552487,RUI COSTA PIMENTA,RUI COSTA PIMENTA,25/06/1957,12,Válido,nao,,1,0.01,0.008770391,ANTONIO CARLOS SILVA,ANTÔNIO CARLOS,PCO,v,,,,,04/10/2026 19:23:45,sim
1,04/10/2026,6257,Presidente,1,municipio,PB,19143,2509339,MATINHAS,,,,,PARTIDO LIBERAL,i,PL,0,22,PL,PARTIDO LIBERAL,,22,280002551544,FLAVIO NANTES BOLSONARO,FLAVIO BOLSONARO,30/04/1981,1,Válido,nao,,722,20.41,20.407009610,ALFREDO GASPAR DE MENDONÇA NETO,ALFREDO GASPAR,PL,v,,,,,04/10/2026 19:29:39,sim
1,04/10/2026,6257,Presidente,1,municipio,PB,19143,2509339,MATINHAS,,,,,PARTIDO SOCIAL DEMOCRÁTICO,i,PSD,0,55,PSD,PARTIDO SOCIAL DEMOCRÁTICO,,55,280002551932,RONALDO RAMOS CAIADO,RONALDO CAIADO,25/09/1949,5,Válido,nao,,21,0.59,0.593555681,GILBERTO KASSAB,GILBERTO KASSAB,PSD,v,,,,,04/10/2026 19:29:39,sim
1,04/10/2026,6257,Presidente,1,municipio,PB,19143,2509339,MATINHAS,,PT/PC do B/PV,FEDERAÇÃO BRASIL DA ESPERANÇA - FE BRASIL,PT/PC do B/PV,BRASIL PRONTO PRA MAIS,c,PSB / PDT / PCDOB / PT / PV / PSOL / REDE,,13,PT,PARTIDO DOS TRABALHADORES,101,13,280002542548,LUIZ INÁCIO LULA DA SILVA,LULA,06/10/1945,2,Válido,nao,,2680,75.75,75.749010741,GERALDO JOSE RODRIGUES ALCKMIN FILHO,GERALDO ALCKMIN,PSB,v,,,,,04/10/2026 19:29:39,sim
1,04/10/2026,6257,Presidente,1,municipio,PB,19143,2509339,MATINHAS,,,,,PARTIDO SOCIALISTA  DOS TRABALHADORES UNIFICADO,i,PSTU,0,16,PSTU,PARTIDO SOCIALISTA  DOS TRABALHADORES UNIFICADO,,16,280002541457,HERTZ DA CONCEICAO DIAS,HERTZ DIAS,20/10/1970,8,Válido,nao,,1,0.03,0.028264556,VANESSA PORTUGAL BARBOSA,VANESSA PORTUGAL,PSTU,v,,,,,04/10/2026 19:29:39,sim
1,04/10/2026,6257,Presidente,1,municipio,PB,19143,2509339,MATINHAS,,,,,PARTIDO COMUNISTA BRASILEIRO,i,PCB,0,21,PCB,PARTIDO COMUNISTA BRASILEIRO,,21,280002551975,EDMILSON SILVA COSTA,EDMILSON COSTA,08/04/1950,10,Válido,nao,,0,0.00,0,CLEUSA DOS SANTOS,CLEUSA SANTOS,PCB,v,,,,,04/10/2026 19:29:39,sim
1,04/10/2026,6257,Presidente,1,municipio,PB,19143,2509339,MATINHAS,,,,,DEMOCRACIA CRISTÃ,i,DC,0,27,DC,DEMOCRACIA CRISTÃ,,27,280002552484,CLARIANA ZACARKIM BARAO,CLARIANA BARAO,03/04/1987,9,Válido,nao,,1,0.03,0.028264556,FABIANA CRISTINA TAVARES TORQUATO,FABIANA TORQUATO,DC,v,,,,,04/10/2026 19:29:39,sim
1,04/10/2026,6257,Presidente,1,municipio,PB,19143,2509339,MATINHAS,,,,,PARTIDO NOVO,i,NOVO,0,30,NOVO,PARTIDO NOVO,,30,280002539826,ROMEU ZEMA NETO,ZEMA,28/10/1964,6,Válido,nao,,1,0.03,0.028264556,LUIS EDUARDO GRANGEIRO GIRÃO,EDUARDO GIRÃO,NOVO,v,,,,,04/10/2026 19:29:39,sim
1,04/10/2026,6257,Presidente,1,municipio,PB,19143,2509339,MATINHAS,,,,,BRASIL DOS NOSSOS SONHOS,c,AGIR / AVANTE,,70,AVANTE,AVANTE,,70,280002551547,AUGUSTO JORGE CURY,ESCRITOR AUGUSTO CURY,02/10/1958,3,Válido,nao,,82,2.32,2.317693612,JULIO CESAR DELGADO,JÚLIO DELGADO,AVANTE,v,,,,,04/10/2026 19:29:39,sim
1,04/10/2026,6257,Presidente,1,municipio,PB,19143,2509339,MATINHAS,,,,,DEMOCRATA,i,DEMOCRATA,0,35,DEMOCRATA,DEMOCRATA,,35,280002548139,WILSON GRASSI JUNIOR,VETERINÁRIO WILSON GRASSI,13/03/1970,11,Válido,nao,,0,0.00,0,SUÊD HAIDAR NOGUEIRA,SUÊD HAIDAR,DEMOCRATA,v,,,,,04/10/2026 19:29:39,sim
1,04/10/2026,6257,Presidente,1,municipio,PB,19143,2509339,MATINHAS,,,,,UNIDADE POPULAR,i,UP,0,80,UP,UNIDADE POPULAR,,80,280002538811,SAMARA MARTINS DA SILVA FEITOSA,SAMARA,31/08/1987,7,Válido,nao,,0,0.00,0,RAQUEL NONATO DE BRICIO,RAQUEL BRÍCIO,UP,v,,,,,04/10/2026 19:29:39,sim
1,04/10/2026,6257,Presidente,1,municipio,PB,19143,2509339,MATINHAS,,,,,PARTIDO MISSÃO,i,MISSÃO,0,14,MISSÃO,PARTIDO MISSÃO,,14,280002540694,RENAN ANTONIO FERREIRA DOS SANTOS,RENAN SANTOS,14/02/1984,4,Válido,nao,,29,0.82,0.819672131,AROLDO MEDINA,CORONEL MEDINA,MISSÃO,v,,,,,04/10/2026 19:29:39,sim
1,04/10/2026,6257,Presidente,1,municipio,PB,19143,2509339,MATINHAS,,,,,PARTIDO DA CAUSA OPERÁRIA,i,PCO,0,29,PCO,PARTIDO DA CAUSA OPERÁRIA,,29,280002552487,RUI COSTA PIMENTA,RUI COSTA PIMENTA,25/06/1957,12,Válido,nao,,1,0.03,0.028264556,ANTONIO CARLOS SILVA,ANTÔNIO CARLOS,PCO,v,,,,,04/10/2026 19:29:39,sim
1,04/10/2026,6257,Presidente,1,municipio,PB,19151,2500809,ARAÇAGI,,,,,PARTIDO LIBERAL,i,PL,0,22,PL,PARTIDO LIBERAL,,22,280002551544,FLAVIO NANTES BOLSONARO,FLAVIO BOLSONARO,30/04/1981,1,Válido,nao,,2098,19.44,19.442127699,ALFREDO GASPAR DE MENDONÇA NETO,ALFREDO GASPAR,PL,v,,,,,04/10/2026 19:22:12,sim
1,04/10/2026,6257,Presidente,1,municipio,PB,19151,2500809,ARAÇAGI,,,,,PARTIDO SOCIAL DEMOCRÁTICO,i,PSD,0,55,PSD,PARTIDO SOCIAL DEMOCRÁTICO,,55,280002551932,RONALDO RAMOS CAIADO,RONALDO CAIADO,25/09/1949,5,Válido,nao,,47,0.44,0.435548142,GILBERTO KASSAB,GILBERTO KASSAB,PSD,v,,,,,04/10/2026 19:22:12,sim
1,04/10/2026,6257,Presidente,1,municipio,PB,19151,2500809,ARAÇAGI,,PT/PC do B/PV,FEDERAÇÃO BRASIL DA ESPERANÇA - FE BRASIL,PT/PC do B/PV,BRASIL PRONTO PRA MAIS,c,PSB / PDT / PCDOB / PT / PV / PSOL / REDE,,13,PT,PARTIDO DOS TRABALHADORES,101,13,280002542548,LUIZ INÁCIO LULA DA SILVA,LULA,06/10/1945,2,Válido,nao,,8271,76.65,76.647206005,GERALDO JOSE RODRIGUES ALCKMIN FILHO,GERALDO ALCKMIN,PSB,v,,,,,04/10/2026 19:22:12,sim
1,04/10/2026,6257,Presidente,1,municipio,PB,19151,2500809,ARAÇAGI,,,,,DEMOCRACIA CRISTÃ,i,DC,0,27,DC,DEMOCRACIA CRISTÃ,,27,280002552484,CLARIANA ZACARKIM BARAO,CLARIANA BARAO,03/04/1987,9,Válido,nao,,0,0.00,0,FABIANA CRISTINA TAVARES TORQUATO,FABIANA TORQUATO,DC,v,,,,,04/10/2026 19:22:12,sim
1,04/10/2026,6257,Presidente,1,municipio,PB,19151,2500809,ARAÇAGI,,,,,PARTIDO COMUNISTA BRASILEIRO,i,PCB,0,21,PCB,PARTIDO COMUNISTA BRASILEIRO,,21,280002551975,EDMILSON SILVA COSTA,EDMILSON COSTA,08/04/1950,10,Válido,nao,,2,0.02,0.018533963,CLEUSA DOS SANTOS,CLEUSA SANTOS,PCB,v,,,,,04/10/2026 19:22:12,sim
1,04/10/2026,6257,Presidente,1,municipio,PB,19151,2500809,ARAÇAGI,,,,,PARTIDO SOCIALISTA  DOS TRABALHADORES UNIFICADO,i,PSTU,0,16,PSTU,PARTIDO SOCIALISTA  DOS TRABALHADORES UNIFICADO,,16,280002541457,HERTZ DA CONCEICAO DIAS,HERTZ DIAS,20/10/1970,8,Válido,nao,,4,0.04,0.037067927,VANESSA PORTUGAL BARBOSA,VANESSA PORTUGAL,PSTU,v,,,,,04/10/2026 19:22:12,sim
1,04/10/2026,6257,Presidente,1,municipio,PB,19151,2500809,ARAÇAGI,,,,,BRASIL DOS NOSSOS SONHOS,c,AGIR / AVANTE,,70,AVANTE,AVANTE,,70,280002551547,AUGUSTO JORGE CURY,ESCRITOR AUGUSTO CURY,02/10/1958,3,Válido,nao,,237,2.20,2.196274673,JULIO CESAR DELGADO,JÚLIO DELGADO,AVANTE,v,,,,,04/10/2026 19:22:12,sim
1,04/10/2026,6257,Presidente,1,municipio,PB,19151,2500809,ARAÇAGI,,,,,PARTIDO NOVO,i,NOVO,0,30,NOVO,PARTIDO NOVO,,30,280002539826,ROMEU ZEMA NETO,ZEMA,28/10/1964,6,Válido,nao,,1,0.01,0.009266982,LUIS EDUARDO GRANGEIRO GIRÃO,EDUARDO GIRÃO,NOVO,v,,,,,04/10/2026 19:22:12,sim
1,04/10/2026,6257,Presidente,1,municipio,PB,19151,2500809,ARAÇAGI,,,,,UNIDADE POPULAR,i,UP,0,80,UP,UNIDADE POPULAR,,80,280002538811,SAMARA MARTINS DA SILVA FEITOSA,SAMARA,31/08/1987,7,Válido,nao,,5,0.05,0.046334909,RAQUEL NONATO DE BRICIO,RAQUEL BRÍCIO,UP,v,,,,,04/10/2026 19:22:12,sim
1,04/10/2026,6257,Presidente,1,municipio,PB,19151,2500809,ARAÇAGI,,,,,DEMOCRATA,i,DEMOCRATA,0,35,DEMOCRATA,DEMOCRATA,,35,280002548139,WILSON GRASSI JUNIOR,VETERINÁRIO WILSON GRASSI,13/03/1970,11,Válido,nao,,1,0.01,0.009266982,SUÊD HAIDAR NOGUEIRA,SUÊD HAIDAR,DEMOCRATA,v,,,,,04/10/2026 19:22:12,sim
1,04/10/2026,6257,Presidente,1,municipio,PB,19151,2500809,ARAÇAGI,,,,,PARTIDO MISSÃO,i,MISSÃO,0,14,MISSÃO,PARTIDO MISSÃO,,14,280002540694,RENAN ANTONIO FERREIRA DOS SANTOS,RENAN SANTOS,14/02/1984,4,Válido,nao,,125,1.16,1.158372718,AROLDO MEDINA,CORONEL MEDINA,MISSÃO,v,,,,,04/10/2026 19:22:12,sim
1,04/10/2026,6257,Presidente,1,municipio,PB,19151,2500809,ARAÇAGI,,,,,PARTIDO DA CAUSA OPERÁRIA,i,PCO,0,29,PCO,PARTIDO DA CAUSA OPERÁRIA,,29,280002552487,RUI COSTA PIMENTA,RUI COSTA PIMENTA,25/06/1957,12,Válido,nao,,0,0.00,0,ANTONIO CARLOS SILVA,ANTÔNIO CARLOS,PCO,v,,,,,04/10/2026 19:22:12,sim
1,04/10/2026,6257,Presidente,1,municipio,PB,19160,2508554,LOGRADOURO,,,,,PARTIDO LIBERAL,i,PL,0,22,PL,PARTIDO LIBERAL,,22,280002551544,FLAVIO NANTES BOLSONARO,FLAVIO BOLSONARO,30/04/1981,1,Válido,nao,,1245,33.32,33.315493712,ALFREDO GASPAR DE MENDONÇA NETO,ALFREDO GASPAR,PL,v,,,,,04/10/2026 19:20:56,sim
1,04/10/2026,6257,Presidente,1,municipio,PB,19160,2508554,LOGRADOURO,,,,,PARTIDO SOCIAL DEMOCRÁTICO,i,PSD,0,55,PSD,PARTIDO SOCIAL DEMOCRÁTICO,,55,280002551932,RONALDO RAMOS CAIADO,RONALDO CAIADO,25/09/1949,5,Válido,nao,,16,0.43,0.428150923,GILBERTO KASSAB,GILBERTO KASSAB,PSD,v,,,,,04/10/2026 19:20:56,sim
1,04/10/2026,6257,Presidente,1,municipio,PB,19160,2508554,LOGRADOURO,,PT/PC do B/PV,FEDERAÇÃO BRASIL DA ESPERANÇA - FE BRASIL,PT/PC do B/PV,BRASIL PRONTO PRA MAIS,c,PSB / PDT / PCDOB / PT / PV / PSOL / REDE,,13,PT,PARTIDO DOS TRABALHADORES,101,13,280002542548,LUIZ INÁCIO LULA DA SILVA,LULA,06/10/1945,2,Válido,nao,,2318,62.03,62.028364999,GERALDO JOSE RODRIGUES ALCKMIN FILHO,GERALDO ALCKMIN,PSB,v,,,,,04/10/2026 19:20:56,sim
1,04/10/2026,6257,Presidente,1,municipio,PB,19160,2508554,LOGRADOURO,,,,,DEMOCRACIA CRISTÃ,i,DC,0,27,DC,DEMOCRACIA CRISTÃ,,27,280002552484,CLARIANA ZACARKIM BARAO,CLARIANA BARAO,03/04/1987,9,Válido,nao,,1,0.03,0.026759433,FABIANA CRISTINA TAVARES TORQUATO,FABIANA TORQUATO,DC,v,,,,,04/10/2026 19:20:56,sim
1,04/10/2026,6257,Presidente,1,municipio,PB,19160,2508554,LOGRADOURO,,,,,PARTIDO COMUNISTA BRASILEIRO,i,PCB,0,21,PCB,PARTIDO COMUNISTA BRASILEIRO,,21,280002551975,EDMILSON SILVA COSTA,EDMILSON COSTA,08/04/1950,10,Válido,nao,,0,0.00,0,CLEUSA DOS SANTOS,CLEUSA SANTOS,PCB,v,,,,,04/10/2026 19:20:56,sim
1,04/10/2026,6257,Presidente,1,municipio,PB,19160,2508554,LOGRADOURO,,,,,PARTIDO SOCIALISTA  DOS TRABALHADORES UNIFICADO,i,PSTU,0,16,PSTU,PARTIDO SOCIALISTA  DOS TRABALHADORES UNIFICADO,,16,280002541457,HERTZ DA CONCEICAO DIAS,HERTZ DIAS,20/10/1970,8,Válido,nao,,1,0.03,0.026759433,VANESSA PORTUGAL BARBOSA,VANESSA PORTUGAL,PSTU,v,,,,,04/10/2026 19:20:56,sim
1,04/10/2026,6257,Presidente,1,municipio,PB,19160,2508554,LOGRADOURO,,,,,BRASIL DOS NOSSOS SONHOS,c,AGIR / AVANTE,,70,AVANTE,AVANTE,,70,280002551547,AUGUSTO JORGE CURY,ESCRITOR AUGUSTO CURY,02/10/1958,3,Válido,nao,,89,2.38,2.381589510,JULIO CESAR DELGADO,JÚLIO DELGADO,AVANTE,v,,,,,04/10/2026 19:20:56,sim
1,04/10/2026,6257,Presidente,1,municipio,PB,19160,2508554,LOGRADOURO,,,,,PARTIDO NOVO,i,NOVO,0,30,NOVO,PARTIDO NOVO,,30,280002539826,ROMEU ZEMA NETO,ZEMA,28/10/1964,6,Válido,nao,,1,0.03,0.026759433,LUIS EDUARDO GRANGEIRO GIRÃO,EDUARDO GIRÃO,NOVO,v,,,,,04/10/2026 19:20:56,sim
1,04/10/2026,6257,Presidente,1,municipio,PB,19160,2508554,LOGRADOURO,,,,,UNIDADE POPULAR,i,UP,0,80,UP,UNIDADE POPULAR,,80,280002538811,SAMARA MARTINS DA SILVA FEITOSA,SAMARA,31/08/1987,7,Válido,nao,,3,0.08,0.080278298,RAQUEL NONATO DE BRICIO,RAQUEL BRÍCIO,UP,v,,,,,04/10/2026 19:20:56,sim
1,04/10/2026,6257,Presidente,1,municipio,PB,19160,2508554,LOGRADOURO,,,,,DEMOCRATA,i,DEMOCRATA,0,35,DEMOCRATA,DEMOCRATA,,35,280002548139,WILSON GRASSI JUNIOR,VETERINÁRIO WILSON GRASSI,13/03/1970,11,Válido,nao,,0,0.00,0,SUÊD HAIDAR NOGUEIRA,SUÊD HAIDAR,DEMOCRATA,v,,,,,04/10/2026 19:20:56,sim
1,04/10/2026,6257,Presidente,1,municipio,PB,19160,2508554,LOGRADOURO,,,,,PARTIDO MISSÃO,i,MISSÃO,0,14,MISSÃO,PARTIDO MISSÃO,,14,280002540694,RENAN ANTONIO FERREIRA DOS SANTOS,RENAN SANTOS,14/02/1984,4,Válido,nao,,62,1.66,1.659084827,AROLDO MEDINA,CORONEL MEDINA,MISSÃO,v,,,,,04/10/2026 19:20:56,sim
1,04/10/2026,6257,Presidente,1,municipio,PB,19160,2508554,LOGRADOURO,,,,,PARTIDO DA CAUSA OPERÁRIA,i,PCO,0,29,PCO,PARTIDO DA CAUSA OPERÁRIA,,29,280002552487,RUI COSTA PIMENTA,RUI COSTA PIMENTA,25/06/1957,12,Válido,nao,,1,0.03,0.026759433,ANTONIO CARLOS SILVA,ANTÔNIO CARLOS,PCO,v,,,,,04/10/2026 19:20:56,sim
1,04/10/2026,6257,Presidente,1,municipio,PB,19178,2500908,ARARA,,,,,PARTIDO LIBERAL,i,PL,0,22,PL,PARTIDO LIBERAL,,22,280002551544,FLAVIO NANTES BOLSONARO,FLAVIO BOLSONARO,30/04/1981,1,Válido,nao,,1569,23.13,23.127948113,ALFREDO GASPAR DE MENDONÇA NETO,ALFREDO GASPAR,PL,v,,,,,04/10/2026 18:30:38,sim
1,04/10/2026,6257,Presidente,1,municipio,PB,19178,2500908,ARARA,,,,,PARTIDO SOCIAL DEMOCRÁTICO,i,PSD,0,55,PSD,PARTIDO SOCIAL DEMOCRÁTICO,,55,280002551932,RONALDO RAMOS CAIADO,RONALDO CAIADO,25/09/1949,4,Válido,nao,,34,0.50,0.501179245,GILBERTO KASSAB,GILBERTO KASSAB,PSD,v,,,,,04/10/2026 18:30:38,sim
1,04/10/2026,6257,Presidente,1,municipio,PB,19178,2500908,ARARA,,PT/PC do B/PV,FEDERAÇÃO BRASIL DA ESPERANÇA - FE BRASIL,PT/PC do B/PV,BRASIL PRONTO PRA MAIS,c,PSB / PDT / PCDOB / PT / PV / PSOL / REDE,,13,PT,PARTIDO DOS TRABALHADORES,101,13,280002542548,LUIZ INÁCIO LULA DA SILVA,LULA,06/10/1945,2,Válido,nao,,4851,71.51,71.506485849,GERALDO JOSE RODRIGUES ALCKMIN FILHO,GERALDO ALCKMIN,PSB,v,,,,,04/10/2026 18:30:38,sim
1,04/10/2026,6257,Presidente,1,municipio,PB,19178,2500908,ARARA,,,,,DEMOCRACIA CRISTÃ,i,DC,0,27,DC,DEMOCRACIA CRISTÃ,,27,280002552484,CLARIANA ZACARKIM BARAO,CLARIANA BARAO,03/04/1987,8,Válido,nao,,3,0.04,0.044221698,FABIANA CRISTINA TAVARES TORQUATO,FABIANA TORQUATO,DC,v,,,,,04/10/2026 18:30:38,sim
1,04/10/2026,6257,Presidente,1,municipio,PB,19178,2500908,ARARA,,,,,PARTIDO COMUNISTA BRASILEIRO,i,PCB,0,21,PCB,PARTIDO COMUNISTA BRASILEIRO,,21,280002551975,EDMILSON SILVA COSTA,EDMILSON COSTA,08/04/1950,10,Válido,nao,,1,0.01,0.014740566,CLEUSA DOS SANTOS,CLEUSA SANTOS,PCB,v,,,,,04/10/2026 18:30:38,sim
1,04/10/2026,6257,Presidente,1,municipio,PB,19178,2500908,ARARA,,,,,PARTIDO SOCIALISTA  DOS TRABALHADORES UNIFICADO,i,PSTU,0,16,PSTU,PARTIDO SOCIALISTA  DOS TRABALHADORES UNIFICADO,,16,280002541457,HERTZ DA CONCEICAO DIAS,HERTZ DIAS,20/10/1970,9,Válido,nao,,1,0.01,0.014740566,VANESSA PORTUGAL BARBOSA,VANESSA PORTUGAL,PSTU,v,,,,,04/10/2026 18:30:38,sim
1,04/10/2026,6257,Presidente,1,municipio,PB,19178,2500908,ARARA,,,,,BRASIL DOS NOSSOS SONHOS,c,AGIR / AVANTE,,70,AVANTE,AVANTE,,70,280002551547,AUGUSTO JORGE CURY,ESCRITOR AUGUSTO CURY,02/10/1958,3,Válido,nao,,222,3.27,3.272405660,JULIO CESAR DELGADO,JÚLIO DELGADO,AVANTE,v,,,,,04/10/2026 18:30:38,sim
1,04/10/2026,6257,Presidente,1,municipio,PB,19178,2500908,ARARA,,,,,PARTIDO NOVO,i,NOVO,0,30,NOVO,PARTIDO NOVO,,30,280002539826,ROMEU ZEMA NETO,ZEMA,28/10/1964,6,Válido,nao,,4,0.06,0.058962264,LUIS EDUARDO GRANGEIRO GIRÃO,EDUARDO GIRÃO,NOVO,v,,,,,04/10/2026 18:30:38,sim
1,04/10/2026,6257,Presidente,1,municipio,PB,19178,2500908,ARARA,,,,,UNIDADE POPULAR,i,UP,0,80,UP,UNIDADE POPULAR,,80,280002538811,SAMARA MARTINS DA SILVA FEITOSA,SAMARA,31/08/1987,7,Válido,nao,,1,0.01,0.014740566,RAQUEL NONATO DE BRICIO,RAQUEL BRÍCIO,UP,v,,,,,04/10/2026 18:30:38,sim
1,04/10/2026,6257,Presidente,1,municipio,PB,19178,2500908,ARARA,,,,,DEMOCRATA,i,DEMOCRATA,0,35,DEMOCRATA,DEMOCRATA,,35,280002548139,WILSON GRASSI JUNIOR,VETERINÁRIO WILSON GRASSI,13/03/1970,11,Válido,nao,,1,0.01,0.014740566,SUÊD HAIDAR NOGUEIRA,SUÊD HAIDAR,DEMOCRATA,v,,,,,04/10/2026 18:30:38,sim
1,04/10/2026,6257,Presidente,1,municipio,PB,19178,2500908,ARARA,,,,,PARTIDO MISSÃO,i,MISSÃO,0,14,MISSÃO,PARTIDO MISSÃO,,14,280002540694,RENAN ANTONIO FERREIRA DOS SANTOS,RENAN SANTOS,14/02/1984,5,Válido,nao,,96,1.42,1.415094340,AROLDO MEDINA,CORONEL MEDINA,MISSÃO,v,,,,,04/10/2026 18:30:38,sim
1,04/10/2026,6257,Presidente,1,municipio,PB,19178,2500908,ARARA,,,,,PARTIDO DA CAUSA OPERÁRIA,i,PCO,0,29,PCO,PARTIDO DA CAUSA OPERÁRIA,,29,280002552487,RUI COSTA PIMENTA,RUI COSTA PIMENTA,25/06/1957,12,Válido,nao,,1,0.01,0.014740566,ANTONIO CARLOS SILVA,ANTÔNIO CARLOS,PCO,v,,,,,04/10/2026 18:30:38,sim
1,04/10/2026,6257,Presidente,1,municipio,PB,19186,2515930,SERTÃOZINHO,,,,,PARTIDO LIBERAL,i,PL,0,22,PL,PARTIDO LIBERAL,,22,280002551544,FLAVIO NANTES BOLSONARO,FLAVIO BOLSONARO,30/04/1981,1,Válido,nao,,991,24.94,24.937091092,ALFREDO GASPAR DE MENDONÇA NETO,ALFREDO GASPAR,PL,v,,,,,04/10/2026 19:14:10,sim
1,04/10/2026,6257,Presidente,1,municipio,PB,19186,2515930,SERTÃOZINHO,,,,,PARTIDO SOCIAL DEMOCRÁTICO,i,PSD,0,55,PSD,PARTIDO SOCIAL DEMOCRÁTICO,,55,280002551932,RONALDO RAMOS CAIADO,RONALDO CAIADO,25/09/1949,5,Válido,nao,,21,0.53,0.528434826,GILBERTO KASSAB,GILBERTO KASSAB,PSD,v,,,,,04/10/2026 19:14:10,sim
1,04/10/2026,6257,Presidente,1,municipio,PB,19186,2515930,SERTÃOZINHO,,PT/PC do B/PV,FEDERAÇÃO BRASIL DA ESPERANÇA - FE BRASIL,PT/PC do B/PV,BRASIL PRONTO PRA MAIS,c,PSB / PDT / PCDOB / PT / PV / PSOL / REDE,,13,PT,PARTIDO DOS TRABALHADORES,101,13,280002542548,LUIZ INÁCIO LULA DA SILVA,LULA,06/10/1945,2,Válido,nao,,2759,69.43,69.426270760,GERALDO JOSE RODRIGUES ALCKMIN FILHO,GERALDO ALCKMIN,PSB,v,,,,,04/10/2026 19:14:10,sim
1,04/10/2026,6257,Presidente,1,municipio,PB,19186,2515930,SERTÃOZINHO,,,,,DEMOCRACIA CRISTÃ,i,DC,0,27,DC,DEMOCRACIA CRISTÃ,,27,280002552484,CLARIANA ZACARKIM BARAO,CLARIANA BARAO,03/04/1987,9,Válido,nao,,0,0.00,0,FABIANA CRISTINA TAVARES TORQUATO,FABIANA TORQUATO,DC,v,,,,,04/10/2026 19:14:10,sim
1,04/10/2026,6257,Presidente,1,municipio,PB,19186,2515930,SERTÃOZINHO,,,,,PARTIDO COMUNISTA BRASILEIRO,i,PCB,0,21,PCB,PARTIDO COMUNISTA BRASILEIRO,,21,280002551975,EDMILSON SILVA COSTA,EDMILSON COSTA,08/04/1950,10,Válido,nao,,0,0.00,0,CLEUSA DOS SANTOS,CLEUSA SANTOS,PCB,v,,,,,04/10/2026 19:14:10,sim
1,04/10/2026,6257,Presidente,1,municipio,PB,19186,2515930,SERTÃOZINHO,,,,,PARTIDO SOCIALISTA  DOS TRABALHADORES UNIFICADO,i,PSTU,0,16,PSTU,PARTIDO SOCIALISTA  DOS TRABALHADORES UNIFICADO,,16,280002541457,HERTZ DA CONCEICAO DIAS,HERTZ DIAS,20/10/1970,8,Válido,nao,,0,0.00,0,VANESSA PORTUGAL BARBOSA,VANESSA PORTUGAL,PSTU,v,,,,,04/10/2026 19:14:10,sim
1,04/10/2026,6257,Presidente,1,municipio,PB,19186,2515930,SERTÃOZINHO,,,,,BRASIL DOS NOSSOS SONHOS,c,AGIR / AVANTE,,70,AVANTE,AVANTE,,70,280002551547,AUGUSTO JORGE CURY,ESCRITOR AUGUSTO CURY,02/10/1958,3,Válido,nao,,130,3.27,3.271263211,JULIO CESAR DELGADO,JÚLIO DELGADO,AVANTE,v,,,,,04/10/2026 19:14:10,sim
1,04/10/2026,6257,Presidente,1,municipio,PB,19186,2515930,SERTÃOZINHO,,,,,PARTIDO NOVO,i,NOVO,0,30,NOVO,PARTIDO NOVO,,30,280002539826,ROMEU ZEMA NETO,ZEMA,28/10/1964,6,Válido,nao,,1,0.03,0.025163563,LUIS EDUARDO GRANGEIRO GIRÃO,EDUARDO GIRÃO,NOVO,v,,,,,04/10/2026 19:14:10,sim
1,04/10/2026,6257,Presidente,1,municipio,PB,19186,2515930,SERTÃOZINHO,,,,,UNIDADE POPULAR,i,UP,0,80,UP,UNIDADE POPULAR,,80,280002538811,SAMARA MARTINS DA SILVA FEITOSA,SAMARA,31/08/1987,7,Válido,nao,,0,0.00,0,RAQUEL NONATO DE BRICIO,RAQUEL BRÍCIO,UP,v,,,,,04/10/2026 19:14:10,sim
1,04/10/2026,6257,Presidente,1,municipio,PB,19186,2515930,SERTÃOZINHO,,,,,DEMOCRATA,i,DEMOCRATA,0,35,DEMOCRATA,DEMOCRATA,,35,280002548139,WILSON GRASSI JUNIOR,VETERINÁRIO WILSON GRASSI,13/03/1970,11,Válido,nao,,2,0.05,0.050327126,SUÊD HAIDAR NOGUEIRA,SUÊD HAIDAR,DEMOCRATA,v,,,,,04/10/2026 19:14:10,sim
1,04/10/2026,6257,Presidente,1,municipio,PB,19186,2515930,SERTÃOZINHO,,,,,PARTIDO MISSÃO,i,MISSÃO,0,14,MISSÃO,PARTIDO MISSÃO,,14,280002540694,RENAN ANTONIO FERREIRA DOS SANTOS,RENAN SANTOS,14/02/1984,4,Válido,nao,,70,1.76,1.761449421,AROLDO MEDINA,CORONEL MEDINA,MISSÃO,v,,,,,04/10/2026 19:14:10,sim
1,04/10/2026,6257,Presidente,1,municipio,PB,19186,2515930,SERTÃOZINHO,,,,,PARTIDO DA CAUSA OPERÁRIA,i,PCO,0,29,PCO,PARTIDO DA CAUSA OPERÁRIA,,29,280002552487,RUI COSTA PIMENTA,RUI COSTA PIMENTA,25/06/1957,12,Válido,nao,,0,0.00,0,ANTONIO CARLOS SILVA,ANTÔNIO CARLOS,PCO,v,,,,,04/10/2026 19:14:10,sim
1,04/10/2026,6257,Presidente,1,municipio,PB,19194,2501005,ARARUNA,,,,,PARTIDO LIBERAL,i,PL,0,22,PL,PARTIDO LIBERAL,,22,280002551544,FLAVIO NANTES BOLSONARO,FLAVIO BOLSONARO,30/04/1981,1,Válido,nao,,3109,29.72,29.717071306,ALFREDO GASPAR DE MENDONÇA NETO,ALFREDO GASPAR,PL,v,,,,,04/10/2026 19:09:47,sim
1,04/10/2026,6257,Presidente,1,municipio,PB,19194,2501005,ARARUNA,,,,,PARTIDO SOCIAL DEMOCRÁTICO,i,PSD,0,55,PSD,PARTIDO SOCIAL DEMOCRÁTICO,,55,280002551932,RONALDO RAMOS CAIADO,RONALDO CAIADO,25/09/1949,5,Válido,nao,,52,0.50,0.497036895,GILBERTO KASSAB,GILBERTO KASSAB,PSD,v,,,,,04/10/2026 19:09:47,sim
1,04/10/2026,6257,Presidente,1,municipio,PB,19194,2501005,ARARUNA,,PT/PC do B/PV,FEDERAÇÃO BRASIL DA ESPERANÇA - FE BRASIL,PT/PC do B/PV,BRASIL PRONTO PRA MAIS,c,PSB / PDT / PCDOB / PT / PV / PSOL / REDE,,13,PT,PARTIDO DOS TRABALHADORES,101,13,280002542548,LUIZ INÁCIO LULA DA SILVA,LULA,06/10/1945,2,Válido,nao,,6942,66.35,66.354425540,GERALDO JOSE RODRIGUES ALCKMIN FILHO,GERALDO ALCKMIN,PSB,v,,,,,04/10/2026 19:09:47,sim
1,04/10/2026,6257,Presidente,1,municipio,PB,19194,2501005,ARARUNA,,,,,DEMOCRACIA CRISTÃ,i,DC,0,27,DC,DEMOCRACIA CRISTÃ,,27,280002552484,CLARIANA ZACARKIM BARAO,CLARIANA BARAO,03/04/1987,9,Válido,nao,,3,0.03,0.028675206,FABIANA CRISTINA TAVARES TORQUATO,FABIANA TORQUATO,DC,v,,,,,04/10/2026 19:09:47,sim
1,04/10/2026,6257,Presidente,1,municipio,PB,19194,2501005,ARARUNA,,,,,PARTIDO COMUNISTA BRASILEIRO,i,PCB,0,21,PCB,PARTIDO COMUNISTA BRASILEIRO,,21,280002551975,EDMILSON SILVA COSTA,EDMILSON COSTA,08/04/1950,10,Válido,nao,,1,0.01,0.009558402,CLEUSA DOS SANTOS,CLEUSA SANTOS,PCB,v,,,,,04/10/2026 19:09:47,sim
1,04/10/2026,6257,Presidente,1,municipio,PB,19194,2501005,ARARUNA,,,,,PARTIDO SOCIALISTA  DOS TRABALHADORES UNIFICADO,i,PSTU,0,16,PSTU,PARTIDO SOCIALISTA  DOS TRABALHADORES UNIFICADO,,16,280002541457,HERTZ DA CONCEICAO DIAS,HERTZ DIAS,20/10/1970,8,Válido,nao,,3,0.03,0.028675206,VANESSA PORTUGAL BARBOSA,VANESSA PORTUGAL,PSTU,v,,,,,04/10/2026 19:09:47,sim
1,04/10/2026,6257,Presidente,1,municipio,PB,19194,2501005,ARARUNA,,,,,BRASIL DOS NOSSOS SONHOS,c,AGIR / AVANTE,,70,AVANTE,AVANTE,,70,280002551547,AUGUSTO JORGE CURY,ESCRITOR AUGUSTO CURY,02/10/1958,3,Válido,nao,,224,2.14,2.141082011,JULIO CESAR DELGADO,JÚLIO DELGADO,AVANTE,v,,,,,04/10/2026 19:09:47,sim
1,04/10/2026,6257,Presidente,1,municipio,PB,19194,2501005,ARARUNA,,,,,PARTIDO NOVO,i,NOVO,0,30,NOVO,PARTIDO NOVO,,30,280002539826,ROMEU ZEMA NETO,ZEMA,28/10/1964,6,Válido,nao,,5,0.05,0.047792009,LUIS EDUARDO GRANGEIRO GIRÃO,EDUARDO GIRÃO,NOVO,v,,,,,04/10/2026 19:09:47,sim
1,04/10/2026,6257,Presidente,1,municipio,PB,19194,2501005,ARARUNA,,,,,UNIDADE POPULAR,i,UP,0,80,UP,UNIDADE POPULAR,,80,280002538811,SAMARA MARTINS DA SILVA FEITOSA,SAMARA,31/08/1987,7,Válido,nao,,3,0.03,0.028675206,RAQUEL NONATO DE BRICIO,RAQUEL BRÍCIO,UP,v,,,,,04/10/2026 19:09:47,sim
1,04/10/2026,6257,Presidente,1,municipio,PB,19194,2501005,ARARUNA,,,,,DEMOCRATA,i,DEMOCRATA,0,35,DEMOCRATA,DEMOCRATA,,35,280002548139,WILSON GRASSI JUNIOR,VETERINÁRIO WILSON GRASSI,13/03/1970,11,Válido,nao,,1,0.01,0.009558402,SUÊD HAIDAR NOGUEIRA,SUÊD HAIDAR,DEMOCRATA,v,,,,,04/10/2026 19:09:47,sim
1,04/10/2026,6257,Presidente,1,municipio,PB,19194,2501005,ARARUNA,,,,,PARTIDO MISSÃO,i,MISSÃO,0,14,MISSÃO,PARTIDO MISSÃO,,14,280002540694,RENAN ANTONIO FERREIRA DOS SANTOS,RENAN SANTOS,14/02/1984,4,Válido,nao,,118,1.13,1.127891417,AROLDO MEDINA,CORONEL MEDINA,MISSÃO,v,,,,,04/10/2026 19:09:47,sim
1,04/10/2026,6257,Presidente,1,municipio,PB,19194,2501005,ARARUNA,,,,,PARTIDO DA CAUSA OPERÁRIA,i,PCO,0,29,PCO,PARTIDO DA CAUSA OPERÁRIA,,29,280002552487,RUI COSTA PIMENTA,RUI COSTA PIMENTA,25/06/1957,12,Válido,nao,,1,0.01,0.009558402,ANTONIO CARLOS SILVA,ANTÔNIO CARLOS,PCO,v,,,,,04/10/2026 19:09:47,sim
1,04/10/2026,6257,Presidente,1,municipio,PB,19208,2512747,RIACHÃO,,,,,PARTIDO LIBERAL,i,PL,0,22,PL,PARTIDO LIBERAL,,22,280002551544,FLAVIO NANTES BOLSONARO,FLAVIO BOLSONARO,30/04/1981,1,Válido,nao,,588,22.30,22.298065984,ALFREDO GASPAR DE MENDONÇA NETO,ALFREDO GASPAR,PL,v,,,,,04/10/2026 18:54:42,sim
1,04/10/2026,6257,Presidente,1,municipio,PB,19208,2512747,RIACHÃO,,,,,PARTIDO SOCIAL DEMOCRÁTICO,i,PSD,0,55,PSD,PARTIDO SOCIAL DEMOCRÁTICO,,55,280002551932,RONALDO RAMOS CAIADO,RONALDO CAIADO,25/09/1949,4,Válido,nao,,15,0.57,0.568828214,GILBERTO KASSAB,GILBERTO KASSAB,PSD,v,,,,,04/10/2026 18:54:42,sim
1,04/10/2026,6257,Presidente,1,municipio,PB,19208,2512747,RIACHÃO,,PT/PC do B/PV,FEDERAÇÃO BRASIL DA ESPERANÇA - FE BRASIL,PT/PC do B/PV,BRASIL PRONTO PRA MAIS,c,PSB / PDT / PCDOB / PT / PV / PSOL / REDE,,13,PT,PARTIDO DOS TRABALHADORES,101,13,280002542548,LUIZ INÁCIO LULA DA SILVA,LULA,06/10/1945,2,Válido,nao,,1975,74.90,74.895714827,GERALDO JOSE RODRIGUES ALCKMIN FILHO,GERALDO ALCKMIN,PSB,v,,,,,04/10/2026 18:54:42,sim
1,04/10/2026,6257,Presidente,1,municipio,PB,19208,2512747,RIACHÃO,,,,,DEMOCRACIA CRISTÃ,i,DC,0,27,DC,DEMOCRACIA CRISTÃ,,27,280002552484,CLARIANA ZACARKIM BARAO,CLARIANA BARAO,03/04/1987,9,Válido,nao,,0,0.00,0,FABIANA CRISTINA TAVARES TORQUATO,FABIANA TORQUATO,DC,v,,,,,04/10/2026 18:54:42,sim
1,04/10/2026,6257,Presidente,1,municipio,PB,19208,2512747,RIACHÃO,,,,,PARTIDO COMUNISTA BRASILEIRO,i,PCB,0,21,PCB,PARTIDO COMUNISTA BRASILEIRO,,21,280002551975,EDMILSON SILVA COSTA,EDMILSON COSTA,08/04/1950,10,Válido,nao,,1,0.04,0.037921881,CLEUSA DOS SANTOS,CLEUSA SANTOS,PCB,v,,,,,04/10/2026 18:54:42,sim
1,04/10/2026,6257,Presidente,1,municipio,PB,19208,2512747,RIACHÃO,,,,,PARTIDO SOCIALISTA  DOS TRABALHADORES UNIFICADO,i,PSTU,0,16,PSTU,PARTIDO SOCIALISTA  DOS TRABALHADORES UNIFICADO,,16,280002541457,HERTZ DA CONCEICAO DIAS,HERTZ DIAS,20/10/1970,8,Válido,nao,,0,0.00,0,VANESSA PORTUGAL BARBOSA,VANESSA PORTUGAL,PSTU,v,,,,,04/10/2026 18:54:42,sim
1,04/10/2026,6257,Presidente,1,municipio,PB,19208,2512747,RIACHÃO,,,,,BRASIL DOS NOSSOS SONHOS,c,AGIR / AVANTE,,70,AVANTE,AVANTE,,70,280002551547,AUGUSTO JORGE CURY,ESCRITOR AUGUSTO CURY,02/10/1958,3,Válido,nao,,40,1.52,1.516875237,JULIO CESAR DELGADO,JÚLIO DELGADO,AVANTE,v,,,,,04/10/2026 18:54:42,sim
1,04/10/2026,6257,Presidente,1,municipio,PB,19208,2512747,RIACHÃO,,,,,PARTIDO NOVO,i,NOVO,0,30,NOVO,PARTIDO NOVO,,30,280002539826,ROMEU ZEMA NETO,ZEMA,28/10/1964,6,Válido,nao,,0,0.00,0,LUIS EDUARDO GRANGEIRO GIRÃO,EDUARDO GIRÃO,NOVO,v,,,,,04/10/2026 18:54:42,sim
1,04/10/2026,6257,Presidente,1,municipio,PB,19208,2512747,RIACHÃO,,,,,UNIDADE POPULAR,i,UP,0,80,UP,UNIDADE POPULAR,,80,280002538811,SAMARA MARTINS DA SILVA FEITOSA,SAMARA,31/08/1987,7,Válido,nao,,2,0.08,0.075843762,RAQUEL NONATO DE BRICIO,RAQUEL BRÍCIO,UP,v,,,,,04/10/2026 18:54:42,sim
1,04/10/2026,6257,Presidente,1,municipio,PB,19208,2512747,RIACHÃO,,,,,DEMOCRATA,i,DEMOCRATA,0,35,DEMOCRATA,DEMOCRATA,,35,280002548139,WILSON GRASSI JUNIOR,VETERINÁRIO WILSON GRASSI,13/03/1970,11,Válido,nao,,0,0.00,0,SUÊD HAIDAR NOGUEIRA,SUÊD HAIDAR,DEMOCRATA,v,,,,,04/10/2026 18:54:42,sim
1,04/10/2026,6257,Presidente,1,municipio,PB,19208,2512747,RIACHÃO,,,,,PARTIDO MISSÃO,i,MISSÃO,0,14,MISSÃO,PARTIDO MISSÃO,,14,280002540694,RENAN ANTONIO FERREIRA DOS SANTOS,RENAN SANTOS,14/02/1984,5,Válido,nao,,16,0.61,0.606750095,AROLDO MEDINA,CORONEL MEDINA,MISSÃO,v,,,,,04/10/2026 18:54:42,sim
1,04/10/2026,6257,Presidente,1,municipio,PB,19208,2512747,RIACHÃO,,,,,PARTIDO DA CAUSA OPERÁRIA,i,PCO,0,29,PCO,PARTIDO DA CAUSA OPERÁRIA,,29,280002552487,RUI COSTA PIMENTA,RUI COSTA PIMENTA,25/06/1957,12,Válido,nao,,0,0.00,0,ANTONIO CARLOS SILVA,ANTÔNIO CARLOS,PCO,v,,,,,04/10/2026 18:54:42,sim
1,04/10/2026,6257,Presidente,1,municipio,PB,19216,2501104,AREIA,,,,,PARTIDO LIBERAL,i,PL,0,22,PL,PARTIDO LIBERAL,,22,280002551544,FLAVIO NANTES BOLSONARO,FLAVIO BOLSONARO,30/04/1981,1,Válido,nao,,2885,20.20,20.196009800,ALFREDO GASPAR DE MENDONÇA NETO,ALFREDO GASPAR,PL,v,,,,,04/10/2026 19:23:45,sim
1,04/10/2026,6257,Presidente,1,municipio,PB,19216,2501104,AREIA,,,,,PARTIDO SOCIAL DEMOCRÁTICO,i,PSD,0,55,PSD,PARTIDO SOCIAL DEMOCRÁTICO,,55,280002551932,RONALDO RAMOS CAIADO,RONALDO CAIADO,25/09/1949,5,Válido,nao,,108,0.76,0.756037802,GILBERTO KASSAB,GILBERTO KASSAB,PSD,v,,,,,04/10/2026 19:23:45,sim
1,04/10/2026,6257,Presidente,1,municipio,PB,19216,2501104,AREIA,,PT/PC do B/PV,FEDERAÇÃO BRASIL DA ESPERANÇA - FE BRASIL,PT/PC do B/PV,BRASIL PRONTO PRA MAIS,c,PSB / PDT / PCDOB / PT / PV / PSOL / REDE,,13,PT,PARTIDO DOS TRABALHADORES,101,13,280002542548,LUIZ INÁCIO LULA DA SILVA,LULA,06/10/1945,2,Válido,nao,,10722,75.06,75.057752888,GERALDO JOSE RODRIGUES ALCKMIN FILHO,GERALDO ALCKMIN,PSB,v,,,,,04/10/2026 19:23:45,sim
1,04/10/2026,6257,Presidente,1,municipio,PB,19216,2501104,AREIA,,,,,PARTIDO SOCIALISTA  DOS TRABALHADORES UNIFICADO,i,PSTU,0,16,PSTU,PARTIDO SOCIALISTA  DOS TRABALHADORES UNIFICADO,,16,280002541457,HERTZ DA CONCEICAO DIAS,HERTZ DIAS,20/10/1970,8,Válido,nao,,2,0.01,0.014000700,VANESSA PORTUGAL BARBOSA,VANESSA PORTUGAL,PSTU,v,,,,,04/10/2026 19:23:45,sim
1,04/10/2026,6257,Presidente,1,municipio,PB,19216,2501104,AREIA,,,,,PARTIDO COMUNISTA BRASILEIRO,i,PCB,0,21,PCB,PARTIDO COMUNISTA BRASILEIRO,,21,280002551975,EDMILSON SILVA COSTA,EDMILSON COSTA,08/04/1950,10,Válido,nao,,6,0.04,0.042002100,CLEUSA DOS SANTOS,CLEUSA SANTOS,PCB,v,,,,,04/10/2026 19:23:45,sim
1,04/10/2026,6257,Presidente,1,municipio,PB,19216,2501104,AREIA,,,,,DEMOCRACIA CRISTÃ,i,DC,0,27,DC,DEMOCRACIA CRISTÃ,,27,280002552484,CLARIANA ZACARKIM BARAO,CLARIANA BARAO,03/04/1987,9,Válido,nao,,1,0.01,0.007000350,FABIANA CRISTINA TAVARES TORQUATO,FABIANA TORQUATO,DC,v,,,,,04/10/2026 19:23:45,sim
1,04/10/2026,6257,Presidente,1,municipio,PB,19216,2501104,AREIA,,,,,PARTIDO NOVO,i,NOVO,0,30,NOVO,PARTIDO NOVO,,30,280002539826,ROMEU ZEMA NETO,ZEMA,28/10/1964,6,Válido,nao,,10,0.07,0.070003500,LUIS EDUARDO GRANGEIRO GIRÃO,EDUARDO GIRÃO,NOVO,v,,,,,04/10/2026 19:23:45,sim
1,04/10/2026,6257,Presidente,1,municipio,PB,19216,2501104,AREIA,,,,,BRASIL DOS NOSSOS SONHOS,c,AGIR / AVANTE,,70,AVANTE,AVANTE,,70,280002551547,AUGUSTO JORGE CURY,ESCRITOR AUGUSTO CURY,02/10/1958,3,Válido,nao,,340,2.38,2.380119006,JULIO CESAR DELGADO,JÚLIO DELGADO,AVANTE,v,,,,,04/10/2026 19:23:45,sim
1,04/10/2026,6257,Presidente,1,municipio,PB,19216,2501104,AREIA,,,,,DEMOCRATA,i,DEMOCRATA,0,35,DEMOCRATA,DEMOCRATA,,35,280002548139,WILSON GRASSI JUNIOR,VETERINÁRIO WILSON GRASSI,13/03/1970,11,Válido,nao,,0,0.00,0,SUÊD HAIDAR NOGUEIRA,SUÊD HAIDAR,DEMOCRATA,v,,,,,04/10/2026 19:23:45,sim
1,04/10/2026,6257,Presidente,1,municipio,PB,19216,2501104,AREIA,,,,,UNIDADE POPULAR,i,UP,0,80,UP,UNIDADE POPULAR,,80,280002538811,SAMARA MARTINS DA SILVA FEITOSA,SAMARA,31/08/1987,7,Válido,nao,,10,0.07,0.070003500,RAQUEL NONATO DE BRICIO,RAQUEL BRÍCIO,UP,v,,,,,04/10/2026 19:23:45,sim
1,04/10/2026,6257,Presidente,1,municipio,PB,19216,2501104,AREIA,,,,,PARTIDO MISSÃO,i,MISSÃO,0,14,MISSÃO,PARTIDO MISSÃO,,14,280002540694,RENAN ANTONIO FERREIRA DOS SANTOS,RENAN SANTOS,14/02/1984,4,Válido,nao,,200,1.40,1.400070004,AROLDO MEDINA,CORONEL MEDINA,MISSÃO,v,,,,,04/10/2026 19:23:45,sim
1,04/10/2026,6257,Presidente,1,municipio,PB,19216,2501104,AREIA,,,,,PARTIDO DA CAUSA OPERÁRIA,i,PCO,0,29,PCO,PARTIDO DA CAUSA OPERÁRIA,,29,280002552487,RUI COSTA PIMENTA,RUI COSTA PIMENTA,25/06/1957,12,Válido,nao,,1,0.01,0.007000350,ANTONIO CARLOS SILVA,ANTÔNIO CARLOS,PCO,v,,,,,04/10/2026 19:23:45,sim
1,04/10/2026,6257,Presidente,1,municipio,PB,19224,2513943,SÃO DOMINGOS DO CARIRI,,,,,PARTIDO LIBERAL,i,PL,0,22,PL,PARTIDO LIBERAL,,22,280002551544,FLAVIO NANTES BOLSONARO,FLAVIO BOLSONARO,30/04/1981,1,Válido,nao,,644,27.35,27.346072187,ALFREDO GASPAR DE MENDONÇA NETO,ALFREDO GASPAR,PL,v,,,,,04/10/2026 17:43:15,sim
1,04/10/2026,6257,Presidente,1,municipio,PB,19224,2513943,SÃO DOMINGOS DO CARIRI,,,,,PARTIDO SOCIAL DEMOCRÁTICO,i,PSD,0,55,PSD,PARTIDO SOCIAL DEMOCRÁTICO,,55,280002551932,RONALDO RAMOS CAIADO,RONALDO CAIADO,25/09/1949,4,Válido,nao,,5,0.21,0.212314225,GILBERTO KASSAB,GILBERTO KASSAB,PSD,v,,,,,04/10/2026 17:43:15,sim
1,04/10/2026,6257,Presidente,1,municipio,PB,19224,2513943,SÃO DOMINGOS DO CARIRI,,PT/PC do B/PV,FEDERAÇÃO BRASIL DA ESPERANÇA - FE BRASIL,PT/PC do B/PV,BRASIL PRONTO PRA MAIS,c,PSB / PDT / PCDOB / PT / PV / PSOL / REDE,,13,PT,PARTIDO DOS TRABALHADORES,101,13,280002542548,LUIZ INÁCIO LULA DA SILVA,LULA,06/10/1945,2,Válido,nao,,1592,67.60,67.600849257,GERALDO JOSE RODRIGUES ALCKMIN FILHO,GERALDO ALCKMIN,PSB,v,,,,,04/10/2026 17:43:15,sim
1,04/10/2026,6257,Presidente,1,municipio,PB,19224,2513943,SÃO DOMINGOS DO CARIRI,,,,,PARTIDO SOCIALISTA  DOS TRABALHADORES UNIFICADO,i,PSTU,0,16,PSTU,PARTIDO SOCIALISTA  DOS TRABALHADORES UNIFICADO,,16,280002541457,HERTZ DA CONCEICAO DIAS,HERTZ DIAS,20/10/1970,9,Válido,nao,,0,0.00,0,VANESSA PORTUGAL BARBOSA,VANESSA PORTUGAL,PSTU,v,,,,,04/10/2026 17:43:15,sim
1,04/10/2026,6257,Presidente,1,municipio,PB,19224,2513943,SÃO DOMINGOS DO CARIRI,,,,,PARTIDO COMUNISTA BRASILEIRO,i,PCB,0,21,PCB,PARTIDO COMUNISTA BRASILEIRO,,21,280002551975,EDMILSON SILVA COSTA,EDMILSON COSTA,08/04/1950,10,Válido,nao,,0,0.00,0,CLEUSA DOS SANTOS,CLEUSA SANTOS,PCB,v,,,,,04/10/2026 17:43:15,sim
1,04/10/2026,6257,Presidente,1,municipio,PB,19224,2513943,SÃO DOMINGOS DO CARIRI,,,,,DEMOCRACIA CRISTÃ,i,DC,0,27,DC,DEMOCRACIA CRISTÃ,,27,280002552484,CLARIANA ZACARKIM BARAO,CLARIANA BARAO,03/04/1987,8,Válido,nao,,2,0.08,0.084925690,FABIANA CRISTINA TAVARES TORQUATO,FABIANA TORQUATO,DC,v,,,,,04/10/2026 17:43:15,sim
1,04/10/2026,6257,Presidente,1,municipio,PB,19224,2513943,SÃO DOMINGOS DO CARIRI,,,,,PARTIDO NOVO,i,NOVO,0,30,NOVO,PARTIDO NOVO,,30,280002539826,ROMEU ZEMA NETO,ZEMA,28/10/1964,6,Válido,nao,,2,0.08,0.084925690,LUIS EDUARDO GRANGEIRO GIRÃO,EDUARDO GIRÃO,NOVO,v,,,,,04/10/2026 17:43:15,sim
1,04/10/2026,6257,Presidente,1,municipio,PB,19224,2513943,SÃO DOMINGOS DO CARIRI,,,,,BRASIL DOS NOSSOS SONHOS,c,AGIR / AVANTE,,70,AVANTE,AVANTE,,70,280002551547,AUGUSTO JORGE CURY,ESCRITOR AUGUSTO CURY,02/10/1958,3,Válido,nao,,71,3.01,3.014861996,JULIO CESAR DELGADO,JÚLIO DELGADO,AVANTE,v,,,,,04/10/2026 17:43:15,sim
1,04/10/2026,6257,Presidente,1,municipio,PB,19224,2513943,SÃO DOMINGOS DO CARIRI,,,,,DEMOCRATA,i,DEMOCRATA,0,35,DEMOCRATA,DEMOCRATA,,35,280002548139,WILSON GRASSI JUNIOR,VETERINÁRIO WILSON GRASSI,13/03/1970,11,Válido,nao,,0,0.00,0,SUÊD HAIDAR NOGUEIRA,SUÊD HAIDAR,DEMOCRATA,v,,,,,04/10/2026 17:43:15,sim
1,04/10/2026,6257,Presidente,1,municipio,PB,19224,2513943,SÃO DOMINGOS DO CARIRI,,,,,UNIDADE POPULAR,i,UP,0,80,UP,UNIDADE POPULAR,,80,280002538811,SAMARA MARTINS DA SILVA FEITOSA,SAMARA,31/08/1987,7,Válido,nao,,1,0.04,0.042462845,RAQUEL NONATO DE BRICIO,RAQUEL BRÍCIO,UP,v,,,,,04/10/2026 17:43:15,sim
1,04/10/2026,6257,Presidente,1,municipio,PB,19224,2513943,SÃO DOMINGOS DO CARIRI,,,,,PARTIDO MISSÃO,i,MISSÃO,0,14,MISSÃO,PARTIDO MISSÃO,,14,280002540694,RENAN ANTONIO FERREIRA DOS SANTOS,RENAN SANTOS,14/02/1984,5,Válido,nao,,38,1.61,1.613588110,AROLDO MEDINA,CORONEL MEDINA,MISSÃO,v,,,,,04/10/2026 17:43:15,sim
1,04/10/2026,6257,Presidente,1,municipio,PB,19224,2513943,SÃO DOMINGOS DO CARIRI,,,,,PARTIDO DA CAUSA OPERÁRIA,i,PCO,0,29,PCO,PARTIDO DA CAUSA OPERÁRIA,,29,280002552487,RUI COSTA PIMENTA,RUI COSTA PIMENTA,25/06/1957,12,Válido,nao,,0,0.00,0,ANTONIO CARLOS SILVA,ANTÔNIO CARLOS,PCO,v,,,,,04/10/2026 17:43:15,sim
1,04/10/2026,6257,Presidente,1,municipio,PB,19232,2501203,AREIAL,,,,,PARTIDO LIBERAL,i,PL,0,22,PL,PARTIDO LIBERAL,,22,280002551544,FLAVIO NANTES BOLSONARO,FLAVIO BOLSONARO,30/04/1981,1,Válido,nao,,1368,27.13,27.132090440,ALFREDO GASPAR DE MENDONÇA NETO,ALFREDO GASPAR,PL,v,,,,,04/10/2026 18:44:46,sim
1,04/10/2026,6257,Presidente,1,municipio,PB,19232,2501203,AREIAL,,,,,PARTIDO SOCIAL DEMOCRÁTICO,i,PSD,0,55,PSD,PARTIDO SOCIAL DEMOCRÁTICO,,55,280002551932,RONALDO RAMOS CAIADO,RONALDO CAIADO,25/09/1949,4,Válido,nao,,37,0.73,0.733835779,GILBERTO KASSAB,GILBERTO KASSAB,PSD,v,,,,,04/10/2026 18:44:46,sim
1,04/10/2026,6257,Presidente,1,municipio,PB,19232,2501203,AREIAL,,PT/PC do B/PV,FEDERAÇÃO BRASIL DA ESPERANÇA - FE BRASIL,PT/PC do B/PV,BRASIL PRONTO PRA MAIS,c,PSB / PDT / PCDOB / PT / PV / PSOL / REDE,,13,PT,PARTIDO DOS TRABALHADORES,101,13,280002542548,LUIZ INÁCIO LULA DA SILVA,LULA,06/10/1945,2,Válido,nao,,3373,66.90,66.898056327,GERALDO JOSE RODRIGUES ALCKMIN FILHO,GERALDO ALCKMIN,PSB,v,,,,,04/10/2026 18:44:46,sim
1,04/10/2026,6257,Presidente,1,municipio,PB,19232,2501203,AREIAL,,,,,DEMOCRACIA CRISTÃ,i,DC,0,27,DC,DEMOCRACIA CRISTÃ,,27,280002552484,CLARIANA ZACARKIM BARAO,CLARIANA BARAO,03/04/1987,9,Válido,nao,,0,0.00,0,FABIANA CRISTINA TAVARES TORQUATO,FABIANA TORQUATO,DC,v,,,,,04/10/2026 18:44:46,sim
1,04/10/2026,6257,Presidente,1,municipio,PB,19232,2501203,AREIAL,,,,,PARTIDO COMUNISTA BRASILEIRO,i,PCB,0,21,PCB,PARTIDO COMUNISTA BRASILEIRO,,21,280002551975,EDMILSON SILVA COSTA,EDMILSON COSTA,08/04/1950,10,Válido,nao,,0,0.00,0,CLEUSA DOS SANTOS,CLEUSA SANTOS,PCB,v,,,,,04/10/2026 18:44:46,sim
1,04/10/2026,6257,Presidente,1,municipio,PB,19232,2501203,AREIAL,,,,,PARTIDO SOCIALISTA  DOS TRABALHADORES UNIFICADO,i,PSTU,0,16,PSTU,PARTIDO SOCIALISTA  DOS TRABALHADORES UNIFICADO,,16,280002541457,HERTZ DA CONCEICAO DIAS,HERTZ DIAS,20/10/1970,8,Válido,nao,,0,0.00,0,VANESSA PORTUGAL BARBOSA,VANESSA PORTUGAL,PSTU,v,,,,,04/10/2026 18:44:46,sim
1,04/10/2026,6257,Presidente,1,municipio,PB,19232,2501203,AREIAL,,,,,BRASIL DOS NOSSOS SONHOS,c,AGIR / AVANTE,,70,AVANTE,AVANTE,,70,280002551547,AUGUSTO JORGE CURY,ESCRITOR AUGUSTO CURY,02/10/1958,3,Válido,nao,,171,3.39,3.391511305,JULIO CESAR DELGADO,JÚLIO DELGADO,AVANTE,v,,,,,04/10/2026 18:44:46,sim
1,04/10/2026,6257,Presidente,1,municipio,PB,19232,2501203,AREIAL,,,,,PARTIDO NOVO,i,NOVO,0,30,NOVO,PARTIDO NOVO,,30,280002539826,ROMEU ZEMA NETO,ZEMA,28/10/1964,6,Válido,nao,,7,0.14,0.138833796,LUIS EDUARDO GRANGEIRO GIRÃO,EDUARDO GIRÃO,NOVO,v,,,,,04/10/2026 18:44:46,sim
1,04/10/2026,6257,Presidente,1,municipio,PB,19232,2501203,AREIAL,,,,,UNIDADE POPULAR,i,UP,0,80,UP,UNIDADE POPULAR,,80,280002538811,SAMARA MARTINS DA SILVA FEITOSA,SAMARA,31/08/1987,7,Válido,nao,,3,0.06,0.059500198,RAQUEL NONATO DE BRICIO,RAQUEL BRÍCIO,UP,v,,,,,04/10/2026 18:44:46,sim
1,04/10/2026,6257,Presidente,1,municipio,PB,19232,2501203,AREIAL,,,,,DEMOCRATA,i,DEMOCRATA,0,35,DEMOCRATA,DEMOCRATA,,35,280002548139,WILSON GRASSI JUNIOR,VETERINÁRIO WILSON GRASSI,13/03/1970,11,Válido,nao,,2,0.04,0.039666799,SUÊD HAIDAR NOGUEIRA,SUÊD HAIDAR,DEMOCRATA,v,,,,,04/10/2026 18:44:46,sim
1,04/10/2026,6257,Presidente,1,municipio,PB,19232,2501203,AREIAL,,,,,PARTIDO MISSÃO,i,MISSÃO,0,14,MISSÃO,PARTIDO MISSÃO,,14,280002540694,RENAN ANTONIO FERREIRA DOS SANTOS,RENAN SANTOS,14/02/1984,5,Válido,nao,,81,1.61,1.606505355,AROLDO MEDINA,CORONEL MEDINA,MISSÃO,v,,,,,04/10/2026 18:44:46,sim
1,04/10/2026,6257,Presidente,1,municipio,PB,19232,2501203,AREIAL,,,,,PARTIDO DA CAUSA OPERÁRIA,i,PCO,0,29,PCO,PARTIDO DA CAUSA OPERÁRIA,,29,280002552487,RUI COSTA PIMENTA,RUI COSTA PIMENTA,25/06/1957,12,Válido,nao,,0,0.00,0,ANTONIO CARLOS SILVA,ANTÔNIO CARLOS,PCO,v,,,,,04/10/2026 18:44:46,sim
1,04/10/2026,6257,Presidente,1,municipio,PB,19240,2504074,CARAÚBAS,,,,,PARTIDO LIBERAL,i,PL,0,22,PL,PARTIDO LIBERAL,,22,280002551544,FLAVIO NANTES BOLSONARO,FLAVIO BOLSONARO,30/04/1981,1,Válido,nao,,850,23.07,23.066485753,ALFREDO GASPAR DE MENDONÇA NETO,ALFREDO GASPAR,PL,v,,,,,04/10/2026 20:14:15,sim
1,04/10/2026,6257,Presidente,1,municipio,PB,19240,2504074,CARAÚBAS,,,,,PARTIDO SOCIAL DEMOCRÁTICO,i,PSD,0,55,PSD,PARTIDO SOCIAL DEMOCRÁTICO,,55,280002551932,RONALDO RAMOS CAIADO,RONALDO CAIADO,25/09/1949,5,Válido,nao,,22,0.60,0.597014925,GILBERTO KASSAB,GILBERTO KASSAB,PSD,v,,,,,04/10/2026 20:14:15,sim
1,04/10/2026,6257,Presidente,1,municipio,PB,19240,2504074,CARAÚBAS,,PT/PC do B/PV,FEDERAÇÃO BRASIL DA ESPERANÇA - FE BRASIL,PT/PC do B/PV,BRASIL PRONTO PRA MAIS,c,PSB / PDT / PCDOB / PT / PV / PSOL / REDE,,13,PT,PARTIDO DOS TRABALHADORES,101,13,280002542548,LUIZ INÁCIO LULA DA SILVA,LULA,06/10/1945,2,Válido,nao,,2687,72.92,72.917232022,GERALDO JOSE RODRIGUES ALCKMIN FILHO,GERALDO ALCKMIN,PSB,v,,,,,04/10/2026 20:14:15,sim
1,04/10/2026,6257,Presidente,1,municipio,PB,19240,2504074,CARAÚBAS,,,,,DEMOCRACIA CRISTÃ,i,DC,0,27,DC,DEMOCRACIA CRISTÃ,,27,280002552484,CLARIANA ZACARKIM BARAO,CLARIANA BARAO,03/04/1987,9,Válido,nao,,1,0.03,0.027137042,FABIANA CRISTINA TAVARES TORQUATO,FABIANA TORQUATO,DC,v,,,,,04/10/2026 20:14:15,sim
1,04/10/2026,6257,Presidente,1,municipio,PB,19240,2504074,CARAÚBAS,,,,,PARTIDO COMUNISTA BRASILEIRO,i,PCB,0,21,PCB,PARTIDO COMUNISTA BRASILEIRO,,21,280002551975,EDMILSON SILVA COSTA,EDMILSON COSTA,08/04/1950,10,Válido,nao,,1,0.03,0.027137042,CLEUSA DOS SANTOS,CLEUSA SANTOS,PCB,v,,,,,04/10/2026 20:14:15,sim
1,04/10/2026,6257,Presidente,1,municipio,PB,19240,2504074,CARAÚBAS,,,,,PARTIDO SOCIALISTA  DOS TRABALHADORES UNIFICADO,i,PSTU,0,16,PSTU,PARTIDO SOCIALISTA  DOS TRABALHADORES UNIFICADO,,16,280002541457,HERTZ DA CONCEICAO DIAS,HERTZ DIAS,20/10/1970,8,Válido,nao,,1,0.03,0.027137042,VANESSA PORTUGAL BARBOSA,VANESSA PORTUGAL,PSTU,v,,,,,04/10/2026 20:14:15,sim
1,04/10/2026,6257,Presidente,1,municipio,PB,19240,2504074,CARAÚBAS,,,,,BRASIL DOS NOSSOS SONHOS,c,AGIR / AVANTE,,70,AVANTE,AVANTE,,70,280002551547,AUGUSTO JORGE CURY,ESCRITOR AUGUSTO CURY,02/10/1958,3,Válido,nao,,78,2.12,2.116689281,JULIO CESAR DELGADO,JÚLIO DELGADO,AVANTE,v,,,,,04/10/2026 20:14:15,sim
1,04/10/2026,6257,Presidente,1,municipio,PB,19240,2504074,CARAÚBAS,,,,,PARTIDO NOVO,i,NOVO,0,30,NOVO,PARTIDO NOVO,,30,280002539826,ROMEU ZEMA NETO,ZEMA,28/10/1964,6,Válido,nao,,3,0.08,0.081411126,LUIS EDUARDO GRANGEIRO GIRÃO,EDUARDO GIRÃO,NOVO,v,,,,,04/10/2026 20:14:15,sim
1,04/10/2026,6257,Presidente,1,municipio,PB,19240,2504074,CARAÚBAS,,,,,UNIDADE POPULAR,i,UP,0,80,UP,UNIDADE POPULAR,,80,280002538811,SAMARA MARTINS DA SILVA FEITOSA,SAMARA,31/08/1987,7,Válido,nao,,1,0.03,0.027137042,RAQUEL NONATO DE BRICIO,RAQUEL BRÍCIO,UP,v,,,,,04/10/2026 20:14:15,sim
1,04/10/2026,6257,Presidente,1,municipio,PB,19240,2504074,CARAÚBAS,,,,,DEMOCRATA,i,DEMOCRATA,0,35,DEMOCRATA,DEMOCRATA,,35,280002548139,WILSON GRASSI JUNIOR,VETERINÁRIO WILSON GRASSI,13/03/1970,11,Válido,nao,,0,0.00,0,SUÊD HAIDAR NOGUEIRA,SUÊD HAIDAR,DEMOCRATA,v,,,,,04/10/2026 20:14:15,sim
1,04/10/2026,6257,Presidente,1,municipio,PB,19240,2504074,CARAÚBAS,,,,,PARTIDO MISSÃO,i,MISSÃO,0,14,MISSÃO,PARTIDO MISSÃO,,14,280002540694,RENAN ANTONIO FERREIRA DOS SANTOS,RENAN SANTOS,14/02/1984,4,Válido,nao,,41,1.11,1.112618725,AROLDO MEDINA,CORONEL MEDINA,MISSÃO,v,,,,,04/10/2026 20:14:15,sim
1,04/10/2026,6257,Presidente,1,municipio,PB,19240,2504074,CARAÚBAS,,,,,PARTIDO DA CAUSA OPERÁRIA,i,PCO,0,29,PCO,PARTIDO DA CAUSA OPERÁRIA,,29,280002552487,RUI COSTA PIMENTA,RUI COSTA PIMENTA,25/06/1957,12,Válido,nao,,0,0.00,0,ANTONIO CARLOS SILVA,ANTÔNIO CARLOS,PCO,v,,,,,04/10/2026 20:14:15,sim
1,04/10/2026,6257,Presidente,1,municipio,PB,19259,2501302,AROEIRAS,,,,,PARTIDO LIBERAL,i,PL,0,22,PL,PARTIDO LIBERAL,,22,280002551544,FLAVIO NANTES BOLSONARO,FLAVIO BOLSONARO,30/04/1981,1,Válido,nao,,2635,21.16,21.162958798,ALFREDO GASPAR DE MENDONÇA NETO,ALFREDO GASPAR,PL,v,,,,,04/10/2026 19:09:28,sim
1,04/10/2026,6257,Presidente,1,municipio,PB,19259,2501302,AROEIRAS,,,,,PARTIDO SOCIAL DEMOCRÁTICO,i,PSD,0,55,PSD,PARTIDO SOCIAL DEMOCRÁTICO,,55,280002551932,RONALDO RAMOS CAIADO,RONALDO CAIADO,25/09/1949,5,Válido,nao,,51,0.41,0.409605654,GILBERTO KASSAB,GILBERTO KASSAB,PSD,v,,,,,04/10/2026 19:09:28,sim
1,04/10/2026,6257,Presidente,1,municipio,PB,19259,2501302,AROEIRAS,,PT/PC do B/PV,FEDERAÇÃO BRASIL DA ESPERANÇA - FE BRASIL,PT/PC do B/PV,BRASIL PRONTO PRA MAIS,c,PSB / PDT / PCDOB / PT / PV / PSOL / REDE,,13,PT,PARTIDO DOS TRABALHADORES,101,13,280002542548,LUIZ INÁCIO LULA DA SILVA,LULA,06/10/1945,2,Válido,nao,,9216,74.02,74.018151153,GERALDO JOSE RODRIGUES ALCKMIN FILHO,GERALDO ALCKMIN,PSB,v,,,,,04/10/2026 19:09:28,sim
1,04/10/2026,6257,Presidente,1,municipio,PB,19259,2501302,AROEIRAS,,,,,DEMOCRACIA CRISTÃ,i,DC,0,27,DC,DEMOCRACIA CRISTÃ,,27,280002552484,CLARIANA ZACARKIM BARAO,CLARIANA BARAO,03/04/1987,9,Válido,nao,,0,0.00,0,FABIANA CRISTINA TAVARES TORQUATO,FABIANA TORQUATO,DC,v,,,,,04/10/2026 19:09:28,sim
1,04/10/2026,6257,Presidente,1,municipio,PB,19259,2501302,AROEIRAS,,,,,PARTIDO COMUNISTA BRASILEIRO,i,PCB,0,21,PCB,PARTIDO COMUNISTA BRASILEIRO,,21,280002551975,EDMILSON SILVA COSTA,EDMILSON COSTA,08/04/1950,10,Válido,nao,,3,0.02,0.024094450,CLEUSA DOS SANTOS,CLEUSA SANTOS,PCB,v,,,,,04/10/2026 19:09:28,sim
1,04/10/2026,6257,Presidente,1,municipio,PB,19259,2501302,AROEIRAS,,,,,PARTIDO SOCIALISTA  DOS TRABALHADORES UNIFICADO,i,PSTU,0,16,PSTU,PARTIDO SOCIALISTA  DOS TRABALHADORES UNIFICADO,,16,280002541457,HERTZ DA CONCEICAO DIAS,HERTZ DIAS,20/10/1970,8,Válido,nao,,3,0.02,0.024094450,VANESSA PORTUGAL BARBOSA,VANESSA PORTUGAL,PSTU,v,,,,,04/10/2026 19:09:28,sim
1,04/10/2026,6257,Presidente,1,municipio,PB,19259,2501302,AROEIRAS,,,,,BRASIL DOS NOSSOS SONHOS,c,AGIR / AVANTE,,70,AVANTE,AVANTE,,70,280002551547,AUGUSTO JORGE CURY,ESCRITOR AUGUSTO CURY,02/10/1958,3,Válido,nao,,341,2.74,2.738735845,JULIO CESAR DELGADO,JÚLIO DELGADO,AVANTE,v,,,,,04/10/2026 19:09:28,sim
1,04/10/2026,6257,Presidente,1,municipio,PB,19259,2501302,AROEIRAS,,,,,PARTIDO NOVO,i,NOVO,0,30,NOVO,PARTIDO NOVO,,30,280002539826,ROMEU ZEMA NETO,ZEMA,28/10/1964,6,Válido,nao,,4,0.03,0.032125934,LUIS EDUARDO GRANGEIRO GIRÃO,EDUARDO GIRÃO,NOVO,v,,,,,04/10/2026 19:09:28,sim
1,04/10/2026,6257,Presidente,1,municipio,PB,19259,2501302,AROEIRAS,,,,,UNIDADE POPULAR,i,UP,0,80,UP,UNIDADE POPULAR,,80,280002538811,SAMARA MARTINS DA SILVA FEITOSA,SAMARA,31/08/1987,7,Válido,nao,,3,0.02,0.024094450,RAQUEL NONATO DE BRICIO,RAQUEL BRÍCIO,UP,v,,,,,04/10/2026 19:09:28,sim
1,04/10/2026,6257,Presidente,1,municipio,PB,19259,2501302,AROEIRAS,,,,,DEMOCRATA,i,DEMOCRATA,0,35,DEMOCRATA,DEMOCRATA,,35,280002548139,WILSON GRASSI JUNIOR,VETERINÁRIO WILSON GRASSI,13/03/1970,11,Válido,nao,,2,0.02,0.016062967,SUÊD HAIDAR NOGUEIRA,SUÊD HAIDAR,DEMOCRATA,v,,,,,04/10/2026 19:09:28,sim
1,04/10/2026,6257,Presidente,1,municipio,PB,19259,2501302,AROEIRAS,,,,,PARTIDO MISSÃO,i,MISSÃO,0,14,MISSÃO,PARTIDO MISSÃO,,14,280002540694,RENAN ANTONIO FERREIRA DOS SANTOS,RENAN SANTOS,14/02/1984,4,Válido,nao,,193,1.55,1.550076299,AROLDO MEDINA,CORONEL MEDINA,MISSÃO,v,,,,,04/10/2026 19:09:28,sim
1,04/10/2026,6257,Presidente,1,municipio,PB,19259,2501302,AROEIRAS,,,,,PARTIDO DA CAUSA OPERÁRIA,i,PCO,0,29,PCO,PARTIDO DA CAUSA OPERÁRIA,,29,280002552487,RUI COSTA PIMENTA,RUI COSTA PIMENTA,25/06/1957,12,Válido,nao,,0,0.00,0,ANTONIO CARLOS SILVA,ANTÔNIO CARLOS,PCO,v,,,,,04/10/2026 19:09:28,sim
1,04/10/2026,6257,Presidente,1,municipio,PB,19267,2513851,SANTO ANDRÉ,,,,,PARTIDO LIBERAL,i,PL,0,22,PL,PARTIDO LIBERAL,,22,280002551544,FLAVIO NANTES BOLSONARO,FLAVIO BOLSONARO,30/04/1981,1,Válido,nao,,546,23.51,23.514211886,ALFREDO GASPAR DE MENDONÇA NETO,ALFREDO GASPAR,PL,v,,,,,04/10/2026 19:14:09,sim
1,04/10/2026,6257,Presidente,1,municipio,PB,19267,2513851,SANTO ANDRÉ,,,,,PARTIDO SOCIAL DEMOCRÁTICO,i,PSD,0,55,PSD,PARTIDO SOCIAL DEMOCRÁTICO,,55,280002551932,RONALDO RAMOS CAIADO,RONALDO CAIADO,25/09/1949,5,Válido,nao,,14,0.60,0.602928510,GILBERTO KASSAB,GILBERTO KASSAB,PSD,v,,,,,04/10/2026 19:14:09,sim
1,04/10/2026,6257,Presidente,1,municipio,PB,19267,2513851,SANTO ANDRÉ,,PT/PC do B/PV,FEDERAÇÃO BRASIL DA ESPERANÇA - FE BRASIL,PT/PC do B/PV,BRASIL PRONTO PRA MAIS,c,PSB / PDT / PCDOB / PT / PV / PSOL / REDE,,13,PT,PARTIDO DOS TRABALHADORES,101,13,280002542548,LUIZ INÁCIO LULA DA SILVA,LULA,06/10/1945,2,Válido,nao,,1688,72.70,72.695951766,GERALDO JOSE RODRIGUES ALCKMIN FILHO,GERALDO ALCKMIN,PSB,v,,,,,04/10/2026 19:14:09,sim
1,04/10/2026,6257,Presidente,1,municipio,PB,19267,2513851,SANTO ANDRÉ,,,,,DEMOCRACIA CRISTÃ,i,DC,0,27,DC,DEMOCRACIA CRISTÃ,,27,280002552484,CLARIANA ZACARKIM BARAO,CLARIANA BARAO,03/04/1987,9,Válido,nao,,0,0.00,0,FABIANA CRISTINA TAVARES TORQUATO,FABIANA TORQUATO,DC,v,,,,,04/10/2026 19:14:09,sim
1,04/10/2026,6257,Presidente,1,municipio,PB,19267,2513851,SANTO ANDRÉ,,,,,PARTIDO COMUNISTA BRASILEIRO,i,PCB,0,21,PCB,PARTIDO COMUNISTA BRASILEIRO,,21,280002551975,EDMILSON SILVA COSTA,EDMILSON COSTA,08/04/1950,10,Válido,nao,,0,0.00,0,CLEUSA DOS SANTOS,CLEUSA SANTOS,PCB,v,,,,,04/10/2026 19:14:09,sim
1,04/10/2026,6257,Presidente,1,municipio,PB,19267,2513851,SANTO ANDRÉ,,,,,PARTIDO SOCIALISTA  DOS TRABALHADORES UNIFICADO,i,PSTU,0,16,PSTU,PARTIDO SOCIALISTA  DOS TRABALHADORES UNIFICADO,,16,280002541457,HERTZ DA CONCEICAO DIAS,HERTZ DIAS,20/10/1970,8,Válido,nao,,1,0.04,0.043066322,VANESSA PORTUGAL BARBOSA,VANESSA PORTUGAL,PSTU,v,,,,,04/10/2026 19:14:09,sim
1,04/10/2026,6257,Presidente,1,municipio,PB,19267,2513851,SANTO ANDRÉ,,,,,BRASIL DOS NOSSOS SONHOS,c,AGIR / AVANTE,,70,AVANTE,AVANTE,,70,280002551547,AUGUSTO JORGE CURY,ESCRITOR AUGUSTO CURY,02/10/1958,3,Válido,nao,,62,2.67,2.670111972,JULIO CESAR DELGADO,JÚLIO DELGADO,AVANTE,v,,,,,04/10/2026 19:14:09,sim
1,04/10/2026,6257,Presidente,1,municipio,PB,19267,2513851,SANTO ANDRÉ,,,,,PARTIDO NOVO,i,NOVO,0,30,NOVO,PARTIDO NOVO,,30,280002539826,ROMEU ZEMA NETO,ZEMA,28/10/1964,6,Válido,nao,,1,0.04,0.043066322,LUIS EDUARDO GRANGEIRO GIRÃO,EDUARDO GIRÃO,NOVO,v,,,,,04/10/2026 19:14:09,sim
1,04/10/2026,6257,Presidente,1,municipio,PB,19267,2513851,SANTO ANDRÉ,,,,,UNIDADE POPULAR,i,UP,0,80,UP,UNIDADE POPULAR,,80,280002538811,SAMARA MARTINS DA SILVA FEITOSA,SAMARA,31/08/1987,7,Válido,nao,,2,0.09,0.086132644,RAQUEL NONATO DE BRICIO,RAQUEL BRÍCIO,UP,v,,,,,04/10/2026 19:14:09,sim
1,04/10/2026,6257,Presidente,1,municipio,PB,19267,2513851,SANTO ANDRÉ,,,,,DEMOCRATA,i,DEMOCRATA,0,35,DEMOCRATA,DEMOCRATA,,35,280002548139,WILSON GRASSI JUNIOR,VETERINÁRIO WILSON GRASSI,13/03/1970,11,Válido,nao,,0,0.00,0,SUÊD HAIDAR NOGUEIRA,SUÊD HAIDAR,DEMOCRATA,v,,,,,04/10/2026 19:14:09,sim
1,04/10/2026,6257,Presidente,1,municipio,PB,19267,2513851,SANTO ANDRÉ,,,,,PARTIDO MISSÃO,i,MISSÃO,0,14,MISSÃO,PARTIDO MISSÃO,,14,280002540694,RENAN ANTONIO FERREIRA DOS SANTOS,RENAN SANTOS,14/02/1984,4,Válido,nao,,8,0.34,0.344530577,AROLDO MEDINA,CORONEL MEDINA,MISSÃO,v,,,,,04/10/2026 19:14:09,sim
1,04/10/2026,6257,Presidente,1,municipio,PB,19267,2513851,SANTO ANDRÉ,,,,,PARTIDO DA CAUSA OPERÁRIA,i,PCO,0,29,PCO,PARTIDO DA CAUSA OPERÁRIA,,29,280002552487,RUI COSTA PIMENTA,RUI COSTA PIMENTA,25/06/1957,12,Válido,nao,,0,0.00,0,ANTONIO CARLOS SILVA,ANTÔNIO CARLOS,PCO,v,,,,,04/10/2026 19:14:09,sim
1,04/10/2026,6257,Presidente,1,municipio,PB,19275,2505352,DAMIÃO,,,,,PARTIDO LIBERAL,i,PL,0,22,PL,PARTIDO LIBERAL,,22,280002551544,FLAVIO NANTES BOLSONARO,FLAVIO BOLSONARO,30/04/1981,1,Válido,nao,,610,17.15,17.149283104,ALFREDO GASPAR DE MENDONÇA NETO,ALFREDO GASPAR,PL,v,,,,,04/10/2026 19:29:39,sim
1,04/10/2026,6257,Presidente,1,municipio,PB,19275,2505352,DAMIÃO,,,,,PARTIDO SOCIAL DEMOCRÁTICO,i,PSD,0,55,PSD,PARTIDO SOCIAL DEMOCRÁTICO,,55,280002551932,RONALDO RAMOS CAIADO,RONALDO CAIADO,25/09/1949,5,Válido,nao,,12,0.34,0.337362946,GILBERTO KASSAB,GILBERTO KASSAB,PSD,v,,,,,04/10/2026 19:29:39,sim
1,04/10/2026,6257,Presidente,1,municipio,PB,19275,2505352,DAMIÃO,,PT/PC do B/PV,FEDERAÇÃO BRASIL DA ESPERANÇA - FE BRASIL,PT/PC do B/PV,BRASIL PRONTO PRA MAIS,c,PSB / PDT / PCDOB / PT / PV / PSOL / REDE,,13,PT,PARTIDO DOS TRABALHADORES,101,13,280002542548,LUIZ INÁCIO LULA DA SILVA,LULA,06/10/1945,2,Válido,nao,,2777,78.07,78.071408490,GERALDO JOSE RODRIGUES ALCKMIN FILHO,GERALDO ALCKMIN,PSB,v,,,,,04/10/2026 19:29:39,sim
1,04/10/2026,6257,Presidente,1,municipio,PB,19275,2505352,DAMIÃO,,,,,PARTIDO SOCIALISTA  DOS TRABALHADORES UNIFICADO,i,PSTU,0,16,PSTU,PARTIDO SOCIALISTA  DOS TRABALHADORES UNIFICADO,,16,280002541457,HERTZ DA CONCEICAO DIAS,HERTZ DIAS,20/10/1970,8,Válido,nao,,2,0.06,0.056227158,VANESSA PORTUGAL BARBOSA,VANESSA PORTUGAL,PSTU,v,,,,,04/10/2026 19:29:39,sim
1,04/10/2026,6257,Presidente,1,municipio,PB,19275,2505352,DAMIÃO,,,,,PARTIDO COMUNISTA BRASILEIRO,i,PCB,0,21,PCB,PARTIDO COMUNISTA BRASILEIRO,,21,280002551975,EDMILSON SILVA COSTA,EDMILSON COSTA,08/04/1950,10,Válido,nao,,0,0.00,0,CLEUSA DOS SANTOS,CLEUSA SANTOS,PCB,v,,,,,04/10/2026 19:29:39,sim
1,04/10/2026,6257,Presidente,1,municipio,PB,19275,2505352,DAMIÃO,,,,,DEMOCRACIA CRISTÃ,i,DC,0,27,DC,DEMOCRACIA CRISTÃ,,27,280002552484,CLARIANA ZACARKIM BARAO,CLARIANA BARAO,03/04/1987,9,Válido,nao,,2,0.06,0.056227158,FABIANA CRISTINA TAVARES TORQUATO,FABIANA TORQUATO,DC,v,,,,,04/10/2026 19:29:39,sim
1,04/10/2026,6257,Presidente,1,municipio,PB,19275,2505352,DAMIÃO,,,,,PARTIDO NOVO,i,NOVO,0,30,NOVO,PARTIDO NOVO,,30,280002539826,ROMEU ZEMA NETO,ZEMA,28/10/1964,6,Válido,nao,,0,0.00,0,LUIS EDUARDO GRANGEIRO GIRÃO,EDUARDO GIRÃO,NOVO,v,,,,,04/10/2026 19:29:39,sim
1,04/10/2026,6257,Presidente,1,municipio,PB,19275,2505352,DAMIÃO,,,,,BRASIL DOS NOSSOS SONHOS,c,AGIR / AVANTE,,70,AVANTE,AVANTE,,70,280002551547,AUGUSTO JORGE CURY,ESCRITOR AUGUSTO CURY,02/10/1958,3,Válido,nao,,135,3.80,3.795333146,JULIO CESAR DELGADO,JÚLIO DELGADO,AVANTE,v,,,,,04/10/2026 19:29:39,sim
1,04/10/2026,6257,Presidente,1,municipio,PB,19275,2505352,DAMIÃO,,,,,DEMOCRATA,i,DEMOCRATA,0,35,DEMOCRATA,DEMOCRATA,,35,280002548139,WILSON GRASSI JUNIOR,VETERINÁRIO WILSON GRASSI,13/03/1970,11,Válido,nao,,0,0.00,0,SUÊD HAIDAR NOGUEIRA,SUÊD HAIDAR,DEMOCRATA,v,,,,,04/10/2026 19:29:39,sim
1,04/10/2026,6257,Presidente,1,municipio,PB,19275,2505352,DAMIÃO,,,,,UNIDADE POPULAR,i,UP,0,80,UP,UNIDADE POPULAR,,80,280002538811,SAMARA MARTINS DA SILVA FEITOSA,SAMARA,31/08/1987,7,Válido,nao,,1,0.03,0.028113579,RAQUEL NONATO DE BRICIO,RAQUEL BRÍCIO,UP,v,,,,,04/10/2026 19:29:39,sim
1,04/10/2026,6257,Presidente,1,municipio,PB,19275,2505352,DAMIÃO,,,,,PARTIDO MISSÃO,i,MISSÃO,0,14,MISSÃO,PARTIDO MISSÃO,,14,280002540694,RENAN ANTONIO FERREIRA DOS SANTOS,RENAN SANTOS,14/02/1984,4,Válido,nao,,16,0.45,0.449817262,AROLDO MEDINA,CORONEL MEDINA,MISSÃO,v,,,,,04/10/2026 19:29:39,sim
1,04/10/2026,6257,Presidente,1,municipio,PB,19275,2505352,DAMIÃO,,,,,PARTIDO DA CAUSA OPERÁRIA,i,PCO,0,29,PCO,PARTIDO DA CAUSA OPERÁRIA,,29,280002552487,RUI COSTA PIMENTA,RUI COSTA PIMENTA,25/06/1957,12,Válido,nao,,2,0.06,0.056227158,ANTONIO CARLOS SILVA,ANTÔNIO CARLOS,PCO,v,,,,,04/10/2026 19:29:39,sim
1,04/10/2026,6257,Presidente,1,municipio,PB,19283,2516151,SOSSÊGO,,,,,PARTIDO LIBERAL,i,PL,0,22,PL,PARTIDO LIBERAL,,22,280002551544,FLAVIO NANTES BOLSONARO,FLAVIO BOLSONARO,30/04/1981,1,Válido,nao,,534,17.86,17.859531773,ALFREDO GASPAR DE MENDONÇA NETO,ALFREDO GASPAR,PL,v,,,,,04/10/2026 19:11:30,sim
1,04/10/2026,6257,Presidente,1,municipio,PB,19283,2516151,SOSSÊGO,,,,,PARTIDO SOCIAL DEMOCRÁTICO,i,PSD,0,55,PSD,PARTIDO SOCIAL DEMOCRÁTICO,,55,280002551932,RONALDO RAMOS CAIADO,RONALDO CAIADO,25/09/1949,5,Válido,nao,,5,0.17,0.167224080,GILBERTO KASSAB,GILBERTO KASSAB,PSD,v,,,,,04/10/2026 19:11:30,sim
1,04/10/2026,6257,Presidente,1,municipio,PB,19283,2516151,SOSSÊGO,,PT/PC do B/PV,FEDERAÇÃO BRASIL DA ESPERANÇA - FE BRASIL,PT/PC do B/PV,BRASIL PRONTO PRA MAIS,c,PSB / PDT / PCDOB / PT / PV / PSOL / REDE,,13,PT,PARTIDO DOS TRABALHADORES,101,13,280002542548,LUIZ INÁCIO LULA DA SILVA,LULA,06/10/1945,2,Válido,nao,,2347,78.49,78.494983278,GERALDO JOSE RODRIGUES ALCKMIN FILHO,GERALDO ALCKMIN,PSB,v,,,,,04/10/2026 19:11:30,sim
1,04/10/2026,6257,Presidente,1,municipio,PB,19283,2516151,SOSSÊGO,,,,,DEMOCRACIA CRISTÃ,i,DC,0,27,DC,DEMOCRACIA CRISTÃ,,27,280002552484,CLARIANA ZACARKIM BARAO,CLARIANA BARAO,03/04/1987,9,Válido,nao,,0,0.00,0,FABIANA CRISTINA TAVARES TORQUATO,FABIANA TORQUATO,DC,v,,,,,04/10/2026 19:11:30,sim
1,04/10/2026,6257,Presidente,1,municipio,PB,19283,2516151,SOSSÊGO,,,,,PARTIDO COMUNISTA BRASILEIRO,i,PCB,0,21,PCB,PARTIDO COMUNISTA BRASILEIRO,,21,280002551975,EDMILSON SILVA COSTA,EDMILSON COSTA,08/04/1950,10,Válido,nao,,0,0.00,0,CLEUSA DOS SANTOS,CLEUSA SANTOS,PCB,v,,,,,04/10/2026 19:11:30,sim
1,04/10/2026,6257,Presidente,1,municipio,PB,19283,2516151,SOSSÊGO,,,,,PARTIDO SOCIALISTA  DOS TRABALHADORES UNIFICADO,i,PSTU,0,16,PSTU,PARTIDO SOCIALISTA  DOS TRABALHADORES UNIFICADO,,16,280002541457,HERTZ DA CONCEICAO DIAS,HERTZ DIAS,20/10/1970,8,Válido,nao,,0,0.00,0,VANESSA PORTUGAL BARBOSA,VANESSA PORTUGAL,PSTU,v,,,,,04/10/2026 19:11:30,sim
1,04/10/2026,6257,Presidente,1,municipio,PB,19283,2516151,SOSSÊGO,,,,,BRASIL DOS NOSSOS SONHOS,c,AGIR / AVANTE,,70,AVANTE,AVANTE,,70,280002551547,AUGUSTO JORGE CURY,ESCRITOR AUGUSTO CURY,02/10/1958,3,Válido,nao,,71,2.37,2.374581940,JULIO CESAR DELGADO,JÚLIO DELGADO,AVANTE,v,,,,,04/10/2026 19:11:30,sim
1,04/10/2026,6257,Presidente,1,municipio,PB,19283,2516151,SOSSÊGO,,,,,PARTIDO NOVO,i,NOVO,0,30,NOVO,PARTIDO NOVO,,30,280002539826,ROMEU ZEMA NETO,ZEMA,28/10/1964,6,Válido,nao,,2,0.07,0.066889632,LUIS EDUARDO GRANGEIRO GIRÃO,EDUARDO GIRÃO,NOVO,v,,,,,04/10/2026 19:11:30,sim
1,04/10/2026,6257,Presidente,1,municipio,PB,19283,2516151,SOSSÊGO,,,,,UNIDADE POPULAR,i,UP,0,80,UP,UNIDADE POPULAR,,80,280002538811,SAMARA MARTINS DA SILVA FEITOSA,SAMARA,31/08/1987,7,Válido,nao,,0,0.00,0,RAQUEL NONATO DE BRICIO,RAQUEL BRÍCIO,UP,v,,,,,04/10/2026 19:11:30,sim
1,04/10/2026,6257,Presidente,1,municipio,PB,19283,2516151,SOSSÊGO,,,,,DEMOCRATA,i,DEMOCRATA,0,35,DEMOCRATA,DEMOCRATA,,35,280002548139,WILSON GRASSI JUNIOR,VETERINÁRIO WILSON GRASSI,13/03/1970,11,Válido,nao,,0,0.00,0,SUÊD HAIDAR NOGUEIRA,SUÊD HAIDAR,DEMOCRATA,v,,,,,04/10/2026 19:11:30,sim
1,04/10/2026,6257,Presidente,1,municipio,PB,19283,2516151,SOSSÊGO,,,,,PARTIDO MISSÃO,i,MISSÃO,0,14,MISSÃO,PARTIDO MISSÃO,,14,280002540694,RENAN ANTONIO FERREIRA DOS SANTOS,RENAN SANTOS,14/02/1984,4,Válido,nao,,31,1.04,1.036789298,AROLDO MEDINA,CORONEL MEDINA,MISSÃO,v,,,,,04/10/2026 19:11:30,sim
1,04/10/2026,6257,Presidente,1,municipio,PB,19283,2516151,SOSSÊGO,,,,,PARTIDO DA CAUSA OPERÁRIA,i,PCO,0,29,PCO,PARTIDO DA CAUSA OPERÁRIA,,29,280002552487,RUI COSTA PIMENTA,RUI COSTA PIMENTA,25/06/1957,12,Válido,nao,,0,0.00,0,ANTONIO CARLOS SILVA,ANTÔNIO CARLOS,PCO,v,,,,,04/10/2026 19:11:30,sim
1,04/10/2026,6257,Presidente,1,municipio,PB,19291,2501401,BAÍA DA TRAIÇÃO,,,,,PARTIDO LIBERAL,i,PL,0,22,PL,PARTIDO LIBERAL,,22,280002551544,FLAVIO NANTES BOLSONARO,FLAVIO BOLSONARO,30/04/1981,1,Válido,nao,,1295,20.05,20.046439628,ALFREDO GASPAR DE MENDONÇA NETO,ALFREDO GASPAR,PL,v,,,,,04/10/2026 21:05:40,sim
1,04/10/2026,6257,Presidente,1,municipio,PB,19291,2501401,BAÍA DA TRAIÇÃO,,,,,PARTIDO SOCIAL DEMOCRÁTICO,i,PSD,0,55,PSD,PARTIDO SOCIAL DEMOCRÁTICO,,55,280002551932,RONALDO RAMOS CAIADO,RONALDO CAIADO,25/09/1949,5,Válido,nao,,22,0.34,0.340557276,GILBERTO KASSAB,GILBERTO KASSAB,PSD,v,,,,,04/10/2026 21:05:40,sim
1,04/10/2026,6257,Presidente,1,municipio,PB,19291,2501401,BAÍA DA TRAIÇÃO,,PT/PC do B/PV,FEDERAÇÃO BRASIL DA ESPERANÇA - FE BRASIL,PT/PC do B/PV,BRASIL PRONTO PRA MAIS,c,PSB / PDT / PCDOB / PT / PV / PSOL / REDE,,13,PT,PARTIDO DOS TRABALHADORES,101,13,280002542548,LUIZ INÁCIO LULA DA SILVA,LULA,06/10/1945,2,Válido,nao,,4975,77.01,77.012383901,GERALDO JOSE RODRIGUES ALCKMIN FILHO,GERALDO ALCKMIN,PSB,v,,,,,04/10/2026 21:05:40,sim
1,04/10/2026,6257,Presidente,1,municipio,PB,19291,2501401,BAÍA DA TRAIÇÃO,,,,,DEMOCRACIA CRISTÃ,i,DC,0,27,DC,DEMOCRACIA CRISTÃ,,27,280002552484,CLARIANA ZACARKIM BARAO,CLARIANA BARAO,03/04/1987,9,Válido,nao,,1,0.02,0.015479876,FABIANA CRISTINA TAVARES TORQUATO,FABIANA TORQUATO,DC,v,,,,,04/10/2026 21:05:40,sim
1,04/10/2026,6257,Presidente,1,municipio,PB,19291,2501401,BAÍA DA TRAIÇÃO,,,,,PARTIDO COMUNISTA BRASILEIRO,i,PCB,0,21,PCB,PARTIDO COMUNISTA BRASILEIRO,,21,280002551975,EDMILSON SILVA COSTA,EDMILSON COSTA,08/04/1950,10,Válido,nao,,0,0.00,0,CLEUSA DOS SANTOS,CLEUSA SANTOS,PCB,v,,,,,04/10/2026 21:05:40,sim
1,04/10/2026,6257,Presidente,1,municipio,PB,19291,2501401,BAÍA DA TRAIÇÃO,,,,,PARTIDO SOCIALISTA  DOS TRABALHADORES UNIFICADO,i,PSTU,0,16,PSTU,PARTIDO SOCIALISTA  DOS TRABALHADORES UNIFICADO,,16,280002541457,HERTZ DA CONCEICAO DIAS,HERTZ DIAS,20/10/1970,8,Válido,nao,,2,0.03,0.030959752,VANESSA PORTUGAL BARBOSA,VANESSA PORTUGAL,PSTU,v,,,,,04/10/2026 21:05:40,sim
1,04/10/2026,6257,Presidente,1,municipio,PB,19291,2501401,BAÍA DA TRAIÇÃO,,,,,BRASIL DOS NOSSOS SONHOS,c,AGIR / AVANTE,,70,AVANTE,AVANTE,,70,280002551547,AUGUSTO JORGE CURY,ESCRITOR AUGUSTO CURY,02/10/1958,3,Válido,nao,,109,1.69,1.687306502,JULIO CESAR DELGADO,JÚLIO DELGADO,AVANTE,v,,,,,04/10/2026 21:05:40,sim
1,04/10/2026,6257,Presidente,1,municipio,PB,19291,2501401,BAÍA DA TRAIÇÃO,,,,,PARTIDO NOVO,i,NOVO,0,30,NOVO,PARTIDO NOVO,,30,280002539826,ROMEU ZEMA NETO,ZEMA,28/10/1964,6,Válido,nao,,2,0.03,0.030959752,LUIS EDUARDO GRANGEIRO GIRÃO,EDUARDO GIRÃO,NOVO,v,,,,,04/10/2026 21:05:40,sim
1,04/10/2026,6257,Presidente,1,municipio,PB,19291,2501401,BAÍA DA TRAIÇÃO,,,,,UNIDADE POPULAR,i,UP,0,80,UP,UNIDADE POPULAR,,80,280002538811,SAMARA MARTINS DA SILVA FEITOSA,SAMARA,31/08/1987,7,Válido,nao,,0,0.00,0,RAQUEL NONATO DE BRICIO,RAQUEL BRÍCIO,UP,v,,,,,04/10/2026 21:05:40,sim
1,04/10/2026,6257,Presidente,1,municipio,PB,19291,2501401,BAÍA DA TRAIÇÃO,,,,,DEMOCRATA,i,DEMOCRATA,0,35,DEMOCRATA,DEMOCRATA,,35,280002548139,WILSON GRASSI JUNIOR,VETERINÁRIO WILSON GRASSI,13/03/1970,11,Válido,nao,,1,0.02,0.015479876,SUÊD HAIDAR NOGUEIRA,SUÊD HAIDAR,DEMOCRATA,v,,,,,04/10/2026 21:05:40,sim
1,04/10/2026,6257,Presidente,1,municipio,PB,19291,2501401,BAÍA DA TRAIÇÃO,,,,,PARTIDO MISSÃO,i,MISSÃO,0,14,MISSÃO,PARTIDO MISSÃO,,14,280002540694,RENAN ANTONIO FERREIRA DOS SANTOS,RENAN SANTOS,14/02/1984,4,Válido,nao,,53,0.82,0.820433437,AROLDO MEDINA,CORONEL MEDINA,MISSÃO,v,,,,,04/10/2026 21:05:40,sim
1,04/10/2026,6257,Presidente,1,municipio,PB,19291,2501401,BAÍA DA TRAIÇÃO,,,,,PARTIDO DA CAUSA OPERÁRIA,i,PCO,0,29,PCO,PARTIDO DA CAUSA OPERÁRIA,,29,280002552487,RUI COSTA PIMENTA,RUI COSTA PIMENTA,25/06/1957,12,Válido,nao,,0,0.00,0,ANTONIO CARLOS SILVA,ANTÔNIO CARLOS,PCO,v,,,,,04/10/2026 21:05:40,sim
1,04/10/2026,6257,Presidente,1,municipio,PB,19305,2501534,BARAÚNA,,,,,PARTIDO LIBERAL,i,PL,0,22,PL,PARTIDO LIBERAL,,22,280002551544,FLAVIO NANTES BOLSONARO,FLAVIO BOLSONARO,30/04/1981,1,Válido,nao,,761,20.88,20.883644347,ALFREDO GASPAR DE MENDONÇA NETO,ALFREDO GASPAR,PL,v,,,,,04/10/2026 18:48:45,sim
1,04/10/2026,6257,Presidente,1,municipio,PB,19305,2501534,BARAÚNA,,,,,PARTIDO SOCIAL DEMOCRÁTICO,i,PSD,0,55,PSD,PARTIDO SOCIAL DEMOCRÁTICO,,55,280002551932,RONALDO RAMOS CAIADO,RONALDO CAIADO,25/09/1949,4,Válido,nao,,20,0.55,0.548847420,GILBERTO KASSAB,GILBERTO KASSAB,PSD,v,,,,,04/10/2026 18:48:45,sim
1,04/10/2026,6257,Presidente,1,municipio,PB,19305,2501534,BARAÚNA,,PT/PC do B/PV,FEDERAÇÃO BRASIL DA ESPERANÇA - FE BRASIL,PT/PC do B/PV,BRASIL PRONTO PRA MAIS,c,PSB / PDT / PCDOB / PT / PV / PSOL / REDE,,13,PT,PARTIDO DOS TRABALHADORES,101,13,280002542548,LUIZ INÁCIO LULA DA SILVA,LULA,06/10/1945,2,Válido,nao,,2681,73.57,73.572996707,GERALDO JOSE RODRIGUES ALCKMIN FILHO,GERALDO ALCKMIN,PSB,v,,,,,04/10/2026 18:48:45,sim
1,04/10/2026,6257,Presidente,1,municipio,PB,19305,2501534,BARAÚNA,,,,,DEMOCRACIA CRISTÃ,i,DC,0,27,DC,DEMOCRACIA CRISTÃ,,27,280002552484,CLARIANA ZACARKIM BARAO,CLARIANA BARAO,03/04/1987,9,Válido,nao,,0,0.00,0,FABIANA CRISTINA TAVARES TORQUATO,FABIANA TORQUATO,DC,v,,,,,04/10/2026 18:48:45,sim
1,04/10/2026,6257,Presidente,1,municipio,PB,19305,2501534,BARAÚNA,,,,,PARTIDO COMUNISTA BRASILEIRO,i,PCB,0,21,PCB,PARTIDO COMUNISTA BRASILEIRO,,21,280002551975,EDMILSON SILVA COSTA,EDMILSON COSTA,08/04/1950,10,Válido,nao,,1,0.03,0.027442371,CLEUSA DOS SANTOS,CLEUSA SANTOS,PCB,v,,,,,04/10/2026 18:48:45,sim
1,04/10/2026,6257,Presidente,1,municipio,PB,19305,2501534,BARAÚNA,,,,,PARTIDO SOCIALISTA  DOS TRABALHADORES UNIFICADO,i,PSTU,0,16,PSTU,PARTIDO SOCIALISTA  DOS TRABALHADORES UNIFICADO,,16,280002541457,HERTZ DA CONCEICAO DIAS,HERTZ DIAS,20/10/1970,8,Válido,nao,,1,0.03,0.027442371,VANESSA PORTUGAL BARBOSA,VANESSA PORTUGAL,PSTU,v,,,,,04/10/2026 18:48:45,sim
1,04/10/2026,6257,Presidente,1,municipio,PB,19305,2501534,BARAÚNA,,,,,BRASIL DOS NOSSOS SONHOS,c,AGIR / AVANTE,,70,AVANTE,AVANTE,,70,280002551547,AUGUSTO JORGE CURY,ESCRITOR AUGUSTO CURY,02/10/1958,3,Válido,nao,,135,3.70,3.704720088,JULIO CESAR DELGADO,JÚLIO DELGADO,AVANTE,v,,,,,04/10/2026 18:48:45,sim
1,04/10/2026,6257,Presidente,1,municipio,PB,19305,2501534,BARAÚNA,,,,,PARTIDO NOVO,i,NOVO,0,30,NOVO,PARTIDO NOVO,,30,280002539826,ROMEU ZEMA NETO,ZEMA,28/10/1964,6,Válido,nao,,2,0.05,0.054884742,LUIS EDUARDO GRANGEIRO GIRÃO,EDUARDO GIRÃO,NOVO,v,,,,,04/10/2026 18:48:45,sim
1,04/10/2026,6257,Presidente,1,municipio,PB,19305,2501534,BARAÚNA,,,,,UNIDADE POPULAR,i,UP,0,80,UP,UNIDADE POPULAR,,80,280002538811,SAMARA MARTINS DA SILVA FEITOSA,SAMARA,31/08/1987,7,Válido,nao,,1,0.03,0.027442371,RAQUEL NONATO DE BRICIO,RAQUEL BRÍCIO,UP,v,,,,,04/10/2026 18:48:45,sim
1,04/10/2026,6257,Presidente,1,municipio,PB,19305,2501534,BARAÚNA,,,,,DEMOCRATA,i,DEMOCRATA,0,35,DEMOCRATA,DEMOCRATA,,35,280002548139,WILSON GRASSI JUNIOR,VETERINÁRIO WILSON GRASSI,13/03/1970,11,Válido,nao,,0,0.00,0,SUÊD HAIDAR NOGUEIRA,SUÊD HAIDAR,DEMOCRATA,v,,,,,04/10/2026 18:48:45,sim
1,04/10/2026,6257,Presidente,1,municipio,PB,19305,2501534,BARAÚNA,,,,,PARTIDO MISSÃO,i,MISSÃO,0,14,MISSÃO,PARTIDO MISSÃO,,14,280002540694,RENAN ANTONIO FERREIRA DOS SANTOS,RENAN SANTOS,14/02/1984,5,Válido,nao,,42,1.15,1.152579583,AROLDO MEDINA,CORONEL MEDINA,MISSÃO,v,,,,,04/10/2026 18:48:45,sim
1,04/10/2026,6257,Presidente,1,municipio,PB,19305,2501534,BARAÚNA,,,,,PARTIDO DA CAUSA OPERÁRIA,i,PCO,0,29,PCO,PARTIDO DA CAUSA OPERÁRIA,,29,280002552487,RUI COSTA PIMENTA,RUI COSTA PIMENTA,25/06/1957,12,Válido,nao,,0,0.00,0,ANTONIO CARLOS SILVA,ANTÔNIO CARLOS,PCO,v,,,,,04/10/2026 18:48:45,sim
1,04/10/2026,6257,Presidente,1,municipio,PB,19313,2501500,BANANEIRAS,,,,,PARTIDO LIBERAL,i,PL,0,22,PL,PARTIDO LIBERAL,,22,280002551544,FLAVIO NANTES BOLSONARO,FLAVIO BOLSONARO,30/04/1981,1,Válido,nao,,3567,24.97,24.968500630,ALFREDO GASPAR DE MENDONÇA NETO,ALFREDO GASPAR,PL,v,,,,,04/10/2026 19:20:58,sim
1,04/10/2026,6257,Presidente,1,municipio,PB,19313,2501500,BANANEIRAS,,,,,PARTIDO SOCIAL DEMOCRÁTICO,i,PSD,0,55,PSD,PARTIDO SOCIAL DEMOCRÁTICO,,55,280002551932,RONALDO RAMOS CAIADO,RONALDO CAIADO,25/09/1949,5,Válido,nao,,83,0.58,0.580988380,GILBERTO KASSAB,GILBERTO KASSAB,PSD,v,,,,,04/10/2026 19:20:58,sim
1,04/10/2026,6257,Presidente,1,municipio,PB,19313,2501500,BANANEIRAS,,PT/PC do B/PV,FEDERAÇÃO BRASIL DA ESPERANÇA - FE BRASIL,PT/PC do B/PV,BRASIL PRONTO PRA MAIS,c,PSB / PDT / PCDOB / PT / PV / PSOL / REDE,,13,PT,PARTIDO DOS TRABALHADORES,101,13,280002542548,LUIZ INÁCIO LULA DA SILVA,LULA,06/10/1945,2,Válido,nao,,10014,70.10,70.096598068,GERALDO JOSE RODRIGUES ALCKMIN FILHO,GERALDO ALCKMIN,PSB,v,,,,,04/10/2026 19:20:58,sim
1,04/10/2026,6257,Presidente,1,municipio,PB,19313,2501500,BANANEIRAS,,,,,DEMOCRACIA CRISTÃ,i,DC,0,27,DC,DEMOCRACIA CRISTÃ,,27,280002552484,CLARIANA ZACARKIM BARAO,CLARIANA BARAO,03/04/1987,9,Válido,nao,,2,0.01,0.013999720,FABIANA CRISTINA TAVARES TORQUATO,FABIANA TORQUATO,DC,v,,,,,04/10/2026 19:20:58,sim
1,04/10/2026,6257,Presidente,1,municipio,PB,19313,2501500,BANANEIRAS,,,,,PARTIDO COMUNISTA BRASILEIRO,i,PCB,0,21,PCB,PARTIDO COMUNISTA BRASILEIRO,,21,280002551975,EDMILSON SILVA COSTA,EDMILSON COSTA,08/04/1950,10,Válido,nao,,1,0.01,0.006999860,CLEUSA DOS SANTOS,CLEUSA SANTOS,PCB,v,,,,,04/10/2026 19:20:58,sim
1,04/10/2026,6257,Presidente,1,municipio,PB,19313,2501500,BANANEIRAS,,,,,PARTIDO SOCIALISTA  DOS TRABALHADORES UNIFICADO,i,PSTU,0,16,PSTU,PARTIDO SOCIALISTA  DOS TRABALHADORES UNIFICADO,,16,280002541457,HERTZ DA CONCEICAO DIAS,HERTZ DIAS,20/10/1970,8,Válido,nao,,0,0.00,0,VANESSA PORTUGAL BARBOSA,VANESSA PORTUGAL,PSTU,v,,,,,04/10/2026 19:20:58,sim
1,04/10/2026,6257,Presidente,1,municipio,PB,19313,2501500,BANANEIRAS,,,,,BRASIL DOS NOSSOS SONHOS,c,AGIR / AVANTE,,70,AVANTE,AVANTE,,70,280002551547,AUGUSTO JORGE CURY,ESCRITOR AUGUSTO CURY,02/10/1958,3,Válido,nao,,434,3.04,3.037939241,JULIO CESAR DELGADO,JÚLIO DELGADO,AVANTE,v,,,,,04/10/2026 19:20:58,sim
1,04/10/2026,6257,Presidente,1,municipio,PB,19313,2501500,BANANEIRAS,,,,,PARTIDO NOVO,i,NOVO,0,30,NOVO,PARTIDO NOVO,,30,280002539826,ROMEU ZEMA NETO,ZEMA,28/10/1964,6,Válido,nao,,4,0.03,0.027999440,LUIS EDUARDO GRANGEIRO GIRÃO,EDUARDO GIRÃO,NOVO,v,,,,,04/10/2026 19:20:58,sim
1,04/10/2026,6257,Presidente,1,municipio,PB,19313,2501500,BANANEIRAS,,,,,UNIDADE POPULAR,i,UP,0,80,UP,UNIDADE POPULAR,,80,280002538811,SAMARA MARTINS DA SILVA FEITOSA,SAMARA,31/08/1987,7,Válido,nao,,5,0.03,0.034999300,RAQUEL NONATO DE BRICIO,RAQUEL BRÍCIO,UP,v,,,,,04/10/2026 19:20:58,sim
1,04/10/2026,6257,Presidente,1,municipio,PB,19313,2501500,BANANEIRAS,,,,,DEMOCRATA,i,DEMOCRATA,0,35,DEMOCRATA,DEMOCRATA,,35,280002548139,WILSON GRASSI JUNIOR,VETERINÁRIO WILSON GRASSI,13/03/1970,11,Válido,nao,,0,0.00,0,SUÊD HAIDAR NOGUEIRA,SUÊD HAIDAR,DEMOCRATA,v,,,,,04/10/2026 19:20:58,sim
1,04/10/2026,6257,Presidente,1,municipio,PB,19313,2501500,BANANEIRAS,,,,,PARTIDO MISSÃO,i,MISSÃO,0,14,MISSÃO,PARTIDO MISSÃO,,14,280002540694,RENAN ANTONIO FERREIRA DOS SANTOS,RENAN SANTOS,14/02/1984,4,Válido,nao,,175,1.22,1.224975500,AROLDO MEDINA,CORONEL MEDINA,MISSÃO,v,,,,,04/10/2026 19:20:58,sim
1,04/10/2026,6257,Presidente,1,municipio,PB,19313,2501500,BANANEIRAS,,,,,PARTIDO DA CAUSA OPERÁRIA,i,PCO,0,29,PCO,PARTIDO DA CAUSA OPERÁRIA,,29,280002552487,RUI COSTA PIMENTA,RUI COSTA PIMENTA,25/06/1957,12,Válido,nao,,1,0.01,0.006999860,ANTONIO CARLOS SILVA,ANTÔNIO CARLOS,PCO,v,,,,,04/10/2026 19:20:58,sim
1,04/10/2026,6257,Presidente,1,municipio,PB,19321,2501351,ASSUNÇÃO,,,,,PARTIDO LIBERAL,i,PL,0,22,PL,PARTIDO LIBERAL,,22,280002551544,FLAVIO NANTES BOLSONARO,FLAVIO BOLSONARO,30/04/1981,1,Válido,nao,,888,28.26,28.262253342,ALFREDO GASPAR DE MENDONÇA NETO,ALFREDO GASPAR,PL,v,,,,,04/10/2026 19:14:56,sim
1,04/10/2026,6257,Presidente,1,municipio,PB,19321,2501351,ASSUNÇÃO,,,,,PARTIDO SOCIAL DEMOCRÁTICO,i,PSD,0,55,PSD,PARTIDO SOCIAL DEMOCRÁTICO,,55,280002551932,RONALDO RAMOS CAIADO,RONALDO CAIADO,25/09/1949,5,Válido,nao,,18,0.57,0.572883514,GILBERTO KASSAB,GILBERTO KASSAB,PSD,v,,,,,04/10/2026 19:14:56,sim
1,04/10/2026,6257,Presidente,1,municipio,PB,19321,2501351,ASSUNÇÃO,,PT/PC do B/PV,FEDERAÇÃO BRASIL DA ESPERANÇA - FE BRASIL,PT/PC do B/PV,BRASIL PRONTO PRA MAIS,c,PSB / PDT / PCDOB / PT / PV / PSOL / REDE,,13,PT,PARTIDO DOS TRABALHADORES,101,13,280002542548,LUIZ INÁCIO LULA DA SILVA,LULA,06/10/1945,2,Válido,nao,,2137,68.01,68.014003819,GERALDO JOSE RODRIGUES ALCKMIN FILHO,GERALDO ALCKMIN,PSB,v,,,,,04/10/2026 19:14:56,sim
1,04/10/2026,6257,Presidente,1,municipio,PB,19321,2501351,ASSUNÇÃO,,,,,PARTIDO SOCIALISTA  DOS TRABALHADORES UNIFICADO,i,PSTU,0,16,PSTU,PARTIDO SOCIALISTA  DOS TRABALHADORES UNIFICADO,,16,280002541457,HERTZ DA CONCEICAO DIAS,HERTZ DIAS,20/10/1970,8,Válido,nao,,0,0.00,0,VANESSA PORTUGAL BARBOSA,VANESSA PORTUGAL,PSTU,v,,,,,04/10/2026 19:14:56,sim
1,04/10/2026,6257,Presidente,1,municipio,PB,19321,2501351,ASSUNÇÃO,,,,,PARTIDO COMUNISTA BRASILEIRO,i,PCB,0,21,PCB,PARTIDO COMUNISTA BRASILEIRO,,21,280002551975,EDMILSON SILVA COSTA,EDMILSON COSTA,08/04/1950,10,Válido,nao,,2,0.06,0.063653724,CLEUSA DOS SANTOS,CLEUSA SANTOS,PCB,v,,,,,04/10/2026 19:14:56,sim
1,04/10/2026,6257,Presidente,1,municipio,PB,19321,2501351,ASSUNÇÃO,,,,,DEMOCRACIA CRISTÃ,i,DC,0,27,DC,DEMOCRACIA CRISTÃ,,27,280002552484,CLARIANA ZACARKIM BARAO,CLARIANA BARAO,03/04/1987,9,Válido,nao,,1,0.03,0.031826862,FABIANA CRISTINA TAVARES TORQUATO,FABIANA TORQUATO,DC,v,,,,,04/10/2026 19:14:56,sim
1,04/10/2026,6257,Presidente,1,municipio,PB,19321,2501351,ASSUNÇÃO,,,,,PARTIDO NOVO,i,NOVO,0,30,NOVO,PARTIDO NOVO,,30,280002539826,ROMEU ZEMA NETO,ZEMA,28/10/1964,6,Válido,nao,,1,0.03,0.031826862,LUIS EDUARDO GRANGEIRO GIRÃO,EDUARDO GIRÃO,NOVO,v,,,,,04/10/2026 19:14:56,sim
1,04/10/2026,6257,Presidente,1,municipio,PB,19321,2501351,ASSUNÇÃO,,,,,BRASIL DOS NOSSOS SONHOS,c,AGIR / AVANTE,,70,AVANTE,AVANTE,,70,280002551547,AUGUSTO JORGE CURY,ESCRITOR AUGUSTO CURY,02/10/1958,3,Válido,nao,,66,2.10,2.100572884,JULIO CESAR DELGADO,JÚLIO DELGADO,AVANTE,v,,,,,04/10/2026 19:14:56,sim
1,04/10/2026,6257,Presidente,1,municipio,PB,19321,2501351,ASSUNÇÃO,,,,,DEMOCRATA,i,DEMOCRATA,0,35,DEMOCRATA,DEMOCRATA,,35,280002548139,WILSON GRASSI JUNIOR,VETERINÁRIO WILSON GRASSI,13/03/1970,11,Válido,nao,,1,0.03,0.031826862,SUÊD HAIDAR NOGUEIRA,SUÊD HAIDAR,DEMOCRATA,v,,,,,04/10/2026 19:14:56,sim
1,04/10/2026,6257,Presidente,1,municipio,PB,19321,2501351,ASSUNÇÃO,,,,,UNIDADE POPULAR,i,UP,0,80,UP,UNIDADE POPULAR,,80,280002538811,SAMARA MARTINS DA SILVA FEITOSA,SAMARA,31/08/1987,7,Válido,nao,,2,0.06,0.063653724,RAQUEL NONATO DE BRICIO,RAQUEL BRÍCIO,UP,v,,,,,04/10/2026 19:14:56,sim
1,04/10/2026,6257,Presidente,1,municipio,PB,19321,2501351,ASSUNÇÃO,,,,,PARTIDO MISSÃO,i,MISSÃO,0,14,MISSÃO,PARTIDO MISSÃO,,14,280002540694,RENAN ANTONIO FERREIRA DOS SANTOS,RENAN SANTOS,14/02/1984,4,Válido,nao,,25,0.80,0.795671547,AROLDO MEDINA,CORONEL MEDINA,MISSÃO,v,,,,,04/10/2026 19:14:56,sim
1,04/10/2026,6257,Presidente,1,municipio,PB,19321,2501351,ASSUNÇÃO,,,,,PARTIDO DA CAUSA OPERÁRIA,i,PCO,0,29,PCO,PARTIDO DA CAUSA OPERÁRIA,,29,280002552487,RUI COSTA PIMENTA,RUI COSTA PIMENTA,25/06/1957,12,Válido,nao,,1,0.03,0.031826862,ANTONIO CARLOS SILVA,ANTÔNIO CARLOS,PCO,v,,,,,04/10/2026 19:14:56,sim
1,04/10/2026,6257,Presidente,1,municipio,PB,19330,2501609,BARRA DE SANTA ROSA,,,,,PARTIDO LIBERAL,i,PL,0,22,PL,PARTIDO LIBERAL,,22,280002551544,FLAVIO NANTES BOLSONARO,FLAVIO BOLSONARO,30/04/1981,1,Válido,nao,,1760,19.78,19.784172662,ALFREDO GASPAR DE MENDONÇA NETO,ALFREDO GASPAR,PL,v,,,,,04/10/2026 19:02:50,sim
1,04/10/2026,6257,Presidente,1,municipio,PB,19330,2501609,BARRA DE SANTA ROSA,,,,,PARTIDO SOCIAL DEMOCRÁTICO,i,PSD,0,55,PSD,PARTIDO SOCIAL DEMOCRÁTICO,,55,280002551932,RONALDO RAMOS CAIADO,RONALDO CAIADO,25/09/1949,4,Válido,nao,,34,0.38,0.382194245,GILBERTO KASSAB,GILBERTO KASSAB,PSD,v,,,,,04/10/2026 19:02:50,sim
1,04/10/2026,6257,Presidente,1,municipio,PB,19330,2501609,BARRA DE SANTA ROSA,,PT/PC do B/PV,FEDERAÇÃO BRASIL DA ESPERANÇA - FE BRASIL,PT/PC do B/PV,BRASIL PRONTO PRA MAIS,c,PSB / PDT / PCDOB / PT / PV / PSOL / REDE,,13,PT,PARTIDO DOS TRABALHADORES,101,13,280002542548,LUIZ INÁCIO LULA DA SILVA,LULA,06/10/1945,2,Válido,nao,,6795,76.38,76.382643885,GERALDO JOSE RODRIGUES ALCKMIN FILHO,GERALDO ALCKMIN,PSB,v,,,,,04/10/2026 19:02:50,sim
1,04/10/2026,6257,Presidente,1,municipio,PB,19330,2501609,BARRA DE SANTA ROSA,,,,,DEMOCRACIA CRISTÃ,i,DC,0,27,DC,DEMOCRACIA CRISTÃ,,27,280002552484,CLARIANA ZACARKIM BARAO,CLARIANA BARAO,03/04/1987,9,Válido,nao,,2,0.02,0.022482014,FABIANA CRISTINA TAVARES TORQUATO,FABIANA TORQUATO,DC,v,,,,,04/10/2026 19:02:50,sim
1,04/10/2026,6257,Presidente,1,municipio,PB,19330,2501609,BARRA DE SANTA ROSA,,,,,PARTIDO COMUNISTA BRASILEIRO,i,PCB,0,21,PCB,PARTIDO COMUNISTA BRASILEIRO,,21,280002551975,EDMILSON SILVA COSTA,EDMILSON COSTA,08/04/1950,10,Válido,nao,,0,0.00,0,CLEUSA DOS SANTOS,CLEUSA SANTOS,PCB,v,,,,,04/10/2026 19:02:50,sim
1,04/10/2026,6257,Presidente,1,municipio,PB,19330,2501609,BARRA DE SANTA ROSA,,,,,PARTIDO SOCIALISTA  DOS TRABALHADORES UNIFICADO,i,PSTU,0,16,PSTU,PARTIDO SOCIALISTA  DOS TRABALHADORES UNIFICADO,,16,280002541457,HERTZ DA CONCEICAO DIAS,HERTZ DIAS,20/10/1970,8,Válido,nao,,2,0.02,0.022482014,VANESSA PORTUGAL BARBOSA,VANESSA PORTUGAL,PSTU,v,,,,,04/10/2026 19:02:50,sim
1,04/10/2026,6257,Presidente,1,municipio,PB,19330,2501609,BARRA DE SANTA ROSA,,,,,BRASIL DOS NOSSOS SONHOS,c,AGIR / AVANTE,,70,AVANTE,AVANTE,,70,280002551547,AUGUSTO JORGE CURY,ESCRITOR AUGUSTO CURY,02/10/1958,3,Válido,nao,,197,2.21,2.214478417,JULIO CESAR DELGADO,JÚLIO DELGADO,AVANTE,v,,,,,04/10/2026 19:02:50,sim
1,04/10/2026,6257,Presidente,1,municipio,PB,19330,2501609,BARRA DE SANTA ROSA,,,,,PARTIDO NOVO,i,NOVO,0,30,NOVO,PARTIDO NOVO,,30,280002539826,ROMEU ZEMA NETO,ZEMA,28/10/1964,6,Válido,nao,,3,0.03,0.033723022,LUIS EDUARDO GRANGEIRO GIRÃO,EDUARDO GIRÃO,NOVO,v,,,,,04/10/2026 19:02:50,sim
1,04/10/2026,6257,Presidente,1,municipio,PB,19330,2501609,BARRA DE SANTA ROSA,,,,,UNIDADE POPULAR,i,UP,0,80,UP,UNIDADE POPULAR,,80,280002538811,SAMARA MARTINS DA SILVA FEITOSA,SAMARA,31/08/1987,7,Válido,nao,,5,0.06,0.056205036,RAQUEL NONATO DE BRICIO,RAQUEL BRÍCIO,UP,v,,,,,04/10/2026 19:02:50,sim
1,04/10/2026,6257,Presidente,1,municipio,PB,19330,2501609,BARRA DE SANTA ROSA,,,,,DEMOCRATA,i,DEMOCRATA,0,35,DEMOCRATA,DEMOCRATA,,35,280002548139,WILSON GRASSI JUNIOR,VETERINÁRIO WILSON GRASSI,13/03/1970,11,Válido,nao,,0,0.00,0,SUÊD HAIDAR NOGUEIRA,SUÊD HAIDAR,DEMOCRATA,v,,,,,04/10/2026 19:02:50,sim
1,04/10/2026,6257,Presidente,1,municipio,PB,19330,2501609,BARRA DE SANTA ROSA,,,,,PARTIDO MISSÃO,i,MISSÃO,0,14,MISSÃO,PARTIDO MISSÃO,,14,280002540694,RENAN ANTONIO FERREIRA DOS SANTOS,RENAN SANTOS,14/02/1984,5,Válido,nao,,98,1.10,1.101618705,AROLDO MEDINA,CORONEL MEDINA,MISSÃO,v,,,,,04/10/2026 19:02:50,sim
1,04/10/2026,6257,Presidente,1,municipio,PB,19330,2501609,BARRA DE SANTA ROSA,,,,,PARTIDO DA CAUSA OPERÁRIA,i,PCO,0,29,PCO,PARTIDO DA CAUSA OPERÁRIA,,29,280002552487,RUI COSTA PIMENTA,RUI COSTA PIMENTA,25/06/1957,12,Válido,nao,,0,0.00,0,ANTONIO CARLOS SILVA,ANTÔNIO CARLOS,PCO,v,,,,,04/10/2026 19:02:50,sim
1,04/10/2026,6257,Presidente,1,municipio,PB,19348,2517407,ZABELÊ,,,,,PARTIDO LIBERAL,i,PL,0,22,PL,PARTIDO LIBERAL,,22,280002551544,FLAVIO NANTES BOLSONARO,FLAVIO BOLSONARO,30/04/1981,1,Válido,nao,,318,15.88,15.884115884,ALFREDO GASPAR DE MENDONÇA NETO,ALFREDO GASPAR,PL,v,,,,,04/10/2026 19:22:36,sim
1,04/10/2026,6257,Presidente,1,municipio,PB,19348,2517407,ZABELÊ,,,,,PARTIDO SOCIAL DEMOCRÁTICO,i,PSD,0,55,PSD,PARTIDO SOCIAL DEMOCRÁTICO,,55,280002551932,RONALDO RAMOS CAIADO,RONALDO CAIADO,25/09/1949,5,Válido,nao,,6,0.30,0.299700300,GILBERTO KASSAB,GILBERTO KASSAB,PSD,v,,,,,04/10/2026 19:22:36,sim
1,04/10/2026,6257,Presidente,1,municipio,PB,19348,2517407,ZABELÊ,,PT/PC do B/PV,FEDERAÇÃO BRASIL DA ESPERANÇA - FE BRASIL,PT/PC do B/PV,BRASIL PRONTO PRA MAIS,c,PSB / PDT / PCDOB / PT / PV / PSOL / REDE,,13,PT,PARTIDO DOS TRABALHADORES,101,13,280002542548,LUIZ INÁCIO LULA DA SILVA,LULA,06/10/1945,2,Válido,nao,,1616,80.72,80.719280719,GERALDO JOSE RODRIGUES ALCKMIN FILHO,GERALDO ALCKMIN,PSB,v,,,,,04/10/2026 19:22:36,sim
1,04/10/2026,6257,Presidente,1,municipio,PB,19348,2517407,ZABELÊ,,,,,PARTIDO SOCIALISTA  DOS TRABALHADORES UNIFICADO,i,PSTU,0,16,PSTU,PARTIDO SOCIALISTA  DOS TRABALHADORES UNIFICADO,,16,280002541457,HERTZ DA CONCEICAO DIAS,HERTZ DIAS,20/10/1970,8,Válido,nao,,0,0.00,0,VANESSA PORTUGAL BARBOSA,VANESSA PORTUGAL,PSTU,v,,,,,04/10/2026 19:22:36,sim
1,04/10/2026,6257,Presidente,1,municipio,PB,19348,2517407,ZABELÊ,,,,,PARTIDO COMUNISTA BRASILEIRO,i,PCB,0,21,PCB,PARTIDO COMUNISTA BRASILEIRO,,21,280002551975,EDMILSON SILVA COSTA,EDMILSON COSTA,08/04/1950,10,Válido,nao,,1,0.05,0.049950050,CLEUSA DOS SANTOS,CLEUSA SANTOS,PCB,v,,,,,04/10/2026 19:22:36,sim
1,04/10/2026,6257,Presidente,1,municipio,PB,19348,2517407,ZABELÊ,,,,,DEMOCRACIA CRISTÃ,i,DC,0,27,DC,DEMOCRACIA CRISTÃ,,27,280002552484,CLARIANA ZACARKIM BARAO,CLARIANA BARAO,03/04/1987,9,Válido,nao,,0,0.00,0,FABIANA CRISTINA TAVARES TORQUATO,FABIANA TORQUATO,DC,v,,,,,04/10/2026 19:22:36,sim
1,04/10/2026,6257,Presidente,1,municipio,PB,19348,2517407,ZABELÊ,,,,,PARTIDO NOVO,i,NOVO,0,30,NOVO,PARTIDO NOVO,,30,280002539826,ROMEU ZEMA NETO,ZEMA,28/10/1964,6,Válido,nao,,0,0.00,0,LUIS EDUARDO GRANGEIRO GIRÃO,EDUARDO GIRÃO,NOVO,v,,,,,04/10/2026 19:22:36,sim
1,04/10/2026,6257,Presidente,1,municipio,PB,19348,2517407,ZABELÊ,,,,,BRASIL DOS NOSSOS SONHOS,c,AGIR / AVANTE,,70,AVANTE,AVANTE,,70,280002551547,AUGUSTO JORGE CURY,ESCRITOR AUGUSTO CURY,02/10/1958,3,Válido,nao,,30,1.50,1.498501499,JULIO CESAR DELGADO,JÚLIO DELGADO,AVANTE,v,,,,,04/10/2026 19:22:36,sim
1,04/10/2026,6257,Presidente,1,municipio,PB,19348,2517407,ZABELÊ,,,,,DEMOCRATA,i,DEMOCRATA,0,35,DEMOCRATA,DEMOCRATA,,35,280002548139,WILSON GRASSI JUNIOR,VETERINÁRIO WILSON GRASSI,13/03/1970,11,Válido,nao,,0,0.00,0,SUÊD HAIDAR NOGUEIRA,SUÊD HAIDAR,DEMOCRATA,v,,,,,04/10/2026 19:22:36,sim
1,04/10/2026,6257,Presidente,1,municipio,PB,19348,2517407,ZABELÊ,,,,,UNIDADE POPULAR,i,UP,0,80,UP,UNIDADE POPULAR,,80,280002538811,SAMARA MARTINS DA SILVA FEITOSA,SAMARA,31/08/1987,7,Válido,nao,,0,0.00,0,RAQUEL NONATO DE BRICIO,RAQUEL BRÍCIO,UP,v,,,,,04/10/2026 19:22:36,sim
1,04/10/2026,6257,Presidente,1,municipio,PB,19348,2517407,ZABELÊ,,,,,PARTIDO MISSÃO,i,MISSÃO,0,14,MISSÃO,PARTIDO MISSÃO,,14,280002540694,RENAN ANTONIO FERREIRA DOS SANTOS,RENAN SANTOS,14/02/1984,4,Válido,nao,,31,1.55,1.548451548,AROLDO MEDINA,CORONEL MEDINA,MISSÃO,v,,,,,04/10/2026 19:22:36,sim
1,04/10/2026,6257,Presidente,1,municipio,PB,19348,2517407,ZABELÊ,,,,,PARTIDO DA CAUSA OPERÁRIA,i,PCO,0,29,PCO,PARTIDO DA CAUSA OPERÁRIA,,29,280002552487,RUI COSTA PIMENTA,RUI COSTA PIMENTA,25/06/1957,12,Válido,nao,,0,0.00,0,ANTONIO CARLOS SILVA,ANTÔNIO CARLOS,PCO,v,,,,,04/10/2026 19:22:36,sim
1,04/10/2026,6257,Presidente,1,municipio,PB,19356,2501708,BARRA DE SÃO MIGUEL,,,,,PARTIDO LIBERAL,i,PL,0,22,PL,PARTIDO LIBERAL,,22,280002551544,FLAVIO NANTES BOLSONARO,FLAVIO BOLSONARO,30/04/1981,1,Válido,nao,,1388,28.21,28.211382114,ALFREDO GASPAR DE MENDONÇA NETO,ALFREDO GASPAR,PL,v,,,,,04/10/2026 20:11:34,sim
1,04/10/2026,6257,Presidente,1,municipio,PB,19356,2501708,BARRA DE SÃO MIGUEL,,,,,PARTIDO SOCIAL DEMOCRÁTICO,i,PSD,0,55,PSD,PARTIDO SOCIAL DEMOCRÁTICO,,55,280002551932,RONALDO RAMOS CAIADO,RONALDO CAIADO,25/09/1949,5,Válido,nao,,21,0.43,0.426829268,GILBERTO KASSAB,GILBERTO KASSAB,PSD,v,,,,,04/10/2026 20:11:34,sim
1,04/10/2026,6257,Presidente,1,municipio,PB,19356,2501708,BARRA DE SÃO MIGUEL,,PT/PC do B/PV,FEDERAÇÃO BRASIL DA ESPERANÇA - FE BRASIL,PT/PC do B/PV,BRASIL PRONTO PRA MAIS,c,PSB / PDT / PCDOB / PT / PV / PSOL / REDE,,13,PT,PARTIDO DOS TRABALHADORES,101,13,280002542548,LUIZ INÁCIO LULA DA SILVA,LULA,06/10/1945,2,Válido,nao,,3334,67.76,67.764227642,GERALDO JOSE RODRIGUES ALCKMIN FILHO,GERALDO ALCKMIN,PSB,v,,,,,04/10/2026 20:11:34,sim
1,04/10/2026,6257,Presidente,1,municipio,PB,19356,2501708,BARRA DE SÃO MIGUEL,,,,,DEMOCRACIA CRISTÃ,i,DC,0,27,DC,DEMOCRACIA CRISTÃ,,27,280002552484,CLARIANA ZACARKIM BARAO,CLARIANA BARAO,03/04/1987,9,Válido,nao,,0,0.00,0,FABIANA CRISTINA TAVARES TORQUATO,FABIANA TORQUATO,DC,v,,,,,04/10/2026 20:11:34,sim
1,04/10/2026,6257,Presidente,1,municipio,PB,19356,2501708,BARRA DE SÃO MIGUEL,,,,,PARTIDO COMUNISTA BRASILEIRO,i,PCB,0,21,PCB,PARTIDO COMUNISTA BRASILEIRO,,21,280002551975,EDMILSON SILVA COSTA,EDMILSON COSTA,08/04/1950,10,Válido,nao,,0,0.00,0,CLEUSA DOS SANTOS,CLEUSA SANTOS,PCB,v,,,,,04/10/2026 20:11:34,sim
1,04/10/2026,6257,Presidente,1,municipio,PB,19356,2501708,BARRA DE SÃO MIGUEL,,,,,PARTIDO SOCIALISTA  DOS TRABALHADORES UNIFICADO,i,PSTU,0,16,PSTU,PARTIDO SOCIALISTA  DOS TRABALHADORES UNIFICADO,,16,280002541457,HERTZ DA CONCEICAO DIAS,HERTZ DIAS,20/10/1970,8,Válido,nao,,0,0.00,0,VANESSA PORTUGAL BARBOSA,VANESSA PORTUGAL,PSTU,v,,,,,04/10/2026 20:11:34,sim
1,04/10/2026,6257,Presidente,1,municipio,PB,19356,2501708,BARRA DE SÃO MIGUEL,,,,,BRASIL DOS NOSSOS SONHOS,c,AGIR / AVANTE,,70,AVANTE,AVANTE,,70,280002551547,AUGUSTO JORGE CURY,ESCRITOR AUGUSTO CURY,02/10/1958,3,Válido,nao,,118,2.40,2.398373984,JULIO CESAR DELGADO,JÚLIO DELGADO,AVANTE,v,,,,,04/10/2026 20:11:34,sim
1,04/10/2026,6257,Presidente,1,municipio,PB,19356,2501708,BARRA DE SÃO MIGUEL,,,,,PARTIDO NOVO,i,NOVO,0,30,NOVO,PARTIDO NOVO,,30,280002539826,ROMEU ZEMA NETO,ZEMA,28/10/1964,6,Válido,nao,,1,0.02,0.020325203,LUIS EDUARDO GRANGEIRO GIRÃO,EDUARDO GIRÃO,NOVO,v,,,,,04/10/2026 20:11:34,sim
1,04/10/2026,6257,Presidente,1,municipio,PB,19356,2501708,BARRA DE SÃO MIGUEL,,,,,UNIDADE POPULAR,i,UP,0,80,UP,UNIDADE POPULAR,,80,280002538811,SAMARA MARTINS DA SILVA FEITOSA,SAMARA,31/08/1987,7,Válido,nao,,0,0.00,0,RAQUEL NONATO DE BRICIO,RAQUEL BRÍCIO,UP,v,,,,,04/10/2026 20:11:34,sim
1,04/10/2026,6257,Presidente,1,municipio,PB,19356,2501708,BARRA DE SÃO MIGUEL,,,,,DEMOCRATA,i,DEMOCRATA,0,35,DEMOCRATA,DEMOCRATA,,35,280002548139,WILSON GRASSI JUNIOR,VETERINÁRIO WILSON GRASSI,13/03/1970,11,Válido,nao,,0,0.00,0,SUÊD HAIDAR NOGUEIRA,SUÊD HAIDAR,DEMOCRATA,v,,,,,04/10/2026 20:11:34,sim
1,04/10/2026,6257,Presidente,1,municipio,PB,19356,2501708,BARRA DE SÃO MIGUEL,,,,,PARTIDO MISSÃO,i,MISSÃO,0,14,MISSÃO,PARTIDO MISSÃO,,14,280002540694,RENAN ANTONIO FERREIRA DOS SANTOS,RENAN SANTOS,14/02/1984,4,Válido,nao,,58,1.18,1.178861789,AROLDO MEDINA,CORONEL MEDINA,MISSÃO,v,,,,,04/10/2026 20:11:34,sim
1,04/10/2026,6257,Presidente,1,municipio,PB,19356,2501708,BARRA DE SÃO MIGUEL,,,,,PARTIDO DA CAUSA OPERÁRIA,i,PCO,0,29,PCO,PARTIDO DA CAUSA OPERÁRIA,,29,280002552487,RUI COSTA PIMENTA,RUI COSTA PIMENTA,25/06/1957,12,Válido,nao,,0,0.00,0,ANTONIO CARLOS SILVA,ANTÔNIO CARLOS,PCO,v,,,,,04/10/2026 20:11:34,sim
1,04/10/2026,6257,Presidente,1,municipio,PB,19364,2503555,CACIMBAS,,,,,PARTIDO LIBERAL,i,PL,0,22,PL,PARTIDO LIBERAL,,22,280002551544,FLAVIO NANTES BOLSONARO,FLAVIO BOLSONARO,30/04/1981,1,Válido,nao,,744,16.40,16.402116402,ALFREDO GASPAR DE MENDONÇA NETO,ALFREDO GASPAR,PL,v,,,,,04/10/2026 19:07:02,sim
1,04/10/2026,6257,Presidente,1,municipio,PB,19364,2503555,CACIMBAS,,,,,PARTIDO SOCIAL DEMOCRÁTICO,i,PSD,0,55,PSD,PARTIDO SOCIAL DEMOCRÁTICO,,55,280002551932,RONALDO RAMOS CAIADO,RONALDO CAIADO,25/09/1949,4,Válido,nao,,14,0.31,0.308641975,GILBERTO KASSAB,GILBERTO KASSAB,PSD,v,,,,,04/10/2026 19:07:02,sim
1,04/10/2026,6257,Presidente,1,municipio,PB,19364,2503555,CACIMBAS,,PT/PC do B/PV,FEDERAÇÃO BRASIL DA ESPERANÇA - FE BRASIL,PT/PC do B/PV,BRASIL PRONTO PRA MAIS,c,PSB / PDT / PCDOB / PT / PV / PSOL / REDE,,13,PT,PARTIDO DOS TRABALHADORES,101,13,280002542548,LUIZ INÁCIO LULA DA SILVA,LULA,06/10/1945,2,Válido,nao,,3612,79.63,79.629629630,GERALDO JOSE RODRIGUES ALCKMIN FILHO,GERALDO ALCKMIN,PSB,v,,,,,04/10/2026 19:07:02,sim
1,04/10/2026,6257,Presidente,1,municipio,PB,19364,2503555,CACIMBAS,,,,,PARTIDO SOCIALISTA  DOS TRABALHADORES UNIFICADO,i,PSTU,0,16,PSTU,PARTIDO SOCIALISTA  DOS TRABALHADORES UNIFICADO,,16,280002541457,HERTZ DA CONCEICAO DIAS,HERTZ DIAS,20/10/1970,8,Válido,nao,,1,0.02,0.022045855,VANESSA PORTUGAL BARBOSA,VANESSA PORTUGAL,PSTU,v,,,,,04/10/2026 19:07:02,sim
1,04/10/2026,6257,Presidente,1,municipio,PB,19364,2503555,CACIMBAS,,,,,PARTIDO COMUNISTA BRASILEIRO,i,PCB,0,21,PCB,PARTIDO COMUNISTA BRASILEIRO,,21,280002551975,EDMILSON SILVA COSTA,EDMILSON COSTA,08/04/1950,10,Válido,nao,,0,0.00,0,CLEUSA DOS SANTOS,CLEUSA SANTOS,PCB,v,,,,,04/10/2026 19:07:02,sim
1,04/10/2026,6257,Presidente,1,municipio,PB,19364,2503555,CACIMBAS,,,,,DEMOCRACIA CRISTÃ,i,DC,0,27,DC,DEMOCRACIA CRISTÃ,,27,280002552484,CLARIANA ZACARKIM BARAO,CLARIANA BARAO,03/04/1987,9,Válido,nao,,0,0.00,0,FABIANA CRISTINA TAVARES TORQUATO,FABIANA TORQUATO,DC,v,,,,,04/10/2026 19:07:02,sim
1,04/10/2026,6257,Presidente,1,municipio,PB,19364,2503555,CACIMBAS,,,,,PARTIDO NOVO,i,NOVO,0,30,NOVO,PARTIDO NOVO,,30,280002539826,ROMEU ZEMA NETO,ZEMA,28/10/1964,6,Válido,nao,,2,0.04,0.044091711,LUIS EDUARDO GRANGEIRO GIRÃO,EDUARDO GIRÃO,NOVO,v,,,,,04/10/2026 19:07:02,sim
1,04/10/2026,6257,Presidente,1,municipio,PB,19364,2503555,CACIMBAS,,,,,BRASIL DOS NOSSOS SONHOS,c,AGIR / AVANTE,,70,AVANTE,AVANTE,,70,280002551547,AUGUSTO JORGE CURY,ESCRITOR AUGUSTO CURY,02/10/1958,3,Válido,nao,,108,2.38,2.380952381,JULIO CESAR DELGADO,JÚLIO DELGADO,AVANTE,v,,,,,04/10/2026 19:07:02,sim
1,04/10/2026,6257,Presidente,1,municipio,PB,19364,2503555,CACIMBAS,,,,,DEMOCRATA,i,DEMOCRATA,0,35,DEMOCRATA,DEMOCRATA,,35,280002548139,WILSON GRASSI JUNIOR,VETERINÁRIO WILSON GRASSI,13/03/1970,11,Válido,nao,,0,0.00,0,SUÊD HAIDAR NOGUEIRA,SUÊD HAIDAR,DEMOCRATA,v,,,,,04/10/2026 19:07:02,sim
1,04/10/2026,6257,Presidente,1,municipio,PB,19364,2503555,CACIMBAS,,,,,UNIDADE POPULAR,i,UP,0,80,UP,UNIDADE POPULAR,,80,280002538811,SAMARA MARTINS DA SILVA FEITOSA,SAMARA,31/08/1987,7,Válido,nao,,1,0.02,0.022045855,RAQUEL NONATO DE BRICIO,RAQUEL BRÍCIO,UP,v,,,,,04/10/2026 19:07:02,sim
1,04/10/2026,6257,Presidente,1,municipio,PB,19364,2503555,CACIMBAS,,,,,PARTIDO MISSÃO,i,MISSÃO,0,14,MISSÃO,PARTIDO MISSÃO,,14,280002540694,RENAN ANTONIO FERREIRA DOS SANTOS,RENAN SANTOS,14/02/1984,5,Válido,nao,,54,1.19,1.190476190,AROLDO MEDINA,CORONEL MEDINA,MISSÃO,v,,,,,04/10/2026 19:07:02,sim
1,04/10/2026,6257,Presidente,1,municipio,PB,19364,2503555,CACIMBAS,,,,,PARTIDO DA CAUSA OPERÁRIA,i,PCO,0,29,PCO,PARTIDO DA CAUSA OPERÁRIA,,29,280002552487,RUI COSTA PIMENTA,RUI COSTA PIMENTA,25/06/1957,12,Válido,nao,,0,0.00,0,ANTONIO CARLOS SILVA,ANTÔNIO CARLOS,PCO,v,,,,,04/10/2026 19:07:02,sim
1,04/10/2026,6257,Presidente,1,municipio,PB,19372,2501807,BAYEUX,,,,,PARTIDO LIBERAL,i,PL,0,22,PL,PARTIDO LIBERAL,,22,280002551544,FLAVIO NANTES BOLSONARO,FLAVIO BOLSONARO,30/04/1981,1,Válido,nao,,27396,46.31,46.310664841,ALFREDO GASPAR DE MENDONÇA NETO,ALFREDO GASPAR,PL,v,,,,,04/10/2026 20:11:34,sim
1,04/10/2026,6257,Presidente,1,municipio,PB,19372,2501807,BAYEUX,,,,,PARTIDO SOCIAL DEMOCRÁTICO,i,PSD,0,55,PSD,PARTIDO SOCIAL DEMOCRÁTICO,,55,280002551932,RONALDO RAMOS CAIADO,RONALDO CAIADO,25/09/1949,5,Válido,nao,,557,0.94,0.941562283,GILBERTO KASSAB,GILBERTO KASSAB,PSD,v,,,,,04/10/2026 20:11:34,sim
1,04/10/2026,6257,Presidente,1,municipio,PB,19372,2501807,BAYEUX,,PT/PC do B/PV,FEDERAÇÃO BRASIL DA ESPERANÇA - FE BRASIL,PT/PC do B/PV,BRASIL PRONTO PRA MAIS,c,PSB / PDT / PCDOB / PT / PV / PSOL / REDE,,13,PT,PARTIDO DOS TRABALHADORES,101,13,280002542548,LUIZ INÁCIO LULA DA SILVA,LULA,06/10/1945,2,Válido,nao,,27912,47.18,47.182920026,GERALDO JOSE RODRIGUES ALCKMIN FILHO,GERALDO ALCKMIN,PSB,v,,,,,04/10/2026 20:11:34,sim
1,04/10/2026,6257,Presidente,1,municipio,PB,19372,2501807,BAYEUX,,,,,DEMOCRACIA CRISTÃ,i,DC,0,27,DC,DEMOCRACIA CRISTÃ,,27,280002552484,CLARIANA ZACARKIM BARAO,CLARIANA BARAO,03/04/1987,9,Válido,nao,,18,0.03,0.030427506,FABIANA CRISTINA TAVARES TORQUATO,FABIANA TORQUATO,DC,v,,,,,04/10/2026 20:11:34,sim
1,04/10/2026,6257,Presidente,1,municipio,PB,19372,2501807,BAYEUX,,,,,PARTIDO COMUNISTA BRASILEIRO,i,PCB,0,21,PCB,PARTIDO COMUNISTA BRASILEIRO,,21,280002551975,EDMILSON SILVA COSTA,EDMILSON COSTA,08/04/1950,10,Válido,nao,,7,0.01,0.011832919,CLEUSA DOS SANTOS,CLEUSA SANTOS,PCB,v,,,,,04/10/2026 20:11:34,sim
1,04/10/2026,6257,Presidente,1,municipio,PB,19372,2501807,BAYEUX,,,,,PARTIDO SOCIALISTA  DOS TRABALHADORES UNIFICADO,i,PSTU,0,16,PSTU,PARTIDO SOCIALISTA  DOS TRABALHADORES UNIFICADO,,16,280002541457,HERTZ DA CONCEICAO DIAS,HERTZ DIAS,20/10/1970,8,Válido,nao,,12,0.02,0.020285004,VANESSA PORTUGAL BARBOSA,VANESSA PORTUGAL,PSTU,v,,,,,04/10/2026 20:11:34,sim
1,04/10/2026,6257,Presidente,1,municipio,PB,19372,2501807,BAYEUX,,,,,BRASIL DOS NOSSOS SONHOS,c,AGIR / AVANTE,,70,AVANTE,AVANTE,,70,280002551547,AUGUSTO JORGE CURY,ESCRITOR AUGUSTO CURY,02/10/1958,3,Válido,nao,,2174,3.67,3.674966614,JULIO CESAR DELGADO,JÚLIO DELGADO,AVANTE,v,,,,,04/10/2026 20:11:34,sim
1,04/10/2026,6257,Presidente,1,municipio,PB,19372,2501807,BAYEUX,,,,,PARTIDO NOVO,i,NOVO,0,30,NOVO,PARTIDO NOVO,,30,280002539826,ROMEU ZEMA NETO,ZEMA,28/10/1964,6,Válido,nao,,50,0.08,0.084520851,LUIS EDUARDO GRANGEIRO GIRÃO,EDUARDO GIRÃO,NOVO,v,,,,,04/10/2026 20:11:34,sim
1,04/10/2026,6257,Presidente,1,municipio,PB,19372,2501807,BAYEUX,,,,,UNIDADE POPULAR,i,UP,0,80,UP,UNIDADE POPULAR,,80,280002538811,SAMARA MARTINS DA SILVA FEITOSA,SAMARA,31/08/1987,7,Válido,nao,,51,0.09,0.086211268,RAQUEL NONATO DE BRICIO,RAQUEL BRÍCIO,UP,v,,,,,04/10/2026 20:11:34,sim
1,04/10/2026,6257,Presidente,1,municipio,PB,19372,2501807,BAYEUX,,,,,DEMOCRATA,i,DEMOCRATA,0,35,DEMOCRATA,DEMOCRATA,,35,280002548139,WILSON GRASSI JUNIOR,VETERINÁRIO WILSON GRASSI,13/03/1970,11,Válido,nao,,5,0.01,0.008452085,SUÊD HAIDAR NOGUEIRA,SUÊD HAIDAR,DEMOCRATA,v,,,,,04/10/2026 20:11:34,sim
1,04/10/2026,6257,Presidente,1,municipio,PB,19372,2501807,BAYEUX,,,,,PARTIDO MISSÃO,i,MISSÃO,0,14,MISSÃO,PARTIDO MISSÃO,,14,280002540694,RENAN ANTONIO FERREIRA DOS SANTOS,RENAN SANTOS,14/02/1984,4,Válido,nao,,970,1.64,1.639704515,AROLDO MEDINA,CORONEL MEDINA,MISSÃO,v,,,,,04/10/2026 20:11:34,sim
1,04/10/2026,6257,Presidente,1,municipio,PB,19372,2501807,BAYEUX,,,,,PARTIDO DA CAUSA OPERÁRIA,i,PCO,0,29,PCO,PARTIDO DA CAUSA OPERÁRIA,,29,280002552487,RUI COSTA PIMENTA,RUI COSTA PIMENTA,25/06/1957,12,Válido,nao,,5,0.01,0.008452085,ANTONIO CARLOS SILVA,ANTÔNIO CARLOS,PCO,v,,,,,04/10/2026 20:11:34,sim
1,04/10/2026,6257,Presidente,1,municipio,PB,19380,2503753,CAJAZEIRINHAS,,,,,PARTIDO LIBERAL,i,PL,0,22,PL,PARTIDO LIBERAL,,22,280002551544,FLAVIO NANTES BOLSONARO,FLAVIO BOLSONARO,30/04/1981,1,Válido,nao,,636,22.29,22.292323870,ALFREDO GASPAR DE MENDONÇA NETO,ALFREDO GASPAR,PL,v,,,,,04/10/2026 18:23:59,sim
1,04/10/2026,6257,Presidente,1,municipio,PB,19380,2503753,CAJAZEIRINHAS,,,,,PARTIDO SOCIAL DEMOCRÁTICO,i,PSD,0,55,PSD,PARTIDO SOCIAL DEMOCRÁTICO,,55,280002551932,RONALDO RAMOS CAIADO,RONALDO CAIADO,25/09/1949,4,Válido,nao,,13,0.46,0.455660708,GILBERTO KASSAB,GILBERTO KASSAB,PSD,v,,,,,04/10/2026 18:23:59,sim
1,04/10/2026,6257,Presidente,1,municipio,PB,19380,2503753,CAJAZEIRINHAS,,PT/PC do B/PV,FEDERAÇÃO BRASIL DA ESPERANÇA - FE BRASIL,PT/PC do B/PV,BRASIL PRONTO PRA MAIS,c,PSB / PDT / PCDOB / PT / PV / PSOL / REDE,,13,PT,PARTIDO DOS TRABALHADORES,101,13,280002542548,LUIZ INÁCIO LULA DA SILVA,LULA,06/10/1945,2,Válido,nao,,2137,74.90,74.903610235,GERALDO JOSE RODRIGUES ALCKMIN FILHO,GERALDO ALCKMIN,PSB,v,,,,,04/10/2026 18:23:59,sim
1,04/10/2026,6257,Presidente,1,municipio,PB,19380,2503753,CAJAZEIRINHAS,,,,,DEMOCRACIA CRISTÃ,i,DC,0,27,DC,DEMOCRACIA CRISTÃ,,27,280002552484,CLARIANA ZACARKIM BARAO,CLARIANA BARAO,03/04/1987,8,Válido,nao,,0,0.00,0,FABIANA CRISTINA TAVARES TORQUATO,FABIANA TORQUATO,DC,v,,,,,04/10/2026 18:23:59,sim
1,04/10/2026,6257,Presidente,1,municipio,PB,19380,2503753,CAJAZEIRINHAS,,,,,PARTIDO COMUNISTA BRASILEIRO,i,PCB,0,21,PCB,PARTIDO COMUNISTA BRASILEIRO,,21,280002551975,EDMILSON SILVA COSTA,EDMILSON COSTA,08/04/1950,10,Válido,nao,,0,0.00,0,CLEUSA DOS SANTOS,CLEUSA SANTOS,PCB,v,,,,,04/10/2026 18:23:59,sim
1,04/10/2026,6257,Presidente,1,municipio,PB,19380,2503753,CAJAZEIRINHAS,,,,,PARTIDO SOCIALISTA  DOS TRABALHADORES UNIFICADO,i,PSTU,0,16,PSTU,PARTIDO SOCIALISTA  DOS TRABALHADORES UNIFICADO,,16,280002541457,HERTZ DA CONCEICAO DIAS,HERTZ DIAS,20/10/1970,9,Válido,nao,,0,0.00,0,VANESSA PORTUGAL BARBOSA,VANESSA PORTUGAL,PSTU,v,,,,,04/10/2026 18:23:59,sim
1,04/10/2026,6257,Presidente,1,municipio,PB,19380,2503753,CAJAZEIRINHAS,,,,,BRASIL DOS NOSSOS SONHOS,c,AGIR / AVANTE,,70,AVANTE,AVANTE,,70,280002551547,AUGUSTO JORGE CURY,ESCRITOR AUGUSTO CURY,02/10/1958,3,Válido,nao,,43,1.51,1.507185419,JULIO CESAR DELGADO,JÚLIO DELGADO,AVANTE,v,,,,,04/10/2026 18:23:59,sim
1,04/10/2026,6257,Presidente,1,municipio,PB,19380,2503753,CAJAZEIRINHAS,,,,,PARTIDO NOVO,i,NOVO,0,30,NOVO,PARTIDO NOVO,,30,280002539826,ROMEU ZEMA NETO,ZEMA,28/10/1964,6,Válido,nao,,0,0.00,0,LUIS EDUARDO GRANGEIRO GIRÃO,EDUARDO GIRÃO,NOVO,v,,,,,04/10/2026 18:23:59,sim
1,04/10/2026,6257,Presidente,1,municipio,PB,19380,2503753,CAJAZEIRINHAS,,,,,UNIDADE POPULAR,i,UP,0,80,UP,UNIDADE POPULAR,,80,280002538811,SAMARA MARTINS DA SILVA FEITOSA,SAMARA,31/08/1987,7,Válido,nao,,0,0.00,0,RAQUEL NONATO DE BRICIO,RAQUEL BRÍCIO,UP,v,,,,,04/10/2026 18:23:59,sim
1,04/10/2026,6257,Presidente,1,municipio,PB,19380,2503753,CAJAZEIRINHAS,,,,,DEMOCRATA,i,DEMOCRATA,0,35,DEMOCRATA,DEMOCRATA,,35,280002548139,WILSON GRASSI JUNIOR,VETERINÁRIO WILSON GRASSI,13/03/1970,11,Válido,nao,,0,0.00,0,SUÊD HAIDAR NOGUEIRA,SUÊD HAIDAR,DEMOCRATA,v,,,,,04/10/2026 18:23:59,sim
1,04/10/2026,6257,Presidente,1,municipio,PB,19380,2503753,CAJAZEIRINHAS,,,,,PARTIDO MISSÃO,i,MISSÃO,0,14,MISSÃO,PARTIDO MISSÃO,,14,280002540694,RENAN ANTONIO FERREIRA DOS SANTOS,RENAN SANTOS,14/02/1984,5,Válido,nao,,24,0.84,0.841219769,AROLDO MEDINA,CORONEL MEDINA,MISSÃO,v,,,,,04/10/2026 18:23:59,sim
1,04/10/2026,6257,Presidente,1,municipio,PB,19380,2503753,CAJAZEIRINHAS,,,,,PARTIDO DA CAUSA OPERÁRIA,i,PCO,0,29,PCO,PARTIDO DA CAUSA OPERÁRIA,,29,280002552487,RUI COSTA PIMENTA,RUI COSTA PIMENTA,25/06/1957,12,Válido,nao,,0,0.00,0,ANTONIO CARLOS SILVA,ANTÔNIO CARLOS,PCO,v,,,,,04/10/2026 18:23:59,sim
1,04/10/2026,6257,Presidente,1,municipio,PB,19399,2501906,BELÉM,,,,,PARTIDO LIBERAL,i,PL,0,22,PL,PARTIDO LIBERAL,,22,280002551544,FLAVIO NANTES BOLSONARO,FLAVIO BOLSONARO,30/04/1981,1,Válido,nao,,2977,30.54,30.536465278,ALFREDO GASPAR DE MENDONÇA NETO,ALFREDO GASPAR,PL,v,,,,,04/10/2026 20:54:28,sim
1,04/10/2026,6257,Presidente,1,municipio,PB,19399,2501906,BELÉM,,,,,PARTIDO SOCIAL DEMOCRÁTICO,i,PSD,0,55,PSD,PARTIDO SOCIAL DEMOCRÁTICO,,55,280002551932,RONALDO RAMOS CAIADO,RONALDO CAIADO,25/09/1949,5,Válido,nao,,50,0.51,0.512873115,GILBERTO KASSAB,GILBERTO KASSAB,PSD,v,,,,,04/10/2026 20:54:28,sim
1,04/10/2026,6257,Presidente,1,municipio,PB,19399,2501906,BELÉM,,PT/PC do B/PV,FEDERAÇÃO BRASIL DA ESPERANÇA - FE BRASIL,PT/PC do B/PV,BRASIL PRONTO PRA MAIS,c,PSB / PDT / PCDOB / PT / PV / PSOL / REDE,,13,PT,PARTIDO DOS TRABALHADORES,101,13,280002542548,LUIZ INÁCIO LULA DA SILVA,LULA,06/10/1945,2,Válido,nao,,6371,65.35,65.350292338,GERALDO JOSE RODRIGUES ALCKMIN FILHO,GERALDO ALCKMIN,PSB,v,,,,,04/10/2026 20:54:28,sim
1,04/10/2026,6257,Presidente,1,municipio,PB,19399,2501906,BELÉM,,,,,DEMOCRACIA CRISTÃ,i,DC,0,27,DC,DEMOCRACIA CRISTÃ,,27,280002552484,CLARIANA ZACARKIM BARAO,CLARIANA BARAO,03/04/1987,9,Válido,nao,,2,0.02,0.020514925,FABIANA CRISTINA TAVARES TORQUATO,FABIANA TORQUATO,DC,v,,,,,04/10/2026 20:54:28,sim
1,04/10/2026,6257,Presidente,1,municipio,PB,19399,2501906,BELÉM,,,,,PARTIDO COMUNISTA BRASILEIRO,i,PCB,0,21,PCB,PARTIDO COMUNISTA BRASILEIRO,,21,280002551975,EDMILSON SILVA COSTA,EDMILSON COSTA,08/04/1950,10,Válido,nao,,1,0.01,0.010257462,CLEUSA DOS SANTOS,CLEUSA SANTOS,PCB,v,,,,,04/10/2026 20:54:28,sim
1,04/10/2026,6257,Presidente,1,municipio,PB,19399,2501906,BELÉM,,,,,PARTIDO SOCIALISTA  DOS TRABALHADORES UNIFICADO,i,PSTU,0,16,PSTU,PARTIDO SOCIALISTA  DOS TRABALHADORES UNIFICADO,,16,280002541457,HERTZ DA CONCEICAO DIAS,HERTZ DIAS,20/10/1970,8,Válido,nao,,1,0.01,0.010257462,VANESSA PORTUGAL BARBOSA,VANESSA PORTUGAL,PSTU,v,,,,,04/10/2026 20:54:28,sim
1,04/10/2026,6257,Presidente,1,municipio,PB,19399,2501906,BELÉM,,,,,BRASIL DOS NOSSOS SONHOS,c,AGIR / AVANTE,,70,AVANTE,AVANTE,,70,280002551547,AUGUSTO JORGE CURY,ESCRITOR AUGUSTO CURY,02/10/1958,3,Válido,nao,,231,2.37,2.369473792,JULIO CESAR DELGADO,JÚLIO DELGADO,AVANTE,v,,,,,04/10/2026 20:54:28,sim
1,04/10/2026,6257,Presidente,1,municipio,PB,19399,2501906,BELÉM,,,,,PARTIDO NOVO,i,NOVO,0,30,NOVO,PARTIDO NOVO,,30,280002539826,ROMEU ZEMA NETO,ZEMA,28/10/1964,6,Válido,nao,,4,0.04,0.041029849,LUIS EDUARDO GRANGEIRO GIRÃO,EDUARDO GIRÃO,NOVO,v,,,,,04/10/2026 20:54:28,sim
1,04/10/2026,6257,Presidente,1,municipio,PB,19399,2501906,BELÉM,,,,,UNIDADE POPULAR,i,UP,0,80,UP,UNIDADE POPULAR,,80,280002538811,SAMARA MARTINS DA SILVA FEITOSA,SAMARA,31/08/1987,7,Válido,nao,,4,0.04,0.041029849,RAQUEL NONATO DE BRICIO,RAQUEL BRÍCIO,UP,v,,,,,04/10/2026 20:54:28,sim
1,04/10/2026,6257,Presidente,1,municipio,PB,19399,2501906,BELÉM,,,,,DEMOCRATA,i,DEMOCRATA,0,35,DEMOCRATA,DEMOCRATA,,35,280002548139,WILSON GRASSI JUNIOR,VETERINÁRIO WILSON GRASSI,13/03/1970,11,Válido,nao,,1,0.01,0.010257462,SUÊD HAIDAR NOGUEIRA,SUÊD HAIDAR,DEMOCRATA,v,,,,,04/10/2026 20:54:28,sim
1,04/10/2026,6257,Presidente,1,municipio,PB,19399,2501906,BELÉM,,,,,PARTIDO MISSÃO,i,MISSÃO,0,14,MISSÃO,PARTIDO MISSÃO,,14,280002540694,RENAN ANTONIO FERREIRA DOS SANTOS,RENAN SANTOS,14/02/1984,4,Válido,nao,,107,1.10,1.097548467,AROLDO MEDINA,CORONEL MEDINA,MISSÃO,v,,,,,04/10/2026 20:54:28,sim
1,04/10/2026,6257,Presidente,1,municipio,PB,19399,2501906,BELÉM,,,,,PARTIDO DA CAUSA OPERÁRIA,i,PCO,0,29,PCO,PARTIDO DA CAUSA OPERÁRIA,,29,280002552487,RUI COSTA PIMENTA,RUI COSTA PIMENTA,25/06/1957,12,Válido,nao,,0,0.00,0,ANTONIO CARLOS SILVA,ANTÔNIO CARLOS,PCO,v,,,,,04/10/2026 20:54:28,sim
1,04/10/2026,6257,Presidente,1,municipio,PB,19402,2513927,SÃO BENTINHO,,,,,PARTIDO LIBERAL,i,PL,0,22,PL,PARTIDO LIBERAL,,22,280002551544,FLAVIO NANTES BOLSONARO,FLAVIO BOLSONARO,30/04/1981,1,Válido,nao,,494,17.54,17.542613636,ALFREDO GASPAR DE MENDONÇA NETO,ALFREDO GASPAR,PL,v,,,,,04/10/2026 18:41:12,sim
1,04/10/2026,6257,Presidente,1,municipio,PB,19402,2513927,SÃO BENTINHO,,,,,PARTIDO SOCIAL DEMOCRÁTICO,i,PSD,0,55,PSD,PARTIDO SOCIAL DEMOCRÁTICO,,55,280002551932,RONALDO RAMOS CAIADO,RONALDO CAIADO,25/09/1949,4,Válido,nao,,16,0.57,0.568181818,GILBERTO KASSAB,GILBERTO KASSAB,PSD,v,,,,,04/10/2026 18:41:12,sim
1,04/10/2026,6257,Presidente,1,municipio,PB,19402,2513927,SÃO BENTINHO,,PT/PC do B/PV,FEDERAÇÃO BRASIL DA ESPERANÇA - FE BRASIL,PT/PC do B/PV,BRASIL PRONTO PRA MAIS,c,PSB / PDT / PCDOB / PT / PV / PSOL / REDE,,13,PT,PARTIDO DOS TRABALHADORES,101,13,280002542548,LUIZ INÁCIO LULA DA SILVA,LULA,06/10/1945,2,Válido,nao,,2216,78.69,78.693181818,GERALDO JOSE RODRIGUES ALCKMIN FILHO,GERALDO ALCKMIN,PSB,v,,,,,04/10/2026 18:41:12,sim
1,04/10/2026,6257,Presidente,1,municipio,PB,19402,2513927,SÃO BENTINHO,,,,,DEMOCRACIA CRISTÃ,i,DC,0,27,DC,DEMOCRACIA CRISTÃ,,27,280002552484,CLARIANA ZACARKIM BARAO,CLARIANA BARAO,03/04/1987,9,Válido,nao,,0,0.00,0,FABIANA CRISTINA TAVARES TORQUATO,FABIANA TORQUATO,DC,v,,,,,04/10/2026 18:41:12,sim
1,04/10/2026,6257,Presidente,1,municipio,PB,19402,2513927,SÃO BENTINHO,,,,,PARTIDO COMUNISTA BRASILEIRO,i,PCB,0,21,PCB,PARTIDO COMUNISTA BRASILEIRO,,21,280002551975,EDMILSON SILVA COSTA,EDMILSON COSTA,08/04/1950,10,Válido,nao,,1,0.04,0.035511364,CLEUSA DOS SANTOS,CLEUSA SANTOS,PCB,v,,,,,04/10/2026 18:41:12,sim
1,04/10/2026,6257,Presidente,1,municipio,PB,19402,2513927,SÃO BENTINHO,,,,,PARTIDO SOCIALISTA  DOS TRABALHADORES UNIFICADO,i,PSTU,0,16,PSTU,PARTIDO SOCIALISTA  DOS TRABALHADORES UNIFICADO,,16,280002541457,HERTZ DA CONCEICAO DIAS,HERTZ DIAS,20/10/1970,8,Válido,nao,,0,0.00,0,VANESSA PORTUGAL BARBOSA,VANESSA PORTUGAL,PSTU,v,,,,,04/10/2026 18:41:12,sim
1,04/10/2026,6257,Presidente,1,municipio,PB,19402,2513927,SÃO BENTINHO,,,,,BRASIL DOS NOSSOS SONHOS,c,AGIR / AVANTE,,70,AVANTE,AVANTE,,70,280002551547,AUGUSTO JORGE CURY,ESCRITOR AUGUSTO CURY,02/10/1958,3,Válido,nao,,54,1.92,1.917613636,JULIO CESAR DELGADO,JÚLIO DELGADO,AVANTE,v,,,,,04/10/2026 18:41:12,sim
1,04/10/2026,6257,Presidente,1,municipio,PB,19402,2513927,SÃO BENTINHO,,,,,PARTIDO NOVO,i,NOVO,0,30,NOVO,PARTIDO NOVO,,30,280002539826,ROMEU ZEMA NETO,ZEMA,28/10/1964,6,Válido,nao,,2,0.07,0.071022727,LUIS EDUARDO GRANGEIRO GIRÃO,EDUARDO GIRÃO,NOVO,v,,,,,04/10/2026 18:41:12,sim
1,04/10/2026,6257,Presidente,1,municipio,PB,19402,2513927,SÃO BENTINHO,,,,,UNIDADE POPULAR,i,UP,0,80,UP,UNIDADE POPULAR,,80,280002538811,SAMARA MARTINS DA SILVA FEITOSA,SAMARA,31/08/1987,7,Válido,nao,,1,0.04,0.035511364,RAQUEL NONATO DE BRICIO,RAQUEL BRÍCIO,UP,v,,,,,04/10/2026 18:41:12,sim
1,04/10/2026,6257,Presidente,1,municipio,PB,19402,2513927,SÃO BENTINHO,,,,,DEMOCRATA,i,DEMOCRATA,0,35,DEMOCRATA,DEMOCRATA,,35,280002548139,WILSON GRASSI JUNIOR,VETERINÁRIO WILSON GRASSI,13/03/1970,11,Válido,nao,,0,0.00,0,SUÊD HAIDAR NOGUEIRA,SUÊD HAIDAR,DEMOCRATA,v,,,,,04/10/2026 18:41:12,sim
1,04/10/2026,6257,Presidente,1,municipio,PB,19402,2513927,SÃO BENTINHO,,,,,PARTIDO MISSÃO,i,MISSÃO,0,14,MISSÃO,PARTIDO MISSÃO,,14,280002540694,RENAN ANTONIO FERREIRA DOS SANTOS,RENAN SANTOS,14/02/1984,5,Válido,nao,,32,1.14,1.136363636,AROLDO MEDINA,CORONEL MEDINA,MISSÃO,v,,,,,04/10/2026 18:41:12,sim
1,04/10/2026,6257,Presidente,1,municipio,PB,19402,2513927,SÃO BENTINHO,,,,,PARTIDO DA CAUSA OPERÁRIA,i,PCO,0,29,PCO,PARTIDO DA CAUSA OPERÁRIA,,29,280002552487,RUI COSTA PIMENTA,RUI COSTA PIMENTA,25/06/1957,12,Válido,nao,,0,0.00,0,ANTONIO CARLOS SILVA,ANTÔNIO CARLOS,PCO,v,,,,,04/10/2026 18:41:12,sim
1,04/10/2026,6257,Presidente,1,municipio,PB,19410,2502003,BELÉM DO BREJO DO CRUZ,,,,,PARTIDO LIBERAL,i,PL,0,22,PL,PARTIDO LIBERAL,,22,280002551544,FLAVIO NANTES BOLSONARO,FLAVIO BOLSONARO,30/04/1981,1,Válido,nao,,1347,27.14,27.140842233,ALFREDO GASPAR DE MENDONÇA NETO,ALFREDO GASPAR,PL,v,,,,,04/10/2026 19:16:39,sim
1,04/10/2026,6257,Presidente,1,municipio,PB,19410,2502003,BELÉM DO BREJO DO CRUZ,,,,,PARTIDO SOCIAL DEMOCRÁTICO,i,PSD,0,55,PSD,PARTIDO SOCIAL DEMOCRÁTICO,,55,280002551932,RONALDO RAMOS CAIADO,RONALDO CAIADO,25/09/1949,5,Válido,nao,,13,0.26,0.261938344,GILBERTO KASSAB,GILBERTO KASSAB,PSD,v,,,,,04/10/2026 19:16:39,sim
1,04/10/2026,6257,Presidente,1,municipio,PB,19410,2502003,BELÉM DO BREJO DO CRUZ,,PT/PC do B/PV,FEDERAÇÃO BRASIL DA ESPERANÇA - FE BRASIL,PT/PC do B/PV,BRASIL PRONTO PRA MAIS,c,PSB / PDT / PCDOB / PT / PV / PSOL / REDE,,13,PT,PARTIDO DOS TRABALHADORES,101,13,280002542548,LUIZ INÁCIO LULA DA SILVA,LULA,06/10/1945,2,Válido,nao,,3427,69.05,69.050977232,GERALDO JOSE RODRIGUES ALCKMIN FILHO,GERALDO ALCKMIN,PSB,v,,,,,04/10/2026 19:16:39,sim
1,04/10/2026,6257,Presidente,1,municipio,PB,19410,2502003,BELÉM DO BREJO DO CRUZ,,,,,DEMOCRACIA CRISTÃ,i,DC,0,27,DC,DEMOCRACIA CRISTÃ,,27,280002552484,CLARIANA ZACARKIM BARAO,CLARIANA BARAO,03/04/1987,9,Válido,nao,,1,0.02,0.020149103,FABIANA CRISTINA TAVARES TORQUATO,FABIANA TORQUATO,DC,v,,,,,04/10/2026 19:16:39,sim
1,04/10/2026,6257,Presidente,1,municipio,PB,19410,2502003,BELÉM DO BREJO DO CRUZ,,,,,PARTIDO COMUNISTA BRASILEIRO,i,PCB,0,21,PCB,PARTIDO COMUNISTA BRASILEIRO,,21,280002551975,EDMILSON SILVA COSTA,EDMILSON COSTA,08/04/1950,10,Válido,nao,,0,0.00,0,CLEUSA DOS SANTOS,CLEUSA SANTOS,PCB,v,,,,,04/10/2026 19:16:39,sim
1,04/10/2026,6257,Presidente,1,municipio,PB,19410,2502003,BELÉM DO BREJO DO CRUZ,,,,,PARTIDO SOCIALISTA  DOS TRABALHADORES UNIFICADO,i,PSTU,0,16,PSTU,PARTIDO SOCIALISTA  DOS TRABALHADORES UNIFICADO,,16,280002541457,HERTZ DA CONCEICAO DIAS,HERTZ DIAS,20/10/1970,8,Válido,nao,,0,0.00,0,VANESSA PORTUGAL BARBOSA,VANESSA PORTUGAL,PSTU,v,,,,,04/10/2026 19:16:39,sim
1,04/10/2026,6257,Presidente,1,municipio,PB,19410,2502003,BELÉM DO BREJO DO CRUZ,,,,,BRASIL DOS NOSSOS SONHOS,c,AGIR / AVANTE,,70,AVANTE,AVANTE,,70,280002551547,AUGUSTO JORGE CURY,ESCRITOR AUGUSTO CURY,02/10/1958,3,Válido,nao,,95,1.91,1.914164820,JULIO CESAR DELGADO,JÚLIO DELGADO,AVANTE,v,,,,,04/10/2026 19:16:39,sim
1,04/10/2026,6257,Presidente,1,municipio,PB,19410,2502003,BELÉM DO BREJO DO CRUZ,,,,,PARTIDO NOVO,i,NOVO,0,30,NOVO,PARTIDO NOVO,,30,280002539826,ROMEU ZEMA NETO,ZEMA,28/10/1964,6,Válido,nao,,2,0.04,0.040298207,LUIS EDUARDO GRANGEIRO GIRÃO,EDUARDO GIRÃO,NOVO,v,,,,,04/10/2026 19:16:39,sim
1,04/10/2026,6257,Presidente,1,municipio,PB,19410,2502003,BELÉM DO BREJO DO CRUZ,,,,,UNIDADE POPULAR,i,UP,0,80,UP,UNIDADE POPULAR,,80,280002538811,SAMARA MARTINS DA SILVA FEITOSA,SAMARA,31/08/1987,7,Válido,nao,,0,0.00,0,RAQUEL NONATO DE BRICIO,RAQUEL BRÍCIO,UP,v,,,,,04/10/2026 19:16:39,sim
1,04/10/2026,6257,Presidente,1,municipio,PB,19410,2502003,BELÉM DO BREJO DO CRUZ,,,,,DEMOCRATA,i,DEMOCRATA,0,35,DEMOCRATA,DEMOCRATA,,35,280002548139,WILSON GRASSI JUNIOR,VETERINÁRIO WILSON GRASSI,13/03/1970,11,Válido,nao,,0,0.00,0,SUÊD HAIDAR NOGUEIRA,SUÊD HAIDAR,DEMOCRATA,v,,,,,04/10/2026 19:16:39,sim
1,04/10/2026,6257,Presidente,1,municipio,PB,19410,2502003,BELÉM DO BREJO DO CRUZ,,,,,PARTIDO MISSÃO,i,MISSÃO,0,14,MISSÃO,PARTIDO MISSÃO,,14,280002540694,RENAN ANTONIO FERREIRA DOS SANTOS,RENAN SANTOS,14/02/1984,4,Válido,nao,,78,1.57,1.571630062,AROLDO MEDINA,CORONEL MEDINA,MISSÃO,v,,,,,04/10/2026 19:16:39,sim
1,04/10/2026,6257,Presidente,1,municipio,PB,19410,2502003,BELÉM DO BREJO DO CRUZ,,,,,PARTIDO DA CAUSA OPERÁRIA,i,PCO,0,29,PCO,PARTIDO DA CAUSA OPERÁRIA,,29,280002552487,RUI COSTA PIMENTA,RUI COSTA PIMENTA,25/06/1957,12,Válido,nao,,0,0.00,0,ANTONIO CARLOS SILVA,ANTÔNIO CARLOS,PCO,v,,,,,04/10/2026 19:16:39,sim
1,04/10/2026,6257,Presidente,1,municipio,PB,19429,2513968,SÃO DOMINGOS,,,,,PARTIDO LIBERAL,i,PL,0,22,PL,PARTIDO LIBERAL,,22,280002551544,FLAVIO NANTES BOLSONARO,FLAVIO BOLSONARO,30/04/1981,1,Válido,nao,,616,25.16,25.163398693,ALFREDO GASPAR DE MENDONÇA NETO,ALFREDO GASPAR,PL,v,,,,,04/10/2026 18:44:24,sim
1,04/10/2026,6257,Presidente,1,municipio,PB,19429,2513968,SÃO DOMINGOS,,,,,PARTIDO SOCIAL DEMOCRÁTICO,i,PSD,0,55,PSD,PARTIDO SOCIAL DEMOCRÁTICO,,55,280002551932,RONALDO RAMOS CAIADO,RONALDO CAIADO,25/09/1949,4,Válido,nao,,8,0.33,0.326797386,GILBERTO KASSAB,GILBERTO KASSAB,PSD,v,,,,,04/10/2026 18:44:24,sim
1,04/10/2026,6257,Presidente,1,municipio,PB,19429,2513968,SÃO DOMINGOS,,PT/PC do B/PV,FEDERAÇÃO BRASIL DA ESPERANÇA - FE BRASIL,PT/PC do B/PV,BRASIL PRONTO PRA MAIS,c,PSB / PDT / PCDOB / PT / PV / PSOL / REDE,,13,PT,PARTIDO DOS TRABALHADORES,101,13,280002542548,LUIZ INÁCIO LULA DA SILVA,LULA,06/10/1945,2,Válido,nao,,1758,71.81,71.813725490,GERALDO JOSE RODRIGUES ALCKMIN FILHO,GERALDO ALCKMIN,PSB,v,,,,,04/10/2026 18:44:24,sim
1,04/10/2026,6257,Presidente,1,municipio,PB,19429,2513968,SÃO DOMINGOS,,,,,DEMOCRACIA CRISTÃ,i,DC,0,27,DC,DEMOCRACIA CRISTÃ,,27,280002552484,CLARIANA ZACARKIM BARAO,CLARIANA BARAO,03/04/1987,9,Válido,nao,,0,0.00,0,FABIANA CRISTINA TAVARES TORQUATO,FABIANA TORQUATO,DC,v,,,,,04/10/2026 18:44:24,sim
1,04/10/2026,6257,Presidente,1,municipio,PB,19429,2513968,SÃO DOMINGOS,,,,,PARTIDO COMUNISTA BRASILEIRO,i,PCB,0,21,PCB,PARTIDO COMUNISTA BRASILEIRO,,21,280002551975,EDMILSON SILVA COSTA,EDMILSON COSTA,08/04/1950,10,Válido,nao,,0,0.00,0,CLEUSA DOS SANTOS,CLEUSA SANTOS,PCB,v,,,,,04/10/2026 18:44:24,sim
1,04/10/2026,6257,Presidente,1,municipio,PB,19429,2513968,SÃO DOMINGOS,,,,,PARTIDO SOCIALISTA  DOS TRABALHADORES UNIFICADO,i,PSTU,0,16,PSTU,PARTIDO SOCIALISTA  DOS TRABALHADORES UNIFICADO,,16,280002541457,HERTZ DA CONCEICAO DIAS,HERTZ DIAS,20/10/1970,8,Válido,nao,,0,0.00,0,VANESSA PORTUGAL BARBOSA,VANESSA PORTUGAL,PSTU,v,,,,,04/10/2026 18:44:24,sim
1,04/10/2026,6257,Presidente,1,municipio,PB,19429,2513968,SÃO DOMINGOS,,,,,BRASIL DOS NOSSOS SONHOS,c,AGIR / AVANTE,,70,AVANTE,AVANTE,,70,280002551547,AUGUSTO JORGE CURY,ESCRITOR AUGUSTO CURY,02/10/1958,3,Válido,nao,,40,1.63,1.633986928,JULIO CESAR DELGADO,JÚLIO DELGADO,AVANTE,v,,,,,04/10/2026 18:44:24,sim
1,04/10/2026,6257,Presidente,1,municipio,PB,19429,2513968,SÃO DOMINGOS,,,,,PARTIDO NOVO,i,NOVO,0,30,NOVO,PARTIDO NOVO,,30,280002539826,ROMEU ZEMA NETO,ZEMA,28/10/1964,6,Válido,nao,,1,0.04,0.040849673,LUIS EDUARDO GRANGEIRO GIRÃO,EDUARDO GIRÃO,NOVO,v,,,,,04/10/2026 18:44:24,sim
1,04/10/2026,6257,Presidente,1,municipio,PB,19429,2513968,SÃO DOMINGOS,,,,,UNIDADE POPULAR,i,UP,0,80,UP,UNIDADE POPULAR,,80,280002538811,SAMARA MARTINS DA SILVA FEITOSA,SAMARA,31/08/1987,7,Válido,nao,,0,0.00,0,RAQUEL NONATO DE BRICIO,RAQUEL BRÍCIO,UP,v,,,,,04/10/2026 18:44:24,sim
1,04/10/2026,6257,Presidente,1,municipio,PB,19429,2513968,SÃO DOMINGOS,,,,,DEMOCRATA,i,DEMOCRATA,0,35,DEMOCRATA,DEMOCRATA,,35,280002548139,WILSON GRASSI JUNIOR,VETERINÁRIO WILSON GRASSI,13/03/1970,11,Válido,nao,,0,0.00,0,SUÊD HAIDAR NOGUEIRA,SUÊD HAIDAR,DEMOCRATA,v,,,,,04/10/2026 18:44:24,sim
1,04/10/2026,6257,Presidente,1,municipio,PB,19429,2513968,SÃO DOMINGOS,,,,,PARTIDO MISSÃO,i,MISSÃO,0,14,MISSÃO,PARTIDO MISSÃO,,14,280002540694,RENAN ANTONIO FERREIRA DOS SANTOS,RENAN SANTOS,14/02/1984,5,Válido,nao,,25,1.02,1.021241830,AROLDO MEDINA,CORONEL MEDINA,MISSÃO,v,,,,,04/10/2026 18:44:24,sim
1,04/10/2026,6257,Presidente,1,municipio,PB,19429,2513968,SÃO DOMINGOS,,,,,PARTIDO DA CAUSA OPERÁRIA,i,PCO,0,29,PCO,PARTIDO DA CAUSA OPERÁRIA,,29,280002552487,RUI COSTA PIMENTA,RUI COSTA PIMENTA,25/06/1957,12,Válido,nao,,0,0.00,0,ANTONIO CARLOS SILVA,ANTÔNIO CARLOS,PCO,v,,,,,04/10/2026 18:44:24,sim
1,04/10/2026,6257,Presidente,1,municipio,PB,19437,2502102,BOA VENTURA,,,,,PARTIDO LIBERAL,i,PL,0,22,PL,PARTIDO LIBERAL,,22,280002551544,FLAVIO NANTES BOLSONARO,FLAVIO BOLSONARO,30/04/1981,1,Válido,nao,,658,17.77,17.769376181,ALFREDO GASPAR DE MENDONÇA NETO,ALFREDO GASPAR,PL,v,,,,,04/10/2026 17:59:27,sim
1,04/10/2026,6257,Presidente,1,municipio,PB,19437,2502102,BOA VENTURA,,,,,PARTIDO SOCIAL DEMOCRÁTICO,i,PSD,0,55,PSD,PARTIDO SOCIAL DEMOCRÁTICO,,55,280002551932,RONALDO RAMOS CAIADO,RONALDO CAIADO,25/09/1949,4,Válido,nao,,23,0.62,0.621118012,GILBERTO KASSAB,GILBERTO KASSAB,PSD,v,,,,,04/10/2026 17:59:27,sim
1,04/10/2026,6257,Presidente,1,municipio,PB,19437,2502102,BOA VENTURA,,PT/PC do B/PV,FEDERAÇÃO BRASIL DA ESPERANÇA - FE BRASIL,PT/PC do B/PV,BRASIL PRONTO PRA MAIS,c,PSB / PDT / PCDOB / PT / PV / PSOL / REDE,,13,PT,PARTIDO DOS TRABALHADORES,101,13,280002542548,LUIZ INÁCIO LULA DA SILVA,LULA,06/10/1945,2,Válido,nao,,2894,78.15,78.152849041,GERALDO JOSE RODRIGUES ALCKMIN FILHO,GERALDO ALCKMIN,PSB,v,,,,,04/10/2026 17:59:27,sim
1,04/10/2026,6257,Presidente,1,municipio,PB,19437,2502102,BOA VENTURA,,,,,DEMOCRACIA CRISTÃ,i,DC,0,27,DC,DEMOCRACIA CRISTÃ,,27,280002552484,CLARIANA ZACARKIM BARAO,CLARIANA BARAO,03/04/1987,8,Válido,nao,,1,0.03,0.027005131,FABIANA CRISTINA TAVARES TORQUATO,FABIANA TORQUATO,DC,v,,,,,04/10/2026 17:59:27,sim
1,04/10/2026,6257,Presidente,1,municipio,PB,19437,2502102,BOA VENTURA,,,,,PARTIDO COMUNISTA BRASILEIRO,i,PCB,0,21,PCB,PARTIDO COMUNISTA BRASILEIRO,,21,280002551975,EDMILSON SILVA COSTA,EDMILSON COSTA,08/04/1950,10,Válido,nao,,0,0.00,0,CLEUSA DOS SANTOS,CLEUSA SANTOS,PCB,v,,,,,04/10/2026 17:59:27,sim
1,04/10/2026,6257,Presidente,1,municipio,PB,19437,2502102,BOA VENTURA,,,,,PARTIDO SOCIALISTA  DOS TRABALHADORES UNIFICADO,i,PSTU,0,16,PSTU,PARTIDO SOCIALISTA  DOS TRABALHADORES UNIFICADO,,16,280002541457,HERTZ DA CONCEICAO DIAS,HERTZ DIAS,20/10/1970,9,Válido,nao,,1,0.03,0.027005131,VANESSA PORTUGAL BARBOSA,VANESSA PORTUGAL,PSTU,v,,,,,04/10/2026 17:59:27,sim
1,04/10/2026,6257,Presidente,1,municipio,PB,19437,2502102,BOA VENTURA,,,,,BRASIL DOS NOSSOS SONHOS,c,AGIR / AVANTE,,70,AVANTE,AVANTE,,70,280002551547,AUGUSTO JORGE CURY,ESCRITOR AUGUSTO CURY,02/10/1958,3,Válido,nao,,93,2.51,2.511477181,JULIO CESAR DELGADO,JÚLIO DELGADO,AVANTE,v,,,,,04/10/2026 17:59:27,sim
1,04/10/2026,6257,Presidente,1,municipio,PB,19437,2502102,BOA VENTURA,,,,,PARTIDO NOVO,i,NOVO,0,30,NOVO,PARTIDO NOVO,,30,280002539826,ROMEU ZEMA NETO,ZEMA,28/10/1964,6,Válido,nao,,1,0.03,0.027005131,LUIS EDUARDO GRANGEIRO GIRÃO,EDUARDO GIRÃO,NOVO,v,,,,,04/10/2026 17:59:27,sim
1,04/10/2026,6257,Presidente,1,municipio,PB,19437,2502102,BOA VENTURA,,,,,UNIDADE POPULAR,i,UP,0,80,UP,UNIDADE POPULAR,,80,280002538811,SAMARA MARTINS DA SILVA FEITOSA,SAMARA,31/08/1987,7,Válido,nao,,0,0.00,0,RAQUEL NONATO DE BRICIO,RAQUEL BRÍCIO,UP,v,,,,,04/10/2026 17:59:27,sim
1,04/10/2026,6257,Presidente,1,municipio,PB,19437,2502102,BOA VENTURA,,,,,DEMOCRATA,i,DEMOCRATA,0,35,DEMOCRATA,DEMOCRATA,,35,280002548139,WILSON GRASSI JUNIOR,VETERINÁRIO WILSON GRASSI,13/03/1970,11,Válido,nao,,0,0.00,0,SUÊD HAIDAR NOGUEIRA,SUÊD HAIDAR,DEMOCRATA,v,,,,,04/10/2026 17:59:27,sim
1,04/10/2026,6257,Presidente,1,municipio,PB,19437,2502102,BOA VENTURA,,,,,PARTIDO MISSÃO,i,MISSÃO,0,14,MISSÃO,PARTIDO MISSÃO,,14,280002540694,RENAN ANTONIO FERREIRA DOS SANTOS,RENAN SANTOS,14/02/1984,5,Válido,nao,,32,0.86,0.864164191,AROLDO MEDINA,CORONEL MEDINA,MISSÃO,v,,,,,04/10/2026 17:59:27,sim
1,04/10/2026,6257,Presidente,1,municipio,PB,19437,2502102,BOA VENTURA,,,,,PARTIDO DA CAUSA OPERÁRIA,i,PCO,0,29,PCO,PARTIDO DA CAUSA OPERÁRIA,,29,280002552487,RUI COSTA PIMENTA,RUI COSTA PIMENTA,25/06/1957,12,Válido,nao,,0,0.00,0,ANTONIO CARLOS SILVA,ANTÔNIO CARLOS,PCO,v,,,,,04/10/2026 17:59:27,sim
1,04/10/2026,6257,Presidente,1,municipio,PB,19445,2514552,SÃO JOSÉ DE PRINCESA,,,,,PARTIDO LIBERAL,i,PL,0,22,PL,PARTIDO LIBERAL,,22,280002551544,FLAVIO NANTES BOLSONARO,FLAVIO BOLSONARO,30/04/1981,1,Válido,nao,,317,13.34,13.341750842,ALFREDO GASPAR DE MENDONÇA NETO,ALFREDO GASPAR,PL,v,,,,,04/10/2026 19:07:45,sim
1,04/10/2026,6257,Presidente,1,municipio,PB,19445,2514552,SÃO JOSÉ DE PRINCESA,,,,,PARTIDO SOCIAL DEMOCRÁTICO,i,PSD,0,55,PSD,PARTIDO SOCIAL DEMOCRÁTICO,,55,280002551932,RONALDO RAMOS CAIADO,RONALDO CAIADO,25/09/1949,4,Válido,nao,,17,0.72,0.715488215,GILBERTO KASSAB,GILBERTO KASSAB,PSD,v,,,,,04/10/2026 19:07:45,sim
1,04/10/2026,6257,Presidente,1,municipio,PB,19445,2514552,SÃO JOSÉ DE PRINCESA,,PT/PC do B/PV,FEDERAÇÃO BRASIL DA ESPERANÇA - FE BRASIL,PT/PC do B/PV,BRASIL PRONTO PRA MAIS,c,PSB / PDT / PCDOB / PT / PV / PSOL / REDE,,13,PT,PARTIDO DOS TRABALHADORES,101,13,280002542548,LUIZ INÁCIO LULA DA SILVA,LULA,06/10/1945,2,Válido,nao,,1990,83.75,83.754208754,GERALDO JOSE RODRIGUES ALCKMIN FILHO,GERALDO ALCKMIN,PSB,v,,,,,04/10/2026 19:07:45,sim
1,04/10/2026,6257,Presidente,1,municipio,PB,19445,2514552,SÃO JOSÉ DE PRINCESA,,,,,DEMOCRACIA CRISTÃ,i,DC,0,27,DC,DEMOCRACIA CRISTÃ,,27,280002552484,CLARIANA ZACARKIM BARAO,CLARIANA BARAO,03/04/1987,9,Válido,nao,,0,0.00,0,FABIANA CRISTINA TAVARES TORQUATO,FABIANA TORQUATO,DC,v,,,,,04/10/2026 19:07:45,sim
1,04/10/2026,6257,Presidente,1,municipio,PB,19445,2514552,SÃO JOSÉ DE PRINCESA,,,,,PARTIDO COMUNISTA BRASILEIRO,i,PCB,0,21,PCB,PARTIDO COMUNISTA BRASILEIRO,,21,280002551975,EDMILSON SILVA COSTA,EDMILSON COSTA,08/04/1950,10,Válido,nao,,3,0.13,0.126262626,CLEUSA DOS SANTOS,CLEUSA SANTOS,PCB,v,,,,,04/10/2026 19:07:45,sim
1,04/10/2026,6257,Presidente,1,municipio,PB,19445,2514552,SÃO JOSÉ DE PRINCESA,,,,,PARTIDO SOCIALISTA  DOS TRABALHADORES UNIFICADO,i,PSTU,0,16,PSTU,PARTIDO SOCIALISTA  DOS TRABALHADORES UNIFICADO,,16,280002541457,HERTZ DA CONCEICAO DIAS,HERTZ DIAS,20/10/1970,8,Válido,nao,,0,0.00,0,VANESSA PORTUGAL BARBOSA,VANESSA PORTUGAL,PSTU,v,,,,,04/10/2026 19:07:45,sim
1,04/10/2026,6257,Presidente,1,municipio,PB,19445,2514552,SÃO JOSÉ DE PRINCESA,,,,,BRASIL DOS NOSSOS SONHOS,c,AGIR / AVANTE,,70,AVANTE,AVANTE,,70,280002551547,AUGUSTO JORGE CURY,ESCRITOR AUGUSTO CURY,02/10/1958,3,Válido,nao,,28,1.18,1.178451178,JULIO CESAR DELGADO,JÚLIO DELGADO,AVANTE,v,,,,,04/10/2026 19:07:45,sim
1,04/10/2026,6257,Presidente,1,municipio,PB,19445,2514552,SÃO JOSÉ DE PRINCESA,,,,,PARTIDO NOVO,i,NOVO,0,30,NOVO,PARTIDO NOVO,,30,280002539826,ROMEU ZEMA NETO,ZEMA,28/10/1964,6,Válido,nao,,0,0.00,0,LUIS EDUARDO GRANGEIRO GIRÃO,EDUARDO GIRÃO,NOVO,v,,,,,04/10/2026 19:07:45,sim
1,04/10/2026,6257,Presidente,1,municipio,PB,19445,2514552,SÃO JOSÉ DE PRINCESA,,,,,UNIDADE POPULAR,i,UP,0,80,UP,UNIDADE POPULAR,,80,280002538811,SAMARA MARTINS DA SILVA FEITOSA,SAMARA,31/08/1987,7,Válido,nao,,3,0.13,0.126262626,RAQUEL NONATO DE BRICIO,RAQUEL BRÍCIO,UP,v,,,,,04/10/2026 19:07:45,sim
1,04/10/2026,6257,Presidente,1,municipio,PB,19445,2514552,SÃO JOSÉ DE PRINCESA,,,,,DEMOCRATA,i,DEMOCRATA,0,35,DEMOCRATA,DEMOCRATA,,35,280002548139,WILSON GRASSI JUNIOR,VETERINÁRIO WILSON GRASSI,13/03/1970,11,Válido,nao,,0,0.00,0,SUÊD HAIDAR NOGUEIRA,SUÊD HAIDAR,DEMOCRATA,v,,,,,04/10/2026 19:07:45,sim
1,04/10/2026,6257,Presidente,1,municipio,PB,19445,2514552,SÃO JOSÉ DE PRINCESA,,,,,PARTIDO MISSÃO,i,MISSÃO,0,14,MISSÃO,PARTIDO MISSÃO,,14,280002540694,RENAN ANTONIO FERREIRA DOS SANTOS,RENAN SANTOS,14/02/1984,5,Válido,nao,,18,0.76,0.757575758,AROLDO MEDINA,CORONEL MEDINA,MISSÃO,v,,,,,04/10/2026 19:07:45,sim
1,04/10/2026,6257,Presidente,1,municipio,PB,19445,2514552,SÃO JOSÉ DE PRINCESA,,,,,PARTIDO DA CAUSA OPERÁRIA,i,PCO,0,29,PCO,PARTIDO DA CAUSA OPERÁRIA,,29,280002552487,RUI COSTA PIMENTA,RUI COSTA PIMENTA,25/06/1957,12,Válido,nao,,0,0.00,0,ANTONIO CARLOS SILVA,ANTÔNIO CARLOS,PCO,v,,,,,04/10/2026 19:07:45,sim
1,04/10/2026,6257,Presidente,1,municipio,PB,19453,2502201,BOM JESUS,,,,,PARTIDO LIBERAL,i,PL,0,22,PL,PARTIDO LIBERAL,,22,280002551544,FLAVIO NANTES BOLSONARO,FLAVIO BOLSONARO,30/04/1981,1,Válido,nao,,350,14.01,14.005602241,ALFREDO GASPAR DE MENDONÇA NETO,ALFREDO GASPAR,PL,v,,,,,04/10/2026 18:43:18,sim
1,04/10/2026,6257,Presidente,1,municipio,PB,19453,2502201,BOM JESUS,,,,,PARTIDO SOCIAL DEMOCRÁTICO,i,PSD,0,55,PSD,PARTIDO SOCIAL DEMOCRÁTICO,,55,280002551932,RONALDO RAMOS CAIADO,RONALDO CAIADO,25/09/1949,4,Válido,nao,,14,0.56,0.560224090,GILBERTO KASSAB,GILBERTO KASSAB,PSD,v,,,,,04/10/2026 18:43:18,sim
1,04/10/2026,6257,Presidente,1,municipio,PB,19453,2502201,BOM JESUS,,PT/PC do B/PV,FEDERAÇÃO BRASIL DA ESPERANÇA - FE BRASIL,PT/PC do B/PV,BRASIL PRONTO PRA MAIS,c,PSB / PDT / PCDOB / PT / PV / PSOL / REDE,,13,PT,PARTIDO DOS TRABALHADORES,101,13,280002542548,LUIZ INÁCIO LULA DA SILVA,LULA,06/10/1945,2,Válido,nao,,2041,81.67,81.672669068,GERALDO JOSE RODRIGUES ALCKMIN FILHO,GERALDO ALCKMIN,PSB,v,,,,,04/10/2026 18:43:18,sim
1,04/10/2026,6257,Presidente,1,municipio,PB,19453,2502201,BOM JESUS,,,,,DEMOCRACIA CRISTÃ,i,DC,0,27,DC,DEMOCRACIA CRISTÃ,,27,280002552484,CLARIANA ZACARKIM BARAO,CLARIANA BARAO,03/04/1987,9,Válido,nao,,0,0.00,0,FABIANA CRISTINA TAVARES TORQUATO,FABIANA TORQUATO,DC,v,,,,,04/10/2026 18:43:18,sim
1,04/10/2026,6257,Presidente,1,municipio,PB,19453,2502201,BOM JESUS,,,,,PARTIDO COMUNISTA BRASILEIRO,i,PCB,0,21,PCB,PARTIDO COMUNISTA BRASILEIRO,,21,280002551975,EDMILSON SILVA COSTA,EDMILSON COSTA,08/04/1950,10,Válido,nao,,0,0.00,0,CLEUSA DOS SANTOS,CLEUSA SANTOS,PCB,v,,,,,04/10/2026 18:43:18,sim
1,04/10/2026,6257,Presidente,1,municipio,PB,19453,2502201,BOM JESUS,,,,,PARTIDO SOCIALISTA  DOS TRABALHADORES UNIFICADO,i,PSTU,0,16,PSTU,PARTIDO SOCIALISTA  DOS TRABALHADORES UNIFICADO,,16,280002541457,HERTZ DA CONCEICAO DIAS,HERTZ DIAS,20/10/1970,8,Válido,nao,,0,0.00,0,VANESSA PORTUGAL BARBOSA,VANESSA PORTUGAL,PSTU,v,,,,,04/10/2026 18:43:18,sim
1,04/10/2026,6257,Presidente,1,municipio,PB,19453,2502201,BOM JESUS,,,,,BRASIL DOS NOSSOS SONHOS,c,AGIR / AVANTE,,70,AVANTE,AVANTE,,70,280002551547,AUGUSTO JORGE CURY,ESCRITOR AUGUSTO CURY,02/10/1958,3,Válido,nao,,36,1.44,1.440576230,JULIO CESAR DELGADO,JÚLIO DELGADO,AVANTE,v,,,,,04/10/2026 18:43:18,sim
1,04/10/2026,6257,Presidente,1,municipio,PB,19453,2502201,BOM JESUS,,,,,PARTIDO NOVO,i,NOVO,0,30,NOVO,PARTIDO NOVO,,30,280002539826,ROMEU ZEMA NETO,ZEMA,28/10/1964,6,Válido,nao,,0,0.00,0,LUIS EDUARDO GRANGEIRO GIRÃO,EDUARDO GIRÃO,NOVO,v,,,,,04/10/2026 18:43:18,sim
1,04/10/2026,6257,Presidente,1,municipio,PB,19453,2502201,BOM JESUS,,,,,UNIDADE POPULAR,i,UP,0,80,UP,UNIDADE POPULAR,,80,280002538811,SAMARA MARTINS DA SILVA FEITOSA,SAMARA,31/08/1987,7,Válido,nao,,0,0.00,0,RAQUEL NONATO DE BRICIO,RAQUEL BRÍCIO,UP,v,,,,,04/10/2026 18:43:18,sim
1,04/10/2026,6257,Presidente,1,municipio,PB,19453,2502201,BOM JESUS,,,,,DEMOCRATA,i,DEMOCRATA,0,35,DEMOCRATA,DEMOCRATA,,35,280002548139,WILSON GRASSI JUNIOR,VETERINÁRIO WILSON GRASSI,13/03/1970,11,Válido,nao,,0,0.00,0,SUÊD HAIDAR NOGUEIRA,SUÊD HAIDAR,DEMOCRATA,v,,,,,04/10/2026 18:43:18,sim
1,04/10/2026,6257,Presidente,1,municipio,PB,19453,2502201,BOM JESUS,,,,,PARTIDO MISSÃO,i,MISSÃO,0,14,MISSÃO,PARTIDO MISSÃO,,14,280002540694,RENAN ANTONIO FERREIRA DOS SANTOS,RENAN SANTOS,14/02/1984,5,Válido,nao,,58,2.32,2.320928371,AROLDO MEDINA,CORONEL MEDINA,MISSÃO,v,,,,,04/10/2026 18:43:18,sim
1,04/10/2026,6257,Presidente,1,municipio,PB,19453,2502201,BOM JESUS,,,,,PARTIDO DA CAUSA OPERÁRIA,i,PCO,0,29,PCO,PARTIDO DA CAUSA OPERÁRIA,,29,280002552487,RUI COSTA PIMENTA,RUI COSTA PIMENTA,25/06/1957,12,Válido,nao,,0,0.00,0,ANTONIO CARLOS SILVA,ANTÔNIO CARLOS,PCO,v,,,,,04/10/2026 18:43:18,sim
1,04/10/2026,6257,Presidente,1,municipio,PB,19461,2509156,MARIZÓPOLIS,,,,,PARTIDO LIBERAL,i,PL,0,22,PL,PARTIDO LIBERAL,,22,280002551544,FLAVIO NANTES BOLSONARO,FLAVIO BOLSONARO,30/04/1981,1,Válido,nao,,1532,31.14,31.144541573,ALFREDO GASPAR DE MENDONÇA NETO,ALFREDO GASPAR,PL,v,,,,,04/10/2026 20:51:00,sim
1,04/10/2026,6257,Presidente,1,municipio,PB,19461,2509156,MARIZÓPOLIS,,,,,PARTIDO SOCIAL DEMOCRÁTICO,i,PSD,0,55,PSD,PARTIDO SOCIAL DEMOCRÁTICO,,55,280002551932,RONALDO RAMOS CAIADO,RONALDO CAIADO,25/09/1949,5,Válido,nao,,41,0.83,0.833502744,GILBERTO KASSAB,GILBERTO KASSAB,PSD,v,,,,,04/10/2026 20:51:00,sim
1,04/10/2026,6257,Presidente,1,municipio,PB,19461,2509156,MARIZÓPOLIS,,PT/PC do B/PV,FEDERAÇÃO BRASIL DA ESPERANÇA - FE BRASIL,PT/PC do B/PV,BRASIL PRONTO PRA MAIS,c,PSB / PDT / PCDOB / PT / PV / PSOL / REDE,,13,PT,PARTIDO DOS TRABALHADORES,101,13,280002542548,LUIZ INÁCIO LULA DA SILVA,LULA,06/10/1945,2,Válido,nao,,3079,62.59,62.594023175,GERALDO JOSE RODRIGUES ALCKMIN FILHO,GERALDO ALCKMIN,PSB,v,,,,,04/10/2026 20:51:00,sim
1,04/10/2026,6257,Presidente,1,municipio,PB,19461,2509156,MARIZÓPOLIS,,,,,DEMOCRACIA CRISTÃ,i,DC,0,27,DC,DEMOCRACIA CRISTÃ,,27,280002552484,CLARIANA ZACARKIM BARAO,CLARIANA BARAO,03/04/1987,9,Válido,nao,,0,0.00,0,FABIANA CRISTINA TAVARES TORQUATO,FABIANA TORQUATO,DC,v,,,,,04/10/2026 20:51:00,sim
1,04/10/2026,6257,Presidente,1,municipio,PB,19461,2509156,MARIZÓPOLIS,,,,,PARTIDO COMUNISTA BRASILEIRO,i,PCB,0,21,PCB,PARTIDO COMUNISTA BRASILEIRO,,21,280002551975,EDMILSON SILVA COSTA,EDMILSON COSTA,08/04/1950,10,Válido,nao,,0,0.00,0,CLEUSA DOS SANTOS,CLEUSA SANTOS,PCB,v,,,,,04/10/2026 20:51:00,sim
1,04/10/2026,6257,Presidente,1,municipio,PB,19461,2509156,MARIZÓPOLIS,,,,,PARTIDO SOCIALISTA  DOS TRABALHADORES UNIFICADO,i,PSTU,0,16,PSTU,PARTIDO SOCIALISTA  DOS TRABALHADORES UNIFICADO,,16,280002541457,HERTZ DA CONCEICAO DIAS,HERTZ DIAS,20/10/1970,8,Válido,nao,,1,0.02,0.020329335,VANESSA PORTUGAL BARBOSA,VANESSA PORTUGAL,PSTU,v,,,,,04/10/2026 20:51:00,sim
1,04/10/2026,6257,Presidente,1,municipio,PB,19461,2509156,MARIZÓPOLIS,,,,,BRASIL DOS NOSSOS SONHOS,c,AGIR / AVANTE,,70,AVANTE,AVANTE,,70,280002551547,AUGUSTO JORGE CURY,ESCRITOR AUGUSTO CURY,02/10/1958,3,Válido,nao,,202,4.11,4.106525717,JULIO CESAR DELGADO,JÚLIO DELGADO,AVANTE,v,,,,,04/10/2026 20:51:00,sim
1,04/10/2026,6257,Presidente,1,municipio,PB,19461,2509156,MARIZÓPOLIS,,,,,PARTIDO NOVO,i,NOVO,0,30,NOVO,PARTIDO NOVO,,30,280002539826,ROMEU ZEMA NETO,ZEMA,28/10/1964,6,Válido,nao,,0,0.00,0,LUIS EDUARDO GRANGEIRO GIRÃO,EDUARDO GIRÃO,NOVO,v,,,,,04/10/2026 20:51:00,sim
1,04/10/2026,6257,Presidente,1,municipio,PB,19461,2509156,MARIZÓPOLIS,,,,,UNIDADE POPULAR,i,UP,0,80,UP,UNIDADE POPULAR,,80,280002538811,SAMARA MARTINS DA SILVA FEITOSA,SAMARA,31/08/1987,7,Válido,nao,,2,0.04,0.040658670,RAQUEL NONATO DE BRICIO,RAQUEL BRÍCIO,UP,v,,,,,04/10/2026 20:51:00,sim
1,04/10/2026,6257,Presidente,1,municipio,PB,19461,2509156,MARIZÓPOLIS,,,,,DEMOCRATA,i,DEMOCRATA,0,35,DEMOCRATA,DEMOCRATA,,35,280002548139,WILSON GRASSI JUNIOR,VETERINÁRIO WILSON GRASSI,13/03/1970,11,Válido,nao,,0,0.00,0,SUÊD HAIDAR NOGUEIRA,SUÊD HAIDAR,DEMOCRATA,v,,,,,04/10/2026 20:51:00,sim
1,04/10/2026,6257,Presidente,1,municipio,PB,19461,2509156,MARIZÓPOLIS,,,,,PARTIDO MISSÃO,i,MISSÃO,0,14,MISSÃO,PARTIDO MISSÃO,,14,280002540694,RENAN ANTONIO FERREIRA DOS SANTOS,RENAN SANTOS,14/02/1984,4,Válido,nao,,62,1.26,1.260418784,AROLDO MEDINA,CORONEL MEDINA,MISSÃO,v,,,,,04/10/2026 20:51:00,sim
1,04/10/2026,6257,Presidente,1,municipio,PB,19461,2509156,MARIZÓPOLIS,,,,,PARTIDO DA CAUSA OPERÁRIA,i,PCO,0,29,PCO,PARTIDO DA CAUSA OPERÁRIA,,29,280002552487,RUI COSTA PIMENTA,RUI COSTA PIMENTA,25/06/1957,12,Válido,nao,,0,0.00,0,ANTONIO CARLOS SILVA,ANTÔNIO CARLOS,PCO,v,,,,,04/10/2026 20:51:00,sim
1,04/10/2026,6257,Presidente,1,municipio,PB,19470,2502300,BOM SUCESSO,,,,,PARTIDO LIBERAL,i,PL,0,22,PL,PARTIDO LIBERAL,,22,280002551544,FLAVIO NANTES BOLSONARO,FLAVIO BOLSONARO,30/04/1981,1,Válido,nao,,572,15.14,15.140285866,ALFREDO GASPAR DE MENDONÇA NETO,ALFREDO GASPAR,PL,v,,,,,04/10/2026 18:48:45,sim
1,04/10/2026,6257,Presidente,1,municipio,PB,19470,2502300,BOM SUCESSO,,,,,PARTIDO SOCIAL DEMOCRÁTICO,i,PSD,0,55,PSD,PARTIDO SOCIAL DEMOCRÁTICO,,55,280002551932,RONALDO RAMOS CAIADO,RONALDO CAIADO,25/09/1949,4,Válido,nao,,10,0.26,0.264690312,GILBERTO KASSAB,GILBERTO KASSAB,PSD,v,,,,,04/10/2026 18:48:45,sim
1,04/10/2026,6257,Presidente,1,municipio,PB,19470,2502300,BOM SUCESSO,,PT/PC do B/PV,FEDERAÇÃO BRASIL DA ESPERANÇA - FE BRASIL,PT/PC do B/PV,BRASIL PRONTO PRA MAIS,c,PSB / PDT / PCDOB / PT / PV / PSOL / REDE,,13,PT,PARTIDO DOS TRABALHADORES,101,13,280002542548,LUIZ INÁCIO LULA DA SILVA,LULA,06/10/1945,2,Válido,nao,,3112,82.37,82.371625199,GERALDO JOSE RODRIGUES ALCKMIN FILHO,GERALDO ALCKMIN,PSB,v,,,,,04/10/2026 18:48:45,sim
1,04/10/2026,6257,Presidente,1,municipio,PB,19470,2502300,BOM SUCESSO,,,,,DEMOCRACIA CRISTÃ,i,DC,0,27,DC,DEMOCRACIA CRISTÃ,,27,280002552484,CLARIANA ZACARKIM BARAO,CLARIANA BARAO,03/04/1987,9,Válido,nao,,1,0.03,0.026469031,FABIANA CRISTINA TAVARES TORQUATO,FABIANA TORQUATO,DC,v,,,,,04/10/2026 18:48:45,sim
1,04/10/2026,6257,Presidente,1,municipio,PB,19470,2502300,BOM SUCESSO,,,,,PARTIDO COMUNISTA BRASILEIRO,i,PCB,0,21,PCB,PARTIDO COMUNISTA BRASILEIRO,,21,280002551975,EDMILSON SILVA COSTA,EDMILSON COSTA,08/04/1950,10,Válido,nao,,0,0.00,0,CLEUSA DOS SANTOS,CLEUSA SANTOS,PCB,v,,,,,04/10/2026 18:48:45,sim
1,04/10/2026,6257,Presidente,1,municipio,PB,19470,2502300,BOM SUCESSO,,,,,PARTIDO SOCIALISTA  DOS TRABALHADORES UNIFICADO,i,PSTU,0,16,PSTU,PARTIDO SOCIALISTA  DOS TRABALHADORES UNIFICADO,,16,280002541457,HERTZ DA CONCEICAO DIAS,HERTZ DIAS,20/10/1970,8,Válido,nao,,0,0.00,0,VANESSA PORTUGAL BARBOSA,VANESSA PORTUGAL,PSTU,v,,,,,04/10/2026 18:48:45,sim
1,04/10/2026,6257,Presidente,1,municipio,PB,19470,2502300,BOM SUCESSO,,,,,BRASIL DOS NOSSOS SONHOS,c,AGIR / AVANTE,,70,AVANTE,AVANTE,,70,280002551547,AUGUSTO JORGE CURY,ESCRITOR AUGUSTO CURY,02/10/1958,3,Válido,nao,,47,1.24,1.244044468,JULIO CESAR DELGADO,JÚLIO DELGADO,AVANTE,v,,,,,04/10/2026 18:48:45,sim
1,04/10/2026,6257,Presidente,1,municipio,PB,19470,2502300,BOM SUCESSO,,,,,PARTIDO NOVO,i,NOVO,0,30,NOVO,PARTIDO NOVO,,30,280002539826,ROMEU ZEMA NETO,ZEMA,28/10/1964,6,Válido,nao,,0,0.00,0,LUIS EDUARDO GRANGEIRO GIRÃO,EDUARDO GIRÃO,NOVO,v,,,,,04/10/2026 18:48:45,sim
1,04/10/2026,6257,Presidente,1,municipio,PB,19470,2502300,BOM SUCESSO,,,,,UNIDADE POPULAR,i,UP,0,80,UP,UNIDADE POPULAR,,80,280002538811,SAMARA MARTINS DA SILVA FEITOSA,SAMARA,31/08/1987,7,Válido,nao,,0,0.00,0,RAQUEL NONATO DE BRICIO,RAQUEL BRÍCIO,UP,v,,,,,04/10/2026 18:48:45,sim
1,04/10/2026,6257,Presidente,1,municipio,PB,19470,2502300,BOM SUCESSO,,,,,DEMOCRATA,i,DEMOCRATA,0,35,DEMOCRATA,DEMOCRATA,,35,280002548139,WILSON GRASSI JUNIOR,VETERINÁRIO WILSON GRASSI,13/03/1970,11,Válido,nao,,0,0.00,0,SUÊD HAIDAR NOGUEIRA,SUÊD HAIDAR,DEMOCRATA,v,,,,,04/10/2026 18:48:45,sim
1,04/10/2026,6257,Presidente,1,municipio,PB,19470,2502300,BOM SUCESSO,,,,,PARTIDO MISSÃO,i,MISSÃO,0,14,MISSÃO,PARTIDO MISSÃO,,14,280002540694,RENAN ANTONIO FERREIRA DOS SANTOS,RENAN SANTOS,14/02/1984,5,Válido,nao,,35,0.93,0.926416093,AROLDO MEDINA,CORONEL MEDINA,MISSÃO,v,,,,,04/10/2026 18:48:45,sim
1,04/10/2026,6257,Presidente,1,municipio,PB,19470,2502300,BOM SUCESSO,,,,,PARTIDO DA CAUSA OPERÁRIA,i,PCO,0,29,PCO,PARTIDO DA CAUSA OPERÁRIA,,29,280002552487,RUI COSTA PIMENTA,RUI COSTA PIMENTA,25/06/1957,12,Válido,nao,,1,0.03,0.026469031,ANTONIO CARLOS SILVA,ANTÔNIO CARLOS,PCO,v,,,,,04/10/2026 18:48:45,sim
1,04/10/2026,6257,Presidente,1,municipio,PB,19488,2509370,MATO GROSSO,,,,,PARTIDO LIBERAL,i,PL,0,22,PL,PARTIDO LIBERAL,,22,280002551544,FLAVIO NANTES BOLSONARO,FLAVIO BOLSONARO,30/04/1981,1,Válido,nao,,404,19.23,19.228938601,ALFREDO GASPAR DE MENDONÇA NETO,ALFREDO GASPAR,PL,v,,,,,04/10/2026 18:48:45,sim
1,04/10/2026,6257,Presidente,1,municipio,PB,19488,2509370,MATO GROSSO,,,,,PARTIDO SOCIAL DEMOCRÁTICO,i,PSD,0,55,PSD,PARTIDO SOCIAL DEMOCRÁTICO,,55,280002551932,RONALDO RAMOS CAIADO,RONALDO CAIADO,25/09/1949,4,Válido,nao,,12,0.57,0.571156592,GILBERTO KASSAB,GILBERTO KASSAB,PSD,v,,,,,04/10/2026 18:48:45,sim
1,04/10/2026,6257,Presidente,1,municipio,PB,19488,2509370,MATO GROSSO,,PT/PC do B/PV,FEDERAÇÃO BRASIL DA ESPERANÇA - FE BRASIL,PT/PC do B/PV,BRASIL PRONTO PRA MAIS,c,PSB / PDT / PCDOB / PT / PV / PSOL / REDE,,13,PT,PARTIDO DOS TRABALHADORES,101,13,280002542548,LUIZ INÁCIO LULA DA SILVA,LULA,06/10/1945,2,Válido,nao,,1635,77.82,77.820085673,GERALDO JOSE RODRIGUES ALCKMIN FILHO,GERALDO ALCKMIN,PSB,v,,,,,04/10/2026 18:48:45,sim
1,04/10/2026,6257,Presidente,1,municipio,PB,19488,2509370,MATO GROSSO,,,,,DEMOCRACIA CRISTÃ,i,DC,0,27,DC,DEMOCRACIA CRISTÃ,,27,280002552484,CLARIANA ZACARKIM BARAO,CLARIANA BARAO,03/04/1987,9,Válido,nao,,0,0.00,0,FABIANA CRISTINA TAVARES TORQUATO,FABIANA TORQUATO,DC,v,,,,,04/10/2026 18:48:45,sim
1,04/10/2026,6257,Presidente,1,municipio,PB,19488,2509370,MATO GROSSO,,,,,PARTIDO COMUNISTA BRASILEIRO,i,PCB,0,21,PCB,PARTIDO COMUNISTA BRASILEIRO,,21,280002551975,EDMILSON SILVA COSTA,EDMILSON COSTA,08/04/1950,10,Válido,nao,,0,0.00,0,CLEUSA DOS SANTOS,CLEUSA SANTOS,PCB,v,,,,,04/10/2026 18:48:45,sim
1,04/10/2026,6257,Presidente,1,municipio,PB,19488,2509370,MATO GROSSO,,,,,PARTIDO SOCIALISTA  DOS TRABALHADORES UNIFICADO,i,PSTU,0,16,PSTU,PARTIDO SOCIALISTA  DOS TRABALHADORES UNIFICADO,,16,280002541457,HERTZ DA CONCEICAO DIAS,HERTZ DIAS,20/10/1970,8,Válido,nao,,1,0.05,0.047596383,VANESSA PORTUGAL BARBOSA,VANESSA PORTUGAL,PSTU,v,,,,,04/10/2026 18:48:45,sim
1,04/10/2026,6257,Presidente,1,municipio,PB,19488,2509370,MATO GROSSO,,,,,BRASIL DOS NOSSOS SONHOS,c,AGIR / AVANTE,,70,AVANTE,AVANTE,,70,280002551547,AUGUSTO JORGE CURY,ESCRITOR AUGUSTO CURY,02/10/1958,3,Válido,nao,,29,1.38,1.380295098,JULIO CESAR DELGADO,JÚLIO DELGADO,AVANTE,v,,,,,04/10/2026 18:48:45,sim
1,04/10/2026,6257,Presidente,1,municipio,PB,19488,2509370,MATO GROSSO,,,,,PARTIDO NOVO,i,NOVO,0,30,NOVO,PARTIDO NOVO,,30,280002539826,ROMEU ZEMA NETO,ZEMA,28/10/1964,6,Válido,nao,,0,0.00,0,LUIS EDUARDO GRANGEIRO GIRÃO,EDUARDO GIRÃO,NOVO,v,,,,,04/10/2026 18:48:45,sim
1,04/10/2026,6257,Presidente,1,municipio,PB,19488,2509370,MATO GROSSO,,,,,UNIDADE POPULAR,i,UP,0,80,UP,UNIDADE POPULAR,,80,280002538811,SAMARA MARTINS DA SILVA FEITOSA,SAMARA,31/08/1987,7,Válido,nao,,0,0.00,0,RAQUEL NONATO DE BRICIO,RAQUEL BRÍCIO,UP,v,,,,,04/10/2026 18:48:45,sim
1,04/10/2026,6257,Presidente,1,municipio,PB,19488,2509370,MATO GROSSO,,,,,DEMOCRATA,i,DEMOCRATA,0,35,DEMOCRATA,DEMOCRATA,,35,280002548139,WILSON GRASSI JUNIOR,VETERINÁRIO WILSON GRASSI,13/03/1970,11,Válido,nao,,0,0.00,0,SUÊD HAIDAR NOGUEIRA,SUÊD HAIDAR,DEMOCRATA,v,,,,,04/10/2026 18:48:45,sim
1,04/10/2026,6257,Presidente,1,municipio,PB,19488,2509370,MATO GROSSO,,,,,PARTIDO MISSÃO,i,MISSÃO,0,14,MISSÃO,PARTIDO MISSÃO,,14,280002540694,RENAN ANTONIO FERREIRA DOS SANTOS,RENAN SANTOS,14/02/1984,5,Válido,nao,,20,0.95,0.951927653,AROLDO MEDINA,CORONEL MEDINA,MISSÃO,v,,,,,04/10/2026 18:48:45,sim
1,04/10/2026,6257,Presidente,1,municipio,PB,19488,2509370,MATO GROSSO,,,,,PARTIDO DA CAUSA OPERÁRIA,i,PCO,0,29,PCO,PARTIDO DA CAUSA OPERÁRIA,,29,280002552487,RUI COSTA PIMENTA,RUI COSTA PIMENTA,25/06/1957,12,Válido,nao,,0,0.00,0,ANTONIO CARLOS SILVA,ANTÔNIO CARLOS,PCO,v,,,,,04/10/2026 18:48:45,sim
1,04/10/2026,6257,Presidente,1,municipio,PB,19496,2502409,BONITO DE SANTA FÉ,,,,,PARTIDO LIBERAL,i,PL,0,22,PL,PARTIDO LIBERAL,,22,280002551544,FLAVIO NANTES BOLSONARO,FLAVIO BOLSONARO,30/04/1981,1,Válido,nao,,1474,24.38,24.379755210,ALFREDO GASPAR DE MENDONÇA NETO,ALFREDO GASPAR,PL,v,,,,,04/10/2026 19:16:39,sim
1,04/10/2026,6257,Presidente,1,municipio,PB,19496,2502409,BONITO DE SANTA FÉ,,,,,PARTIDO SOCIAL DEMOCRÁTICO,i,PSD,0,55,PSD,PARTIDO SOCIAL DEMOCRÁTICO,,55,280002551932,RONALDO RAMOS CAIADO,RONALDO CAIADO,25/09/1949,5,Válido,nao,,23,0.38,0.380416804,GILBERTO KASSAB,GILBERTO KASSAB,PSD,v,,,,,04/10/2026 19:16:39,sim
1,04/10/2026,6257,Presidente,1,municipio,PB,19496,2502409,BONITO DE SANTA FÉ,,PT/PC do B/PV,FEDERAÇÃO BRASIL DA ESPERANÇA - FE BRASIL,PT/PC do B/PV,BRASIL PRONTO PRA MAIS,c,PSB / PDT / PCDOB / PT / PV / PSOL / REDE,,13,PT,PARTIDO DOS TRABALHADORES,101,13,280002542548,LUIZ INÁCIO LULA DA SILVA,LULA,06/10/1945,2,Válido,nao,,4356,72.05,72.047634800,GERALDO JOSE RODRIGUES ALCKMIN FILHO,GERALDO ALCKMIN,PSB,v,,,,,04/10/2026 19:16:39,sim
1,04/10/2026,6257,Presidente,1,municipio,PB,19496,2502409,BONITO DE SANTA FÉ,,,,,DEMOCRACIA CRISTÃ,i,DC,0,27,DC,DEMOCRACIA CRISTÃ,,27,280002552484,CLARIANA ZACARKIM BARAO,CLARIANA BARAO,03/04/1987,9,Válido,nao,,0,0.00,0,FABIANA CRISTINA TAVARES TORQUATO,FABIANA TORQUATO,DC,v,,,,,04/10/2026 19:16:39,sim
1,04/10/2026,6257,Presidente,1,municipio,PB,19496,2502409,BONITO DE SANTA FÉ,,,,,PARTIDO COMUNISTA BRASILEIRO,i,PCB,0,21,PCB,PARTIDO COMUNISTA BRASILEIRO,,21,280002551975,EDMILSON SILVA COSTA,EDMILSON COSTA,08/04/1950,10,Válido,nao,,1,0.02,0.016539861,CLEUSA DOS SANTOS,CLEUSA SANTOS,PCB,v,,,,,04/10/2026 19:16:39,sim
1,04/10/2026,6257,Presidente,1,municipio,PB,19496,2502409,BONITO DE SANTA FÉ,,,,,PARTIDO SOCIALISTA  DOS TRABALHADORES UNIFICADO,i,PSTU,0,16,PSTU,PARTIDO SOCIALISTA  DOS TRABALHADORES UNIFICADO,,16,280002541457,HERTZ DA CONCEICAO DIAS,HERTZ DIAS,20/10/1970,8,Válido,nao,,0,0.00,0,VANESSA PORTUGAL BARBOSA,VANESSA PORTUGAL,PSTU,v,,,,,04/10/2026 19:16:39,sim
1,04/10/2026,6257,Presidente,1,municipio,PB,19496,2502409,BONITO DE SANTA FÉ,,,,,BRASIL DOS NOSSOS SONHOS,c,AGIR / AVANTE,,70,AVANTE,AVANTE,,70,280002551547,AUGUSTO JORGE CURY,ESCRITOR AUGUSTO CURY,02/10/1958,3,Válido,nao,,114,1.89,1.885544161,JULIO CESAR DELGADO,JÚLIO DELGADO,AVANTE,v,,,,,04/10/2026 19:16:39,sim
1,04/10/2026,6257,Presidente,1,municipio,PB,19496,2502409,BONITO DE SANTA FÉ,,,,,PARTIDO NOVO,i,NOVO,0,30,NOVO,PARTIDO NOVO,,30,280002539826,ROMEU ZEMA NETO,ZEMA,28/10/1964,6,Válido,nao,,1,0.02,0.016539861,LUIS EDUARDO GRANGEIRO GIRÃO,EDUARDO GIRÃO,NOVO,v,,,,,04/10/2026 19:16:39,sim
1,04/10/2026,6257,Presidente,1,municipio,PB,19496,2502409,BONITO DE SANTA FÉ,,,,,UNIDADE POPULAR,i,UP,0,80,UP,UNIDADE POPULAR,,80,280002538811,SAMARA MARTINS DA SILVA FEITOSA,SAMARA,31/08/1987,7,Válido,nao,,5,0.08,0.082699305,RAQUEL NONATO DE BRICIO,RAQUEL BRÍCIO,UP,v,,,,,04/10/2026 19:16:39,sim
1,04/10/2026,6257,Presidente,1,municipio,PB,19496,2502409,BONITO DE SANTA FÉ,,,,,DEMOCRATA,i,DEMOCRATA,0,35,DEMOCRATA,DEMOCRATA,,35,280002548139,WILSON GRASSI JUNIOR,VETERINÁRIO WILSON GRASSI,13/03/1970,11,Válido,nao,,0,0.00,0,SUÊD HAIDAR NOGUEIRA,SUÊD HAIDAR,DEMOCRATA,v,,,,,04/10/2026 19:16:39,sim
1,04/10/2026,6257,Presidente,1,municipio,PB,19496,2502409,BONITO DE SANTA FÉ,,,,,PARTIDO MISSÃO,i,MISSÃO,0,14,MISSÃO,PARTIDO MISSÃO,,14,280002540694,RENAN ANTONIO FERREIRA DOS SANTOS,RENAN SANTOS,14/02/1984,4,Válido,nao,,72,1.19,1.190869997,AROLDO MEDINA,CORONEL MEDINA,MISSÃO,v,,,,,04/10/2026 19:16:39,sim
1,04/10/2026,6257,Presidente,1,municipio,PB,19496,2502409,BONITO DE SANTA FÉ,,,,,PARTIDO DA CAUSA OPERÁRIA,i,PCO,0,29,PCO,PARTIDO DA CAUSA OPERÁRIA,,29,280002552487,RUI COSTA PIMENTA,RUI COSTA PIMENTA,25/06/1957,12,Válido,nao,,0,0.00,0,ANTONIO CARLOS SILVA,ANTÔNIO CARLOS,PCO,v,,,,,04/10/2026 19:16:39,sim
1,04/10/2026,6257,Presidente,1,municipio,PB,19500,2502052,BERNARDINO BATISTA,,,,,PARTIDO LIBERAL,i,PL,0,22,PL,PARTIDO LIBERAL,,22,280002551544,FLAVIO NANTES BOLSONARO,FLAVIO BOLSONARO,30/04/1981,1,Válido,nao,,407,17.35,17.348678602,ALFREDO GASPAR DE MENDONÇA NETO,ALFREDO GASPAR,PL,v,,,,,04/10/2026 20:17:00,sim
1,04/10/2026,6257,Presidente,1,municipio,PB,19500,2502052,BERNARDINO BATISTA,,,,,PARTIDO SOCIAL DEMOCRÁTICO,i,PSD,0,55,PSD,PARTIDO SOCIAL DEMOCRÁTICO,,55,280002551932,RONALDO RAMOS CAIADO,RONALDO CAIADO,25/09/1949,5,Válido,nao,,8,0.34,0.341005968,GILBERTO KASSAB,GILBERTO KASSAB,PSD,v,,,,,04/10/2026 20:17:00,sim
1,04/10/2026,6257,Presidente,1,municipio,PB,19500,2502052,BERNARDINO BATISTA,,PT/PC do B/PV,FEDERAÇÃO BRASIL DA ESPERANÇA - FE BRASIL,PT/PC do B/PV,BRASIL PRONTO PRA MAIS,c,PSB / PDT / PCDOB / PT / PV / PSOL / REDE,,13,PT,PARTIDO DOS TRABALHADORES,101,13,280002542548,LUIZ INÁCIO LULA DA SILVA,LULA,06/10/1945,2,Válido,nao,,1873,79.84,79.838022165,GERALDO JOSE RODRIGUES ALCKMIN FILHO,GERALDO ALCKMIN,PSB,v,,,,,04/10/2026 20:17:00,sim
1,04/10/2026,6257,Presidente,1,municipio,PB,19500,2502052,BERNARDINO BATISTA,,,,,PARTIDO SOCIALISTA  DOS TRABALHADORES UNIFICADO,i,PSTU,0,16,PSTU,PARTIDO SOCIALISTA  DOS TRABALHADORES UNIFICADO,,16,280002541457,HERTZ DA CONCEICAO DIAS,HERTZ DIAS,20/10/1970,8,Válido,nao,,1,0.04,0.042625746,VANESSA PORTUGAL BARBOSA,VANESSA PORTUGAL,PSTU,v,,,,,04/10/2026 20:17:00,sim
1,04/10/2026,6257,Presidente,1,municipio,PB,19500,2502052,BERNARDINO BATISTA,,,,,PARTIDO COMUNISTA BRASILEIRO,i,PCB,0,21,PCB,PARTIDO COMUNISTA BRASILEIRO,,21,280002551975,EDMILSON SILVA COSTA,EDMILSON COSTA,08/04/1950,10,Válido,nao,,2,0.09,0.085251492,CLEUSA DOS SANTOS,CLEUSA SANTOS,PCB,v,,,,,04/10/2026 20:17:00,sim
1,04/10/2026,6257,Presidente,1,municipio,PB,19500,2502052,BERNARDINO BATISTA,,,,,DEMOCRACIA CRISTÃ,i,DC,0,27,DC,DEMOCRACIA CRISTÃ,,27,280002552484,CLARIANA ZACARKIM BARAO,CLARIANA BARAO,03/04/1987,9,Válido,nao,,0,0.00,0,FABIANA CRISTINA TAVARES TORQUATO,FABIANA TORQUATO,DC,v,,,,,04/10/2026 20:17:00,sim
1,04/10/2026,6257,Presidente,1,municipio,PB,19500,2502052,BERNARDINO BATISTA,,,,,PARTIDO NOVO,i,NOVO,0,30,NOVO,PARTIDO NOVO,,30,280002539826,ROMEU ZEMA NETO,ZEMA,28/10/1964,6,Válido,nao,,1,0.04,0.042625746,LUIS EDUARDO GRANGEIRO GIRÃO,EDUARDO GIRÃO,NOVO,v,,,,,04/10/2026 20:17:00,sim
1,04/10/2026,6257,Presidente,1,municipio,PB,19500,2502052,BERNARDINO BATISTA,,,,,BRASIL DOS NOSSOS SONHOS,c,AGIR / AVANTE,,70,AVANTE,AVANTE,,70,280002551547,AUGUSTO JORGE CURY,ESCRITOR AUGUSTO CURY,02/10/1958,3,Válido,nao,,31,1.32,1.321398124,JULIO CESAR DELGADO,JÚLIO DELGADO,AVANTE,v,,,,,04/10/2026 20:17:00,sim
1,04/10/2026,6257,Presidente,1,municipio,PB,19500,2502052,BERNARDINO BATISTA,,,,,DEMOCRATA,i,DEMOCRATA,0,35,DEMOCRATA,DEMOCRATA,,35,280002548139,WILSON GRASSI JUNIOR,VETERINÁRIO WILSON GRASSI,13/03/1970,11,Válido,nao,,0,0.00,0,SUÊD HAIDAR NOGUEIRA,SUÊD HAIDAR,DEMOCRATA,v,,,,,04/10/2026 20:17:00,sim
1,04/10/2026,6257,Presidente,1,municipio,PB,19500,2502052,BERNARDINO BATISTA,,,,,UNIDADE POPULAR,i,UP,0,80,UP,UNIDADE POPULAR,,80,280002538811,SAMARA MARTINS DA SILVA FEITOSA,SAMARA,31/08/1987,7,Válido,nao,,1,0.04,0.042625746,RAQUEL NONATO DE BRICIO,RAQUEL BRÍCIO,UP,v,,,,,04/10/2026 20:17:00,sim
1,04/10/2026,6257,Presidente,1,municipio,PB,19500,2502052,BERNARDINO BATISTA,,,,,PARTIDO MISSÃO,i,MISSÃO,0,14,MISSÃO,PARTIDO MISSÃO,,14,280002540694,RENAN ANTONIO FERREIRA DOS SANTOS,RENAN SANTOS,14/02/1984,4,Válido,nao,,22,0.94,0.937766411,AROLDO MEDINA,CORONEL MEDINA,MISSÃO,v,,,,,04/10/2026 20:17:00,sim
1,04/10/2026,6257,Presidente,1,municipio,PB,19500,2502052,BERNARDINO BATISTA,,,,,PARTIDO DA CAUSA OPERÁRIA,i,PCO,0,29,PCO,PARTIDO DA CAUSA OPERÁRIA,,29,280002552487,RUI COSTA PIMENTA,RUI COSTA PIMENTA,25/06/1957,12,Válido,nao,,0,0.00,0,ANTONIO CARLOS SILVA,ANTÔNIO CARLOS,PCO,v,,,,,04/10/2026 20:17:00,sim
1,04/10/2026,6257,Presidente,1,municipio,PB,19518,2502508,BOQUEIRÃO,,,,,PARTIDO LIBERAL,i,PL,0,22,PL,PARTIDO LIBERAL,,22,280002551544,FLAVIO NANTES BOLSONARO,FLAVIO BOLSONARO,30/04/1981,1,Válido,nao,,3981,31.47,31.465380967,ALFREDO GASPAR DE MENDONÇA NETO,ALFREDO GASPAR,PL,v,,,,,04/10/2026 19:23:27,sim
1,04/10/2026,6257,Presidente,1,municipio,PB,19518,2502508,BOQUEIRÃO,,,,,PARTIDO SOCIAL DEMOCRÁTICO,i,PSD,0,55,PSD,PARTIDO SOCIAL DEMOCRÁTICO,,55,280002551932,RONALDO RAMOS CAIADO,RONALDO CAIADO,25/09/1949,5,Válido,nao,,77,0.61,0.608599431,GILBERTO KASSAB,GILBERTO KASSAB,PSD,v,,,,,04/10/2026 19:23:27,sim
1,04/10/2026,6257,Presidente,1,municipio,PB,19518,2502508,BOQUEIRÃO,,PT/PC do B/PV,FEDERAÇÃO BRASIL DA ESPERANÇA - FE BRASIL,PT/PC do B/PV,BRASIL PRONTO PRA MAIS,c,PSB / PDT / PCDOB / PT / PV / PSOL / REDE,,13,PT,PARTIDO DOS TRABALHADORES,101,13,280002542548,LUIZ INÁCIO LULA DA SILVA,LULA,06/10/1945,2,Válido,nao,,8029,63.46,63.460322479,GERALDO JOSE RODRIGUES ALCKMIN FILHO,GERALDO ALCKMIN,PSB,v,,,,,04/10/2026 19:23:27,sim
1,04/10/2026,6257,Presidente,1,municipio,PB,19518,2502508,BOQUEIRÃO,,,,,DEMOCRACIA CRISTÃ,i,DC,0,27,DC,DEMOCRACIA CRISTÃ,,27,280002552484,CLARIANA ZACARKIM BARAO,CLARIANA BARAO,03/04/1987,9,Válido,nao,,1,0.01,0.007903889,FABIANA CRISTINA TAVARES TORQUATO,FABIANA TORQUATO,DC,v,,,,,04/10/2026 19:23:27,sim
1,04/10/2026,6257,Presidente,1,municipio,PB,19518,2502508,BOQUEIRÃO,,,,,PARTIDO COMUNISTA BRASILEIRO,i,PCB,0,21,PCB,PARTIDO COMUNISTA BRASILEIRO,,21,280002551975,EDMILSON SILVA COSTA,EDMILSON COSTA,08/04/1950,10,Válido,nao,,2,0.02,0.015807777,CLEUSA DOS SANTOS,CLEUSA SANTOS,PCB,v,,,,,04/10/2026 19:23:27,sim
1,04/10/2026,6257,Presidente,1,municipio,PB,19518,2502508,BOQUEIRÃO,,,,,PARTIDO SOCIALISTA  DOS TRABALHADORES UNIFICADO,i,PSTU,0,16,PSTU,PARTIDO SOCIALISTA  DOS TRABALHADORES UNIFICADO,,16,280002541457,HERTZ DA CONCEICAO DIAS,HERTZ DIAS,20/10/1970,8,Válido,nao,,1,0.01,0.007903889,VANESSA PORTUGAL BARBOSA,VANESSA PORTUGAL,PSTU,v,,,,,04/10/2026 19:23:27,sim
1,04/10/2026,6257,Presidente,1,municipio,PB,19518,2502508,BOQUEIRÃO,,,,,BRASIL DOS NOSSOS SONHOS,c,AGIR / AVANTE,,70,AVANTE,AVANTE,,70,280002551547,AUGUSTO JORGE CURY,ESCRITOR AUGUSTO CURY,02/10/1958,3,Válido,nao,,383,3.03,3.027189377,JULIO CESAR DELGADO,JÚLIO DELGADO,AVANTE,v,,,,,04/10/2026 19:23:27,sim
1,04/10/2026,6257,Presidente,1,municipio,PB,19518,2502508,BOQUEIRÃO,,,,,PARTIDO NOVO,i,NOVO,0,30,NOVO,PARTIDO NOVO,,30,280002539826,ROMEU ZEMA NETO,ZEMA,28/10/1964,6,Válido,nao,,5,0.04,0.039519444,LUIS EDUARDO GRANGEIRO GIRÃO,EDUARDO GIRÃO,NOVO,v,,,,,04/10/2026 19:23:27,sim
1,04/10/2026,6257,Presidente,1,municipio,PB,19518,2502508,BOQUEIRÃO,,,,,UNIDADE POPULAR,i,UP,0,80,UP,UNIDADE POPULAR,,80,280002538811,SAMARA MARTINS DA SILVA FEITOSA,SAMARA,31/08/1987,7,Válido,nao,,6,0.05,0.047423332,RAQUEL NONATO DE BRICIO,RAQUEL BRÍCIO,UP,v,,,,,04/10/2026 19:23:27,sim
1,04/10/2026,6257,Presidente,1,municipio,PB,19518,2502508,BOQUEIRÃO,,,,,DEMOCRATA,i,DEMOCRATA,0,35,DEMOCRATA,DEMOCRATA,,35,280002548139,WILSON GRASSI JUNIOR,VETERINÁRIO WILSON GRASSI,13/03/1970,11,Válido,nao,,1,0.01,0.007903889,SUÊD HAIDAR NOGUEIRA,SUÊD HAIDAR,DEMOCRATA,v,,,,,04/10/2026 19:23:27,sim
1,04/10/2026,6257,Presidente,1,municipio,PB,19518,2502508,BOQUEIRÃO,,,,,PARTIDO MISSÃO,i,MISSÃO,0,14,MISSÃO,PARTIDO MISSÃO,,14,280002540694,RENAN ANTONIO FERREIRA DOS SANTOS,RENAN SANTOS,14/02/1984,4,Válido,nao,,163,1.29,1.288333860,AROLDO MEDINA,CORONEL MEDINA,MISSÃO,v,,,,,04/10/2026 19:23:27,sim
1,04/10/2026,6257,Presidente,1,municipio,PB,19518,2502508,BOQUEIRÃO,,,,,PARTIDO DA CAUSA OPERÁRIA,i,PCO,0,29,PCO,PARTIDO DA CAUSA OPERÁRIA,,29,280002552487,RUI COSTA PIMENTA,RUI COSTA PIMENTA,25/06/1957,12,Válido,nao,,3,0.02,0.023711666,ANTONIO CARLOS SILVA,ANTÔNIO CARLOS,PCO,v,,,,,04/10/2026 19:23:27,sim
1,04/10/2026,6257,Presidente,1,municipio,PB,19526,2512077,POÇO DE JOSÉ DE MOURA,,,,,PARTIDO LIBERAL,i,PL,0,22,PL,PARTIDO LIBERAL,,22,280002551544,FLAVIO NANTES BOLSONARO,FLAVIO BOLSONARO,30/04/1981,1,Válido,nao,,561,16.05,16.051502146,ALFREDO GASPAR DE MENDONÇA NETO,ALFREDO GASPAR,PL,v,,,,,04/10/2026 19:29:39,sim
1,04/10/2026,6257,Presidente,1,municipio,PB,19526,2512077,POÇO DE JOSÉ DE MOURA,,,,,PARTIDO SOCIAL DEMOCRÁTICO,i,PSD,0,55,PSD,PARTIDO SOCIAL DEMOCRÁTICO,,55,280002551932,RONALDO RAMOS CAIADO,RONALDO CAIADO,25/09/1949,5,Válido,nao,,12,0.34,0.343347639,GILBERTO KASSAB,GILBERTO KASSAB,PSD,v,,,,,04/10/2026 19:29:39,sim
1,04/10/2026,6257,Presidente,1,municipio,PB,19526,2512077,POÇO DE JOSÉ DE MOURA,,PT/PC do B/PV,FEDERAÇÃO BRASIL DA ESPERANÇA - FE BRASIL,PT/PC do B/PV,BRASIL PRONTO PRA MAIS,c,PSB / PDT / PCDOB / PT / PV / PSOL / REDE,,13,PT,PARTIDO DOS TRABALHADORES,101,13,280002542548,LUIZ INÁCIO LULA DA SILVA,LULA,06/10/1945,2,Válido,nao,,2786,79.71,79.713876967,GERALDO JOSE RODRIGUES ALCKMIN FILHO,GERALDO ALCKMIN,PSB,v,,,,,04/10/2026 19:29:39,sim
1,04/10/2026,6257,Presidente,1,municipio,PB,19526,2512077,POÇO DE JOSÉ DE MOURA,,,,,PARTIDO SOCIALISTA  DOS TRABALHADORES UNIFICADO,i,PSTU,0,16,PSTU,PARTIDO SOCIALISTA  DOS TRABALHADORES UNIFICADO,,16,280002541457,HERTZ DA CONCEICAO DIAS,HERTZ DIAS,20/10/1970,8,Válido,nao,,2,0.06,0.057224607,VANESSA PORTUGAL BARBOSA,VANESSA PORTUGAL,PSTU,v,,,,,04/10/2026 19:29:39,sim
1,04/10/2026,6257,Presidente,1,municipio,PB,19526,2512077,POÇO DE JOSÉ DE MOURA,,,,,PARTIDO COMUNISTA BRASILEIRO,i,PCB,0,21,PCB,PARTIDO COMUNISTA BRASILEIRO,,21,280002551975,EDMILSON SILVA COSTA,EDMILSON COSTA,08/04/1950,10,Válido,nao,,0,0.00,0,CLEUSA DOS SANTOS,CLEUSA SANTOS,PCB,v,,,,,04/10/2026 19:29:39,sim
1,04/10/2026,6257,Presidente,1,municipio,PB,19526,2512077,POÇO DE JOSÉ DE MOURA,,,,,DEMOCRACIA CRISTÃ,i,DC,0,27,DC,DEMOCRACIA CRISTÃ,,27,280002552484,CLARIANA ZACARKIM BARAO,CLARIANA BARAO,03/04/1987,9,Válido,nao,,1,0.03,0.028612303,FABIANA CRISTINA TAVARES TORQUATO,FABIANA TORQUATO,DC,v,,,,,04/10/2026 19:29:39,sim
1,04/10/2026,6257,Presidente,1,municipio,PB,19526,2512077,POÇO DE JOSÉ DE MOURA,,,,,PARTIDO NOVO,i,NOVO,0,30,NOVO,PARTIDO NOVO,,30,280002539826,ROMEU ZEMA NETO,ZEMA,28/10/1964,6,Válido,nao,,0,0.00,0,LUIS EDUARDO GRANGEIRO GIRÃO,EDUARDO GIRÃO,NOVO,v,,,,,04/10/2026 19:29:39,sim
1,04/10/2026,6257,Presidente,1,municipio,PB,19526,2512077,POÇO DE JOSÉ DE MOURA,,,,,BRASIL DOS NOSSOS SONHOS,c,AGIR / AVANTE,,70,AVANTE,AVANTE,,70,280002551547,AUGUSTO JORGE CURY,ESCRITOR AUGUSTO CURY,02/10/1958,3,Válido,nao,,74,2.12,2.117310443,JULIO CESAR DELGADO,JÚLIO DELGADO,AVANTE,v,,,,,04/10/2026 19:29:39,sim
1,04/10/2026,6257,Presidente,1,municipio,PB,19526,2512077,POÇO DE JOSÉ DE MOURA,,,,,DEMOCRATA,i,DEMOCRATA,0,35,DEMOCRATA,DEMOCRATA,,35,280002548139,WILSON GRASSI JUNIOR,VETERINÁRIO WILSON GRASSI,13/03/1970,11,Válido,nao,,1,0.03,0.028612303,SUÊD HAIDAR NOGUEIRA,SUÊD HAIDAR,DEMOCRATA,v,,,,,04/10/2026 19:29:39,sim
1,04/10/2026,6257,Presidente,1,municipio,PB,19526,2512077,POÇO DE JOSÉ DE MOURA,,,,,UNIDADE POPULAR,i,UP,0,80,UP,UNIDADE POPULAR,,80,280002538811,SAMARA MARTINS DA SILVA FEITOSA,SAMARA,31/08/1987,7,Válido,nao,,1,0.03,0.028612303,RAQUEL NONATO DE BRICIO,RAQUEL BRÍCIO,UP,v,,,,,04/10/2026 19:29:39,sim
1,04/10/2026,6257,Presidente,1,municipio,PB,19526,2512077,POÇO DE JOSÉ DE MOURA,,,,,PARTIDO MISSÃO,i,MISSÃO,0,14,MISSÃO,PARTIDO MISSÃO,,14,280002540694,RENAN ANTONIO FERREIRA DOS SANTOS,RENAN SANTOS,14/02/1984,4,Válido,nao,,57,1.63,1.630901288,AROLDO MEDINA,CORONEL MEDINA,MISSÃO,v,,,,,04/10/2026 19:29:39,sim
1,04/10/2026,6257,Presidente,1,municipio,PB,19526,2512077,POÇO DE JOSÉ DE MOURA,,,,,PARTIDO DA CAUSA OPERÁRIA,i,PCO,0,29,PCO,PARTIDO DA CAUSA OPERÁRIA,,29,280002552487,RUI COSTA PIMENTA,RUI COSTA PIMENTA,25/06/1957,12,Válido,nao,,0,0.00,0,ANTONIO CARLOS SILVA,ANTÔNIO CARLOS,PCO,v,,,,,04/10/2026 19:29:39,sim
1,04/10/2026,6257,Presidente,1,municipio,PB,19534,2502607,IGARACY,,,,,PARTIDO LIBERAL,i,PL,0,22,PL,PARTIDO LIBERAL,,22,280002551544,FLAVIO NANTES BOLSONARO,FLAVIO BOLSONARO,30/04/1981,1,Válido,nao,,1022,23.76,23.761915834,ALFREDO GASPAR DE MENDONÇA NETO,ALFREDO GASPAR,PL,v,,,,,04/10/2026 18:41:12,sim
1,04/10/2026,6257,Presidente,1,municipio,PB,19534,2502607,IGARACY,,,,,PARTIDO SOCIAL DEMOCRÁTICO,i,PSD,0,55,PSD,PARTIDO SOCIAL DEMOCRÁTICO,,55,280002551932,RONALDO RAMOS CAIADO,RONALDO CAIADO,25/09/1949,4,Válido,nao,,29,0.67,0.674261800,GILBERTO KASSAB,GILBERTO KASSAB,PSD,v,,,,,04/10/2026 18:41:12,sim
1,04/10/2026,6257,Presidente,1,municipio,PB,19534,2502607,IGARACY,,PT/PC do B/PV,FEDERAÇÃO BRASIL DA ESPERANÇA - FE BRASIL,PT/PC do B/PV,BRASIL PRONTO PRA MAIS,c,PSB / PDT / PCDOB / PT / PV / PSOL / REDE,,13,PT,PARTIDO DOS TRABALHADORES,101,13,280002542548,LUIZ INÁCIO LULA DA SILVA,LULA,06/10/1945,2,Válido,nao,,3030,70.45,70.448732853,GERALDO JOSE RODRIGUES ALCKMIN FILHO,GERALDO ALCKMIN,PSB,v,,,,,04/10/2026 18:41:12,sim
1,04/10/2026,6257,Presidente,1,municipio,PB,19534,2502607,IGARACY,,,,,DEMOCRACIA CRISTÃ,i,DC,0,27,DC,DEMOCRACIA CRISTÃ,,27,280002552484,CLARIANA ZACARKIM BARAO,CLARIANA BARAO,03/04/1987,9,Válido,nao,,0,0.00,0,FABIANA CRISTINA TAVARES TORQUATO,FABIANA TORQUATO,DC,v,,,,,04/10/2026 18:41:12,sim
1,04/10/2026,6257,Presidente,1,municipio,PB,19534,2502607,IGARACY,,,,,PARTIDO COMUNISTA BRASILEIRO,i,PCB,0,21,PCB,PARTIDO COMUNISTA BRASILEIRO,,21,280002551975,EDMILSON SILVA COSTA,EDMILSON COSTA,08/04/1950,10,Válido,nao,,2,0.05,0.046500814,CLEUSA DOS SANTOS,CLEUSA SANTOS,PCB,v,,,,,04/10/2026 18:41:12,sim
1,04/10/2026,6257,Presidente,1,municipio,PB,19534,2502607,IGARACY,,,,,PARTIDO SOCIALISTA  DOS TRABALHADORES UNIFICADO,i,PSTU,0,16,PSTU,PARTIDO SOCIALISTA  DOS TRABALHADORES UNIFICADO,,16,280002541457,HERTZ DA CONCEICAO DIAS,HERTZ DIAS,20/10/1970,8,Válido,nao,,0,0.00,0,VANESSA PORTUGAL BARBOSA,VANESSA PORTUGAL,PSTU,v,,,,,04/10/2026 18:41:12,sim
1,04/10/2026,6257,Presidente,1,municipio,PB,19534,2502607,IGARACY,,,,,BRASIL DOS NOSSOS SONHOS,c,AGIR / AVANTE,,70,AVANTE,AVANTE,,70,280002551547,AUGUSTO JORGE CURY,ESCRITOR AUGUSTO CURY,02/10/1958,3,Válido,nao,,165,3.84,3.836317136,JULIO CESAR DELGADO,JÚLIO DELGADO,AVANTE,v,,,,,04/10/2026 18:41:12,sim
1,04/10/2026,6257,Presidente,1,municipio,PB,19534,2502607,IGARACY,,,,,PARTIDO NOVO,i,NOVO,0,30,NOVO,PARTIDO NOVO,,30,280002539826,ROMEU ZEMA NETO,ZEMA,28/10/1964,6,Válido,nao,,3,0.07,0.069751221,LUIS EDUARDO GRANGEIRO GIRÃO,EDUARDO GIRÃO,NOVO,v,,,,,04/10/2026 18:41:12,sim
1,04/10/2026,6257,Presidente,1,municipio,PB,19534,2502607,IGARACY,,,,,UNIDADE POPULAR,i,UP,0,80,UP,UNIDADE POPULAR,,80,280002538811,SAMARA MARTINS DA SILVA FEITOSA,SAMARA,31/08/1987,7,Válido,nao,,2,0.05,0.046500814,RAQUEL NONATO DE BRICIO,RAQUEL BRÍCIO,UP,v,,,,,04/10/2026 18:41:12,sim
1,04/10/2026,6257,Presidente,1,municipio,PB,19534,2502607,IGARACY,,,,,DEMOCRATA,i,DEMOCRATA,0,35,DEMOCRATA,DEMOCRATA,,35,280002548139,WILSON GRASSI JUNIOR,VETERINÁRIO WILSON GRASSI,13/03/1970,11,Válido,nao,,0,0.00,0,SUÊD HAIDAR NOGUEIRA,SUÊD HAIDAR,DEMOCRATA,v,,,,,04/10/2026 18:41:12,sim
1,04/10/2026,6257,Presidente,1,municipio,PB,19534,2502607,IGARACY,,,,,PARTIDO MISSÃO,i,MISSÃO,0,14,MISSÃO,PARTIDO MISSÃO,,14,280002540694,RENAN ANTONIO FERREIRA DOS SANTOS,RENAN SANTOS,14/02/1984,5,Válido,nao,,48,1.12,1.116019530,AROLDO MEDINA,CORONEL MEDINA,MISSÃO,v,,,,,04/10/2026 18:41:12,sim
1,04/10/2026,6257,Presidente,1,municipio,PB,19534,2502607,IGARACY,,,,,PARTIDO DA CAUSA OPERÁRIA,i,PCO,0,29,PCO,PARTIDO DA CAUSA OPERÁRIA,,29,280002552487,RUI COSTA PIMENTA,RUI COSTA PIMENTA,25/06/1957,12,Válido,nao,,0,0.00,0,ANTONIO CARLOS SILVA,ANTÔNIO CARLOS,PCO,v,,,,,04/10/2026 18:41:12,sim
1,04/10/2026,6257,Presidente,1,municipio,PB,19542,2514651,SÃO JOSÉ DO BREJO DO CRUZ,,,,,PARTIDO LIBERAL,i,PL,0,22,PL,PARTIDO LIBERAL,,22,280002551544,FLAVIO NANTES BOLSONARO,FLAVIO BOLSONARO,30/04/1981,1,Válido,nao,,620,30.77,30.769230769,ALFREDO GASPAR DE MENDONÇA NETO,ALFREDO GASPAR,PL,v,,,,,04/10/2026 18:41:12,sim
1,04/10/2026,6257,Presidente,1,municipio,PB,19542,2514651,SÃO JOSÉ DO BREJO DO CRUZ,,,,,PARTIDO SOCIAL DEMOCRÁTICO,i,PSD,0,55,PSD,PARTIDO SOCIAL DEMOCRÁTICO,,55,280002551932,RONALDO RAMOS CAIADO,RONALDO CAIADO,25/09/1949,4,Válido,nao,,10,0.50,0.496277916,GILBERTO KASSAB,GILBERTO KASSAB,PSD,v,,,,,04/10/2026 18:41:12,sim
1,04/10/2026,6257,Presidente,1,municipio,PB,19542,2514651,SÃO JOSÉ DO BREJO DO CRUZ,,PT/PC do B/PV,FEDERAÇÃO BRASIL DA ESPERANÇA - FE BRASIL,PT/PC do B/PV,BRASIL PRONTO PRA MAIS,c,PSB / PDT / PCDOB / PT / PV / PSOL / REDE,,13,PT,PARTIDO DOS TRABALHADORES,101,13,280002542548,LUIZ INÁCIO LULA DA SILVA,LULA,06/10/1945,2,Válido,nao,,1293,64.17,64.168734491,GERALDO JOSE RODRIGUES ALCKMIN FILHO,GERALDO ALCKMIN,PSB,v,,,,,04/10/2026 18:41:12,sim
1,04/10/2026,6257,Presidente,1,municipio,PB,19542,2514651,SÃO JOSÉ DO BREJO DO CRUZ,,,,,DEMOCRACIA CRISTÃ,i,DC,0,27,DC,DEMOCRACIA CRISTÃ,,27,280002552484,CLARIANA ZACARKIM BARAO,CLARIANA BARAO,03/04/1987,9,Válido,nao,,2,0.10,0.099255583,FABIANA CRISTINA TAVARES TORQUATO,FABIANA TORQUATO,DC,v,,,,,04/10/2026 18:41:12,sim
1,04/10/2026,6257,Presidente,1,municipio,PB,19542,2514651,SÃO JOSÉ DO BREJO DO CRUZ,,,,,PARTIDO COMUNISTA BRASILEIRO,i,PCB,0,21,PCB,PARTIDO COMUNISTA BRASILEIRO,,21,280002551975,EDMILSON SILVA COSTA,EDMILSON COSTA,08/04/1950,10,Válido,nao,,0,0.00,0,CLEUSA DOS SANTOS,CLEUSA SANTOS,PCB,v,,,,,04/10/2026 18:41:12,sim
1,04/10/2026,6257,Presidente,1,municipio,PB,19542,2514651,SÃO JOSÉ DO BREJO DO CRUZ,,,,,PARTIDO SOCIALISTA  DOS TRABALHADORES UNIFICADO,i,PSTU,0,16,PSTU,PARTIDO SOCIALISTA  DOS TRABALHADORES UNIFICADO,,16,280002541457,HERTZ DA CONCEICAO DIAS,HERTZ DIAS,20/10/1970,8,Válido,nao,,0,0.00,0,VANESSA PORTUGAL BARBOSA,VANESSA PORTUGAL,PSTU,v,,,,,04/10/2026 18:41:12,sim
1,04/10/2026,6257,Presidente,1,municipio,PB,19542,2514651,SÃO JOSÉ DO BREJO DO CRUZ,,,,,BRASIL DOS NOSSOS SONHOS,c,AGIR / AVANTE,,70,AVANTE,AVANTE,,70,280002551547,AUGUSTO JORGE CURY,ESCRITOR AUGUSTO CURY,02/10/1958,3,Válido,nao,,63,3.13,3.126550868,JULIO CESAR DELGADO,JÚLIO DELGADO,AVANTE,v,,,,,04/10/2026 18:41:12,sim
1,04/10/2026,6257,Presidente,1,municipio,PB,19542,2514651,SÃO JOSÉ DO BREJO DO CRUZ,,,,,PARTIDO NOVO,i,NOVO,0,30,NOVO,PARTIDO NOVO,,30,280002539826,ROMEU ZEMA NETO,ZEMA,28/10/1964,6,Válido,nao,,0,0.00,0,LUIS EDUARDO GRANGEIRO GIRÃO,EDUARDO GIRÃO,NOVO,v,,,,,04/10/2026 18:41:12,sim
1,04/10/2026,6257,Presidente,1,municipio,PB,19542,2514651,SÃO JOSÉ DO BREJO DO CRUZ,,,,,UNIDADE POPULAR,i,UP,0,80,UP,UNIDADE POPULAR,,80,280002538811,SAMARA MARTINS DA SILVA FEITOSA,SAMARA,31/08/1987,7,Válido,nao,,0,0.00,0,RAQUEL NONATO DE BRICIO,RAQUEL BRÍCIO,UP,v,,,,,04/10/2026 18:41:12,sim
1,04/10/2026,6257,Presidente,1,municipio,PB,19542,2514651,SÃO JOSÉ DO BREJO DO CRUZ,,,,,DEMOCRATA,i,DEMOCRATA,0,35,DEMOCRATA,DEMOCRATA,,35,280002548139,WILSON GRASSI JUNIOR,VETERINÁRIO WILSON GRASSI,13/03/1970,11,Válido,nao,,0,0.00,0,SUÊD HAIDAR NOGUEIRA,SUÊD HAIDAR,DEMOCRATA,v,,,,,04/10/2026 18:41:12,sim
1,04/10/2026,6257,Presidente,1,municipio,PB,19542,2514651,SÃO JOSÉ DO BREJO DO CRUZ,,,,,PARTIDO MISSÃO,i,MISSÃO,0,14,MISSÃO,PARTIDO MISSÃO,,14,280002540694,RENAN ANTONIO FERREIRA DOS SANTOS,RENAN SANTOS,14/02/1984,5,Válido,nao,,27,1.34,1.339950372,AROLDO MEDINA,CORONEL MEDINA,MISSÃO,v,,,,,04/10/2026 18:41:12,sim
1,04/10/2026,6257,Presidente,1,municipio,PB,19542,2514651,SÃO JOSÉ DO BREJO DO CRUZ,,,,,PARTIDO DA CAUSA OPERÁRIA,i,PCO,0,29,PCO,PARTIDO DA CAUSA OPERÁRIA,,29,280002552487,RUI COSTA PIMENTA,RUI COSTA PIMENTA,25/06/1957,12,Válido,nao,,0,0.00,0,ANTONIO CARLOS SILVA,ANTÔNIO CARLOS,PCO,v,,,,,04/10/2026 18:41:12,sim
1,04/10/2026,6257,Presidente,1,municipio,PB,19550,2502706,BORBOREMA,,,,,PARTIDO LIBERAL,i,PL,0,22,PL,PARTIDO LIBERAL,,22,280002551544,FLAVIO NANTES BOLSONARO,FLAVIO BOLSONARO,30/04/1981,1,Válido,nao,,919,24.86,24.864718615,ALFREDO GASPAR DE MENDONÇA NETO,ALFREDO GASPAR,PL,v,,,,,04/10/2026 17:55:28,sim
1,04/10/2026,6257,Presidente,1,municipio,PB,19550,2502706,BORBOREMA,,,,,PARTIDO SOCIAL DEMOCRÁTICO,i,PSD,0,55,PSD,PARTIDO SOCIAL DEMOCRÁTICO,,55,280002551932,RONALDO RAMOS CAIADO,RONALDO CAIADO,25/09/1949,4,Válido,nao,,26,0.70,0.703463203,GILBERTO KASSAB,GILBERTO KASSAB,PSD,v,,,,,04/10/2026 17:55:28,sim
1,04/10/2026,6257,Presidente,1,municipio,PB,19550,2502706,BORBOREMA,,PT/PC do B/PV,FEDERAÇÃO BRASIL DA ESPERANÇA - FE BRASIL,PT/PC do B/PV,BRASIL PRONTO PRA MAIS,c,PSB / PDT / PCDOB / PT / PV / PSOL / REDE,,13,PT,PARTIDO DOS TRABALHADORES,101,13,280002542548,LUIZ INÁCIO LULA DA SILVA,LULA,06/10/1945,2,Válido,nao,,2623,70.97,70.968614719,GERALDO JOSE RODRIGUES ALCKMIN FILHO,GERALDO ALCKMIN,PSB,v,,,,,04/10/2026 17:55:28,sim
1,04/10/2026,6257,Presidente,1,municipio,PB,19550,2502706,BORBOREMA,,,,,DEMOCRACIA CRISTÃ,i,DC,0,27,DC,DEMOCRACIA CRISTÃ,,27,280002552484,CLARIANA ZACARKIM BARAO,CLARIANA BARAO,03/04/1987,8,Válido,nao,,1,0.03,0.027056277,FABIANA CRISTINA TAVARES TORQUATO,FABIANA TORQUATO,DC,v,,,,,04/10/2026 17:55:28,sim
1,04/10/2026,6257,Presidente,1,municipio,PB,19550,2502706,BORBOREMA,,,,,PARTIDO COMUNISTA BRASILEIRO,i,PCB,0,21,PCB,PARTIDO COMUNISTA BRASILEIRO,,21,280002551975,EDMILSON SILVA COSTA,EDMILSON COSTA,08/04/1950,10,Válido,nao,,0,0.00,0,CLEUSA DOS SANTOS,CLEUSA SANTOS,PCB,v,,,,,04/10/2026 17:55:28,sim
1,04/10/2026,6257,Presidente,1,municipio,PB,19550,2502706,BORBOREMA,,,,,PARTIDO SOCIALISTA  DOS TRABALHADORES UNIFICADO,i,PSTU,0,16,PSTU,PARTIDO SOCIALISTA  DOS TRABALHADORES UNIFICADO,,16,280002541457,HERTZ DA CONCEICAO DIAS,HERTZ DIAS,20/10/1970,9,Válido,nao,,0,0.00,0,VANESSA PORTUGAL BARBOSA,VANESSA PORTUGAL,PSTU,v,,,,,04/10/2026 17:55:28,sim
1,04/10/2026,6257,Presidente,1,municipio,PB,19550,2502706,BORBOREMA,,,,,BRASIL DOS NOSSOS SONHOS,c,AGIR / AVANTE,,70,AVANTE,AVANTE,,70,280002551547,AUGUSTO JORGE CURY,ESCRITOR AUGUSTO CURY,02/10/1958,3,Válido,nao,,93,2.52,2.516233766,JULIO CESAR DELGADO,JÚLIO DELGADO,AVANTE,v,,,,,04/10/2026 17:55:28,sim
1,04/10/2026,6257,Presidente,1,municipio,PB,19550,2502706,BORBOREMA,,,,,PARTIDO NOVO,i,NOVO,0,30,NOVO,PARTIDO NOVO,,30,280002539826,ROMEU ZEMA NETO,ZEMA,28/10/1964,6,Válido,nao,,3,0.08,0.081168831,LUIS EDUARDO GRANGEIRO GIRÃO,EDUARDO GIRÃO,NOVO,v,,,,,04/10/2026 17:55:28,sim
1,04/10/2026,6257,Presidente,1,municipio,PB,19550,2502706,BORBOREMA,,,,,UNIDADE POPULAR,i,UP,0,80,UP,UNIDADE POPULAR,,80,280002538811,SAMARA MARTINS DA SILVA FEITOSA,SAMARA,31/08/1987,7,Válido,nao,,2,0.05,0.054112554,RAQUEL NONATO DE BRICIO,RAQUEL BRÍCIO,UP,v,,,,,04/10/2026 17:55:28,sim
1,04/10/2026,6257,Presidente,1,municipio,PB,19550,2502706,BORBOREMA,,,,,DEMOCRATA,i,DEMOCRATA,0,35,DEMOCRATA,DEMOCRATA,,35,280002548139,WILSON GRASSI JUNIOR,VETERINÁRIO WILSON GRASSI,13/03/1970,11,Válido,nao,,0,0.00,0,SUÊD HAIDAR NOGUEIRA,SUÊD HAIDAR,DEMOCRATA,v,,,,,04/10/2026 17:55:28,sim
1,04/10/2026,6257,Presidente,1,municipio,PB,19550,2502706,BORBOREMA,,,,,PARTIDO MISSÃO,i,MISSÃO,0,14,MISSÃO,PARTIDO MISSÃO,,14,280002540694,RENAN ANTONIO FERREIRA DOS SANTOS,RENAN SANTOS,14/02/1984,5,Válido,nao,,29,0.78,0.784632035,AROLDO MEDINA,CORONEL MEDINA,MISSÃO,v,,,,,04/10/2026 17:55:28,sim
1,04/10/2026,6257,Presidente,1,municipio,PB,19550,2502706,BORBOREMA,,,,,PARTIDO DA CAUSA OPERÁRIA,i,PCO,0,29,PCO,PARTIDO DA CAUSA OPERÁRIA,,29,280002552487,RUI COSTA PIMENTA,RUI COSTA PIMENTA,25/06/1957,12,Válido,nao,,0,0.00,0,ANTONIO CARLOS SILVA,ANTÔNIO CARLOS,PCO,v,,,,,04/10/2026 17:55:28,sim
1,04/10/2026,6257,Presidente,1,municipio,PB,19569,2513356,SANTA INÊS,,,,,PARTIDO LIBERAL,i,PL,0,22,PL,PARTIDO LIBERAL,,22,280002551544,FLAVIO NANTES BOLSONARO,FLAVIO BOLSONARO,30/04/1981,1,Válido,nao,,361,12.54,12.543432940,ALFREDO GASPAR DE MENDONÇA NETO,ALFREDO GASPAR,PL,v,,,,,04/10/2026 18:39:55,sim
1,04/10/2026,6257,Presidente,1,municipio,PB,19569,2513356,SANTA INÊS,,,,,PARTIDO SOCIAL DEMOCRÁTICO,i,PSD,0,55,PSD,PARTIDO SOCIAL DEMOCRÁTICO,,55,280002551932,RONALDO RAMOS CAIADO,RONALDO CAIADO,25/09/1949,4,Válido,nao,,11,0.38,0.382209868,GILBERTO KASSAB,GILBERTO KASSAB,PSD,v,,,,,04/10/2026 18:39:55,sim
1,04/10/2026,6257,Presidente,1,municipio,PB,19569,2513356,SANTA INÊS,,PT/PC do B/PV,FEDERAÇÃO BRASIL DA ESPERANÇA - FE BRASIL,PT/PC do B/PV,BRASIL PRONTO PRA MAIS,c,PSB / PDT / PCDOB / PT / PV / PSOL / REDE,,13,PT,PARTIDO DOS TRABALHADORES,101,13,280002542548,LUIZ INÁCIO LULA DA SILVA,LULA,06/10/1945,2,Válido,nao,,2441,84.82,84.815844336,GERALDO JOSE RODRIGUES ALCKMIN FILHO,GERALDO ALCKMIN,PSB,v,,,,,04/10/2026 18:39:55,sim
1,04/10/2026,6257,Presidente,1,municipio,PB,19569,2513356,SANTA INÊS,,,,,DEMOCRACIA CRISTÃ,i,DC,0,27,DC,DEMOCRACIA CRISTÃ,,27,280002552484,CLARIANA ZACARKIM BARAO,CLARIANA BARAO,03/04/1987,9,Válido,nao,,1,0.03,0.034746352,FABIANA CRISTINA TAVARES TORQUATO,FABIANA TORQUATO,DC,v,,,,,04/10/2026 18:39:55,sim
1,04/10/2026,6257,Presidente,1,municipio,PB,19569,2513356,SANTA INÊS,,,,,PARTIDO COMUNISTA BRASILEIRO,i,PCB,0,21,PCB,PARTIDO COMUNISTA BRASILEIRO,,21,280002551975,EDMILSON SILVA COSTA,EDMILSON COSTA,08/04/1950,10,Válido,nao,,0,0.00,0,CLEUSA DOS SANTOS,CLEUSA SANTOS,PCB,v,,,,,04/10/2026 18:39:55,sim
1,04/10/2026,6257,Presidente,1,municipio,PB,19569,2513356,SANTA INÊS,,,,,PARTIDO SOCIALISTA  DOS TRABALHADORES UNIFICADO,i,PSTU,0,16,PSTU,PARTIDO SOCIALISTA  DOS TRABALHADORES UNIFICADO,,16,280002541457,HERTZ DA CONCEICAO DIAS,HERTZ DIAS,20/10/1970,8,Válido,nao,,1,0.03,0.034746352,VANESSA PORTUGAL BARBOSA,VANESSA PORTUGAL,PSTU,v,,,,,04/10/2026 18:39:55,sim
1,04/10/2026,6257,Presidente,1,municipio,PB,19569,2513356,SANTA INÊS,,,,,BRASIL DOS NOSSOS SONHOS,c,AGIR / AVANTE,,70,AVANTE,AVANTE,,70,280002551547,AUGUSTO JORGE CURY,ESCRITOR AUGUSTO CURY,02/10/1958,3,Válido,nao,,41,1.42,1.424600417,JULIO CESAR DELGADO,JÚLIO DELGADO,AVANTE,v,,,,,04/10/2026 18:39:55,sim
1,04/10/2026,6257,Presidente,1,municipio,PB,19569,2513356,SANTA INÊS,,,,,PARTIDO NOVO,i,NOVO,0,30,NOVO,PARTIDO NOVO,,30,280002539826,ROMEU ZEMA NETO,ZEMA,28/10/1964,6,Válido,nao,,1,0.03,0.034746352,LUIS EDUARDO GRANGEIRO GIRÃO,EDUARDO GIRÃO,NOVO,v,,,,,04/10/2026 18:39:55,sim
1,04/10/2026,6257,Presidente,1,municipio,PB,19569,2513356,SANTA INÊS,,,,,UNIDADE POPULAR,i,UP,0,80,UP,UNIDADE POPULAR,,80,280002538811,SAMARA MARTINS DA SILVA FEITOSA,SAMARA,31/08/1987,7,Válido,nao,,0,0.00,0,RAQUEL NONATO DE BRICIO,RAQUEL BRÍCIO,UP,v,,,,,04/10/2026 18:39:55,sim
1,04/10/2026,6257,Presidente,1,municipio,PB,19569,2513356,SANTA INÊS,,,,,DEMOCRATA,i,DEMOCRATA,0,35,DEMOCRATA,DEMOCRATA,,35,280002548139,WILSON GRASSI JUNIOR,VETERINÁRIO WILSON GRASSI,13/03/1970,11,Válido,nao,,0,0.00,0,SUÊD HAIDAR NOGUEIRA,SUÊD HAIDAR,DEMOCRATA,v,,,,,04/10/2026 18:39:55,sim
1,04/10/2026,6257,Presidente,1,municipio,PB,19569,2513356,SANTA INÊS,,,,,PARTIDO MISSÃO,i,MISSÃO,0,14,MISSÃO,PARTIDO MISSÃO,,14,280002540694,RENAN ANTONIO FERREIRA DOS SANTOS,RENAN SANTOS,14/02/1984,5,Válido,nao,,21,0.73,0.729673384,AROLDO MEDINA,CORONEL MEDINA,MISSÃO,v,,,,,04/10/2026 18:39:55,sim
1,04/10/2026,6257,Presidente,1,municipio,PB,19569,2513356,SANTA INÊS,,,,,PARTIDO DA CAUSA OPERÁRIA,i,PCO,0,29,PCO,PARTIDO DA CAUSA OPERÁRIA,,29,280002552487,RUI COSTA PIMENTA,RUI COSTA PIMENTA,25/06/1957,12,Válido,nao,,0,0.00,0,ANTONIO CARLOS SILVA,ANTÔNIO CARLOS,PCO,v,,,,,04/10/2026 18:39:55,sim
1,04/10/2026,6257,Presidente,1,municipio,PB,19577,2502805,BREJO DO CRUZ,,,,,PARTIDO LIBERAL,i,PL,0,22,PL,PARTIDO LIBERAL,,22,280002551544,FLAVIO NANTES BOLSONARO,FLAVIO BOLSONARO,30/04/1981,1,Válido,nao,,2640,31.43,31.428571429,ALFREDO GASPAR DE MENDONÇA NETO,ALFREDO GASPAR,PL,v,,,,,04/10/2026 19:08:10,sim
1,04/10/2026,6257,Presidente,1,municipio,PB,19577,2502805,BREJO DO CRUZ,,,,,PARTIDO SOCIAL DEMOCRÁTICO,i,PSD,0,55,PSD,PARTIDO SOCIAL DEMOCRÁTICO,,55,280002551932,RONALDO RAMOS CAIADO,RONALDO CAIADO,25/09/1949,4,Válido,nao,,46,0.55,0.547619048,GILBERTO KASSAB,GILBERTO KASSAB,PSD,v,,,,,04/10/2026 19:08:10,sim
1,04/10/2026,6257,Presidente,1,municipio,PB,19577,2502805,BREJO DO CRUZ,,PT/PC do B/PV,FEDERAÇÃO BRASIL DA ESPERANÇA - FE BRASIL,PT/PC do B/PV,BRASIL PRONTO PRA MAIS,c,PSB / PDT / PCDOB / PT / PV / PSOL / REDE,,13,PT,PARTIDO DOS TRABALHADORES,101,13,280002542548,LUIZ INÁCIO LULA DA SILVA,LULA,06/10/1945,2,Válido,nao,,5362,63.83,63.833333333,GERALDO JOSE RODRIGUES ALCKMIN FILHO,GERALDO ALCKMIN,PSB,v,,,,,04/10/2026 19:08:10,sim
1,04/10/2026,6257,Presidente,1,municipio,PB,19577,2502805,BREJO DO CRUZ,,,,,DEMOCRACIA CRISTÃ,i,DC,0,27,DC,DEMOCRACIA CRISTÃ,,27,280002552484,CLARIANA ZACARKIM BARAO,CLARIANA BARAO,03/04/1987,9,Válido,nao,,0,0.00,0,FABIANA CRISTINA TAVARES TORQUATO,FABIANA TORQUATO,DC,v,,,,,04/10/2026 19:08:10,sim
1,04/10/2026,6257,Presidente,1,municipio,PB,19577,2502805,BREJO DO CRUZ,,,,,PARTIDO COMUNISTA BRASILEIRO,i,PCB,0,21,PCB,PARTIDO COMUNISTA BRASILEIRO,,21,280002551975,EDMILSON SILVA COSTA,EDMILSON COSTA,08/04/1950,10,Válido,nao,,1,0.01,0.011904762,CLEUSA DOS SANTOS,CLEUSA SANTOS,PCB,v,,,,,04/10/2026 19:08:10,sim
1,04/10/2026,6257,Presidente,1,municipio,PB,19577,2502805,BREJO DO CRUZ,,,,,PARTIDO SOCIALISTA  DOS TRABALHADORES UNIFICADO,i,PSTU,0,16,PSTU,PARTIDO SOCIALISTA  DOS TRABALHADORES UNIFICADO,,16,280002541457,HERTZ DA CONCEICAO DIAS,HERTZ DIAS,20/10/1970,8,Válido,nao,,0,0.00,0,VANESSA PORTUGAL BARBOSA,VANESSA PORTUGAL,PSTU,v,,,,,04/10/2026 19:08:10,sim
1,04/10/2026,6257,Presidente,1,municipio,PB,19577,2502805,BREJO DO CRUZ,,,,,BRASIL DOS NOSSOS SONHOS,c,AGIR / AVANTE,,70,AVANTE,AVANTE,,70,280002551547,AUGUSTO JORGE CURY,ESCRITOR AUGUSTO CURY,02/10/1958,3,Válido,nao,,230,2.74,2.738095238,JULIO CESAR DELGADO,JÚLIO DELGADO,AVANTE,v,,,,,04/10/2026 19:08:10,sim
1,04/10/2026,6257,Presidente,1,municipio,PB,19577,2502805,BREJO DO CRUZ,,,,,PARTIDO NOVO,i,NOVO,0,30,NOVO,PARTIDO NOVO,,30,280002539826,ROMEU ZEMA NETO,ZEMA,28/10/1964,6,Válido,nao,,2,0.02,0.023809524,LUIS EDUARDO GRANGEIRO GIRÃO,EDUARDO GIRÃO,NOVO,v,,,,,04/10/2026 19:08:10,sim
1,04/10/2026,6257,Presidente,1,municipio,PB,19577,2502805,BREJO DO CRUZ,,,,,UNIDADE POPULAR,i,UP,0,80,UP,UNIDADE POPULAR,,80,280002538811,SAMARA MARTINS DA SILVA FEITOSA,SAMARA,31/08/1987,7,Válido,nao,,4,0.05,0.047619048,RAQUEL NONATO DE BRICIO,RAQUEL BRÍCIO,UP,v,,,,,04/10/2026 19:08:10,sim
1,04/10/2026,6257,Presidente,1,municipio,PB,19577,2502805,BREJO DO CRUZ,,,,,DEMOCRATA,i,DEMOCRATA,0,35,DEMOCRATA,DEMOCRATA,,35,280002548139,WILSON GRASSI JUNIOR,VETERINÁRIO WILSON GRASSI,13/03/1970,11,Válido,nao,,1,0.01,0.011904762,SUÊD HAIDAR NOGUEIRA,SUÊD HAIDAR,DEMOCRATA,v,,,,,04/10/2026 19:08:10,sim
1,04/10/2026,6257,Presidente,1,municipio,PB,19577,2502805,BREJO DO CRUZ,,,,,PARTIDO MISSÃO,i,MISSÃO,0,14,MISSÃO,PARTIDO MISSÃO,,14,280002540694,RENAN ANTONIO FERREIRA DOS SANTOS,RENAN SANTOS,14/02/1984,5,Válido,nao,,114,1.36,1.357142857,AROLDO MEDINA,CORONEL MEDINA,MISSÃO,v,,,,,04/10/2026 19:08:10,sim
1,04/10/2026,6257,Presidente,1,municipio,PB,19577,2502805,BREJO DO CRUZ,,,,,PARTIDO DA CAUSA OPERÁRIA,i,PCO,0,29,PCO,PARTIDO DA CAUSA OPERÁRIA,,29,280002552487,RUI COSTA PIMENTA,RUI COSTA PIMENTA,25/06/1957,12,Válido,nao,,0,0.00,0,ANTONIO CARLOS SILVA,ANTÔNIO CARLOS,PCO,v,,,,,04/10/2026 19:08:10,sim
1,04/10/2026,6257,Presidente,1,municipio,PB,19585,2500734,AMPARO,,,,,PARTIDO LIBERAL,i,PL,0,22,PL,PARTIDO LIBERAL,,22,280002551544,FLAVIO NANTES BOLSONARO,FLAVIO BOLSONARO,30/04/1981,1,Válido,nao,,310,14.27,14.265991717,ALFREDO GASPAR DE MENDONÇA NETO,ALFREDO GASPAR,PL,v,,,,,04/10/2026 18:38:47,sim
1,04/10/2026,6257,Presidente,1,municipio,PB,19585,2500734,AMPARO,,,,,PARTIDO SOCIAL DEMOCRÁTICO,i,PSD,0,55,PSD,PARTIDO SOCIAL DEMOCRÁTICO,,55,280002551932,RONALDO RAMOS CAIADO,RONALDO CAIADO,25/09/1949,4,Válido,nao,,4,0.18,0.184077312,GILBERTO KASSAB,GILBERTO KASSAB,PSD,v,,,,,04/10/2026 18:38:47,sim
1,04/10/2026,6257,Presidente,1,municipio,PB,19585,2500734,AMPARO,,PT/PC do B/PV,FEDERAÇÃO BRASIL DA ESPERANÇA - FE BRASIL,PT/PC do B/PV,BRASIL PRONTO PRA MAIS,c,PSB / PDT / PCDOB / PT / PV / PSOL / REDE,,13,PT,PARTIDO DOS TRABALHADORES,101,13,280002542548,LUIZ INÁCIO LULA DA SILVA,LULA,06/10/1945,2,Válido,nao,,1804,83.02,83.018867925,GERALDO JOSE RODRIGUES ALCKMIN FILHO,GERALDO ALCKMIN,PSB,v,,,,,04/10/2026 18:38:47,sim
1,04/10/2026,6257,Presidente,1,municipio,PB,19585,2500734,AMPARO,,,,,PARTIDO SOCIALISTA  DOS TRABALHADORES UNIFICADO,i,PSTU,0,16,PSTU,PARTIDO SOCIALISTA  DOS TRABALHADORES UNIFICADO,,16,280002541457,HERTZ DA CONCEICAO DIAS,HERTZ DIAS,20/10/1970,8,Válido,nao,,0,0.00,0,VANESSA PORTUGAL BARBOSA,VANESSA PORTUGAL,PSTU,v,,,,,04/10/2026 18:38:47,sim
1,04/10/2026,6257,Presidente,1,municipio,PB,19585,2500734,AMPARO,,,,,PARTIDO COMUNISTA BRASILEIRO,i,PCB,0,21,PCB,PARTIDO COMUNISTA BRASILEIRO,,21,280002551975,EDMILSON SILVA COSTA,EDMILSON COSTA,08/04/1950,10,Válido,nao,,0,0.00,0,CLEUSA DOS SANTOS,CLEUSA SANTOS,PCB,v,,,,,04/10/2026 18:38:47,sim
1,04/10/2026,6257,Presidente,1,municipio,PB,19585,2500734,AMPARO,,,,,DEMOCRACIA CRISTÃ,i,DC,0,27,DC,DEMOCRACIA CRISTÃ,,27,280002552484,CLARIANA ZACARKIM BARAO,CLARIANA BARAO,03/04/1987,9,Válido,nao,,0,0.00,0,FABIANA CRISTINA TAVARES TORQUATO,FABIANA TORQUATO,DC,v,,,,,04/10/2026 18:38:47,sim
1,04/10/2026,6257,Presidente,1,municipio,PB,19585,2500734,AMPARO,,,,,PARTIDO NOVO,i,NOVO,0,30,NOVO,PARTIDO NOVO,,30,280002539826,ROMEU ZEMA NETO,ZEMA,28/10/1964,6,Válido,nao,,0,0.00,0,LUIS EDUARDO GRANGEIRO GIRÃO,EDUARDO GIRÃO,NOVO,v,,,,,04/10/2026 18:38:47,sim
1,04/10/2026,6257,Presidente,1,municipio,PB,19585,2500734,AMPARO,,,,,BRASIL DOS NOSSOS SONHOS,c,AGIR / AVANTE,,70,AVANTE,AVANTE,,70,280002551547,AUGUSTO JORGE CURY,ESCRITOR AUGUSTO CURY,02/10/1958,3,Válido,nao,,36,1.66,1.656695812,JULIO CESAR DELGADO,JÚLIO DELGADO,AVANTE,v,,,,,04/10/2026 18:38:47,sim
1,04/10/2026,6257,Presidente,1,municipio,PB,19585,2500734,AMPARO,,,,,DEMOCRATA,i,DEMOCRATA,0,35,DEMOCRATA,DEMOCRATA,,35,280002548139,WILSON GRASSI JUNIOR,VETERINÁRIO WILSON GRASSI,13/03/1970,11,Válido,nao,,0,0.00,0,SUÊD HAIDAR NOGUEIRA,SUÊD HAIDAR,DEMOCRATA,v,,,,,04/10/2026 18:38:47,sim
1,04/10/2026,6257,Presidente,1,municipio,PB,19585,2500734,AMPARO,,,,,UNIDADE POPULAR,i,UP,0,80,UP,UNIDADE POPULAR,,80,280002538811,SAMARA MARTINS DA SILVA FEITOSA,SAMARA,31/08/1987,7,Válido,nao,,0,0.00,0,RAQUEL NONATO DE BRICIO,RAQUEL BRÍCIO,UP,v,,,,,04/10/2026 18:38:47,sim
1,04/10/2026,6257,Presidente,1,municipio,PB,19585,2500734,AMPARO,,,,,PARTIDO MISSÃO,i,MISSÃO,0,14,MISSÃO,PARTIDO MISSÃO,,14,280002540694,RENAN ANTONIO FERREIRA DOS SANTOS,RENAN SANTOS,14/02/1984,5,Válido,nao,,19,0.87,0.874367234,AROLDO MEDINA,CORONEL MEDINA,MISSÃO,v,,,,,04/10/2026 18:38:47,sim
1,04/10/2026,6257,Presidente,1,municipio,PB,19585,2500734,AMPARO,,,,,PARTIDO DA CAUSA OPERÁRIA,i,PCO,0,29,PCO,PARTIDO DA CAUSA OPERÁRIA,,29,280002552487,RUI COSTA PIMENTA,RUI COSTA PIMENTA,25/06/1957,12,Válido,nao,,0,0.00,0,ANTONIO CARLOS SILVA,ANTÔNIO CARLOS,PCO,v,,,,,04/10/2026 18:38:47,sim
1,04/10/2026,6257,Presidente,1,municipio,PB,19593,2502904,BREJO DOS SANTOS,,,,,PARTIDO LIBERAL,i,PL,0,22,PL,PARTIDO LIBERAL,,22,280002551544,FLAVIO NANTES BOLSONARO,FLAVIO BOLSONARO,30/04/1981,1,Válido,nao,,1235,25.87,25.869291998,ALFREDO GASPAR DE MENDONÇA NETO,ALFREDO GASPAR,PL,v,,,,,04/10/2026 19:04:47,sim
1,04/10/2026,6257,Presidente,1,municipio,PB,19593,2502904,BREJO DOS SANTOS,,,,,PARTIDO SOCIAL DEMOCRÁTICO,i,PSD,0,55,PSD,PARTIDO SOCIAL DEMOCRÁTICO,,55,280002551932,RONALDO RAMOS CAIADO,RONALDO CAIADO,25/09/1949,4,Válido,nao,,11,0.23,0.230414747,GILBERTO KASSAB,GILBERTO KASSAB,PSD,v,,,,,04/10/2026 19:04:47,sim
1,04/10/2026,6257,Presidente,1,municipio,PB,19593,2502904,BREJO DOS SANTOS,,PT/PC do B/PV,FEDERAÇÃO BRASIL DA ESPERANÇA - FE BRASIL,PT/PC do B/PV,BRASIL PRONTO PRA MAIS,c,PSB / PDT / PCDOB / PT / PV / PSOL / REDE,,13,PT,PARTIDO DOS TRABALHADORES,101,13,280002542548,LUIZ INÁCIO LULA DA SILVA,LULA,06/10/1945,2,Válido,nao,,3382,70.84,70.842061165,GERALDO JOSE RODRIGUES ALCKMIN FILHO,GERALDO ALCKMIN,PSB,v,,,,,04/10/2026 19:04:47,sim
1,04/10/2026,6257,Presidente,1,municipio,PB,19593,2502904,BREJO DOS SANTOS,,,,,DEMOCRACIA CRISTÃ,i,DC,0,27,DC,DEMOCRACIA CRISTÃ,,27,280002552484,CLARIANA ZACARKIM BARAO,CLARIANA BARAO,03/04/1987,9,Válido,nao,,0,0.00,0,FABIANA CRISTINA TAVARES TORQUATO,FABIANA TORQUATO,DC,v,,,,,04/10/2026 19:04:47,sim
1,04/10/2026,6257,Presidente,1,municipio,PB,19593,2502904,BREJO DOS SANTOS,,,,,PARTIDO COMUNISTA BRASILEIRO,i,PCB,0,21,PCB,PARTIDO COMUNISTA BRASILEIRO,,21,280002551975,EDMILSON SILVA COSTA,EDMILSON COSTA,08/04/1950,10,Válido,nao,,1,0.02,0.020946795,CLEUSA DOS SANTOS,CLEUSA SANTOS,PCB,v,,,,,04/10/2026 19:04:47,sim
1,04/10/2026,6257,Presidente,1,municipio,PB,19593,2502904,BREJO DOS SANTOS,,,,,PARTIDO SOCIALISTA  DOS TRABALHADORES UNIFICADO,i,PSTU,0,16,PSTU,PARTIDO SOCIALISTA  DOS TRABALHADORES UNIFICADO,,16,280002541457,HERTZ DA CONCEICAO DIAS,HERTZ DIAS,20/10/1970,8,Válido,nao,,1,0.02,0.020946795,VANESSA PORTUGAL BARBOSA,VANESSA PORTUGAL,PSTU,v,,,,,04/10/2026 19:04:47,sim
1,04/10/2026,6257,Presidente,1,municipio,PB,19593,2502904,BREJO DOS SANTOS,,,,,BRASIL DOS NOSSOS SONHOS,c,AGIR / AVANTE,,70,AVANTE,AVANTE,,70,280002551547,AUGUSTO JORGE CURY,ESCRITOR AUGUSTO CURY,02/10/1958,3,Válido,nao,,91,1.91,1.906158358,JULIO CESAR DELGADO,JÚLIO DELGADO,AVANTE,v,,,,,04/10/2026 19:04:47,sim
1,04/10/2026,6257,Presidente,1,municipio,PB,19593,2502904,BREJO DOS SANTOS,,,,,PARTIDO NOVO,i,NOVO,0,30,NOVO,PARTIDO NOVO,,30,280002539826,ROMEU ZEMA NETO,ZEMA,28/10/1964,6,Válido,nao,,1,0.02,0.020946795,LUIS EDUARDO GRANGEIRO GIRÃO,EDUARDO GIRÃO,NOVO,v,,,,,04/10/2026 19:04:47,sim
1,04/10/2026,6257,Presidente,1,municipio,PB,19593,2502904,BREJO DOS SANTOS,,,,,UNIDADE POPULAR,i,UP,0,80,UP,UNIDADE POPULAR,,80,280002538811,SAMARA MARTINS DA SILVA FEITOSA,SAMARA,31/08/1987,7,Válido,nao,,0,0.00,0,RAQUEL NONATO DE BRICIO,RAQUEL BRÍCIO,UP,v,,,,,04/10/2026 19:04:47,sim
1,04/10/2026,6257,Presidente,1,municipio,PB,19593,2502904,BREJO DOS SANTOS,,,,,DEMOCRATA,i,DEMOCRATA,0,35,DEMOCRATA,DEMOCRATA,,35,280002548139,WILSON GRASSI JUNIOR,VETERINÁRIO WILSON GRASSI,13/03/1970,11,Válido,nao,,0,0.00,0,SUÊD HAIDAR NOGUEIRA,SUÊD HAIDAR,DEMOCRATA,v,,,,,04/10/2026 19:04:47,sim
1,04/10/2026,6257,Presidente,1,municipio,PB,19593,2502904,BREJO DOS SANTOS,,,,,PARTIDO MISSÃO,i,MISSÃO,0,14,MISSÃO,PARTIDO MISSÃO,,14,280002540694,RENAN ANTONIO FERREIRA DOS SANTOS,RENAN SANTOS,14/02/1984,5,Válido,nao,,52,1.09,1.089233347,AROLDO MEDINA,CORONEL MEDINA,MISSÃO,v,,,,,04/10/2026 19:04:47,sim
1,04/10/2026,6257,Presidente,1,municipio,PB,19593,2502904,BREJO DOS SANTOS,,,,,PARTIDO DA CAUSA OPERÁRIA,i,PCO,0,29,PCO,PARTIDO DA CAUSA OPERÁRIA,,29,280002552487,RUI COSTA PIMENTA,RUI COSTA PIMENTA,25/06/1957,12,Válido,nao,,0,0.00,0,ANTONIO CARLOS SILVA,ANTÔNIO CARLOS,PCO,v,,,,,04/10/2026 19:04:47,sim
1,04/10/2026,6257,Presidente,1,municipio,PB,19607,2504157,CASSERENGUE,,,,,PARTIDO LIBERAL,i,PL,0,22,PL,PARTIDO LIBERAL,,22,280002551544,FLAVIO NANTES BOLSONARO,FLAVIO BOLSONARO,30/04/1981,1,Válido,nao,,921,19.86,19.861979728,ALFREDO GASPAR DE MENDONÇA NETO,ALFREDO GASPAR,PL,v,,,,,04/10/2026 18:55:39,sim
1,04/10/2026,6257,Presidente,1,municipio,PB,19607,2504157,CASSERENGUE,,,,,PARTIDO SOCIAL DEMOCRÁTICO,i,PSD,0,55,PSD,PARTIDO SOCIAL DEMOCRÁTICO,,55,280002551932,RONALDO RAMOS CAIADO,RONALDO CAIADO,25/09/1949,4,Válido,nao,,17,0.37,0.366616347,GILBERTO KASSAB,GILBERTO KASSAB,PSD,v,,,,,04/10/2026 18:55:39,sim
1,04/10/2026,6257,Presidente,1,municipio,PB,19607,2504157,CASSERENGUE,,PT/PC do B/PV,FEDERAÇÃO BRASIL DA ESPERANÇA - FE BRASIL,PT/PC do B/PV,BRASIL PRONTO PRA MAIS,c,PSB / PDT / PCDOB / PT / PV / PSOL / REDE,,13,PT,PARTIDO DOS TRABALHADORES,101,13,280002542548,LUIZ INÁCIO LULA DA SILVA,LULA,06/10/1945,2,Válido,nao,,3513,75.76,75.760189778,GERALDO JOSE RODRIGUES ALCKMIN FILHO,GERALDO ALCKMIN,PSB,v,,,,,04/10/2026 18:55:39,sim
1,04/10/2026,6257,Presidente,1,municipio,PB,19607,2504157,CASSERENGUE,,,,,DEMOCRACIA CRISTÃ,i,DC,0,27,DC,DEMOCRACIA CRISTÃ,,27,280002552484,CLARIANA ZACARKIM BARAO,CLARIANA BARAO,03/04/1987,9,Válido,nao,,0,0.00,0,FABIANA CRISTINA TAVARES TORQUATO,FABIANA TORQUATO,DC,v,,,,,04/10/2026 18:55:39,sim
1,04/10/2026,6257,Presidente,1,municipio,PB,19607,2504157,CASSERENGUE,,,,,PARTIDO COMUNISTA BRASILEIRO,i,PCB,0,21,PCB,PARTIDO COMUNISTA BRASILEIRO,,21,280002551975,EDMILSON SILVA COSTA,EDMILSON COSTA,08/04/1950,10,Válido,nao,,4,0.09,0.086262670,CLEUSA DOS SANTOS,CLEUSA SANTOS,PCB,v,,,,,04/10/2026 18:55:39,sim
1,04/10/2026,6257,Presidente,1,municipio,PB,19607,2504157,CASSERENGUE,,,,,PARTIDO SOCIALISTA  DOS TRABALHADORES UNIFICADO,i,PSTU,0,16,PSTU,PARTIDO SOCIALISTA  DOS TRABALHADORES UNIFICADO,,16,280002541457,HERTZ DA CONCEICAO DIAS,HERTZ DIAS,20/10/1970,8,Válido,nao,,1,0.02,0.021565667,VANESSA PORTUGAL BARBOSA,VANESSA PORTUGAL,PSTU,v,,,,,04/10/2026 18:55:39,sim
1,04/10/2026,6257,Presidente,1,municipio,PB,19607,2504157,CASSERENGUE,,,,,BRASIL DOS NOSSOS SONHOS,c,AGIR / AVANTE,,70,AVANTE,AVANTE,,70,280002551547,AUGUSTO JORGE CURY,ESCRITOR AUGUSTO CURY,02/10/1958,3,Válido,nao,,126,2.72,2.717274100,JULIO CESAR DELGADO,JÚLIO DELGADO,AVANTE,v,,,,,04/10/2026 18:55:39,sim
1,04/10/2026,6257,Presidente,1,municipio,PB,19607,2504157,CASSERENGUE,,,,,PARTIDO NOVO,i,NOVO,0,30,NOVO,PARTIDO NOVO,,30,280002539826,ROMEU ZEMA NETO,ZEMA,28/10/1964,6,Válido,nao,,4,0.09,0.086262670,LUIS EDUARDO GRANGEIRO GIRÃO,EDUARDO GIRÃO,NOVO,v,,,,,04/10/2026 18:55:39,sim
1,04/10/2026,6257,Presidente,1,municipio,PB,19607,2504157,CASSERENGUE,,,,,UNIDADE POPULAR,i,UP,0,80,UP,UNIDADE POPULAR,,80,280002538811,SAMARA MARTINS DA SILVA FEITOSA,SAMARA,31/08/1987,7,Válido,nao,,2,0.04,0.043131335,RAQUEL NONATO DE BRICIO,RAQUEL BRÍCIO,UP,v,,,,,04/10/2026 18:55:39,sim
1,04/10/2026,6257,Presidente,1,municipio,PB,19607,2504157,CASSERENGUE,,,,,DEMOCRATA,i,DEMOCRATA,0,35,DEMOCRATA,DEMOCRATA,,35,280002548139,WILSON GRASSI JUNIOR,VETERINÁRIO WILSON GRASSI,13/03/1970,11,Válido,nao,,0,0.00,0,SUÊD HAIDAR NOGUEIRA,SUÊD HAIDAR,DEMOCRATA,v,,,,,04/10/2026 18:55:39,sim
1,04/10/2026,6257,Presidente,1,municipio,PB,19607,2504157,CASSERENGUE,,,,,PARTIDO MISSÃO,i,MISSÃO,0,14,MISSÃO,PARTIDO MISSÃO,,14,280002540694,RENAN ANTONIO FERREIRA DOS SANTOS,RENAN SANTOS,14/02/1984,5,Válido,nao,,49,1.06,1.056717705,AROLDO MEDINA,CORONEL MEDINA,MISSÃO,v,,,,,04/10/2026 18:55:39,sim
1,04/10/2026,6257,Presidente,1,municipio,PB,19607,2504157,CASSERENGUE,,,,,PARTIDO DA CAUSA OPERÁRIA,i,PCO,0,29,PCO,PARTIDO DA CAUSA OPERÁRIA,,29,280002552487,RUI COSTA PIMENTA,RUI COSTA PIMENTA,25/06/1957,12,Válido,nao,,0,0.00,0,ANTONIO CARLOS SILVA,ANTÔNIO CARLOS,PCO,v,,,,,04/10/2026 18:55:39,sim
1,04/10/2026,6257,Presidente,1,municipio,PB,19615,2503001,CAAPORÃ,,,,,PARTIDO LIBERAL,i,PL,0,22,PL,PARTIDO LIBERAL,,22,280002551544,FLAVIO NANTES BOLSONARO,FLAVIO BOLSONARO,30/04/1981,1,Válido,nao,,4214,31.76,31.758233477,ALFREDO GASPAR DE MENDONÇA NETO,ALFREDO GASPAR,PL,v,,,,,04/10/2026 19:29:39,sim
1,04/10/2026,6257,Presidente,1,municipio,PB,19615,2503001,CAAPORÃ,,,,,PARTIDO SOCIAL DEMOCRÁTICO,i,PSD,0,55,PSD,PARTIDO SOCIAL DEMOCRÁTICO,,55,280002551932,RONALDO RAMOS CAIADO,RONALDO CAIADO,25/09/1949,5,Válido,nao,,70,0.53,0.527545407,GILBERTO KASSAB,GILBERTO KASSAB,PSD,v,,,,,04/10/2026 19:29:39,sim
1,04/10/2026,6257,Presidente,1,municipio,PB,19615,2503001,CAAPORÃ,,PT/PC do B/PV,FEDERAÇÃO BRASIL DA ESPERANÇA - FE BRASIL,PT/PC do B/PV,BRASIL PRONTO PRA MAIS,c,PSB / PDT / PCDOB / PT / PV / PSOL / REDE,,13,PT,PARTIDO DOS TRABALHADORES,101,13,280002542548,LUIZ INÁCIO LULA DA SILVA,LULA,06/10/1945,2,Válido,nao,,8448,63.67,63.667194212,GERALDO JOSE RODRIGUES ALCKMIN FILHO,GERALDO ALCKMIN,PSB,v,,,,,04/10/2026 19:29:39,sim
1,04/10/2026,6257,Presidente,1,municipio,PB,19615,2503001,CAAPORÃ,,,,,PARTIDO SOCIALISTA  DOS TRABALHADORES UNIFICADO,i,PSTU,0,16,PSTU,PARTIDO SOCIALISTA  DOS TRABALHADORES UNIFICADO,,16,280002541457,HERTZ DA CONCEICAO DIAS,HERTZ DIAS,20/10/1970,8,Válido,nao,,1,0.01,0.007536363,VANESSA PORTUGAL BARBOSA,VANESSA PORTUGAL,PSTU,v,,,,,04/10/2026 19:29:39,sim
1,04/10/2026,6257,Presidente,1,municipio,PB,19615,2503001,CAAPORÃ,,,,,PARTIDO COMUNISTA BRASILEIRO,i,PCB,0,21,PCB,PARTIDO COMUNISTA BRASILEIRO,,21,280002551975,EDMILSON SILVA COSTA,EDMILSON COSTA,08/04/1950,10,Válido,nao,,3,0.02,0.022609089,CLEUSA DOS SANTOS,CLEUSA SANTOS,PCB,v,,,,,04/10/2026 19:29:39,sim
1,04/10/2026,6257,Presidente,1,municipio,PB,19615,2503001,CAAPORÃ,,,,,DEMOCRACIA CRISTÃ,i,DC,0,27,DC,DEMOCRACIA CRISTÃ,,27,280002552484,CLARIANA ZACARKIM BARAO,CLARIANA BARAO,03/04/1987,9,Válido,nao,,1,0.01,0.007536363,FABIANA CRISTINA TAVARES TORQUATO,FABIANA TORQUATO,DC,v,,,,,04/10/2026 19:29:39,sim
1,04/10/2026,6257,Presidente,1,municipio,PB,19615,2503001,CAAPORÃ,,,,,PARTIDO NOVO,i,NOVO,0,30,NOVO,PARTIDO NOVO,,30,280002539826,ROMEU ZEMA NETO,ZEMA,28/10/1964,6,Válido,nao,,10,0.08,0.075363630,LUIS EDUARDO GRANGEIRO GIRÃO,EDUARDO GIRÃO,NOVO,v,,,,,04/10/2026 19:29:39,sim
1,04/10/2026,6257,Presidente,1,municipio,PB,19615,2503001,CAAPORÃ,,,,,BRASIL DOS NOSSOS SONHOS,c,AGIR / AVANTE,,70,AVANTE,AVANTE,,70,280002551547,AUGUSTO JORGE CURY,ESCRITOR AUGUSTO CURY,02/10/1958,3,Válido,nao,,354,2.67,2.667872485,JULIO CESAR DELGADO,JÚLIO DELGADO,AVANTE,v,,,,,04/10/2026 19:29:39,sim
1,04/10/2026,6257,Presidente,1,municipio,PB,19615,2503001,CAAPORÃ,,,,,DEMOCRATA,i,DEMOCRATA,0,35,DEMOCRATA,DEMOCRATA,,35,280002548139,WILSON GRASSI JUNIOR,VETERINÁRIO WILSON GRASSI,13/03/1970,11,Válido,nao,,1,0.01,0.007536363,SUÊD HAIDAR NOGUEIRA,SUÊD HAIDAR,DEMOCRATA,v,,,,,04/10/2026 19:29:39,sim
1,04/10/2026,6257,Presidente,1,municipio,PB,19615,2503001,CAAPORÃ,,,,,UNIDADE POPULAR,i,UP,0,80,UP,UNIDADE POPULAR,,80,280002538811,SAMARA MARTINS DA SILVA FEITOSA,SAMARA,31/08/1987,7,Válido,nao,,4,0.03,0.030145452,RAQUEL NONATO DE BRICIO,RAQUEL BRÍCIO,UP,v,,,,,04/10/2026 19:29:39,sim
1,04/10/2026,6257,Presidente,1,municipio,PB,19615,2503001,CAAPORÃ,,,,,PARTIDO MISSÃO,i,MISSÃO,0,14,MISSÃO,PARTIDO MISSÃO,,14,280002540694,RENAN ANTONIO FERREIRA DOS SANTOS,RENAN SANTOS,14/02/1984,4,Válido,nao,,163,1.23,1.228427161,AROLDO MEDINA,CORONEL MEDINA,MISSÃO,v,,,,,04/10/2026 19:29:39,sim
1,04/10/2026,6257,Presidente,1,municipio,PB,19615,2503001,CAAPORÃ,,,,,PARTIDO DA CAUSA OPERÁRIA,i,PCO,0,29,PCO,PARTIDO DA CAUSA OPERÁRIA,,29,280002552487,RUI COSTA PIMENTA,RUI COSTA PIMENTA,25/06/1957,12,Válido,nao,,0,0.00,0,ANTONIO CARLOS SILVA,ANTÔNIO CARLOS,PCO,v,,,,,04/10/2026 19:29:39,sim
1,04/10/2026,6257,Presidente,1,municipio,PB,19623,2506251,GADO BRAVO,,,,,PARTIDO LIBERAL,i,PL,0,22,PL,PARTIDO LIBERAL,,22,280002551544,FLAVIO NANTES BOLSONARO,FLAVIO BOLSONARO,30/04/1981,1,Válido,nao,,1164,18.62,18.615064769,ALFREDO GASPAR DE MENDONÇA NETO,ALFREDO GASPAR,PL,v,,,,,04/10/2026 19:20:58,sim
1,04/10/2026,6257,Presidente,1,municipio,PB,19623,2506251,GADO BRAVO,,,,,PARTIDO SOCIAL DEMOCRÁTICO,i,PSD,0,55,PSD,PARTIDO SOCIAL DEMOCRÁTICO,,55,280002551932,RONALDO RAMOS CAIADO,RONALDO CAIADO,25/09/1949,5,Válido,nao,,33,0.53,0.527746682,GILBERTO KASSAB,GILBERTO KASSAB,PSD,v,,,,,04/10/2026 19:20:58,sim
1,04/10/2026,6257,Presidente,1,municipio,PB,19623,2506251,GADO BRAVO,,PT/PC do B/PV,FEDERAÇÃO BRASIL DA ESPERANÇA - FE BRASIL,PT/PC do B/PV,BRASIL PRONTO PRA MAIS,c,PSB / PDT / PCDOB / PT / PV / PSOL / REDE,,13,PT,PARTIDO DOS TRABALHADORES,101,13,280002542548,LUIZ INÁCIO LULA DA SILVA,LULA,06/10/1945,2,Válido,nao,,4811,76.94,76.939069247,GERALDO JOSE RODRIGUES ALCKMIN FILHO,GERALDO ALCKMIN,PSB,v,,,,,04/10/2026 19:20:58,sim
1,04/10/2026,6257,Presidente,1,municipio,PB,19623,2506251,GADO BRAVO,,,,,DEMOCRACIA CRISTÃ,i,DC,0,27,DC,DEMOCRACIA CRISTÃ,,27,280002552484,CLARIANA ZACARKIM BARAO,CLARIANA BARAO,03/04/1987,9,Válido,nao,,1,0.02,0.015992324,FABIANA CRISTINA TAVARES TORQUATO,FABIANA TORQUATO,DC,v,,,,,04/10/2026 19:20:58,sim
1,04/10/2026,6257,Presidente,1,municipio,PB,19623,2506251,GADO BRAVO,,,,,PARTIDO COMUNISTA BRASILEIRO,i,PCB,0,21,PCB,PARTIDO COMUNISTA BRASILEIRO,,21,280002551975,EDMILSON SILVA COSTA,EDMILSON COSTA,08/04/1950,10,Válido,nao,,0,0.00,0,CLEUSA DOS SANTOS,CLEUSA SANTOS,PCB,v,,,,,04/10/2026 19:20:58,sim
1,04/10/2026,6257,Presidente,1,municipio,PB,19623,2506251,GADO BRAVO,,,,,PARTIDO SOCIALISTA  DOS TRABALHADORES UNIFICADO,i,PSTU,0,16,PSTU,PARTIDO SOCIALISTA  DOS TRABALHADORES UNIFICADO,,16,280002541457,HERTZ DA CONCEICAO DIAS,HERTZ DIAS,20/10/1970,8,Válido,nao,,0,0.00,0,VANESSA PORTUGAL BARBOSA,VANESSA PORTUGAL,PSTU,v,,,,,04/10/2026 19:20:58,sim
1,04/10/2026,6257,Presidente,1,municipio,PB,19623,2506251,GADO BRAVO,,,,,BRASIL DOS NOSSOS SONHOS,c,AGIR / AVANTE,,70,AVANTE,AVANTE,,70,280002551547,AUGUSTO JORGE CURY,ESCRITOR AUGUSTO CURY,02/10/1958,3,Válido,nao,,111,1.78,1.775147929,JULIO CESAR DELGADO,JÚLIO DELGADO,AVANTE,v,,,,,04/10/2026 19:20:58,sim
1,04/10/2026,6257,Presidente,1,municipio,PB,19623,2506251,GADO BRAVO,,,,,PARTIDO NOVO,i,NOVO,0,30,NOVO,PARTIDO NOVO,,30,280002539826,ROMEU ZEMA NETO,ZEMA,28/10/1964,6,Válido,nao,,3,0.05,0.047976971,LUIS EDUARDO GRANGEIRO GIRÃO,EDUARDO GIRÃO,NOVO,v,,,,,04/10/2026 19:20:58,sim
1,04/10/2026,6257,Presidente,1,municipio,PB,19623,2506251,GADO BRAVO,,,,,UNIDADE POPULAR,i,UP,0,80,UP,UNIDADE POPULAR,,80,280002538811,SAMARA MARTINS DA SILVA FEITOSA,SAMARA,31/08/1987,7,Válido,nao,,4,0.06,0.063969295,RAQUEL NONATO DE BRICIO,RAQUEL BRÍCIO,UP,v,,,,,04/10/2026 19:20:58,sim
1,04/10/2026,6257,Presidente,1,municipio,PB,19623,2506251,GADO BRAVO,,,,,DEMOCRATA,i,DEMOCRATA,0,35,DEMOCRATA,DEMOCRATA,,35,280002548139,WILSON GRASSI JUNIOR,VETERINÁRIO WILSON GRASSI,13/03/1970,11,Válido,nao,,0,0.00,0,SUÊD HAIDAR NOGUEIRA,SUÊD HAIDAR,DEMOCRATA,v,,,,,04/10/2026 19:20:58,sim
1,04/10/2026,6257,Presidente,1,municipio,PB,19623,2506251,GADO BRAVO,,,,,PARTIDO MISSÃO,i,MISSÃO,0,14,MISSÃO,PARTIDO MISSÃO,,14,280002540694,RENAN ANTONIO FERREIRA DOS SANTOS,RENAN SANTOS,14/02/1984,4,Válido,nao,,125,2.00,1.999040461,AROLDO MEDINA,CORONEL MEDINA,MISSÃO,v,,,,,04/10/2026 19:20:58,sim
1,04/10/2026,6257,Presidente,1,municipio,PB,19623,2506251,GADO BRAVO,,,,,PARTIDO DA CAUSA OPERÁRIA,i,PCO,0,29,PCO,PARTIDO DA CAUSA OPERÁRIA,,29,280002552487,RUI COSTA PIMENTA,RUI COSTA PIMENTA,25/06/1957,12,Válido,nao,,1,0.02,0.015992324,ANTONIO CARLOS SILVA,ANTÔNIO CARLOS,PCO,v,,,,,04/10/2026 19:20:58,sim
1,04/10/2026,6257,Presidente,1,municipio,PB,19631,2503100,CABACEIRAS,,,,,PARTIDO LIBERAL,i,PL,0,22,PL,PARTIDO LIBERAL,,22,280002551544,FLAVIO NANTES BOLSONARO,FLAVIO BOLSONARO,30/04/1981,1,Válido,nao,,1327,31.42,31.423158892,ALFREDO GASPAR DE MENDONÇA NETO,ALFREDO GASPAR,PL,v,,,,,04/10/2026 18:33:57,sim
1,04/10/2026,6257,Presidente,1,municipio,PB,19631,2503100,CABACEIRAS,,,,,PARTIDO SOCIAL DEMOCRÁTICO,i,PSD,0,55,PSD,PARTIDO SOCIAL DEMOCRÁTICO,,55,280002551932,RONALDO RAMOS CAIADO,RONALDO CAIADO,25/09/1949,4,Válido,nao,,31,0.73,0.734075302,GILBERTO KASSAB,GILBERTO KASSAB,PSD,v,,,,,04/10/2026 18:33:57,sim
1,04/10/2026,6257,Presidente,1,municipio,PB,19631,2503100,CABACEIRAS,,PT/PC do B/PV,FEDERAÇÃO BRASIL DA ESPERANÇA - FE BRASIL,PT/PC do B/PV,BRASIL PRONTO PRA MAIS,c,PSB / PDT / PCDOB / PT / PV / PSOL / REDE,,13,PT,PARTIDO DOS TRABALHADORES,101,13,280002542548,LUIZ INÁCIO LULA DA SILVA,LULA,06/10/1945,2,Válido,nao,,2661,63.01,63.012076723,GERALDO JOSE RODRIGUES ALCKMIN FILHO,GERALDO ALCKMIN,PSB,v,,,,,04/10/2026 18:33:57,sim
1,04/10/2026,6257,Presidente,1,municipio,PB,19631,2503100,CABACEIRAS,,,,,DEMOCRACIA CRISTÃ,i,DC,0,27,DC,DEMOCRACIA CRISTÃ,,27,280002552484,CLARIANA ZACARKIM BARAO,CLARIANA BARAO,03/04/1987,9,Válido,nao,,3,0.07,0.071039545,FABIANA CRISTINA TAVARES TORQUATO,FABIANA TORQUATO,DC,v,,,,,04/10/2026 18:33:57,sim
1,04/10/2026,6257,Presidente,1,municipio,PB,19631,2503100,CABACEIRAS,,,,,PARTIDO COMUNISTA BRASILEIRO,i,PCB,0,21,PCB,PARTIDO COMUNISTA BRASILEIRO,,21,280002551975,EDMILSON SILVA COSTA,EDMILSON COSTA,08/04/1950,10,Válido,nao,,0,0.00,0,CLEUSA DOS SANTOS,CLEUSA SANTOS,PCB,v,,,,,04/10/2026 18:33:57,sim
1,04/10/2026,6257,Presidente,1,municipio,PB,19631,2503100,CABACEIRAS,,,,,PARTIDO SOCIALISTA  DOS TRABALHADORES UNIFICADO,i,PSTU,0,16,PSTU,PARTIDO SOCIALISTA  DOS TRABALHADORES UNIFICADO,,16,280002541457,HERTZ DA CONCEICAO DIAS,HERTZ DIAS,20/10/1970,8,Válido,nao,,0,0.00,0,VANESSA PORTUGAL BARBOSA,VANESSA PORTUGAL,PSTU,v,,,,,04/10/2026 18:33:57,sim
1,04/10/2026,6257,Presidente,1,municipio,PB,19631,2503100,CABACEIRAS,,,,,BRASIL DOS NOSSOS SONHOS,c,AGIR / AVANTE,,70,AVANTE,AVANTE,,70,280002551547,AUGUSTO JORGE CURY,ESCRITOR AUGUSTO CURY,02/10/1958,3,Válido,nao,,102,2.42,2.415344542,JULIO CESAR DELGADO,JÚLIO DELGADO,AVANTE,v,,,,,04/10/2026 18:33:57,sim
1,04/10/2026,6257,Presidente,1,municipio,PB,19631,2503100,CABACEIRAS,,,,,PARTIDO NOVO,i,NOVO,0,30,NOVO,PARTIDO NOVO,,30,280002539826,ROMEU ZEMA NETO,ZEMA,28/10/1964,6,Válido,nao,,5,0.12,0.118399242,LUIS EDUARDO GRANGEIRO GIRÃO,EDUARDO GIRÃO,NOVO,v,,,,,04/10/2026 18:33:57,sim
1,04/10/2026,6257,Presidente,1,municipio,PB,19631,2503100,CABACEIRAS,,,,,UNIDADE POPULAR,i,UP,0,80,UP,UNIDADE POPULAR,,80,280002538811,SAMARA MARTINS DA SILVA FEITOSA,SAMARA,31/08/1987,7,Válido,nao,,1,0.02,0.023679848,RAQUEL NONATO DE BRICIO,RAQUEL BRÍCIO,UP,v,,,,,04/10/2026 18:33:57,sim
1,04/10/2026,6257,Presidente,1,municipio,PB,19631,2503100,CABACEIRAS,,,,,DEMOCRATA,i,DEMOCRATA,0,35,DEMOCRATA,DEMOCRATA,,35,280002548139,WILSON GRASSI JUNIOR,VETERINÁRIO WILSON GRASSI,13/03/1970,11,Válido,nao,,0,0.00,0,SUÊD HAIDAR NOGUEIRA,SUÊD HAIDAR,DEMOCRATA,v,,,,,04/10/2026 18:33:57,sim
1,04/10/2026,6257,Presidente,1,municipio,PB,19631,2503100,CABACEIRAS,,,,,PARTIDO MISSÃO,i,MISSÃO,0,14,MISSÃO,PARTIDO MISSÃO,,14,280002540694,RENAN ANTONIO FERREIRA DOS SANTOS,RENAN SANTOS,14/02/1984,5,Válido,nao,,93,2.20,2.202225906,AROLDO MEDINA,CORONEL MEDINA,MISSÃO,v,,,,,04/10/2026 18:33:57,sim
1,04/10/2026,6257,Presidente,1,municipio,PB,19631,2503100,CABACEIRAS,,,,,PARTIDO DA CAUSA OPERÁRIA,i,PCO,0,29,PCO,PARTIDO DA CAUSA OPERÁRIA,,29,280002552487,RUI COSTA PIMENTA,RUI COSTA PIMENTA,25/06/1957,12,Válido,nao,,0,0.00,0,ANTONIO CARLOS SILVA,ANTÔNIO CARLOS,PCO,v,,,,,04/10/2026 18:33:57,sim
1,04/10/2026,6257,Presidente,1,municipio,PB,19640,2512036,POÇO DANTAS,,,,,PARTIDO LIBERAL,i,PL,0,22,PL,PARTIDO LIBERAL,,22,280002551544,FLAVIO NANTES BOLSONARO,FLAVIO BOLSONARO,30/04/1981,1,Válido,nao,,373,12.06,12.055591467,ALFREDO GASPAR DE MENDONÇA NETO,ALFREDO GASPAR,PL,v,,,,,04/10/2026 20:41:50,sim
1,04/10/2026,6257,Presidente,1,municipio,PB,19640,2512036,POÇO DANTAS,,,,,PARTIDO SOCIAL DEMOCRÁTICO,i,PSD,0,55,PSD,PARTIDO SOCIAL DEMOCRÁTICO,,55,280002551932,RONALDO RAMOS CAIADO,RONALDO CAIADO,25/09/1949,5,Válido,nao,,11,0.36,0.355526826,GILBERTO KASSAB,GILBERTO KASSAB,PSD,v,,,,,04/10/2026 20:41:50,sim
1,04/10/2026,6257,Presidente,1,municipio,PB,19640,2512036,POÇO DANTAS,,PT/PC do B/PV,FEDERAÇÃO BRASIL DA ESPERANÇA - FE BRASIL,PT/PC do B/PV,BRASIL PRONTO PRA MAIS,c,PSB / PDT / PCDOB / PT / PV / PSOL / REDE,,13,PT,PARTIDO DOS TRABALHADORES,101,13,280002542548,LUIZ INÁCIO LULA DA SILVA,LULA,06/10/1945,2,Válido,nao,,2590,83.71,83.710407240,GERALDO JOSE RODRIGUES ALCKMIN FILHO,GERALDO ALCKMIN,PSB,v,,,,,04/10/2026 20:41:50,sim
1,04/10/2026,6257,Presidente,1,municipio,PB,19640,2512036,POÇO DANTAS,,,,,DEMOCRACIA CRISTÃ,i,DC,0,27,DC,DEMOCRACIA CRISTÃ,,27,280002552484,CLARIANA ZACARKIM BARAO,CLARIANA BARAO,03/04/1987,9,Válido,nao,,1,0.03,0.032320621,FABIANA CRISTINA TAVARES TORQUATO,FABIANA TORQUATO,DC,v,,,,,04/10/2026 20:41:50,sim
1,04/10/2026,6257,Presidente,1,municipio,PB,19640,2512036,POÇO DANTAS,,,,,PARTIDO COMUNISTA BRASILEIRO,i,PCB,0,21,PCB,PARTIDO COMUNISTA BRASILEIRO,,21,280002551975,EDMILSON SILVA COSTA,EDMILSON COSTA,08/04/1950,10,Válido,nao,,0,0.00,0,CLEUSA DOS SANTOS,CLEUSA SANTOS,PCB,v,,,,,04/10/2026 20:41:50,sim
1,04/10/2026,6257,Presidente,1,municipio,PB,19640,2512036,POÇO DANTAS,,,,,PARTIDO SOCIALISTA  DOS TRABALHADORES UNIFICADO,i,PSTU,0,16,PSTU,PARTIDO SOCIALISTA  DOS TRABALHADORES UNIFICADO,,16,280002541457,HERTZ DA CONCEICAO DIAS,HERTZ DIAS,20/10/1970,8,Válido,nao,,0,0.00,0,VANESSA PORTUGAL BARBOSA,VANESSA PORTUGAL,PSTU,v,,,,,04/10/2026 20:41:50,sim
1,04/10/2026,6257,Presidente,1,municipio,PB,19640,2512036,POÇO DANTAS,,,,,BRASIL DOS NOSSOS SONHOS,c,AGIR / AVANTE,,70,AVANTE,AVANTE,,70,280002551547,AUGUSTO JORGE CURY,ESCRITOR AUGUSTO CURY,02/10/1958,3,Válido,nao,,85,2.75,2.747252747,JULIO CESAR DELGADO,JÚLIO DELGADO,AVANTE,v,,,,,04/10/2026 20:41:50,sim
1,04/10/2026,6257,Presidente,1,municipio,PB,19640,2512036,POÇO DANTAS,,,,,PARTIDO NOVO,i,NOVO,0,30,NOVO,PARTIDO NOVO,,30,280002539826,ROMEU ZEMA NETO,ZEMA,28/10/1964,6,Válido,nao,,0,0.00,0,LUIS EDUARDO GRANGEIRO GIRÃO,EDUARDO GIRÃO,NOVO,v,,,,,04/10/2026 20:41:50,sim
1,04/10/2026,6257,Presidente,1,municipio,PB,19640,2512036,POÇO DANTAS,,,,,UNIDADE POPULAR,i,UP,0,80,UP,UNIDADE POPULAR,,80,280002538811,SAMARA MARTINS DA SILVA FEITOSA,SAMARA,31/08/1987,7,Válido,nao,,0,0.00,0,RAQUEL NONATO DE BRICIO,RAQUEL BRÍCIO,UP,v,,,,,04/10/2026 20:41:50,sim
1,04/10/2026,6257,Presidente,1,municipio,PB,19640,2512036,POÇO DANTAS,,,,,DEMOCRATA,i,DEMOCRATA,0,35,DEMOCRATA,DEMOCRATA,,35,280002548139,WILSON GRASSI JUNIOR,VETERINÁRIO WILSON GRASSI,13/03/1970,11,Válido,nao,,0,0.00,0,SUÊD HAIDAR NOGUEIRA,SUÊD HAIDAR,DEMOCRATA,v,,,,,04/10/2026 20:41:50,sim
1,04/10/2026,6257,Presidente,1,municipio,PB,19640,2512036,POÇO DANTAS,,,,,PARTIDO MISSÃO,i,MISSÃO,0,14,MISSÃO,PARTIDO MISSÃO,,14,280002540694,RENAN ANTONIO FERREIRA DOS SANTOS,RENAN SANTOS,14/02/1984,4,Válido,nao,,34,1.10,1.098901099,AROLDO MEDINA,CORONEL MEDINA,MISSÃO,v,,,,,04/10/2026 20:41:50,sim
1,04/10/2026,6257,Presidente,1,municipio,PB,19640,2512036,POÇO DANTAS,,,,,PARTIDO DA CAUSA OPERÁRIA,i,PCO,0,29,PCO,PARTIDO DA CAUSA OPERÁRIA,,29,280002552487,RUI COSTA PIMENTA,RUI COSTA PIMENTA,25/06/1957,12,Válido,nao,,0,0.00,0,ANTONIO CARLOS SILVA,ANTÔNIO CARLOS,PCO,v,,,,,04/10/2026 20:41:50,sim
1,04/10/2026,6257,Presidente,1,municipio,PB,19658,2503209,CABEDELO,,,,,PARTIDO LIBERAL,i,PL,0,22,PL,PARTIDO LIBERAL,,22,280002551544,FLAVIO NANTES BOLSONARO,FLAVIO BOLSONARO,30/04/1981,1,Válido,nao,,18499,45.70,45.696852922,ALFREDO GASPAR DE MENDONÇA NETO,ALFREDO GASPAR,PL,v,,,,,04/10/2026 22:02:40,sim
1,04/10/2026,6257,Presidente,1,municipio,PB,19658,2503209,CABEDELO,,,,,PARTIDO SOCIAL DEMOCRÁTICO,i,PSD,0,55,PSD,PARTIDO SOCIAL DEMOCRÁTICO,,55,280002551932,RONALDO RAMOS CAIADO,RONALDO CAIADO,25/09/1949,5,Válido,nao,,437,1.08,1.079492120,GILBERTO KASSAB,GILBERTO KASSAB,PSD,v,,,,,04/10/2026 22:02:40,sim
1,04/10/2026,6257,Presidente,1,municipio,PB,19658,2503209,CABEDELO,,PT/PC do B/PV,FEDERAÇÃO BRASIL DA ESPERANÇA - FE BRASIL,PT/PC do B/PV,BRASIL PRONTO PRA MAIS,c,PSB / PDT / PCDOB / PT / PV / PSOL / REDE,,13,PT,PARTIDO DOS TRABALHADORES,101,13,280002542548,LUIZ INÁCIO LULA DA SILVA,LULA,06/10/1945,2,Válido,nao,,19051,47.06,47.060421916,GERALDO JOSE RODRIGUES ALCKMIN FILHO,GERALDO ALCKMIN,PSB,v,,,,,04/10/2026 22:02:40,sim
1,04/10/2026,6257,Presidente,1,municipio,PB,19658,2503209,CABEDELO,,,,,DEMOCRACIA CRISTÃ,i,DC,0,27,DC,DEMOCRACIA CRISTÃ,,27,280002552484,CLARIANA ZACARKIM BARAO,CLARIANA BARAO,03/04/1987,9,Válido,nao,,14,0.03,0.034583272,FABIANA CRISTINA TAVARES TORQUATO,FABIANA TORQUATO,DC,v,,,,,04/10/2026 22:02:40,sim
1,04/10/2026,6257,Presidente,1,municipio,PB,19658,2503209,CABEDELO,,,,,PARTIDO COMUNISTA BRASILEIRO,i,PCB,0,21,PCB,PARTIDO COMUNISTA BRASILEIRO,,21,280002551975,EDMILSON SILVA COSTA,EDMILSON COSTA,08/04/1950,10,Válido,nao,,3,0.01,0.007410701,CLEUSA DOS SANTOS,CLEUSA SANTOS,PCB,v,,,,,04/10/2026 22:02:40,sim
1,04/10/2026,6257,Presidente,1,municipio,PB,19658,2503209,CABEDELO,,,,,PARTIDO SOCIALISTA  DOS TRABALHADORES UNIFICADO,i,PSTU,0,16,PSTU,PARTIDO SOCIALISTA  DOS TRABALHADORES UNIFICADO,,16,280002541457,HERTZ DA CONCEICAO DIAS,HERTZ DIAS,20/10/1970,8,Válido,nao,,19,0.05,0.046934440,VANESSA PORTUGAL BARBOSA,VANESSA PORTUGAL,PSTU,v,,,,,04/10/2026 22:02:40,sim
1,04/10/2026,6257,Presidente,1,municipio,PB,19658,2503209,CABEDELO,,,,,BRASIL DOS NOSSOS SONHOS,c,AGIR / AVANTE,,70,AVANTE,AVANTE,,70,280002551547,AUGUSTO JORGE CURY,ESCRITOR AUGUSTO CURY,02/10/1958,3,Válido,nao,,1543,3.81,3.811570575,JULIO CESAR DELGADO,JÚLIO DELGADO,AVANTE,v,,,,,04/10/2026 22:02:40,sim
1,04/10/2026,6257,Presidente,1,municipio,PB,19658,2503209,CABEDELO,,,,,PARTIDO NOVO,i,NOVO,0,30,NOVO,PARTIDO NOVO,,30,280002539826,ROMEU ZEMA NETO,ZEMA,28/10/1964,6,Válido,nao,,43,0.11,0.106220048,LUIS EDUARDO GRANGEIRO GIRÃO,EDUARDO GIRÃO,NOVO,v,,,,,04/10/2026 22:02:40,sim
1,04/10/2026,6257,Presidente,1,municipio,PB,19658,2503209,CABEDELO,,,,,UNIDADE POPULAR,i,UP,0,80,UP,UNIDADE POPULAR,,80,280002538811,SAMARA MARTINS DA SILVA FEITOSA,SAMARA,31/08/1987,7,Válido,nao,,38,0.09,0.093868880,RAQUEL NONATO DE BRICIO,RAQUEL BRÍCIO,UP,v,,,,,04/10/2026 22:02:40,sim
1,04/10/2026,6257,Presidente,1,municipio,PB,19658,2503209,CABEDELO,,,,,DEMOCRATA,i,DEMOCRATA,0,35,DEMOCRATA,DEMOCRATA,,35,280002548139,WILSON GRASSI JUNIOR,VETERINÁRIO WILSON GRASSI,13/03/1970,11,Válido,nao,,10,0.02,0.024702337,SUÊD HAIDAR NOGUEIRA,SUÊD HAIDAR,DEMOCRATA,v,,,,,04/10/2026 22:02:40,sim
1,04/10/2026,6257,Presidente,1,municipio,PB,19658,2503209,CABEDELO,,,,,PARTIDO MISSÃO,i,MISSÃO,0,14,MISSÃO,PARTIDO MISSÃO,,14,280002540694,RENAN ANTONIO FERREIRA DOS SANTOS,RENAN SANTOS,14/02/1984,4,Válido,nao,,818,2.02,2.020651154,AROLDO MEDINA,CORONEL MEDINA,MISSÃO,v,,,,,04/10/2026 22:02:40,sim
1,04/10/2026,6257,Presidente,1,municipio,PB,19658,2503209,CABEDELO,,,,,PARTIDO DA CAUSA OPERÁRIA,i,PCO,0,29,PCO,PARTIDO DA CAUSA OPERÁRIA,,29,280002552487,RUI COSTA PIMENTA,RUI COSTA PIMENTA,25/06/1957,12,Válido,nao,,7,0.02,0.017291636,ANTONIO CARLOS SILVA,ANTÔNIO CARLOS,PCO,v,,,,,04/10/2026 22:02:40,sim
1,04/10/2026,6257,Presidente,1,municipio,PB,19666,2513653,JOCA CLAUDINO,,,,,PARTIDO LIBERAL,i,PL,0,22,PL,PARTIDO LIBERAL,,22,280002551544,FLAVIO NANTES BOLSONARO,FLAVIO BOLSONARO,30/04/1981,1,Válido,nao,,297,15.82,15.823122003,ALFREDO GASPAR DE MENDONÇA NETO,ALFREDO GASPAR,PL,v,,,,,04/10/2026 18:37:34,sim
1,04/10/2026,6257,Presidente,1,municipio,PB,19666,2513653,JOCA CLAUDINO,,,,,PARTIDO SOCIAL DEMOCRÁTICO,i,PSD,0,55,PSD,PARTIDO SOCIAL DEMOCRÁTICO,,55,280002551932,RONALDO RAMOS CAIADO,RONALDO CAIADO,25/09/1949,4,Válido,nao,,15,0.80,0.799147576,GILBERTO KASSAB,GILBERTO KASSAB,PSD,v,,,,,04/10/2026 18:37:34,sim
1,04/10/2026,6257,Presidente,1,municipio,PB,19666,2513653,JOCA CLAUDINO,,PT/PC do B/PV,FEDERAÇÃO BRASIL DA ESPERANÇA - FE BRASIL,PT/PC do B/PV,BRASIL PRONTO PRA MAIS,c,PSB / PDT / PCDOB / PT / PV / PSOL / REDE,,13,PT,PARTIDO DOS TRABALHADORES,101,13,280002542548,LUIZ INÁCIO LULA DA SILVA,LULA,06/10/1945,2,Válido,nao,,1496,79.70,79.701651572,GERALDO JOSE RODRIGUES ALCKMIN FILHO,GERALDO ALCKMIN,PSB,v,,,,,04/10/2026 18:37:34,sim
1,04/10/2026,6257,Presidente,1,municipio,PB,19666,2513653,JOCA CLAUDINO,,,,,DEMOCRACIA CRISTÃ,i,DC,0,27,DC,DEMOCRACIA CRISTÃ,,27,280002552484,CLARIANA ZACARKIM BARAO,CLARIANA BARAO,03/04/1987,9,Válido,nao,,0,0.00,0,FABIANA CRISTINA TAVARES TORQUATO,FABIANA TORQUATO,DC,v,,,,,04/10/2026 18:37:34,sim
1,04/10/2026,6257,Presidente,1,municipio,PB,19666,2513653,JOCA CLAUDINO,,,,,PARTIDO COMUNISTA BRASILEIRO,i,PCB,0,21,PCB,PARTIDO COMUNISTA BRASILEIRO,,21,280002551975,EDMILSON SILVA COSTA,EDMILSON COSTA,08/04/1950,10,Válido,nao,,1,0.05,0.053276505,CLEUSA DOS SANTOS,CLEUSA SANTOS,PCB,v,,,,,04/10/2026 18:37:34,sim
1,04/10/2026,6257,Presidente,1,municipio,PB,19666,2513653,JOCA CLAUDINO,,,,,PARTIDO SOCIALISTA  DOS TRABALHADORES UNIFICADO,i,PSTU,0,16,PSTU,PARTIDO SOCIALISTA  DOS TRABALHADORES UNIFICADO,,16,280002541457,HERTZ DA CONCEICAO DIAS,HERTZ DIAS,20/10/1970,8,Válido,nao,,1,0.05,0.053276505,VANESSA PORTUGAL BARBOSA,VANESSA PORTUGAL,PSTU,v,,,,,04/10/2026 18:37:34,sim
1,04/10/2026,6257,Presidente,1,municipio,PB,19666,2513653,JOCA CLAUDINO,,,,,BRASIL DOS NOSSOS SONHOS,c,AGIR / AVANTE,,70,AVANTE,AVANTE,,70,280002551547,AUGUSTO JORGE CURY,ESCRITOR AUGUSTO CURY,02/10/1958,3,Válido,nao,,32,1.70,1.704848162,JULIO CESAR DELGADO,JÚLIO DELGADO,AVANTE,v,,,,,04/10/2026 18:37:34,sim
1,04/10/2026,6257,Presidente,1,municipio,PB,19666,2513653,JOCA CLAUDINO,,,,,PARTIDO NOVO,i,NOVO,0,30,NOVO,PARTIDO NOVO,,30,280002539826,ROMEU ZEMA NETO,ZEMA,28/10/1964,6,Válido,nao,,0,0.00,0,LUIS EDUARDO GRANGEIRO GIRÃO,EDUARDO GIRÃO,NOVO,v,,,,,04/10/2026 18:37:34,sim
1,04/10/2026,6257,Presidente,1,municipio,PB,19666,2513653,JOCA CLAUDINO,,,,,UNIDADE POPULAR,i,UP,0,80,UP,UNIDADE POPULAR,,80,280002538811,SAMARA MARTINS DA SILVA FEITOSA,SAMARA,31/08/1987,7,Válido,nao,,0,0.00,0,RAQUEL NONATO DE BRICIO,RAQUEL BRÍCIO,UP,v,,,,,04/10/2026 18:37:34,sim
1,04/10/2026,6257,Presidente,1,municipio,PB,19666,2513653,JOCA CLAUDINO,,,,,DEMOCRATA,i,DEMOCRATA,0,35,DEMOCRATA,DEMOCRATA,,35,280002548139,WILSON GRASSI JUNIOR,VETERINÁRIO WILSON GRASSI,13/03/1970,11,Válido,nao,,0,0.00,0,SUÊD HAIDAR NOGUEIRA,SUÊD HAIDAR,DEMOCRATA,v,,,,,04/10/2026 18:37:34,sim
1,04/10/2026,6257,Presidente,1,municipio,PB,19666,2513653,JOCA CLAUDINO,,,,,PARTIDO MISSÃO,i,MISSÃO,0,14,MISSÃO,PARTIDO MISSÃO,,14,280002540694,RENAN ANTONIO FERREIRA DOS SANTOS,RENAN SANTOS,14/02/1984,5,Válido,nao,,34,1.81,1.811401172,AROLDO MEDINA,CORONEL MEDINA,MISSÃO,v,,,,,04/10/2026 18:37:34,sim
1,04/10/2026,6257,Presidente,1,municipio,PB,19666,2513653,JOCA CLAUDINO,,,,,PARTIDO DA CAUSA OPERÁRIA,i,PCO,0,29,PCO,PARTIDO DA CAUSA OPERÁRIA,,29,280002552487,RUI COSTA PIMENTA,RUI COSTA PIMENTA,25/06/1957,12,Válido,nao,,1,0.05,0.053276505,ANTONIO CARLOS SILVA,ANTÔNIO CARLOS,PCO,v,,,,,04/10/2026 18:37:34,sim
1,04/10/2026,6257,Presidente,1,municipio,PB,19674,2503308,CACHOEIRA DOS ÍNDIOS,,,,,PARTIDO LIBERAL,i,PL,0,22,PL,PARTIDO LIBERAL,,22,280002551544,FLAVIO NANTES BOLSONARO,FLAVIO BOLSONARO,30/04/1981,1,Válido,nao,,842,13.93,13.933476750,ALFREDO GASPAR DE MENDONÇA NETO,ALFREDO GASPAR,PL,v,,,,,04/10/2026 19:25:11,sim
1,04/10/2026,6257,Presidente,1,municipio,PB,19674,2503308,CACHOEIRA DOS ÍNDIOS,,,,,PARTIDO SOCIAL DEMOCRÁTICO,i,PSD,0,55,PSD,PARTIDO SOCIAL DEMOCRÁTICO,,55,280002551932,RONALDO RAMOS CAIADO,RONALDO CAIADO,25/09/1949,5,Válido,nao,,31,0.51,0.512990237,GILBERTO KASSAB,GILBERTO KASSAB,PSD,v,,,,,04/10/2026 19:25:11,sim
1,04/10/2026,6257,Presidente,1,municipio,PB,19674,2503308,CACHOEIRA DOS ÍNDIOS,,PT/PC do B/PV,FEDERAÇÃO BRASIL DA ESPERANÇA - FE BRASIL,PT/PC do B/PV,BRASIL PRONTO PRA MAIS,c,PSB / PDT / PCDOB / PT / PV / PSOL / REDE,,13,PT,PARTIDO DOS TRABALHADORES,101,13,280002542548,LUIZ INÁCIO LULA DA SILVA,LULA,06/10/1945,2,Válido,nao,,4922,81.45,81.449611120,GERALDO JOSE RODRIGUES ALCKMIN FILHO,GERALDO ALCKMIN,PSB,v,,,,,04/10/2026 19:25:11,sim
1,04/10/2026,6257,Presidente,1,municipio,PB,19674,2503308,CACHOEIRA DOS ÍNDIOS,,,,,DEMOCRACIA CRISTÃ,i,DC,0,27,DC,DEMOCRACIA CRISTÃ,,27,280002552484,CLARIANA ZACARKIM BARAO,CLARIANA BARAO,03/04/1987,9,Válido,nao,,0,0.00,0,FABIANA CRISTINA TAVARES TORQUATO,FABIANA TORQUATO,DC,v,,,,,04/10/2026 19:25:11,sim
1,04/10/2026,6257,Presidente,1,municipio,PB,19674,2503308,CACHOEIRA DOS ÍNDIOS,,,,,PARTIDO COMUNISTA BRASILEIRO,i,PCB,0,21,PCB,PARTIDO COMUNISTA BRASILEIRO,,21,280002551975,EDMILSON SILVA COSTA,EDMILSON COSTA,08/04/1950,10,Válido,nao,,4,0.07,0.066192289,CLEUSA DOS SANTOS,CLEUSA SANTOS,PCB,v,,,,,04/10/2026 19:25:11,sim
1,04/10/2026,6257,Presidente,1,municipio,PB,19674,2503308,CACHOEIRA DOS ÍNDIOS,,,,,PARTIDO SOCIALISTA  DOS TRABALHADORES UNIFICADO,i,PSTU,0,16,PSTU,PARTIDO SOCIALISTA  DOS TRABALHADORES UNIFICADO,,16,280002541457,HERTZ DA CONCEICAO DIAS,HERTZ DIAS,20/10/1970,8,Válido,nao,,1,0.02,0.016548072,VANESSA PORTUGAL BARBOSA,VANESSA PORTUGAL,PSTU,v,,,,,04/10/2026 19:25:11,sim
1,04/10/2026,6257,Presidente,1,municipio,PB,19674,2503308,CACHOEIRA DOS ÍNDIOS,,,,,BRASIL DOS NOSSOS SONHOS,c,AGIR / AVANTE,,70,AVANTE,AVANTE,,70,280002551547,AUGUSTO JORGE CURY,ESCRITOR AUGUSTO CURY,02/10/1958,3,Válido,nao,,145,2.40,2.399470462,JULIO CESAR DELGADO,JÚLIO DELGADO,AVANTE,v,,,,,04/10/2026 19:25:11,sim
1,04/10/2026,6257,Presidente,1,municipio,PB,19674,2503308,CACHOEIRA DOS ÍNDIOS,,,,,PARTIDO NOVO,i,NOVO,0,30,NOVO,PARTIDO NOVO,,30,280002539826,ROMEU ZEMA NETO,ZEMA,28/10/1964,6,Válido,nao,,1,0.02,0.016548072,LUIS EDUARDO GRANGEIRO GIRÃO,EDUARDO GIRÃO,NOVO,v,,,,,04/10/2026 19:25:11,sim
1,04/10/2026,6257,Presidente,1,municipio,PB,19674,2503308,CACHOEIRA DOS ÍNDIOS,,,,,UNIDADE POPULAR,i,UP,0,80,UP,UNIDADE POPULAR,,80,280002538811,SAMARA MARTINS DA SILVA FEITOSA,SAMARA,31/08/1987,7,Válido,nao,,2,0.03,0.033096144,RAQUEL NONATO DE BRICIO,RAQUEL BRÍCIO,UP,v,,,,,04/10/2026 19:25:11,sim
1,04/10/2026,6257,Presidente,1,municipio,PB,19674,2503308,CACHOEIRA DOS ÍNDIOS,,,,,DEMOCRATA,i,DEMOCRATA,0,35,DEMOCRATA,DEMOCRATA,,35,280002548139,WILSON GRASSI JUNIOR,VETERINÁRIO WILSON GRASSI,13/03/1970,11,Válido,nao,,0,0.00,0,SUÊD HAIDAR NOGUEIRA,SUÊD HAIDAR,DEMOCRATA,v,,,,,04/10/2026 19:25:11,sim
1,04/10/2026,6257,Presidente,1,municipio,PB,19674,2503308,CACHOEIRA DOS ÍNDIOS,,,,,PARTIDO MISSÃO,i,MISSÃO,0,14,MISSÃO,PARTIDO MISSÃO,,14,280002540694,RENAN ANTONIO FERREIRA DOS SANTOS,RENAN SANTOS,14/02/1984,4,Válido,nao,,95,1.57,1.572066854,AROLDO MEDINA,CORONEL MEDINA,MISSÃO,v,,,,,04/10/2026 19:25:11,sim
1,04/10/2026,6257,Presidente,1,municipio,PB,19674,2503308,CACHOEIRA DOS ÍNDIOS,,,,,PARTIDO DA CAUSA OPERÁRIA,i,PCO,0,29,PCO,PARTIDO DA CAUSA OPERÁRIA,,29,280002552487,RUI COSTA PIMENTA,RUI COSTA PIMENTA,25/06/1957,12,Válido,nao,,0,0.00,0,ANTONIO CARLOS SILVA,ANTÔNIO CARLOS,PCO,v,,,,,04/10/2026 19:25:11,sim
1,04/10/2026,6257,Presidente,1,municipio,PB,19682,2516755,TENÓRIO,,,,,PARTIDO LIBERAL,i,PL,0,22,PL,PARTIDO LIBERAL,,22,280002551544,FLAVIO NANTES BOLSONARO,FLAVIO BOLSONARO,30/04/1981,1,Válido,nao,,622,23.99,23.987659082,ALFREDO GASPAR DE MENDONÇA NETO,ALFREDO GASPAR,PL,v,,,,,04/10/2026 19:08:40,sim
1,04/10/2026,6257,Presidente,1,municipio,PB,19682,2516755,TENÓRIO,,,,,PARTIDO SOCIAL DEMOCRÁTICO,i,PSD,0,55,PSD,PARTIDO SOCIAL DEMOCRÁTICO,,55,280002551932,RONALDO RAMOS CAIADO,RONALDO CAIADO,25/09/1949,5,Válido,nao,,7,0.27,0.269957578,GILBERTO KASSAB,GILBERTO KASSAB,PSD,v,,,,,04/10/2026 19:08:40,sim
1,04/10/2026,6257,Presidente,1,municipio,PB,19682,2516755,TENÓRIO,,PT/PC do B/PV,FEDERAÇÃO BRASIL DA ESPERANÇA - FE BRASIL,PT/PC do B/PV,BRASIL PRONTO PRA MAIS,c,PSB / PDT / PCDOB / PT / PV / PSOL / REDE,,13,PT,PARTIDO DOS TRABALHADORES,101,13,280002542548,LUIZ INÁCIO LULA DA SILVA,LULA,06/10/1945,2,Válido,nao,,1889,72.85,72.849980717,GERALDO JOSE RODRIGUES ALCKMIN FILHO,GERALDO ALCKMIN,PSB,v,,,,,04/10/2026 19:08:40,sim
1,04/10/2026,6257,Presidente,1,municipio,PB,19682,2516755,TENÓRIO,,,,,DEMOCRACIA CRISTÃ,i,DC,0,27,DC,DEMOCRACIA CRISTÃ,,27,280002552484,CLARIANA ZACARKIM BARAO,CLARIANA BARAO,03/04/1987,9,Válido,nao,,0,0.00,0,FABIANA CRISTINA TAVARES TORQUATO,FABIANA TORQUATO,DC,v,,,,,04/10/2026 19:08:40,sim
1,04/10/2026,6257,Presidente,1,municipio,PB,19682,2516755,TENÓRIO,,,,,PARTIDO COMUNISTA BRASILEIRO,i,PCB,0,21,PCB,PARTIDO COMUNISTA BRASILEIRO,,21,280002551975,EDMILSON SILVA COSTA,EDMILSON COSTA,08/04/1950,10,Válido,nao,,1,0.04,0.038565368,CLEUSA DOS SANTOS,CLEUSA SANTOS,PCB,v,,,,,04/10/2026 19:08:40,sim
1,04/10/2026,6257,Presidente,1,municipio,PB,19682,2516755,TENÓRIO,,,,,PARTIDO SOCIALISTA  DOS TRABALHADORES UNIFICADO,i,PSTU,0,16,PSTU,PARTIDO SOCIALISTA  DOS TRABALHADORES UNIFICADO,,16,280002541457,HERTZ DA CONCEICAO DIAS,HERTZ DIAS,20/10/1970,8,Válido,nao,,2,0.08,0.077130737,VANESSA PORTUGAL BARBOSA,VANESSA PORTUGAL,PSTU,v,,,,,04/10/2026 19:08:40,sim
1,04/10/2026,6257,Presidente,1,municipio,PB,19682,2516755,TENÓRIO,,,,,BRASIL DOS NOSSOS SONHOS,c,AGIR / AVANTE,,70,AVANTE,AVANTE,,70,280002551547,AUGUSTO JORGE CURY,ESCRITOR AUGUSTO CURY,02/10/1958,3,Válido,nao,,46,1.77,1.774006942,JULIO CESAR DELGADO,JÚLIO DELGADO,AVANTE,v,,,,,04/10/2026 19:08:40,sim
1,04/10/2026,6257,Presidente,1,municipio,PB,19682,2516755,TENÓRIO,,,,,PARTIDO NOVO,i,NOVO,0,30,NOVO,PARTIDO NOVO,,30,280002539826,ROMEU ZEMA NETO,ZEMA,28/10/1964,6,Válido,nao,,0,0.00,0,LUIS EDUARDO GRANGEIRO GIRÃO,EDUARDO GIRÃO,NOVO,v,,,,,04/10/2026 19:08:40,sim
1,04/10/2026,6257,Presidente,1,municipio,PB,19682,2516755,TENÓRIO,,,,,UNIDADE POPULAR,i,UP,0,80,UP,UNIDADE POPULAR,,80,280002538811,SAMARA MARTINS DA SILVA FEITOSA,SAMARA,31/08/1987,7,Válido,nao,,0,0.00,0,RAQUEL NONATO DE BRICIO,RAQUEL BRÍCIO,UP,v,,,,,04/10/2026 19:08:40,sim
1,04/10/2026,6257,Presidente,1,municipio,PB,19682,2516755,TENÓRIO,,,,,DEMOCRATA,i,DEMOCRATA,0,35,DEMOCRATA,DEMOCRATA,,35,280002548139,WILSON GRASSI JUNIOR,VETERINÁRIO WILSON GRASSI,13/03/1970,11,Válido,nao,,0,0.00,0,SUÊD HAIDAR NOGUEIRA,SUÊD HAIDAR,DEMOCRATA,v,,,,,04/10/2026 19:08:40,sim
1,04/10/2026,6257,Presidente,1,municipio,PB,19682,2516755,TENÓRIO,,,,,PARTIDO MISSÃO,i,MISSÃO,0,14,MISSÃO,PARTIDO MISSÃO,,14,280002540694,RENAN ANTONIO FERREIRA DOS SANTOS,RENAN SANTOS,14/02/1984,4,Válido,nao,,26,1.00,1.002699576,AROLDO MEDINA,CORONEL MEDINA,MISSÃO,v,,,,,04/10/2026 19:08:40,sim
1,04/10/2026,6257,Presidente,1,municipio,PB,19682,2516755,TENÓRIO,,,,,PARTIDO DA CAUSA OPERÁRIA,i,PCO,0,29,PCO,PARTIDO DA CAUSA OPERÁRIA,,29,280002552487,RUI COSTA PIMENTA,RUI COSTA PIMENTA,25/06/1957,12,Válido,nao,,0,0.00,0,ANTONIO CARLOS SILVA,ANTÔNIO CARLOS,PCO,v,,,,,04/10/2026 19:08:40,sim
1,04/10/2026,6257,Presidente,1,municipio,PB,19690,2503407,CACIMBA DE AREIA,,,,,PARTIDO LIBERAL,i,PL,0,22,PL,PARTIDO LIBERAL,,22,280002551544,FLAVIO NANTES BOLSONARO,FLAVIO BOLSONARO,30/04/1981,1,Válido,nao,,689,20.40,20.402724312,ALFREDO GASPAR DE MENDONÇA NETO,ALFREDO GASPAR,PL,v,,,,,04/10/2026 18:00:39,sim
1,04/10/2026,6257,Presidente,1,municipio,PB,19690,2503407,CACIMBA DE AREIA,,,,,PARTIDO SOCIAL DEMOCRÁTICO,i,PSD,0,55,PSD,PARTIDO SOCIAL DEMOCRÁTICO,,55,280002551932,RONALDO RAMOS CAIADO,RONALDO CAIADO,25/09/1949,4,Válido,nao,,13,0.38,0.384957062,GILBERTO KASSAB,GILBERTO KASSAB,PSD,v,,,,,04/10/2026 18:00:39,sim
1,04/10/2026,6257,Presidente,1,municipio,PB,19690,2503407,CACIMBA DE AREIA,,PT/PC do B/PV,FEDERAÇÃO BRASIL DA ESPERANÇA - FE BRASIL,PT/PC do B/PV,BRASIL PRONTO PRA MAIS,c,PSB / PDT / PCDOB / PT / PV / PSOL / REDE,,13,PT,PARTIDO DOS TRABALHADORES,101,13,280002542548,LUIZ INÁCIO LULA DA SILVA,LULA,06/10/1945,2,Válido,nao,,2575,76.25,76.251110453,GERALDO JOSE RODRIGUES ALCKMIN FILHO,GERALDO ALCKMIN,PSB,v,,,,,04/10/2026 18:00:39,sim
1,04/10/2026,6257,Presidente,1,municipio,PB,19690,2503407,CACIMBA DE AREIA,,,,,DEMOCRACIA CRISTÃ,i,DC,0,27,DC,DEMOCRACIA CRISTÃ,,27,280002552484,CLARIANA ZACARKIM BARAO,CLARIANA BARAO,03/04/1987,8,Válido,nao,,0,0.00,0,FABIANA CRISTINA TAVARES TORQUATO,FABIANA TORQUATO,DC,v,,,,,04/10/2026 18:00:39,sim
1,04/10/2026,6257,Presidente,1,municipio,PB,19690,2503407,CACIMBA DE AREIA,,,,,PARTIDO COMUNISTA BRASILEIRO,i,PCB,0,21,PCB,PARTIDO COMUNISTA BRASILEIRO,,21,280002551975,EDMILSON SILVA COSTA,EDMILSON COSTA,08/04/1950,10,Válido,nao,,1,0.03,0.029612082,CLEUSA DOS SANTOS,CLEUSA SANTOS,PCB,v,,,,,04/10/2026 18:00:39,sim
1,04/10/2026,6257,Presidente,1,municipio,PB,19690,2503407,CACIMBA DE AREIA,,,,,PARTIDO SOCIALISTA  DOS TRABALHADORES UNIFICADO,i,PSTU,0,16,PSTU,PARTIDO SOCIALISTA  DOS TRABALHADORES UNIFICADO,,16,280002541457,HERTZ DA CONCEICAO DIAS,HERTZ DIAS,20/10/1970,9,Válido,nao,,0,0.00,0,VANESSA PORTUGAL BARBOSA,VANESSA PORTUGAL,PSTU,v,,,,,04/10/2026 18:00:39,sim
1,04/10/2026,6257,Presidente,1,municipio,PB,19690,2503407,CACIMBA DE AREIA,,,,,BRASIL DOS NOSSOS SONHOS,c,AGIR / AVANTE,,70,AVANTE,AVANTE,,70,280002551547,AUGUSTO JORGE CURY,ESCRITOR AUGUSTO CURY,02/10/1958,3,Válido,nao,,58,1.72,1.717500740,JULIO CESAR DELGADO,JÚLIO DELGADO,AVANTE,v,,,,,04/10/2026 18:00:39,sim
1,04/10/2026,6257,Presidente,1,municipio,PB,19690,2503407,CACIMBA DE AREIA,,,,,PARTIDO NOVO,i,NOVO,0,30,NOVO,PARTIDO NOVO,,30,280002539826,ROMEU ZEMA NETO,ZEMA,28/10/1964,6,Válido,nao,,1,0.03,0.029612082,LUIS EDUARDO GRANGEIRO GIRÃO,EDUARDO GIRÃO,NOVO,v,,,,,04/10/2026 18:00:39,sim
1,04/10/2026,6257,Presidente,1,municipio,PB,19690,2503407,CACIMBA DE AREIA,,,,,UNIDADE POPULAR,i,UP,0,80,UP,UNIDADE POPULAR,,80,280002538811,SAMARA MARTINS DA SILVA FEITOSA,SAMARA,31/08/1987,7,Válido,nao,,0,0.00,0,RAQUEL NONATO DE BRICIO,RAQUEL BRÍCIO,UP,v,,,,,04/10/2026 18:00:39,sim
1,04/10/2026,6257,Presidente,1,municipio,PB,19690,2503407,CACIMBA DE AREIA,,,,,DEMOCRATA,i,DEMOCRATA,0,35,DEMOCRATA,DEMOCRATA,,35,280002548139,WILSON GRASSI JUNIOR,VETERINÁRIO WILSON GRASSI,13/03/1970,11,Válido,nao,,0,0.00,0,SUÊD HAIDAR NOGUEIRA,SUÊD HAIDAR,DEMOCRATA,v,,,,,04/10/2026 18:00:39,sim
1,04/10/2026,6257,Presidente,1,municipio,PB,19690,2503407,CACIMBA DE AREIA,,,,,PARTIDO MISSÃO,i,MISSÃO,0,14,MISSÃO,PARTIDO MISSÃO,,14,280002540694,RENAN ANTONIO FERREIRA DOS SANTOS,RENAN SANTOS,14/02/1984,5,Válido,nao,,40,1.18,1.184483269,AROLDO MEDINA,CORONEL MEDINA,MISSÃO,v,,,,,04/10/2026 18:00:39,sim
1,04/10/2026,6257,Presidente,1,municipio,PB,19690,2503407,CACIMBA DE AREIA,,,,,PARTIDO DA CAUSA OPERÁRIA,i,PCO,0,29,PCO,PARTIDO DA CAUSA OPERÁRIA,,29,280002552487,RUI COSTA PIMENTA,RUI COSTA PIMENTA,25/06/1957,12,Válido,nao,,0,0.00,0,ANTONIO CARLOS SILVA,ANTÔNIO CARLOS,PCO,v,,,,,04/10/2026 18:00:39,sim
1,04/10/2026,6257,Presidente,1,municipio,PB,19704,2504850,COXIXOLA,,,,,PARTIDO LIBERAL,i,PL,0,22,PL,PARTIDO LIBERAL,,22,280002551544,FLAVIO NANTES BOLSONARO,FLAVIO BOLSONARO,30/04/1981,1,Válido,nao,,333,20.71,20.708955224,ALFREDO GASPAR DE MENDONÇA NETO,ALFREDO GASPAR,PL,v,,,,,04/10/2026 17:54:13,sim
1,04/10/2026,6257,Presidente,1,municipio,PB,19704,2504850,COXIXOLA,,,,,PARTIDO SOCIAL DEMOCRÁTICO,i,PSD,0,55,PSD,PARTIDO SOCIAL DEMOCRÁTICO,,55,280002551932,RONALDO RAMOS CAIADO,RONALDO CAIADO,25/09/1949,4,Válido,nao,,13,0.81,0.808457711,GILBERTO KASSAB,GILBERTO KASSAB,PSD,v,,,,,04/10/2026 17:54:13,sim
1,04/10/2026,6257,Presidente,1,municipio,PB,19704,2504850,COXIXOLA,,PT/PC do B/PV,FEDERAÇÃO BRASIL DA ESPERANÇA - FE BRASIL,PT/PC do B/PV,BRASIL PRONTO PRA MAIS,c,PSB / PDT / PCDOB / PT / PV / PSOL / REDE,,13,PT,PARTIDO DOS TRABALHADORES,101,13,280002542548,LUIZ INÁCIO LULA DA SILVA,LULA,06/10/1945,2,Válido,nao,,1203,74.81,74.813432836,GERALDO JOSE RODRIGUES ALCKMIN FILHO,GERALDO ALCKMIN,PSB,v,,,,,04/10/2026 17:54:13,sim
1,04/10/2026,6257,Presidente,1,municipio,PB,19704,2504850,COXIXOLA,,,,,PARTIDO SOCIALISTA  DOS TRABALHADORES UNIFICADO,i,PSTU,0,16,PSTU,PARTIDO SOCIALISTA  DOS TRABALHADORES UNIFICADO,,16,280002541457,HERTZ DA CONCEICAO DIAS,HERTZ DIAS,20/10/1970,9,Válido,nao,,0,0.00,0,VANESSA PORTUGAL BARBOSA,VANESSA PORTUGAL,PSTU,v,,,,,04/10/2026 17:54:13,sim
1,04/10/2026,6257,Presidente,1,municipio,PB,19704,2504850,COXIXOLA,,,,,PARTIDO COMUNISTA BRASILEIRO,i,PCB,0,21,PCB,PARTIDO COMUNISTA BRASILEIRO,,21,280002551975,EDMILSON SILVA COSTA,EDMILSON COSTA,08/04/1950,10,Válido,nao,,0,0.00,0,CLEUSA DOS SANTOS,CLEUSA SANTOS,PCB,v,,,,,04/10/2026 17:54:13,sim
1,04/10/2026,6257,Presidente,1,municipio,PB,19704,2504850,COXIXOLA,,,,,DEMOCRACIA CRISTÃ,i,DC,0,27,DC,DEMOCRACIA CRISTÃ,,27,280002552484,CLARIANA ZACARKIM BARAO,CLARIANA BARAO,03/04/1987,8,Válido,nao,,0,0.00,0,FABIANA CRISTINA TAVARES TORQUATO,FABIANA TORQUATO,DC,v,,,,,04/10/2026 17:54:13,sim
1,04/10/2026,6257,Presidente,1,municipio,PB,19704,2504850,COXIXOLA,,,,,PARTIDO NOVO,i,NOVO,0,30,NOVO,PARTIDO NOVO,,30,280002539826,ROMEU ZEMA NETO,ZEMA,28/10/1964,6,Válido,nao,,1,0.06,0.062189055,LUIS EDUARDO GRANGEIRO GIRÃO,EDUARDO GIRÃO,NOVO,v,,,,,04/10/2026 17:54:13,sim
1,04/10/2026,6257,Presidente,1,municipio,PB,19704,2504850,COXIXOLA,,,,,BRASIL DOS NOSSOS SONHOS,c,AGIR / AVANTE,,70,AVANTE,AVANTE,,70,280002551547,AUGUSTO JORGE CURY,ESCRITOR AUGUSTO CURY,02/10/1958,3,Válido,nao,,35,2.18,2.176616915,JULIO CESAR DELGADO,JÚLIO DELGADO,AVANTE,v,,,,,04/10/2026 17:54:13,sim
1,04/10/2026,6257,Presidente,1,municipio,PB,19704,2504850,COXIXOLA,,,,,DEMOCRATA,i,DEMOCRATA,0,35,DEMOCRATA,DEMOCRATA,,35,280002548139,WILSON GRASSI JUNIOR,VETERINÁRIO WILSON GRASSI,13/03/1970,11,Válido,nao,,0,0.00,0,SUÊD HAIDAR NOGUEIRA,SUÊD HAIDAR,DEMOCRATA,v,,,,,04/10/2026 17:54:13,sim
1,04/10/2026,6257,Presidente,1,municipio,PB,19704,2504850,COXIXOLA,,,,,UNIDADE POPULAR,i,UP,0,80,UP,UNIDADE POPULAR,,80,280002538811,SAMARA MARTINS DA SILVA FEITOSA,SAMARA,31/08/1987,7,Válido,nao,,0,0.00,0,RAQUEL NONATO DE BRICIO,RAQUEL BRÍCIO,UP,v,,,,,04/10/2026 17:54:13,sim
1,04/10/2026,6257,Presidente,1,municipio,PB,19704,2504850,COXIXOLA,,,,,PARTIDO MISSÃO,i,MISSÃO,0,14,MISSÃO,PARTIDO MISSÃO,,14,280002540694,RENAN ANTONIO FERREIRA DOS SANTOS,RENAN SANTOS,14/02/1984,5,Válido,nao,,22,1.37,1.368159204,AROLDO MEDINA,CORONEL MEDINA,MISSÃO,v,,,,,04/10/2026 17:54:13,sim
1,04/10/2026,6257,Presidente,1,municipio,PB,19704,2504850,COXIXOLA,,,,,PARTIDO DA CAUSA OPERÁRIA,i,PCO,0,29,PCO,PARTIDO DA CAUSA OPERÁRIA,,29,280002552487,RUI COSTA PIMENTA,RUI COSTA PIMENTA,25/06/1957,12,Válido,nao,,1,0.06,0.062189055,ANTONIO CARLOS SILVA,ANTÔNIO CARLOS,PCO,v,,,,,04/10/2026 17:54:13,sim
1,04/10/2026,6257,Presidente,1,municipio,PB,19712,2503506,CACIMBA DE DENTRO,,,,,PARTIDO LIBERAL,i,PL,0,22,PL,PARTIDO LIBERAL,,22,280002551544,FLAVIO NANTES BOLSONARO,FLAVIO BOLSONARO,30/04/1981,1,Válido,nao,,2752,27.04,27.036054622,ALFREDO GASPAR DE MENDONÇA NETO,ALFREDO GASPAR,PL,v,,,,,04/10/2026 19:24:42,sim
1,04/10/2026,6257,Presidente,1,municipio,PB,19712,2503506,CACIMBA DE DENTRO,,,,,PARTIDO SOCIAL DEMOCRÁTICO,i,PSD,0,55,PSD,PARTIDO SOCIAL DEMOCRÁTICO,,55,280002551932,RONALDO RAMOS CAIADO,RONALDO CAIADO,25/09/1949,5,Válido,nao,,28,0.28,0.275076137,GILBERTO KASSAB,GILBERTO KASSAB,PSD,v,,,,,04/10/2026 19:24:42,sim
1,04/10/2026,6257,Presidente,1,municipio,PB,19712,2503506,CACIMBA DE DENTRO,,PT/PC do B/PV,FEDERAÇÃO BRASIL DA ESPERANÇA - FE BRASIL,PT/PC do B/PV,BRASIL PRONTO PRA MAIS,c,PSB / PDT / PCDOB / PT / PV / PSOL / REDE,,13,PT,PARTIDO DOS TRABALHADORES,101,13,280002542548,LUIZ INÁCIO LULA DA SILVA,LULA,06/10/1945,2,Válido,nao,,6977,68.54,68.543078888,GERALDO JOSE RODRIGUES ALCKMIN FILHO,GERALDO ALCKMIN,PSB,v,,,,,04/10/2026 19:24:42,sim
1,04/10/2026,6257,Presidente,1,municipio,PB,19712,2503506,CACIMBA DE DENTRO,,,,,DEMOCRACIA CRISTÃ,i,DC,0,27,DC,DEMOCRACIA CRISTÃ,,27,280002552484,CLARIANA ZACARKIM BARAO,CLARIANA BARAO,03/04/1987,9,Válido,nao,,2,0.02,0.019648296,FABIANA CRISTINA TAVARES TORQUATO,FABIANA TORQUATO,DC,v,,,,,04/10/2026 19:24:42,sim
1,04/10/2026,6257,Presidente,1,municipio,PB,19712,2503506,CACIMBA DE DENTRO,,,,,PARTIDO COMUNISTA BRASILEIRO,i,PCB,0,21,PCB,PARTIDO COMUNISTA BRASILEIRO,,21,280002551975,EDMILSON SILVA COSTA,EDMILSON COSTA,08/04/1950,10,Válido,nao,,2,0.02,0.019648296,CLEUSA DOS SANTOS,CLEUSA SANTOS,PCB,v,,,,,04/10/2026 19:24:42,sim
1,04/10/2026,6257,Presidente,1,municipio,PB,19712,2503506,CACIMBA DE DENTRO,,,,,PARTIDO SOCIALISTA  DOS TRABALHADORES UNIFICADO,i,PSTU,0,16,PSTU,PARTIDO SOCIALISTA  DOS TRABALHADORES UNIFICADO,,16,280002541457,HERTZ DA CONCEICAO DIAS,HERTZ DIAS,20/10/1970,8,Válido,nao,,1,0.01,0.009824148,VANESSA PORTUGAL BARBOSA,VANESSA PORTUGAL,PSTU,v,,,,,04/10/2026 19:24:42,sim
1,04/10/2026,6257,Presidente,1,municipio,PB,19712,2503506,CACIMBA DE DENTRO,,,,,BRASIL DOS NOSSOS SONHOS,c,AGIR / AVANTE,,70,AVANTE,AVANTE,,70,280002551547,AUGUSTO JORGE CURY,ESCRITOR AUGUSTO CURY,02/10/1958,3,Válido,nao,,260,2.55,2.554278416,JULIO CESAR DELGADO,JÚLIO DELGADO,AVANTE,v,,,,,04/10/2026 19:24:42,sim
1,04/10/2026,6257,Presidente,1,municipio,PB,19712,2503506,CACIMBA DE DENTRO,,,,,PARTIDO NOVO,i,NOVO,0,30,NOVO,PARTIDO NOVO,,30,280002539826,ROMEU ZEMA NETO,ZEMA,28/10/1964,6,Válido,nao,,5,0.05,0.049120739,LUIS EDUARDO GRANGEIRO GIRÃO,EDUARDO GIRÃO,NOVO,v,,,,,04/10/2026 19:24:42,sim
1,04/10/2026,6257,Presidente,1,municipio,PB,19712,2503506,CACIMBA DE DENTRO,,,,,UNIDADE POPULAR,i,UP,0,80,UP,UNIDADE POPULAR,,80,280002538811,SAMARA MARTINS DA SILVA FEITOSA,SAMARA,31/08/1987,7,Válido,nao,,1,0.01,0.009824148,RAQUEL NONATO DE BRICIO,RAQUEL BRÍCIO,UP,v,,,,,04/10/2026 19:24:42,sim
1,04/10/2026,6257,Presidente,1,municipio,PB,19712,2503506,CACIMBA DE DENTRO,,,,,DEMOCRATA,i,DEMOCRATA,0,35,DEMOCRATA,DEMOCRATA,,35,280002548139,WILSON GRASSI JUNIOR,VETERINÁRIO WILSON GRASSI,13/03/1970,11,Válido,nao,,2,0.02,0.019648296,SUÊD HAIDAR NOGUEIRA,SUÊD HAIDAR,DEMOCRATA,v,,,,,04/10/2026 19:24:42,sim
1,04/10/2026,6257,Presidente,1,municipio,PB,19712,2503506,CACIMBA DE DENTRO,,,,,PARTIDO MISSÃO,i,MISSÃO,0,14,MISSÃO,PARTIDO MISSÃO,,14,280002540694,RENAN ANTONIO FERREIRA DOS SANTOS,RENAN SANTOS,14/02/1984,4,Válido,nao,,149,1.46,1.463798016,AROLDO MEDINA,CORONEL MEDINA,MISSÃO,v,,,,,04/10/2026 19:24:42,sim
1,04/10/2026,6257,Presidente,1,municipio,PB,19712,2503506,CACIMBA DE DENTRO,,,,,PARTIDO DA CAUSA OPERÁRIA,i,PCO,0,29,PCO,PARTIDO DA CAUSA OPERÁRIA,,29,280002552487,RUI COSTA PIMENTA,RUI COSTA PIMENTA,25/06/1957,12,Válido,nao,,0,0.00,0,ANTONIO CARLOS SILVA,ANTÔNIO CARLOS,PCO,v,,,,,04/10/2026 19:24:42,sim
1,04/10/2026,6257,Presidente,1,municipio,PB,19720,2510659,PARARI,,,,,PARTIDO LIBERAL,i,PL,0,22,PL,PARTIDO LIBERAL,,22,280002551544,FLAVIO NANTES BOLSONARO,FLAVIO BOLSONARO,30/04/1981,1,Válido,nao,,423,21.97,21.974025974,ALFREDO GASPAR DE MENDONÇA NETO,ALFREDO GASPAR,PL,v,,,,,04/10/2026 18:22:15,sim
1,04/10/2026,6257,Presidente,1,municipio,PB,19720,2510659,PARARI,,,,,PARTIDO SOCIAL DEMOCRÁTICO,i,PSD,0,55,PSD,PARTIDO SOCIAL DEMOCRÁTICO,,55,280002551932,RONALDO RAMOS CAIADO,RONALDO CAIADO,25/09/1949,4,Válido,nao,,10,0.52,0.519480519,GILBERTO KASSAB,GILBERTO KASSAB,PSD,v,,,,,04/10/2026 18:22:15,sim
1,04/10/2026,6257,Presidente,1,municipio,PB,19720,2510659,PARARI,,PT/PC do B/PV,FEDERAÇÃO BRASIL DA ESPERANÇA - FE BRASIL,PT/PC do B/PV,BRASIL PRONTO PRA MAIS,c,PSB / PDT / PCDOB / PT / PV / PSOL / REDE,,13,PT,PARTIDO DOS TRABALHADORES,101,13,280002542548,LUIZ INÁCIO LULA DA SILVA,LULA,06/10/1945,2,Válido,nao,,1434,74.49,74.493506494,GERALDO JOSE RODRIGUES ALCKMIN FILHO,GERALDO ALCKMIN,PSB,v,,,,,04/10/2026 18:22:15,sim
1,04/10/2026,6257,Presidente,1,municipio,PB,19720,2510659,PARARI,,,,,DEMOCRACIA CRISTÃ,i,DC,0,27,DC,DEMOCRACIA CRISTÃ,,27,280002552484,CLARIANA ZACARKIM BARAO,CLARIANA BARAO,03/04/1987,8,Válido,nao,,0,0.00,0,FABIANA CRISTINA TAVARES TORQUATO,FABIANA TORQUATO,DC,v,,,,,04/10/2026 18:22:15,sim
1,04/10/2026,6257,Presidente,1,municipio,PB,19720,2510659,PARARI,,,,,PARTIDO COMUNISTA BRASILEIRO,i,PCB,0,21,PCB,PARTIDO COMUNISTA BRASILEIRO,,21,280002551975,EDMILSON SILVA COSTA,EDMILSON COSTA,08/04/1950,10,Válido,nao,,0,0.00,0,CLEUSA DOS SANTOS,CLEUSA SANTOS,PCB,v,,,,,04/10/2026 18:22:15,sim
1,04/10/2026,6257,Presidente,1,municipio,PB,19720,2510659,PARARI,,,,,PARTIDO SOCIALISTA  DOS TRABALHADORES UNIFICADO,i,PSTU,0,16,PSTU,PARTIDO SOCIALISTA  DOS TRABALHADORES UNIFICADO,,16,280002541457,HERTZ DA CONCEICAO DIAS,HERTZ DIAS,20/10/1970,9,Válido,nao,,1,0.05,0.051948052,VANESSA PORTUGAL BARBOSA,VANESSA PORTUGAL,PSTU,v,,,,,04/10/2026 18:22:15,sim
1,04/10/2026,6257,Presidente,1,municipio,PB,19720,2510659,PARARI,,,,,BRASIL DOS NOSSOS SONHOS,c,AGIR / AVANTE,,70,AVANTE,AVANTE,,70,280002551547,AUGUSTO JORGE CURY,ESCRITOR AUGUSTO CURY,02/10/1958,3,Válido,nao,,35,1.82,1.818181818,JULIO CESAR DELGADO,JÚLIO DELGADO,AVANTE,v,,,,,04/10/2026 18:22:15,sim
1,04/10/2026,6257,Presidente,1,municipio,PB,19720,2510659,PARARI,,,,,PARTIDO NOVO,i,NOVO,0,30,NOVO,PARTIDO NOVO,,30,280002539826,ROMEU ZEMA NETO,ZEMA,28/10/1964,6,Válido,nao,,1,0.05,0.051948052,LUIS EDUARDO GRANGEIRO GIRÃO,EDUARDO GIRÃO,NOVO,v,,,,,04/10/2026 18:22:15,sim
1,04/10/2026,6257,Presidente,1,municipio,PB,19720,2510659,PARARI,,,,,UNIDADE POPULAR,i,UP,0,80,UP,UNIDADE POPULAR,,80,280002538811,SAMARA MARTINS DA SILVA FEITOSA,SAMARA,31/08/1987,7,Válido,nao,,0,0.00,0,RAQUEL NONATO DE BRICIO,RAQUEL BRÍCIO,UP,v,,,,,04/10/2026 18:22:15,sim
1,04/10/2026,6257,Presidente,1,municipio,PB,19720,2510659,PARARI,,,,,DEMOCRATA,i,DEMOCRATA,0,35,DEMOCRATA,DEMOCRATA,,35,280002548139,WILSON GRASSI JUNIOR,VETERINÁRIO WILSON GRASSI,13/03/1970,11,Válido,nao,,2,0.10,0.103896104,SUÊD HAIDAR NOGUEIRA,SUÊD HAIDAR,DEMOCRATA,v,,,,,04/10/2026 18:22:15,sim
1,04/10/2026,6257,Presidente,1,municipio,PB,19720,2510659,PARARI,,,,,PARTIDO MISSÃO,i,MISSÃO,0,14,MISSÃO,PARTIDO MISSÃO,,14,280002540694,RENAN ANTONIO FERREIRA DOS SANTOS,RENAN SANTOS,14/02/1984,5,Válido,nao,,19,0.99,0.987012987,AROLDO MEDINA,CORONEL MEDINA,MISSÃO,v,,,,,04/10/2026 18:22:15,sim
1,04/10/2026,6257,Presidente,1,municipio,PB,19720,2510659,PARARI,,,,,PARTIDO DA CAUSA OPERÁRIA,i,PCO,0,29,PCO,PARTIDO DA CAUSA OPERÁRIA,,29,280002552487,RUI COSTA PIMENTA,RUI COSTA PIMENTA,25/06/1957,12,Válido,nao,,0,0.00,0,ANTONIO CARLOS SILVA,ANTÔNIO CARLOS,PCO,v,,,,,04/10/2026 18:22:15,sim
1,04/10/2026,6257,Presidente,1,municipio,PB,19739,2503605,CAIÇARA,,,,,PARTIDO LIBERAL,i,PL,0,22,PL,PARTIDO LIBERAL,,22,280002551544,FLAVIO NANTES BOLSONARO,FLAVIO BOLSONARO,30/04/1981,1,Válido,nao,,1483,31.03,31.025104603,ALFREDO GASPAR DE MENDONÇA NETO,ALFREDO GASPAR,PL,v,,,,,04/10/2026 19:09:47,sim
1,04/10/2026,6257,Presidente,1,municipio,PB,19739,2503605,CAIÇARA,,,,,PARTIDO SOCIAL DEMOCRÁTICO,i,PSD,0,55,PSD,PARTIDO SOCIAL DEMOCRÁTICO,,55,280002551932,RONALDO RAMOS CAIADO,RONALDO CAIADO,25/09/1949,5,Válido,nao,,20,0.42,0.418410042,GILBERTO KASSAB,GILBERTO KASSAB,PSD,v,,,,,04/10/2026 19:09:47,sim
1,04/10/2026,6257,Presidente,1,municipio,PB,19739,2503605,CAIÇARA,,PT/PC do B/PV,FEDERAÇÃO BRASIL DA ESPERANÇA - FE BRASIL,PT/PC do B/PV,BRASIL PRONTO PRA MAIS,c,PSB / PDT / PCDOB / PT / PV / PSOL / REDE,,13,PT,PARTIDO DOS TRABALHADORES,101,13,280002542548,LUIZ INÁCIO LULA DA SILVA,LULA,06/10/1945,2,Válido,nao,,3075,64.33,64.330543933,GERALDO JOSE RODRIGUES ALCKMIN FILHO,GERALDO ALCKMIN,PSB,v,,,,,04/10/2026 19:09:47,sim
1,04/10/2026,6257,Presidente,1,municipio,PB,19739,2503605,CAIÇARA,,,,,DEMOCRACIA CRISTÃ,i,DC,0,27,DC,DEMOCRACIA CRISTÃ,,27,280002552484,CLARIANA ZACARKIM BARAO,CLARIANA BARAO,03/04/1987,9,Válido,nao,,1,0.02,0.020920502,FABIANA CRISTINA TAVARES TORQUATO,FABIANA TORQUATO,DC,v,,,,,04/10/2026 19:09:47,sim
1,04/10/2026,6257,Presidente,1,municipio,PB,19739,2503605,CAIÇARA,,,,,PARTIDO COMUNISTA BRASILEIRO,i,PCB,0,21,PCB,PARTIDO COMUNISTA BRASILEIRO,,21,280002551975,EDMILSON SILVA COSTA,EDMILSON COSTA,08/04/1950,10,Válido,nao,,1,0.02,0.020920502,CLEUSA DOS SANTOS,CLEUSA SANTOS,PCB,v,,,,,04/10/2026 19:09:47,sim
1,04/10/2026,6257,Presidente,1,municipio,PB,19739,2503605,CAIÇARA,,,,,PARTIDO SOCIALISTA  DOS TRABALHADORES UNIFICADO,i,PSTU,0,16,PSTU,PARTIDO SOCIALISTA  DOS TRABALHADORES UNIFICADO,,16,280002541457,HERTZ DA CONCEICAO DIAS,HERTZ DIAS,20/10/1970,8,Válido,nao,,1,0.02,0.020920502,VANESSA PORTUGAL BARBOSA,VANESSA PORTUGAL,PSTU,v,,,,,04/10/2026 19:09:47,sim
1,04/10/2026,6257,Presidente,1,municipio,PB,19739,2503605,CAIÇARA,,,,,BRASIL DOS NOSSOS SONHOS,c,AGIR / AVANTE,,70,AVANTE,AVANTE,,70,280002551547,AUGUSTO JORGE CURY,ESCRITOR AUGUSTO CURY,02/10/1958,3,Válido,nao,,125,2.62,2.615062762,JULIO CESAR DELGADO,JÚLIO DELGADO,AVANTE,v,,,,,04/10/2026 19:09:47,sim
1,04/10/2026,6257,Presidente,1,municipio,PB,19739,2503605,CAIÇARA,,,,,PARTIDO NOVO,i,NOVO,0,30,NOVO,PARTIDO NOVO,,30,280002539826,ROMEU ZEMA NETO,ZEMA,28/10/1964,6,Válido,nao,,2,0.04,0.041841004,LUIS EDUARDO GRANGEIRO GIRÃO,EDUARDO GIRÃO,NOVO,v,,,,,04/10/2026 19:09:47,sim
1,04/10/2026,6257,Presidente,1,municipio,PB,19739,2503605,CAIÇARA,,,,,UNIDADE POPULAR,i,UP,0,80,UP,UNIDADE POPULAR,,80,280002538811,SAMARA MARTINS DA SILVA FEITOSA,SAMARA,31/08/1987,7,Válido,nao,,0,0.00,0,RAQUEL NONATO DE BRICIO,RAQUEL BRÍCIO,UP,v,,,,,04/10/2026 19:09:47,sim
1,04/10/2026,6257,Presidente,1,municipio,PB,19739,2503605,CAIÇARA,,,,,DEMOCRATA,i,DEMOCRATA,0,35,DEMOCRATA,DEMOCRATA,,35,280002548139,WILSON GRASSI JUNIOR,VETERINÁRIO WILSON GRASSI,13/03/1970,11,Válido,nao,,1,0.02,0.020920502,SUÊD HAIDAR NOGUEIRA,SUÊD HAIDAR,DEMOCRATA,v,,,,,04/10/2026 19:09:47,sim
1,04/10/2026,6257,Presidente,1,municipio,PB,19739,2503605,CAIÇARA,,,,,PARTIDO MISSÃO,i,MISSÃO,0,14,MISSÃO,PARTIDO MISSÃO,,14,280002540694,RENAN ANTONIO FERREIRA DOS SANTOS,RENAN SANTOS,14/02/1984,4,Válido,nao,,71,1.49,1.485355649,AROLDO MEDINA,CORONEL MEDINA,MISSÃO,v,,,,,04/10/2026 19:09:47,sim
1,04/10/2026,6257,Presidente,1,municipio,PB,19739,2503605,CAIÇARA,,,,,PARTIDO DA CAUSA OPERÁRIA,i,PCO,0,29,PCO,PARTIDO DA CAUSA OPERÁRIA,,29,280002552487,RUI COSTA PIMENTA,RUI COSTA PIMENTA,25/06/1957,12,Válido,nao,,0,0.00,0,ANTONIO CARLOS SILVA,ANTÔNIO CARLOS,PCO,v,,,,,04/10/2026 19:09:47,sim
1,04/10/2026,6257,Presidente,1,municipio,PB,19747,2512721,PEDRO RÉGIS,,,,,PARTIDO LIBERAL,i,PL,0,22,PL,PARTIDO LIBERAL,,22,280002551544,FLAVIO NANTES BOLSONARO,FLAVIO BOLSONARO,30/04/1981,1,Válido,nao,,1273,32.36,32.358922217,ALFREDO GASPAR DE MENDONÇA NETO,ALFREDO GASPAR,PL,v,,,,,04/10/2026 19:24:42,sim
1,04/10/2026,6257,Presidente,1,municipio,PB,19747,2512721,PEDRO RÉGIS,,,,,PARTIDO SOCIAL DEMOCRÁTICO,i,PSD,0,55,PSD,PARTIDO SOCIAL DEMOCRÁTICO,,55,280002551932,RONALDO RAMOS CAIADO,RONALDO CAIADO,25/09/1949,5,Válido,nao,,34,0.86,0.864260295,GILBERTO KASSAB,GILBERTO KASSAB,PSD,v,,,,,04/10/2026 19:24:42,sim
1,04/10/2026,6257,Presidente,1,municipio,PB,19747,2512721,PEDRO RÉGIS,,PT/PC do B/PV,FEDERAÇÃO BRASIL DA ESPERANÇA - FE BRASIL,PT/PC do B/PV,BRASIL PRONTO PRA MAIS,c,PSB / PDT / PCDOB / PT / PV / PSOL / REDE,,13,PT,PARTIDO DOS TRABALHADORES,101,13,280002542548,LUIZ INÁCIO LULA DA SILVA,LULA,06/10/1945,2,Válido,nao,,2448,62.23,62.226741230,GERALDO JOSE RODRIGUES ALCKMIN FILHO,GERALDO ALCKMIN,PSB,v,,,,,04/10/2026 19:24:42,sim
1,04/10/2026,6257,Presidente,1,municipio,PB,19747,2512721,PEDRO RÉGIS,,,,,DEMOCRACIA CRISTÃ,i,DC,0,27,DC,DEMOCRACIA CRISTÃ,,27,280002552484,CLARIANA ZACARKIM BARAO,CLARIANA BARAO,03/04/1987,9,Válido,nao,,1,0.03,0.025419420,FABIANA CRISTINA TAVARES TORQUATO,FABIANA TORQUATO,DC,v,,,,,04/10/2026 19:24:42,sim
1,04/10/2026,6257,Presidente,1,municipio,PB,19747,2512721,PEDRO RÉGIS,,,,,PARTIDO COMUNISTA BRASILEIRO,i,PCB,0,21,PCB,PARTIDO COMUNISTA BRASILEIRO,,21,280002551975,EDMILSON SILVA COSTA,EDMILSON COSTA,08/04/1950,10,Válido,nao,,1,0.03,0.025419420,CLEUSA DOS SANTOS,CLEUSA SANTOS,PCB,v,,,,,04/10/2026 19:24:42,sim
1,04/10/2026,6257,Presidente,1,municipio,PB,19747,2512721,PEDRO RÉGIS,,,,,PARTIDO SOCIALISTA  DOS TRABALHADORES UNIFICADO,i,PSTU,0,16,PSTU,PARTIDO SOCIALISTA  DOS TRABALHADORES UNIFICADO,,16,280002541457,HERTZ DA CONCEICAO DIAS,HERTZ DIAS,20/10/1970,8,Válido,nao,,1,0.03,0.025419420,VANESSA PORTUGAL BARBOSA,VANESSA PORTUGAL,PSTU,v,,,,,04/10/2026 19:24:42,sim
1,04/10/2026,6257,Presidente,1,municipio,PB,19747,2512721,PEDRO RÉGIS,,,,,BRASIL DOS NOSSOS SONHOS,c,AGIR / AVANTE,,70,AVANTE,AVANTE,,70,280002551547,AUGUSTO JORGE CURY,ESCRITOR AUGUSTO CURY,02/10/1958,3,Válido,nao,,126,3.20,3.202846975,JULIO CESAR DELGADO,JÚLIO DELGADO,AVANTE,v,,,,,04/10/2026 19:24:42,sim
1,04/10/2026,6257,Presidente,1,municipio,PB,19747,2512721,PEDRO RÉGIS,,,,,PARTIDO NOVO,i,NOVO,0,30,NOVO,PARTIDO NOVO,,30,280002539826,ROMEU ZEMA NETO,ZEMA,28/10/1964,6,Válido,nao,,0,0.00,0,LUIS EDUARDO GRANGEIRO GIRÃO,EDUARDO GIRÃO,NOVO,v,,,,,04/10/2026 19:24:42,sim
1,04/10/2026,6257,Presidente,1,municipio,PB,19747,2512721,PEDRO RÉGIS,,,,,UNIDADE POPULAR,i,UP,0,80,UP,UNIDADE POPULAR,,80,280002538811,SAMARA MARTINS DA SILVA FEITOSA,SAMARA,31/08/1987,7,Válido,nao,,1,0.03,0.025419420,RAQUEL NONATO DE BRICIO,RAQUEL BRÍCIO,UP,v,,,,,04/10/2026 19:24:42,sim
1,04/10/2026,6257,Presidente,1,municipio,PB,19747,2512721,PEDRO RÉGIS,,,,,DEMOCRATA,i,DEMOCRATA,0,35,DEMOCRATA,DEMOCRATA,,35,280002548139,WILSON GRASSI JUNIOR,VETERINÁRIO WILSON GRASSI,13/03/1970,11,Válido,nao,,0,0.00,0,SUÊD HAIDAR NOGUEIRA,SUÊD HAIDAR,DEMOCRATA,v,,,,,04/10/2026 19:24:42,sim
1,04/10/2026,6257,Presidente,1,municipio,PB,19747,2512721,PEDRO RÉGIS,,,,,PARTIDO MISSÃO,i,MISSÃO,0,14,MISSÃO,PARTIDO MISSÃO,,14,280002540694,RENAN ANTONIO FERREIRA DOS SANTOS,RENAN SANTOS,14/02/1984,4,Válido,nao,,49,1.25,1.245551601,AROLDO MEDINA,CORONEL MEDINA,MISSÃO,v,,,,,04/10/2026 19:24:42,sim
1,04/10/2026,6257,Presidente,1,municipio,PB,19747,2512721,PEDRO RÉGIS,,,,,PARTIDO DA CAUSA OPERÁRIA,i,PCO,0,29,PCO,PARTIDO DA CAUSA OPERÁRIA,,29,280002552487,RUI COSTA PIMENTA,RUI COSTA PIMENTA,25/06/1957,12,Válido,nao,,0,0.00,0,ANTONIO CARLOS SILVA,ANTÔNIO CARLOS,PCO,v,,,,,04/10/2026 19:24:42,sim
1,04/10/2026,6257,Presidente,1,municipio,PB,19755,2503704,CAJAZEIRAS,,,,,PARTIDO LIBERAL,i,PL,0,22,PL,PARTIDO LIBERAL,,22,280002551544,FLAVIO NANTES BOLSONARO,FLAVIO BOLSONARO,30/04/1981,1,Válido,nao,,7508,19.92,19.918817818,ALFREDO GASPAR DE MENDONÇA NETO,ALFREDO GASPAR,PL,v,,,,,04/10/2026 19:25:10,sim
1,04/10/2026,6257,Presidente,1,municipio,PB,19755,2503704,CAJAZEIRAS,,,,,PARTIDO SOCIAL DEMOCRÁTICO,i,PSD,0,55,PSD,PARTIDO SOCIAL DEMOCRÁTICO,,55,280002551932,RONALDO RAMOS CAIADO,RONALDO CAIADO,25/09/1949,5,Válido,nao,,217,0.58,0.575703712,GILBERTO KASSAB,GILBERTO KASSAB,PSD,v,,,,,04/10/2026 19:25:10,sim
1,04/10/2026,6257,Presidente,1,municipio,PB,19755,2503704,CAJAZEIRAS,,PT/PC do B/PV,FEDERAÇÃO BRASIL DA ESPERANÇA - FE BRASIL,PT/PC do B/PV,BRASIL PRONTO PRA MAIS,c,PSB / PDT / PCDOB / PT / PV / PSOL / REDE,,13,PT,PARTIDO DOS TRABALHADORES,101,13,280002542548,LUIZ INÁCIO LULA DA SILVA,LULA,06/10/1945,2,Válido,nao,,28253,74.96,74.955562041,GERALDO JOSE RODRIGUES ALCKMIN FILHO,GERALDO ALCKMIN,PSB,v,,,,,04/10/2026 19:25:10,sim
1,04/10/2026,6257,Presidente,1,municipio,PB,19755,2503704,CAJAZEIRAS,,,,,DEMOCRACIA CRISTÃ,i,DC,0,27,DC,DEMOCRACIA CRISTÃ,,27,280002552484,CLARIANA ZACARKIM BARAO,CLARIANA BARAO,03/04/1987,9,Válido,nao,,8,0.02,0.021224100,FABIANA CRISTINA TAVARES TORQUATO,FABIANA TORQUATO,DC,v,,,,,04/10/2026 19:25:10,sim
1,04/10/2026,6257,Presidente,1,municipio,PB,19755,2503704,CAJAZEIRAS,,,,,PARTIDO COMUNISTA BRASILEIRO,i,PCB,0,21,PCB,PARTIDO COMUNISTA BRASILEIRO,,21,280002551975,EDMILSON SILVA COSTA,EDMILSON COSTA,08/04/1950,10,Válido,nao,,3,0.01,0.007959037,CLEUSA DOS SANTOS,CLEUSA SANTOS,PCB,v,,,,,04/10/2026 19:25:10,sim
1,04/10/2026,6257,Presidente,1,municipio,PB,19755,2503704,CAJAZEIRAS,,,,,PARTIDO SOCIALISTA  DOS TRABALHADORES UNIFICADO,i,PSTU,0,16,PSTU,PARTIDO SOCIALISTA  DOS TRABALHADORES UNIFICADO,,16,280002541457,HERTZ DA CONCEICAO DIAS,HERTZ DIAS,20/10/1970,8,Válido,nao,,6,0.02,0.015918075,VANESSA PORTUGAL BARBOSA,VANESSA PORTUGAL,PSTU,v,,,,,04/10/2026 19:25:10,sim
1,04/10/2026,6257,Presidente,1,municipio,PB,19755,2503704,CAJAZEIRAS,,,,,BRASIL DOS NOSSOS SONHOS,c,AGIR / AVANTE,,70,AVANTE,AVANTE,,70,280002551547,AUGUSTO JORGE CURY,ESCRITOR AUGUSTO CURY,02/10/1958,3,Válido,nao,,913,2.42,2.422200409,JULIO CESAR DELGADO,JÚLIO DELGADO,AVANTE,v,,,,,04/10/2026 19:25:10,sim
1,04/10/2026,6257,Presidente,1,municipio,PB,19755,2503704,CAJAZEIRAS,,,,,PARTIDO NOVO,i,NOVO,0,30,NOVO,PARTIDO NOVO,,30,280002539826,ROMEU ZEMA NETO,ZEMA,28/10/1964,6,Válido,nao,,18,0.05,0.047754225,LUIS EDUARDO GRANGEIRO GIRÃO,EDUARDO GIRÃO,NOVO,v,,,,,04/10/2026 19:25:10,sim
1,04/10/2026,6257,Presidente,1,municipio,PB,19755,2503704,CAJAZEIRAS,,,,,UNIDADE POPULAR,i,UP,0,80,UP,UNIDADE POPULAR,,80,280002538811,SAMARA MARTINS DA SILVA FEITOSA,SAMARA,31/08/1987,7,Válido,nao,,14,0.04,0.037142175,RAQUEL NONATO DE BRICIO,RAQUEL BRÍCIO,UP,v,,,,,04/10/2026 19:25:10,sim
1,04/10/2026,6257,Presidente,1,municipio,PB,19755,2503704,CAJAZEIRAS,,,,,DEMOCRATA,i,DEMOCRATA,0,35,DEMOCRATA,DEMOCRATA,,35,280002548139,WILSON GRASSI JUNIOR,VETERINÁRIO WILSON GRASSI,13/03/1970,11,Válido,nao,,2,0.01,0.005306025,SUÊD HAIDAR NOGUEIRA,SUÊD HAIDAR,DEMOCRATA,v,,,,,04/10/2026 19:25:10,sim
1,04/10/2026,6257,Presidente,1,municipio,PB,19755,2503704,CAJAZEIRAS,,,,,PARTIDO MISSÃO,i,MISSÃO,0,14,MISSÃO,PARTIDO MISSÃO,,14,280002540694,RENAN ANTONIO FERREIRA DOS SANTOS,RENAN SANTOS,14/02/1984,4,Válido,nao,,746,1.98,1.979147322,AROLDO MEDINA,CORONEL MEDINA,MISSÃO,v,,,,,04/10/2026 19:25:10,sim
1,04/10/2026,6257,Presidente,1,municipio,PB,19755,2503704,CAJAZEIRAS,,,,,PARTIDO DA CAUSA OPERÁRIA,i,PCO,0,29,PCO,PARTIDO DA CAUSA OPERÁRIA,,29,280002552487,RUI COSTA PIMENTA,RUI COSTA PIMENTA,25/06/1957,12,Válido,nao,,5,0.01,0.013265062,ANTONIO CARLOS SILVA,ANTÔNIO CARLOS,PCO,v,,,,,04/10/2026 19:25:10,sim
1,04/10/2026,6257,Presidente,1,municipio,PB,19763,2500536,ALCANTIL,,,,,PARTIDO LIBERAL,i,PL,0,22,PL,PARTIDO LIBERAL,,22,280002551544,FLAVIO NANTES BOLSONARO,FLAVIO BOLSONARO,30/04/1981,1,Válido,nao,,1483,36.79,36.789878442,ALFREDO GASPAR DE MENDONÇA NETO,ALFREDO GASPAR,PL,v,,,,,04/10/2026 19:04:14,sim
1,04/10/2026,6257,Presidente,1,municipio,PB,19763,2500536,ALCANTIL,,,,,PARTIDO SOCIAL DEMOCRÁTICO,i,PSD,0,55,PSD,PARTIDO SOCIAL DEMOCRÁTICO,,55,280002551932,RONALDO RAMOS CAIADO,RONALDO CAIADO,25/09/1949,4,Válido,nao,,42,1.04,1.041925081,GILBERTO KASSAB,GILBERTO KASSAB,PSD,v,,,,,04/10/2026 19:04:14,sim
1,04/10/2026,6257,Presidente,1,municipio,PB,19763,2500536,ALCANTIL,,PT/PC do B/PV,FEDERAÇÃO BRASIL DA ESPERANÇA - FE BRASIL,PT/PC do B/PV,BRASIL PRONTO PRA MAIS,c,PSB / PDT / PCDOB / PT / PV / PSOL / REDE,,13,PT,PARTIDO DOS TRABALHADORES,101,13,280002542548,LUIZ INÁCIO LULA DA SILVA,LULA,06/10/1945,2,Válido,nao,,2293,56.88,56.884147854,GERALDO JOSE RODRIGUES ALCKMIN FILHO,GERALDO ALCKMIN,PSB,v,,,,,04/10/2026 19:04:14,sim
1,04/10/2026,6257,Presidente,1,municipio,PB,19763,2500536,ALCANTIL,,,,,DEMOCRACIA CRISTÃ,i,DC,0,27,DC,DEMOCRACIA CRISTÃ,,27,280002552484,CLARIANA ZACARKIM BARAO,CLARIANA BARAO,03/04/1987,9,Válido,nao,,0,0.00,0,FABIANA CRISTINA TAVARES TORQUATO,FABIANA TORQUATO,DC,v,,,,,04/10/2026 19:04:14,sim
1,04/10/2026,6257,Presidente,1,municipio,PB,19763,2500536,ALCANTIL,,,,,PARTIDO COMUNISTA BRASILEIRO,i,PCB,0,21,PCB,PARTIDO COMUNISTA BRASILEIRO,,21,280002551975,EDMILSON SILVA COSTA,EDMILSON COSTA,08/04/1950,10,Válido,nao,,2,0.05,0.049615480,CLEUSA DOS SANTOS,CLEUSA SANTOS,PCB,v,,,,,04/10/2026 19:04:14,sim
1,04/10/2026,6257,Presidente,1,municipio,PB,19763,2500536,ALCANTIL,,,,,PARTIDO SOCIALISTA  DOS TRABALHADORES UNIFICADO,i,PSTU,0,16,PSTU,PARTIDO SOCIALISTA  DOS TRABALHADORES UNIFICADO,,16,280002541457,HERTZ DA CONCEICAO DIAS,HERTZ DIAS,20/10/1970,8,Válido,nao,,1,0.02,0.024807740,VANESSA PORTUGAL BARBOSA,VANESSA PORTUGAL,PSTU,v,,,,,04/10/2026 19:04:14,sim
1,04/10/2026,6257,Presidente,1,municipio,PB,19763,2500536,ALCANTIL,,,,,BRASIL DOS NOSSOS SONHOS,c,AGIR / AVANTE,,70,AVANTE,AVANTE,,70,280002551547,AUGUSTO JORGE CURY,ESCRITOR AUGUSTO CURY,02/10/1958,3,Válido,nao,,139,3.45,3.448275862,JULIO CESAR DELGADO,JÚLIO DELGADO,AVANTE,v,,,,,04/10/2026 19:04:14,sim
1,04/10/2026,6257,Presidente,1,municipio,PB,19763,2500536,ALCANTIL,,,,,PARTIDO NOVO,i,NOVO,0,30,NOVO,PARTIDO NOVO,,30,280002539826,ROMEU ZEMA NETO,ZEMA,28/10/1964,6,Válido,nao,,3,0.07,0.074423220,LUIS EDUARDO GRANGEIRO GIRÃO,EDUARDO GIRÃO,NOVO,v,,,,,04/10/2026 19:04:14,sim
1,04/10/2026,6257,Presidente,1,municipio,PB,19763,2500536,ALCANTIL,,,,,UNIDADE POPULAR,i,UP,0,80,UP,UNIDADE POPULAR,,80,280002538811,SAMARA MARTINS DA SILVA FEITOSA,SAMARA,31/08/1987,7,Válido,nao,,2,0.05,0.049615480,RAQUEL NONATO DE BRICIO,RAQUEL BRÍCIO,UP,v,,,,,04/10/2026 19:04:14,sim
1,04/10/2026,6257,Presidente,1,municipio,PB,19763,2500536,ALCANTIL,,,,,DEMOCRATA,i,DEMOCRATA,0,35,DEMOCRATA,DEMOCRATA,,35,280002548139,WILSON GRASSI JUNIOR,VETERINÁRIO WILSON GRASSI,13/03/1970,11,Válido,nao,,0,0.00,0,SUÊD HAIDAR NOGUEIRA,SUÊD HAIDAR,DEMOCRATA,v,,,,,04/10/2026 19:04:14,sim
1,04/10/2026,6257,Presidente,1,municipio,PB,19763,2500536,ALCANTIL,,,,,PARTIDO MISSÃO,i,MISSÃO,0,14,MISSÃO,PARTIDO MISSÃO,,14,280002540694,RENAN ANTONIO FERREIRA DOS SANTOS,RENAN SANTOS,14/02/1984,5,Válido,nao,,66,1.64,1.637310841,AROLDO MEDINA,CORONEL MEDINA,MISSÃO,v,,,,,04/10/2026 19:04:14,sim
1,04/10/2026,6257,Presidente,1,municipio,PB,19763,2500536,ALCANTIL,,,,,PARTIDO DA CAUSA OPERÁRIA,i,PCO,0,29,PCO,PARTIDO DA CAUSA OPERÁRIA,,29,280002552487,RUI COSTA PIMENTA,RUI COSTA PIMENTA,25/06/1957,12,Válido,nao,,0,0.00,0,ANTONIO CARLOS SILVA,ANTÔNIO CARLOS,PCO,v,,,,,04/10/2026 19:04:14,sim
1,04/10/2026,6257,Presidente,1,municipio,PB,19771,2503803,CALDAS BRANDÃO,,,,,PARTIDO LIBERAL,i,PL,0,22,PL,PARTIDO LIBERAL,,22,280002551544,FLAVIO NANTES BOLSONARO,FLAVIO BOLSONARO,30/04/1981,1,Válido,nao,,1126,26.31,26.308411215,ALFREDO GASPAR DE MENDONÇA NETO,ALFREDO GASPAR,PL,v,,,,,04/10/2026 20:16:00,sim
1,04/10/2026,6257,Presidente,1,municipio,PB,19771,2503803,CALDAS BRANDÃO,,,,,PARTIDO SOCIAL DEMOCRÁTICO,i,PSD,0,55,PSD,PARTIDO SOCIAL DEMOCRÁTICO,,55,280002551932,RONALDO RAMOS CAIADO,RONALDO CAIADO,25/09/1949,5,Válido,nao,,16,0.37,0.373831776,GILBERTO KASSAB,GILBERTO KASSAB,PSD,v,,,,,04/10/2026 20:16:00,sim
1,04/10/2026,6257,Presidente,1,municipio,PB,19771,2503803,CALDAS BRANDÃO,,PT/PC do B/PV,FEDERAÇÃO BRASIL DA ESPERANÇA - FE BRASIL,PT/PC do B/PV,BRASIL PRONTO PRA MAIS,c,PSB / PDT / PCDOB / PT / PV / PSOL / REDE,,13,PT,PARTIDO DOS TRABALHADORES,101,13,280002542548,LUIZ INÁCIO LULA DA SILVA,LULA,06/10/1945,2,Válido,nao,,3004,70.19,70.186915888,GERALDO JOSE RODRIGUES ALCKMIN FILHO,GERALDO ALCKMIN,PSB,v,,,,,04/10/2026 20:16:00,sim
1,04/10/2026,6257,Presidente,1,municipio,PB,19771,2503803,CALDAS BRANDÃO,,,,,DEMOCRACIA CRISTÃ,i,DC,0,27,DC,DEMOCRACIA CRISTÃ,,27,280002552484,CLARIANA ZACARKIM BARAO,CLARIANA BARAO,03/04/1987,9,Válido,nao,,0,0.00,0,FABIANA CRISTINA TAVARES TORQUATO,FABIANA TORQUATO,DC,v,,,,,04/10/2026 20:16:00,sim
1,04/10/2026,6257,Presidente,1,municipio,PB,19771,2503803,CALDAS BRANDÃO,,,,,PARTIDO COMUNISTA BRASILEIRO,i,PCB,0,21,PCB,PARTIDO COMUNISTA BRASILEIRO,,21,280002551975,EDMILSON SILVA COSTA,EDMILSON COSTA,08/04/1950,10,Válido,nao,,0,0.00,0,CLEUSA DOS SANTOS,CLEUSA SANTOS,PCB,v,,,,,04/10/2026 20:16:00,sim
1,04/10/2026,6257,Presidente,1,municipio,PB,19771,2503803,CALDAS BRANDÃO,,,,,PARTIDO SOCIALISTA  DOS TRABALHADORES UNIFICADO,i,PSTU,0,16,PSTU,PARTIDO SOCIALISTA  DOS TRABALHADORES UNIFICADO,,16,280002541457,HERTZ DA CONCEICAO DIAS,HERTZ DIAS,20/10/1970,8,Válido,nao,,0,0.00,0,VANESSA PORTUGAL BARBOSA,VANESSA PORTUGAL,PSTU,v,,,,,04/10/2026 20:16:00,sim
1,04/10/2026,6257,Presidente,1,municipio,PB,19771,2503803,CALDAS BRANDÃO,,,,,BRASIL DOS NOSSOS SONHOS,c,AGIR / AVANTE,,70,AVANTE,AVANTE,,70,280002551547,AUGUSTO JORGE CURY,ESCRITOR AUGUSTO CURY,02/10/1958,3,Válido,nao,,82,1.92,1.915887850,JULIO CESAR DELGADO,JÚLIO DELGADO,AVANTE,v,,,,,04/10/2026 20:16:00,sim
1,04/10/2026,6257,Presidente,1,municipio,PB,19771,2503803,CALDAS BRANDÃO,,,,,PARTIDO NOVO,i,NOVO,0,30,NOVO,PARTIDO NOVO,,30,280002539826,ROMEU ZEMA NETO,ZEMA,28/10/1964,6,Válido,nao,,0,0.00,0,LUIS EDUARDO GRANGEIRO GIRÃO,EDUARDO GIRÃO,NOVO,v,,,,,04/10/2026 20:16:00,sim
1,04/10/2026,6257,Presidente,1,municipio,PB,19771,2503803,CALDAS BRANDÃO,,,,,UNIDADE POPULAR,i,UP,0,80,UP,UNIDADE POPULAR,,80,280002538811,SAMARA MARTINS DA SILVA FEITOSA,SAMARA,31/08/1987,7,Válido,nao,,1,0.02,0.023364486,RAQUEL NONATO DE BRICIO,RAQUEL BRÍCIO,UP,v,,,,,04/10/2026 20:16:00,sim
1,04/10/2026,6257,Presidente,1,municipio,PB,19771,2503803,CALDAS BRANDÃO,,,,,DEMOCRATA,i,DEMOCRATA,0,35,DEMOCRATA,DEMOCRATA,,35,280002548139,WILSON GRASSI JUNIOR,VETERINÁRIO WILSON GRASSI,13/03/1970,11,Válido,nao,,0,0.00,0,SUÊD HAIDAR NOGUEIRA,SUÊD HAIDAR,DEMOCRATA,v,,,,,04/10/2026 20:16:00,sim
1,04/10/2026,6257,Presidente,1,municipio,PB,19771,2503803,CALDAS BRANDÃO,,,,,PARTIDO MISSÃO,i,MISSÃO,0,14,MISSÃO,PARTIDO MISSÃO,,14,280002540694,RENAN ANTONIO FERREIRA DOS SANTOS,RENAN SANTOS,14/02/1984,4,Válido,nao,,51,1.19,1.191588785,AROLDO MEDINA,CORONEL MEDINA,MISSÃO,v,,,,,04/10/2026 20:16:00,sim
1,04/10/2026,6257,Presidente,1,municipio,PB,19771,2503803,CALDAS BRANDÃO,,,,,PARTIDO DA CAUSA OPERÁRIA,i,PCO,0,29,PCO,PARTIDO DA CAUSA OPERÁRIA,,29,280002552487,RUI COSTA PIMENTA,RUI COSTA PIMENTA,25/06/1957,12,Válido,nao,,0,0.00,0,ANTONIO CARLOS SILVA,ANTÔNIO CARLOS,PCO,v,,,,,04/10/2026 20:16:00,sim
1,04/10/2026,6257,Presidente,1,municipio,PB,19780,2501575,BARRA DE SANTANA,,,,,PARTIDO LIBERAL,i,PL,0,22,PL,PARTIDO LIBERAL,,22,280002551544,FLAVIO NANTES BOLSONARO,FLAVIO BOLSONARO,30/04/1981,1,Válido,nao,,1568,25.98,25.981772991,ALFREDO GASPAR DE MENDONÇA NETO,ALFREDO GASPAR,PL,v,,,,,04/10/2026 19:20:57,sim
1,04/10/2026,6257,Presidente,1,municipio,PB,19780,2501575,BARRA DE SANTANA,,,,,PARTIDO SOCIAL DEMOCRÁTICO,i,PSD,0,55,PSD,PARTIDO SOCIAL DEMOCRÁTICO,,55,280002551932,RONALDO RAMOS CAIADO,RONALDO CAIADO,25/09/1949,5,Válido,nao,,48,0.80,0.795360398,GILBERTO KASSAB,GILBERTO KASSAB,PSD,v,,,,,04/10/2026 19:20:57,sim
1,04/10/2026,6257,Presidente,1,municipio,PB,19780,2501575,BARRA DE SANTANA,,PT/PC do B/PV,FEDERAÇÃO BRASIL DA ESPERANÇA - FE BRASIL,PT/PC do B/PV,BRASIL PRONTO PRA MAIS,c,PSB / PDT / PCDOB / PT / PV / PSOL / REDE,,13,PT,PARTIDO DOS TRABALHADORES,101,13,280002542548,LUIZ INÁCIO LULA DA SILVA,LULA,06/10/1945,2,Válido,nao,,4182,69.30,69.295774648,GERALDO JOSE RODRIGUES ALCKMIN FILHO,GERALDO ALCKMIN,PSB,v,,,,,04/10/2026 19:20:57,sim
1,04/10/2026,6257,Presidente,1,municipio,PB,19780,2501575,BARRA DE SANTANA,,,,,DEMOCRACIA CRISTÃ,i,DC,0,27,DC,DEMOCRACIA CRISTÃ,,27,280002552484,CLARIANA ZACARKIM BARAO,CLARIANA BARAO,03/04/1987,9,Válido,nao,,1,0.02,0.016570008,FABIANA CRISTINA TAVARES TORQUATO,FABIANA TORQUATO,DC,v,,,,,04/10/2026 19:20:57,sim
1,04/10/2026,6257,Presidente,1,municipio,PB,19780,2501575,BARRA DE SANTANA,,,,,PARTIDO COMUNISTA BRASILEIRO,i,PCB,0,21,PCB,PARTIDO COMUNISTA BRASILEIRO,,21,280002551975,EDMILSON SILVA COSTA,EDMILSON COSTA,08/04/1950,10,Válido,nao,,2,0.03,0.033140017,CLEUSA DOS SANTOS,CLEUSA SANTOS,PCB,v,,,,,04/10/2026 19:20:57,sim
1,04/10/2026,6257,Presidente,1,municipio,PB,19780,2501575,BARRA DE SANTANA,,,,,PARTIDO SOCIALISTA  DOS TRABALHADORES UNIFICADO,i,PSTU,0,16,PSTU,PARTIDO SOCIALISTA  DOS TRABALHADORES UNIFICADO,,16,280002541457,HERTZ DA CONCEICAO DIAS,HERTZ DIAS,20/10/1970,8,Válido,nao,,2,0.03,0.033140017,VANESSA PORTUGAL BARBOSA,VANESSA PORTUGAL,PSTU,v,,,,,04/10/2026 19:20:57,sim
1,04/10/2026,6257,Presidente,1,municipio,PB,19780,2501575,BARRA DE SANTANA,,,,,BRASIL DOS NOSSOS SONHOS,c,AGIR / AVANTE,,70,AVANTE,AVANTE,,70,280002551547,AUGUSTO JORGE CURY,ESCRITOR AUGUSTO CURY,02/10/1958,3,Válido,nao,,145,2.40,2.402651201,JULIO CESAR DELGADO,JÚLIO DELGADO,AVANTE,v,,,,,04/10/2026 19:20:57,sim
1,04/10/2026,6257,Presidente,1,municipio,PB,19780,2501575,BARRA DE SANTANA,,,,,PARTIDO NOVO,i,NOVO,0,30,NOVO,PARTIDO NOVO,,30,280002539826,ROMEU ZEMA NETO,ZEMA,28/10/1964,6,Válido,nao,,5,0.08,0.082850041,LUIS EDUARDO GRANGEIRO GIRÃO,EDUARDO GIRÃO,NOVO,v,,,,,04/10/2026 19:20:57,sim
1,04/10/2026,6257,Presidente,1,municipio,PB,19780,2501575,BARRA DE SANTANA,,,,,UNIDADE POPULAR,i,UP,0,80,UP,UNIDADE POPULAR,,80,280002538811,SAMARA MARTINS DA SILVA FEITOSA,SAMARA,31/08/1987,7,Válido,nao,,3,0.05,0.049710025,RAQUEL NONATO DE BRICIO,RAQUEL BRÍCIO,UP,v,,,,,04/10/2026 19:20:57,sim
1,04/10/2026,6257,Presidente,1,municipio,PB,19780,2501575,BARRA DE SANTANA,,,,,DEMOCRATA,i,DEMOCRATA,0,35,DEMOCRATA,DEMOCRATA,,35,280002548139,WILSON GRASSI JUNIOR,VETERINÁRIO WILSON GRASSI,13/03/1970,11,Válido,nao,,0,0.00,0,SUÊD HAIDAR NOGUEIRA,SUÊD HAIDAR,DEMOCRATA,v,,,,,04/10/2026 19:20:57,sim
1,04/10/2026,6257,Presidente,1,municipio,PB,19780,2501575,BARRA DE SANTANA,,,,,PARTIDO MISSÃO,i,MISSÃO,0,14,MISSÃO,PARTIDO MISSÃO,,14,280002540694,RENAN ANTONIO FERREIRA DOS SANTOS,RENAN SANTOS,14/02/1984,4,Válido,nao,,78,1.29,1.292460646,AROLDO MEDINA,CORONEL MEDINA,MISSÃO,v,,,,,04/10/2026 19:20:57,sim
1,04/10/2026,6257,Presidente,1,municipio,PB,19780,2501575,BARRA DE SANTANA,,,,,PARTIDO DA CAUSA OPERÁRIA,i,PCO,0,29,PCO,PARTIDO DA CAUSA OPERÁRIA,,29,280002552487,RUI COSTA PIMENTA,RUI COSTA PIMENTA,25/06/1957,12,Válido,nao,,1,0.02,0.016570008,ANTONIO CARLOS SILVA,ANTÔNIO CARLOS,PCO,v,,,,,04/10/2026 19:20:57,sim
1,04/10/2026,6257,Presidente,1,municipio,PB,19798,2503902,CAMALAÚ,,,,,PARTIDO LIBERAL,i,PL,0,22,PL,PARTIDO LIBERAL,,22,280002551544,FLAVIO NANTES BOLSONARO,FLAVIO BOLSONARO,30/04/1981,1,Válido,nao,,588,11.98,11.982881598,ALFREDO GASPAR DE MENDONÇA NETO,ALFREDO GASPAR,PL,v,,,,,04/10/2026 22:13:41,sim
1,04/10/2026,6257,Presidente,1,municipio,PB,19798,2503902,CAMALAÚ,,,,,PARTIDO SOCIAL DEMOCRÁTICO,i,PSD,0,55,PSD,PARTIDO SOCIAL DEMOCRÁTICO,,55,280002551932,RONALDO RAMOS CAIADO,RONALDO CAIADO,25/09/1949,5,Válido,nao,,13,0.26,0.264927654,GILBERTO KASSAB,GILBERTO KASSAB,PSD,v,,,,,04/10/2026 22:13:41,sim
1,04/10/2026,6257,Presidente,1,municipio,PB,19798,2503902,CAMALAÚ,,PT/PC do B/PV,FEDERAÇÃO BRASIL DA ESPERANÇA - FE BRASIL,PT/PC do B/PV,BRASIL PRONTO PRA MAIS,c,PSB / PDT / PCDOB / PT / PV / PSOL / REDE,,13,PT,PARTIDO DOS TRABALHADORES,101,13,280002542548,LUIZ INÁCIO LULA DA SILVA,LULA,06/10/1945,2,Válido,nao,,4206,85.71,85.714285714,GERALDO JOSE RODRIGUES ALCKMIN FILHO,GERALDO ALCKMIN,PSB,v,,,,,04/10/2026 22:13:41,sim
1,04/10/2026,6257,Presidente,1,municipio,PB,19798,2503902,CAMALAÚ,,,,,DEMOCRACIA CRISTÃ,i,DC,0,27,DC,DEMOCRACIA CRISTÃ,,27,280002552484,CLARIANA ZACARKIM BARAO,CLARIANA BARAO,03/04/1987,9,Válido,nao,,0,0.00,0,FABIANA CRISTINA TAVARES TORQUATO,FABIANA TORQUATO,DC,v,,,,,04/10/2026 22:13:41,sim
1,04/10/2026,6257,Presidente,1,municipio,PB,19798,2503902,CAMALAÚ,,,,,PARTIDO COMUNISTA BRASILEIRO,i,PCB,0,21,PCB,PARTIDO COMUNISTA BRASILEIRO,,21,280002551975,EDMILSON SILVA COSTA,EDMILSON COSTA,08/04/1950,10,Válido,nao,,1,0.02,0.020379050,CLEUSA DOS SANTOS,CLEUSA SANTOS,PCB,v,,,,,04/10/2026 22:13:41,sim
1,04/10/2026,6257,Presidente,1,municipio,PB,19798,2503902,CAMALAÚ,,,,,PARTIDO SOCIALISTA  DOS TRABALHADORES UNIFICADO,i,PSTU,0,16,PSTU,PARTIDO SOCIALISTA  DOS TRABALHADORES UNIFICADO,,16,280002541457,HERTZ DA CONCEICAO DIAS,HERTZ DIAS,20/10/1970,8,Válido,nao,,0,0.00,0,VANESSA PORTUGAL BARBOSA,VANESSA PORTUGAL,PSTU,v,,,,,04/10/2026 22:13:41,sim
1,04/10/2026,6257,Presidente,1,municipio,PB,19798,2503902,CAMALAÚ,,,,,BRASIL DOS NOSSOS SONHOS,c,AGIR / AVANTE,,70,AVANTE,AVANTE,,70,280002551547,AUGUSTO JORGE CURY,ESCRITOR AUGUSTO CURY,02/10/1958,3,Válido,nao,,58,1.18,1.181984920,JULIO CESAR DELGADO,JÚLIO DELGADO,AVANTE,v,,,,,04/10/2026 22:13:41,sim
1,04/10/2026,6257,Presidente,1,municipio,PB,19798,2503902,CAMALAÚ,,,,,PARTIDO NOVO,i,NOVO,0,30,NOVO,PARTIDO NOVO,,30,280002539826,ROMEU ZEMA NETO,ZEMA,28/10/1964,6,Válido,nao,,4,0.08,0.081516201,LUIS EDUARDO GRANGEIRO GIRÃO,EDUARDO GIRÃO,NOVO,v,,,,,04/10/2026 22:13:41,sim
1,04/10/2026,6257,Presidente,1,municipio,PB,19798,2503902,CAMALAÚ,,,,,UNIDADE POPULAR,i,UP,0,80,UP,UNIDADE POPULAR,,80,280002538811,SAMARA MARTINS DA SILVA FEITOSA,SAMARA,31/08/1987,7,Válido,nao,,1,0.02,0.020379050,RAQUEL NONATO DE BRICIO,RAQUEL BRÍCIO,UP,v,,,,,04/10/2026 22:13:41,sim
1,04/10/2026,6257,Presidente,1,municipio,PB,19798,2503902,CAMALAÚ,,,,,DEMOCRATA,i,DEMOCRATA,0,35,DEMOCRATA,DEMOCRATA,,35,280002548139,WILSON GRASSI JUNIOR,VETERINÁRIO WILSON GRASSI,13/03/1970,11,Válido,nao,,0,0.00,0,SUÊD HAIDAR NOGUEIRA,SUÊD HAIDAR,DEMOCRATA,v,,,,,04/10/2026 22:13:41,sim
1,04/10/2026,6257,Presidente,1,municipio,PB,19798,2503902,CAMALAÚ,,,,,PARTIDO MISSÃO,i,MISSÃO,0,14,MISSÃO,PARTIDO MISSÃO,,14,280002540694,RENAN ANTONIO FERREIRA DOS SANTOS,RENAN SANTOS,14/02/1984,4,Válido,nao,,36,0.73,0.733645812,AROLDO MEDINA,CORONEL MEDINA,MISSÃO,v,,,,,04/10/2026 22:13:41,sim
1,04/10/2026,6257,Presidente,1,municipio,PB,19798,2503902,CAMALAÚ,,,,,PARTIDO DA CAUSA OPERÁRIA,i,PCO,0,29,PCO,PARTIDO DA CAUSA OPERÁRIA,,29,280002552487,RUI COSTA PIMENTA,RUI COSTA PIMENTA,25/06/1957,12,Válido,nao,,0,0.00,0,ANTONIO CARLOS SILVA,ANTÔNIO CARLOS,PCO,v,,,,,04/10/2026 22:13:41,sim
1,04/10/2026,6257,Presidente,1,municipio,PB,19801,2504355,CATURITÉ,,,,,PARTIDO LIBERAL,i,PL,0,22,PL,PARTIDO LIBERAL,,22,280002551544,FLAVIO NANTES BOLSONARO,FLAVIO BOLSONARO,30/04/1981,1,Válido,nao,,1030,23.33,23.334843679,ALFREDO GASPAR DE MENDONÇA NETO,ALFREDO GASPAR,PL,v,,,,,04/10/2026 18:32:15,sim
1,04/10/2026,6257,Presidente,1,municipio,PB,19801,2504355,CATURITÉ,,,,,PARTIDO SOCIAL DEMOCRÁTICO,i,PSD,0,55,PSD,PARTIDO SOCIAL DEMOCRÁTICO,,55,280002551932,RONALDO RAMOS CAIADO,RONALDO CAIADO,25/09/1949,4,Válido,nao,,37,0.84,0.838241957,GILBERTO KASSAB,GILBERTO KASSAB,PSD,v,,,,,04/10/2026 18:32:15,sim
1,04/10/2026,6257,Presidente,1,municipio,PB,19801,2504355,CATURITÉ,,PT/PC do B/PV,FEDERAÇÃO BRASIL DA ESPERANÇA - FE BRASIL,PT/PC do B/PV,BRASIL PRONTO PRA MAIS,c,PSB / PDT / PCDOB / PT / PV / PSOL / REDE,,13,PT,PARTIDO DOS TRABALHADORES,101,13,280002542548,LUIZ INÁCIO LULA DA SILVA,LULA,06/10/1945,2,Válido,nao,,3131,70.93,70.933393747,GERALDO JOSE RODRIGUES ALCKMIN FILHO,GERALDO ALCKMIN,PSB,v,,,,,04/10/2026 18:32:15,sim
1,04/10/2026,6257,Presidente,1,municipio,PB,19801,2504355,CATURITÉ,,,,,PARTIDO SOCIALISTA  DOS TRABALHADORES UNIFICADO,i,PSTU,0,16,PSTU,PARTIDO SOCIALISTA  DOS TRABALHADORES UNIFICADO,,16,280002541457,HERTZ DA CONCEICAO DIAS,HERTZ DIAS,20/10/1970,9,Válido,nao,,1,0.02,0.022655188,VANESSA PORTUGAL BARBOSA,VANESSA PORTUGAL,PSTU,v,,,,,04/10/2026 18:32:15,sim
1,04/10/2026,6257,Presidente,1,municipio,PB,19801,2504355,CATURITÉ,,,,,PARTIDO COMUNISTA BRASILEIRO,i,PCB,0,21,PCB,PARTIDO COMUNISTA BRASILEIRO,,21,280002551975,EDMILSON SILVA COSTA,EDMILSON COSTA,08/04/1950,10,Válido,nao,,1,0.02,0.022655188,CLEUSA DOS SANTOS,CLEUSA SANTOS,PCB,v,,,,,04/10/2026 18:32:15,sim
1,04/10/2026,6257,Presidente,1,municipio,PB,19801,2504355,CATURITÉ,,,,,DEMOCRACIA CRISTÃ,i,DC,0,27,DC,DEMOCRACIA CRISTÃ,,27,280002552484,CLARIANA ZACARKIM BARAO,CLARIANA BARAO,03/04/1987,8,Válido,nao,,1,0.02,0.022655188,FABIANA CRISTINA TAVARES TORQUATO,FABIANA TORQUATO,DC,v,,,,,04/10/2026 18:32:15,sim
1,04/10/2026,6257,Presidente,1,municipio,PB,19801,2504355,CATURITÉ,,,,,PARTIDO NOVO,i,NOVO,0,30,NOVO,PARTIDO NOVO,,30,280002539826,ROMEU ZEMA NETO,ZEMA,28/10/1964,6,Válido,nao,,3,0.07,0.067965564,LUIS EDUARDO GRANGEIRO GIRÃO,EDUARDO GIRÃO,NOVO,v,,,,,04/10/2026 18:32:15,sim
1,04/10/2026,6257,Presidente,1,municipio,PB,19801,2504355,CATURITÉ,,,,,BRASIL DOS NOSSOS SONHOS,c,AGIR / AVANTE,,70,AVANTE,AVANTE,,70,280002551547,AUGUSTO JORGE CURY,ESCRITOR AUGUSTO CURY,02/10/1958,3,Válido,nao,,146,3.31,3.307657454,JULIO CESAR DELGADO,JÚLIO DELGADO,AVANTE,v,,,,,04/10/2026 18:32:15,sim
1,04/10/2026,6257,Presidente,1,municipio,PB,19801,2504355,CATURITÉ,,,,,DEMOCRATA,i,DEMOCRATA,0,35,DEMOCRATA,DEMOCRATA,,35,280002548139,WILSON GRASSI JUNIOR,VETERINÁRIO WILSON GRASSI,13/03/1970,11,Válido,nao,,0,0.00,0,SUÊD HAIDAR NOGUEIRA,SUÊD HAIDAR,DEMOCRATA,v,,,,,04/10/2026 18:32:15,sim
1,04/10/2026,6257,Presidente,1,municipio,PB,19801,2504355,CATURITÉ,,,,,UNIDADE POPULAR,i,UP,0,80,UP,UNIDADE POPULAR,,80,280002538811,SAMARA MARTINS DA SILVA FEITOSA,SAMARA,31/08/1987,7,Válido,nao,,4,0.09,0.090620752,RAQUEL NONATO DE BRICIO,RAQUEL BRÍCIO,UP,v,,,,,04/10/2026 18:32:15,sim
1,04/10/2026,6257,Presidente,1,municipio,PB,19801,2504355,CATURITÉ,,,,,PARTIDO MISSÃO,i,MISSÃO,0,14,MISSÃO,PARTIDO MISSÃO,,14,280002540694,RENAN ANTONIO FERREIRA DOS SANTOS,RENAN SANTOS,14/02/1984,5,Válido,nao,,60,1.36,1.359311282,AROLDO MEDINA,CORONEL MEDINA,MISSÃO,v,,,,,04/10/2026 18:32:15,sim
1,04/10/2026,6257,Presidente,1,municipio,PB,19801,2504355,CATURITÉ,,,,,PARTIDO DA CAUSA OPERÁRIA,i,PCO,0,29,PCO,PARTIDO DA CAUSA OPERÁRIA,,29,280002552487,RUI COSTA PIMENTA,RUI COSTA PIMENTA,25/06/1957,12,Válido,nao,,0,0.00,0,ANTONIO CARLOS SILVA,ANTÔNIO CARLOS,PCO,v,,,,,04/10/2026 18:32:15,sim
1,04/10/2026,6257,Presidente,1,municipio,PB,19810,2504009,CAMPINA GRANDE,,,,,PARTIDO LIBERAL,i,PL,0,22,PL,PARTIDO LIBERAL,,22,280002551544,FLAVIO NANTES BOLSONARO,FLAVIO BOLSONARO,30/04/1981,1,Válido,nao,,108991,44.41,44.407095944,ALFREDO GASPAR DE MENDONÇA NETO,ALFREDO GASPAR,PL,v,,,,,04/10/2026 19:22:36,sim
1,04/10/2026,6257,Presidente,1,municipio,PB,19810,2504009,CAMPINA GRANDE,,,,,PARTIDO SOCIAL DEMOCRÁTICO,i,PSD,0,55,PSD,PARTIDO SOCIAL DEMOCRÁTICO,,55,280002551932,RONALDO RAMOS CAIADO,RONALDO CAIADO,25/09/1949,5,Válido,nao,,2900,1.18,1.181570756,GILBERTO KASSAB,GILBERTO KASSAB,PSD,v,,,,,04/10/2026 19:22:36,sim
1,04/10/2026,6257,Presidente,1,municipio,PB,19810,2504009,CAMPINA GRANDE,,PT/PC do B/PV,FEDERAÇÃO BRASIL DA ESPERANÇA - FE BRASIL,PT/PC do B/PV,BRASIL PRONTO PRA MAIS,c,PSB / PDT / PCDOB / PT / PV / PSOL / REDE,,13,PT,PARTIDO DOS TRABALHADORES,101,13,280002542548,LUIZ INÁCIO LULA DA SILVA,LULA,06/10/1945,2,Válido,nao,,118783,48.40,48.396730716,GERALDO JOSE RODRIGUES ALCKMIN FILHO,GERALDO ALCKMIN,PSB,v,,,,,04/10/2026 19:22:36,sim
1,04/10/2026,6257,Presidente,1,municipio,PB,19810,2504009,CAMPINA GRANDE,,,,,PARTIDO SOCIALISTA  DOS TRABALHADORES UNIFICADO,i,PSTU,0,16,PSTU,PARTIDO SOCIALISTA  DOS TRABALHADORES UNIFICADO,,16,280002541457,HERTZ DA CONCEICAO DIAS,HERTZ DIAS,20/10/1970,8,Válido,nao,,77,0.03,0.031372741,VANESSA PORTUGAL BARBOSA,VANESSA PORTUGAL,PSTU,v,,,,,04/10/2026 19:22:36,sim
1,04/10/2026,6257,Presidente,1,municipio,PB,19810,2504009,CAMPINA GRANDE,,,,,PARTIDO COMUNISTA BRASILEIRO,i,PCB,0,21,PCB,PARTIDO COMUNISTA BRASILEIRO,,21,280002551975,EDMILSON SILVA COSTA,EDMILSON COSTA,08/04/1950,10,Válido,nao,,44,0.02,0.017927280,CLEUSA DOS SANTOS,CLEUSA SANTOS,PCB,v,,,,,04/10/2026 19:22:36,sim
1,04/10/2026,6257,Presidente,1,municipio,PB,19810,2504009,CAMPINA GRANDE,,,,,DEMOCRACIA CRISTÃ,i,DC,0,27,DC,DEMOCRACIA CRISTÃ,,27,280002552484,CLARIANA ZACARKIM BARAO,CLARIANA BARAO,03/04/1987,9,Válido,nao,,70,0.03,0.028520673,FABIANA CRISTINA TAVARES TORQUATO,FABIANA TORQUATO,DC,v,,,,,04/10/2026 19:22:36,sim
1,04/10/2026,6257,Presidente,1,municipio,PB,19810,2504009,CAMPINA GRANDE,,,,,PARTIDO NOVO,i,NOVO,0,30,NOVO,PARTIDO NOVO,,30,280002539826,ROMEU ZEMA NETO,ZEMA,28/10/1964,6,Válido,nao,,303,0.12,0.123453772,LUIS EDUARDO GRANGEIRO GIRÃO,EDUARDO GIRÃO,NOVO,v,,,,,04/10/2026 19:22:36,sim
1,04/10/2026,6257,Presidente,1,municipio,PB,19810,2504009,CAMPINA GRANDE,,,,,BRASIL DOS NOSSOS SONHOS,c,AGIR / AVANTE,,70,AVANTE,AVANTE,,70,280002551547,AUGUSTO JORGE CURY,ESCRITOR AUGUSTO CURY,02/10/1958,3,Válido,nao,,8519,3.47,3.470965954,JULIO CESAR DELGADO,JÚLIO DELGADO,AVANTE,v,,,,,04/10/2026 19:22:36,sim
1,04/10/2026,6257,Presidente,1,municipio,PB,19810,2504009,CAMPINA GRANDE,,,,,DEMOCRATA,i,DEMOCRATA,0,35,DEMOCRATA,DEMOCRATA,,35,280002548139,WILSON GRASSI JUNIOR,VETERINÁRIO WILSON GRASSI,13/03/1970,11,Válido,nao,,30,0.01,0.012223146,SUÊD HAIDAR NOGUEIRA,SUÊD HAIDAR,DEMOCRATA,v,,,,,04/10/2026 19:22:36,sim
1,04/10/2026,6257,Presidente,1,municipio,PB,19810,2504009,CAMPINA GRANDE,,,,,UNIDADE POPULAR,i,UP,0,80,UP,UNIDADE POPULAR,,80,280002538811,SAMARA MARTINS DA SILVA FEITOSA,SAMARA,31/08/1987,7,Válido,nao,,225,0.09,0.091673593,RAQUEL NONATO DE BRICIO,RAQUEL BRÍCIO,UP,v,,,,,04/10/2026 19:22:36,sim
1,04/10/2026,6257,Presidente,1,municipio,PB,19810,2504009,CAMPINA GRANDE,,,,,PARTIDO MISSÃO,i,MISSÃO,0,14,MISSÃO,PARTIDO MISSÃO,,14,280002540694,RENAN ANTONIO FERREIRA DOS SANTOS,RENAN SANTOS,14/02/1984,4,Válido,nao,,5435,2.21,2.214426571,AROLDO MEDINA,CORONEL MEDINA,MISSÃO,v,,,,,04/10/2026 19:22:36,sim
1,04/10/2026,6257,Presidente,1,municipio,PB,19810,2504009,CAMPINA GRANDE,,,,,PARTIDO DA CAUSA OPERÁRIA,i,PCO,0,29,PCO,PARTIDO DA CAUSA OPERÁRIA,,29,280002552487,RUI COSTA PIMENTA,RUI COSTA PIMENTA,25/06/1957,12,Válido,nao,,59,0.02,0.024038853,ANTONIO CARLOS SILVA,ANTÔNIO CARLOS,PCO,v,,,,,04/10/2026 19:22:36,sim
1,04/10/2026,6257,Presidente,1,municipio,PB,19828,2512788,RIACHO DE SANTO ANTÔNIO,,,,,PARTIDO LIBERAL,i,PL,0,22,PL,PARTIDO LIBERAL,,22,280002551544,FLAVIO NANTES BOLSONARO,FLAVIO BOLSONARO,30/04/1981,1,Válido,nao,,799,35.20,35.198237885,ALFREDO GASPAR DE MENDONÇA NETO,ALFREDO GASPAR,PL,v,,,,,04/10/2026 18:15:18,sim
1,04/10/2026,6257,Presidente,1,municipio,PB,19828,2512788,RIACHO DE SANTO ANTÔNIO,,,,,PARTIDO SOCIAL DEMOCRÁTICO,i,PSD,0,55,PSD,PARTIDO SOCIAL DEMOCRÁTICO,,55,280002551932,RONALDO RAMOS CAIADO,RONALDO CAIADO,25/09/1949,4,Válido,nao,,11,0.48,0.484581498,GILBERTO KASSAB,GILBERTO KASSAB,PSD,v,,,,,04/10/2026 18:15:18,sim
1,04/10/2026,6257,Presidente,1,municipio,PB,19828,2512788,RIACHO DE SANTO ANTÔNIO,,PT/PC do B/PV,FEDERAÇÃO BRASIL DA ESPERANÇA - FE BRASIL,PT/PC do B/PV,BRASIL PRONTO PRA MAIS,c,PSB / PDT / PCDOB / PT / PV / PSOL / REDE,,13,PT,PARTIDO DOS TRABALHADORES,101,13,280002542548,LUIZ INÁCIO LULA DA SILVA,LULA,06/10/1945,2,Válido,nao,,1389,61.19,61.189427313,GERALDO JOSE RODRIGUES ALCKMIN FILHO,GERALDO ALCKMIN,PSB,v,,,,,04/10/2026 18:15:18,sim
1,04/10/2026,6257,Presidente,1,municipio,PB,19828,2512788,RIACHO DE SANTO ANTÔNIO,,,,,PARTIDO SOCIALISTA  DOS TRABALHADORES UNIFICADO,i,PSTU,0,16,PSTU,PARTIDO SOCIALISTA  DOS TRABALHADORES UNIFICADO,,16,280002541457,HERTZ DA CONCEICAO DIAS,HERTZ DIAS,20/10/1970,9,Válido,nao,,0,0.00,0,VANESSA PORTUGAL BARBOSA,VANESSA PORTUGAL,PSTU,v,,,,,04/10/2026 18:15:18,sim
1,04/10/2026,6257,Presidente,1,municipio,PB,19828,2512788,RIACHO DE SANTO ANTÔNIO,,,,,PARTIDO COMUNISTA BRASILEIRO,i,PCB,0,21,PCB,PARTIDO COMUNISTA BRASILEIRO,,21,280002551975,EDMILSON SILVA COSTA,EDMILSON COSTA,08/04/1950,10,Válido,nao,,1,0.04,0.044052863,CLEUSA DOS SANTOS,CLEUSA SANTOS,PCB,v,,,,,04/10/2026 18:15:18,sim
1,04/10/2026,6257,Presidente,1,municipio,PB,19828,2512788,RIACHO DE SANTO ANTÔNIO,,,,,DEMOCRACIA CRISTÃ,i,DC,0,27,DC,DEMOCRACIA CRISTÃ,,27,280002552484,CLARIANA ZACARKIM BARAO,CLARIANA BARAO,03/04/1987,8,Válido,nao,,0,0.00,0,FABIANA CRISTINA TAVARES TORQUATO,FABIANA TORQUATO,DC,v,,,,,04/10/2026 18:15:18,sim
1,04/10/2026,6257,Presidente,1,municipio,PB,19828,2512788,RIACHO DE SANTO ANTÔNIO,,,,,PARTIDO NOVO,i,NOVO,0,30,NOVO,PARTIDO NOVO,,30,280002539826,ROMEU ZEMA NETO,ZEMA,28/10/1964,6,Válido,nao,,0,0.00,0,LUIS EDUARDO GRANGEIRO GIRÃO,EDUARDO GIRÃO,NOVO,v,,,,,04/10/2026 18:15:18,sim
1,04/10/2026,6257,Presidente,1,municipio,PB,19828,2512788,RIACHO DE SANTO ANTÔNIO,,,,,BRASIL DOS NOSSOS SONHOS,c,AGIR / AVANTE,,70,AVANTE,AVANTE,,70,280002551547,AUGUSTO JORGE CURY,ESCRITOR AUGUSTO CURY,02/10/1958,3,Válido,nao,,47,2.07,2.070484581,JULIO CESAR DELGADO,JÚLIO DELGADO,AVANTE,v,,,,,04/10/2026 18:15:18,sim
1,04/10/2026,6257,Presidente,1,municipio,PB,19828,2512788,RIACHO DE SANTO ANTÔNIO,,,,,DEMOCRATA,i,DEMOCRATA,0,35,DEMOCRATA,DEMOCRATA,,35,280002548139,WILSON GRASSI JUNIOR,VETERINÁRIO WILSON GRASSI,13/03/1970,11,Válido,nao,,0,0.00,0,SUÊD HAIDAR NOGUEIRA,SUÊD HAIDAR,DEMOCRATA,v,,,,,04/10/2026 18:15:18,sim
1,04/10/2026,6257,Presidente,1,municipio,PB,19828,2512788,RIACHO DE SANTO ANTÔNIO,,,,,UNIDADE POPULAR,i,UP,0,80,UP,UNIDADE POPULAR,,80,280002538811,SAMARA MARTINS DA SILVA FEITOSA,SAMARA,31/08/1987,7,Válido,nao,,0,0.00,0,RAQUEL NONATO DE BRICIO,RAQUEL BRÍCIO,UP,v,,,,,04/10/2026 18:15:18,sim
1,04/10/2026,6257,Presidente,1,municipio,PB,19828,2512788,RIACHO DE SANTO ANTÔNIO,,,,,PARTIDO MISSÃO,i,MISSÃO,0,14,MISSÃO,PARTIDO MISSÃO,,14,280002540694,RENAN ANTONIO FERREIRA DOS SANTOS,RENAN SANTOS,14/02/1984,5,Válido,nao,,23,1.01,1.013215859,AROLDO MEDINA,CORONEL MEDINA,MISSÃO,v,,,,,04/10/2026 18:15:18,sim
1,04/10/2026,6257,Presidente,1,municipio,PB,19828,2512788,RIACHO DE SANTO ANTÔNIO,,,,,PARTIDO DA CAUSA OPERÁRIA,i,PCO,0,29,PCO,PARTIDO DA CAUSA OPERÁRIA,,29,280002552487,RUI COSTA PIMENTA,RUI COSTA PIMENTA,25/06/1957,12,Válido,nao,,0,0.00,0,ANTONIO CARLOS SILVA,ANTÔNIO CARLOS,PCO,v,,,,,04/10/2026 18:15:18,sim
1,04/10/2026,6257,Presidente,1,municipio,PB,19836,2504108,CARRAPATEIRA,,,,,PARTIDO LIBERAL,i,PL,0,22,PL,PARTIDO LIBERAL,,22,280002551544,FLAVIO NANTES BOLSONARO,FLAVIO BOLSONARO,30/04/1981,1,Válido,nao,,273,14.65,14.645922747,ALFREDO GASPAR DE MENDONÇA NETO,ALFREDO GASPAR,PL,v,,,,,04/10/2026 20:11:53,sim
1,04/10/2026,6257,Presidente,1,municipio,PB,19836,2504108,CARRAPATEIRA,,,,,PARTIDO SOCIAL DEMOCRÁTICO,i,PSD,0,55,PSD,PARTIDO SOCIAL DEMOCRÁTICO,,55,280002551932,RONALDO RAMOS CAIADO,RONALDO CAIADO,25/09/1949,5,Válido,nao,,6,0.32,0.321888412,GILBERTO KASSAB,GILBERTO KASSAB,PSD,v,,,,,04/10/2026 20:11:53,sim
1,04/10/2026,6257,Presidente,1,municipio,PB,19836,2504108,CARRAPATEIRA,,PT/PC do B/PV,FEDERAÇÃO BRASIL DA ESPERANÇA - FE BRASIL,PT/PC do B/PV,BRASIL PRONTO PRA MAIS,c,PSB / PDT / PCDOB / PT / PV / PSOL / REDE,,13,PT,PARTIDO DOS TRABALHADORES,101,13,280002542548,LUIZ INÁCIO LULA DA SILVA,LULA,06/10/1945,2,Válido,nao,,1522,81.65,81.652360515,GERALDO JOSE RODRIGUES ALCKMIN FILHO,GERALDO ALCKMIN,PSB,v,,,,,04/10/2026 20:11:53,sim
1,04/10/2026,6257,Presidente,1,municipio,PB,19836,2504108,CARRAPATEIRA,,,,,PARTIDO SOCIALISTA  DOS TRABALHADORES UNIFICADO,i,PSTU,0,16,PSTU,PARTIDO SOCIALISTA  DOS TRABALHADORES UNIFICADO,,16,280002541457,HERTZ DA CONCEICAO DIAS,HERTZ DIAS,20/10/1970,8,Válido,nao,,1,0.05,0.053648069,VANESSA PORTUGAL BARBOSA,VANESSA PORTUGAL,PSTU,v,,,,,04/10/2026 20:11:53,sim
1,04/10/2026,6257,Presidente,1,municipio,PB,19836,2504108,CARRAPATEIRA,,,,,PARTIDO COMUNISTA BRASILEIRO,i,PCB,0,21,PCB,PARTIDO COMUNISTA BRASILEIRO,,21,280002551975,EDMILSON SILVA COSTA,EDMILSON COSTA,08/04/1950,10,Válido,nao,,0,0.00,0,CLEUSA DOS SANTOS,CLEUSA SANTOS,PCB,v,,,,,04/10/2026 20:11:53,sim
1,04/10/2026,6257,Presidente,1,municipio,PB,19836,2504108,CARRAPATEIRA,,,,,DEMOCRACIA CRISTÃ,i,DC,0,27,DC,DEMOCRACIA CRISTÃ,,27,280002552484,CLARIANA ZACARKIM BARAO,CLARIANA BARAO,03/04/1987,9,Válido,nao,,0,0.00,0,FABIANA CRISTINA TAVARES TORQUATO,FABIANA TORQUATO,DC,v,,,,,04/10/2026 20:11:53,sim
1,04/10/2026,6257,Presidente,1,municipio,PB,19836,2504108,CARRAPATEIRA,,,,,PARTIDO NOVO,i,NOVO,0,30,NOVO,PARTIDO NOVO,,30,280002539826,ROMEU ZEMA NETO,ZEMA,28/10/1964,6,Válido,nao,,0,0.00,0,LUIS EDUARDO GRANGEIRO GIRÃO,EDUARDO GIRÃO,NOVO,v,,,,,04/10/2026 20:11:53,sim
1,04/10/2026,6257,Presidente,1,municipio,PB,19836,2504108,CARRAPATEIRA,,,,,BRASIL DOS NOSSOS SONHOS,c,AGIR / AVANTE,,70,AVANTE,AVANTE,,70,280002551547,AUGUSTO JORGE CURY,ESCRITOR AUGUSTO CURY,02/10/1958,3,Válido,nao,,52,2.79,2.789699571,JULIO CESAR DELGADO,JÚLIO DELGADO,AVANTE,v,,,,,04/10/2026 20:11:53,sim
1,04/10/2026,6257,Presidente,1,municipio,PB,19836,2504108,CARRAPATEIRA,,,,,DEMOCRATA,i,DEMOCRATA,0,35,DEMOCRATA,DEMOCRATA,,35,280002548139,WILSON GRASSI JUNIOR,VETERINÁRIO WILSON GRASSI,13/03/1970,11,Válido,nao,,0,0.00,0,SUÊD HAIDAR NOGUEIRA,SUÊD HAIDAR,DEMOCRATA,v,,,,,04/10/2026 20:11:53,sim
1,04/10/2026,6257,Presidente,1,municipio,PB,19836,2504108,CARRAPATEIRA,,,,,UNIDADE POPULAR,i,UP,0,80,UP,UNIDADE POPULAR,,80,280002538811,SAMARA MARTINS DA SILVA FEITOSA,SAMARA,31/08/1987,7,Válido,nao,,0,0.00,0,RAQUEL NONATO DE BRICIO,RAQUEL BRÍCIO,UP,v,,,,,04/10/2026 20:11:53,sim
1,04/10/2026,6257,Presidente,1,municipio,PB,19836,2504108,CARRAPATEIRA,,,,,PARTIDO MISSÃO,i,MISSÃO,0,14,MISSÃO,PARTIDO MISSÃO,,14,280002540694,RENAN ANTONIO FERREIRA DOS SANTOS,RENAN SANTOS,14/02/1984,4,Válido,nao,,10,0.54,0.536480687,AROLDO MEDINA,CORONEL MEDINA,MISSÃO,v,,,,,04/10/2026 20:11:53,sim
1,04/10/2026,6257,Presidente,1,municipio,PB,19836,2504108,CARRAPATEIRA,,,,,PARTIDO DA CAUSA OPERÁRIA,i,PCO,0,29,PCO,PARTIDO DA CAUSA OPERÁRIA,,29,280002552487,RUI COSTA PIMENTA,RUI COSTA PIMENTA,25/06/1957,12,Válido,nao,,0,0.00,0,ANTONIO CARLOS SILVA,ANTÔNIO CARLOS,PCO,v,,,,,04/10/2026 20:11:53,sim
1,04/10/2026,6257,Presidente,1,municipio,PB,19844,2500775,APARECIDA,,,,,PARTIDO LIBERAL,i,PL,0,22,PL,PARTIDO LIBERAL,,22,280002551544,FLAVIO NANTES BOLSONARO,FLAVIO BOLSONARO,30/04/1981,1,Válido,nao,,1376,24.44,24.444839225,ALFREDO GASPAR DE MENDONÇA NETO,ALFREDO GASPAR,PL,v,,,,,04/10/2026 19:25:11,sim
1,04/10/2026,6257,Presidente,1,municipio,PB,19844,2500775,APARECIDA,,,,,PARTIDO SOCIAL DEMOCRÁTICO,i,PSD,0,55,PSD,PARTIDO SOCIAL DEMOCRÁTICO,,55,280002551932,RONALDO RAMOS CAIADO,RONALDO CAIADO,25/09/1949,5,Válido,nao,,38,0.68,0.675075502,GILBERTO KASSAB,GILBERTO KASSAB,PSD,v,,,,,04/10/2026 19:25:11,sim
1,04/10/2026,6257,Presidente,1,municipio,PB,19844,2500775,APARECIDA,,PT/PC do B/PV,FEDERAÇÃO BRASIL DA ESPERANÇA - FE BRASIL,PT/PC do B/PV,BRASIL PRONTO PRA MAIS,c,PSB / PDT / PCDOB / PT / PV / PSOL / REDE,,13,PT,PARTIDO DOS TRABALHADORES,101,13,280002542548,LUIZ INÁCIO LULA DA SILVA,LULA,06/10/1945,2,Válido,nao,,4027,71.54,71.540238053,GERALDO JOSE RODRIGUES ALCKMIN FILHO,GERALDO ALCKMIN,PSB,v,,,,,04/10/2026 19:25:11,sim
1,04/10/2026,6257,Presidente,1,municipio,PB,19844,2500775,APARECIDA,,,,,DEMOCRACIA CRISTÃ,i,DC,0,27,DC,DEMOCRACIA CRISTÃ,,27,280002552484,CLARIANA ZACARKIM BARAO,CLARIANA BARAO,03/04/1987,9,Válido,nao,,1,0.02,0.017765145,FABIANA CRISTINA TAVARES TORQUATO,FABIANA TORQUATO,DC,v,,,,,04/10/2026 19:25:11,sim
1,04/10/2026,6257,Presidente,1,municipio,PB,19844,2500775,APARECIDA,,,,,PARTIDO COMUNISTA BRASILEIRO,i,PCB,0,21,PCB,PARTIDO COMUNISTA BRASILEIRO,,21,280002551975,EDMILSON SILVA COSTA,EDMILSON COSTA,08/04/1950,10,Válido,nao,,0,0.00,0,CLEUSA DOS SANTOS,CLEUSA SANTOS,PCB,v,,,,,04/10/2026 19:25:11,sim
1,04/10/2026,6257,Presidente,1,municipio,PB,19844,2500775,APARECIDA,,,,,PARTIDO SOCIALISTA  DOS TRABALHADORES UNIFICADO,i,PSTU,0,16,PSTU,PARTIDO SOCIALISTA  DOS TRABALHADORES UNIFICADO,,16,280002541457,HERTZ DA CONCEICAO DIAS,HERTZ DIAS,20/10/1970,8,Válido,nao,,0,0.00,0,VANESSA PORTUGAL BARBOSA,VANESSA PORTUGAL,PSTU,v,,,,,04/10/2026 19:25:11,sim
1,04/10/2026,6257,Presidente,1,municipio,PB,19844,2500775,APARECIDA,,,,,BRASIL DOS NOSSOS SONHOS,c,AGIR / AVANTE,,70,AVANTE,AVANTE,,70,280002551547,AUGUSTO JORGE CURY,ESCRITOR AUGUSTO CURY,02/10/1958,3,Válido,nao,,107,1.90,1.900870492,JULIO CESAR DELGADO,JÚLIO DELGADO,AVANTE,v,,,,,04/10/2026 19:25:11,sim
1,04/10/2026,6257,Presidente,1,municipio,PB,19844,2500775,APARECIDA,,,,,PARTIDO NOVO,i,NOVO,0,30,NOVO,PARTIDO NOVO,,30,280002539826,ROMEU ZEMA NETO,ZEMA,28/10/1964,6,Válido,nao,,1,0.02,0.017765145,LUIS EDUARDO GRANGEIRO GIRÃO,EDUARDO GIRÃO,NOVO,v,,,,,04/10/2026 19:25:11,sim
1,04/10/2026,6257,Presidente,1,municipio,PB,19844,2500775,APARECIDA,,,,,UNIDADE POPULAR,i,UP,0,80,UP,UNIDADE POPULAR,,80,280002538811,SAMARA MARTINS DA SILVA FEITOSA,SAMARA,31/08/1987,7,Válido,nao,,1,0.02,0.017765145,RAQUEL NONATO DE BRICIO,RAQUEL BRÍCIO,UP,v,,,,,04/10/2026 19:25:11,sim
1,04/10/2026,6257,Presidente,1,municipio,PB,19844,2500775,APARECIDA,,,,,DEMOCRATA,i,DEMOCRATA,0,35,DEMOCRATA,DEMOCRATA,,35,280002548139,WILSON GRASSI JUNIOR,VETERINÁRIO WILSON GRASSI,13/03/1970,11,Válido,nao,,1,0.02,0.017765145,SUÊD HAIDAR NOGUEIRA,SUÊD HAIDAR,DEMOCRATA,v,,,,,04/10/2026 19:25:11,sim
1,04/10/2026,6257,Presidente,1,municipio,PB,19844,2500775,APARECIDA,,,,,PARTIDO MISSÃO,i,MISSÃO,0,14,MISSÃO,PARTIDO MISSÃO,,14,280002540694,RENAN ANTONIO FERREIRA DOS SANTOS,RENAN SANTOS,14/02/1984,4,Válido,nao,,77,1.37,1.367916149,AROLDO MEDINA,CORONEL MEDINA,MISSÃO,v,,,,,04/10/2026 19:25:11,sim
1,04/10/2026,6257,Presidente,1,municipio,PB,19844,2500775,APARECIDA,,,,,PARTIDO DA CAUSA OPERÁRIA,i,PCO,0,29,PCO,PARTIDO DA CAUSA OPERÁRIA,,29,280002552487,RUI COSTA PIMENTA,RUI COSTA PIMENTA,25/06/1957,12,Válido,nao,,0,0.00,0,ANTONIO CARLOS SILVA,ANTÔNIO CARLOS,PCO,v,,,,,04/10/2026 19:25:11,sim
1,04/10/2026,6257,Presidente,1,municipio,PB,19852,2504207,CATINGUEIRA,,,,,PARTIDO LIBERAL,i,PL,0,22,PL,PARTIDO LIBERAL,,22,280002551544,FLAVIO NANTES BOLSONARO,FLAVIO BOLSONARO,30/04/1981,1,Válido,nao,,1035,26.50,26.504481434,ALFREDO GASPAR DE MENDONÇA NETO,ALFREDO GASPAR,PL,v,,,,,04/10/2026 18:38:27,sim
1,04/10/2026,6257,Presidente,1,municipio,PB,19852,2504207,CATINGUEIRA,,,,,PARTIDO SOCIAL DEMOCRÁTICO,i,PSD,0,55,PSD,PARTIDO SOCIAL DEMOCRÁTICO,,55,280002551932,RONALDO RAMOS CAIADO,RONALDO CAIADO,25/09/1949,4,Válido,nao,,25,0.64,0.640204866,GILBERTO KASSAB,GILBERTO KASSAB,PSD,v,,,,,04/10/2026 18:38:27,sim
1,04/10/2026,6257,Presidente,1,municipio,PB,19852,2504207,CATINGUEIRA,,PT/PC do B/PV,FEDERAÇÃO BRASIL DA ESPERANÇA - FE BRASIL,PT/PC do B/PV,BRASIL PRONTO PRA MAIS,c,PSB / PDT / PCDOB / PT / PV / PSOL / REDE,,13,PT,PARTIDO DOS TRABALHADORES,101,13,280002542548,LUIZ INÁCIO LULA DA SILVA,LULA,06/10/1945,2,Válido,nao,,2742,70.22,70.217669654,GERALDO JOSE RODRIGUES ALCKMIN FILHO,GERALDO ALCKMIN,PSB,v,,,,,04/10/2026 18:38:27,sim
1,04/10/2026,6257,Presidente,1,municipio,PB,19852,2504207,CATINGUEIRA,,,,,DEMOCRACIA CRISTÃ,i,DC,0,27,DC,DEMOCRACIA CRISTÃ,,27,280002552484,CLARIANA ZACARKIM BARAO,CLARIANA BARAO,03/04/1987,9,Válido,nao,,1,0.03,0.025608195,FABIANA CRISTINA TAVARES TORQUATO,FABIANA TORQUATO,DC,v,,,,,04/10/2026 18:38:27,sim
1,04/10/2026,6257,Presidente,1,municipio,PB,19852,2504207,CATINGUEIRA,,,,,PARTIDO COMUNISTA BRASILEIRO,i,PCB,0,21,PCB,PARTIDO COMUNISTA BRASILEIRO,,21,280002551975,EDMILSON SILVA COSTA,EDMILSON COSTA,08/04/1950,10,Válido,nao,,0,0.00,0,CLEUSA DOS SANTOS,CLEUSA SANTOS,PCB,v,,,,,04/10/2026 18:38:27,sim
1,04/10/2026,6257,Presidente,1,municipio,PB,19852,2504207,CATINGUEIRA,,,,,PARTIDO SOCIALISTA  DOS TRABALHADORES UNIFICADO,i,PSTU,0,16,PSTU,PARTIDO SOCIALISTA  DOS TRABALHADORES UNIFICADO,,16,280002541457,HERTZ DA CONCEICAO DIAS,HERTZ DIAS,20/10/1970,8,Válido,nao,,0,0.00,0,VANESSA PORTUGAL BARBOSA,VANESSA PORTUGAL,PSTU,v,,,,,04/10/2026 18:38:27,sim
1,04/10/2026,6257,Presidente,1,municipio,PB,19852,2504207,CATINGUEIRA,,,,,BRASIL DOS NOSSOS SONHOS,c,AGIR / AVANTE,,70,AVANTE,AVANTE,,70,280002551547,AUGUSTO JORGE CURY,ESCRITOR AUGUSTO CURY,02/10/1958,3,Válido,nao,,64,1.64,1.638924456,JULIO CESAR DELGADO,JÚLIO DELGADO,AVANTE,v,,,,,04/10/2026 18:38:27,sim
1,04/10/2026,6257,Presidente,1,municipio,PB,19852,2504207,CATINGUEIRA,,,,,PARTIDO NOVO,i,NOVO,0,30,NOVO,PARTIDO NOVO,,30,280002539826,ROMEU ZEMA NETO,ZEMA,28/10/1964,6,Válido,nao,,0,0.00,0,LUIS EDUARDO GRANGEIRO GIRÃO,EDUARDO GIRÃO,NOVO,v,,,,,04/10/2026 18:38:27,sim
1,04/10/2026,6257,Presidente,1,municipio,PB,19852,2504207,CATINGUEIRA,,,,,UNIDADE POPULAR,i,UP,0,80,UP,UNIDADE POPULAR,,80,280002538811,SAMARA MARTINS DA SILVA FEITOSA,SAMARA,31/08/1987,7,Válido,nao,,0,0.00,0,RAQUEL NONATO DE BRICIO,RAQUEL BRÍCIO,UP,v,,,,,04/10/2026 18:38:27,sim
1,04/10/2026,6257,Presidente,1,municipio,PB,19852,2504207,CATINGUEIRA,,,,,DEMOCRATA,i,DEMOCRATA,0,35,DEMOCRATA,DEMOCRATA,,35,280002548139,WILSON GRASSI JUNIOR,VETERINÁRIO WILSON GRASSI,13/03/1970,11,Válido,nao,,1,0.03,0.025608195,SUÊD HAIDAR NOGUEIRA,SUÊD HAIDAR,DEMOCRATA,v,,,,,04/10/2026 18:38:27,sim
1,04/10/2026,6257,Presidente,1,municipio,PB,19852,2504207,CATINGUEIRA,,,,,PARTIDO MISSÃO,i,MISSÃO,0,14,MISSÃO,PARTIDO MISSÃO,,14,280002540694,RENAN ANTONIO FERREIRA DOS SANTOS,RENAN SANTOS,14/02/1984,5,Válido,nao,,37,0.95,0.947503201,AROLDO MEDINA,CORONEL MEDINA,MISSÃO,v,,,,,04/10/2026 18:38:27,sim
1,04/10/2026,6257,Presidente,1,municipio,PB,19852,2504207,CATINGUEIRA,,,,,PARTIDO DA CAUSA OPERÁRIA,i,PCO,0,29,PCO,PARTIDO DA CAUSA OPERÁRIA,,29,280002552487,RUI COSTA PIMENTA,RUI COSTA PIMENTA,25/06/1957,12,Válido,nao,,0,0.00,0,ANTONIO CARLOS SILVA,ANTÔNIO CARLOS,PCO,v,,,,,04/10/2026 18:38:27,sim
1,04/10/2026,6257,Presidente,1,municipio,PB,19860,2513984,SÃO FRANCISCO,,,,,PARTIDO LIBERAL,i,PL,0,22,PL,PARTIDO LIBERAL,,22,280002551544,FLAVIO NANTES BOLSONARO,FLAVIO BOLSONARO,30/04/1981,1,Válido,nao,,810,24.64,24.642531183,ALFREDO GASPAR DE MENDONÇA NETO,ALFREDO GASPAR,PL,v,,,,,04/10/2026 18:56:36,sim
1,04/10/2026,6257,Presidente,1,municipio,PB,19860,2513984,SÃO FRANCISCO,,,,,PARTIDO SOCIAL DEMOCRÁTICO,i,PSD,0,55,PSD,PARTIDO SOCIAL DEMOCRÁTICO,,55,280002551932,RONALDO RAMOS CAIADO,RONALDO CAIADO,25/09/1949,4,Válido,nao,,17,0.52,0.517188926,GILBERTO KASSAB,GILBERTO KASSAB,PSD,v,,,,,04/10/2026 18:56:36,sim
1,04/10/2026,6257,Presidente,1,municipio,PB,19860,2513984,SÃO FRANCISCO,,PT/PC do B/PV,FEDERAÇÃO BRASIL DA ESPERANÇA - FE BRASIL,PT/PC do B/PV,BRASIL PRONTO PRA MAIS,c,PSB / PDT / PCDOB / PT / PV / PSOL / REDE,,13,PT,PARTIDO DOS TRABALHADORES,101,13,280002542548,LUIZ INÁCIO LULA DA SILVA,LULA,06/10/1945,2,Válido,nao,,2305,70.12,70.124733800,GERALDO JOSE RODRIGUES ALCKMIN FILHO,GERALDO ALCKMIN,PSB,v,,,,,04/10/2026 18:56:36,sim
1,04/10/2026,6257,Presidente,1,municipio,PB,19860,2513984,SÃO FRANCISCO,,,,,DEMOCRACIA CRISTÃ,i,DC,0,27,DC,DEMOCRACIA CRISTÃ,,27,280002552484,CLARIANA ZACARKIM BARAO,CLARIANA BARAO,03/04/1987,9,Válido,nao,,0,0.00,0,FABIANA CRISTINA TAVARES TORQUATO,FABIANA TORQUATO,DC,v,,,,,04/10/2026 18:56:36,sim
1,04/10/2026,6257,Presidente,1,municipio,PB,19860,2513984,SÃO FRANCISCO,,,,,PARTIDO COMUNISTA BRASILEIRO,i,PCB,0,21,PCB,PARTIDO COMUNISTA BRASILEIRO,,21,280002551975,EDMILSON SILVA COSTA,EDMILSON COSTA,08/04/1950,10,Válido,nao,,0,0.00,0,CLEUSA DOS SANTOS,CLEUSA SANTOS,PCB,v,,,,,04/10/2026 18:56:36,sim
1,04/10/2026,6257,Presidente,1,municipio,PB,19860,2513984,SÃO FRANCISCO,,,,,PARTIDO SOCIALISTA  DOS TRABALHADORES UNIFICADO,i,PSTU,0,16,PSTU,PARTIDO SOCIALISTA  DOS TRABALHADORES UNIFICADO,,16,280002541457,HERTZ DA CONCEICAO DIAS,HERTZ DIAS,20/10/1970,8,Válido,nao,,0,0.00,0,VANESSA PORTUGAL BARBOSA,VANESSA PORTUGAL,PSTU,v,,,,,04/10/2026 18:56:36,sim
1,04/10/2026,6257,Presidente,1,municipio,PB,19860,2513984,SÃO FRANCISCO,,,,,BRASIL DOS NOSSOS SONHOS,c,AGIR / AVANTE,,70,AVANTE,AVANTE,,70,280002551547,AUGUSTO JORGE CURY,ESCRITOR AUGUSTO CURY,02/10/1958,3,Válido,nao,,126,3.83,3.833282629,JULIO CESAR DELGADO,JÚLIO DELGADO,AVANTE,v,,,,,04/10/2026 18:56:36,sim
1,04/10/2026,6257,Presidente,1,municipio,PB,19860,2513984,SÃO FRANCISCO,,,,,PARTIDO NOVO,i,NOVO,0,30,NOVO,PARTIDO NOVO,,30,280002539826,ROMEU ZEMA NETO,ZEMA,28/10/1964,6,Válido,nao,,0,0.00,0,LUIS EDUARDO GRANGEIRO GIRÃO,EDUARDO GIRÃO,NOVO,v,,,,,04/10/2026 18:56:36,sim
1,04/10/2026,6257,Presidente,1,municipio,PB,19860,2513984,SÃO FRANCISCO,,,,,UNIDADE POPULAR,i,UP,0,80,UP,UNIDADE POPULAR,,80,280002538811,SAMARA MARTINS DA SILVA FEITOSA,SAMARA,31/08/1987,7,Válido,nao,,1,0.03,0.030422878,RAQUEL NONATO DE BRICIO,RAQUEL BRÍCIO,UP,v,,,,,04/10/2026 18:56:36,sim
1,04/10/2026,6257,Presidente,1,municipio,PB,19860,2513984,SÃO FRANCISCO,,,,,DEMOCRATA,i,DEMOCRATA,0,35,DEMOCRATA,DEMOCRATA,,35,280002548139,WILSON GRASSI JUNIOR,VETERINÁRIO WILSON GRASSI,13/03/1970,11,Válido,nao,,1,0.03,0.030422878,SUÊD HAIDAR NOGUEIRA,SUÊD HAIDAR,DEMOCRATA,v,,,,,04/10/2026 18:56:36,sim
1,04/10/2026,6257,Presidente,1,municipio,PB,19860,2513984,SÃO FRANCISCO,,,,,PARTIDO MISSÃO,i,MISSÃO,0,14,MISSÃO,PARTIDO MISSÃO,,14,280002540694,RENAN ANTONIO FERREIRA DOS SANTOS,RENAN SANTOS,14/02/1984,5,Válido,nao,,27,0.82,0.821417706,AROLDO MEDINA,CORONEL MEDINA,MISSÃO,v,,,,,04/10/2026 18:56:36,sim
1,04/10/2026,6257,Presidente,1,municipio,PB,19860,2513984,SÃO FRANCISCO,,,,,PARTIDO DA CAUSA OPERÁRIA,i,PCO,0,29,PCO,PARTIDO DA CAUSA OPERÁRIA,,29,280002552487,RUI COSTA PIMENTA,RUI COSTA PIMENTA,25/06/1957,12,Válido,nao,,0,0.00,0,ANTONIO CARLOS SILVA,ANTÔNIO CARLOS,PCO,v,,,,,04/10/2026 18:56:36,sim
1,04/10/2026,6257,Presidente,1,municipio,PB,19879,2504306,CATOLÉ DO ROCHA,,,,,PARTIDO LIBERAL,i,PL,0,22,PL,PARTIDO LIBERAL,,22,280002551544,FLAVIO NANTES BOLSONARO,FLAVIO BOLSONARO,30/04/1981,1,Válido,nao,,4521,25.30,25.299384443,ALFREDO GASPAR DE MENDONÇA NETO,ALFREDO GASPAR,PL,v,,,,,04/10/2026 19:20:57,sim
1,04/10/2026,6257,Presidente,1,municipio,PB,19879,2504306,CATOLÉ DO ROCHA,,,,,PARTIDO SOCIAL DEMOCRÁTICO,i,PSD,0,55,PSD,PARTIDO SOCIAL DEMOCRÁTICO,,55,280002551932,RONALDO RAMOS CAIADO,RONALDO CAIADO,25/09/1949,5,Válido,nao,,65,0.36,0.363738109,GILBERTO KASSAB,GILBERTO KASSAB,PSD,v,,,,,04/10/2026 19:20:57,sim
1,04/10/2026,6257,Presidente,1,municipio,PB,19879,2504306,CATOLÉ DO ROCHA,,PT/PC do B/PV,FEDERAÇÃO BRASIL DA ESPERANÇA - FE BRASIL,PT/PC do B/PV,BRASIL PRONTO PRA MAIS,c,PSB / PDT / PCDOB / PT / PV / PSOL / REDE,,13,PT,PARTIDO DOS TRABALHADORES,101,13,280002542548,LUIZ INÁCIO LULA DA SILVA,LULA,06/10/1945,2,Válido,nao,,12601,70.51,70.514829323,GERALDO JOSE RODRIGUES ALCKMIN FILHO,GERALDO ALCKMIN,PSB,v,,,,,04/10/2026 19:20:57,sim
1,04/10/2026,6257,Presidente,1,municipio,PB,19879,2504306,CATOLÉ DO ROCHA,,,,,DEMOCRACIA CRISTÃ,i,DC,0,27,DC,DEMOCRACIA CRISTÃ,,27,280002552484,CLARIANA ZACARKIM BARAO,CLARIANA BARAO,03/04/1987,9,Válido,nao,,1,0.01,0.005595971,FABIANA CRISTINA TAVARES TORQUATO,FABIANA TORQUATO,DC,v,,,,,04/10/2026 19:20:57,sim
1,04/10/2026,6257,Presidente,1,municipio,PB,19879,2504306,CATOLÉ DO ROCHA,,,,,PARTIDO COMUNISTA BRASILEIRO,i,PCB,0,21,PCB,PARTIDO COMUNISTA BRASILEIRO,,21,280002551975,EDMILSON SILVA COSTA,EDMILSON COSTA,08/04/1950,10,Válido,nao,,2,0.01,0.011191942,CLEUSA DOS SANTOS,CLEUSA SANTOS,PCB,v,,,,,04/10/2026 19:20:57,sim
1,04/10/2026,6257,Presidente,1,municipio,PB,19879,2504306,CATOLÉ DO ROCHA,,,,,PARTIDO SOCIALISTA  DOS TRABALHADORES UNIFICADO,i,PSTU,0,16,PSTU,PARTIDO SOCIALISTA  DOS TRABALHADORES UNIFICADO,,16,280002541457,HERTZ DA CONCEICAO DIAS,HERTZ DIAS,20/10/1970,8,Válido,nao,,3,0.02,0.016787913,VANESSA PORTUGAL BARBOSA,VANESSA PORTUGAL,PSTU,v,,,,,04/10/2026 19:20:57,sim
1,04/10/2026,6257,Presidente,1,municipio,PB,19879,2504306,CATOLÉ DO ROCHA,,,,,BRASIL DOS NOSSOS SONHOS,c,AGIR / AVANTE,,70,AVANTE,AVANTE,,70,280002551547,AUGUSTO JORGE CURY,ESCRITOR AUGUSTO CURY,02/10/1958,3,Válido,nao,,406,2.27,2.271964186,JULIO CESAR DELGADO,JÚLIO DELGADO,AVANTE,v,,,,,04/10/2026 19:20:57,sim
1,04/10/2026,6257,Presidente,1,municipio,PB,19879,2504306,CATOLÉ DO ROCHA,,,,,PARTIDO NOVO,i,NOVO,0,30,NOVO,PARTIDO NOVO,,30,280002539826,ROMEU ZEMA NETO,ZEMA,28/10/1964,6,Válido,nao,,12,0.07,0.067151651,LUIS EDUARDO GRANGEIRO GIRÃO,EDUARDO GIRÃO,NOVO,v,,,,,04/10/2026 19:20:57,sim
1,04/10/2026,6257,Presidente,1,municipio,PB,19879,2504306,CATOLÉ DO ROCHA,,,,,UNIDADE POPULAR,i,UP,0,80,UP,UNIDADE POPULAR,,80,280002538811,SAMARA MARTINS DA SILVA FEITOSA,SAMARA,31/08/1987,7,Válido,nao,,9,0.05,0.050363738,RAQUEL NONATO DE BRICIO,RAQUEL BRÍCIO,UP,v,,,,,04/10/2026 19:20:57,sim
1,04/10/2026,6257,Presidente,1,municipio,PB,19879,2504306,CATOLÉ DO ROCHA,,,,,DEMOCRATA,i,DEMOCRATA,0,35,DEMOCRATA,DEMOCRATA,,35,280002548139,WILSON GRASSI JUNIOR,VETERINÁRIO WILSON GRASSI,13/03/1970,11,Válido,nao,,0,0.00,0,SUÊD HAIDAR NOGUEIRA,SUÊD HAIDAR,DEMOCRATA,v,,,,,04/10/2026 19:20:57,sim
1,04/10/2026,6257,Presidente,1,municipio,PB,19879,2504306,CATOLÉ DO ROCHA,,,,,PARTIDO MISSÃO,i,MISSÃO,0,14,MISSÃO,PARTIDO MISSÃO,,14,280002540694,RENAN ANTONIO FERREIRA DOS SANTOS,RENAN SANTOS,14/02/1984,4,Válido,nao,,249,1.39,1.393396754,AROLDO MEDINA,CORONEL MEDINA,MISSÃO,v,,,,,04/10/2026 19:20:57,sim
1,04/10/2026,6257,Presidente,1,municipio,PB,19879,2504306,CATOLÉ DO ROCHA,,,,,PARTIDO DA CAUSA OPERÁRIA,i,PCO,0,29,PCO,PARTIDO DA CAUSA OPERÁRIA,,29,280002552487,RUI COSTA PIMENTA,RUI COSTA PIMENTA,25/06/1957,12,Válido,nao,,1,0.01,0.005595971,ANTONIO CARLOS SILVA,ANTÔNIO CARLOS,PCO,v,,,,,04/10/2026 19:20:57,sim
1,04/10/2026,6257,Presidente,1,municipio,PB,19887,2517209,VIEIRÓPOLIS,,,,,PARTIDO LIBERAL,i,PL,0,22,PL,PARTIDO LIBERAL,,22,280002551544,FLAVIO NANTES BOLSONARO,FLAVIO BOLSONARO,30/04/1981,1,Válido,nao,,877,20.80,20.796774959,ALFREDO GASPAR DE MENDONÇA NETO,ALFREDO GASPAR,PL,v,,,,,04/10/2026 20:16:00,sim
1,04/10/2026,6257,Presidente,1,municipio,PB,19887,2517209,VIEIRÓPOLIS,,,,,PARTIDO SOCIAL DEMOCRÁTICO,i,PSD,0,55,PSD,PARTIDO SOCIAL DEMOCRÁTICO,,55,280002551932,RONALDO RAMOS CAIADO,RONALDO CAIADO,25/09/1949,5,Válido,nao,,26,0.62,0.616552051,GILBERTO KASSAB,GILBERTO KASSAB,PSD,v,,,,,04/10/2026 20:16:00,sim
1,04/10/2026,6257,Presidente,1,municipio,PB,19887,2517209,VIEIRÓPOLIS,,PT/PC do B/PV,FEDERAÇÃO BRASIL DA ESPERANÇA - FE BRASIL,PT/PC do B/PV,BRASIL PRONTO PRA MAIS,c,PSB / PDT / PCDOB / PT / PV / PSOL / REDE,,13,PT,PARTIDO DOS TRABALHADORES,101,13,280002542548,LUIZ INÁCIO LULA DA SILVA,LULA,06/10/1945,2,Válido,nao,,3189,75.62,75.622480436,GERALDO JOSE RODRIGUES ALCKMIN FILHO,GERALDO ALCKMIN,PSB,v,,,,,04/10/2026 20:16:00,sim
1,04/10/2026,6257,Presidente,1,municipio,PB,19887,2517209,VIEIRÓPOLIS,,,,,DEMOCRACIA CRISTÃ,i,DC,0,27,DC,DEMOCRACIA CRISTÃ,,27,280002552484,CLARIANA ZACARKIM BARAO,CLARIANA BARAO,03/04/1987,9,Válido,nao,,0,0.00,0,FABIANA CRISTINA TAVARES TORQUATO,FABIANA TORQUATO,DC,v,,,,,04/10/2026 20:16:00,sim
1,04/10/2026,6257,Presidente,1,municipio,PB,19887,2517209,VIEIRÓPOLIS,,,,,PARTIDO COMUNISTA BRASILEIRO,i,PCB,0,21,PCB,PARTIDO COMUNISTA BRASILEIRO,,21,280002551975,EDMILSON SILVA COSTA,EDMILSON COSTA,08/04/1950,10,Válido,nao,,2,0.05,0.047427081,CLEUSA DOS SANTOS,CLEUSA SANTOS,PCB,v,,,,,04/10/2026 20:16:00,sim
1,04/10/2026,6257,Presidente,1,municipio,PB,19887,2517209,VIEIRÓPOLIS,,,,,PARTIDO SOCIALISTA  DOS TRABALHADORES UNIFICADO,i,PSTU,0,16,PSTU,PARTIDO SOCIALISTA  DOS TRABALHADORES UNIFICADO,,16,280002541457,HERTZ DA CONCEICAO DIAS,HERTZ DIAS,20/10/1970,8,Válido,nao,,0,0.00,0,VANESSA PORTUGAL BARBOSA,VANESSA PORTUGAL,PSTU,v,,,,,04/10/2026 20:16:00,sim
1,04/10/2026,6257,Presidente,1,municipio,PB,19887,2517209,VIEIRÓPOLIS,,,,,BRASIL DOS NOSSOS SONHOS,c,AGIR / AVANTE,,70,AVANTE,AVANTE,,70,280002551547,AUGUSTO JORGE CURY,ESCRITOR AUGUSTO CURY,02/10/1958,3,Válido,nao,,75,1.78,1.778515532,JULIO CESAR DELGADO,JÚLIO DELGADO,AVANTE,v,,,,,04/10/2026 20:16:00,sim
1,04/10/2026,6257,Presidente,1,municipio,PB,19887,2517209,VIEIRÓPOLIS,,,,,PARTIDO NOVO,i,NOVO,0,30,NOVO,PARTIDO NOVO,,30,280002539826,ROMEU ZEMA NETO,ZEMA,28/10/1964,6,Válido,nao,,1,0.02,0.023713540,LUIS EDUARDO GRANGEIRO GIRÃO,EDUARDO GIRÃO,NOVO,v,,,,,04/10/2026 20:16:00,sim
1,04/10/2026,6257,Presidente,1,municipio,PB,19887,2517209,VIEIRÓPOLIS,,,,,UNIDADE POPULAR,i,UP,0,80,UP,UNIDADE POPULAR,,80,280002538811,SAMARA MARTINS DA SILVA FEITOSA,SAMARA,31/08/1987,7,Válido,nao,,1,0.02,0.023713540,RAQUEL NONATO DE BRICIO,RAQUEL BRÍCIO,UP,v,,,,,04/10/2026 20:16:00,sim
1,04/10/2026,6257,Presidente,1,municipio,PB,19887,2517209,VIEIRÓPOLIS,,,,,DEMOCRATA,i,DEMOCRATA,0,35,DEMOCRATA,DEMOCRATA,,35,280002548139,WILSON GRASSI JUNIOR,VETERINÁRIO WILSON GRASSI,13/03/1970,11,Válido,nao,,1,0.02,0.023713540,SUÊD HAIDAR NOGUEIRA,SUÊD HAIDAR,DEMOCRATA,v,,,,,04/10/2026 20:16:00,sim
1,04/10/2026,6257,Presidente,1,municipio,PB,19887,2517209,VIEIRÓPOLIS,,,,,PARTIDO MISSÃO,i,MISSÃO,0,14,MISSÃO,PARTIDO MISSÃO,,14,280002540694,RENAN ANTONIO FERREIRA DOS SANTOS,RENAN SANTOS,14/02/1984,4,Válido,nao,,45,1.07,1.067109319,AROLDO MEDINA,CORONEL MEDINA,MISSÃO,v,,,,,04/10/2026 20:16:00,sim
1,04/10/2026,6257,Presidente,1,municipio,PB,19887,2517209,VIEIRÓPOLIS,,,,,PARTIDO DA CAUSA OPERÁRIA,i,PCO,0,29,PCO,PARTIDO DA CAUSA OPERÁRIA,,29,280002552487,RUI COSTA PIMENTA,RUI COSTA PIMENTA,25/06/1957,12,Válido,nao,,0,0.00,0,ANTONIO CARLOS SILVA,ANTÔNIO CARLOS,PCO,v,,,,,04/10/2026 20:16:00,sim
1,04/10/2026,6257,Presidente,1,municipio,PB,19895,2504405,CONCEIÇÃO,,,,,PARTIDO LIBERAL,i,PL,0,22,PL,PARTIDO LIBERAL,,22,280002551544,FLAVIO NANTES BOLSONARO,FLAVIO BOLSONARO,30/04/1981,1,Válido,nao,,2644,23.38,23.379609161,ALFREDO GASPAR DE MENDONÇA NETO,ALFREDO GASPAR,PL,v,,,,,04/10/2026 19:29:39,sim
1,04/10/2026,6257,Presidente,1,municipio,PB,19895,2504405,CONCEIÇÃO,,,,,PARTIDO SOCIAL DEMOCRÁTICO,i,PSD,0,55,PSD,PARTIDO SOCIAL DEMOCRÁTICO,,55,280002551932,RONALDO RAMOS CAIADO,RONALDO CAIADO,25/09/1949,5,Válido,nao,,61,0.54,0.539393403,GILBERTO KASSAB,GILBERTO KASSAB,PSD,v,,,,,04/10/2026 19:29:39,sim
1,04/10/2026,6257,Presidente,1,municipio,PB,19895,2504405,CONCEIÇÃO,,PT/PC do B/PV,FEDERAÇÃO BRASIL DA ESPERANÇA - FE BRASIL,PT/PC do B/PV,BRASIL PRONTO PRA MAIS,c,PSB / PDT / PCDOB / PT / PV / PSOL / REDE,,13,PT,PARTIDO DOS TRABALHADORES,101,13,280002542548,LUIZ INÁCIO LULA DA SILVA,LULA,06/10/1945,2,Válido,nao,,8262,73.06,73.056857370,GERALDO JOSE RODRIGUES ALCKMIN FILHO,GERALDO ALCKMIN,PSB,v,,,,,04/10/2026 19:29:39,sim
1,04/10/2026,6257,Presidente,1,municipio,PB,19895,2504405,CONCEIÇÃO,,,,,PARTIDO SOCIALISTA  DOS TRABALHADORES UNIFICADO,i,PSTU,0,16,PSTU,PARTIDO SOCIALISTA  DOS TRABALHADORES UNIFICADO,,16,280002541457,HERTZ DA CONCEICAO DIAS,HERTZ DIAS,20/10/1970,8,Válido,nao,,2,0.02,0.017685030,VANESSA PORTUGAL BARBOSA,VANESSA PORTUGAL,PSTU,v,,,,,04/10/2026 19:29:39,sim
1,04/10/2026,6257,Presidente,1,municipio,PB,19895,2504405,CONCEIÇÃO,,,,,PARTIDO COMUNISTA BRASILEIRO,i,PCB,0,21,PCB,PARTIDO COMUNISTA BRASILEIRO,,21,280002551975,EDMILSON SILVA COSTA,EDMILSON COSTA,08/04/1950,10,Válido,nao,,1,0.01,0.008842515,CLEUSA DOS SANTOS,CLEUSA SANTOS,PCB,v,,,,,04/10/2026 19:29:39,sim
1,04/10/2026,6257,Presidente,1,municipio,PB,19895,2504405,CONCEIÇÃO,,,,,DEMOCRACIA CRISTÃ,i,DC,0,27,DC,DEMOCRACIA CRISTÃ,,27,280002552484,CLARIANA ZACARKIM BARAO,CLARIANA BARAO,03/04/1987,9,Válido,nao,,2,0.02,0.017685030,FABIANA CRISTINA TAVARES TORQUATO,FABIANA TORQUATO,DC,v,,,,,04/10/2026 19:29:39,sim
1,04/10/2026,6257,Presidente,1,municipio,PB,19895,2504405,CONCEIÇÃO,,,,,PARTIDO NOVO,i,NOVO,0,30,NOVO,PARTIDO NOVO,,30,280002539826,ROMEU ZEMA NETO,ZEMA,28/10/1964,6,Válido,nao,,6,0.05,0.053055089,LUIS EDUARDO GRANGEIRO GIRÃO,EDUARDO GIRÃO,NOVO,v,,,,,04/10/2026 19:29:39,sim
1,04/10/2026,6257,Presidente,1,municipio,PB,19895,2504405,CONCEIÇÃO,,,,,BRASIL DOS NOSSOS SONHOS,c,AGIR / AVANTE,,70,AVANTE,AVANTE,,70,280002551547,AUGUSTO JORGE CURY,ESCRITOR AUGUSTO CURY,02/10/1958,3,Válido,nao,,185,1.64,1.635865240,JULIO CESAR DELGADO,JÚLIO DELGADO,AVANTE,v,,,,,04/10/2026 19:29:39,sim
1,04/10/2026,6257,Presidente,1,municipio,PB,19895,2504405,CONCEIÇÃO,,,,,DEMOCRATA,i,DEMOCRATA,0,35,DEMOCRATA,DEMOCRATA,,35,280002548139,WILSON GRASSI JUNIOR,VETERINÁRIO WILSON GRASSI,13/03/1970,11,Válido,nao,,1,0.01,0.008842515,SUÊD HAIDAR NOGUEIRA,SUÊD HAIDAR,DEMOCRATA,v,,,,,04/10/2026 19:29:39,sim
1,04/10/2026,6257,Presidente,1,municipio,PB,19895,2504405,CONCEIÇÃO,,,,,UNIDADE POPULAR,i,UP,0,80,UP,UNIDADE POPULAR,,80,280002538811,SAMARA MARTINS DA SILVA FEITOSA,SAMARA,31/08/1987,7,Válido,nao,,5,0.04,0.044212574,RAQUEL NONATO DE BRICIO,RAQUEL BRÍCIO,UP,v,,,,,04/10/2026 19:29:39,sim
1,04/10/2026,6257,Presidente,1,municipio,PB,19895,2504405,CONCEIÇÃO,,,,,PARTIDO MISSÃO,i,MISSÃO,0,14,MISSÃO,PARTIDO MISSÃO,,14,280002540694,RENAN ANTONIO FERREIRA DOS SANTOS,RENAN SANTOS,14/02/1984,4,Válido,nao,,140,1.24,1.237952074,AROLDO MEDINA,CORONEL MEDINA,MISSÃO,v,,,,,04/10/2026 19:29:39,sim
1,04/10/2026,6257,Presidente,1,municipio,PB,19895,2504405,CONCEIÇÃO,,,,,PARTIDO DA CAUSA OPERÁRIA,i,PCO,0,29,PCO,PARTIDO DA CAUSA OPERÁRIA,,29,280002552487,RUI COSTA PIMENTA,RUI COSTA PIMENTA,25/06/1957,12,Válido,nao,,0,0.00,0,ANTONIO CARLOS SILVA,ANTÔNIO CARLOS,PCO,v,,,,,04/10/2026 19:29:39,sim
1,04/10/2026,6257,Presidente,1,municipio,PB,19909,2501153,AREIA DE BARAÚNAS,,,,,PARTIDO LIBERAL,i,PL,0,22,PL,PARTIDO LIBERAL,,22,280002551544,FLAVIO NANTES BOLSONARO,FLAVIO BOLSONARO,30/04/1981,1,Válido,nao,,442,24.38,24.379481522,ALFREDO GASPAR DE MENDONÇA NETO,ALFREDO GASPAR,PL,v,,,,,04/10/2026 19:20:58,sim
1,04/10/2026,6257,Presidente,1,municipio,PB,19909,2501153,AREIA DE BARAÚNAS,,,,,PARTIDO SOCIAL DEMOCRÁTICO,i,PSD,0,55,PSD,PARTIDO SOCIAL DEMOCRÁTICO,,55,280002551932,RONALDO RAMOS CAIADO,RONALDO CAIADO,25/09/1949,5,Válido,nao,,10,0.55,0.551571980,GILBERTO KASSAB,GILBERTO KASSAB,PSD,v,,,,,04/10/2026 19:20:58,sim
1,04/10/2026,6257,Presidente,1,municipio,PB,19909,2501153,AREIA DE BARAÚNAS,,PT/PC do B/PV,FEDERAÇÃO BRASIL DA ESPERANÇA - FE BRASIL,PT/PC do B/PV,BRASIL PRONTO PRA MAIS,c,PSB / PDT / PCDOB / PT / PV / PSOL / REDE,,13,PT,PARTIDO DOS TRABALHADORES,101,13,280002542548,LUIZ INÁCIO LULA DA SILVA,LULA,06/10/1945,2,Válido,nao,,1295,71.43,71.428571429,GERALDO JOSE RODRIGUES ALCKMIN FILHO,GERALDO ALCKMIN,PSB,v,,,,,04/10/2026 19:20:58,sim
1,04/10/2026,6257,Presidente,1,municipio,PB,19909,2501153,AREIA DE BARAÚNAS,,,,,DEMOCRACIA CRISTÃ,i,DC,0,27,DC,DEMOCRACIA CRISTÃ,,27,280002552484,CLARIANA ZACARKIM BARAO,CLARIANA BARAO,03/04/1987,9,Válido,nao,,1,0.06,0.055157198,FABIANA CRISTINA TAVARES TORQUATO,FABIANA TORQUATO,DC,v,,,,,04/10/2026 19:20:58,sim
1,04/10/2026,6257,Presidente,1,municipio,PB,19909,2501153,AREIA DE BARAÚNAS,,,,,PARTIDO COMUNISTA BRASILEIRO,i,PCB,0,21,PCB,PARTIDO COMUNISTA BRASILEIRO,,21,280002551975,EDMILSON SILVA COSTA,EDMILSON COSTA,08/04/1950,10,Válido,nao,,1,0.06,0.055157198,CLEUSA DOS SANTOS,CLEUSA SANTOS,PCB,v,,,,,04/10/2026 19:20:58,sim
1,04/10/2026,6257,Presidente,1,municipio,PB,19909,2501153,AREIA DE BARAÚNAS,,,,,PARTIDO SOCIALISTA  DOS TRABALHADORES UNIFICADO,i,PSTU,0,16,PSTU,PARTIDO SOCIALISTA  DOS TRABALHADORES UNIFICADO,,16,280002541457,HERTZ DA CONCEICAO DIAS,HERTZ DIAS,20/10/1970,8,Válido,nao,,0,0.00,0,VANESSA PORTUGAL BARBOSA,VANESSA PORTUGAL,PSTU,v,,,,,04/10/2026 19:20:58,sim
1,04/10/2026,6257,Presidente,1,municipio,PB,19909,2501153,AREIA DE BARAÚNAS,,,,,BRASIL DOS NOSSOS SONHOS,c,AGIR / AVANTE,,70,AVANTE,AVANTE,,70,280002551547,AUGUSTO JORGE CURY,ESCRITOR AUGUSTO CURY,02/10/1958,3,Válido,nao,,45,2.48,2.482073911,JULIO CESAR DELGADO,JÚLIO DELGADO,AVANTE,v,,,,,04/10/2026 19:20:58,sim
1,04/10/2026,6257,Presidente,1,municipio,PB,19909,2501153,AREIA DE BARAÚNAS,,,,,PARTIDO NOVO,i,NOVO,0,30,NOVO,PARTIDO NOVO,,30,280002539826,ROMEU ZEMA NETO,ZEMA,28/10/1964,6,Válido,nao,,1,0.06,0.055157198,LUIS EDUARDO GRANGEIRO GIRÃO,EDUARDO GIRÃO,NOVO,v,,,,,04/10/2026 19:20:58,sim
1,04/10/2026,6257,Presidente,1,municipio,PB,19909,2501153,AREIA DE BARAÚNAS,,,,,UNIDADE POPULAR,i,UP,0,80,UP,UNIDADE POPULAR,,80,280002538811,SAMARA MARTINS DA SILVA FEITOSA,SAMARA,31/08/1987,7,Válido,nao,,0,0.00,0,RAQUEL NONATO DE BRICIO,RAQUEL BRÍCIO,UP,v,,,,,04/10/2026 19:20:58,sim
1,04/10/2026,6257,Presidente,1,municipio,PB,19909,2501153,AREIA DE BARAÚNAS,,,,,DEMOCRATA,i,DEMOCRATA,0,35,DEMOCRATA,DEMOCRATA,,35,280002548139,WILSON GRASSI JUNIOR,VETERINÁRIO WILSON GRASSI,13/03/1970,11,Válido,nao,,0,0.00,0,SUÊD HAIDAR NOGUEIRA,SUÊD HAIDAR,DEMOCRATA,v,,,,,04/10/2026 19:20:58,sim
1,04/10/2026,6257,Presidente,1,municipio,PB,19909,2501153,AREIA DE BARAÚNAS,,,,,PARTIDO MISSÃO,i,MISSÃO,0,14,MISSÃO,PARTIDO MISSÃO,,14,280002540694,RENAN ANTONIO FERREIRA DOS SANTOS,RENAN SANTOS,14/02/1984,4,Válido,nao,,18,0.99,0.992829564,AROLDO MEDINA,CORONEL MEDINA,MISSÃO,v,,,,,04/10/2026 19:20:58,sim
1,04/10/2026,6257,Presidente,1,municipio,PB,19909,2501153,AREIA DE BARAÚNAS,,,,,PARTIDO DA CAUSA OPERÁRIA,i,PCO,0,29,PCO,PARTIDO DA CAUSA OPERÁRIA,,29,280002552487,RUI COSTA PIMENTA,RUI COSTA PIMENTA,25/06/1957,12,Válido,nao,,0,0.00,0,ANTONIO CARLOS SILVA,ANTÔNIO CARLOS,PCO,v,,,,,04/10/2026 19:20:58,sim
1,04/10/2026,6257,Presidente,1,municipio,PB,19917,2504504,CONDADO,,,,,PARTIDO LIBERAL,i,PL,0,22,PL,PARTIDO LIBERAL,,22,280002551544,FLAVIO NANTES BOLSONARO,FLAVIO BOLSONARO,30/04/1981,1,Válido,nao,,865,19.99,19.986136784,ALFREDO GASPAR DE MENDONÇA NETO,ALFREDO GASPAR,PL,v,,,,,04/10/2026 20:07:48,sim
1,04/10/2026,6257,Presidente,1,municipio,PB,19917,2504504,CONDADO,,,,,PARTIDO SOCIAL DEMOCRÁTICO,i,PSD,0,55,PSD,PARTIDO SOCIAL DEMOCRÁTICO,,55,280002551932,RONALDO RAMOS CAIADO,RONALDO CAIADO,25/09/1949,5,Válido,nao,,11,0.25,0.254158965,GILBERTO KASSAB,GILBERTO KASSAB,PSD,v,,,,,04/10/2026 20:07:48,sim
1,04/10/2026,6257,Presidente,1,municipio,PB,19917,2504504,CONDADO,,PT/PC do B/PV,FEDERAÇÃO BRASIL DA ESPERANÇA - FE BRASIL,PT/PC do B/PV,BRASIL PRONTO PRA MAIS,c,PSB / PDT / PCDOB / PT / PV / PSOL / REDE,,13,PT,PARTIDO DOS TRABALHADORES,101,13,280002542548,LUIZ INÁCIO LULA DA SILVA,LULA,06/10/1945,2,Válido,nao,,3307,76.41,76.409426987,GERALDO JOSE RODRIGUES ALCKMIN FILHO,GERALDO ALCKMIN,PSB,v,,,,,04/10/2026 20:07:48,sim
1,04/10/2026,6257,Presidente,1,municipio,PB,19917,2504504,CONDADO,,,,,DEMOCRACIA CRISTÃ,i,DC,0,27,DC,DEMOCRACIA CRISTÃ,,27,280002552484,CLARIANA ZACARKIM BARAO,CLARIANA BARAO,03/04/1987,9,Válido,nao,,1,0.02,0.023105360,FABIANA CRISTINA TAVARES TORQUATO,FABIANA TORQUATO,DC,v,,,,,04/10/2026 20:07:48,sim
1,04/10/2026,6257,Presidente,1,municipio,PB,19917,2504504,CONDADO,,,,,PARTIDO COMUNISTA BRASILEIRO,i,PCB,0,21,PCB,PARTIDO COMUNISTA BRASILEIRO,,21,280002551975,EDMILSON SILVA COSTA,EDMILSON COSTA,08/04/1950,10,Válido,nao,,1,0.02,0.023105360,CLEUSA DOS SANTOS,CLEUSA SANTOS,PCB,v,,,,,04/10/2026 20:07:48,sim
1,04/10/2026,6257,Presidente,1,municipio,PB,19917,2504504,CONDADO,,,,,PARTIDO SOCIALISTA  DOS TRABALHADORES UNIFICADO,i,PSTU,0,16,PSTU,PARTIDO SOCIALISTA  DOS TRABALHADORES UNIFICADO,,16,280002541457,HERTZ DA CONCEICAO DIAS,HERTZ DIAS,20/10/1970,8,Válido,nao,,0,0.00,0,VANESSA PORTUGAL BARBOSA,VANESSA PORTUGAL,PSTU,v,,,,,04/10/2026 20:07:48,sim
1,04/10/2026,6257,Presidente,1,municipio,PB,19917,2504504,CONDADO,,,,,BRASIL DOS NOSSOS SONHOS,c,AGIR / AVANTE,,70,AVANTE,AVANTE,,70,280002551547,AUGUSTO JORGE CURY,ESCRITOR AUGUSTO CURY,02/10/1958,3,Válido,nao,,98,2.26,2.264325323,JULIO CESAR DELGADO,JÚLIO DELGADO,AVANTE,v,,,,,04/10/2026 20:07:48,sim
1,04/10/2026,6257,Presidente,1,municipio,PB,19917,2504504,CONDADO,,,,,PARTIDO NOVO,i,NOVO,0,30,NOVO,PARTIDO NOVO,,30,280002539826,ROMEU ZEMA NETO,ZEMA,28/10/1964,6,Válido,nao,,4,0.09,0.092421442,LUIS EDUARDO GRANGEIRO GIRÃO,EDUARDO GIRÃO,NOVO,v,,,,,04/10/2026 20:07:48,sim
1,04/10/2026,6257,Presidente,1,municipio,PB,19917,2504504,CONDADO,,,,,UNIDADE POPULAR,i,UP,0,80,UP,UNIDADE POPULAR,,80,280002538811,SAMARA MARTINS DA SILVA FEITOSA,SAMARA,31/08/1987,7,Válido,nao,,1,0.02,0.023105360,RAQUEL NONATO DE BRICIO,RAQUEL BRÍCIO,UP,v,,,,,04/10/2026 20:07:48,sim
1,04/10/2026,6257,Presidente,1,municipio,PB,19917,2504504,CONDADO,,,,,DEMOCRATA,i,DEMOCRATA,0,35,DEMOCRATA,DEMOCRATA,,35,280002548139,WILSON GRASSI JUNIOR,VETERINÁRIO WILSON GRASSI,13/03/1970,11,Válido,nao,,0,0.00,0,SUÊD HAIDAR NOGUEIRA,SUÊD HAIDAR,DEMOCRATA,v,,,,,04/10/2026 20:07:48,sim
1,04/10/2026,6257,Presidente,1,municipio,PB,19917,2504504,CONDADO,,,,,PARTIDO MISSÃO,i,MISSÃO,0,14,MISSÃO,PARTIDO MISSÃO,,14,280002540694,RENAN ANTONIO FERREIRA DOS SANTOS,RENAN SANTOS,14/02/1984,4,Válido,nao,,40,0.92,0.924214418,AROLDO MEDINA,CORONEL MEDINA,MISSÃO,v,,,,,04/10/2026 20:07:48,sim
1,04/10/2026,6257,Presidente,1,municipio,PB,19917,2504504,CONDADO,,,,,PARTIDO DA CAUSA OPERÁRIA,i,PCO,0,29,PCO,PARTIDO DA CAUSA OPERÁRIA,,29,280002552487,RUI COSTA PIMENTA,RUI COSTA PIMENTA,25/06/1957,12,Válido,nao,,0,0.00,0,ANTONIO CARLOS SILVA,ANTÔNIO CARLOS,PCO,v,,,,,04/10/2026 20:07:48,sim
1,04/10/2026,6257,Presidente,1,municipio,PB,19925,2500577,ALGODÃO DE JANDAÍRA,,,,,PARTIDO LIBERAL,i,PL,0,22,PL,PARTIDO LIBERAL,,22,280002551544,FLAVIO NANTES BOLSONARO,FLAVIO BOLSONARO,30/04/1981,1,Válido,nao,,326,13.78,13.784355180,ALFREDO GASPAR DE MENDONÇA NETO,ALFREDO GASPAR,PL,v,,,,,04/10/2026 18:44:45,sim
1,04/10/2026,6257,Presidente,1,municipio,PB,19925,2500577,ALGODÃO DE JANDAÍRA,,,,,PARTIDO SOCIAL DEMOCRÁTICO,i,PSD,0,55,PSD,PARTIDO SOCIAL DEMOCRÁTICO,,55,280002551932,RONALDO RAMOS CAIADO,RONALDO CAIADO,25/09/1949,4,Válido,nao,,6,0.25,0.253699789,GILBERTO KASSAB,GILBERTO KASSAB,PSD,v,,,,,04/10/2026 18:44:45,sim
1,04/10/2026,6257,Presidente,1,municipio,PB,19925,2500577,ALGODÃO DE JANDAÍRA,,PT/PC do B/PV,FEDERAÇÃO BRASIL DA ESPERANÇA - FE BRASIL,PT/PC do B/PV,BRASIL PRONTO PRA MAIS,c,PSB / PDT / PCDOB / PT / PV / PSOL / REDE,,13,PT,PARTIDO DOS TRABALHADORES,101,13,280002542548,LUIZ INÁCIO LULA DA SILVA,LULA,06/10/1945,2,Válido,nao,,1968,83.21,83.213530655,GERALDO JOSE RODRIGUES ALCKMIN FILHO,GERALDO ALCKMIN,PSB,v,,,,,04/10/2026 18:44:45,sim
1,04/10/2026,6257,Presidente,1,municipio,PB,19925,2500577,ALGODÃO DE JANDAÍRA,,,,,DEMOCRACIA CRISTÃ,i,DC,0,27,DC,DEMOCRACIA CRISTÃ,,27,280002552484,CLARIANA ZACARKIM BARAO,CLARIANA BARAO,03/04/1987,9,Válido,nao,,0,0.00,0,FABIANA CRISTINA TAVARES TORQUATO,FABIANA TORQUATO,DC,v,,,,,04/10/2026 18:44:45,sim
1,04/10/2026,6257,Presidente,1,municipio,PB,19925,2500577,ALGODÃO DE JANDAÍRA,,,,,PARTIDO COMUNISTA BRASILEIRO,i,PCB,0,21,PCB,PARTIDO COMUNISTA BRASILEIRO,,21,280002551975,EDMILSON SILVA COSTA,EDMILSON COSTA,08/04/1950,10,Válido,nao,,0,0.00,0,CLEUSA DOS SANTOS,CLEUSA SANTOS,PCB,v,,,,,04/10/2026 18:44:45,sim
1,04/10/2026,6257,Presidente,1,municipio,PB,19925,2500577,ALGODÃO DE JANDAÍRA,,,,,PARTIDO SOCIALISTA  DOS TRABALHADORES UNIFICADO,i,PSTU,0,16,PSTU,PARTIDO SOCIALISTA  DOS TRABALHADORES UNIFICADO,,16,280002541457,HERTZ DA CONCEICAO DIAS,HERTZ DIAS,20/10/1970,8,Válido,nao,,1,0.04,0.042283298,VANESSA PORTUGAL BARBOSA,VANESSA PORTUGAL,PSTU,v,,,,,04/10/2026 18:44:45,sim
1,04/10/2026,6257,Presidente,1,municipio,PB,19925,2500577,ALGODÃO DE JANDAÍRA,,,,,BRASIL DOS NOSSOS SONHOS,c,AGIR / AVANTE,,70,AVANTE,AVANTE,,70,280002551547,AUGUSTO JORGE CURY,ESCRITOR AUGUSTO CURY,02/10/1958,3,Válido,nao,,43,1.82,1.818181818,JULIO CESAR DELGADO,JÚLIO DELGADO,AVANTE,v,,,,,04/10/2026 18:44:45,sim
1,04/10/2026,6257,Presidente,1,municipio,PB,19925,2500577,ALGODÃO DE JANDAÍRA,,,,,PARTIDO NOVO,i,NOVO,0,30,NOVO,PARTIDO NOVO,,30,280002539826,ROMEU ZEMA NETO,ZEMA,28/10/1964,6,Válido,nao,,1,0.04,0.042283298,LUIS EDUARDO GRANGEIRO GIRÃO,EDUARDO GIRÃO,NOVO,v,,,,,04/10/2026 18:44:45,sim
1,04/10/2026,6257,Presidente,1,municipio,PB,19925,2500577,ALGODÃO DE JANDAÍRA,,,,,UNIDADE POPULAR,i,UP,0,80,UP,UNIDADE POPULAR,,80,280002538811,SAMARA MARTINS DA SILVA FEITOSA,SAMARA,31/08/1987,7,Válido,nao,,0,0.00,0,RAQUEL NONATO DE BRICIO,RAQUEL BRÍCIO,UP,v,,,,,04/10/2026 18:44:45,sim
1,04/10/2026,6257,Presidente,1,municipio,PB,19925,2500577,ALGODÃO DE JANDAÍRA,,,,,DEMOCRATA,i,DEMOCRATA,0,35,DEMOCRATA,DEMOCRATA,,35,280002548139,WILSON GRASSI JUNIOR,VETERINÁRIO WILSON GRASSI,13/03/1970,11,Válido,nao,,0,0.00,0,SUÊD HAIDAR NOGUEIRA,SUÊD HAIDAR,DEMOCRATA,v,,,,,04/10/2026 18:44:45,sim
1,04/10/2026,6257,Presidente,1,municipio,PB,19925,2500577,ALGODÃO DE JANDAÍRA,,,,,PARTIDO MISSÃO,i,MISSÃO,0,14,MISSÃO,PARTIDO MISSÃO,,14,280002540694,RENAN ANTONIO FERREIRA DOS SANTOS,RENAN SANTOS,14/02/1984,5,Válido,nao,,20,0.85,0.845665962,AROLDO MEDINA,CORONEL MEDINA,MISSÃO,v,,,,,04/10/2026 18:44:45,sim
1,04/10/2026,6257,Presidente,1,municipio,PB,19925,2500577,ALGODÃO DE JANDAÍRA,,,,,PARTIDO DA CAUSA OPERÁRIA,i,PCO,0,29,PCO,PARTIDO DA CAUSA OPERÁRIA,,29,280002552487,RUI COSTA PIMENTA,RUI COSTA PIMENTA,25/06/1957,12,Válido,nao,,0,0.00,0,ANTONIO CARLOS SILVA,ANTÔNIO CARLOS,PCO,v,,,,,04/10/2026 18:44:45,sim
1,04/10/2026,6257,Presidente,1,municipio,PB,19933,2504603,CONDE,,,,,PARTIDO LIBERAL,i,PL,0,22,PL,PARTIDO LIBERAL,,22,280002551544,FLAVIO NANTES BOLSONARO,FLAVIO BOLSONARO,30/04/1981,1,Válido,nao,,7703,38.12,38.118566904,ALFREDO GASPAR DE MENDONÇA NETO,ALFREDO GASPAR,PL,v,,,,,04/10/2026 23:12:51,sim
1,04/10/2026,6257,Presidente,1,municipio,PB,19933,2504603,CONDE,,,,,PARTIDO SOCIAL DEMOCRÁTICO,i,PSD,0,55,PSD,PARTIDO SOCIAL DEMOCRÁTICO,,55,280002551932,RONALDO RAMOS CAIADO,RONALDO CAIADO,25/09/1949,5,Válido,nao,,146,0.72,0.722486144,GILBERTO KASSAB,GILBERTO KASSAB,PSD,v,,,,,04/10/2026 23:12:51,sim
1,04/10/2026,6257,Presidente,1,municipio,PB,19933,2504603,CONDE,,PT/PC do B/PV,FEDERAÇÃO BRASIL DA ESPERANÇA - FE BRASIL,PT/PC do B/PV,BRASIL PRONTO PRA MAIS,c,PSB / PDT / PCDOB / PT / PV / PSOL / REDE,,13,PT,PARTIDO DOS TRABALHADORES,101,13,280002542548,LUIZ INÁCIO LULA DA SILVA,LULA,06/10/1945,2,Válido,nao,,11440,56.61,56.611243072,GERALDO JOSE RODRIGUES ALCKMIN FILHO,GERALDO ALCKMIN,PSB,v,,,,,04/10/2026 23:12:51,sim
1,04/10/2026,6257,Presidente,1,municipio,PB,19933,2504603,CONDE,,,,,DEMOCRACIA CRISTÃ,i,DC,0,27,DC,DEMOCRACIA CRISTÃ,,27,280002552484,CLARIANA ZACARKIM BARAO,CLARIANA BARAO,03/04/1987,9,Válido,nao,,3,0.01,0.014845606,FABIANA CRISTINA TAVARES TORQUATO,FABIANA TORQUATO,DC,v,,,,,04/10/2026 23:12:51,sim
1,04/10/2026,6257,Presidente,1,municipio,PB,19933,2504603,CONDE,,,,,PARTIDO COMUNISTA BRASILEIRO,i,PCB,0,21,PCB,PARTIDO COMUNISTA BRASILEIRO,,21,280002551975,EDMILSON SILVA COSTA,EDMILSON COSTA,08/04/1950,10,Válido,nao,,1,0.01,0.004948535,CLEUSA DOS SANTOS,CLEUSA SANTOS,PCB,v,,,,,04/10/2026 23:12:51,sim
1,04/10/2026,6257,Presidente,1,municipio,PB,19933,2504603,CONDE,,,,,PARTIDO SOCIALISTA  DOS TRABALHADORES UNIFICADO,i,PSTU,0,16,PSTU,PARTIDO SOCIALISTA  DOS TRABALHADORES UNIFICADO,,16,280002541457,HERTZ DA CONCEICAO DIAS,HERTZ DIAS,20/10/1970,8,Válido,nao,,2,0.01,0.009897070,VANESSA PORTUGAL BARBOSA,VANESSA PORTUGAL,PSTU,v,,,,,04/10/2026 23:12:51,sim
1,04/10/2026,6257,Presidente,1,municipio,PB,19933,2504603,CONDE,,,,,BRASIL DOS NOSSOS SONHOS,c,AGIR / AVANTE,,70,AVANTE,AVANTE,,70,280002551547,AUGUSTO JORGE CURY,ESCRITOR AUGUSTO CURY,02/10/1958,3,Válido,nao,,580,2.87,2.870150435,JULIO CESAR DELGADO,JÚLIO DELGADO,AVANTE,v,,,,,04/10/2026 23:12:51,sim
1,04/10/2026,6257,Presidente,1,municipio,PB,19933,2504603,CONDE,,,,,PARTIDO NOVO,i,NOVO,0,30,NOVO,PARTIDO NOVO,,30,280002539826,ROMEU ZEMA NETO,ZEMA,28/10/1964,6,Válido,nao,,14,0.07,0.069279493,LUIS EDUARDO GRANGEIRO GIRÃO,EDUARDO GIRÃO,NOVO,v,,,,,04/10/2026 23:12:51,sim
1,04/10/2026,6257,Presidente,1,municipio,PB,19933,2504603,CONDE,,,,,UNIDADE POPULAR,i,UP,0,80,UP,UNIDADE POPULAR,,80,280002538811,SAMARA MARTINS DA SILVA FEITOSA,SAMARA,31/08/1987,7,Válido,nao,,8,0.04,0.039588282,RAQUEL NONATO DE BRICIO,RAQUEL BRÍCIO,UP,v,,,,,04/10/2026 23:12:51,sim
1,04/10/2026,6257,Presidente,1,municipio,PB,19933,2504603,CONDE,,,,,DEMOCRATA,i,DEMOCRATA,0,35,DEMOCRATA,DEMOCRATA,,35,280002548139,WILSON GRASSI JUNIOR,VETERINÁRIO WILSON GRASSI,13/03/1970,11,Válido,nao,,1,0.01,0.004948535,SUÊD HAIDAR NOGUEIRA,SUÊD HAIDAR,DEMOCRATA,v,,,,,04/10/2026 23:12:51,sim
1,04/10/2026,6257,Presidente,1,municipio,PB,19933,2504603,CONDE,,,,,PARTIDO MISSÃO,i,MISSÃO,0,14,MISSÃO,PARTIDO MISSÃO,,14,280002540694,RENAN ANTONIO FERREIRA DOS SANTOS,RENAN SANTOS,14/02/1984,4,Válido,nao,,306,1.51,1.514251781,AROLDO MEDINA,CORONEL MEDINA,MISSÃO,v,,,,,04/10/2026 23:12:51,sim
1,04/10/2026,6257,Presidente,1,municipio,PB,19933,2504603,CONDE,,,,,PARTIDO DA CAUSA OPERÁRIA,i,PCO,0,29,PCO,PARTIDO DA CAUSA OPERÁRIA,,29,280002552487,RUI COSTA PIMENTA,RUI COSTA PIMENTA,25/06/1957,12,Válido,nao,,4,0.02,0.019794141,ANTONIO CARLOS SILVA,ANTÔNIO CARLOS,PCO,v,,,,,04/10/2026 23:12:51,sim
1,04/10/2026,6257,Presidente,1,municipio,PB,19941,2502151,BOA VISTA,,,,,PARTIDO LIBERAL,i,PL,0,22,PL,PARTIDO LIBERAL,,22,280002551544,FLAVIO NANTES BOLSONARO,FLAVIO BOLSONARO,30/04/1981,1,Válido,nao,,1566,30.95,30.954734137,ALFREDO GASPAR DE MENDONÇA NETO,ALFREDO GASPAR,PL,v,,,,,04/10/2026 20:54:44,sim
1,04/10/2026,6257,Presidente,1,municipio,PB,19941,2502151,BOA VISTA,,,,,PARTIDO SOCIAL DEMOCRÁTICO,i,PSD,0,55,PSD,PARTIDO SOCIAL DEMOCRÁTICO,,55,280002551932,RONALDO RAMOS CAIADO,RONALDO CAIADO,25/09/1949,5,Válido,nao,,42,0.83,0.830203598,GILBERTO KASSAB,GILBERTO KASSAB,PSD,v,,,,,04/10/2026 20:54:44,sim
1,04/10/2026,6257,Presidente,1,municipio,PB,19941,2502151,BOA VISTA,,PT/PC do B/PV,FEDERAÇÃO BRASIL DA ESPERANÇA - FE BRASIL,PT/PC do B/PV,BRASIL PRONTO PRA MAIS,c,PSB / PDT / PCDOB / PT / PV / PSOL / REDE,,13,PT,PARTIDO DOS TRABALHADORES,101,13,280002542548,LUIZ INÁCIO LULA DA SILVA,LULA,06/10/1945,2,Válido,nao,,3243,64.10,64.103577782,GERALDO JOSE RODRIGUES ALCKMIN FILHO,GERALDO ALCKMIN,PSB,v,,,,,04/10/2026 20:54:44,sim
1,04/10/2026,6257,Presidente,1,municipio,PB,19941,2502151,BOA VISTA,,,,,DEMOCRACIA CRISTÃ,i,DC,0,27,DC,DEMOCRACIA CRISTÃ,,27,280002552484,CLARIANA ZACARKIM BARAO,CLARIANA BARAO,03/04/1987,9,Válido,nao,,0,0.00,0,FABIANA CRISTINA TAVARES TORQUATO,FABIANA TORQUATO,DC,v,,,,,04/10/2026 20:54:44,sim
1,04/10/2026,6257,Presidente,1,municipio,PB,19941,2502151,BOA VISTA,,,,,PARTIDO COMUNISTA BRASILEIRO,i,PCB,0,21,PCB,PARTIDO COMUNISTA BRASILEIRO,,21,280002551975,EDMILSON SILVA COSTA,EDMILSON COSTA,08/04/1950,10,Válido,nao,,0,0.00,0,CLEUSA DOS SANTOS,CLEUSA SANTOS,PCB,v,,,,,04/10/2026 20:54:44,sim
1,04/10/2026,6257,Presidente,1,municipio,PB,19941,2502151,BOA VISTA,,,,,PARTIDO SOCIALISTA  DOS TRABALHADORES UNIFICADO,i,PSTU,0,16,PSTU,PARTIDO SOCIALISTA  DOS TRABALHADORES UNIFICADO,,16,280002541457,HERTZ DA CONCEICAO DIAS,HERTZ DIAS,20/10/1970,8,Válido,nao,,1,0.02,0.019766752,VANESSA PORTUGAL BARBOSA,VANESSA PORTUGAL,PSTU,v,,,,,04/10/2026 20:54:44,sim
1,04/10/2026,6257,Presidente,1,municipio,PB,19941,2502151,BOA VISTA,,,,,BRASIL DOS NOSSOS SONHOS,c,AGIR / AVANTE,,70,AVANTE,AVANTE,,70,280002551547,AUGUSTO JORGE CURY,ESCRITOR AUGUSTO CURY,02/10/1958,3,Válido,nao,,126,2.49,2.490610793,JULIO CESAR DELGADO,JÚLIO DELGADO,AVANTE,v,,,,,04/10/2026 20:54:44,sim
1,04/10/2026,6257,Presidente,1,municipio,PB,19941,2502151,BOA VISTA,,,,,PARTIDO NOVO,i,NOVO,0,30,NOVO,PARTIDO NOVO,,30,280002539826,ROMEU ZEMA NETO,ZEMA,28/10/1964,6,Válido,nao,,0,0.00,0,LUIS EDUARDO GRANGEIRO GIRÃO,EDUARDO GIRÃO,NOVO,v,,,,,04/10/2026 20:54:44,sim
1,04/10/2026,6257,Presidente,1,municipio,PB,19941,2502151,BOA VISTA,,,,,UNIDADE POPULAR,i,UP,0,80,UP,UNIDADE POPULAR,,80,280002538811,SAMARA MARTINS DA SILVA FEITOSA,SAMARA,31/08/1987,7,Válido,nao,,3,0.06,0.059300257,RAQUEL NONATO DE BRICIO,RAQUEL BRÍCIO,UP,v,,,,,04/10/2026 20:54:44,sim
1,04/10/2026,6257,Presidente,1,municipio,PB,19941,2502151,BOA VISTA,,,,,DEMOCRATA,i,DEMOCRATA,0,35,DEMOCRATA,DEMOCRATA,,35,280002548139,WILSON GRASSI JUNIOR,VETERINÁRIO WILSON GRASSI,13/03/1970,11,Válido,nao,,0,0.00,0,SUÊD HAIDAR NOGUEIRA,SUÊD HAIDAR,DEMOCRATA,v,,,,,04/10/2026 20:54:44,sim
1,04/10/2026,6257,Presidente,1,municipio,PB,19941,2502151,BOA VISTA,,,,,PARTIDO MISSÃO,i,MISSÃO,0,14,MISSÃO,PARTIDO MISSÃO,,14,280002540694,RENAN ANTONIO FERREIRA DOS SANTOS,RENAN SANTOS,14/02/1984,4,Válido,nao,,76,1.50,1.502273177,AROLDO MEDINA,CORONEL MEDINA,MISSÃO,v,,,,,04/10/2026 20:54:44,sim
1,04/10/2026,6257,Presidente,1,municipio,PB,19941,2502151,BOA VISTA,,,,,PARTIDO DA CAUSA OPERÁRIA,i,PCO,0,29,PCO,PARTIDO DA CAUSA OPERÁRIA,,29,280002552487,RUI COSTA PIMENTA,RUI COSTA PIMENTA,25/06/1957,12,Válido,nao,,2,0.04,0.039533505,ANTONIO CARLOS SILVA,ANTÔNIO CARLOS,PCO,v,,,,,04/10/2026 20:54:44,sim
1,04/10/2026,6257,Presidente,1,municipio,PB,19950,2504702,CONGO,,,,,PARTIDO LIBERAL,i,PL,0,22,PL,PARTIDO LIBERAL,,22,280002551544,FLAVIO NANTES BOLSONARO,FLAVIO BOLSONARO,30/04/1981,1,Válido,nao,,849,19.69,19.689239332,ALFREDO GASPAR DE MENDONÇA NETO,ALFREDO GASPAR,PL,v,,,,,04/10/2026 20:37:30,sim
1,04/10/2026,6257,Presidente,1,municipio,PB,19950,2504702,CONGO,,,,,PARTIDO SOCIAL DEMOCRÁTICO,i,PSD,0,55,PSD,PARTIDO SOCIAL DEMOCRÁTICO,,55,280002551932,RONALDO RAMOS CAIADO,RONALDO CAIADO,25/09/1949,5,Válido,nao,,14,0.32,0.324675325,GILBERTO KASSAB,GILBERTO KASSAB,PSD,v,,,,,04/10/2026 20:37:30,sim
1,04/10/2026,6257,Presidente,1,municipio,PB,19950,2504702,CONGO,,PT/PC do B/PV,FEDERAÇÃO BRASIL DA ESPERANÇA - FE BRASIL,PT/PC do B/PV,BRASIL PRONTO PRA MAIS,c,PSB / PDT / PCDOB / PT / PV / PSOL / REDE,,13,PT,PARTIDO DOS TRABALHADORES,101,13,280002542548,LUIZ INÁCIO LULA DA SILVA,LULA,06/10/1945,2,Válido,nao,,3307,76.69,76.692949907,GERALDO JOSE RODRIGUES ALCKMIN FILHO,GERALDO ALCKMIN,PSB,v,,,,,04/10/2026 20:37:30,sim
1,04/10/2026,6257,Presidente,1,municipio,PB,19950,2504702,CONGO,,,,,DEMOCRACIA CRISTÃ,i,DC,0,27,DC,DEMOCRACIA CRISTÃ,,27,280002552484,CLARIANA ZACARKIM BARAO,CLARIANA BARAO,03/04/1987,9,Válido,nao,,0,0.00,0,FABIANA CRISTINA TAVARES TORQUATO,FABIANA TORQUATO,DC,v,,,,,04/10/2026 20:37:30,sim
1,04/10/2026,6257,Presidente,1,municipio,PB,19950,2504702,CONGO,,,,,PARTIDO COMUNISTA BRASILEIRO,i,PCB,0,21,PCB,PARTIDO COMUNISTA BRASILEIRO,,21,280002551975,EDMILSON SILVA COSTA,EDMILSON COSTA,08/04/1950,10,Válido,nao,,0,0.00,0,CLEUSA DOS SANTOS,CLEUSA SANTOS,PCB,v,,,,,04/10/2026 20:37:30,sim
1,04/10/2026,6257,Presidente,1,municipio,PB,19950,2504702,CONGO,,,,,PARTIDO SOCIALISTA  DOS TRABALHADORES UNIFICADO,i,PSTU,0,16,PSTU,PARTIDO SOCIALISTA  DOS TRABALHADORES UNIFICADO,,16,280002541457,HERTZ DA CONCEICAO DIAS,HERTZ DIAS,20/10/1970,8,Válido,nao,,0,0.00,0,VANESSA PORTUGAL BARBOSA,VANESSA PORTUGAL,PSTU,v,,,,,04/10/2026 20:37:30,sim
1,04/10/2026,6257,Presidente,1,municipio,PB,19950,2504702,CONGO,,,,,BRASIL DOS NOSSOS SONHOS,c,AGIR / AVANTE,,70,AVANTE,AVANTE,,70,280002551547,AUGUSTO JORGE CURY,ESCRITOR AUGUSTO CURY,02/10/1958,3,Válido,nao,,80,1.86,1.855287570,JULIO CESAR DELGADO,JÚLIO DELGADO,AVANTE,v,,,,,04/10/2026 20:37:30,sim
1,04/10/2026,6257,Presidente,1,municipio,PB,19950,2504702,CONGO,,,,,PARTIDO NOVO,i,NOVO,0,30,NOVO,PARTIDO NOVO,,30,280002539826,ROMEU ZEMA NETO,ZEMA,28/10/1964,6,Válido,nao,,2,0.05,0.046382189,LUIS EDUARDO GRANGEIRO GIRÃO,EDUARDO GIRÃO,NOVO,v,,,,,04/10/2026 20:37:30,sim
1,04/10/2026,6257,Presidente,1,municipio,PB,19950,2504702,CONGO,,,,,UNIDADE POPULAR,i,UP,0,80,UP,UNIDADE POPULAR,,80,280002538811,SAMARA MARTINS DA SILVA FEITOSA,SAMARA,31/08/1987,7,Válido,nao,,1,0.02,0.023191095,RAQUEL NONATO DE BRICIO,RAQUEL BRÍCIO,UP,v,,,,,04/10/2026 20:37:30,sim
1,04/10/2026,6257,Presidente,1,municipio,PB,19950,2504702,CONGO,,,,,DEMOCRATA,i,DEMOCRATA,0,35,DEMOCRATA,DEMOCRATA,,35,280002548139,WILSON GRASSI JUNIOR,VETERINÁRIO WILSON GRASSI,13/03/1970,11,Válido,nao,,0,0.00,0,SUÊD HAIDAR NOGUEIRA,SUÊD HAIDAR,DEMOCRATA,v,,,,,04/10/2026 20:37:30,sim
1,04/10/2026,6257,Presidente,1,municipio,PB,19950,2504702,CONGO,,,,,PARTIDO MISSÃO,i,MISSÃO,0,14,MISSÃO,PARTIDO MISSÃO,,14,280002540694,RENAN ANTONIO FERREIRA DOS SANTOS,RENAN SANTOS,14/02/1984,4,Válido,nao,,59,1.37,1.368274583,AROLDO MEDINA,CORONEL MEDINA,MISSÃO,v,,,,,04/10/2026 20:37:30,sim
1,04/10/2026,6257,Presidente,1,municipio,PB,19950,2504702,CONGO,,,,,PARTIDO DA CAUSA OPERÁRIA,i,PCO,0,29,PCO,PARTIDO DA CAUSA OPERÁRIA,,29,280002552487,RUI COSTA PIMENTA,RUI COSTA PIMENTA,25/06/1957,12,Válido,nao,,0,0.00,0,ANTONIO CARLOS SILVA,ANTÔNIO CARLOS,PCO,v,,,,,04/10/2026 20:37:30,sim
1,04/10/2026,6257,Presidente,1,municipio,PB,19968,2509057,MARCAÇÃO,,,,,PARTIDO LIBERAL,i,PL,0,22,PL,PARTIDO LIBERAL,,22,280002551544,FLAVIO NANTES BOLSONARO,FLAVIO BOLSONARO,30/04/1981,1,Válido,nao,,1194,19.78,19.781312127,ALFREDO GASPAR DE MENDONÇA NETO,ALFREDO GASPAR,PL,v,,,,,04/10/2026 20:43:39,sim
1,04/10/2026,6257,Presidente,1,municipio,PB,19968,2509057,MARCAÇÃO,,,,,PARTIDO SOCIAL DEMOCRÁTICO,i,PSD,0,55,PSD,PARTIDO SOCIAL DEMOCRÁTICO,,55,280002551932,RONALDO RAMOS CAIADO,RONALDO CAIADO,25/09/1949,5,Válido,nao,,24,0.40,0.397614314,GILBERTO KASSAB,GILBERTO KASSAB,PSD,v,,,,,04/10/2026 20:43:39,sim
1,04/10/2026,6257,Presidente,1,municipio,PB,19968,2509057,MARCAÇÃO,,PT/PC do B/PV,FEDERAÇÃO BRASIL DA ESPERANÇA - FE BRASIL,PT/PC do B/PV,BRASIL PRONTO PRA MAIS,c,PSB / PDT / PCDOB / PT / PV / PSOL / REDE,,13,PT,PARTIDO DOS TRABALHADORES,101,13,280002542548,LUIZ INÁCIO LULA DA SILVA,LULA,06/10/1945,2,Válido,nao,,4660,77.20,77.203445991,GERALDO JOSE RODRIGUES ALCKMIN FILHO,GERALDO ALCKMIN,PSB,v,,,,,04/10/2026 20:43:39,sim
1,04/10/2026,6257,Presidente,1,municipio,PB,19968,2509057,MARCAÇÃO,,,,,DEMOCRACIA CRISTÃ,i,DC,0,27,DC,DEMOCRACIA CRISTÃ,,27,280002552484,CLARIANA ZACARKIM BARAO,CLARIANA BARAO,03/04/1987,9,Válido,nao,,0,0.00,0,FABIANA CRISTINA TAVARES TORQUATO,FABIANA TORQUATO,DC,v,,,,,04/10/2026 20:43:39,sim
1,04/10/2026,6257,Presidente,1,municipio,PB,19968,2509057,MARCAÇÃO,,,,,PARTIDO COMUNISTA BRASILEIRO,i,PCB,0,21,PCB,PARTIDO COMUNISTA BRASILEIRO,,21,280002551975,EDMILSON SILVA COSTA,EDMILSON COSTA,08/04/1950,10,Válido,nao,,0,0.00,0,CLEUSA DOS SANTOS,CLEUSA SANTOS,PCB,v,,,,,04/10/2026 20:43:39,sim
1,04/10/2026,6257,Presidente,1,municipio,PB,19968,2509057,MARCAÇÃO,,,,,PARTIDO SOCIALISTA  DOS TRABALHADORES UNIFICADO,i,PSTU,0,16,PSTU,PARTIDO SOCIALISTA  DOS TRABALHADORES UNIFICADO,,16,280002541457,HERTZ DA CONCEICAO DIAS,HERTZ DIAS,20/10/1970,8,Válido,nao,,2,0.03,0.033134526,VANESSA PORTUGAL BARBOSA,VANESSA PORTUGAL,PSTU,v,,,,,04/10/2026 20:43:39,sim
1,04/10/2026,6257,Presidente,1,municipio,PB,19968,2509057,MARCAÇÃO,,,,,BRASIL DOS NOSSOS SONHOS,c,AGIR / AVANTE,,70,AVANTE,AVANTE,,70,280002551547,AUGUSTO JORGE CURY,ESCRITOR AUGUSTO CURY,02/10/1958,3,Válido,nao,,90,1.49,1.491053678,JULIO CESAR DELGADO,JÚLIO DELGADO,AVANTE,v,,,,,04/10/2026 20:43:39,sim
1,04/10/2026,6257,Presidente,1,municipio,PB,19968,2509057,MARCAÇÃO,,,,,PARTIDO NOVO,i,NOVO,0,30,NOVO,PARTIDO NOVO,,30,280002539826,ROMEU ZEMA NETO,ZEMA,28/10/1964,6,Válido,nao,,2,0.03,0.033134526,LUIS EDUARDO GRANGEIRO GIRÃO,EDUARDO GIRÃO,NOVO,v,,,,,04/10/2026 20:43:39,sim
1,04/10/2026,6257,Presidente,1,municipio,PB,19968,2509057,MARCAÇÃO,,,,,UNIDADE POPULAR,i,UP,0,80,UP,UNIDADE POPULAR,,80,280002538811,SAMARA MARTINS DA SILVA FEITOSA,SAMARA,31/08/1987,7,Válido,nao,,3,0.05,0.049701789,RAQUEL NONATO DE BRICIO,RAQUEL BRÍCIO,UP,v,,,,,04/10/2026 20:43:39,sim
1,04/10/2026,6257,Presidente,1,municipio,PB,19968,2509057,MARCAÇÃO,,,,,DEMOCRATA,i,DEMOCRATA,0,35,DEMOCRATA,DEMOCRATA,,35,280002548139,WILSON GRASSI JUNIOR,VETERINÁRIO WILSON GRASSI,13/03/1970,11,Válido,nao,,1,0.02,0.016567263,SUÊD HAIDAR NOGUEIRA,SUÊD HAIDAR,DEMOCRATA,v,,,,,04/10/2026 20:43:39,sim
1,04/10/2026,6257,Presidente,1,municipio,PB,19968,2509057,MARCAÇÃO,,,,,PARTIDO MISSÃO,i,MISSÃO,0,14,MISSÃO,PARTIDO MISSÃO,,14,280002540694,RENAN ANTONIO FERREIRA DOS SANTOS,RENAN SANTOS,14/02/1984,4,Válido,nao,,59,0.98,0.977468522,AROLDO MEDINA,CORONEL MEDINA,MISSÃO,v,,,,,04/10/2026 20:43:39,sim
1,04/10/2026,6257,Presidente,1,municipio,PB,19968,2509057,MARCAÇÃO,,,,,PARTIDO DA CAUSA OPERÁRIA,i,PCO,0,29,PCO,PARTIDO DA CAUSA OPERÁRIA,,29,280002552487,RUI COSTA PIMENTA,RUI COSTA PIMENTA,25/06/1957,12,Válido,nao,,1,0.02,0.016567263,ANTONIO CARLOS SILVA,ANTÔNIO CARLOS,PCO,v,,,,,04/10/2026 20:43:39,sim
1,04/10/2026,6257,Presidente,1,municipio,PB,19976,2504801,COREMAS,,,,,PARTIDO LIBERAL,i,PL,0,22,PL,PARTIDO LIBERAL,,22,280002551544,FLAVIO NANTES BOLSONARO,FLAVIO BOLSONARO,30/04/1981,1,Válido,nao,,2672,28.35,28.350132626,ALFREDO GASPAR DE MENDONÇA NETO,ALFREDO GASPAR,PL,v,,,,,04/10/2026 18:16:12,sim
1,04/10/2026,6257,Presidente,1,municipio,PB,19976,2504801,COREMAS,,,,,PARTIDO SOCIAL DEMOCRÁTICO,i,PSD,0,55,PSD,PARTIDO SOCIAL DEMOCRÁTICO,,55,280002551932,RONALDO RAMOS CAIADO,RONALDO CAIADO,25/09/1949,4,Válido,nao,,32,0.34,0.339522546,GILBERTO KASSAB,GILBERTO KASSAB,PSD,v,,,,,04/10/2026 18:16:12,sim
1,04/10/2026,6257,Presidente,1,municipio,PB,19976,2504801,COREMAS,,PT/PC do B/PV,FEDERAÇÃO BRASIL DA ESPERANÇA - FE BRASIL,PT/PC do B/PV,BRASIL PRONTO PRA MAIS,c,PSB / PDT / PCDOB / PT / PV / PSOL / REDE,,13,PT,PARTIDO DOS TRABALHADORES,101,13,280002542548,LUIZ INÁCIO LULA DA SILVA,LULA,06/10/1945,2,Válido,nao,,6382,67.71,67.713527851,GERALDO JOSE RODRIGUES ALCKMIN FILHO,GERALDO ALCKMIN,PSB,v,,,,,04/10/2026 18:16:12,sim
1,04/10/2026,6257,Presidente,1,municipio,PB,19976,2504801,COREMAS,,,,,DEMOCRACIA CRISTÃ,i,DC,0,27,DC,DEMOCRACIA CRISTÃ,,27,280002552484,CLARIANA ZACARKIM BARAO,CLARIANA BARAO,03/04/1987,8,Válido,nao,,2,0.02,0.021220159,FABIANA CRISTINA TAVARES TORQUATO,FABIANA TORQUATO,DC,v,,,,,04/10/2026 18:16:12,sim
1,04/10/2026,6257,Presidente,1,municipio,PB,19976,2504801,COREMAS,,,,,PARTIDO COMUNISTA BRASILEIRO,i,PCB,0,21,PCB,PARTIDO COMUNISTA BRASILEIRO,,21,280002551975,EDMILSON SILVA COSTA,EDMILSON COSTA,08/04/1950,10,Válido,nao,,1,0.01,0.010610080,CLEUSA DOS SANTOS,CLEUSA SANTOS,PCB,v,,,,,04/10/2026 18:16:12,sim
1,04/10/2026,6257,Presidente,1,municipio,PB,19976,2504801,COREMAS,,,,,PARTIDO SOCIALISTA  DOS TRABALHADORES UNIFICADO,i,PSTU,0,16,PSTU,PARTIDO SOCIALISTA  DOS TRABALHADORES UNIFICADO,,16,280002541457,HERTZ DA CONCEICAO DIAS,HERTZ DIAS,20/10/1970,9,Válido,nao,,2,0.02,0.021220159,VANESSA PORTUGAL BARBOSA,VANESSA PORTUGAL,PSTU,v,,,,,04/10/2026 18:16:12,sim
1,04/10/2026,6257,Presidente,1,municipio,PB,19976,2504801,COREMAS,,,,,BRASIL DOS NOSSOS SONHOS,c,AGIR / AVANTE,,70,AVANTE,AVANTE,,70,280002551547,AUGUSTO JORGE CURY,ESCRITOR AUGUSTO CURY,02/10/1958,3,Válido,nao,,185,1.96,1.962864721,JULIO CESAR DELGADO,JÚLIO DELGADO,AVANTE,v,,,,,04/10/2026 18:16:12,sim
1,04/10/2026,6257,Presidente,1,municipio,PB,19976,2504801,COREMAS,,,,,PARTIDO NOVO,i,NOVO,0,30,NOVO,PARTIDO NOVO,,30,280002539826,ROMEU ZEMA NETO,ZEMA,28/10/1964,6,Válido,nao,,1,0.01,0.010610080,LUIS EDUARDO GRANGEIRO GIRÃO,EDUARDO GIRÃO,NOVO,v,,,,,04/10/2026 18:16:12,sim
1,04/10/2026,6257,Presidente,1,municipio,PB,19976,2504801,COREMAS,,,,,UNIDADE POPULAR,i,UP,0,80,UP,UNIDADE POPULAR,,80,280002538811,SAMARA MARTINS DA SILVA FEITOSA,SAMARA,31/08/1987,7,Válido,nao,,3,0.03,0.031830239,RAQUEL NONATO DE BRICIO,RAQUEL BRÍCIO,UP,v,,,,,04/10/2026 18:16:12,sim
1,04/10/2026,6257,Presidente,1,municipio,PB,19976,2504801,COREMAS,,,,,DEMOCRATA,i,DEMOCRATA,0,35,DEMOCRATA,DEMOCRATA,,35,280002548139,WILSON GRASSI JUNIOR,VETERINÁRIO WILSON GRASSI,13/03/1970,11,Válido,nao,,0,0.00,0,SUÊD HAIDAR NOGUEIRA,SUÊD HAIDAR,DEMOCRATA,v,,,,,04/10/2026 18:16:12,sim
1,04/10/2026,6257,Presidente,1,municipio,PB,19976,2504801,COREMAS,,,,,PARTIDO MISSÃO,i,MISSÃO,0,14,MISSÃO,PARTIDO MISSÃO,,14,280002540694,RENAN ANTONIO FERREIRA DOS SANTOS,RENAN SANTOS,14/02/1984,5,Válido,nao,,145,1.54,1.538461538,AROLDO MEDINA,CORONEL MEDINA,MISSÃO,v,,,,,04/10/2026 18:16:12,sim
1,04/10/2026,6257,Presidente,1,municipio,PB,19976,2504801,COREMAS,,,,,PARTIDO DA CAUSA OPERÁRIA,i,PCO,0,29,PCO,PARTIDO DA CAUSA OPERÁRIA,,29,280002552487,RUI COSTA PIMENTA,RUI COSTA PIMENTA,25/06/1957,12,Válido,nao,,0,0.00,0,ANTONIO CARLOS SILVA,ANTÔNIO CARLOS,PCO,v,,,,,04/10/2026 18:16:12,sim
1,04/10/2026,6257,Presidente,1,municipio,PB,19984,2509396,MATURÉIA,,,,,PARTIDO LIBERAL,i,PL,0,22,PL,PARTIDO LIBERAL,,22,280002551544,FLAVIO NANTES BOLSONARO,FLAVIO BOLSONARO,30/04/1981,1,Válido,nao,,804,18.41,18.406593407,ALFREDO GASPAR DE MENDONÇA NETO,ALFREDO GASPAR,PL,v,,,,,04/10/2026 17:55:29,sim
1,04/10/2026,6257,Presidente,1,municipio,PB,19984,2509396,MATURÉIA,,,,,PARTIDO SOCIAL DEMOCRÁTICO,i,PSD,0,55,PSD,PARTIDO SOCIAL DEMOCRÁTICO,,55,280002551932,RONALDO RAMOS CAIADO,RONALDO CAIADO,25/09/1949,4,Válido,nao,,13,0.30,0.297619048,GILBERTO KASSAB,GILBERTO KASSAB,PSD,v,,,,,04/10/2026 17:55:29,sim
1,04/10/2026,6257,Presidente,1,municipio,PB,19984,2509396,MATURÉIA,,PT/PC do B/PV,FEDERAÇÃO BRASIL DA ESPERANÇA - FE BRASIL,PT/PC do B/PV,BRASIL PRONTO PRA MAIS,c,PSB / PDT / PCDOB / PT / PV / PSOL / REDE,,13,PT,PARTIDO DOS TRABALHADORES,101,13,280002542548,LUIZ INÁCIO LULA DA SILVA,LULA,06/10/1945,2,Válido,nao,,3434,78.62,78.617216117,GERALDO JOSE RODRIGUES ALCKMIN FILHO,GERALDO ALCKMIN,PSB,v,,,,,04/10/2026 17:55:29,sim
1,04/10/2026,6257,Presidente,1,municipio,PB,19984,2509396,MATURÉIA,,,,,DEMOCRACIA CRISTÃ,i,DC,0,27,DC,DEMOCRACIA CRISTÃ,,27,280002552484,CLARIANA ZACARKIM BARAO,CLARIANA BARAO,03/04/1987,8,Válido,nao,,0,0.00,0,FABIANA CRISTINA TAVARES TORQUATO,FABIANA TORQUATO,DC,v,,,,,04/10/2026 17:55:29,sim
1,04/10/2026,6257,Presidente,1,municipio,PB,19984,2509396,MATURÉIA,,,,,PARTIDO COMUNISTA BRASILEIRO,i,PCB,0,21,PCB,PARTIDO COMUNISTA BRASILEIRO,,21,280002551975,EDMILSON SILVA COSTA,EDMILSON COSTA,08/04/1950,10,Válido,nao,,1,0.02,0.022893773,CLEUSA DOS SANTOS,CLEUSA SANTOS,PCB,v,,,,,04/10/2026 17:55:29,sim
1,04/10/2026,6257,Presidente,1,municipio,PB,19984,2509396,MATURÉIA,,,,,PARTIDO SOCIALISTA  DOS TRABALHADORES UNIFICADO,i,PSTU,0,16,PSTU,PARTIDO SOCIALISTA  DOS TRABALHADORES UNIFICADO,,16,280002541457,HERTZ DA CONCEICAO DIAS,HERTZ DIAS,20/10/1970,9,Válido,nao,,0,0.00,0,VANESSA PORTUGAL BARBOSA,VANESSA PORTUGAL,PSTU,v,,,,,04/10/2026 17:55:29,sim
1,04/10/2026,6257,Presidente,1,municipio,PB,19984,2509396,MATURÉIA,,,,,BRASIL DOS NOSSOS SONHOS,c,AGIR / AVANTE,,70,AVANTE,AVANTE,,70,280002551547,AUGUSTO JORGE CURY,ESCRITOR AUGUSTO CURY,02/10/1958,3,Válido,nao,,75,1.72,1.717032967,JULIO CESAR DELGADO,JÚLIO DELGADO,AVANTE,v,,,,,04/10/2026 17:55:29,sim
1,04/10/2026,6257,Presidente,1,municipio,PB,19984,2509396,MATURÉIA,,,,,PARTIDO NOVO,i,NOVO,0,30,NOVO,PARTIDO NOVO,,30,280002539826,ROMEU ZEMA NETO,ZEMA,28/10/1964,6,Válido,nao,,3,0.07,0.068681319,LUIS EDUARDO GRANGEIRO GIRÃO,EDUARDO GIRÃO,NOVO,v,,,,,04/10/2026 17:55:29,sim
1,04/10/2026,6257,Presidente,1,municipio,PB,19984,2509396,MATURÉIA,,,,,UNIDADE POPULAR,i,UP,0,80,UP,UNIDADE POPULAR,,80,280002538811,SAMARA MARTINS DA SILVA FEITOSA,SAMARA,31/08/1987,7,Válido,nao,,1,0.02,0.022893773,RAQUEL NONATO DE BRICIO,RAQUEL BRÍCIO,UP,v,,,,,04/10/2026 17:55:29,sim
1,04/10/2026,6257,Presidente,1,municipio,PB,19984,2509396,MATURÉIA,,,,,DEMOCRATA,i,DEMOCRATA,0,35,DEMOCRATA,DEMOCRATA,,35,280002548139,WILSON GRASSI JUNIOR,VETERINÁRIO WILSON GRASSI,13/03/1970,11,Válido,nao,,0,0.00,0,SUÊD HAIDAR NOGUEIRA,SUÊD HAIDAR,DEMOCRATA,v,,,,,04/10/2026 17:55:29,sim
1,04/10/2026,6257,Presidente,1,municipio,PB,19984,2509396,MATURÉIA,,,,,PARTIDO MISSÃO,i,MISSÃO,0,14,MISSÃO,PARTIDO MISSÃO,,14,280002540694,RENAN ANTONIO FERREIRA DOS SANTOS,RENAN SANTOS,14/02/1984,5,Válido,nao,,37,0.85,0.847069597,AROLDO MEDINA,CORONEL MEDINA,MISSÃO,v,,,,,04/10/2026 17:55:29,sim
1,04/10/2026,6257,Presidente,1,municipio,PB,19984,2509396,MATURÉIA,,,,,PARTIDO DA CAUSA OPERÁRIA,i,PCO,0,29,PCO,PARTIDO DA CAUSA OPERÁRIA,,29,280002552487,RUI COSTA PIMENTA,RUI COSTA PIMENTA,25/06/1957,12,Válido,nao,,0,0.00,0,ANTONIO CARLOS SILVA,ANTÔNIO CARLOS,PCO,v,,,,,04/10/2026 17:55:29,sim
1,04/10/2026,6257,Presidente,1,municipio,PB,19992,2504900,CRUZ DO ESPÍRITO SANTO,,,,,PARTIDO LIBERAL,i,PL,0,22,PL,PARTIDO LIBERAL,,22,280002551544,FLAVIO NANTES BOLSONARO,FLAVIO BOLSONARO,30/04/1981,1,Válido,nao,,3791,29.94,29.942342627,ALFREDO GASPAR DE MENDONÇA NETO,ALFREDO GASPAR,PL,v,,,,,04/10/2026 23:22:11,sim
1,04/10/2026,6257,Presidente,1,municipio,PB,19992,2504900,CRUZ DO ESPÍRITO SANTO,,,,,PARTIDO SOCIAL DEMOCRÁTICO,i,PSD,0,55,PSD,PARTIDO SOCIAL DEMOCRÁTICO,,55,280002551932,RONALDO RAMOS CAIADO,RONALDO CAIADO,25/09/1949,5,Válido,nao,,53,0.42,0.418608325,GILBERTO KASSAB,GILBERTO KASSAB,PSD,v,,,,,04/10/2026 23:22:11,sim
1,04/10/2026,6257,Presidente,1,municipio,PB,19992,2504900,CRUZ DO ESPÍRITO SANTO,,PT/PC do B/PV,FEDERAÇÃO BRASIL DA ESPERANÇA - FE BRASIL,PT/PC do B/PV,BRASIL PRONTO PRA MAIS,c,PSB / PDT / PCDOB / PT / PV / PSOL / REDE,,13,PT,PARTIDO DOS TRABALHADORES,101,13,280002542548,LUIZ INÁCIO LULA DA SILVA,LULA,06/10/1945,2,Válido,nao,,8410,66.42,66.424453045,GERALDO JOSE RODRIGUES ALCKMIN FILHO,GERALDO ALCKMIN,PSB,v,,,,,04/10/2026 23:22:11,sim
1,04/10/2026,6257,Presidente,1,municipio,PB,19992,2504900,CRUZ DO ESPÍRITO SANTO,,,,,DEMOCRACIA CRISTÃ,i,DC,0,27,DC,DEMOCRACIA CRISTÃ,,27,280002552484,CLARIANA ZACARKIM BARAO,CLARIANA BARAO,03/04/1987,9,Válido,nao,,3,0.02,0.023694811,FABIANA CRISTINA TAVARES TORQUATO,FABIANA TORQUATO,DC,v,,,,,04/10/2026 23:22:11,sim
1,04/10/2026,6257,Presidente,1,municipio,PB,19992,2504900,CRUZ DO ESPÍRITO SANTO,,,,,PARTIDO COMUNISTA BRASILEIRO,i,PCB,0,21,PCB,PARTIDO COMUNISTA BRASILEIRO,,21,280002551975,EDMILSON SILVA COSTA,EDMILSON COSTA,08/04/1950,10,Válido,nao,,2,0.02,0.015796541,CLEUSA DOS SANTOS,CLEUSA SANTOS,PCB,v,,,,,04/10/2026 23:22:11,sim
1,04/10/2026,6257,Presidente,1,municipio,PB,19992,2504900,CRUZ DO ESPÍRITO SANTO,,,,,PARTIDO SOCIALISTA  DOS TRABALHADORES UNIFICADO,i,PSTU,0,16,PSTU,PARTIDO SOCIALISTA  DOS TRABALHADORES UNIFICADO,,16,280002541457,HERTZ DA CONCEICAO DIAS,HERTZ DIAS,20/10/1970,8,Válido,nao,,2,0.02,0.015796541,VANESSA PORTUGAL BARBOSA,VANESSA PORTUGAL,PSTU,v,,,,,04/10/2026 23:22:11,sim
1,04/10/2026,6257,Presidente,1,municipio,PB,19992,2504900,CRUZ DO ESPÍRITO SANTO,,,,,BRASIL DOS NOSSOS SONHOS,c,AGIR / AVANTE,,70,AVANTE,AVANTE,,70,280002551547,AUGUSTO JORGE CURY,ESCRITOR AUGUSTO CURY,02/10/1958,3,Válido,nao,,279,2.20,2.203617408,JULIO CESAR DELGADO,JÚLIO DELGADO,AVANTE,v,,,,,04/10/2026 23:22:11,sim
1,04/10/2026,6257,Presidente,1,municipio,PB,19992,2504900,CRUZ DO ESPÍRITO SANTO,,,,,PARTIDO NOVO,i,NOVO,0,30,NOVO,PARTIDO NOVO,,30,280002539826,ROMEU ZEMA NETO,ZEMA,28/10/1964,6,Válido,nao,,10,0.08,0.078982703,LUIS EDUARDO GRANGEIRO GIRÃO,EDUARDO GIRÃO,NOVO,v,,,,,04/10/2026 23:22:11,sim
1,04/10/2026,6257,Presidente,1,municipio,PB,19992,2504900,CRUZ DO ESPÍRITO SANTO,,,,,UNIDADE POPULAR,i,UP,0,80,UP,UNIDADE POPULAR,,80,280002538811,SAMARA MARTINS DA SILVA FEITOSA,SAMARA,31/08/1987,7,Válido,nao,,0,0.00,0,RAQUEL NONATO DE BRICIO,RAQUEL BRÍCIO,UP,v,,,,,04/10/2026 23:22:11,sim
1,04/10/2026,6257,Presidente,1,municipio,PB,19992,2504900,CRUZ DO ESPÍRITO SANTO,,,,,DEMOCRATA,i,DEMOCRATA,0,35,DEMOCRATA,DEMOCRATA,,35,280002548139,WILSON GRASSI JUNIOR,VETERINÁRIO WILSON GRASSI,13/03/1970,11,Válido,nao,,2,0.02,0.015796541,SUÊD HAIDAR NOGUEIRA,SUÊD HAIDAR,DEMOCRATA,v,,,,,04/10/2026 23:22:11,sim
1,04/10/2026,6257,Presidente,1,municipio,PB,19992,2504900,CRUZ DO ESPÍRITO SANTO,,,,,PARTIDO MISSÃO,i,MISSÃO,0,14,MISSÃO,PARTIDO MISSÃO,,14,280002540694,RENAN ANTONIO FERREIRA DOS SANTOS,RENAN SANTOS,14/02/1984,4,Válido,nao,,108,0.85,0.853013190,AROLDO MEDINA,CORONEL MEDINA,MISSÃO,v,,,,,04/10/2026 23:22:11,sim
1,04/10/2026,6257,Presidente,1,municipio,PB,19992,2504900,CRUZ DO ESPÍRITO SANTO,,,,,PARTIDO DA CAUSA OPERÁRIA,i,PCO,0,29,PCO,PARTIDO DA CAUSA OPERÁRIA,,29,280002552487,RUI COSTA PIMENTA,RUI COSTA PIMENTA,25/06/1957,12,Válido,nao,,1,0.01,0.007898270,ANTONIO CARLOS SILVA,ANTÔNIO CARLOS,PCO,v,,,,,04/10/2026 23:22:11,sim
1,04/10/2026,6257,Presidente,1,municipio,PB,20001,2513158,SANTA CECÍLIA,,,,,PARTIDO LIBERAL,i,PL,0,22,PL,PARTIDO LIBERAL,,22,280002551544,FLAVIO NANTES BOLSONARO,FLAVIO BOLSONARO,30/04/1981,1,Válido,nao,,1537,26.57,26.568712187,ALFREDO GASPAR DE MENDONÇA NETO,ALFREDO GASPAR,PL,v,,,,,04/10/2026 20:52:51,sim
1,04/10/2026,6257,Presidente,1,municipio,PB,20001,2513158,SANTA CECÍLIA,,,,,PARTIDO SOCIAL DEMOCRÁTICO,i,PSD,0,55,PSD,PARTIDO SOCIAL DEMOCRÁTICO,,55,280002551932,RONALDO RAMOS CAIADO,RONALDO CAIADO,25/09/1949,5,Válido,nao,,34,0.59,0.587726880,GILBERTO KASSAB,GILBERTO KASSAB,PSD,v,,,,,04/10/2026 20:52:51,sim
1,04/10/2026,6257,Presidente,1,municipio,PB,20001,2513158,SANTA CECÍLIA,,PT/PC do B/PV,FEDERAÇÃO BRASIL DA ESPERANÇA - FE BRASIL,PT/PC do B/PV,BRASIL PRONTO PRA MAIS,c,PSB / PDT / PCDOB / PT / PV / PSOL / REDE,,13,PT,PARTIDO DOS TRABALHADORES,101,13,280002542548,LUIZ INÁCIO LULA DA SILVA,LULA,06/10/1945,2,Válido,nao,,3979,68.78,68.781331029,GERALDO JOSE RODRIGUES ALCKMIN FILHO,GERALDO ALCKMIN,PSB,v,,,,,04/10/2026 20:52:51,sim
1,04/10/2026,6257,Presidente,1,municipio,PB,20001,2513158,SANTA CECÍLIA,,,,,DEMOCRACIA CRISTÃ,i,DC,0,27,DC,DEMOCRACIA CRISTÃ,,27,280002552484,CLARIANA ZACARKIM BARAO,CLARIANA BARAO,03/04/1987,9,Válido,nao,,0,0.00,0,FABIANA CRISTINA TAVARES TORQUATO,FABIANA TORQUATO,DC,v,,,,,04/10/2026 20:52:51,sim
1,04/10/2026,6257,Presidente,1,municipio,PB,20001,2513158,SANTA CECÍLIA,,,,,PARTIDO COMUNISTA BRASILEIRO,i,PCB,0,21,PCB,PARTIDO COMUNISTA BRASILEIRO,,21,280002551975,EDMILSON SILVA COSTA,EDMILSON COSTA,08/04/1950,10,Válido,nao,,1,0.02,0.017286085,CLEUSA DOS SANTOS,CLEUSA SANTOS,PCB,v,,,,,04/10/2026 20:52:51,sim
1,04/10/2026,6257,Presidente,1,municipio,PB,20001,2513158,SANTA CECÍLIA,,,,,PARTIDO SOCIALISTA  DOS TRABALHADORES UNIFICADO,i,PSTU,0,16,PSTU,PARTIDO SOCIALISTA  DOS TRABALHADORES UNIFICADO,,16,280002541457,HERTZ DA CONCEICAO DIAS,HERTZ DIAS,20/10/1970,8,Válido,nao,,1,0.02,0.017286085,VANESSA PORTUGAL BARBOSA,VANESSA PORTUGAL,PSTU,v,,,,,04/10/2026 20:52:51,sim
1,04/10/2026,6257,Presidente,1,municipio,PB,20001,2513158,SANTA CECÍLIA,,,,,BRASIL DOS NOSSOS SONHOS,c,AGIR / AVANTE,,70,AVANTE,AVANTE,,70,280002551547,AUGUSTO JORGE CURY,ESCRITOR AUGUSTO CURY,02/10/1958,3,Válido,nao,,164,2.83,2.834917891,JULIO CESAR DELGADO,JÚLIO DELGADO,AVANTE,v,,,,,04/10/2026 20:52:51,sim
1,04/10/2026,6257,Presidente,1,municipio,PB,20001,2513158,SANTA CECÍLIA,,,,,PARTIDO NOVO,i,NOVO,0,30,NOVO,PARTIDO NOVO,,30,280002539826,ROMEU ZEMA NETO,ZEMA,28/10/1964,6,Válido,nao,,0,0.00,0,LUIS EDUARDO GRANGEIRO GIRÃO,EDUARDO GIRÃO,NOVO,v,,,,,04/10/2026 20:52:51,sim
1,04/10/2026,6257,Presidente,1,municipio,PB,20001,2513158,SANTA CECÍLIA,,,,,UNIDADE POPULAR,i,UP,0,80,UP,UNIDADE POPULAR,,80,280002538811,SAMARA MARTINS DA SILVA FEITOSA,SAMARA,31/08/1987,7,Válido,nao,,1,0.02,0.017286085,RAQUEL NONATO DE BRICIO,RAQUEL BRÍCIO,UP,v,,,,,04/10/2026 20:52:51,sim
1,04/10/2026,6257,Presidente,1,municipio,PB,20001,2513158,SANTA CECÍLIA,,,,,DEMOCRATA,i,DEMOCRATA,0,35,DEMOCRATA,DEMOCRATA,,35,280002548139,WILSON GRASSI JUNIOR,VETERINÁRIO WILSON GRASSI,13/03/1970,11,Válido,nao,,0,0.00,0,SUÊD HAIDAR NOGUEIRA,SUÊD HAIDAR,DEMOCRATA,v,,,,,04/10/2026 20:52:51,sim
1,04/10/2026,6257,Presidente,1,municipio,PB,20001,2513158,SANTA CECÍLIA,,,,,PARTIDO MISSÃO,i,MISSÃO,0,14,MISSÃO,PARTIDO MISSÃO,,14,280002540694,RENAN ANTONIO FERREIRA DOS SANTOS,RENAN SANTOS,14/02/1984,4,Válido,nao,,68,1.18,1.175453760,AROLDO MEDINA,CORONEL MEDINA,MISSÃO,v,,,,,04/10/2026 20:52:51,sim
1,04/10/2026,6257,Presidente,1,municipio,PB,20001,2513158,SANTA CECÍLIA,,,,,PARTIDO DA CAUSA OPERÁRIA,i,PCO,0,29,PCO,PARTIDO DA CAUSA OPERÁRIA,,29,280002552487,RUI COSTA PIMENTA,RUI COSTA PIMENTA,25/06/1957,12,Válido,nao,,0,0.00,0,ANTONIO CARLOS SILVA,ANTÔNIO CARLOS,PCO,v,,,,,04/10/2026 20:52:51,sim
1,04/10/2026,6257,Presidente,1,municipio,PB,20010,2505006,CUBATI,,,,,PARTIDO LIBERAL,i,PL,0,22,PL,PARTIDO LIBERAL,,22,280002551544,FLAVIO NANTES BOLSONARO,FLAVIO BOLSONARO,30/04/1981,1,Válido,nao,,1376,26.25,26.249523083,ALFREDO GASPAR DE MENDONÇA NETO,ALFREDO GASPAR,PL,v,,,,,04/10/2026 20:14:15,sim
1,04/10/2026,6257,Presidente,1,municipio,PB,20010,2505006,CUBATI,,,,,PARTIDO SOCIAL DEMOCRÁTICO,i,PSD,0,55,PSD,PARTIDO SOCIAL DEMOCRÁTICO,,55,280002551932,RONALDO RAMOS CAIADO,RONALDO CAIADO,25/09/1949,5,Válido,nao,,31,0.59,0.591377337,GILBERTO KASSAB,GILBERTO KASSAB,PSD,v,,,,,04/10/2026 20:14:15,sim
1,04/10/2026,6257,Presidente,1,municipio,PB,20010,2505006,CUBATI,,PT/PC do B/PV,FEDERAÇÃO BRASIL DA ESPERANÇA - FE BRASIL,PT/PC do B/PV,BRASIL PRONTO PRA MAIS,c,PSB / PDT / PCDOB / PT / PV / PSOL / REDE,,13,PT,PARTIDO DOS TRABALHADORES,101,13,280002542548,LUIZ INÁCIO LULA DA SILVA,LULA,06/10/1945,2,Válido,nao,,3612,68.90,68.904998092,GERALDO JOSE RODRIGUES ALCKMIN FILHO,GERALDO ALCKMIN,PSB,v,,,,,04/10/2026 20:14:15,sim
1,04/10/2026,6257,Presidente,1,municipio,PB,20010,2505006,CUBATI,,,,,DEMOCRACIA CRISTÃ,i,DC,0,27,DC,DEMOCRACIA CRISTÃ,,27,280002552484,CLARIANA ZACARKIM BARAO,CLARIANA BARAO,03/04/1987,9,Válido,nao,,0,0.00,0,FABIANA CRISTINA TAVARES TORQUATO,FABIANA TORQUATO,DC,v,,,,,04/10/2026 20:14:15,sim
1,04/10/2026,6257,Presidente,1,municipio,PB,20010,2505006,CUBATI,,,,,PARTIDO COMUNISTA BRASILEIRO,i,PCB,0,21,PCB,PARTIDO COMUNISTA BRASILEIRO,,21,280002551975,EDMILSON SILVA COSTA,EDMILSON COSTA,08/04/1950,10,Válido,nao,,0,0.00,0,CLEUSA DOS SANTOS,CLEUSA SANTOS,PCB,v,,,,,04/10/2026 20:14:15,sim
1,04/10/2026,6257,Presidente,1,municipio,PB,20010,2505006,CUBATI,,,,,PARTIDO SOCIALISTA  DOS TRABALHADORES UNIFICADO,i,PSTU,0,16,PSTU,PARTIDO SOCIALISTA  DOS TRABALHADORES UNIFICADO,,16,280002541457,HERTZ DA CONCEICAO DIAS,HERTZ DIAS,20/10/1970,8,Válido,nao,,1,0.02,0.019076688,VANESSA PORTUGAL BARBOSA,VANESSA PORTUGAL,PSTU,v,,,,,04/10/2026 20:14:15,sim
1,04/10/2026,6257,Presidente,1,municipio,PB,20010,2505006,CUBATI,,,,,BRASIL DOS NOSSOS SONHOS,c,AGIR / AVANTE,,70,AVANTE,AVANTE,,70,280002551547,AUGUSTO JORGE CURY,ESCRITOR AUGUSTO CURY,02/10/1958,3,Válido,nao,,159,3.03,3.033193438,JULIO CESAR DELGADO,JÚLIO DELGADO,AVANTE,v,,,,,04/10/2026 20:14:15,sim
1,04/10/2026,6257,Presidente,1,municipio,PB,20010,2505006,CUBATI,,,,,PARTIDO NOVO,i,NOVO,0,30,NOVO,PARTIDO NOVO,,30,280002539826,ROMEU ZEMA NETO,ZEMA,28/10/1964,6,Válido,nao,,1,0.02,0.019076688,LUIS EDUARDO GRANGEIRO GIRÃO,EDUARDO GIRÃO,NOVO,v,,,,,04/10/2026 20:14:15,sim
1,04/10/2026,6257,Presidente,1,municipio,PB,20010,2505006,CUBATI,,,,,UNIDADE POPULAR,i,UP,0,80,UP,UNIDADE POPULAR,,80,280002538811,SAMARA MARTINS DA SILVA FEITOSA,SAMARA,31/08/1987,7,Válido,nao,,2,0.04,0.038153377,RAQUEL NONATO DE BRICIO,RAQUEL BRÍCIO,UP,v,,,,,04/10/2026 20:14:15,sim
1,04/10/2026,6257,Presidente,1,municipio,PB,20010,2505006,CUBATI,,,,,DEMOCRATA,i,DEMOCRATA,0,35,DEMOCRATA,DEMOCRATA,,35,280002548139,WILSON GRASSI JUNIOR,VETERINÁRIO WILSON GRASSI,13/03/1970,11,Válido,nao,,0,0.00,0,SUÊD HAIDAR NOGUEIRA,SUÊD HAIDAR,DEMOCRATA,v,,,,,04/10/2026 20:14:15,sim
1,04/10/2026,6257,Presidente,1,municipio,PB,20010,2505006,CUBATI,,,,,PARTIDO MISSÃO,i,MISSÃO,0,14,MISSÃO,PARTIDO MISSÃO,,14,280002540694,RENAN ANTONIO FERREIRA DOS SANTOS,RENAN SANTOS,14/02/1984,4,Válido,nao,,59,1.13,1.125524609,AROLDO MEDINA,CORONEL MEDINA,MISSÃO,v,,,,,04/10/2026 20:14:15,sim
1,04/10/2026,6257,Presidente,1,municipio,PB,20010,2505006,CUBATI,,,,,PARTIDO DA CAUSA OPERÁRIA,i,PCO,0,29,PCO,PARTIDO DA CAUSA OPERÁRIA,,29,280002552487,RUI COSTA PIMENTA,RUI COSTA PIMENTA,25/06/1957,12,Válido,nao,,1,0.02,0.019076688,ANTONIO CARLOS SILVA,ANTÔNIO CARLOS,PCO,v,,,,,04/10/2026 20:14:15,sim
1,04/10/2026,6257,Presidente,1,municipio,PB,20036,2505105,CUITÉ,,,,,PARTIDO LIBERAL,i,PL,0,22,PL,PARTIDO LIBERAL,,22,280002551544,FLAVIO NANTES BOLSONARO,FLAVIO BOLSONARO,30/04/1981,1,Válido,nao,,2578,19.82,19.818573186,ALFREDO GASPAR DE MENDONÇA NETO,ALFREDO GASPAR,PL,v,,,,,04/10/2026 18:37:16,sim
1,04/10/2026,6257,Presidente,1,municipio,PB,20036,2505105,CUITÉ,,,,,PARTIDO SOCIAL DEMOCRÁTICO,i,PSD,0,55,PSD,PARTIDO SOCIAL DEMOCRÁTICO,,55,280002551932,RONALDO RAMOS CAIADO,RONALDO CAIADO,25/09/1949,4,Válido,nao,,66,0.51,0.507380074,GILBERTO KASSAB,GILBERTO KASSAB,PSD,v,,,,,04/10/2026 18:37:16,sim
1,04/10/2026,6257,Presidente,1,municipio,PB,20036,2505105,CUITÉ,,PT/PC do B/PV,FEDERAÇÃO BRASIL DA ESPERANÇA - FE BRASIL,PT/PC do B/PV,BRASIL PRONTO PRA MAIS,c,PSB / PDT / PCDOB / PT / PV / PSOL / REDE,,13,PT,PARTIDO DOS TRABALHADORES,101,13,280002542548,LUIZ INÁCIO LULA DA SILVA,LULA,06/10/1945,2,Válido,nao,,9903,76.13,76.130073801,GERALDO JOSE RODRIGUES ALCKMIN FILHO,GERALDO ALCKMIN,PSB,v,,,,,04/10/2026 18:37:16,sim
1,04/10/2026,6257,Presidente,1,municipio,PB,20036,2505105,CUITÉ,,,,,DEMOCRACIA CRISTÃ,i,DC,0,27,DC,DEMOCRACIA CRISTÃ,,27,280002552484,CLARIANA ZACARKIM BARAO,CLARIANA BARAO,03/04/1987,9,Válido,nao,,1,0.01,0.007687577,FABIANA CRISTINA TAVARES TORQUATO,FABIANA TORQUATO,DC,v,,,,,04/10/2026 18:37:16,sim
1,04/10/2026,6257,Presidente,1,municipio,PB,20036,2505105,CUITÉ,,,,,PARTIDO COMUNISTA BRASILEIRO,i,PCB,0,21,PCB,PARTIDO COMUNISTA BRASILEIRO,,21,280002551975,EDMILSON SILVA COSTA,EDMILSON COSTA,08/04/1950,10,Válido,nao,,1,0.01,0.007687577,CLEUSA DOS SANTOS,CLEUSA SANTOS,PCB,v,,,,,04/10/2026 18:37:16,sim
1,04/10/2026,6257,Presidente,1,municipio,PB,20036,2505105,CUITÉ,,,,,PARTIDO SOCIALISTA  DOS TRABALHADORES UNIFICADO,i,PSTU,0,16,PSTU,PARTIDO SOCIALISTA  DOS TRABALHADORES UNIFICADO,,16,280002541457,HERTZ DA CONCEICAO DIAS,HERTZ DIAS,20/10/1970,8,Válido,nao,,2,0.02,0.015375154,VANESSA PORTUGAL BARBOSA,VANESSA PORTUGAL,PSTU,v,,,,,04/10/2026 18:37:16,sim
1,04/10/2026,6257,Presidente,1,municipio,PB,20036,2505105,CUITÉ,,,,,BRASIL DOS NOSSOS SONHOS,c,AGIR / AVANTE,,70,AVANTE,AVANTE,,70,280002551547,AUGUSTO JORGE CURY,ESCRITOR AUGUSTO CURY,02/10/1958,3,Válido,nao,,310,2.38,2.383148831,JULIO CESAR DELGADO,JÚLIO DELGADO,AVANTE,v,,,,,04/10/2026 18:37:16,sim
1,04/10/2026,6257,Presidente,1,municipio,PB,20036,2505105,CUITÉ,,,,,PARTIDO NOVO,i,NOVO,0,30,NOVO,PARTIDO NOVO,,30,280002539826,ROMEU ZEMA NETO,ZEMA,28/10/1964,6,Válido,nao,,4,0.03,0.030750308,LUIS EDUARDO GRANGEIRO GIRÃO,EDUARDO GIRÃO,NOVO,v,,,,,04/10/2026 18:37:16,sim
1,04/10/2026,6257,Presidente,1,municipio,PB,20036,2505105,CUITÉ,,,,,UNIDADE POPULAR,i,UP,0,80,UP,UNIDADE POPULAR,,80,280002538811,SAMARA MARTINS DA SILVA FEITOSA,SAMARA,31/08/1987,7,Válido,nao,,6,0.05,0.046125461,RAQUEL NONATO DE BRICIO,RAQUEL BRÍCIO,UP,v,,,,,04/10/2026 18:37:16,sim
1,04/10/2026,6257,Presidente,1,municipio,PB,20036,2505105,CUITÉ,,,,,DEMOCRATA,i,DEMOCRATA,0,35,DEMOCRATA,DEMOCRATA,,35,280002548139,WILSON GRASSI JUNIOR,VETERINÁRIO WILSON GRASSI,13/03/1970,11,Válido,nao,,1,0.01,0.007687577,SUÊD HAIDAR NOGUEIRA,SUÊD HAIDAR,DEMOCRATA,v,,,,,04/10/2026 18:37:16,sim
1,04/10/2026,6257,Presidente,1,municipio,PB,20036,2505105,CUITÉ,,,,,PARTIDO MISSÃO,i,MISSÃO,0,14,MISSÃO,PARTIDO MISSÃO,,14,280002540694,RENAN ANTONIO FERREIRA DOS SANTOS,RENAN SANTOS,14/02/1984,5,Válido,nao,,133,1.02,1.022447724,AROLDO MEDINA,CORONEL MEDINA,MISSÃO,v,,,,,04/10/2026 18:37:16,sim
1,04/10/2026,6257,Presidente,1,municipio,PB,20036,2505105,CUITÉ,,,,,PARTIDO DA CAUSA OPERÁRIA,i,PCO,0,29,PCO,PARTIDO DA CAUSA OPERÁRIA,,29,280002552487,RUI COSTA PIMENTA,RUI COSTA PIMENTA,25/06/1957,12,Válido,nao,,3,0.02,0.023062731,ANTONIO CARLOS SILVA,ANTÔNIO CARLOS,PCO,v,,,,,04/10/2026 18:37:16,sim
1,04/10/2026,6257,Presidente,1,municipio,PB,20052,2505204,CUITEGI,,,,,PARTIDO LIBERAL,i,PL,0,22,PL,PARTIDO LIBERAL,,22,280002551544,FLAVIO NANTES BOLSONARO,FLAVIO BOLSONARO,30/04/1981,1,Válido,nao,,1115,24.77,24.772272828,ALFREDO GASPAR DE MENDONÇA NETO,ALFREDO GASPAR,PL,v,,,,,04/10/2026 19:04:14,sim
1,04/10/2026,6257,Presidente,1,municipio,PB,20052,2505204,CUITEGI,,,,,PARTIDO SOCIAL DEMOCRÁTICO,i,PSD,0,55,PSD,PARTIDO SOCIAL DEMOCRÁTICO,,55,280002551932,RONALDO RAMOS CAIADO,RONALDO CAIADO,25/09/1949,4,Válido,nao,,20,0.44,0.444345701,GILBERTO KASSAB,GILBERTO KASSAB,PSD,v,,,,,04/10/2026 19:04:14,sim
1,04/10/2026,6257,Presidente,1,municipio,PB,20052,2505204,CUITEGI,,PT/PC do B/PV,FEDERAÇÃO BRASIL DA ESPERANÇA - FE BRASIL,PT/PC do B/PV,BRASIL PRONTO PRA MAIS,c,PSB / PDT / PCDOB / PT / PV / PSOL / REDE,,13,PT,PARTIDO DOS TRABALHADORES,101,13,280002542548,LUIZ INÁCIO LULA DA SILVA,LULA,06/10/1945,2,Válido,nao,,3216,71.45,71.450788714,GERALDO JOSE RODRIGUES ALCKMIN FILHO,GERALDO ALCKMIN,PSB,v,,,,,04/10/2026 19:04:14,sim
1,04/10/2026,6257,Presidente,1,municipio,PB,20052,2505204,CUITEGI,,,,,DEMOCRACIA CRISTÃ,i,DC,0,27,DC,DEMOCRACIA CRISTÃ,,27,280002552484,CLARIANA ZACARKIM BARAO,CLARIANA BARAO,03/04/1987,9,Válido,nao,,1,0.02,0.022217285,FABIANA CRISTINA TAVARES TORQUATO,FABIANA TORQUATO,DC,v,,,,,04/10/2026 19:04:14,sim
1,04/10/2026,6257,Presidente,1,municipio,PB,20052,2505204,CUITEGI,,,,,PARTIDO COMUNISTA BRASILEIRO,i,PCB,0,21,PCB,PARTIDO COMUNISTA BRASILEIRO,,21,280002551975,EDMILSON SILVA COSTA,EDMILSON COSTA,08/04/1950,10,Válido,nao,,0,0.00,0,CLEUSA DOS SANTOS,CLEUSA SANTOS,PCB,v,,,,,04/10/2026 19:04:14,sim
1,04/10/2026,6257,Presidente,1,municipio,PB,20052,2505204,CUITEGI,,,,,PARTIDO SOCIALISTA  DOS TRABALHADORES UNIFICADO,i,PSTU,0,16,PSTU,PARTIDO SOCIALISTA  DOS TRABALHADORES UNIFICADO,,16,280002541457,HERTZ DA CONCEICAO DIAS,HERTZ DIAS,20/10/1970,8,Válido,nao,,1,0.02,0.022217285,VANESSA PORTUGAL BARBOSA,VANESSA PORTUGAL,PSTU,v,,,,,04/10/2026 19:04:14,sim
1,04/10/2026,6257,Presidente,1,municipio,PB,20052,2505204,CUITEGI,,,,,BRASIL DOS NOSSOS SONHOS,c,AGIR / AVANTE,,70,AVANTE,AVANTE,,70,280002551547,AUGUSTO JORGE CURY,ESCRITOR AUGUSTO CURY,02/10/1958,3,Válido,nao,,91,2.02,2.021772939,JULIO CESAR DELGADO,JÚLIO DELGADO,AVANTE,v,,,,,04/10/2026 19:04:14,sim
1,04/10/2026,6257,Presidente,1,municipio,PB,20052,2505204,CUITEGI,,,,,PARTIDO NOVO,i,NOVO,0,30,NOVO,PARTIDO NOVO,,30,280002539826,ROMEU ZEMA NETO,ZEMA,28/10/1964,6,Válido,nao,,0,0.00,0,LUIS EDUARDO GRANGEIRO GIRÃO,EDUARDO GIRÃO,NOVO,v,,,,,04/10/2026 19:04:14,sim
1,04/10/2026,6257,Presidente,1,municipio,PB,20052,2505204,CUITEGI,,,,,UNIDADE POPULAR,i,UP,0,80,UP,UNIDADE POPULAR,,80,280002538811,SAMARA MARTINS DA SILVA FEITOSA,SAMARA,31/08/1987,7,Válido,nao,,3,0.07,0.066651855,RAQUEL NONATO DE BRICIO,RAQUEL BRÍCIO,UP,v,,,,,04/10/2026 19:04:14,sim
1,04/10/2026,6257,Presidente,1,municipio,PB,20052,2505204,CUITEGI,,,,,DEMOCRATA,i,DEMOCRATA,0,35,DEMOCRATA,DEMOCRATA,,35,280002548139,WILSON GRASSI JUNIOR,VETERINÁRIO WILSON GRASSI,13/03/1970,11,Válido,nao,,0,0.00,0,SUÊD HAIDAR NOGUEIRA,SUÊD HAIDAR,DEMOCRATA,v,,,,,04/10/2026 19:04:14,sim
1,04/10/2026,6257,Presidente,1,municipio,PB,20052,2505204,CUITEGI,,,,,PARTIDO MISSÃO,i,MISSÃO,0,14,MISSÃO,PARTIDO MISSÃO,,14,280002540694,RENAN ANTONIO FERREIRA DOS SANTOS,RENAN SANTOS,14/02/1984,5,Válido,nao,,52,1.16,1.155298822,AROLDO MEDINA,CORONEL MEDINA,MISSÃO,v,,,,,04/10/2026 19:04:14,sim
1,04/10/2026,6257,Presidente,1,municipio,PB,20052,2505204,CUITEGI,,,,,PARTIDO DA CAUSA OPERÁRIA,i,PCO,0,29,PCO,PARTIDO DA CAUSA OPERÁRIA,,29,280002552487,RUI COSTA PIMENTA,RUI COSTA PIMENTA,25/06/1957,12,Válido,nao,,2,0.04,0.044434570,ANTONIO CARLOS SILVA,ANTÔNIO CARLOS,PCO,v,,,,,04/10/2026 19:04:14,sim
1,04/10/2026,6257,Presidente,1,municipio,PB,20079,2505303,CURRAL VELHO,,,,,PARTIDO LIBERAL,i,PL,0,22,PL,PARTIDO LIBERAL,,22,280002551544,FLAVIO NANTES BOLSONARO,FLAVIO BOLSONARO,30/04/1981,1,Válido,nao,,374,21.52,21.518987342,ALFREDO GASPAR DE MENDONÇA NETO,ALFREDO GASPAR,PL,v,,,,,04/10/2026 18:17:15,sim
1,04/10/2026,6257,Presidente,1,municipio,PB,20079,2505303,CURRAL VELHO,,,,,PARTIDO SOCIAL DEMOCRÁTICO,i,PSD,0,55,PSD,PARTIDO SOCIAL DEMOCRÁTICO,,55,280002551932,RONALDO RAMOS CAIADO,RONALDO CAIADO,25/09/1949,4,Válido,nao,,33,1.90,1.898734177,GILBERTO KASSAB,GILBERTO KASSAB,PSD,v,,,,,04/10/2026 18:17:15,sim
1,04/10/2026,6257,Presidente,1,municipio,PB,20079,2505303,CURRAL VELHO,,PT/PC do B/PV,FEDERAÇÃO BRASIL DA ESPERANÇA - FE BRASIL,PT/PC do B/PV,BRASIL PRONTO PRA MAIS,c,PSB / PDT / PCDOB / PT / PV / PSOL / REDE,,13,PT,PARTIDO DOS TRABALHADORES,101,13,280002542548,LUIZ INÁCIO LULA DA SILVA,LULA,06/10/1945,2,Válido,nao,,1243,71.52,71.518987342,GERALDO JOSE RODRIGUES ALCKMIN FILHO,GERALDO ALCKMIN,PSB,v,,,,,04/10/2026 18:17:15,sim
1,04/10/2026,6257,Presidente,1,municipio,PB,20079,2505303,CURRAL VELHO,,,,,DEMOCRACIA CRISTÃ,i,DC,0,27,DC,DEMOCRACIA CRISTÃ,,27,280002552484,CLARIANA ZACARKIM BARAO,CLARIANA BARAO,03/04/1987,8,Válido,nao,,2,0.12,0.115074799,FABIANA CRISTINA TAVARES TORQUATO,FABIANA TORQUATO,DC,v,,,,,04/10/2026 18:17:15,sim
1,04/10/2026,6257,Presidente,1,municipio,PB,20079,2505303,CURRAL VELHO,,,,,PARTIDO COMUNISTA BRASILEIRO,i,PCB,0,21,PCB,PARTIDO COMUNISTA BRASILEIRO,,21,280002551975,EDMILSON SILVA COSTA,EDMILSON COSTA,08/04/1950,10,Válido,nao,,0,0.00,0,CLEUSA DOS SANTOS,CLEUSA SANTOS,PCB,v,,,,,04/10/2026 18:17:15,sim
1,04/10/2026,6257,Presidente,1,municipio,PB,20079,2505303,CURRAL VELHO,,,,,PARTIDO SOCIALISTA  DOS TRABALHADORES UNIFICADO,i,PSTU,0,16,PSTU,PARTIDO SOCIALISTA  DOS TRABALHADORES UNIFICADO,,16,280002541457,HERTZ DA CONCEICAO DIAS,HERTZ DIAS,20/10/1970,9,Válido,nao,,0,0.00,0,VANESSA PORTUGAL BARBOSA,VANESSA PORTUGAL,PSTU,v,,,,,04/10/2026 18:17:15,sim
1,04/10/2026,6257,Presidente,1,municipio,PB,20079,2505303,CURRAL VELHO,,,,,BRASIL DOS NOSSOS SONHOS,c,AGIR / AVANTE,,70,AVANTE,AVANTE,,70,280002551547,AUGUSTO JORGE CURY,ESCRITOR AUGUSTO CURY,02/10/1958,3,Válido,nao,,78,4.49,4.487917146,JULIO CESAR DELGADO,JÚLIO DELGADO,AVANTE,v,,,,,04/10/2026 18:17:15,sim
1,04/10/2026,6257,Presidente,1,municipio,PB,20079,2505303,CURRAL VELHO,,,,,PARTIDO NOVO,i,NOVO,0,30,NOVO,PARTIDO NOVO,,30,280002539826,ROMEU ZEMA NETO,ZEMA,28/10/1964,6,Válido,nao,,1,0.06,0.057537399,LUIS EDUARDO GRANGEIRO GIRÃO,EDUARDO GIRÃO,NOVO,v,,,,,04/10/2026 18:17:15,sim
1,04/10/2026,6257,Presidente,1,municipio,PB,20079,2505303,CURRAL VELHO,,,,,UNIDADE POPULAR,i,UP,0,80,UP,UNIDADE POPULAR,,80,280002538811,SAMARA MARTINS DA SILVA FEITOSA,SAMARA,31/08/1987,7,Válido,nao,,0,0.00,0,RAQUEL NONATO DE BRICIO,RAQUEL BRÍCIO,UP,v,,,,,04/10/2026 18:17:15,sim
1,04/10/2026,6257,Presidente,1,municipio,PB,20079,2505303,CURRAL VELHO,,,,,DEMOCRATA,i,DEMOCRATA,0,35,DEMOCRATA,DEMOCRATA,,35,280002548139,WILSON GRASSI JUNIOR,VETERINÁRIO WILSON GRASSI,13/03/1970,11,Válido,nao,,0,0.00,0,SUÊD HAIDAR NOGUEIRA,SUÊD HAIDAR,DEMOCRATA,v,,,,,04/10/2026 18:17:15,sim
1,04/10/2026,6257,Presidente,1,municipio,PB,20079,2505303,CURRAL VELHO,,,,,PARTIDO MISSÃO,i,MISSÃO,0,14,MISSÃO,PARTIDO MISSÃO,,14,280002540694,RENAN ANTONIO FERREIRA DOS SANTOS,RENAN SANTOS,14/02/1984,5,Válido,nao,,7,0.40,0.402761795,AROLDO MEDINA,CORONEL MEDINA,MISSÃO,v,,,,,04/10/2026 18:17:15,sim
1,04/10/2026,6257,Presidente,1,municipio,PB,20079,2505303,CURRAL VELHO,,,,,PARTIDO DA CAUSA OPERÁRIA,i,PCO,0,29,PCO,PARTIDO DA CAUSA OPERÁRIA,,29,280002552487,RUI COSTA PIMENTA,RUI COSTA PIMENTA,25/06/1957,12,Válido,nao,,0,0.00,0,ANTONIO CARLOS SILVA,ANTÔNIO CARLOS,PCO,v,,,,,04/10/2026 18:17:15,sim
1,04/10/2026,6257,Presidente,1,municipio,PB,20095,2505402,DESTERRO,,,,,PARTIDO LIBERAL,i,PL,0,22,PL,PARTIDO LIBERAL,,22,280002551544,FLAVIO NANTES BOLSONARO,FLAVIO BOLSONARO,30/04/1981,1,Válido,nao,,1400,24.02,24.017841825,ALFREDO GASPAR DE MENDONÇA NETO,ALFREDO GASPAR,PL,v,,,,,04/10/2026 19:29:39,sim
1,04/10/2026,6257,Presidente,1,municipio,PB,20095,2505402,DESTERRO,,,,,PARTIDO SOCIAL DEMOCRÁTICO,i,PSD,0,55,PSD,PARTIDO SOCIAL DEMOCRÁTICO,,55,280002551932,RONALDO RAMOS CAIADO,RONALDO CAIADO,25/09/1949,5,Válido,nao,,6,0.10,0.102933608,GILBERTO KASSAB,GILBERTO KASSAB,PSD,v,,,,,04/10/2026 19:29:39,sim
1,04/10/2026,6257,Presidente,1,municipio,PB,20095,2505402,DESTERRO,,PT/PC do B/PV,FEDERAÇÃO BRASIL DA ESPERANÇA - FE BRASIL,PT/PC do B/PV,BRASIL PRONTO PRA MAIS,c,PSB / PDT / PCDOB / PT / PV / PSOL / REDE,,13,PT,PARTIDO DOS TRABALHADORES,101,13,280002542548,LUIZ INÁCIO LULA DA SILVA,LULA,06/10/1945,2,Válido,nao,,4244,72.81,72.808371933,GERALDO JOSE RODRIGUES ALCKMIN FILHO,GERALDO ALCKMIN,PSB,v,,,,,04/10/2026 19:29:39,sim
1,04/10/2026,6257,Presidente,1,municipio,PB,20095,2505402,DESTERRO,,,,,PARTIDO SOCIALISTA  DOS TRABALHADORES UNIFICADO,i,PSTU,0,16,PSTU,PARTIDO SOCIALISTA  DOS TRABALHADORES UNIFICADO,,16,280002541457,HERTZ DA CONCEICAO DIAS,HERTZ DIAS,20/10/1970,8,Válido,nao,,0,0.00,0,VANESSA PORTUGAL BARBOSA,VANESSA PORTUGAL,PSTU,v,,,,,04/10/2026 19:29:39,sim
1,04/10/2026,6257,Presidente,1,municipio,PB,20095,2505402,DESTERRO,,,,,PARTIDO COMUNISTA BRASILEIRO,i,PCB,0,21,PCB,PARTIDO COMUNISTA BRASILEIRO,,21,280002551975,EDMILSON SILVA COSTA,EDMILSON COSTA,08/04/1950,10,Válido,nao,,1,0.02,0.017155601,CLEUSA DOS SANTOS,CLEUSA SANTOS,PCB,v,,,,,04/10/2026 19:29:39,sim
1,04/10/2026,6257,Presidente,1,municipio,PB,20095,2505402,DESTERRO,,,,,DEMOCRACIA CRISTÃ,i,DC,0,27,DC,DEMOCRACIA CRISTÃ,,27,280002552484,CLARIANA ZACARKIM BARAO,CLARIANA BARAO,03/04/1987,9,Válido,nao,,1,0.02,0.017155601,FABIANA CRISTINA TAVARES TORQUATO,FABIANA TORQUATO,DC,v,,,,,04/10/2026 19:29:39,sim
1,04/10/2026,6257,Presidente,1,municipio,PB,20095,2505402,DESTERRO,,,,,PARTIDO NOVO,i,NOVO,0,30,NOVO,PARTIDO NOVO,,30,280002539826,ROMEU ZEMA NETO,ZEMA,28/10/1964,6,Válido,nao,,1,0.02,0.017155601,LUIS EDUARDO GRANGEIRO GIRÃO,EDUARDO GIRÃO,NOVO,v,,,,,04/10/2026 19:29:39,sim
1,04/10/2026,6257,Presidente,1,municipio,PB,20095,2505402,DESTERRO,,,,,BRASIL DOS NOSSOS SONHOS,c,AGIR / AVANTE,,70,AVANTE,AVANTE,,70,280002551547,AUGUSTO JORGE CURY,ESCRITOR AUGUSTO CURY,02/10/1958,3,Válido,nao,,117,2.01,2.007205353,JULIO CESAR DELGADO,JÚLIO DELGADO,AVANTE,v,,,,,04/10/2026 19:29:39,sim
1,04/10/2026,6257,Presidente,1,municipio,PB,20095,2505402,DESTERRO,,,,,DEMOCRATA,i,DEMOCRATA,0,35,DEMOCRATA,DEMOCRATA,,35,280002548139,WILSON GRASSI JUNIOR,VETERINÁRIO WILSON GRASSI,13/03/1970,11,Válido,nao,,0,0.00,0,SUÊD HAIDAR NOGUEIRA,SUÊD HAIDAR,DEMOCRATA,v,,,,,04/10/2026 19:29:39,sim
1,04/10/2026,6257,Presidente,1,municipio,PB,20095,2505402,DESTERRO,,,,,UNIDADE POPULAR,i,UP,0,80,UP,UNIDADE POPULAR,,80,280002538811,SAMARA MARTINS DA SILVA FEITOSA,SAMARA,31/08/1987,7,Válido,nao,,2,0.03,0.034311203,RAQUEL NONATO DE BRICIO,RAQUEL BRÍCIO,UP,v,,,,,04/10/2026 19:29:39,sim
1,04/10/2026,6257,Presidente,1,municipio,PB,20095,2505402,DESTERRO,,,,,PARTIDO MISSÃO,i,MISSÃO,0,14,MISSÃO,PARTIDO MISSÃO,,14,280002540694,RENAN ANTONIO FERREIRA DOS SANTOS,RENAN SANTOS,14/02/1984,4,Válido,nao,,56,0.96,0.960713673,AROLDO MEDINA,CORONEL MEDINA,MISSÃO,v,,,,,04/10/2026 19:29:39,sim
1,04/10/2026,6257,Presidente,1,municipio,PB,20095,2505402,DESTERRO,,,,,PARTIDO DA CAUSA OPERÁRIA,i,PCO,0,29,PCO,PARTIDO DA CAUSA OPERÁRIA,,29,280002552487,RUI COSTA PIMENTA,RUI COSTA PIMENTA,25/06/1957,12,Válido,nao,,1,0.02,0.017155601,ANTONIO CARLOS SILVA,ANTÔNIO CARLOS,PCO,v,,,,,04/10/2026 19:29:39,sim
1,04/10/2026,6257,Presidente,1,municipio,PB,20117,2505501,VISTA SERRANA,,,,,PARTIDO LIBERAL,i,PL,0,22,PL,PARTIDO LIBERAL,,22,280002551544,FLAVIO NANTES BOLSONARO,FLAVIO BOLSONARO,30/04/1981,1,Válido,nao,,521,20.25,20.248736883,ALFREDO GASPAR DE MENDONÇA NETO,ALFREDO GASPAR,PL,v,,,,,04/10/2026 17:36:21,sim
1,04/10/2026,6257,Presidente,1,municipio,PB,20117,2505501,VISTA SERRANA,,,,,PARTIDO SOCIAL DEMOCRÁTICO,i,PSD,0,55,PSD,PARTIDO SOCIAL DEMOCRÁTICO,,55,280002551932,RONALDO RAMOS CAIADO,RONALDO CAIADO,25/09/1949,4,Válido,nao,,19,0.74,0.738437621,GILBERTO KASSAB,GILBERTO KASSAB,PSD,v,,,,,04/10/2026 17:36:21,sim
1,04/10/2026,6257,Presidente,1,municipio,PB,20117,2505501,VISTA SERRANA,,PT/PC do B/PV,FEDERAÇÃO BRASIL DA ESPERANÇA - FE BRASIL,PT/PC do B/PV,BRASIL PRONTO PRA MAIS,c,PSB / PDT / PCDOB / PT / PV / PSOL / REDE,,13,PT,PARTIDO DOS TRABALHADORES,101,13,280002542548,LUIZ INÁCIO LULA DA SILVA,LULA,06/10/1945,2,Válido,nao,,1934,75.17,75.165176836,GERALDO JOSE RODRIGUES ALCKMIN FILHO,GERALDO ALCKMIN,PSB,v,,,,,04/10/2026 17:36:21,sim
1,04/10/2026,6257,Presidente,1,municipio,PB,20117,2505501,VISTA SERRANA,,,,,DEMOCRACIA CRISTÃ,i,DC,0,27,DC,DEMOCRACIA CRISTÃ,,27,280002552484,CLARIANA ZACARKIM BARAO,CLARIANA BARAO,03/04/1987,8,Válido,nao,,0,0.00,0,FABIANA CRISTINA TAVARES TORQUATO,FABIANA TORQUATO,DC,v,,,,,04/10/2026 17:36:21,sim
1,04/10/2026,6257,Presidente,1,municipio,PB,20117,2505501,VISTA SERRANA,,,,,PARTIDO COMUNISTA BRASILEIRO,i,PCB,0,21,PCB,PARTIDO COMUNISTA BRASILEIRO,,21,280002551975,EDMILSON SILVA COSTA,EDMILSON COSTA,08/04/1950,10,Válido,nao,,0,0.00,0,CLEUSA DOS SANTOS,CLEUSA SANTOS,PCB,v,,,,,04/10/2026 17:36:21,sim
1,04/10/2026,6257,Presidente,1,municipio,PB,20117,2505501,VISTA SERRANA,,,,,PARTIDO SOCIALISTA  DOS TRABALHADORES UNIFICADO,i,PSTU,0,16,PSTU,PARTIDO SOCIALISTA  DOS TRABALHADORES UNIFICADO,,16,280002541457,HERTZ DA CONCEICAO DIAS,HERTZ DIAS,20/10/1970,9,Válido,nao,,0,0.00,0,VANESSA PORTUGAL BARBOSA,VANESSA PORTUGAL,PSTU,v,,,,,04/10/2026 17:36:21,sim
1,04/10/2026,6257,Presidente,1,municipio,PB,20117,2505501,VISTA SERRANA,,,,,BRASIL DOS NOSSOS SONHOS,c,AGIR / AVANTE,,70,AVANTE,AVANTE,,70,280002551547,AUGUSTO JORGE CURY,ESCRITOR AUGUSTO CURY,02/10/1958,3,Válido,nao,,57,2.22,2.215312864,JULIO CESAR DELGADO,JÚLIO DELGADO,AVANTE,v,,,,,04/10/2026 17:36:21,sim
1,04/10/2026,6257,Presidente,1,municipio,PB,20117,2505501,VISTA SERRANA,,,,,PARTIDO NOVO,i,NOVO,0,30,NOVO,PARTIDO NOVO,,30,280002539826,ROMEU ZEMA NETO,ZEMA,28/10/1964,6,Válido,nao,,0,0.00,0,LUIS EDUARDO GRANGEIRO GIRÃO,EDUARDO GIRÃO,NOVO,v,,,,,04/10/2026 17:36:21,sim
1,04/10/2026,6257,Presidente,1,municipio,PB,20117,2505501,VISTA SERRANA,,,,,UNIDADE POPULAR,i,UP,0,80,UP,UNIDADE POPULAR,,80,280002538811,SAMARA MARTINS DA SILVA FEITOSA,SAMARA,31/08/1987,7,Válido,nao,,1,0.04,0.038865138,RAQUEL NONATO DE BRICIO,RAQUEL BRÍCIO,UP,v,,,,,04/10/2026 17:36:21,sim
1,04/10/2026,6257,Presidente,1,municipio,PB,20117,2505501,VISTA SERRANA,,,,,DEMOCRATA,i,DEMOCRATA,0,35,DEMOCRATA,DEMOCRATA,,35,280002548139,WILSON GRASSI JUNIOR,VETERINÁRIO WILSON GRASSI,13/03/1970,11,Válido,nao,,0,0.00,0,SUÊD HAIDAR NOGUEIRA,SUÊD HAIDAR,DEMOCRATA,v,,,,,04/10/2026 17:36:21,sim
1,04/10/2026,6257,Presidente,1,municipio,PB,20117,2505501,VISTA SERRANA,,,,,PARTIDO MISSÃO,i,MISSÃO,0,14,MISSÃO,PARTIDO MISSÃO,,14,280002540694,RENAN ANTONIO FERREIRA DOS SANTOS,RENAN SANTOS,14/02/1984,5,Válido,nao,,41,1.59,1.593470657,AROLDO MEDINA,CORONEL MEDINA,MISSÃO,v,,,,,04/10/2026 17:36:21,sim
1,04/10/2026,6257,Presidente,1,municipio,PB,20117,2505501,VISTA SERRANA,,,,,PARTIDO DA CAUSA OPERÁRIA,i,PCO,0,29,PCO,PARTIDO DA CAUSA OPERÁRIA,,29,280002552487,RUI COSTA PIMENTA,RUI COSTA PIMENTA,25/06/1957,12,Válido,nao,,0,0.00,0,ANTONIO CARLOS SILVA,ANTÔNIO CARLOS,PCO,v,,,,,04/10/2026 17:36:21,sim
1,04/10/2026,6257,Presidente,1,municipio,PB,20133,2505600,DIAMANTE,,,,,PARTIDO LIBERAL,i,PL,0,22,PL,PARTIDO LIBERAL,,22,280002551544,FLAVIO NANTES BOLSONARO,FLAVIO BOLSONARO,30/04/1981,1,Válido,nao,,764,17.99,17.989168825,ALFREDO GASPAR DE MENDONÇA NETO,ALFREDO GASPAR,PL,v,,,,,04/10/2026 18:22:51,sim
1,04/10/2026,6257,Presidente,1,municipio,PB,20133,2505600,DIAMANTE,,,,,PARTIDO SOCIAL DEMOCRÁTICO,i,PSD,0,55,PSD,PARTIDO SOCIAL DEMOCRÁTICO,,55,280002551932,RONALDO RAMOS CAIADO,RONALDO CAIADO,25/09/1949,4,Válido,nao,,27,0.64,0.635742877,GILBERTO KASSAB,GILBERTO KASSAB,PSD,v,,,,,04/10/2026 18:22:51,sim
1,04/10/2026,6257,Presidente,1,municipio,PB,20133,2505600,DIAMANTE,,PT/PC do B/PV,FEDERAÇÃO BRASIL DA ESPERANÇA - FE BRASIL,PT/PC do B/PV,BRASIL PRONTO PRA MAIS,c,PSB / PDT / PCDOB / PT / PV / PSOL / REDE,,13,PT,PARTIDO DOS TRABALHADORES,101,13,280002542548,LUIZ INÁCIO LULA DA SILVA,LULA,06/10/1945,2,Válido,nao,,3320,78.17,78.172827879,GERALDO JOSE RODRIGUES ALCKMIN FILHO,GERALDO ALCKMIN,PSB,v,,,,,04/10/2026 18:22:51,sim
1,04/10/2026,6257,Presidente,1,municipio,PB,20133,2505600,DIAMANTE,,,,,DEMOCRACIA CRISTÃ,i,DC,0,27,DC,DEMOCRACIA CRISTÃ,,27,280002552484,CLARIANA ZACARKIM BARAO,CLARIANA BARAO,03/04/1987,8,Válido,nao,,0,0.00,0,FABIANA CRISTINA TAVARES TORQUATO,FABIANA TORQUATO,DC,v,,,,,04/10/2026 18:22:51,sim
1,04/10/2026,6257,Presidente,1,municipio,PB,20133,2505600,DIAMANTE,,,,,PARTIDO COMUNISTA BRASILEIRO,i,PCB,0,21,PCB,PARTIDO COMUNISTA BRASILEIRO,,21,280002551975,EDMILSON SILVA COSTA,EDMILSON COSTA,08/04/1950,10,Válido,nao,,0,0.00,0,CLEUSA DOS SANTOS,CLEUSA SANTOS,PCB,v,,,,,04/10/2026 18:22:51,sim
1,04/10/2026,6257,Presidente,1,municipio,PB,20133,2505600,DIAMANTE,,,,,PARTIDO SOCIALISTA  DOS TRABALHADORES UNIFICADO,i,PSTU,0,16,PSTU,PARTIDO SOCIALISTA  DOS TRABALHADORES UNIFICADO,,16,280002541457,HERTZ DA CONCEICAO DIAS,HERTZ DIAS,20/10/1970,9,Válido,nao,,0,0.00,0,VANESSA PORTUGAL BARBOSA,VANESSA PORTUGAL,PSTU,v,,,,,04/10/2026 18:22:51,sim
1,04/10/2026,6257,Presidente,1,municipio,PB,20133,2505600,DIAMANTE,,,,,BRASIL DOS NOSSOS SONHOS,c,AGIR / AVANTE,,70,AVANTE,AVANTE,,70,280002551547,AUGUSTO JORGE CURY,ESCRITOR AUGUSTO CURY,02/10/1958,3,Válido,nao,,78,1.84,1.836590534,JULIO CESAR DELGADO,JÚLIO DELGADO,AVANTE,v,,,,,04/10/2026 18:22:51,sim
1,04/10/2026,6257,Presidente,1,municipio,PB,20133,2505600,DIAMANTE,,,,,PARTIDO NOVO,i,NOVO,0,30,NOVO,PARTIDO NOVO,,30,280002539826,ROMEU ZEMA NETO,ZEMA,28/10/1964,6,Válido,nao,,0,0.00,0,LUIS EDUARDO GRANGEIRO GIRÃO,EDUARDO GIRÃO,NOVO,v,,,,,04/10/2026 18:22:51,sim
1,04/10/2026,6257,Presidente,1,municipio,PB,20133,2505600,DIAMANTE,,,,,UNIDADE POPULAR,i,UP,0,80,UP,UNIDADE POPULAR,,80,280002538811,SAMARA MARTINS DA SILVA FEITOSA,SAMARA,31/08/1987,7,Válido,nao,,1,0.02,0.023546032,RAQUEL NONATO DE BRICIO,RAQUEL BRÍCIO,UP,v,,,,,04/10/2026 18:22:51,sim
1,04/10/2026,6257,Presidente,1,municipio,PB,20133,2505600,DIAMANTE,,,,,DEMOCRATA,i,DEMOCRATA,0,35,DEMOCRATA,DEMOCRATA,,35,280002548139,WILSON GRASSI JUNIOR,VETERINÁRIO WILSON GRASSI,13/03/1970,11,Válido,nao,,0,0.00,0,SUÊD HAIDAR NOGUEIRA,SUÊD HAIDAR,DEMOCRATA,v,,,,,04/10/2026 18:22:51,sim
1,04/10/2026,6257,Presidente,1,municipio,PB,20133,2505600,DIAMANTE,,,,,PARTIDO MISSÃO,i,MISSÃO,0,14,MISSÃO,PARTIDO MISSÃO,,14,280002540694,RENAN ANTONIO FERREIRA DOS SANTOS,RENAN SANTOS,14/02/1984,5,Válido,nao,,57,1.34,1.342123852,AROLDO MEDINA,CORONEL MEDINA,MISSÃO,v,,,,,04/10/2026 18:22:51,sim
1,04/10/2026,6257,Presidente,1,municipio,PB,20133,2505600,DIAMANTE,,,,,PARTIDO DA CAUSA OPERÁRIA,i,PCO,0,29,PCO,PARTIDO DA CAUSA OPERÁRIA,,29,280002552487,RUI COSTA PIMENTA,RUI COSTA PIMENTA,25/06/1957,12,Válido,nao,,0,0.00,0,ANTONIO CARLOS SILVA,ANTÔNIO CARLOS,PCO,v,,,,,04/10/2026 18:22:51,sim
1,04/10/2026,6257,Presidente,1,municipio,PB,20150,2505709,DONA INÊS,,,,,PARTIDO LIBERAL,i,PL,0,22,PL,PARTIDO LIBERAL,,22,280002551544,FLAVIO NANTES BOLSONARO,FLAVIO BOLSONARO,30/04/1981,1,Válido,nao,,1271,18.11,18.113153769,ALFREDO GASPAR DE MENDONÇA NETO,ALFREDO GASPAR,PL,v,,,,,04/10/2026 19:20:57,sim
1,04/10/2026,6257,Presidente,1,municipio,PB,20150,2505709,DONA INÊS,,,,,PARTIDO SOCIAL DEMOCRÁTICO,i,PSD,0,55,PSD,PARTIDO SOCIAL DEMOCRÁTICO,,55,280002551932,RONALDO RAMOS CAIADO,RONALDO CAIADO,25/09/1949,5,Válido,nao,,26,0.37,0.370528716,GILBERTO KASSAB,GILBERTO KASSAB,PSD,v,,,,,04/10/2026 19:20:57,sim
1,04/10/2026,6257,Presidente,1,municipio,PB,20150,2505709,DONA INÊS,,PT/PC do B/PV,FEDERAÇÃO BRASIL DA ESPERANÇA - FE BRASIL,PT/PC do B/PV,BRASIL PRONTO PRA MAIS,c,PSB / PDT / PCDOB / PT / PV / PSOL / REDE,,13,PT,PARTIDO DOS TRABALHADORES,101,13,280002542548,LUIZ INÁCIO LULA DA SILVA,LULA,06/10/1945,2,Válido,nao,,5492,78.27,78.267065698,GERALDO JOSE RODRIGUES ALCKMIN FILHO,GERALDO ALCKMIN,PSB,v,,,,,04/10/2026 19:20:57,sim
1,04/10/2026,6257,Presidente,1,municipio,PB,20150,2505709,DONA INÊS,,,,,DEMOCRACIA CRISTÃ,i,DC,0,27,DC,DEMOCRACIA CRISTÃ,,27,280002552484,CLARIANA ZACARKIM BARAO,CLARIANA BARAO,03/04/1987,9,Válido,nao,,2,0.03,0.028502209,FABIANA CRISTINA TAVARES TORQUATO,FABIANA TORQUATO,DC,v,,,,,04/10/2026 19:20:57,sim
1,04/10/2026,6257,Presidente,1,municipio,PB,20150,2505709,DONA INÊS,,,,,PARTIDO COMUNISTA BRASILEIRO,i,PCB,0,21,PCB,PARTIDO COMUNISTA BRASILEIRO,,21,280002551975,EDMILSON SILVA COSTA,EDMILSON COSTA,08/04/1950,10,Válido,nao,,1,0.01,0.014251104,CLEUSA DOS SANTOS,CLEUSA SANTOS,PCB,v,,,,,04/10/2026 19:20:57,sim
1,04/10/2026,6257,Presidente,1,municipio,PB,20150,2505709,DONA INÊS,,,,,PARTIDO SOCIALISTA  DOS TRABALHADORES UNIFICADO,i,PSTU,0,16,PSTU,PARTIDO SOCIALISTA  DOS TRABALHADORES UNIFICADO,,16,280002541457,HERTZ DA CONCEICAO DIAS,HERTZ DIAS,20/10/1970,8,Válido,nao,,4,0.06,0.057004418,VANESSA PORTUGAL BARBOSA,VANESSA PORTUGAL,PSTU,v,,,,,04/10/2026 19:20:57,sim
1,04/10/2026,6257,Presidente,1,municipio,PB,20150,2505709,DONA INÊS,,,,,BRASIL DOS NOSSOS SONHOS,c,AGIR / AVANTE,,70,AVANTE,AVANTE,,70,280002551547,AUGUSTO JORGE CURY,ESCRITOR AUGUSTO CURY,02/10/1958,3,Válido,nao,,138,1.97,1.966652416,JULIO CESAR DELGADO,JÚLIO DELGADO,AVANTE,v,,,,,04/10/2026 19:20:57,sim
1,04/10/2026,6257,Presidente,1,municipio,PB,20150,2505709,DONA INÊS,,,,,PARTIDO NOVO,i,NOVO,0,30,NOVO,PARTIDO NOVO,,30,280002539826,ROMEU ZEMA NETO,ZEMA,28/10/1964,6,Válido,nao,,5,0.07,0.071255522,LUIS EDUARDO GRANGEIRO GIRÃO,EDUARDO GIRÃO,NOVO,v,,,,,04/10/2026 19:20:57,sim
1,04/10/2026,6257,Presidente,1,municipio,PB,20150,2505709,DONA INÊS,,,,,UNIDADE POPULAR,i,UP,0,80,UP,UNIDADE POPULAR,,80,280002538811,SAMARA MARTINS DA SILVA FEITOSA,SAMARA,31/08/1987,7,Válido,nao,,1,0.01,0.014251104,RAQUEL NONATO DE BRICIO,RAQUEL BRÍCIO,UP,v,,,,,04/10/2026 19:20:57,sim
1,04/10/2026,6257,Presidente,1,municipio,PB,20150,2505709,DONA INÊS,,,,,DEMOCRATA,i,DEMOCRATA,0,35,DEMOCRATA,DEMOCRATA,,35,280002548139,WILSON GRASSI JUNIOR,VETERINÁRIO WILSON GRASSI,13/03/1970,11,Válido,nao,,1,0.01,0.014251104,SUÊD HAIDAR NOGUEIRA,SUÊD HAIDAR,DEMOCRATA,v,,,,,04/10/2026 19:20:57,sim
1,04/10/2026,6257,Presidente,1,municipio,PB,20150,2505709,DONA INÊS,,,,,PARTIDO MISSÃO,i,MISSÃO,0,14,MISSÃO,PARTIDO MISSÃO,,14,280002540694,RENAN ANTONIO FERREIRA DOS SANTOS,RENAN SANTOS,14/02/1984,4,Válido,nao,,76,1.08,1.083083939,AROLDO MEDINA,CORONEL MEDINA,MISSÃO,v,,,,,04/10/2026 19:20:57,sim
1,04/10/2026,6257,Presidente,1,municipio,PB,20150,2505709,DONA INÊS,,,,,PARTIDO DA CAUSA OPERÁRIA,i,PCO,0,29,PCO,PARTIDO DA CAUSA OPERÁRIA,,29,280002552487,RUI COSTA PIMENTA,RUI COSTA PIMENTA,25/06/1957,12,Válido,nao,,0,0.00,0,ANTONIO CARLOS SILVA,ANTÔNIO CARLOS,PCO,v,,,,,04/10/2026 19:20:57,sim
1,04/10/2026,6257,Presidente,1,municipio,PB,20176,2505808,DUAS ESTRADAS,,,,,PARTIDO LIBERAL,i,PL,0,22,PL,PARTIDO LIBERAL,,22,280002551544,FLAVIO NANTES BOLSONARO,FLAVIO BOLSONARO,30/04/1981,1,Válido,nao,,865,29.60,29.603011636,ALFREDO GASPAR DE MENDONÇA NETO,ALFREDO GASPAR,PL,v,,,,,04/10/2026 17:49:28,sim
1,04/10/2026,6257,Presidente,1,municipio,PB,20176,2505808,DUAS ESTRADAS,,,,,PARTIDO SOCIAL DEMOCRÁTICO,i,PSD,0,55,PSD,PARTIDO SOCIAL DEMOCRÁTICO,,55,280002551932,RONALDO RAMOS CAIADO,RONALDO CAIADO,25/09/1949,4,Válido,nao,,19,0.65,0.650239562,GILBERTO KASSAB,GILBERTO KASSAB,PSD,v,,,,,04/10/2026 17:49:28,sim
1,04/10/2026,6257,Presidente,1,municipio,PB,20176,2505808,DUAS ESTRADAS,,PT/PC do B/PV,FEDERAÇÃO BRASIL DA ESPERANÇA - FE BRASIL,PT/PC do B/PV,BRASIL PRONTO PRA MAIS,c,PSB / PDT / PCDOB / PT / PV / PSOL / REDE,,13,PT,PARTIDO DOS TRABALHADORES,101,13,280002542548,LUIZ INÁCIO LULA DA SILVA,LULA,06/10/1945,2,Válido,nao,,1932,66.12,66.119096509,GERALDO JOSE RODRIGUES ALCKMIN FILHO,GERALDO ALCKMIN,PSB,v,,,,,04/10/2026 17:49:28,sim
1,04/10/2026,6257,Presidente,1,municipio,PB,20176,2505808,DUAS ESTRADAS,,,,,DEMOCRACIA CRISTÃ,i,DC,0,27,DC,DEMOCRACIA CRISTÃ,,27,280002552484,CLARIANA ZACARKIM BARAO,CLARIANA BARAO,03/04/1987,8,Válido,nao,,1,0.03,0.034223135,FABIANA CRISTINA TAVARES TORQUATO,FABIANA TORQUATO,DC,v,,,,,04/10/2026 17:49:28,sim
1,04/10/2026,6257,Presidente,1,municipio,PB,20176,2505808,DUAS ESTRADAS,,,,,PARTIDO COMUNISTA BRASILEIRO,i,PCB,0,21,PCB,PARTIDO COMUNISTA BRASILEIRO,,21,280002551975,EDMILSON SILVA COSTA,EDMILSON COSTA,08/04/1950,10,Válido,nao,,0,0.00,0,CLEUSA DOS SANTOS,CLEUSA SANTOS,PCB,v,,,,,04/10/2026 17:49:28,sim
1,04/10/2026,6257,Presidente,1,municipio,PB,20176,2505808,DUAS ESTRADAS,,,,,PARTIDO SOCIALISTA  DOS TRABALHADORES UNIFICADO,i,PSTU,0,16,PSTU,PARTIDO SOCIALISTA  DOS TRABALHADORES UNIFICADO,,16,280002541457,HERTZ DA CONCEICAO DIAS,HERTZ DIAS,20/10/1970,9,Válido,nao,,1,0.03,0.034223135,VANESSA PORTUGAL BARBOSA,VANESSA PORTUGAL,PSTU,v,,,,,04/10/2026 17:49:28,sim
1,04/10/2026,6257,Presidente,1,municipio,PB,20176,2505808,DUAS ESTRADAS,,,,,BRASIL DOS NOSSOS SONHOS,c,AGIR / AVANTE,,70,AVANTE,AVANTE,,70,280002551547,AUGUSTO JORGE CURY,ESCRITOR AUGUSTO CURY,02/10/1958,3,Válido,nao,,70,2.40,2.395619439,JULIO CESAR DELGADO,JÚLIO DELGADO,AVANTE,v,,,,,04/10/2026 17:49:28,sim
1,04/10/2026,6257,Presidente,1,municipio,PB,20176,2505808,DUAS ESTRADAS,,,,,PARTIDO NOVO,i,NOVO,0,30,NOVO,PARTIDO NOVO,,30,280002539826,ROMEU ZEMA NETO,ZEMA,28/10/1964,6,Válido,nao,,2,0.07,0.068446270,LUIS EDUARDO GRANGEIRO GIRÃO,EDUARDO GIRÃO,NOVO,v,,,,,04/10/2026 17:49:28,sim
1,04/10/2026,6257,Presidente,1,municipio,PB,20176,2505808,DUAS ESTRADAS,,,,,UNIDADE POPULAR,i,UP,0,80,UP,UNIDADE POPULAR,,80,280002538811,SAMARA MARTINS DA SILVA FEITOSA,SAMARA,31/08/1987,7,Válido,nao,,1,0.03,0.034223135,RAQUEL NONATO DE BRICIO,RAQUEL BRÍCIO,UP,v,,,,,04/10/2026 17:49:28,sim
1,04/10/2026,6257,Presidente,1,municipio,PB,20176,2505808,DUAS ESTRADAS,,,,,DEMOCRATA,i,DEMOCRATA,0,35,DEMOCRATA,DEMOCRATA,,35,280002548139,WILSON GRASSI JUNIOR,VETERINÁRIO WILSON GRASSI,13/03/1970,11,Válido,nao,,0,0.00,0,SUÊD HAIDAR NOGUEIRA,SUÊD HAIDAR,DEMOCRATA,v,,,,,04/10/2026 17:49:28,sim
1,04/10/2026,6257,Presidente,1,municipio,PB,20176,2505808,DUAS ESTRADAS,,,,,PARTIDO MISSÃO,i,MISSÃO,0,14,MISSÃO,PARTIDO MISSÃO,,14,280002540694,RENAN ANTONIO FERREIRA DOS SANTOS,RENAN SANTOS,14/02/1984,5,Válido,nao,,31,1.06,1.060917180,AROLDO MEDINA,CORONEL MEDINA,MISSÃO,v,,,,,04/10/2026 17:49:28,sim
1,04/10/2026,6257,Presidente,1,municipio,PB,20176,2505808,DUAS ESTRADAS,,,,,PARTIDO DA CAUSA OPERÁRIA,i,PCO,0,29,PCO,PARTIDO DA CAUSA OPERÁRIA,,29,280002552487,RUI COSTA PIMENTA,RUI COSTA PIMENTA,25/06/1957,12,Válido,nao,,0,0.00,0,ANTONIO CARLOS SILVA,ANTÔNIO CARLOS,PCO,v,,,,,04/10/2026 17:49:28,sim
1,04/10/2026,6257,Presidente,1,municipio,PB,20192,2505907,EMAS,,,,,PARTIDO LIBERAL,i,PL,0,22,PL,PARTIDO LIBERAL,,22,280002551544,FLAVIO NANTES BOLSONARO,FLAVIO BOLSONARO,30/04/1981,1,Válido,nao,,748,27.60,27.601476015,ALFREDO GASPAR DE MENDONÇA NETO,ALFREDO GASPAR,PL,v,,,,,04/10/2026 19:02:50,sim
1,04/10/2026,6257,Presidente,1,municipio,PB,20192,2505907,EMAS,,,,,PARTIDO SOCIAL DEMOCRÁTICO,i,PSD,0,55,PSD,PARTIDO SOCIAL DEMOCRÁTICO,,55,280002551932,RONALDO RAMOS CAIADO,RONALDO CAIADO,25/09/1949,4,Válido,nao,,12,0.44,0.442804428,GILBERTO KASSAB,GILBERTO KASSAB,PSD,v,,,,,04/10/2026 19:02:50,sim
1,04/10/2026,6257,Presidente,1,municipio,PB,20192,2505907,EMAS,,PT/PC do B/PV,FEDERAÇÃO BRASIL DA ESPERANÇA - FE BRASIL,PT/PC do B/PV,BRASIL PRONTO PRA MAIS,c,PSB / PDT / PCDOB / PT / PV / PSOL / REDE,,13,PT,PARTIDO DOS TRABALHADORES,101,13,280002542548,LUIZ INÁCIO LULA DA SILVA,LULA,06/10/1945,2,Válido,nao,,1836,67.75,67.749077491,GERALDO JOSE RODRIGUES ALCKMIN FILHO,GERALDO ALCKMIN,PSB,v,,,,,04/10/2026 19:02:50,sim
1,04/10/2026,6257,Presidente,1,municipio,PB,20192,2505907,EMAS,,,,,DEMOCRACIA CRISTÃ,i,DC,0,27,DC,DEMOCRACIA CRISTÃ,,27,280002552484,CLARIANA ZACARKIM BARAO,CLARIANA BARAO,03/04/1987,9,Válido,nao,,0,0.00,0,FABIANA CRISTINA TAVARES TORQUATO,FABIANA TORQUATO,DC,v,,,,,04/10/2026 19:02:50,sim
1,04/10/2026,6257,Presidente,1,municipio,PB,20192,2505907,EMAS,,,,,PARTIDO COMUNISTA BRASILEIRO,i,PCB,0,21,PCB,PARTIDO COMUNISTA BRASILEIRO,,21,280002551975,EDMILSON SILVA COSTA,EDMILSON COSTA,08/04/1950,10,Válido,nao,,1,0.04,0.036900369,CLEUSA DOS SANTOS,CLEUSA SANTOS,PCB,v,,,,,04/10/2026 19:02:50,sim
1,04/10/2026,6257,Presidente,1,municipio,PB,20192,2505907,EMAS,,,,,PARTIDO SOCIALISTA  DOS TRABALHADORES UNIFICADO,i,PSTU,0,16,PSTU,PARTIDO SOCIALISTA  DOS TRABALHADORES UNIFICADO,,16,280002541457,HERTZ DA CONCEICAO DIAS,HERTZ DIAS,20/10/1970,8,Válido,nao,,1,0.04,0.036900369,VANESSA PORTUGAL BARBOSA,VANESSA PORTUGAL,PSTU,v,,,,,04/10/2026 19:02:50,sim
1,04/10/2026,6257,Presidente,1,municipio,PB,20192,2505907,EMAS,,,,,BRASIL DOS NOSSOS SONHOS,c,AGIR / AVANTE,,70,AVANTE,AVANTE,,70,280002551547,AUGUSTO JORGE CURY,ESCRITOR AUGUSTO CURY,02/10/1958,3,Válido,nao,,69,2.55,2.546125461,JULIO CESAR DELGADO,JÚLIO DELGADO,AVANTE,v,,,,,04/10/2026 19:02:50,sim
1,04/10/2026,6257,Presidente,1,municipio,PB,20192,2505907,EMAS,,,,,PARTIDO NOVO,i,NOVO,0,30,NOVO,PARTIDO NOVO,,30,280002539826,ROMEU ZEMA NETO,ZEMA,28/10/1964,6,Válido,nao,,1,0.04,0.036900369,LUIS EDUARDO GRANGEIRO GIRÃO,EDUARDO GIRÃO,NOVO,v,,,,,04/10/2026 19:02:50,sim
1,04/10/2026,6257,Presidente,1,municipio,PB,20192,2505907,EMAS,,,,,UNIDADE POPULAR,i,UP,0,80,UP,UNIDADE POPULAR,,80,280002538811,SAMARA MARTINS DA SILVA FEITOSA,SAMARA,31/08/1987,7,Válido,nao,,0,0.00,0,RAQUEL NONATO DE BRICIO,RAQUEL BRÍCIO,UP,v,,,,,04/10/2026 19:02:50,sim
1,04/10/2026,6257,Presidente,1,municipio,PB,20192,2505907,EMAS,,,,,DEMOCRATA,i,DEMOCRATA,0,35,DEMOCRATA,DEMOCRATA,,35,280002548139,WILSON GRASSI JUNIOR,VETERINÁRIO WILSON GRASSI,13/03/1970,11,Válido,nao,,0,0.00,0,SUÊD HAIDAR NOGUEIRA,SUÊD HAIDAR,DEMOCRATA,v,,,,,04/10/2026 19:02:50,sim
1,04/10/2026,6257,Presidente,1,municipio,PB,20192,2505907,EMAS,,,,,PARTIDO MISSÃO,i,MISSÃO,0,14,MISSÃO,PARTIDO MISSÃO,,14,280002540694,RENAN ANTONIO FERREIRA DOS SANTOS,RENAN SANTOS,14/02/1984,5,Válido,nao,,42,1.55,1.549815498,AROLDO MEDINA,CORONEL MEDINA,MISSÃO,v,,,,,04/10/2026 19:02:50,sim
1,04/10/2026,6257,Presidente,1,municipio,PB,20192,2505907,EMAS,,,,,PARTIDO DA CAUSA OPERÁRIA,i,PCO,0,29,PCO,PARTIDO DA CAUSA OPERÁRIA,,29,280002552487,RUI COSTA PIMENTA,RUI COSTA PIMENTA,25/06/1957,12,Válido,nao,,0,0.00,0,ANTONIO CARLOS SILVA,ANTÔNIO CARLOS,PCO,v,,,,,04/10/2026 19:02:50,sim
1,04/10/2026,6257,Presidente,1,municipio,PB,20214,2506004,ESPERANÇA,,,,,PARTIDO LIBERAL,i,PL,0,22,PL,PARTIDO LIBERAL,,22,280002551544,FLAVIO NANTES BOLSONARO,FLAVIO BOLSONARO,30/04/1981,1,Válido,nao,,6326,31.58,31.577896471,ALFREDO GASPAR DE MENDONÇA NETO,ALFREDO GASPAR,PL,v,,,,,04/10/2026 19:09:28,sim
1,04/10/2026,6257,Presidente,1,municipio,PB,20214,2506004,ESPERANÇA,,,,,PARTIDO SOCIAL DEMOCRÁTICO,i,PSD,0,55,PSD,PARTIDO SOCIAL DEMOCRÁTICO,,55,280002551932,RONALDO RAMOS CAIADO,RONALDO CAIADO,25/09/1949,5,Válido,nao,,114,0.57,0.569061049,GILBERTO KASSAB,GILBERTO KASSAB,PSD,v,,,,,04/10/2026 19:09:28,sim
1,04/10/2026,6257,Presidente,1,municipio,PB,20214,2506004,ESPERANÇA,,PT/PC do B/PV,FEDERAÇÃO BRASIL DA ESPERANÇA - FE BRASIL,PT/PC do B/PV,BRASIL PRONTO PRA MAIS,c,PSB / PDT / PCDOB / PT / PV / PSOL / REDE,,13,PT,PARTIDO DOS TRABALHADORES,101,13,280002542548,LUIZ INÁCIO LULA DA SILVA,LULA,06/10/1945,2,Válido,nao,,12496,62.38,62.377077822,GERALDO JOSE RODRIGUES ALCKMIN FILHO,GERALDO ALCKMIN,PSB,v,,,,,04/10/2026 19:09:28,sim
1,04/10/2026,6257,Presidente,1,municipio,PB,20214,2506004,ESPERANÇA,,,,,DEMOCRACIA CRISTÃ,i,DC,0,27,DC,DEMOCRACIA CRISTÃ,,27,280002552484,CLARIANA ZACARKIM BARAO,CLARIANA BARAO,03/04/1987,9,Válido,nao,,3,0.01,0.014975291,FABIANA CRISTINA TAVARES TORQUATO,FABIANA TORQUATO,DC,v,,,,,04/10/2026 19:09:28,sim
1,04/10/2026,6257,Presidente,1,municipio,PB,20214,2506004,ESPERANÇA,,,,,PARTIDO COMUNISTA BRASILEIRO,i,PCB,0,21,PCB,PARTIDO COMUNISTA BRASILEIRO,,21,280002551975,EDMILSON SILVA COSTA,EDMILSON COSTA,08/04/1950,10,Válido,nao,,4,0.02,0.019967054,CLEUSA DOS SANTOS,CLEUSA SANTOS,PCB,v,,,,,04/10/2026 19:09:28,sim
1,04/10/2026,6257,Presidente,1,municipio,PB,20214,2506004,ESPERANÇA,,,,,PARTIDO SOCIALISTA  DOS TRABALHADORES UNIFICADO,i,PSTU,0,16,PSTU,PARTIDO SOCIALISTA  DOS TRABALHADORES UNIFICADO,,16,280002541457,HERTZ DA CONCEICAO DIAS,HERTZ DIAS,20/10/1970,8,Válido,nao,,3,0.01,0.014975291,VANESSA PORTUGAL BARBOSA,VANESSA PORTUGAL,PSTU,v,,,,,04/10/2026 19:09:28,sim
1,04/10/2026,6257,Presidente,1,municipio,PB,20214,2506004,ESPERANÇA,,,,,BRASIL DOS NOSSOS SONHOS,c,AGIR / AVANTE,,70,AVANTE,AVANTE,,70,280002551547,AUGUSTO JORGE CURY,ESCRITOR AUGUSTO CURY,02/10/1958,3,Válido,nao,,711,3.55,3.549143913,JULIO CESAR DELGADO,JÚLIO DELGADO,AVANTE,v,,,,,04/10/2026 19:09:28,sim
1,04/10/2026,6257,Presidente,1,municipio,PB,20214,2506004,ESPERANÇA,,,,,PARTIDO NOVO,i,NOVO,0,30,NOVO,PARTIDO NOVO,,30,280002539826,ROMEU ZEMA NETO,ZEMA,28/10/1964,6,Válido,nao,,10,0.05,0.049917636,LUIS EDUARDO GRANGEIRO GIRÃO,EDUARDO GIRÃO,NOVO,v,,,,,04/10/2026 19:09:28,sim
1,04/10/2026,6257,Presidente,1,municipio,PB,20214,2506004,ESPERANÇA,,,,,UNIDADE POPULAR,i,UP,0,80,UP,UNIDADE POPULAR,,80,280002538811,SAMARA MARTINS DA SILVA FEITOSA,SAMARA,31/08/1987,7,Válido,nao,,11,0.05,0.054909399,RAQUEL NONATO DE BRICIO,RAQUEL BRÍCIO,UP,v,,,,,04/10/2026 19:09:28,sim
1,04/10/2026,6257,Presidente,1,municipio,PB,20214,2506004,ESPERANÇA,,,,,DEMOCRATA,i,DEMOCRATA,0,35,DEMOCRATA,DEMOCRATA,,35,280002548139,WILSON GRASSI JUNIOR,VETERINÁRIO WILSON GRASSI,13/03/1970,11,Válido,nao,,1,0.01,0.004991764,SUÊD HAIDAR NOGUEIRA,SUÊD HAIDAR,DEMOCRATA,v,,,,,04/10/2026 19:09:28,sim
1,04/10/2026,6257,Presidente,1,municipio,PB,20214,2506004,ESPERANÇA,,,,,PARTIDO MISSÃO,i,MISSÃO,0,14,MISSÃO,PARTIDO MISSÃO,,14,280002540694,RENAN ANTONIO FERREIRA DOS SANTOS,RENAN SANTOS,14/02/1984,4,Válido,nao,,353,1.76,1.762092547,AROLDO MEDINA,CORONEL MEDINA,MISSÃO,v,,,,,04/10/2026 19:09:28,sim
1,04/10/2026,6257,Presidente,1,municipio,PB,20214,2506004,ESPERANÇA,,,,,PARTIDO DA CAUSA OPERÁRIA,i,PCO,0,29,PCO,PARTIDO DA CAUSA OPERÁRIA,,29,280002552487,RUI COSTA PIMENTA,RUI COSTA PIMENTA,25/06/1957,12,Válido,nao,,1,0.01,0.004991764,ANTONIO CARLOS SILVA,ANTÔNIO CARLOS,PCO,v,,,,,04/10/2026 19:09:28,sim
1,04/10/2026,6257,Presidente,1,municipio,PB,20230,2506103,FAGUNDES,,,,,PARTIDO LIBERAL,i,PL,0,22,PL,PARTIDO LIBERAL,,22,280002551544,FLAVIO NANTES BOLSONARO,FLAVIO BOLSONARO,30/04/1981,1,Válido,nao,,1609,20.33,20.333628207,ALFREDO GASPAR DE MENDONÇA NETO,ALFREDO GASPAR,PL,v,,,,,04/10/2026 18:10:54,sim
1,04/10/2026,6257,Presidente,1,municipio,PB,20230,2506103,FAGUNDES,,,,,PARTIDO SOCIAL DEMOCRÁTICO,i,PSD,0,55,PSD,PARTIDO SOCIAL DEMOCRÁTICO,,55,280002551932,RONALDO RAMOS CAIADO,RONALDO CAIADO,25/09/1949,4,Válido,nao,,40,0.51,0.505497283,GILBERTO KASSAB,GILBERTO KASSAB,PSD,v,,,,,04/10/2026 18:10:54,sim
1,04/10/2026,6257,Presidente,1,municipio,PB,20230,2506103,FAGUNDES,,PT/PC do B/PV,FEDERAÇÃO BRASIL DA ESPERANÇA - FE BRASIL,PT/PC do B/PV,BRASIL PRONTO PRA MAIS,c,PSB / PDT / PCDOB / PT / PV / PSOL / REDE,,13,PT,PARTIDO DOS TRABALHADORES,101,13,280002542548,LUIZ INÁCIO LULA DA SILVA,LULA,06/10/1945,2,Válido,nao,,5939,75.05,75.053709086,GERALDO JOSE RODRIGUES ALCKMIN FILHO,GERALDO ALCKMIN,PSB,v,,,,,04/10/2026 18:10:54,sim
1,04/10/2026,6257,Presidente,1,municipio,PB,20230,2506103,FAGUNDES,,,,,DEMOCRACIA CRISTÃ,i,DC,0,27,DC,DEMOCRACIA CRISTÃ,,27,280002552484,CLARIANA ZACARKIM BARAO,CLARIANA BARAO,03/04/1987,8,Válido,nao,,1,0.01,0.012637432,FABIANA CRISTINA TAVARES TORQUATO,FABIANA TORQUATO,DC,v,,,,,04/10/2026 18:10:54,sim
1,04/10/2026,6257,Presidente,1,municipio,PB,20230,2506103,FAGUNDES,,,,,PARTIDO COMUNISTA BRASILEIRO,i,PCB,0,21,PCB,PARTIDO COMUNISTA BRASILEIRO,,21,280002551975,EDMILSON SILVA COSTA,EDMILSON COSTA,08/04/1950,10,Válido,nao,,2,0.03,0.025274864,CLEUSA DOS SANTOS,CLEUSA SANTOS,PCB,v,,,,,04/10/2026 18:10:54,sim
1,04/10/2026,6257,Presidente,1,municipio,PB,20230,2506103,FAGUNDES,,,,,PARTIDO SOCIALISTA  DOS TRABALHADORES UNIFICADO,i,PSTU,0,16,PSTU,PARTIDO SOCIALISTA  DOS TRABALHADORES UNIFICADO,,16,280002541457,HERTZ DA CONCEICAO DIAS,HERTZ DIAS,20/10/1970,9,Válido,nao,,4,0.05,0.050549728,VANESSA PORTUGAL BARBOSA,VANESSA PORTUGAL,PSTU,v,,,,,04/10/2026 18:10:54,sim
1,04/10/2026,6257,Presidente,1,municipio,PB,20230,2506103,FAGUNDES,,,,,BRASIL DOS NOSSOS SONHOS,c,AGIR / AVANTE,,70,AVANTE,AVANTE,,70,280002551547,AUGUSTO JORGE CURY,ESCRITOR AUGUSTO CURY,02/10/1958,3,Válido,nao,,190,2.40,2.401112094,JULIO CESAR DELGADO,JÚLIO DELGADO,AVANTE,v,,,,,04/10/2026 18:10:54,sim
1,04/10/2026,6257,Presidente,1,municipio,PB,20230,2506103,FAGUNDES,,,,,PARTIDO NOVO,i,NOVO,0,30,NOVO,PARTIDO NOVO,,30,280002539826,ROMEU ZEMA NETO,ZEMA,28/10/1964,6,Válido,nao,,4,0.05,0.050549728,LUIS EDUARDO GRANGEIRO GIRÃO,EDUARDO GIRÃO,NOVO,v,,,,,04/10/2026 18:10:54,sim
1,04/10/2026,6257,Presidente,1,municipio,PB,20230,2506103,FAGUNDES,,,,,UNIDADE POPULAR,i,UP,0,80,UP,UNIDADE POPULAR,,80,280002538811,SAMARA MARTINS DA SILVA FEITOSA,SAMARA,31/08/1987,7,Válido,nao,,2,0.03,0.025274864,RAQUEL NONATO DE BRICIO,RAQUEL BRÍCIO,UP,v,,,,,04/10/2026 18:10:54,sim
1,04/10/2026,6257,Presidente,1,municipio,PB,20230,2506103,FAGUNDES,,,,,DEMOCRATA,i,DEMOCRATA,0,35,DEMOCRATA,DEMOCRATA,,35,280002548139,WILSON GRASSI JUNIOR,VETERINÁRIO WILSON GRASSI,13/03/1970,11,Válido,nao,,1,0.01,0.012637432,SUÊD HAIDAR NOGUEIRA,SUÊD HAIDAR,DEMOCRATA,v,,,,,04/10/2026 18:10:54,sim
1,04/10/2026,6257,Presidente,1,municipio,PB,20230,2506103,FAGUNDES,,,,,PARTIDO MISSÃO,i,MISSÃO,0,14,MISSÃO,PARTIDO MISSÃO,,14,280002540694,RENAN ANTONIO FERREIRA DOS SANTOS,RENAN SANTOS,14/02/1984,5,Válido,nao,,118,1.49,1.491216985,AROLDO MEDINA,CORONEL MEDINA,MISSÃO,v,,,,,04/10/2026 18:10:54,sim
1,04/10/2026,6257,Presidente,1,municipio,PB,20230,2506103,FAGUNDES,,,,,PARTIDO DA CAUSA OPERÁRIA,i,PCO,0,29,PCO,PARTIDO DA CAUSA OPERÁRIA,,29,280002552487,RUI COSTA PIMENTA,RUI COSTA PIMENTA,25/06/1957,12,Válido,nao,,3,0.04,0.037912296,ANTONIO CARLOS SILVA,ANTÔNIO CARLOS,PCO,v,,,,,04/10/2026 18:10:54,sim
1,04/10/2026,6257,Presidente,1,municipio,PB,20257,2506202,FREI MARTINHO,,,,,PARTIDO LIBERAL,i,PL,0,22,PL,PARTIDO LIBERAL,,22,280002551544,FLAVIO NANTES BOLSONARO,FLAVIO BOLSONARO,30/04/1981,1,Válido,nao,,634,27.53,27.529309596,ALFREDO GASPAR DE MENDONÇA NETO,ALFREDO GASPAR,PL,v,,,,,04/10/2026 17:58:51,sim
1,04/10/2026,6257,Presidente,1,municipio,PB,20257,2506202,FREI MARTINHO,,,,,PARTIDO SOCIAL DEMOCRÁTICO,i,PSD,0,55,PSD,PARTIDO SOCIAL DEMOCRÁTICO,,55,280002551932,RONALDO RAMOS CAIADO,RONALDO CAIADO,25/09/1949,4,Válido,nao,,18,0.78,0.781589231,GILBERTO KASSAB,GILBERTO KASSAB,PSD,v,,,,,04/10/2026 17:58:51,sim
1,04/10/2026,6257,Presidente,1,municipio,PB,20257,2506202,FREI MARTINHO,,PT/PC do B/PV,FEDERAÇÃO BRASIL DA ESPERANÇA - FE BRASIL,PT/PC do B/PV,BRASIL PRONTO PRA MAIS,c,PSB / PDT / PCDOB / PT / PV / PSOL / REDE,,13,PT,PARTIDO DOS TRABALHADORES,101,13,280002542548,LUIZ INÁCIO LULA DA SILVA,LULA,06/10/1945,2,Válido,nao,,1521,66.04,66.044290056,GERALDO JOSE RODRIGUES ALCKMIN FILHO,GERALDO ALCKMIN,PSB,v,,,,,04/10/2026 17:58:51,sim
1,04/10/2026,6257,Presidente,1,municipio,PB,20257,2506202,FREI MARTINHO,,,,,DEMOCRACIA CRISTÃ,i,DC,0,27,DC,DEMOCRACIA CRISTÃ,,27,280002552484,CLARIANA ZACARKIM BARAO,CLARIANA BARAO,03/04/1987,8,Válido,nao,,2,0.09,0.086843248,FABIANA CRISTINA TAVARES TORQUATO,FABIANA TORQUATO,DC,v,,,,,04/10/2026 17:58:51,sim
1,04/10/2026,6257,Presidente,1,municipio,PB,20257,2506202,FREI MARTINHO,,,,,PARTIDO COMUNISTA BRASILEIRO,i,PCB,0,21,PCB,PARTIDO COMUNISTA BRASILEIRO,,21,280002551975,EDMILSON SILVA COSTA,EDMILSON COSTA,08/04/1950,10,Válido,nao,,1,0.04,0.043421624,CLEUSA DOS SANTOS,CLEUSA SANTOS,PCB,v,,,,,04/10/2026 17:58:51,sim
1,04/10/2026,6257,Presidente,1,municipio,PB,20257,2506202,FREI MARTINHO,,,,,PARTIDO SOCIALISTA  DOS TRABALHADORES UNIFICADO,i,PSTU,0,16,PSTU,PARTIDO SOCIALISTA  DOS TRABALHADORES UNIFICADO,,16,280002541457,HERTZ DA CONCEICAO DIAS,HERTZ DIAS,20/10/1970,9,Válido,nao,,0,0.00,0,VANESSA PORTUGAL BARBOSA,VANESSA PORTUGAL,PSTU,v,,,,,04/10/2026 17:58:51,sim
1,04/10/2026,6257,Presidente,1,municipio,PB,20257,2506202,FREI MARTINHO,,,,,BRASIL DOS NOSSOS SONHOS,c,AGIR / AVANTE,,70,AVANTE,AVANTE,,70,280002551547,AUGUSTO JORGE CURY,ESCRITOR AUGUSTO CURY,02/10/1958,3,Válido,nao,,85,3.69,3.690838037,JULIO CESAR DELGADO,JÚLIO DELGADO,AVANTE,v,,,,,04/10/2026 17:58:51,sim
1,04/10/2026,6257,Presidente,1,municipio,PB,20257,2506202,FREI MARTINHO,,,,,PARTIDO NOVO,i,NOVO,0,30,NOVO,PARTIDO NOVO,,30,280002539826,ROMEU ZEMA NETO,ZEMA,28/10/1964,6,Válido,nao,,1,0.04,0.043421624,LUIS EDUARDO GRANGEIRO GIRÃO,EDUARDO GIRÃO,NOVO,v,,,,,04/10/2026 17:58:51,sim
1,04/10/2026,6257,Presidente,1,municipio,PB,20257,2506202,FREI MARTINHO,,,,,UNIDADE POPULAR,i,UP,0,80,UP,UNIDADE POPULAR,,80,280002538811,SAMARA MARTINS DA SILVA FEITOSA,SAMARA,31/08/1987,7,Válido,nao,,3,0.13,0.130264872,RAQUEL NONATO DE BRICIO,RAQUEL BRÍCIO,UP,v,,,,,04/10/2026 17:58:51,sim
1,04/10/2026,6257,Presidente,1,municipio,PB,20257,2506202,FREI MARTINHO,,,,,DEMOCRATA,i,DEMOCRATA,0,35,DEMOCRATA,DEMOCRATA,,35,280002548139,WILSON GRASSI JUNIOR,VETERINÁRIO WILSON GRASSI,13/03/1970,11,Válido,nao,,0,0.00,0,SUÊD HAIDAR NOGUEIRA,SUÊD HAIDAR,DEMOCRATA,v,,,,,04/10/2026 17:58:51,sim
1,04/10/2026,6257,Presidente,1,municipio,PB,20257,2506202,FREI MARTINHO,,,,,PARTIDO MISSÃO,i,MISSÃO,0,14,MISSÃO,PARTIDO MISSÃO,,14,280002540694,RENAN ANTONIO FERREIRA DOS SANTOS,RENAN SANTOS,14/02/1984,5,Válido,nao,,38,1.65,1.650021711,AROLDO MEDINA,CORONEL MEDINA,MISSÃO,v,,,,,04/10/2026 17:58:51,sim
1,04/10/2026,6257,Presidente,1,municipio,PB,20257,2506202,FREI MARTINHO,,,,,PARTIDO DA CAUSA OPERÁRIA,i,PCO,0,29,PCO,PARTIDO DA CAUSA OPERÁRIA,,29,280002552487,RUI COSTA PIMENTA,RUI COSTA PIMENTA,25/06/1957,12,Válido,nao,,0,0.00,0,ANTONIO CARLOS SILVA,ANTÔNIO CARLOS,PCO,v,,,,,04/10/2026 17:58:51,sim
1,04/10/2026,6257,Presidente,1,municipio,PB,20273,2506301,GUARABIRA,,,,,PARTIDO LIBERAL,i,PL,0,22,PL,PARTIDO LIBERAL,,22,280002551544,FLAVIO NANTES BOLSONARO,FLAVIO BOLSONARO,30/04/1981,1,Válido,nao,,12337,35.95,35.952207489,ALFREDO GASPAR DE MENDONÇA NETO,ALFREDO GASPAR,PL,v,,,,,04/10/2026 19:22:36,sim
1,04/10/2026,6257,Presidente,1,municipio,PB,20273,2506301,GUARABIRA,,,,,PARTIDO SOCIAL DEMOCRÁTICO,i,PSD,0,55,PSD,PARTIDO SOCIAL DEMOCRÁTICO,,55,280002551932,RONALDO RAMOS CAIADO,RONALDO CAIADO,25/09/1949,5,Válido,nao,,250,0.73,0.728544368,GILBERTO KASSAB,GILBERTO KASSAB,PSD,v,,,,,04/10/2026 19:22:36,sim
1,04/10/2026,6257,Presidente,1,municipio,PB,20273,2506301,GUARABIRA,,PT/PC do B/PV,FEDERAÇÃO BRASIL DA ESPERANÇA - FE BRASIL,PT/PC do B/PV,BRASIL PRONTO PRA MAIS,c,PSB / PDT / PCDOB / PT / PV / PSOL / REDE,,13,PT,PARTIDO DOS TRABALHADORES,101,13,280002542548,LUIZ INÁCIO LULA DA SILVA,LULA,06/10/1945,2,Válido,nao,,19765,57.60,57.598717762,GERALDO JOSE RODRIGUES ALCKMIN FILHO,GERALDO ALCKMIN,PSB,v,,,,,04/10/2026 19:22:36,sim
1,04/10/2026,6257,Presidente,1,municipio,PB,20273,2506301,GUARABIRA,,,,,PARTIDO SOCIALISTA  DOS TRABALHADORES UNIFICADO,i,PSTU,0,16,PSTU,PARTIDO SOCIALISTA  DOS TRABALHADORES UNIFICADO,,16,280002541457,HERTZ DA CONCEICAO DIAS,HERTZ DIAS,20/10/1970,8,Válido,nao,,9,0.03,0.026227597,VANESSA PORTUGAL BARBOSA,VANESSA PORTUGAL,PSTU,v,,,,,04/10/2026 19:22:36,sim
1,04/10/2026,6257,Presidente,1,municipio,PB,20273,2506301,GUARABIRA,,,,,PARTIDO COMUNISTA BRASILEIRO,i,PCB,0,21,PCB,PARTIDO COMUNISTA BRASILEIRO,,21,280002551975,EDMILSON SILVA COSTA,EDMILSON COSTA,08/04/1950,10,Válido,nao,,5,0.01,0.014570887,CLEUSA DOS SANTOS,CLEUSA SANTOS,PCB,v,,,,,04/10/2026 19:22:36,sim
1,04/10/2026,6257,Presidente,1,municipio,PB,20273,2506301,GUARABIRA,,,,,DEMOCRACIA CRISTÃ,i,DC,0,27,DC,DEMOCRACIA CRISTÃ,,27,280002552484,CLARIANA ZACARKIM BARAO,CLARIANA BARAO,03/04/1987,9,Válido,nao,,9,0.03,0.026227597,FABIANA CRISTINA TAVARES TORQUATO,FABIANA TORQUATO,DC,v,,,,,04/10/2026 19:22:36,sim
1,04/10/2026,6257,Presidente,1,municipio,PB,20273,2506301,GUARABIRA,,,,,PARTIDO NOVO,i,NOVO,0,30,NOVO,PARTIDO NOVO,,30,280002539826,ROMEU ZEMA NETO,ZEMA,28/10/1964,6,Válido,nao,,37,0.11,0.107824567,LUIS EDUARDO GRANGEIRO GIRÃO,EDUARDO GIRÃO,NOVO,v,,,,,04/10/2026 19:22:36,sim
1,04/10/2026,6257,Presidente,1,municipio,PB,20273,2506301,GUARABIRA,,,,,BRASIL DOS NOSSOS SONHOS,c,AGIR / AVANTE,,70,AVANTE,AVANTE,,70,280002551547,AUGUSTO JORGE CURY,ESCRITOR AUGUSTO CURY,02/10/1958,3,Válido,nao,,1213,3.53,3.534897275,JULIO CESAR DELGADO,JÚLIO DELGADO,AVANTE,v,,,,,04/10/2026 19:22:36,sim
1,04/10/2026,6257,Presidente,1,municipio,PB,20273,2506301,GUARABIRA,,,,,DEMOCRATA,i,DEMOCRATA,0,35,DEMOCRATA,DEMOCRATA,,35,280002548139,WILSON GRASSI JUNIOR,VETERINÁRIO WILSON GRASSI,13/03/1970,11,Válido,nao,,5,0.01,0.014570887,SUÊD HAIDAR NOGUEIRA,SUÊD HAIDAR,DEMOCRATA,v,,,,,04/10/2026 19:22:36,sim
1,04/10/2026,6257,Presidente,1,municipio,PB,20273,2506301,GUARABIRA,,,,,UNIDADE POPULAR,i,UP,0,80,UP,UNIDADE POPULAR,,80,280002538811,SAMARA MARTINS DA SILVA FEITOSA,SAMARA,31/08/1987,7,Válido,nao,,13,0.04,0.037884307,RAQUEL NONATO DE BRICIO,RAQUEL BRÍCIO,UP,v,,,,,04/10/2026 19:22:36,sim
1,04/10/2026,6257,Presidente,1,municipio,PB,20273,2506301,GUARABIRA,,,,,PARTIDO MISSÃO,i,MISSÃO,0,14,MISSÃO,PARTIDO MISSÃO,,14,280002540694,RENAN ANTONIO FERREIRA DOS SANTOS,RENAN SANTOS,14/02/1984,4,Válido,nao,,666,1.94,1.940842197,AROLDO MEDINA,CORONEL MEDINA,MISSÃO,v,,,,,04/10/2026 19:22:36,sim
1,04/10/2026,6257,Presidente,1,municipio,PB,20273,2506301,GUARABIRA,,,,,PARTIDO DA CAUSA OPERÁRIA,i,PCO,0,29,PCO,PARTIDO DA CAUSA OPERÁRIA,,29,280002552487,RUI COSTA PIMENTA,RUI COSTA PIMENTA,25/06/1957,12,Válido,nao,,6,0.02,0.017485065,ANTONIO CARLOS SILVA,ANTÔNIO CARLOS,PCO,v,,,,,04/10/2026 19:22:36,sim
1,04/10/2026,6257,Presidente,1,municipio,PB,20290,2506400,GURINHÉM,,,,,PARTIDO LIBERAL,i,PL,0,22,PL,PARTIDO LIBERAL,,22,280002551544,FLAVIO NANTES BOLSONARO,FLAVIO BOLSONARO,30/04/1981,1,Válido,nao,,2096,24.53,24.526094079,ALFREDO GASPAR DE MENDONÇA NETO,ALFREDO GASPAR,PL,v,,,,,04/10/2026 20:14:30,sim
1,04/10/2026,6257,Presidente,1,municipio,PB,20290,2506400,GURINHÉM,,,,,PARTIDO SOCIAL DEMOCRÁTICO,i,PSD,0,55,PSD,PARTIDO SOCIAL DEMOCRÁTICO,,55,280002551932,RONALDO RAMOS CAIADO,RONALDO CAIADO,25/09/1949,5,Válido,nao,,39,0.46,0.456353850,GILBERTO KASSAB,GILBERTO KASSAB,PSD,v,,,,,04/10/2026 20:14:30,sim
1,04/10/2026,6257,Presidente,1,municipio,PB,20290,2506400,GURINHÉM,,PT/PC do B/PV,FEDERAÇÃO BRASIL DA ESPERANÇA - FE BRASIL,PT/PC do B/PV,BRASIL PRONTO PRA MAIS,c,PSB / PDT / PCDOB / PT / PV / PSOL / REDE,,13,PT,PARTIDO DOS TRABALHADORES,101,13,280002542548,LUIZ INÁCIO LULA DA SILVA,LULA,06/10/1945,2,Válido,nao,,6110,71.50,71.495436462,GERALDO JOSE RODRIGUES ALCKMIN FILHO,GERALDO ALCKMIN,PSB,v,,,,,04/10/2026 20:14:30,sim
1,04/10/2026,6257,Presidente,1,municipio,PB,20290,2506400,GURINHÉM,,,,,DEMOCRACIA CRISTÃ,i,DC,0,27,DC,DEMOCRACIA CRISTÃ,,27,280002552484,CLARIANA ZACARKIM BARAO,CLARIANA BARAO,03/04/1987,9,Válido,nao,,2,0.02,0.023402762,FABIANA CRISTINA TAVARES TORQUATO,FABIANA TORQUATO,DC,v,,,,,04/10/2026 20:14:30,sim
1,04/10/2026,6257,Presidente,1,municipio,PB,20290,2506400,GURINHÉM,,,,,PARTIDO COMUNISTA BRASILEIRO,i,PCB,0,21,PCB,PARTIDO COMUNISTA BRASILEIRO,,21,280002551975,EDMILSON SILVA COSTA,EDMILSON COSTA,08/04/1950,10,Válido,nao,,2,0.02,0.023402762,CLEUSA DOS SANTOS,CLEUSA SANTOS,PCB,v,,,,,04/10/2026 20:14:30,sim
1,04/10/2026,6257,Presidente,1,municipio,PB,20290,2506400,GURINHÉM,,,,,PARTIDO SOCIALISTA  DOS TRABALHADORES UNIFICADO,i,PSTU,0,16,PSTU,PARTIDO SOCIALISTA  DOS TRABALHADORES UNIFICADO,,16,280002541457,HERTZ DA CONCEICAO DIAS,HERTZ DIAS,20/10/1970,8,Válido,nao,,0,0.00,0,VANESSA PORTUGAL BARBOSA,VANESSA PORTUGAL,PSTU,v,,,,,04/10/2026 20:14:30,sim
1,04/10/2026,6257,Presidente,1,municipio,PB,20290,2506400,GURINHÉM,,,,,BRASIL DOS NOSSOS SONHOS,c,AGIR / AVANTE,,70,AVANTE,AVANTE,,70,280002551547,AUGUSTO JORGE CURY,ESCRITOR AUGUSTO CURY,02/10/1958,3,Válido,nao,,168,1.97,1.965831968,JULIO CESAR DELGADO,JÚLIO DELGADO,AVANTE,v,,,,,04/10/2026 20:14:30,sim
1,04/10/2026,6257,Presidente,1,municipio,PB,20290,2506400,GURINHÉM,,,,,PARTIDO NOVO,i,NOVO,0,30,NOVO,PARTIDO NOVO,,30,280002539826,ROMEU ZEMA NETO,ZEMA,28/10/1964,6,Válido,nao,,2,0.02,0.023402762,LUIS EDUARDO GRANGEIRO GIRÃO,EDUARDO GIRÃO,NOVO,v,,,,,04/10/2026 20:14:30,sim
1,04/10/2026,6257,Presidente,1,municipio,PB,20290,2506400,GURINHÉM,,,,,UNIDADE POPULAR,i,UP,0,80,UP,UNIDADE POPULAR,,80,280002538811,SAMARA MARTINS DA SILVA FEITOSA,SAMARA,31/08/1987,7,Válido,nao,,1,0.01,0.011701381,RAQUEL NONATO DE BRICIO,RAQUEL BRÍCIO,UP,v,,,,,04/10/2026 20:14:30,sim
1,04/10/2026,6257,Presidente,1,municipio,PB,20290,2506400,GURINHÉM,,,,,DEMOCRATA,i,DEMOCRATA,0,35,DEMOCRATA,DEMOCRATA,,35,280002548139,WILSON GRASSI JUNIOR,VETERINÁRIO WILSON GRASSI,13/03/1970,11,Válido,nao,,1,0.01,0.011701381,SUÊD HAIDAR NOGUEIRA,SUÊD HAIDAR,DEMOCRATA,v,,,,,04/10/2026 20:14:30,sim
1,04/10/2026,6257,Presidente,1,municipio,PB,20290,2506400,GURINHÉM,,,,,PARTIDO MISSÃO,i,MISSÃO,0,14,MISSÃO,PARTIDO MISSÃO,,14,280002540694,RENAN ANTONIO FERREIRA DOS SANTOS,RENAN SANTOS,14/02/1984,4,Válido,nao,,125,1.46,1.462672595,AROLDO MEDINA,CORONEL MEDINA,MISSÃO,v,,,,,04/10/2026 20:14:30,sim
1,04/10/2026,6257,Presidente,1,municipio,PB,20290,2506400,GURINHÉM,,,,,PARTIDO DA CAUSA OPERÁRIA,i,PCO,0,29,PCO,PARTIDO DA CAUSA OPERÁRIA,,29,280002552487,RUI COSTA PIMENTA,RUI COSTA PIMENTA,25/06/1957,12,Válido,nao,,0,0.00,0,ANTONIO CARLOS SILVA,ANTÔNIO CARLOS,PCO,v,,,,,04/10/2026 20:14:30,sim
1,04/10/2026,6257,Presidente,1,municipio,PB,20311,2506509,GURJÃO,,,,,PARTIDO LIBERAL,i,PL,0,22,PL,PARTIDO LIBERAL,,22,280002551544,FLAVIO NANTES BOLSONARO,FLAVIO BOLSONARO,30/04/1981,1,Válido,nao,,445,17.25,17.254749903,ALFREDO GASPAR DE MENDONÇA NETO,ALFREDO GASPAR,PL,v,,,,,04/10/2026 18:38:46,sim
1,04/10/2026,6257,Presidente,1,municipio,PB,20311,2506509,GURJÃO,,,,,PARTIDO SOCIAL DEMOCRÁTICO,i,PSD,0,55,PSD,PARTIDO SOCIAL DEMOCRÁTICO,,55,280002551932,RONALDO RAMOS CAIADO,RONALDO CAIADO,25/09/1949,4,Válido,nao,,14,0.54,0.542846064,GILBERTO KASSAB,GILBERTO KASSAB,PSD,v,,,,,04/10/2026 18:38:46,sim
1,04/10/2026,6257,Presidente,1,municipio,PB,20311,2506509,GURJÃO,,PT/PC do B/PV,FEDERAÇÃO BRASIL DA ESPERANÇA - FE BRASIL,PT/PC do B/PV,BRASIL PRONTO PRA MAIS,c,PSB / PDT / PCDOB / PT / PV / PSOL / REDE,,13,PT,PARTIDO DOS TRABALHADORES,101,13,280002542548,LUIZ INÁCIO LULA DA SILVA,LULA,06/10/1945,2,Válido,nao,,2045,79.29,79.294300116,GERALDO JOSE RODRIGUES ALCKMIN FILHO,GERALDO ALCKMIN,PSB,v,,,,,04/10/2026 18:38:46,sim
1,04/10/2026,6257,Presidente,1,municipio,PB,20311,2506509,GURJÃO,,,,,PARTIDO SOCIALISTA  DOS TRABALHADORES UNIFICADO,i,PSTU,0,16,PSTU,PARTIDO SOCIALISTA  DOS TRABALHADORES UNIFICADO,,16,280002541457,HERTZ DA CONCEICAO DIAS,HERTZ DIAS,20/10/1970,8,Válido,nao,,2,0.08,0.077549438,VANESSA PORTUGAL BARBOSA,VANESSA PORTUGAL,PSTU,v,,,,,04/10/2026 18:38:46,sim
1,04/10/2026,6257,Presidente,1,municipio,PB,20311,2506509,GURJÃO,,,,,PARTIDO COMUNISTA BRASILEIRO,i,PCB,0,21,PCB,PARTIDO COMUNISTA BRASILEIRO,,21,280002551975,EDMILSON SILVA COSTA,EDMILSON COSTA,08/04/1950,10,Válido,nao,,0,0.00,0,CLEUSA DOS SANTOS,CLEUSA SANTOS,PCB,v,,,,,04/10/2026 18:38:46,sim
1,04/10/2026,6257,Presidente,1,municipio,PB,20311,2506509,GURJÃO,,,,,DEMOCRACIA CRISTÃ,i,DC,0,27,DC,DEMOCRACIA CRISTÃ,,27,280002552484,CLARIANA ZACARKIM BARAO,CLARIANA BARAO,03/04/1987,9,Válido,nao,,0,0.00,0,FABIANA CRISTINA TAVARES TORQUATO,FABIANA TORQUATO,DC,v,,,,,04/10/2026 18:38:46,sim
1,04/10/2026,6257,Presidente,1,municipio,PB,20311,2506509,GURJÃO,,,,,PARTIDO NOVO,i,NOVO,0,30,NOVO,PARTIDO NOVO,,30,280002539826,ROMEU ZEMA NETO,ZEMA,28/10/1964,6,Válido,nao,,1,0.04,0.038774719,LUIS EDUARDO GRANGEIRO GIRÃO,EDUARDO GIRÃO,NOVO,v,,,,,04/10/2026 18:38:46,sim
1,04/10/2026,6257,Presidente,1,municipio,PB,20311,2506509,GURJÃO,,,,,BRASIL DOS NOSSOS SONHOS,c,AGIR / AVANTE,,70,AVANTE,AVANTE,,70,280002551547,AUGUSTO JORGE CURY,ESCRITOR AUGUSTO CURY,02/10/1958,3,Válido,nao,,48,1.86,1.861186506,JULIO CESAR DELGADO,JÚLIO DELGADO,AVANTE,v,,,,,04/10/2026 18:38:46,sim
1,04/10/2026,6257,Presidente,1,municipio,PB,20311,2506509,GURJÃO,,,,,DEMOCRATA,i,DEMOCRATA,0,35,DEMOCRATA,DEMOCRATA,,35,280002548139,WILSON GRASSI JUNIOR,VETERINÁRIO WILSON GRASSI,13/03/1970,11,Válido,nao,,0,0.00,0,SUÊD HAIDAR NOGUEIRA,SUÊD HAIDAR,DEMOCRATA,v,,,,,04/10/2026 18:38:46,sim
1,04/10/2026,6257,Presidente,1,municipio,PB,20311,2506509,GURJÃO,,,,,UNIDADE POPULAR,i,UP,0,80,UP,UNIDADE POPULAR,,80,280002538811,SAMARA MARTINS DA SILVA FEITOSA,SAMARA,31/08/1987,7,Válido,nao,,2,0.08,0.077549438,RAQUEL NONATO DE BRICIO,RAQUEL BRÍCIO,UP,v,,,,,04/10/2026 18:38:46,sim
1,04/10/2026,6257,Presidente,1,municipio,PB,20311,2506509,GURJÃO,,,,,PARTIDO MISSÃO,i,MISSÃO,0,14,MISSÃO,PARTIDO MISSÃO,,14,280002540694,RENAN ANTONIO FERREIRA DOS SANTOS,RENAN SANTOS,14/02/1984,5,Válido,nao,,22,0.85,0.853043815,AROLDO MEDINA,CORONEL MEDINA,MISSÃO,v,,,,,04/10/2026 18:38:46,sim
1,04/10/2026,6257,Presidente,1,municipio,PB,20311,2506509,GURJÃO,,,,,PARTIDO DA CAUSA OPERÁRIA,i,PCO,0,29,PCO,PARTIDO DA CAUSA OPERÁRIA,,29,280002552487,RUI COSTA PIMENTA,RUI COSTA PIMENTA,25/06/1957,12,Válido,nao,,0,0.00,0,ANTONIO CARLOS SILVA,ANTÔNIO CARLOS,PCO,v,,,,,04/10/2026 18:38:46,sim
1,04/10/2026,6257,Presidente,1,municipio,PB,20338,2506608,IBIARA,,,,,PARTIDO LIBERAL,i,PL,0,22,PL,PARTIDO LIBERAL,,22,280002551544,FLAVIO NANTES BOLSONARO,FLAVIO BOLSONARO,30/04/1981,1,Válido,nao,,735,17.65,17.647058824,ALFREDO GASPAR DE MENDONÇA NETO,ALFREDO GASPAR,PL,v,,,,,04/10/2026 19:07:02,sim
1,04/10/2026,6257,Presidente,1,municipio,PB,20338,2506608,IBIARA,,,,,PARTIDO SOCIAL DEMOCRÁTICO,i,PSD,0,55,PSD,PARTIDO SOCIAL DEMOCRÁTICO,,55,280002551932,RONALDO RAMOS CAIADO,RONALDO CAIADO,25/09/1949,4,Válido,nao,,17,0.41,0.408163265,GILBERTO KASSAB,GILBERTO KASSAB,PSD,v,,,,,04/10/2026 19:07:02,sim
1,04/10/2026,6257,Presidente,1,municipio,PB,20338,2506608,IBIARA,,PT/PC do B/PV,FEDERAÇÃO BRASIL DA ESPERANÇA - FE BRASIL,PT/PC do B/PV,BRASIL PRONTO PRA MAIS,c,PSB / PDT / PCDOB / PT / PV / PSOL / REDE,,13,PT,PARTIDO DOS TRABALHADORES,101,13,280002542548,LUIZ INÁCIO LULA DA SILVA,LULA,06/10/1945,2,Válido,nao,,3245,77.91,77.911164466,GERALDO JOSE RODRIGUES ALCKMIN FILHO,GERALDO ALCKMIN,PSB,v,,,,,04/10/2026 19:07:02,sim
1,04/10/2026,6257,Presidente,1,municipio,PB,20338,2506608,IBIARA,,,,,PARTIDO SOCIALISTA  DOS TRABALHADORES UNIFICADO,i,PSTU,0,16,PSTU,PARTIDO SOCIALISTA  DOS TRABALHADORES UNIFICADO,,16,280002541457,HERTZ DA CONCEICAO DIAS,HERTZ DIAS,20/10/1970,8,Válido,nao,,0,0.00,0,VANESSA PORTUGAL BARBOSA,VANESSA PORTUGAL,PSTU,v,,,,,04/10/2026 19:07:02,sim
1,04/10/2026,6257,Presidente,1,municipio,PB,20338,2506608,IBIARA,,,,,PARTIDO COMUNISTA BRASILEIRO,i,PCB,0,21,PCB,PARTIDO COMUNISTA BRASILEIRO,,21,280002551975,EDMILSON SILVA COSTA,EDMILSON COSTA,08/04/1950,10,Válido,nao,,0,0.00,0,CLEUSA DOS SANTOS,CLEUSA SANTOS,PCB,v,,,,,04/10/2026 19:07:02,sim
1,04/10/2026,6257,Presidente,1,municipio,PB,20338,2506608,IBIARA,,,,,DEMOCRACIA CRISTÃ,i,DC,0,27,DC,DEMOCRACIA CRISTÃ,,27,280002552484,CLARIANA ZACARKIM BARAO,CLARIANA BARAO,03/04/1987,9,Válido,nao,,0,0.00,0,FABIANA CRISTINA TAVARES TORQUATO,FABIANA TORQUATO,DC,v,,,,,04/10/2026 19:07:02,sim
1,04/10/2026,6257,Presidente,1,municipio,PB,20338,2506608,IBIARA,,,,,PARTIDO NOVO,i,NOVO,0,30,NOVO,PARTIDO NOVO,,30,280002539826,ROMEU ZEMA NETO,ZEMA,28/10/1964,6,Válido,nao,,2,0.05,0.048019208,LUIS EDUARDO GRANGEIRO GIRÃO,EDUARDO GIRÃO,NOVO,v,,,,,04/10/2026 19:07:02,sim
1,04/10/2026,6257,Presidente,1,municipio,PB,20338,2506608,IBIARA,,,,,BRASIL DOS NOSSOS SONHOS,c,AGIR / AVANTE,,70,AVANTE,AVANTE,,70,280002551547,AUGUSTO JORGE CURY,ESCRITOR AUGUSTO CURY,02/10/1958,3,Válido,nao,,114,2.74,2.737094838,JULIO CESAR DELGADO,JÚLIO DELGADO,AVANTE,v,,,,,04/10/2026 19:07:02,sim
1,04/10/2026,6257,Presidente,1,municipio,PB,20338,2506608,IBIARA,,,,,DEMOCRATA,i,DEMOCRATA,0,35,DEMOCRATA,DEMOCRATA,,35,280002548139,WILSON GRASSI JUNIOR,VETERINÁRIO WILSON GRASSI,13/03/1970,11,Válido,nao,,1,0.02,0.024009604,SUÊD HAIDAR NOGUEIRA,SUÊD HAIDAR,DEMOCRATA,v,,,,,04/10/2026 19:07:02,sim
1,04/10/2026,6257,Presidente,1,municipio,PB,20338,2506608,IBIARA,,,,,UNIDADE POPULAR,i,UP,0,80,UP,UNIDADE POPULAR,,80,280002538811,SAMARA MARTINS DA SILVA FEITOSA,SAMARA,31/08/1987,7,Válido,nao,,0,0.00,0,RAQUEL NONATO DE BRICIO,RAQUEL BRÍCIO,UP,v,,,,,04/10/2026 19:07:02,sim
1,04/10/2026,6257,Presidente,1,municipio,PB,20338,2506608,IBIARA,,,,,PARTIDO MISSÃO,i,MISSÃO,0,14,MISSÃO,PARTIDO MISSÃO,,14,280002540694,RENAN ANTONIO FERREIRA DOS SANTOS,RENAN SANTOS,14/02/1984,5,Válido,nao,,50,1.20,1.200480192,AROLDO MEDINA,CORONEL MEDINA,MISSÃO,v,,,,,04/10/2026 19:07:02,sim
1,04/10/2026,6257,Presidente,1,municipio,PB,20338,2506608,IBIARA,,,,,PARTIDO DA CAUSA OPERÁRIA,i,PCO,0,29,PCO,PARTIDO DA CAUSA OPERÁRIA,,29,280002552487,RUI COSTA PIMENTA,RUI COSTA PIMENTA,25/06/1957,12,Válido,nao,,1,0.02,0.024009604,ANTONIO CARLOS SILVA,ANTÔNIO CARLOS,PCO,v,,,,,04/10/2026 19:07:02,sim
1,04/10/2026,6257,Presidente,1,municipio,PB,20354,2506707,IMACULADA,,,,,PARTIDO LIBERAL,i,PL,0,22,PL,PARTIDO LIBERAL,,22,280002551544,FLAVIO NANTES BOLSONARO,FLAVIO BOLSONARO,30/04/1981,1,Válido,nao,,1160,17.26,17.259336408,ALFREDO GASPAR DE MENDONÇA NETO,ALFREDO GASPAR,PL,v,,,,,04/10/2026 19:26:22,sim
1,04/10/2026,6257,Presidente,1,municipio,PB,20354,2506707,IMACULADA,,,,,PARTIDO SOCIAL DEMOCRÁTICO,i,PSD,0,55,PSD,PARTIDO SOCIAL DEMOCRÁTICO,,55,280002551932,RONALDO RAMOS CAIADO,RONALDO CAIADO,25/09/1949,5,Válido,nao,,27,0.40,0.401725934,GILBERTO KASSAB,GILBERTO KASSAB,PSD,v,,,,,04/10/2026 19:26:22,sim
1,04/10/2026,6257,Presidente,1,municipio,PB,20354,2506707,IMACULADA,,PT/PC do B/PV,FEDERAÇÃO BRASIL DA ESPERANÇA - FE BRASIL,PT/PC do B/PV,BRASIL PRONTO PRA MAIS,c,PSB / PDT / PCDOB / PT / PV / PSOL / REDE,,13,PT,PARTIDO DOS TRABALHADORES,101,13,280002542548,LUIZ INÁCIO LULA DA SILVA,LULA,06/10/1945,2,Válido,nao,,5354,79.66,79.660764767,GERALDO JOSE RODRIGUES ALCKMIN FILHO,GERALDO ALCKMIN,PSB,v,,,,,04/10/2026 19:26:22,sim
1,04/10/2026,6257,Presidente,1,municipio,PB,20354,2506707,IMACULADA,,,,,DEMOCRACIA CRISTÃ,i,DC,0,27,DC,DEMOCRACIA CRISTÃ,,27,280002552484,CLARIANA ZACARKIM BARAO,CLARIANA BARAO,03/04/1987,9,Válido,nao,,0,0.00,0,FABIANA CRISTINA TAVARES TORQUATO,FABIANA TORQUATO,DC,v,,,,,04/10/2026 19:26:22,sim
1,04/10/2026,6257,Presidente,1,municipio,PB,20354,2506707,IMACULADA,,,,,PARTIDO COMUNISTA BRASILEIRO,i,PCB,0,21,PCB,PARTIDO COMUNISTA BRASILEIRO,,21,280002551975,EDMILSON SILVA COSTA,EDMILSON COSTA,08/04/1950,10,Válido,nao,,2,0.03,0.029757477,CLEUSA DOS SANTOS,CLEUSA SANTOS,PCB,v,,,,,04/10/2026 19:26:22,sim
1,04/10/2026,6257,Presidente,1,municipio,PB,20354,2506707,IMACULADA,,,,,PARTIDO SOCIALISTA  DOS TRABALHADORES UNIFICADO,i,PSTU,0,16,PSTU,PARTIDO SOCIALISTA  DOS TRABALHADORES UNIFICADO,,16,280002541457,HERTZ DA CONCEICAO DIAS,HERTZ DIAS,20/10/1970,8,Válido,nao,,1,0.01,0.014878738,VANESSA PORTUGAL BARBOSA,VANESSA PORTUGAL,PSTU,v,,,,,04/10/2026 19:26:22,sim
1,04/10/2026,6257,Presidente,1,municipio,PB,20354,2506707,IMACULADA,,,,,BRASIL DOS NOSSOS SONHOS,c,AGIR / AVANTE,,70,AVANTE,AVANTE,,70,280002551547,AUGUSTO JORGE CURY,ESCRITOR AUGUSTO CURY,02/10/1958,3,Válido,nao,,109,1.62,1.621782473,JULIO CESAR DELGADO,JÚLIO DELGADO,AVANTE,v,,,,,04/10/2026 19:26:22,sim
1,04/10/2026,6257,Presidente,1,municipio,PB,20354,2506707,IMACULADA,,,,,PARTIDO NOVO,i,NOVO,0,30,NOVO,PARTIDO NOVO,,30,280002539826,ROMEU ZEMA NETO,ZEMA,28/10/1964,6,Válido,nao,,2,0.03,0.029757477,LUIS EDUARDO GRANGEIRO GIRÃO,EDUARDO GIRÃO,NOVO,v,,,,,04/10/2026 19:26:22,sim
1,04/10/2026,6257,Presidente,1,municipio,PB,20354,2506707,IMACULADA,,,,,UNIDADE POPULAR,i,UP,0,80,UP,UNIDADE POPULAR,,80,280002538811,SAMARA MARTINS DA SILVA FEITOSA,SAMARA,31/08/1987,7,Válido,nao,,1,0.01,0.014878738,RAQUEL NONATO DE BRICIO,RAQUEL BRÍCIO,UP,v,,,,,04/10/2026 19:26:22,sim
1,04/10/2026,6257,Presidente,1,municipio,PB,20354,2506707,IMACULADA,,,,,DEMOCRATA,i,DEMOCRATA,0,35,DEMOCRATA,DEMOCRATA,,35,280002548139,WILSON GRASSI JUNIOR,VETERINÁRIO WILSON GRASSI,13/03/1970,11,Válido,nao,,0,0.00,0,SUÊD HAIDAR NOGUEIRA,SUÊD HAIDAR,DEMOCRATA,v,,,,,04/10/2026 19:26:22,sim
1,04/10/2026,6257,Presidente,1,municipio,PB,20354,2506707,IMACULADA,,,,,PARTIDO MISSÃO,i,MISSÃO,0,14,MISSÃO,PARTIDO MISSÃO,,14,280002540694,RENAN ANTONIO FERREIRA DOS SANTOS,RENAN SANTOS,14/02/1984,4,Válido,nao,,65,0.97,0.967117988,AROLDO MEDINA,CORONEL MEDINA,MISSÃO,v,,,,,04/10/2026 19:26:22,sim
1,04/10/2026,6257,Presidente,1,municipio,PB,20354,2506707,IMACULADA,,,,,PARTIDO DA CAUSA OPERÁRIA,i,PCO,0,29,PCO,PARTIDO DA CAUSA OPERÁRIA,,29,280002552487,RUI COSTA PIMENTA,RUI COSTA PIMENTA,25/06/1957,12,Válido,nao,,0,0.00,0,ANTONIO CARLOS SILVA,ANTÔNIO CARLOS,PCO,v,,,,,04/10/2026 19:26:22,sim
1,04/10/2026,6257,Presidente,1,municipio,PB,20370,2506806,INGÁ,,,,,PARTIDO LIBERAL,i,PL,0,22,PL,PARTIDO LIBERAL,,22,280002551544,FLAVIO NANTES BOLSONARO,FLAVIO BOLSONARO,30/04/1981,1,Válido,nao,,3666,30.80,30.796370968,ALFREDO GASPAR DE MENDONÇA NETO,ALFREDO GASPAR,PL,v,,,,,04/10/2026 19:20:57,sim
1,04/10/2026,6257,Presidente,1,municipio,PB,20370,2506806,INGÁ,,,,,PARTIDO SOCIAL DEMOCRÁTICO,i,PSD,0,55,PSD,PARTIDO SOCIAL DEMOCRÁTICO,,55,280002551932,RONALDO RAMOS CAIADO,RONALDO CAIADO,25/09/1949,5,Válido,nao,,48,0.40,0.403225806,GILBERTO KASSAB,GILBERTO KASSAB,PSD,v,,,,,04/10/2026 19:20:57,sim
1,04/10/2026,6257,Presidente,1,municipio,PB,20370,2506806,INGÁ,,PT/PC do B/PV,FEDERAÇÃO BRASIL DA ESPERANÇA - FE BRASIL,PT/PC do B/PV,BRASIL PRONTO PRA MAIS,c,PSB / PDT / PCDOB / PT / PV / PSOL / REDE,,13,PT,PARTIDO DOS TRABALHADORES,101,13,280002542548,LUIZ INÁCIO LULA DA SILVA,LULA,06/10/1945,2,Válido,nao,,7800,65.52,65.524193548,GERALDO JOSE RODRIGUES ALCKMIN FILHO,GERALDO ALCKMIN,PSB,v,,,,,04/10/2026 19:20:57,sim
1,04/10/2026,6257,Presidente,1,municipio,PB,20370,2506806,INGÁ,,,,,DEMOCRACIA CRISTÃ,i,DC,0,27,DC,DEMOCRACIA CRISTÃ,,27,280002552484,CLARIANA ZACARKIM BARAO,CLARIANA BARAO,03/04/1987,9,Válido,nao,,2,0.02,0.016801075,FABIANA CRISTINA TAVARES TORQUATO,FABIANA TORQUATO,DC,v,,,,,04/10/2026 19:20:57,sim
1,04/10/2026,6257,Presidente,1,municipio,PB,20370,2506806,INGÁ,,,,,PARTIDO COMUNISTA BRASILEIRO,i,PCB,0,21,PCB,PARTIDO COMUNISTA BRASILEIRO,,21,280002551975,EDMILSON SILVA COSTA,EDMILSON COSTA,08/04/1950,10,Válido,nao,,2,0.02,0.016801075,CLEUSA DOS SANTOS,CLEUSA SANTOS,PCB,v,,,,,04/10/2026 19:20:57,sim
1,04/10/2026,6257,Presidente,1,municipio,PB,20370,2506806,INGÁ,,,,,PARTIDO SOCIALISTA  DOS TRABALHADORES UNIFICADO,i,PSTU,0,16,PSTU,PARTIDO SOCIALISTA  DOS TRABALHADORES UNIFICADO,,16,280002541457,HERTZ DA CONCEICAO DIAS,HERTZ DIAS,20/10/1970,8,Válido,nao,,1,0.01,0.008400538,VANESSA PORTUGAL BARBOSA,VANESSA PORTUGAL,PSTU,v,,,,,04/10/2026 19:20:57,sim
1,04/10/2026,6257,Presidente,1,municipio,PB,20370,2506806,INGÁ,,,,,BRASIL DOS NOSSOS SONHOS,c,AGIR / AVANTE,,70,AVANTE,AVANTE,,70,280002551547,AUGUSTO JORGE CURY,ESCRITOR AUGUSTO CURY,02/10/1958,3,Válido,nao,,224,1.88,1.881720430,JULIO CESAR DELGADO,JÚLIO DELGADO,AVANTE,v,,,,,04/10/2026 19:20:57,sim
1,04/10/2026,6257,Presidente,1,municipio,PB,20370,2506806,INGÁ,,,,,PARTIDO NOVO,i,NOVO,0,30,NOVO,PARTIDO NOVO,,30,280002539826,ROMEU ZEMA NETO,ZEMA,28/10/1964,6,Válido,nao,,12,0.10,0.100806452,LUIS EDUARDO GRANGEIRO GIRÃO,EDUARDO GIRÃO,NOVO,v,,,,,04/10/2026 19:20:57,sim
1,04/10/2026,6257,Presidente,1,municipio,PB,20370,2506806,INGÁ,,,,,UNIDADE POPULAR,i,UP,0,80,UP,UNIDADE POPULAR,,80,280002538811,SAMARA MARTINS DA SILVA FEITOSA,SAMARA,31/08/1987,7,Válido,nao,,2,0.02,0.016801075,RAQUEL NONATO DE BRICIO,RAQUEL BRÍCIO,UP,v,,,,,04/10/2026 19:20:57,sim
1,04/10/2026,6257,Presidente,1,municipio,PB,20370,2506806,INGÁ,,,,,DEMOCRATA,i,DEMOCRATA,0,35,DEMOCRATA,DEMOCRATA,,35,280002548139,WILSON GRASSI JUNIOR,VETERINÁRIO WILSON GRASSI,13/03/1970,11,Válido,nao,,0,0.00,0,SUÊD HAIDAR NOGUEIRA,SUÊD HAIDAR,DEMOCRATA,v,,,,,04/10/2026 19:20:57,sim
1,04/10/2026,6257,Presidente,1,municipio,PB,20370,2506806,INGÁ,,,,,PARTIDO MISSÃO,i,MISSÃO,0,14,MISSÃO,PARTIDO MISSÃO,,14,280002540694,RENAN ANTONIO FERREIRA DOS SANTOS,RENAN SANTOS,14/02/1984,4,Válido,nao,,147,1.23,1.234879032,AROLDO MEDINA,CORONEL MEDINA,MISSÃO,v,,,,,04/10/2026 19:20:57,sim
1,04/10/2026,6257,Presidente,1,municipio,PB,20370,2506806,INGÁ,,,,,PARTIDO DA CAUSA OPERÁRIA,i,PCO,0,29,PCO,PARTIDO DA CAUSA OPERÁRIA,,29,280002552487,RUI COSTA PIMENTA,RUI COSTA PIMENTA,25/06/1957,12,Válido,nao,,0,0.00,0,ANTONIO CARLOS SILVA,ANTÔNIO CARLOS,PCO,v,,,,,04/10/2026 19:20:57,sim
1,04/10/2026,6257,Presidente,1,municipio,PB,20397,2506905,ITABAIANA,,,,,PARTIDO LIBERAL,i,PL,0,22,PL,PARTIDO LIBERAL,,22,280002551544,FLAVIO NANTES BOLSONARO,FLAVIO BOLSONARO,30/04/1981,1,Válido,nao,,5524,36.10,36.099856228,ALFREDO GASPAR DE MENDONÇA NETO,ALFREDO GASPAR,PL,v,,,,,04/10/2026 19:04:47,sim
1,04/10/2026,6257,Presidente,1,municipio,PB,20397,2506905,ITABAIANA,,,,,PARTIDO SOCIAL DEMOCRÁTICO,i,PSD,0,55,PSD,PARTIDO SOCIAL DEMOCRÁTICO,,55,280002551932,RONALDO RAMOS CAIADO,RONALDO CAIADO,25/09/1949,4,Válido,nao,,120,0.78,0.784211214,GILBERTO KASSAB,GILBERTO KASSAB,PSD,v,,,,,04/10/2026 19:04:47,sim
1,04/10/2026,6257,Presidente,1,municipio,PB,20397,2506905,ITABAIANA,,PT/PC do B/PV,FEDERAÇÃO BRASIL DA ESPERANÇA - FE BRASIL,PT/PC do B/PV,BRASIL PRONTO PRA MAIS,c,PSB / PDT / PCDOB / PT / PV / PSOL / REDE,,13,PT,PARTIDO DOS TRABALHADORES,101,13,280002542548,LUIZ INÁCIO LULA DA SILVA,LULA,06/10/1945,2,Válido,nao,,9027,58.99,58.992288590,GERALDO JOSE RODRIGUES ALCKMIN FILHO,GERALDO ALCKMIN,PSB,v,,,,,04/10/2026 19:04:47,sim
1,04/10/2026,6257,Presidente,1,municipio,PB,20397,2506905,ITABAIANA,,,,,DEMOCRACIA CRISTÃ,i,DC,0,27,DC,DEMOCRACIA CRISTÃ,,27,280002552484,CLARIANA ZACARKIM BARAO,CLARIANA BARAO,03/04/1987,9,Válido,nao,,1,0.01,0.006535093,FABIANA CRISTINA TAVARES TORQUATO,FABIANA TORQUATO,DC,v,,,,,04/10/2026 19:04:47,sim
1,04/10/2026,6257,Presidente,1,municipio,PB,20397,2506905,ITABAIANA,,,,,PARTIDO COMUNISTA BRASILEIRO,i,PCB,0,21,PCB,PARTIDO COMUNISTA BRASILEIRO,,21,280002551975,EDMILSON SILVA COSTA,EDMILSON COSTA,08/04/1950,10,Válido,nao,,2,0.01,0.013070187,CLEUSA DOS SANTOS,CLEUSA SANTOS,PCB,v,,,,,04/10/2026 19:04:47,sim
1,04/10/2026,6257,Presidente,1,municipio,PB,20397,2506905,ITABAIANA,,,,,PARTIDO SOCIALISTA  DOS TRABALHADORES UNIFICADO,i,PSTU,0,16,PSTU,PARTIDO SOCIALISTA  DOS TRABALHADORES UNIFICADO,,16,280002541457,HERTZ DA CONCEICAO DIAS,HERTZ DIAS,20/10/1970,8,Válido,nao,,6,0.04,0.039210561,VANESSA PORTUGAL BARBOSA,VANESSA PORTUGAL,PSTU,v,,,,,04/10/2026 19:04:47,sim
1,04/10/2026,6257,Presidente,1,municipio,PB,20397,2506905,ITABAIANA,,,,,BRASIL DOS NOSSOS SONHOS,c,AGIR / AVANTE,,70,AVANTE,AVANTE,,70,280002551547,AUGUSTO JORGE CURY,ESCRITOR AUGUSTO CURY,02/10/1958,3,Válido,nao,,407,2.66,2.659783035,JULIO CESAR DELGADO,JÚLIO DELGADO,AVANTE,v,,,,,04/10/2026 19:04:47,sim
1,04/10/2026,6257,Presidente,1,municipio,PB,20397,2506905,ITABAIANA,,,,,PARTIDO NOVO,i,NOVO,0,30,NOVO,PARTIDO NOVO,,30,280002539826,ROMEU ZEMA NETO,ZEMA,28/10/1964,6,Válido,nao,,6,0.04,0.039210561,LUIS EDUARDO GRANGEIRO GIRÃO,EDUARDO GIRÃO,NOVO,v,,,,,04/10/2026 19:04:47,sim
1,04/10/2026,6257,Presidente,1,municipio,PB,20397,2506905,ITABAIANA,,,,,UNIDADE POPULAR,i,UP,0,80,UP,UNIDADE POPULAR,,80,280002538811,SAMARA MARTINS DA SILVA FEITOSA,SAMARA,31/08/1987,7,Válido,nao,,9,0.06,0.058815841,RAQUEL NONATO DE BRICIO,RAQUEL BRÍCIO,UP,v,,,,,04/10/2026 19:04:47,sim
1,04/10/2026,6257,Presidente,1,municipio,PB,20397,2506905,ITABAIANA,,,,,DEMOCRATA,i,DEMOCRATA,0,35,DEMOCRATA,DEMOCRATA,,35,280002548139,WILSON GRASSI JUNIOR,VETERINÁRIO WILSON GRASSI,13/03/1970,11,Válido,nao,,1,0.01,0.006535093,SUÊD HAIDAR NOGUEIRA,SUÊD HAIDAR,DEMOCRATA,v,,,,,04/10/2026 19:04:47,sim
1,04/10/2026,6257,Presidente,1,municipio,PB,20397,2506905,ITABAIANA,,,,,PARTIDO MISSÃO,i,MISSÃO,0,14,MISSÃO,PARTIDO MISSÃO,,14,280002540694,RENAN ANTONIO FERREIRA DOS SANTOS,RENAN SANTOS,14/02/1984,5,Válido,nao,,196,1.28,1.280878317,AROLDO MEDINA,CORONEL MEDINA,MISSÃO,v,,,,,04/10/2026 19:04:47,sim
1,04/10/2026,6257,Presidente,1,municipio,PB,20397,2506905,ITABAIANA,,,,,PARTIDO DA CAUSA OPERÁRIA,i,PCO,0,29,PCO,PARTIDO DA CAUSA OPERÁRIA,,29,280002552487,RUI COSTA PIMENTA,RUI COSTA PIMENTA,25/06/1957,12,Válido,nao,,3,0.02,0.019605280,ANTONIO CARLOS SILVA,ANTÔNIO CARLOS,PCO,v,,,,,04/10/2026 19:04:47,sim
1,04/10/2026,6257,Presidente,1,municipio,PB,20419,2507002,ITAPORANGA,,,,,PARTIDO LIBERAL,i,PL,0,22,PL,PARTIDO LIBERAL,,22,280002551544,FLAVIO NANTES BOLSONARO,FLAVIO BOLSONARO,30/04/1981,1,Válido,nao,,3220,24.50,24.499733699,ALFREDO GASPAR DE MENDONÇA NETO,ALFREDO GASPAR,PL,v,,,,,04/10/2026 18:33:18,sim
1,04/10/2026,6257,Presidente,1,municipio,PB,20419,2507002,ITAPORANGA,,,,,PARTIDO SOCIAL DEMOCRÁTICO,i,PSD,0,55,PSD,PARTIDO SOCIAL DEMOCRÁTICO,,55,280002551932,RONALDO RAMOS CAIADO,RONALDO CAIADO,25/09/1949,4,Válido,nao,,85,0.65,0.646732101,GILBERTO KASSAB,GILBERTO KASSAB,PSD,v,,,,,04/10/2026 18:33:18,sim
1,04/10/2026,6257,Presidente,1,municipio,PB,20419,2507002,ITAPORANGA,,PT/PC do B/PV,FEDERAÇÃO BRASIL DA ESPERANÇA - FE BRASIL,PT/PC do B/PV,BRASIL PRONTO PRA MAIS,c,PSB / PDT / PCDOB / PT / PV / PSOL / REDE,,13,PT,PARTIDO DOS TRABALHADORES,101,13,280002542548,LUIZ INÁCIO LULA DA SILVA,LULA,06/10/1945,2,Válido,nao,,9241,70.31,70.311192270,GERALDO JOSE RODRIGUES ALCKMIN FILHO,GERALDO ALCKMIN,PSB,v,,,,,04/10/2026 18:33:18,sim
1,04/10/2026,6257,Presidente,1,municipio,PB,20419,2507002,ITAPORANGA,,,,,DEMOCRACIA CRISTÃ,i,DC,0,27,DC,DEMOCRACIA CRISTÃ,,27,280002552484,CLARIANA ZACARKIM BARAO,CLARIANA BARAO,03/04/1987,8,Válido,nao,,1,0.01,0.007608613,FABIANA CRISTINA TAVARES TORQUATO,FABIANA TORQUATO,DC,v,,,,,04/10/2026 18:33:18,sim
1,04/10/2026,6257,Presidente,1,municipio,PB,20419,2507002,ITAPORANGA,,,,,PARTIDO COMUNISTA BRASILEIRO,i,PCB,0,21,PCB,PARTIDO COMUNISTA BRASILEIRO,,21,280002551975,EDMILSON SILVA COSTA,EDMILSON COSTA,08/04/1950,10,Válido,nao,,2,0.02,0.015217226,CLEUSA DOS SANTOS,CLEUSA SANTOS,PCB,v,,,,,04/10/2026 18:33:18,sim
1,04/10/2026,6257,Presidente,1,municipio,PB,20419,2507002,ITAPORANGA,,,,,PARTIDO SOCIALISTA  DOS TRABALHADORES UNIFICADO,i,PSTU,0,16,PSTU,PARTIDO SOCIALISTA  DOS TRABALHADORES UNIFICADO,,16,280002541457,HERTZ DA CONCEICAO DIAS,HERTZ DIAS,20/10/1970,9,Válido,nao,,2,0.02,0.015217226,VANESSA PORTUGAL BARBOSA,VANESSA PORTUGAL,PSTU,v,,,,,04/10/2026 18:33:18,sim
1,04/10/2026,6257,Presidente,1,municipio,PB,20419,2507002,ITAPORANGA,,,,,BRASIL DOS NOSSOS SONHOS,c,AGIR / AVANTE,,70,AVANTE,AVANTE,,70,280002551547,AUGUSTO JORGE CURY,ESCRITOR AUGUSTO CURY,02/10/1958,3,Válido,nao,,360,2.74,2.739100662,JULIO CESAR DELGADO,JÚLIO DELGADO,AVANTE,v,,,,,04/10/2026 18:33:18,sim
1,04/10/2026,6257,Presidente,1,municipio,PB,20419,2507002,ITAPORANGA,,,,,PARTIDO NOVO,i,NOVO,0,30,NOVO,PARTIDO NOVO,,30,280002539826,ROMEU ZEMA NETO,ZEMA,28/10/1964,6,Válido,nao,,10,0.08,0.076086129,LUIS EDUARDO GRANGEIRO GIRÃO,EDUARDO GIRÃO,NOVO,v,,,,,04/10/2026 18:33:18,sim
1,04/10/2026,6257,Presidente,1,municipio,PB,20419,2507002,ITAPORANGA,,,,,UNIDADE POPULAR,i,UP,0,80,UP,UNIDADE POPULAR,,80,280002538811,SAMARA MARTINS DA SILVA FEITOSA,SAMARA,31/08/1987,7,Válido,nao,,5,0.04,0.038043065,RAQUEL NONATO DE BRICIO,RAQUEL BRÍCIO,UP,v,,,,,04/10/2026 18:33:18,sim
1,04/10/2026,6257,Presidente,1,municipio,PB,20419,2507002,ITAPORANGA,,,,,DEMOCRATA,i,DEMOCRATA,0,35,DEMOCRATA,DEMOCRATA,,35,280002548139,WILSON GRASSI JUNIOR,VETERINÁRIO WILSON GRASSI,13/03/1970,11,Válido,nao,,2,0.02,0.015217226,SUÊD HAIDAR NOGUEIRA,SUÊD HAIDAR,DEMOCRATA,v,,,,,04/10/2026 18:33:18,sim
1,04/10/2026,6257,Presidente,1,municipio,PB,20419,2507002,ITAPORANGA,,,,,PARTIDO MISSÃO,i,MISSÃO,0,14,MISSÃO,PARTIDO MISSÃO,,14,280002540694,RENAN ANTONIO FERREIRA DOS SANTOS,RENAN SANTOS,14/02/1984,5,Válido,nao,,211,1.61,1.605417332,AROLDO MEDINA,CORONEL MEDINA,MISSÃO,v,,,,,04/10/2026 18:33:18,sim
1,04/10/2026,6257,Presidente,1,municipio,PB,20419,2507002,ITAPORANGA,,,,,PARTIDO DA CAUSA OPERÁRIA,i,PCO,0,29,PCO,PARTIDO DA CAUSA OPERÁRIA,,29,280002552487,RUI COSTA PIMENTA,RUI COSTA PIMENTA,25/06/1957,12,Válido,nao,,4,0.03,0.030434452,ANTONIO CARLOS SILVA,ANTÔNIO CARLOS,PCO,v,,,,,04/10/2026 18:33:18,sim
1,04/10/2026,6257,Presidente,1,municipio,PB,20435,2507101,ITAPOROROCA,,,,,PARTIDO LIBERAL,i,PL,0,22,PL,PARTIDO LIBERAL,,22,280002551544,FLAVIO NANTES BOLSONARO,FLAVIO BOLSONARO,30/04/1981,1,Válido,nao,,2933,26.40,26.402016383,ALFREDO GASPAR DE MENDONÇA NETO,ALFREDO GASPAR,PL,v,,,,,04/10/2026 20:12:46,sim
1,04/10/2026,6257,Presidente,1,municipio,PB,20435,2507101,ITAPOROROCA,,,,,PARTIDO SOCIAL DEMOCRÁTICO,i,PSD,0,55,PSD,PARTIDO SOCIAL DEMOCRÁTICO,,55,280002551932,RONALDO RAMOS CAIADO,RONALDO CAIADO,25/09/1949,5,Válido,nao,,78,0.70,0.702133405,GILBERTO KASSAB,GILBERTO KASSAB,PSD,v,,,,,04/10/2026 20:12:46,sim
1,04/10/2026,6257,Presidente,1,municipio,PB,20435,2507101,ITAPOROROCA,,PT/PC do B/PV,FEDERAÇÃO BRASIL DA ESPERANÇA - FE BRASIL,PT/PC do B/PV,BRASIL PRONTO PRA MAIS,c,PSB / PDT / PCDOB / PT / PV / PSOL / REDE,,13,PT,PARTIDO DOS TRABALHADORES,101,13,280002542548,LUIZ INÁCIO LULA DA SILVA,LULA,06/10/1945,2,Válido,nao,,7656,68.92,68.917094248,GERALDO JOSE RODRIGUES ALCKMIN FILHO,GERALDO ALCKMIN,PSB,v,,,,,04/10/2026 20:12:46,sim
1,04/10/2026,6257,Presidente,1,municipio,PB,20435,2507101,ITAPOROROCA,,,,,DEMOCRACIA CRISTÃ,i,DC,0,27,DC,DEMOCRACIA CRISTÃ,,27,280002552484,CLARIANA ZACARKIM BARAO,CLARIANA BARAO,03/04/1987,9,Válido,nao,,3,0.03,0.027005131,FABIANA CRISTINA TAVARES TORQUATO,FABIANA TORQUATO,DC,v,,,,,04/10/2026 20:12:46,sim
1,04/10/2026,6257,Presidente,1,municipio,PB,20435,2507101,ITAPOROROCA,,,,,PARTIDO COMUNISTA BRASILEIRO,i,PCB,0,21,PCB,PARTIDO COMUNISTA BRASILEIRO,,21,280002551975,EDMILSON SILVA COSTA,EDMILSON COSTA,08/04/1950,10,Válido,nao,,0,0.00,0,CLEUSA DOS SANTOS,CLEUSA SANTOS,PCB,v,,,,,04/10/2026 20:12:46,sim
1,04/10/2026,6257,Presidente,1,municipio,PB,20435,2507101,ITAPOROROCA,,,,,PARTIDO SOCIALISTA  DOS TRABALHADORES UNIFICADO,i,PSTU,0,16,PSTU,PARTIDO SOCIALISTA  DOS TRABALHADORES UNIFICADO,,16,280002541457,HERTZ DA CONCEICAO DIAS,HERTZ DIAS,20/10/1970,8,Válido,nao,,0,0.00,0,VANESSA PORTUGAL BARBOSA,VANESSA PORTUGAL,PSTU,v,,,,,04/10/2026 20:12:46,sim
1,04/10/2026,6257,Presidente,1,municipio,PB,20435,2507101,ITAPOROROCA,,,,,BRASIL DOS NOSSOS SONHOS,c,AGIR / AVANTE,,70,AVANTE,AVANTE,,70,280002551547,AUGUSTO JORGE CURY,ESCRITOR AUGUSTO CURY,02/10/1958,3,Válido,nao,,300,2.70,2.700513097,JULIO CESAR DELGADO,JÚLIO DELGADO,AVANTE,v,,,,,04/10/2026 20:12:46,sim
1,04/10/2026,6257,Presidente,1,municipio,PB,20435,2507101,ITAPOROROCA,,,,,PARTIDO NOVO,i,NOVO,0,30,NOVO,PARTIDO NOVO,,30,280002539826,ROMEU ZEMA NETO,ZEMA,28/10/1964,6,Válido,nao,,6,0.05,0.054010262,LUIS EDUARDO GRANGEIRO GIRÃO,EDUARDO GIRÃO,NOVO,v,,,,,04/10/2026 20:12:46,sim
1,04/10/2026,6257,Presidente,1,municipio,PB,20435,2507101,ITAPOROROCA,,,,,UNIDADE POPULAR,i,UP,0,80,UP,UNIDADE POPULAR,,80,280002538811,SAMARA MARTINS DA SILVA FEITOSA,SAMARA,31/08/1987,7,Válido,nao,,4,0.04,0.036006841,RAQUEL NONATO DE BRICIO,RAQUEL BRÍCIO,UP,v,,,,,04/10/2026 20:12:46,sim
1,04/10/2026,6257,Presidente,1,municipio,PB,20435,2507101,ITAPOROROCA,,,,,DEMOCRATA,i,DEMOCRATA,0,35,DEMOCRATA,DEMOCRATA,,35,280002548139,WILSON GRASSI JUNIOR,VETERINÁRIO WILSON GRASSI,13/03/1970,11,Válido,nao,,2,0.02,0.018003421,SUÊD HAIDAR NOGUEIRA,SUÊD HAIDAR,DEMOCRATA,v,,,,,04/10/2026 20:12:46,sim
1,04/10/2026,6257,Presidente,1,municipio,PB,20435,2507101,ITAPOROROCA,,,,,PARTIDO MISSÃO,i,MISSÃO,0,14,MISSÃO,PARTIDO MISSÃO,,14,280002540694,RENAN ANTONIO FERREIRA DOS SANTOS,RENAN SANTOS,14/02/1984,4,Válido,nao,,126,1.13,1.134215501,AROLDO MEDINA,CORONEL MEDINA,MISSÃO,v,,,,,04/10/2026 20:12:46,sim
1,04/10/2026,6257,Presidente,1,municipio,PB,20435,2507101,ITAPOROROCA,,,,,PARTIDO DA CAUSA OPERÁRIA,i,PCO,0,29,PCO,PARTIDO DA CAUSA OPERÁRIA,,29,280002552487,RUI COSTA PIMENTA,RUI COSTA PIMENTA,25/06/1957,12,Válido,nao,,1,0.01,0.009001710,ANTONIO CARLOS SILVA,ANTÔNIO CARLOS,PCO,v,,,,,04/10/2026 20:12:46,sim
1,04/10/2026,6257,Presidente,1,municipio,PB,20451,2507200,ITATUBA,,,,,PARTIDO LIBERAL,i,PL,0,22,PL,PARTIDO LIBERAL,,22,280002551544,FLAVIO NANTES BOLSONARO,FLAVIO BOLSONARO,30/04/1981,1,Válido,nao,,2011,28.50,28.500566893,ALFREDO GASPAR DE MENDONÇA NETO,ALFREDO GASPAR,PL,v,,,,,04/10/2026 20:12:46,sim
1,04/10/2026,6257,Presidente,1,municipio,PB,20451,2507200,ITATUBA,,,,,PARTIDO SOCIAL DEMOCRÁTICO,i,PSD,0,55,PSD,PARTIDO SOCIAL DEMOCRÁTICO,,55,280002551932,RONALDO RAMOS CAIADO,RONALDO CAIADO,25/09/1949,5,Válido,nao,,25,0.35,0.354308390,GILBERTO KASSAB,GILBERTO KASSAB,PSD,v,,,,,04/10/2026 20:12:46,sim
1,04/10/2026,6257,Presidente,1,municipio,PB,20451,2507200,ITATUBA,,PT/PC do B/PV,FEDERAÇÃO BRASIL DA ESPERANÇA - FE BRASIL,PT/PC do B/PV,BRASIL PRONTO PRA MAIS,c,PSB / PDT / PCDOB / PT / PV / PSOL / REDE,,13,PT,PARTIDO DOS TRABALHADORES,101,13,280002542548,LUIZ INÁCIO LULA DA SILVA,LULA,06/10/1945,2,Válido,nao,,4811,68.18,68.183106576,GERALDO JOSE RODRIGUES ALCKMIN FILHO,GERALDO ALCKMIN,PSB,v,,,,,04/10/2026 20:12:46,sim
1,04/10/2026,6257,Presidente,1,municipio,PB,20451,2507200,ITATUBA,,,,,DEMOCRACIA CRISTÃ,i,DC,0,27,DC,DEMOCRACIA CRISTÃ,,27,280002552484,CLARIANA ZACARKIM BARAO,CLARIANA BARAO,03/04/1987,9,Válido,nao,,0,0.00,0,FABIANA CRISTINA TAVARES TORQUATO,FABIANA TORQUATO,DC,v,,,,,04/10/2026 20:12:46,sim
1,04/10/2026,6257,Presidente,1,municipio,PB,20451,2507200,ITATUBA,,,,,PARTIDO COMUNISTA BRASILEIRO,i,PCB,0,21,PCB,PARTIDO COMUNISTA BRASILEIRO,,21,280002551975,EDMILSON SILVA COSTA,EDMILSON COSTA,08/04/1950,10,Válido,nao,,2,0.03,0.028344671,CLEUSA DOS SANTOS,CLEUSA SANTOS,PCB,v,,,,,04/10/2026 20:12:46,sim
1,04/10/2026,6257,Presidente,1,municipio,PB,20451,2507200,ITATUBA,,,,,PARTIDO SOCIALISTA  DOS TRABALHADORES UNIFICADO,i,PSTU,0,16,PSTU,PARTIDO SOCIALISTA  DOS TRABALHADORES UNIFICADO,,16,280002541457,HERTZ DA CONCEICAO DIAS,HERTZ DIAS,20/10/1970,8,Válido,nao,,0,0.00,0,VANESSA PORTUGAL BARBOSA,VANESSA PORTUGAL,PSTU,v,,,,,04/10/2026 20:12:46,sim
1,04/10/2026,6257,Presidente,1,municipio,PB,20451,2507200,ITATUBA,,,,,BRASIL DOS NOSSOS SONHOS,c,AGIR / AVANTE,,70,AVANTE,AVANTE,,70,280002551547,AUGUSTO JORGE CURY,ESCRITOR AUGUSTO CURY,02/10/1958,3,Válido,nao,,145,2.05,2.054988662,JULIO CESAR DELGADO,JÚLIO DELGADO,AVANTE,v,,,,,04/10/2026 20:12:46,sim
1,04/10/2026,6257,Presidente,1,municipio,PB,20451,2507200,ITATUBA,,,,,PARTIDO NOVO,i,NOVO,0,30,NOVO,PARTIDO NOVO,,30,280002539826,ROMEU ZEMA NETO,ZEMA,28/10/1964,6,Válido,nao,,4,0.06,0.056689342,LUIS EDUARDO GRANGEIRO GIRÃO,EDUARDO GIRÃO,NOVO,v,,,,,04/10/2026 20:12:46,sim
1,04/10/2026,6257,Presidente,1,municipio,PB,20451,2507200,ITATUBA,,,,,UNIDADE POPULAR,i,UP,0,80,UP,UNIDADE POPULAR,,80,280002538811,SAMARA MARTINS DA SILVA FEITOSA,SAMARA,31/08/1987,7,Válido,nao,,3,0.04,0.042517007,RAQUEL NONATO DE BRICIO,RAQUEL BRÍCIO,UP,v,,,,,04/10/2026 20:12:46,sim
1,04/10/2026,6257,Presidente,1,municipio,PB,20451,2507200,ITATUBA,,,,,DEMOCRATA,i,DEMOCRATA,0,35,DEMOCRATA,DEMOCRATA,,35,280002548139,WILSON GRASSI JUNIOR,VETERINÁRIO WILSON GRASSI,13/03/1970,11,Válido,nao,,1,0.01,0.014172336,SUÊD HAIDAR NOGUEIRA,SUÊD HAIDAR,DEMOCRATA,v,,,,,04/10/2026 20:12:46,sim
1,04/10/2026,6257,Presidente,1,municipio,PB,20451,2507200,ITATUBA,,,,,PARTIDO MISSÃO,i,MISSÃO,0,14,MISSÃO,PARTIDO MISSÃO,,14,280002540694,RENAN ANTONIO FERREIRA DOS SANTOS,RENAN SANTOS,14/02/1984,4,Válido,nao,,53,0.75,0.751133787,AROLDO MEDINA,CORONEL MEDINA,MISSÃO,v,,,,,04/10/2026 20:12:46,sim
1,04/10/2026,6257,Presidente,1,municipio,PB,20451,2507200,ITATUBA,,,,,PARTIDO DA CAUSA OPERÁRIA,i,PCO,0,29,PCO,PARTIDO DA CAUSA OPERÁRIA,,29,280002552487,RUI COSTA PIMENTA,RUI COSTA PIMENTA,25/06/1957,12,Válido,nao,,1,0.01,0.014172336,ANTONIO CARLOS SILVA,ANTÔNIO CARLOS,PCO,v,,,,,04/10/2026 20:12:46,sim
1,04/10/2026,6257,Presidente,1,municipio,PB,20478,2507309,JACARAÚ,,,,,PARTIDO LIBERAL,i,PL,0,22,PL,PARTIDO LIBERAL,,22,280002551544,FLAVIO NANTES BOLSONARO,FLAVIO BOLSONARO,30/04/1981,1,Válido,nao,,3493,33.45,33.451446083,ALFREDO GASPAR DE MENDONÇA NETO,ALFREDO GASPAR,PL,v,,,,,04/10/2026 20:13:50,sim
1,04/10/2026,6257,Presidente,1,municipio,PB,20478,2507309,JACARAÚ,,,,,PARTIDO SOCIAL DEMOCRÁTICO,i,PSD,0,55,PSD,PARTIDO SOCIAL DEMOCRÁTICO,,55,280002551932,RONALDO RAMOS CAIADO,RONALDO CAIADO,25/09/1949,5,Válido,nao,,69,0.66,0.660792952,GILBERTO KASSAB,GILBERTO KASSAB,PSD,v,,,,,04/10/2026 20:13:50,sim
1,04/10/2026,6257,Presidente,1,municipio,PB,20478,2507309,JACARAÚ,,PT/PC do B/PV,FEDERAÇÃO BRASIL DA ESPERANÇA - FE BRASIL,PT/PC do B/PV,BRASIL PRONTO PRA MAIS,c,PSB / PDT / PCDOB / PT / PV / PSOL / REDE,,13,PT,PARTIDO DOS TRABALHADORES,101,13,280002542548,LUIZ INÁCIO LULA DA SILVA,LULA,06/10/1945,2,Válido,nao,,6352,60.83,60.831258380,GERALDO JOSE RODRIGUES ALCKMIN FILHO,GERALDO ALCKMIN,PSB,v,,,,,04/10/2026 20:13:50,sim
1,04/10/2026,6257,Presidente,1,municipio,PB,20478,2507309,JACARAÚ,,,,,DEMOCRACIA CRISTÃ,i,DC,0,27,DC,DEMOCRACIA CRISTÃ,,27,280002552484,CLARIANA ZACARKIM BARAO,CLARIANA BARAO,03/04/1987,9,Válido,nao,,0,0.00,0,FABIANA CRISTINA TAVARES TORQUATO,FABIANA TORQUATO,DC,v,,,,,04/10/2026 20:13:50,sim
1,04/10/2026,6257,Presidente,1,municipio,PB,20478,2507309,JACARAÚ,,,,,PARTIDO COMUNISTA BRASILEIRO,i,PCB,0,21,PCB,PARTIDO COMUNISTA BRASILEIRO,,21,280002551975,EDMILSON SILVA COSTA,EDMILSON COSTA,08/04/1950,10,Válido,nao,,1,0.01,0.009576709,CLEUSA DOS SANTOS,CLEUSA SANTOS,PCB,v,,,,,04/10/2026 20:13:50,sim
1,04/10/2026,6257,Presidente,1,municipio,PB,20478,2507309,JACARAÚ,,,,,PARTIDO SOCIALISTA  DOS TRABALHADORES UNIFICADO,i,PSTU,0,16,PSTU,PARTIDO SOCIALISTA  DOS TRABALHADORES UNIFICADO,,16,280002541457,HERTZ DA CONCEICAO DIAS,HERTZ DIAS,20/10/1970,8,Válido,nao,,1,0.01,0.009576709,VANESSA PORTUGAL BARBOSA,VANESSA PORTUGAL,PSTU,v,,,,,04/10/2026 20:13:50,sim
1,04/10/2026,6257,Presidente,1,municipio,PB,20478,2507309,JACARAÚ,,,,,BRASIL DOS NOSSOS SONHOS,c,AGIR / AVANTE,,70,AVANTE,AVANTE,,70,280002551547,AUGUSTO JORGE CURY,ESCRITOR AUGUSTO CURY,02/10/1958,3,Válido,nao,,328,3.14,3.141160697,JULIO CESAR DELGADO,JÚLIO DELGADO,AVANTE,v,,,,,04/10/2026 20:13:50,sim
1,04/10/2026,6257,Presidente,1,municipio,PB,20478,2507309,JACARAÚ,,,,,PARTIDO NOVO,i,NOVO,0,30,NOVO,PARTIDO NOVO,,30,280002539826,ROMEU ZEMA NETO,ZEMA,28/10/1964,6,Válido,nao,,7,0.07,0.067036966,LUIS EDUARDO GRANGEIRO GIRÃO,EDUARDO GIRÃO,NOVO,v,,,,,04/10/2026 20:13:50,sim
1,04/10/2026,6257,Presidente,1,municipio,PB,20478,2507309,JACARAÚ,,,,,UNIDADE POPULAR,i,UP,0,80,UP,UNIDADE POPULAR,,80,280002538811,SAMARA MARTINS DA SILVA FEITOSA,SAMARA,31/08/1987,7,Válido,nao,,8,0.08,0.076613676,RAQUEL NONATO DE BRICIO,RAQUEL BRÍCIO,UP,v,,,,,04/10/2026 20:13:50,sim
1,04/10/2026,6257,Presidente,1,municipio,PB,20478,2507309,JACARAÚ,,,,,DEMOCRATA,i,DEMOCRATA,0,35,DEMOCRATA,DEMOCRATA,,35,280002548139,WILSON GRASSI JUNIOR,VETERINÁRIO WILSON GRASSI,13/03/1970,11,Válido,nao,,2,0.02,0.019153419,SUÊD HAIDAR NOGUEIRA,SUÊD HAIDAR,DEMOCRATA,v,,,,,04/10/2026 20:13:50,sim
1,04/10/2026,6257,Presidente,1,municipio,PB,20478,2507309,JACARAÚ,,,,,PARTIDO MISSÃO,i,MISSÃO,0,14,MISSÃO,PARTIDO MISSÃO,,14,280002540694,RENAN ANTONIO FERREIRA DOS SANTOS,RENAN SANTOS,14/02/1984,4,Válido,nao,,181,1.73,1.733384409,AROLDO MEDINA,CORONEL MEDINA,MISSÃO,v,,,,,04/10/2026 20:13:50,sim
1,04/10/2026,6257,Presidente,1,municipio,PB,20478,2507309,JACARAÚ,,,,,PARTIDO DA CAUSA OPERÁRIA,i,PCO,0,29,PCO,PARTIDO DA CAUSA OPERÁRIA,,29,280002552487,RUI COSTA PIMENTA,RUI COSTA PIMENTA,25/06/1957,12,Válido,nao,,0,0.00,0,ANTONIO CARLOS SILVA,ANTÔNIO CARLOS,PCO,v,,,,,04/10/2026 20:13:50,sim
1,04/10/2026,6257,Presidente,1,municipio,PB,20494,2507408,JERICÓ,,,,,PARTIDO LIBERAL,i,PL,0,22,PL,PARTIDO LIBERAL,,22,280002551544,FLAVIO NANTES BOLSONARO,FLAVIO BOLSONARO,30/04/1981,1,Válido,nao,,1212,23.95,23.947836396,ALFREDO GASPAR DE MENDONÇA NETO,ALFREDO GASPAR,PL,v,,,,,04/10/2026 19:20:56,sim
1,04/10/2026,6257,Presidente,1,municipio,PB,20494,2507408,JERICÓ,,,,,PARTIDO SOCIAL DEMOCRÁTICO,i,PSD,0,55,PSD,PARTIDO SOCIAL DEMOCRÁTICO,,55,280002551932,RONALDO RAMOS CAIADO,RONALDO CAIADO,25/09/1949,5,Válido,nao,,9,0.18,0.177830468,GILBERTO KASSAB,GILBERTO KASSAB,PSD,v,,,,,04/10/2026 19:20:56,sim
1,04/10/2026,6257,Presidente,1,municipio,PB,20494,2507408,JERICÓ,,PT/PC do B/PV,FEDERAÇÃO BRASIL DA ESPERANÇA - FE BRASIL,PT/PC do B/PV,BRASIL PRONTO PRA MAIS,c,PSB / PDT / PCDOB / PT / PV / PSOL / REDE,,13,PT,PARTIDO DOS TRABALHADORES,101,13,280002542548,LUIZ INÁCIO LULA DA SILVA,LULA,06/10/1945,2,Válido,nao,,3696,73.03,73.029045643,GERALDO JOSE RODRIGUES ALCKMIN FILHO,GERALDO ALCKMIN,PSB,v,,,,,04/10/2026 19:20:56,sim
1,04/10/2026,6257,Presidente,1,municipio,PB,20494,2507408,JERICÓ,,,,,DEMOCRACIA CRISTÃ,i,DC,0,27,DC,DEMOCRACIA CRISTÃ,,27,280002552484,CLARIANA ZACARKIM BARAO,CLARIANA BARAO,03/04/1987,9,Válido,nao,,1,0.02,0.019758941,FABIANA CRISTINA TAVARES TORQUATO,FABIANA TORQUATO,DC,v,,,,,04/10/2026 19:20:56,sim
1,04/10/2026,6257,Presidente,1,municipio,PB,20494,2507408,JERICÓ,,,,,PARTIDO COMUNISTA BRASILEIRO,i,PCB,0,21,PCB,PARTIDO COMUNISTA BRASILEIRO,,21,280002551975,EDMILSON SILVA COSTA,EDMILSON COSTA,08/04/1950,10,Válido,nao,,0,0.00,0,CLEUSA DOS SANTOS,CLEUSA SANTOS,PCB,v,,,,,04/10/2026 19:20:56,sim
1,04/10/2026,6257,Presidente,1,municipio,PB,20494,2507408,JERICÓ,,,,,PARTIDO SOCIALISTA  DOS TRABALHADORES UNIFICADO,i,PSTU,0,16,PSTU,PARTIDO SOCIALISTA  DOS TRABALHADORES UNIFICADO,,16,280002541457,HERTZ DA CONCEICAO DIAS,HERTZ DIAS,20/10/1970,8,Válido,nao,,0,0.00,0,VANESSA PORTUGAL BARBOSA,VANESSA PORTUGAL,PSTU,v,,,,,04/10/2026 19:20:56,sim
1,04/10/2026,6257,Presidente,1,municipio,PB,20494,2507408,JERICÓ,,,,,BRASIL DOS NOSSOS SONHOS,c,AGIR / AVANTE,,70,AVANTE,AVANTE,,70,280002551547,AUGUSTO JORGE CURY,ESCRITOR AUGUSTO CURY,02/10/1958,3,Válido,nao,,108,2.13,2.133965619,JULIO CESAR DELGADO,JÚLIO DELGADO,AVANTE,v,,,,,04/10/2026 19:20:56,sim
1,04/10/2026,6257,Presidente,1,municipio,PB,20494,2507408,JERICÓ,,,,,PARTIDO NOVO,i,NOVO,0,30,NOVO,PARTIDO NOVO,,30,280002539826,ROMEU ZEMA NETO,ZEMA,28/10/1964,6,Válido,nao,,2,0.04,0.039517882,LUIS EDUARDO GRANGEIRO GIRÃO,EDUARDO GIRÃO,NOVO,v,,,,,04/10/2026 19:20:56,sim
1,04/10/2026,6257,Presidente,1,municipio,PB,20494,2507408,JERICÓ,,,,,UNIDADE POPULAR,i,UP,0,80,UP,UNIDADE POPULAR,,80,280002538811,SAMARA MARTINS DA SILVA FEITOSA,SAMARA,31/08/1987,7,Válido,nao,,1,0.02,0.019758941,RAQUEL NONATO DE BRICIO,RAQUEL BRÍCIO,UP,v,,,,,04/10/2026 19:20:56,sim
1,04/10/2026,6257,Presidente,1,municipio,PB,20494,2507408,JERICÓ,,,,,DEMOCRATA,i,DEMOCRATA,0,35,DEMOCRATA,DEMOCRATA,,35,280002548139,WILSON GRASSI JUNIOR,VETERINÁRIO WILSON GRASSI,13/03/1970,11,Válido,nao,,0,0.00,0,SUÊD HAIDAR NOGUEIRA,SUÊD HAIDAR,DEMOCRATA,v,,,,,04/10/2026 19:20:56,sim
1,04/10/2026,6257,Presidente,1,municipio,PB,20494,2507408,JERICÓ,,,,,PARTIDO MISSÃO,i,MISSÃO,0,14,MISSÃO,PARTIDO MISSÃO,,14,280002540694,RENAN ANTONIO FERREIRA DOS SANTOS,RENAN SANTOS,14/02/1984,4,Válido,nao,,31,0.61,0.612527169,AROLDO MEDINA,CORONEL MEDINA,MISSÃO,v,,,,,04/10/2026 19:20:56,sim
1,04/10/2026,6257,Presidente,1,municipio,PB,20494,2507408,JERICÓ,,,,,PARTIDO DA CAUSA OPERÁRIA,i,PCO,0,29,PCO,PARTIDO DA CAUSA OPERÁRIA,,29,280002552487,RUI COSTA PIMENTA,RUI COSTA PIMENTA,25/06/1957,12,Válido,nao,,1,0.02,0.019758941,ANTONIO CARLOS SILVA,ANTÔNIO CARLOS,PCO,v,,,,,04/10/2026 19:20:56,sim
1,04/10/2026,6257,Presidente,1,municipio,PB,20516,2507507,JOÃO PESSOA,,,,,PARTIDO LIBERAL,i,PL,0,22,PL,PARTIDO LIBERAL,,22,280002551544,FLAVIO NANTES BOLSONARO,FLAVIO BOLSONARO,30/04/1981,1,Válido,nao,,215086,45.67,45.668726246,ALFREDO GASPAR DE MENDONÇA NETO,ALFREDO GASPAR,PL,v,,,,,04/10/2026 20:41:31,sim
1,04/10/2026,6257,Presidente,1,municipio,PB,20516,2507507,JOÃO PESSOA,,,,,PARTIDO SOCIAL DEMOCRÁTICO,i,PSD,0,55,PSD,PARTIDO SOCIAL DEMOCRÁTICO,,55,280002551932,RONALDO RAMOS CAIADO,RONALDO CAIADO,25/09/1949,5,Válido,nao,,6042,1.28,1.282884260,GILBERTO KASSAB,GILBERTO KASSAB,PSD,v,,,,,04/10/2026 20:41:31,sim
1,04/10/2026,6257,Presidente,1,municipio,PB,20516,2507507,JOÃO PESSOA,,PT/PC do B/PV,FEDERAÇÃO BRASIL DA ESPERANÇA - FE BRASIL,PT/PC do B/PV,BRASIL PRONTO PRA MAIS,c,PSB / PDT / PCDOB / PT / PV / PSOL / REDE,,13,PT,PARTIDO DOS TRABALHADORES,101,13,280002542548,LUIZ INÁCIO LULA DA SILVA,LULA,06/10/1945,2,Válido,nao,,219023,46.50,46.504660594,GERALDO JOSE RODRIGUES ALCKMIN FILHO,GERALDO ALCKMIN,PSB,v,,,,,04/10/2026 20:41:31,sim
1,04/10/2026,6257,Presidente,1,municipio,PB,20516,2507507,JOÃO PESSOA,,,,,DEMOCRACIA CRISTÃ,i,DC,0,27,DC,DEMOCRACIA CRISTÃ,,27,280002552484,CLARIANA ZACARKIM BARAO,CLARIANA BARAO,03/04/1987,9,Válido,nao,,206,0.04,0.043739516,FABIANA CRISTINA TAVARES TORQUATO,FABIANA TORQUATO,DC,v,,,,,04/10/2026 20:41:31,sim
1,04/10/2026,6257,Presidente,1,municipio,PB,20516,2507507,JOÃO PESSOA,,,,,PARTIDO COMUNISTA BRASILEIRO,i,PCB,0,21,PCB,PARTIDO COMUNISTA BRASILEIRO,,21,280002551975,EDMILSON SILVA COSTA,EDMILSON COSTA,08/04/1950,10,Válido,nao,,57,0.01,0.012102682,CLEUSA DOS SANTOS,CLEUSA SANTOS,PCB,v,,,,,04/10/2026 20:41:31,sim
1,04/10/2026,6257,Presidente,1,municipio,PB,20516,2507507,JOÃO PESSOA,,,,,PARTIDO SOCIALISTA  DOS TRABALHADORES UNIFICADO,i,PSTU,0,16,PSTU,PARTIDO SOCIALISTA  DOS TRABALHADORES UNIFICADO,,16,280002541457,HERTZ DA CONCEICAO DIAS,HERTZ DIAS,20/10/1970,8,Válido,nao,,202,0.04,0.042890205,VANESSA PORTUGAL BARBOSA,VANESSA PORTUGAL,PSTU,v,,,,,04/10/2026 20:41:31,sim
1,04/10/2026,6257,Presidente,1,municipio,PB,20516,2507507,JOÃO PESSOA,,,,,BRASIL DOS NOSSOS SONHOS,c,AGIR / AVANTE,,70,AVANTE,AVANTE,,70,280002551547,AUGUSTO JORGE CURY,ESCRITOR AUGUSTO CURY,02/10/1958,3,Válido,nao,,17814,3.78,3.782406523,JULIO CESAR DELGADO,JÚLIO DELGADO,AVANTE,v,,,,,04/10/2026 20:41:31,sim
1,04/10/2026,6257,Presidente,1,municipio,PB,20516,2507507,JOÃO PESSOA,,,,,PARTIDO NOVO,i,NOVO,0,30,NOVO,PARTIDO NOVO,,30,280002539826,ROMEU ZEMA NETO,ZEMA,28/10/1964,6,Válido,nao,,725,0.15,0.153937618,LUIS EDUARDO GRANGEIRO GIRÃO,EDUARDO GIRÃO,NOVO,v,,,,,04/10/2026 20:41:31,sim
1,04/10/2026,6257,Presidente,1,municipio,PB,20516,2507507,JOÃO PESSOA,,,,,UNIDADE POPULAR,i,UP,0,80,UP,UNIDADE POPULAR,,80,280002538811,SAMARA MARTINS DA SILVA FEITOSA,SAMARA,31/08/1987,7,Válido,nao,,661,0.14,0.140348642,RAQUEL NONATO DE BRICIO,RAQUEL BRÍCIO,UP,v,,,,,04/10/2026 20:41:31,sim
1,04/10/2026,6257,Presidente,1,municipio,PB,20516,2507507,JOÃO PESSOA,,,,,DEMOCRATA,i,DEMOCRATA,0,35,DEMOCRATA,DEMOCRATA,,35,280002548139,WILSON GRASSI JUNIOR,VETERINÁRIO WILSON GRASSI,13/03/1970,11,Válido,nao,,46,0.01,0.009767076,SUÊD HAIDAR NOGUEIRA,SUÊD HAIDAR,DEMOCRATA,v,,,,,04/10/2026 20:41:31,sim
1,04/10/2026,6257,Presidente,1,municipio,PB,20516,2507507,JOÃO PESSOA,,,,,PARTIDO MISSÃO,i,MISSÃO,0,14,MISSÃO,PARTIDO MISSÃO,,14,280002540694,RENAN ANTONIO FERREIRA DOS SANTOS,RENAN SANTOS,14/02/1984,4,Válido,nao,,11025,2.34,2.340913434,AROLDO MEDINA,CORONEL MEDINA,MISSÃO,v,,,,,04/10/2026 20:41:31,sim
1,04/10/2026,6257,Presidente,1,municipio,PB,20516,2507507,JOÃO PESSOA,,,,,PARTIDO DA CAUSA OPERÁRIA,i,PCO,0,29,PCO,PARTIDO DA CAUSA OPERÁRIA,,29,280002552487,RUI COSTA PIMENTA,RUI COSTA PIMENTA,25/06/1957,12,Válido,nao,,83,0.02,0.017623203,ANTONIO CARLOS SILVA,ANTÔNIO CARLOS,PCO,v,,,,,04/10/2026 20:41:31,sim
1,04/10/2026,6257,Presidente,1,municipio,PB,20532,2507606,JUAREZ TÁVORA,,,,,PARTIDO LIBERAL,i,PL,0,22,PL,PARTIDO LIBERAL,,22,280002551544,FLAVIO NANTES BOLSONARO,FLAVIO BOLSONARO,30/04/1981,1,Válido,nao,,1507,24.75,24.745484401,ALFREDO GASPAR DE MENDONÇA NETO,ALFREDO GASPAR,PL,v,,,,,04/10/2026 20:07:49,sim
1,04/10/2026,6257,Presidente,1,municipio,PB,20532,2507606,JUAREZ TÁVORA,,,,,PARTIDO SOCIAL DEMOCRÁTICO,i,PSD,0,55,PSD,PARTIDO SOCIAL DEMOCRÁTICO,,55,280002551932,RONALDO RAMOS CAIADO,RONALDO CAIADO,25/09/1949,5,Válido,nao,,22,0.36,0.361247947,GILBERTO KASSAB,GILBERTO KASSAB,PSD,v,,,,,04/10/2026 20:07:49,sim
1,04/10/2026,6257,Presidente,1,municipio,PB,20532,2507606,JUAREZ TÁVORA,,PT/PC do B/PV,FEDERAÇÃO BRASIL DA ESPERANÇA - FE BRASIL,PT/PC do B/PV,BRASIL PRONTO PRA MAIS,c,PSB / PDT / PCDOB / PT / PV / PSOL / REDE,,13,PT,PARTIDO DOS TRABALHADORES,101,13,280002542548,LUIZ INÁCIO LULA DA SILVA,LULA,06/10/1945,2,Válido,nao,,4374,71.82,71.822660099,GERALDO JOSE RODRIGUES ALCKMIN FILHO,GERALDO ALCKMIN,PSB,v,,,,,04/10/2026 20:07:49,sim
1,04/10/2026,6257,Presidente,1,municipio,PB,20532,2507606,JUAREZ TÁVORA,,,,,DEMOCRACIA CRISTÃ,i,DC,0,27,DC,DEMOCRACIA CRISTÃ,,27,280002552484,CLARIANA ZACARKIM BARAO,CLARIANA BARAO,03/04/1987,9,Válido,nao,,0,0.00,0,FABIANA CRISTINA TAVARES TORQUATO,FABIANA TORQUATO,DC,v,,,,,04/10/2026 20:07:49,sim
1,04/10/2026,6257,Presidente,1,municipio,PB,20532,2507606,JUAREZ TÁVORA,,,,,PARTIDO COMUNISTA BRASILEIRO,i,PCB,0,21,PCB,PARTIDO COMUNISTA BRASILEIRO,,21,280002551975,EDMILSON SILVA COSTA,EDMILSON COSTA,08/04/1950,10,Válido,nao,,0,0.00,0,CLEUSA DOS SANTOS,CLEUSA SANTOS,PCB,v,,,,,04/10/2026 20:07:49,sim
1,04/10/2026,6257,Presidente,1,municipio,PB,20532,2507606,JUAREZ TÁVORA,,,,,PARTIDO SOCIALISTA  DOS TRABALHADORES UNIFICADO,i,PSTU,0,16,PSTU,PARTIDO SOCIALISTA  DOS TRABALHADORES UNIFICADO,,16,280002541457,HERTZ DA CONCEICAO DIAS,HERTZ DIAS,20/10/1970,8,Válido,nao,,0,0.00,0,VANESSA PORTUGAL BARBOSA,VANESSA PORTUGAL,PSTU,v,,,,,04/10/2026 20:07:49,sim
1,04/10/2026,6257,Presidente,1,municipio,PB,20532,2507606,JUAREZ TÁVORA,,,,,BRASIL DOS NOSSOS SONHOS,c,AGIR / AVANTE,,70,AVANTE,AVANTE,,70,280002551547,AUGUSTO JORGE CURY,ESCRITOR AUGUSTO CURY,02/10/1958,3,Válido,nao,,138,2.27,2.266009852,JULIO CESAR DELGADO,JÚLIO DELGADO,AVANTE,v,,,,,04/10/2026 20:07:49,sim
1,04/10/2026,6257,Presidente,1,municipio,PB,20532,2507606,JUAREZ TÁVORA,,,,,PARTIDO NOVO,i,NOVO,0,30,NOVO,PARTIDO NOVO,,30,280002539826,ROMEU ZEMA NETO,ZEMA,28/10/1964,6,Válido,nao,,1,0.02,0.016420361,LUIS EDUARDO GRANGEIRO GIRÃO,EDUARDO GIRÃO,NOVO,v,,,,,04/10/2026 20:07:49,sim
1,04/10/2026,6257,Presidente,1,municipio,PB,20532,2507606,JUAREZ TÁVORA,,,,,UNIDADE POPULAR,i,UP,0,80,UP,UNIDADE POPULAR,,80,280002538811,SAMARA MARTINS DA SILVA FEITOSA,SAMARA,31/08/1987,7,Válido,nao,,0,0.00,0,RAQUEL NONATO DE BRICIO,RAQUEL BRÍCIO,UP,v,,,,,04/10/2026 20:07:49,sim
1,04/10/2026,6257,Presidente,1,municipio,PB,20532,2507606,JUAREZ TÁVORA,,,,,DEMOCRATA,i,DEMOCRATA,0,35,DEMOCRATA,DEMOCRATA,,35,280002548139,WILSON GRASSI JUNIOR,VETERINÁRIO WILSON GRASSI,13/03/1970,11,Válido,nao,,1,0.02,0.016420361,SUÊD HAIDAR NOGUEIRA,SUÊD HAIDAR,DEMOCRATA,v,,,,,04/10/2026 20:07:49,sim
1,04/10/2026,6257,Presidente,1,municipio,PB,20532,2507606,JUAREZ TÁVORA,,,,,PARTIDO MISSÃO,i,MISSÃO,0,14,MISSÃO,PARTIDO MISSÃO,,14,280002540694,RENAN ANTONIO FERREIRA DOS SANTOS,RENAN SANTOS,14/02/1984,4,Válido,nao,,47,0.77,0.771756979,AROLDO MEDINA,CORONEL MEDINA,MISSÃO,v,,,,,04/10/2026 20:07:49,sim
1,04/10/2026,6257,Presidente,1,municipio,PB,20532,2507606,JUAREZ TÁVORA,,,,,PARTIDO DA CAUSA OPERÁRIA,i,PCO,0,29,PCO,PARTIDO DA CAUSA OPERÁRIA,,29,280002552487,RUI COSTA PIMENTA,RUI COSTA PIMENTA,25/06/1957,12,Válido,nao,,0,0.00,0,ANTONIO CARLOS SILVA,ANTÔNIO CARLOS,PCO,v,,,,,04/10/2026 20:07:49,sim
1,04/10/2026,6257,Presidente,1,municipio,PB,20559,2507705,JUAZEIRINHO,,,,,PARTIDO LIBERAL,i,PL,0,22,PL,PARTIDO LIBERAL,,22,280002551544,FLAVIO NANTES BOLSONARO,FLAVIO BOLSONARO,30/04/1981,1,Válido,nao,,2803,26.37,26.368767639,ALFREDO GASPAR DE MENDONÇA NETO,ALFREDO GASPAR,PL,v,,,,,04/10/2026 18:30:20,sim
1,04/10/2026,6257,Presidente,1,municipio,PB,20559,2507705,JUAZEIRINHO,,,,,PARTIDO SOCIAL DEMOCRÁTICO,i,PSD,0,55,PSD,PARTIDO SOCIAL DEMOCRÁTICO,,55,280002551932,RONALDO RAMOS CAIADO,RONALDO CAIADO,25/09/1949,4,Válido,nao,,31,0.29,0.291627469,GILBERTO KASSAB,GILBERTO KASSAB,PSD,v,,,,,04/10/2026 18:30:20,sim
1,04/10/2026,6257,Presidente,1,municipio,PB,20559,2507705,JUAZEIRINHO,,PT/PC do B/PV,FEDERAÇÃO BRASIL DA ESPERANÇA - FE BRASIL,PT/PC do B/PV,BRASIL PRONTO PRA MAIS,c,PSB / PDT / PCDOB / PT / PV / PSOL / REDE,,13,PT,PARTIDO DOS TRABALHADORES,101,13,280002542548,LUIZ INÁCIO LULA DA SILVA,LULA,06/10/1945,2,Válido,nao,,7484,70.40,70.404515522,GERALDO JOSE RODRIGUES ALCKMIN FILHO,GERALDO ALCKMIN,PSB,v,,,,,04/10/2026 18:30:20,sim
1,04/10/2026,6257,Presidente,1,municipio,PB,20559,2507705,JUAZEIRINHO,,,,,DEMOCRACIA CRISTÃ,i,DC,0,27,DC,DEMOCRACIA CRISTÃ,,27,280002552484,CLARIANA ZACARKIM BARAO,CLARIANA BARAO,03/04/1987,8,Válido,nao,,1,0.01,0.009407338,FABIANA CRISTINA TAVARES TORQUATO,FABIANA TORQUATO,DC,v,,,,,04/10/2026 18:30:20,sim
1,04/10/2026,6257,Presidente,1,municipio,PB,20559,2507705,JUAZEIRINHO,,,,,PARTIDO COMUNISTA BRASILEIRO,i,PCB,0,21,PCB,PARTIDO COMUNISTA BRASILEIRO,,21,280002551975,EDMILSON SILVA COSTA,EDMILSON COSTA,08/04/1950,10,Válido,nao,,0,0.00,0,CLEUSA DOS SANTOS,CLEUSA SANTOS,PCB,v,,,,,04/10/2026 18:30:20,sim
1,04/10/2026,6257,Presidente,1,municipio,PB,20559,2507705,JUAZEIRINHO,,,,,PARTIDO SOCIALISTA  DOS TRABALHADORES UNIFICADO,i,PSTU,0,16,PSTU,PARTIDO SOCIALISTA  DOS TRABALHADORES UNIFICADO,,16,280002541457,HERTZ DA CONCEICAO DIAS,HERTZ DIAS,20/10/1970,9,Válido,nao,,4,0.04,0.037629351,VANESSA PORTUGAL BARBOSA,VANESSA PORTUGAL,PSTU,v,,,,,04/10/2026 18:30:20,sim
1,04/10/2026,6257,Presidente,1,municipio,PB,20559,2507705,JUAZEIRINHO,,,,,BRASIL DOS NOSSOS SONHOS,c,AGIR / AVANTE,,70,AVANTE,AVANTE,,70,280002551547,AUGUSTO JORGE CURY,ESCRITOR AUGUSTO CURY,02/10/1958,3,Válido,nao,,188,1.77,1.768579492,JULIO CESAR DELGADO,JÚLIO DELGADO,AVANTE,v,,,,,04/10/2026 18:30:20,sim
1,04/10/2026,6257,Presidente,1,municipio,PB,20559,2507705,JUAZEIRINHO,,,,,PARTIDO NOVO,i,NOVO,0,30,NOVO,PARTIDO NOVO,,30,280002539826,ROMEU ZEMA NETO,ZEMA,28/10/1964,6,Válido,nao,,5,0.05,0.047036689,LUIS EDUARDO GRANGEIRO GIRÃO,EDUARDO GIRÃO,NOVO,v,,,,,04/10/2026 18:30:20,sim
1,04/10/2026,6257,Presidente,1,municipio,PB,20559,2507705,JUAZEIRINHO,,,,,UNIDADE POPULAR,i,UP,0,80,UP,UNIDADE POPULAR,,80,280002538811,SAMARA MARTINS DA SILVA FEITOSA,SAMARA,31/08/1987,7,Válido,nao,,3,0.03,0.028222013,RAQUEL NONATO DE BRICIO,RAQUEL BRÍCIO,UP,v,,,,,04/10/2026 18:30:20,sim
1,04/10/2026,6257,Presidente,1,municipio,PB,20559,2507705,JUAZEIRINHO,,,,,DEMOCRATA,i,DEMOCRATA,0,35,DEMOCRATA,DEMOCRATA,,35,280002548139,WILSON GRASSI JUNIOR,VETERINÁRIO WILSON GRASSI,13/03/1970,11,Válido,nao,,1,0.01,0.009407338,SUÊD HAIDAR NOGUEIRA,SUÊD HAIDAR,DEMOCRATA,v,,,,,04/10/2026 18:30:20,sim
1,04/10/2026,6257,Presidente,1,municipio,PB,20559,2507705,JUAZEIRINHO,,,,,PARTIDO MISSÃO,i,MISSÃO,0,14,MISSÃO,PARTIDO MISSÃO,,14,280002540694,RENAN ANTONIO FERREIRA DOS SANTOS,RENAN SANTOS,14/02/1984,5,Válido,nao,,110,1.03,1.034807150,AROLDO MEDINA,CORONEL MEDINA,MISSÃO,v,,,,,04/10/2026 18:30:20,sim
1,04/10/2026,6257,Presidente,1,municipio,PB,20559,2507705,JUAZEIRINHO,,,,,PARTIDO DA CAUSA OPERÁRIA,i,PCO,0,29,PCO,PARTIDO DA CAUSA OPERÁRIA,,29,280002552487,RUI COSTA PIMENTA,RUI COSTA PIMENTA,25/06/1957,12,Válido,nao,,0,0.00,0,ANTONIO CARLOS SILVA,ANTÔNIO CARLOS,PCO,v,,,,,04/10/2026 18:30:20,sim
1,04/10/2026,6257,Presidente,1,municipio,PB,20575,2507804,JUNCO DO SERIDÓ,,,,,PARTIDO LIBERAL,i,PL,0,22,PL,PARTIDO LIBERAL,,22,280002551544,FLAVIO NANTES BOLSONARO,FLAVIO BOLSONARO,30/04/1981,1,Válido,nao,,1187,25.69,25.687080718,ALFREDO GASPAR DE MENDONÇA NETO,ALFREDO GASPAR,PL,v,,,,,04/10/2026 18:59:08,sim
1,04/10/2026,6257,Presidente,1,municipio,PB,20575,2507804,JUNCO DO SERIDÓ,,,,,PARTIDO SOCIAL DEMOCRÁTICO,i,PSD,0,55,PSD,PARTIDO SOCIAL DEMOCRÁTICO,,55,280002551932,RONALDO RAMOS CAIADO,RONALDO CAIADO,25/09/1949,4,Válido,nao,,22,0.48,0.476087427,GILBERTO KASSAB,GILBERTO KASSAB,PSD,v,,,,,04/10/2026 18:59:08,sim
1,04/10/2026,6257,Presidente,1,municipio,PB,20575,2507804,JUNCO DO SERIDÓ,,PT/PC do B/PV,FEDERAÇÃO BRASIL DA ESPERANÇA - FE BRASIL,PT/PC do B/PV,BRASIL PRONTO PRA MAIS,c,PSB / PDT / PCDOB / PT / PV / PSOL / REDE,,13,PT,PARTIDO DOS TRABALHADORES,101,13,280002542548,LUIZ INÁCIO LULA DA SILVA,LULA,06/10/1945,2,Válido,nao,,3154,68.25,68.253624757,GERALDO JOSE RODRIGUES ALCKMIN FILHO,GERALDO ALCKMIN,PSB,v,,,,,04/10/2026 18:59:08,sim
1,04/10/2026,6257,Presidente,1,municipio,PB,20575,2507804,JUNCO DO SERIDÓ,,,,,PARTIDO SOCIALISTA  DOS TRABALHADORES UNIFICADO,i,PSTU,0,16,PSTU,PARTIDO SOCIALISTA  DOS TRABALHADORES UNIFICADO,,16,280002541457,HERTZ DA CONCEICAO DIAS,HERTZ DIAS,20/10/1970,8,Válido,nao,,1,0.02,0.021640338,VANESSA PORTUGAL BARBOSA,VANESSA PORTUGAL,PSTU,v,,,,,04/10/2026 18:59:08,sim
1,04/10/2026,6257,Presidente,1,municipio,PB,20575,2507804,JUNCO DO SERIDÓ,,,,,PARTIDO COMUNISTA BRASILEIRO,i,PCB,0,21,PCB,PARTIDO COMUNISTA BRASILEIRO,,21,280002551975,EDMILSON SILVA COSTA,EDMILSON COSTA,08/04/1950,10,Válido,nao,,1,0.02,0.021640338,CLEUSA DOS SANTOS,CLEUSA SANTOS,PCB,v,,,,,04/10/2026 18:59:08,sim
1,04/10/2026,6257,Presidente,1,municipio,PB,20575,2507804,JUNCO DO SERIDÓ,,,,,DEMOCRACIA CRISTÃ,i,DC,0,27,DC,DEMOCRACIA CRISTÃ,,27,280002552484,CLARIANA ZACARKIM BARAO,CLARIANA BARAO,03/04/1987,9,Válido,nao,,1,0.02,0.021640338,FABIANA CRISTINA TAVARES TORQUATO,FABIANA TORQUATO,DC,v,,,,,04/10/2026 18:59:08,sim
1,04/10/2026,6257,Presidente,1,municipio,PB,20575,2507804,JUNCO DO SERIDÓ,,,,,PARTIDO NOVO,i,NOVO,0,30,NOVO,PARTIDO NOVO,,30,280002539826,ROMEU ZEMA NETO,ZEMA,28/10/1964,6,Válido,nao,,3,0.06,0.064921013,LUIS EDUARDO GRANGEIRO GIRÃO,EDUARDO GIRÃO,NOVO,v,,,,,04/10/2026 18:59:08,sim
1,04/10/2026,6257,Presidente,1,municipio,PB,20575,2507804,JUNCO DO SERIDÓ,,,,,BRASIL DOS NOSSOS SONHOS,c,AGIR / AVANTE,,70,AVANTE,AVANTE,,70,280002551547,AUGUSTO JORGE CURY,ESCRITOR AUGUSTO CURY,02/10/1958,3,Válido,nao,,167,3.61,3.613936377,JULIO CESAR DELGADO,JÚLIO DELGADO,AVANTE,v,,,,,04/10/2026 18:59:08,sim
1,04/10/2026,6257,Presidente,1,municipio,PB,20575,2507804,JUNCO DO SERIDÓ,,,,,DEMOCRATA,i,DEMOCRATA,0,35,DEMOCRATA,DEMOCRATA,,35,280002548139,WILSON GRASSI JUNIOR,VETERINÁRIO WILSON GRASSI,13/03/1970,11,Válido,nao,,0,0.00,0,SUÊD HAIDAR NOGUEIRA,SUÊD HAIDAR,DEMOCRATA,v,,,,,04/10/2026 18:59:08,sim
1,04/10/2026,6257,Presidente,1,municipio,PB,20575,2507804,JUNCO DO SERIDÓ,,,,,UNIDADE POPULAR,i,UP,0,80,UP,UNIDADE POPULAR,,80,280002538811,SAMARA MARTINS DA SILVA FEITOSA,SAMARA,31/08/1987,7,Válido,nao,,0,0.00,0,RAQUEL NONATO DE BRICIO,RAQUEL BRÍCIO,UP,v,,,,,04/10/2026 18:59:08,sim
1,04/10/2026,6257,Presidente,1,municipio,PB,20575,2507804,JUNCO DO SERIDÓ,,,,,PARTIDO MISSÃO,i,MISSÃO,0,14,MISSÃO,PARTIDO MISSÃO,,14,280002540694,RENAN ANTONIO FERREIRA DOS SANTOS,RENAN SANTOS,14/02/1984,5,Válido,nao,,84,1.82,1.817788357,AROLDO MEDINA,CORONEL MEDINA,MISSÃO,v,,,,,04/10/2026 18:59:08,sim
1,04/10/2026,6257,Presidente,1,municipio,PB,20575,2507804,JUNCO DO SERIDÓ,,,,,PARTIDO DA CAUSA OPERÁRIA,i,PCO,0,29,PCO,PARTIDO DA CAUSA OPERÁRIA,,29,280002552487,RUI COSTA PIMENTA,RUI COSTA PIMENTA,25/06/1957,12,Válido,nao,,1,0.02,0.021640338,ANTONIO CARLOS SILVA,ANTÔNIO CARLOS,PCO,v,,,,,04/10/2026 18:59:08,sim
1,04/10/2026,6257,Presidente,1,municipio,PB,20591,2507903,JURIPIRANGA,,,,,PARTIDO LIBERAL,i,PL,0,22,PL,PARTIDO LIBERAL,,22,280002551544,FLAVIO NANTES BOLSONARO,FLAVIO BOLSONARO,30/04/1981,1,Válido,nao,,2253,30.15,30.152569593,ALFREDO GASPAR DE MENDONÇA NETO,ALFREDO GASPAR,PL,v,,,,,04/10/2026 18:25:57,sim
1,04/10/2026,6257,Presidente,1,municipio,PB,20591,2507903,JURIPIRANGA,,,,,PARTIDO SOCIAL DEMOCRÁTICO,i,PSD,0,55,PSD,PARTIDO SOCIAL DEMOCRÁTICO,,55,280002551932,RONALDO RAMOS CAIADO,RONALDO CAIADO,25/09/1949,4,Válido,nao,,37,0.50,0.495182013,GILBERTO KASSAB,GILBERTO KASSAB,PSD,v,,,,,04/10/2026 18:25:57,sim
1,04/10/2026,6257,Presidente,1,municipio,PB,20591,2507903,JURIPIRANGA,,PT/PC do B/PV,FEDERAÇÃO BRASIL DA ESPERANÇA - FE BRASIL,PT/PC do B/PV,BRASIL PRONTO PRA MAIS,c,PSB / PDT / PCDOB / PT / PV / PSOL / REDE,,13,PT,PARTIDO DOS TRABALHADORES,101,13,280002542548,LUIZ INÁCIO LULA DA SILVA,LULA,06/10/1945,2,Válido,nao,,4914,65.77,65.765524625,GERALDO JOSE RODRIGUES ALCKMIN FILHO,GERALDO ALCKMIN,PSB,v,,,,,04/10/2026 18:25:57,sim
1,04/10/2026,6257,Presidente,1,municipio,PB,20591,2507903,JURIPIRANGA,,,,,DEMOCRACIA CRISTÃ,i,DC,0,27,DC,DEMOCRACIA CRISTÃ,,27,280002552484,CLARIANA ZACARKIM BARAO,CLARIANA BARAO,03/04/1987,8,Válido,nao,,1,0.01,0.013383298,FABIANA CRISTINA TAVARES TORQUATO,FABIANA TORQUATO,DC,v,,,,,04/10/2026 18:25:57,sim
1,04/10/2026,6257,Presidente,1,municipio,PB,20591,2507903,JURIPIRANGA,,,,,PARTIDO COMUNISTA BRASILEIRO,i,PCB,0,21,PCB,PARTIDO COMUNISTA BRASILEIRO,,21,280002551975,EDMILSON SILVA COSTA,EDMILSON COSTA,08/04/1950,10,Válido,nao,,1,0.01,0.013383298,CLEUSA DOS SANTOS,CLEUSA SANTOS,PCB,v,,,,,04/10/2026 18:25:57,sim
1,04/10/2026,6257,Presidente,1,municipio,PB,20591,2507903,JURIPIRANGA,,,,,PARTIDO SOCIALISTA  DOS TRABALHADORES UNIFICADO,i,PSTU,0,16,PSTU,PARTIDO SOCIALISTA  DOS TRABALHADORES UNIFICADO,,16,280002541457,HERTZ DA CONCEICAO DIAS,HERTZ DIAS,20/10/1970,9,Válido,nao,,0,0.00,0,VANESSA PORTUGAL BARBOSA,VANESSA PORTUGAL,PSTU,v,,,,,04/10/2026 18:25:57,sim
1,04/10/2026,6257,Presidente,1,municipio,PB,20591,2507903,JURIPIRANGA,,,,,BRASIL DOS NOSSOS SONHOS,c,AGIR / AVANTE,,70,AVANTE,AVANTE,,70,280002551547,AUGUSTO JORGE CURY,ESCRITOR AUGUSTO CURY,02/10/1958,3,Válido,nao,,156,2.09,2.087794433,JULIO CESAR DELGADO,JÚLIO DELGADO,AVANTE,v,,,,,04/10/2026 18:25:57,sim
1,04/10/2026,6257,Presidente,1,municipio,PB,20591,2507903,JURIPIRANGA,,,,,PARTIDO NOVO,i,NOVO,0,30,NOVO,PARTIDO NOVO,,30,280002539826,ROMEU ZEMA NETO,ZEMA,28/10/1964,6,Válido,nao,,3,0.04,0.040149893,LUIS EDUARDO GRANGEIRO GIRÃO,EDUARDO GIRÃO,NOVO,v,,,,,04/10/2026 18:25:57,sim
1,04/10/2026,6257,Presidente,1,municipio,PB,20591,2507903,JURIPIRANGA,,,,,UNIDADE POPULAR,i,UP,0,80,UP,UNIDADE POPULAR,,80,280002538811,SAMARA MARTINS DA SILVA FEITOSA,SAMARA,31/08/1987,7,Válido,nao,,1,0.01,0.013383298,RAQUEL NONATO DE BRICIO,RAQUEL BRÍCIO,UP,v,,,,,04/10/2026 18:25:57,sim
1,04/10/2026,6257,Presidente,1,municipio,PB,20591,2507903,JURIPIRANGA,,,,,DEMOCRATA,i,DEMOCRATA,0,35,DEMOCRATA,DEMOCRATA,,35,280002548139,WILSON GRASSI JUNIOR,VETERINÁRIO WILSON GRASSI,13/03/1970,11,Válido,nao,,0,0.00,0,SUÊD HAIDAR NOGUEIRA,SUÊD HAIDAR,DEMOCRATA,v,,,,,04/10/2026 18:25:57,sim
1,04/10/2026,6257,Presidente,1,municipio,PB,20591,2507903,JURIPIRANGA,,,,,PARTIDO MISSÃO,i,MISSÃO,0,14,MISSÃO,PARTIDO MISSÃO,,14,280002540694,RENAN ANTONIO FERREIRA DOS SANTOS,RENAN SANTOS,14/02/1984,5,Válido,nao,,106,1.42,1.418629550,AROLDO MEDINA,CORONEL MEDINA,MISSÃO,v,,,,,04/10/2026 18:25:57,sim
1,04/10/2026,6257,Presidente,1,municipio,PB,20591,2507903,JURIPIRANGA,,,,,PARTIDO DA CAUSA OPERÁRIA,i,PCO,0,29,PCO,PARTIDO DA CAUSA OPERÁRIA,,29,280002552487,RUI COSTA PIMENTA,RUI COSTA PIMENTA,25/06/1957,12,Válido,nao,,0,0.00,0,ANTONIO CARLOS SILVA,ANTÔNIO CARLOS,PCO,v,,,,,04/10/2026 18:25:57,sim
1,04/10/2026,6257,Presidente,1,municipio,PB,20613,2508000,JURU,,,,,PARTIDO LIBERAL,i,PL,0,22,PL,PARTIDO LIBERAL,,22,280002551544,FLAVIO NANTES BOLSONARO,FLAVIO BOLSONARO,30/04/1981,1,Válido,nao,,1040,17.34,17.339113038,ALFREDO GASPAR DE MENDONÇA NETO,ALFREDO GASPAR,PL,v,,,,,04/10/2026 19:14:09,sim
1,04/10/2026,6257,Presidente,1,municipio,PB,20613,2508000,JURU,,,,,PARTIDO SOCIAL DEMOCRÁTICO,i,PSD,0,55,PSD,PARTIDO SOCIAL DEMOCRÁTICO,,55,280002551932,RONALDO RAMOS CAIADO,RONALDO CAIADO,25/09/1949,5,Válido,nao,,23,0.38,0.383461154,GILBERTO KASSAB,GILBERTO KASSAB,PSD,v,,,,,04/10/2026 19:14:09,sim
1,04/10/2026,6257,Presidente,1,municipio,PB,20613,2508000,JURU,,PT/PC do B/PV,FEDERAÇÃO BRASIL DA ESPERANÇA - FE BRASIL,PT/PC do B/PV,BRASIL PRONTO PRA MAIS,c,PSB / PDT / PCDOB / PT / PV / PSOL / REDE,,13,PT,PARTIDO DOS TRABALHADORES,101,13,280002542548,LUIZ INÁCIO LULA DA SILVA,LULA,06/10/1945,2,Válido,nao,,4766,79.46,79.459819940,GERALDO JOSE RODRIGUES ALCKMIN FILHO,GERALDO ALCKMIN,PSB,v,,,,,04/10/2026 19:14:09,sim
1,04/10/2026,6257,Presidente,1,municipio,PB,20613,2508000,JURU,,,,,DEMOCRACIA CRISTÃ,i,DC,0,27,DC,DEMOCRACIA CRISTÃ,,27,280002552484,CLARIANA ZACARKIM BARAO,CLARIANA BARAO,03/04/1987,9,Válido,nao,,0,0.00,0,FABIANA CRISTINA TAVARES TORQUATO,FABIANA TORQUATO,DC,v,,,,,04/10/2026 19:14:09,sim
1,04/10/2026,6257,Presidente,1,municipio,PB,20613,2508000,JURU,,,,,PARTIDO COMUNISTA BRASILEIRO,i,PCB,0,21,PCB,PARTIDO COMUNISTA BRASILEIRO,,21,280002551975,EDMILSON SILVA COSTA,EDMILSON COSTA,08/04/1950,10,Válido,nao,,0,0.00,0,CLEUSA DOS SANTOS,CLEUSA SANTOS,PCB,v,,,,,04/10/2026 19:14:09,sim
1,04/10/2026,6257,Presidente,1,municipio,PB,20613,2508000,JURU,,,,,PARTIDO SOCIALISTA  DOS TRABALHADORES UNIFICADO,i,PSTU,0,16,PSTU,PARTIDO SOCIALISTA  DOS TRABALHADORES UNIFICADO,,16,280002541457,HERTZ DA CONCEICAO DIAS,HERTZ DIAS,20/10/1970,8,Válido,nao,,3,0.05,0.050016672,VANESSA PORTUGAL BARBOSA,VANESSA PORTUGAL,PSTU,v,,,,,04/10/2026 19:14:09,sim
1,04/10/2026,6257,Presidente,1,municipio,PB,20613,2508000,JURU,,,,,BRASIL DOS NOSSOS SONHOS,c,AGIR / AVANTE,,70,AVANTE,AVANTE,,70,280002551547,AUGUSTO JORGE CURY,ESCRITOR AUGUSTO CURY,02/10/1958,3,Válido,nao,,124,2.07,2.067355785,JULIO CESAR DELGADO,JÚLIO DELGADO,AVANTE,v,,,,,04/10/2026 19:14:09,sim
1,04/10/2026,6257,Presidente,1,municipio,PB,20613,2508000,JURU,,,,,PARTIDO NOVO,i,NOVO,0,30,NOVO,PARTIDO NOVO,,30,280002539826,ROMEU ZEMA NETO,ZEMA,28/10/1964,6,Válido,nao,,0,0.00,0,LUIS EDUARDO GRANGEIRO GIRÃO,EDUARDO GIRÃO,NOVO,v,,,,,04/10/2026 19:14:09,sim
1,04/10/2026,6257,Presidente,1,municipio,PB,20613,2508000,JURU,,,,,UNIDADE POPULAR,i,UP,0,80,UP,UNIDADE POPULAR,,80,280002538811,SAMARA MARTINS DA SILVA FEITOSA,SAMARA,31/08/1987,7,Válido,nao,,0,0.00,0,RAQUEL NONATO DE BRICIO,RAQUEL BRÍCIO,UP,v,,,,,04/10/2026 19:14:09,sim
1,04/10/2026,6257,Presidente,1,municipio,PB,20613,2508000,JURU,,,,,DEMOCRATA,i,DEMOCRATA,0,35,DEMOCRATA,DEMOCRATA,,35,280002548139,WILSON GRASSI JUNIOR,VETERINÁRIO WILSON GRASSI,13/03/1970,11,Válido,nao,,0,0.00,0,SUÊD HAIDAR NOGUEIRA,SUÊD HAIDAR,DEMOCRATA,v,,,,,04/10/2026 19:14:09,sim
1,04/10/2026,6257,Presidente,1,municipio,PB,20613,2508000,JURU,,,,,PARTIDO MISSÃO,i,MISSÃO,0,14,MISSÃO,PARTIDO MISSÃO,,14,280002540694,RENAN ANTONIO FERREIRA DOS SANTOS,RENAN SANTOS,14/02/1984,4,Válido,nao,,42,0.70,0.700233411,AROLDO MEDINA,CORONEL MEDINA,MISSÃO,v,,,,,04/10/2026 19:14:09,sim
1,04/10/2026,6257,Presidente,1,municipio,PB,20613,2508000,JURU,,,,,PARTIDO DA CAUSA OPERÁRIA,i,PCO,0,29,PCO,PARTIDO DA CAUSA OPERÁRIA,,29,280002552487,RUI COSTA PIMENTA,RUI COSTA PIMENTA,25/06/1957,12,Válido,nao,,0,0.00,0,ANTONIO CARLOS SILVA,ANTÔNIO CARLOS,PCO,v,,,,,04/10/2026 19:14:09,sim
1,04/10/2026,6257,Presidente,1,municipio,PB,20630,2508109,LAGOA,,,,,PARTIDO LIBERAL,i,PL,0,22,PL,PARTIDO LIBERAL,,22,280002551544,FLAVIO NANTES BOLSONARO,FLAVIO BOLSONARO,30/04/1981,1,Válido,nao,,595,16.81,16.807909605,ALFREDO GASPAR DE MENDONÇA NETO,ALFREDO GASPAR,PL,v,,,,,04/10/2026 18:33:57,sim
1,04/10/2026,6257,Presidente,1,municipio,PB,20630,2508109,LAGOA,,,,,PARTIDO SOCIAL DEMOCRÁTICO,i,PSD,0,55,PSD,PARTIDO SOCIAL DEMOCRÁTICO,,55,280002551932,RONALDO RAMOS CAIADO,RONALDO CAIADO,25/09/1949,4,Válido,nao,,11,0.31,0.310734463,GILBERTO KASSAB,GILBERTO KASSAB,PSD,v,,,,,04/10/2026 18:33:57,sim
1,04/10/2026,6257,Presidente,1,municipio,PB,20630,2508109,LAGOA,,PT/PC do B/PV,FEDERAÇÃO BRASIL DA ESPERANÇA - FE BRASIL,PT/PC do B/PV,BRASIL PRONTO PRA MAIS,c,PSB / PDT / PCDOB / PT / PV / PSOL / REDE,,13,PT,PARTIDO DOS TRABALHADORES,101,13,280002542548,LUIZ INÁCIO LULA DA SILVA,LULA,06/10/1945,2,Válido,nao,,2777,78.45,78.446327684,GERALDO JOSE RODRIGUES ALCKMIN FILHO,GERALDO ALCKMIN,PSB,v,,,,,04/10/2026 18:33:57,sim
1,04/10/2026,6257,Presidente,1,municipio,PB,20630,2508109,LAGOA,,,,,DEMOCRACIA CRISTÃ,i,DC,0,27,DC,DEMOCRACIA CRISTÃ,,27,280002552484,CLARIANA ZACARKIM BARAO,CLARIANA BARAO,03/04/1987,9,Válido,nao,,1,0.03,0.028248588,FABIANA CRISTINA TAVARES TORQUATO,FABIANA TORQUATO,DC,v,,,,,04/10/2026 18:33:57,sim
1,04/10/2026,6257,Presidente,1,municipio,PB,20630,2508109,LAGOA,,,,,PARTIDO COMUNISTA BRASILEIRO,i,PCB,0,21,PCB,PARTIDO COMUNISTA BRASILEIRO,,21,280002551975,EDMILSON SILVA COSTA,EDMILSON COSTA,08/04/1950,10,Válido,nao,,0,0.00,0,CLEUSA DOS SANTOS,CLEUSA SANTOS,PCB,v,,,,,04/10/2026 18:33:57,sim
1,04/10/2026,6257,Presidente,1,municipio,PB,20630,2508109,LAGOA,,,,,PARTIDO SOCIALISTA  DOS TRABALHADORES UNIFICADO,i,PSTU,0,16,PSTU,PARTIDO SOCIALISTA  DOS TRABALHADORES UNIFICADO,,16,280002541457,HERTZ DA CONCEICAO DIAS,HERTZ DIAS,20/10/1970,8,Válido,nao,,1,0.03,0.028248588,VANESSA PORTUGAL BARBOSA,VANESSA PORTUGAL,PSTU,v,,,,,04/10/2026 18:33:57,sim
1,04/10/2026,6257,Presidente,1,municipio,PB,20630,2508109,LAGOA,,,,,BRASIL DOS NOSSOS SONHOS,c,AGIR / AVANTE,,70,AVANTE,AVANTE,,70,280002551547,AUGUSTO JORGE CURY,ESCRITOR AUGUSTO CURY,02/10/1958,3,Válido,nao,,91,2.57,2.570621469,JULIO CESAR DELGADO,JÚLIO DELGADO,AVANTE,v,,,,,04/10/2026 18:33:57,sim
1,04/10/2026,6257,Presidente,1,municipio,PB,20630,2508109,LAGOA,,,,,PARTIDO NOVO,i,NOVO,0,30,NOVO,PARTIDO NOVO,,30,280002539826,ROMEU ZEMA NETO,ZEMA,28/10/1964,6,Válido,nao,,2,0.06,0.056497175,LUIS EDUARDO GRANGEIRO GIRÃO,EDUARDO GIRÃO,NOVO,v,,,,,04/10/2026 18:33:57,sim
1,04/10/2026,6257,Presidente,1,municipio,PB,20630,2508109,LAGOA,,,,,UNIDADE POPULAR,i,UP,0,80,UP,UNIDADE POPULAR,,80,280002538811,SAMARA MARTINS DA SILVA FEITOSA,SAMARA,31/08/1987,7,Válido,nao,,8,0.23,0.225988701,RAQUEL NONATO DE BRICIO,RAQUEL BRÍCIO,UP,v,,,,,04/10/2026 18:33:57,sim
1,04/10/2026,6257,Presidente,1,municipio,PB,20630,2508109,LAGOA,,,,,DEMOCRATA,i,DEMOCRATA,0,35,DEMOCRATA,DEMOCRATA,,35,280002548139,WILSON GRASSI JUNIOR,VETERINÁRIO WILSON GRASSI,13/03/1970,11,Válido,nao,,1,0.03,0.028248588,SUÊD HAIDAR NOGUEIRA,SUÊD HAIDAR,DEMOCRATA,v,,,,,04/10/2026 18:33:57,sim
1,04/10/2026,6257,Presidente,1,municipio,PB,20630,2508109,LAGOA,,,,,PARTIDO MISSÃO,i,MISSÃO,0,14,MISSÃO,PARTIDO MISSÃO,,14,280002540694,RENAN ANTONIO FERREIRA DOS SANTOS,RENAN SANTOS,14/02/1984,5,Válido,nao,,53,1.50,1.497175141,AROLDO MEDINA,CORONEL MEDINA,MISSÃO,v,,,,,04/10/2026 18:33:57,sim
1,04/10/2026,6257,Presidente,1,municipio,PB,20630,2508109,LAGOA,,,,,PARTIDO DA CAUSA OPERÁRIA,i,PCO,0,29,PCO,PARTIDO DA CAUSA OPERÁRIA,,29,280002552487,RUI COSTA PIMENTA,RUI COSTA PIMENTA,25/06/1957,12,Válido,nao,,0,0.00,0,ANTONIO CARLOS SILVA,ANTÔNIO CARLOS,PCO,v,,,,,04/10/2026 18:33:57,sim
1,04/10/2026,6257,Presidente,1,municipio,PB,20656,2508208,LAGOA DE DENTRO,,,,,PARTIDO LIBERAL,i,PL,0,22,PL,PARTIDO LIBERAL,,22,280002551544,FLAVIO NANTES BOLSONARO,FLAVIO BOLSONARO,30/04/1981,1,Válido,nao,,1519,27.06,27.062177089,ALFREDO GASPAR DE MENDONÇA NETO,ALFREDO GASPAR,PL,v,,,,,04/10/2026 20:10:52,sim
1,04/10/2026,6257,Presidente,1,municipio,PB,20656,2508208,LAGOA DE DENTRO,,,,,PARTIDO SOCIAL DEMOCRÁTICO,i,PSD,0,55,PSD,PARTIDO SOCIAL DEMOCRÁTICO,,55,280002551932,RONALDO RAMOS CAIADO,RONALDO CAIADO,25/09/1949,5,Válido,nao,,29,0.52,0.516657759,GILBERTO KASSAB,GILBERTO KASSAB,PSD,v,,,,,04/10/2026 20:10:52,sim
1,04/10/2026,6257,Presidente,1,municipio,PB,20656,2508208,LAGOA DE DENTRO,,PT/PC do B/PV,FEDERAÇÃO BRASIL DA ESPERANÇA - FE BRASIL,PT/PC do B/PV,BRASIL PRONTO PRA MAIS,c,PSB / PDT / PCDOB / PT / PV / PSOL / REDE,,13,PT,PARTIDO DOS TRABALHADORES,101,13,280002542548,LUIZ INÁCIO LULA DA SILVA,LULA,06/10/1945,2,Válido,nao,,3814,67.95,67.949403171,GERALDO JOSE RODRIGUES ALCKMIN FILHO,GERALDO ALCKMIN,PSB,v,,,,,04/10/2026 20:10:52,sim
1,04/10/2026,6257,Presidente,1,municipio,PB,20656,2508208,LAGOA DE DENTRO,,,,,PARTIDO SOCIALISTA  DOS TRABALHADORES UNIFICADO,i,PSTU,0,16,PSTU,PARTIDO SOCIALISTA  DOS TRABALHADORES UNIFICADO,,16,280002541457,HERTZ DA CONCEICAO DIAS,HERTZ DIAS,20/10/1970,8,Válido,nao,,0,0.00,0,VANESSA PORTUGAL BARBOSA,VANESSA PORTUGAL,PSTU,v,,,,,04/10/2026 20:10:52,sim
1,04/10/2026,6257,Presidente,1,municipio,PB,20656,2508208,LAGOA DE DENTRO,,,,,PARTIDO COMUNISTA BRASILEIRO,i,PCB,0,21,PCB,PARTIDO COMUNISTA BRASILEIRO,,21,280002551975,EDMILSON SILVA COSTA,EDMILSON COSTA,08/04/1950,10,Válido,nao,,1,0.02,0.017815785,CLEUSA DOS SANTOS,CLEUSA SANTOS,PCB,v,,,,,04/10/2026 20:10:52,sim
1,04/10/2026,6257,Presidente,1,municipio,PB,20656,2508208,LAGOA DE DENTRO,,,,,DEMOCRACIA CRISTÃ,i,DC,0,27,DC,DEMOCRACIA CRISTÃ,,27,280002552484,CLARIANA ZACARKIM BARAO,CLARIANA BARAO,03/04/1987,9,Válido,nao,,1,0.02,0.017815785,FABIANA CRISTINA TAVARES TORQUATO,FABIANA TORQUATO,DC,v,,,,,04/10/2026 20:10:52,sim
1,04/10/2026,6257,Presidente,1,municipio,PB,20656,2508208,LAGOA DE DENTRO,,,,,PARTIDO NOVO,i,NOVO,0,30,NOVO,PARTIDO NOVO,,30,280002539826,ROMEU ZEMA NETO,ZEMA,28/10/1964,6,Válido,nao,,3,0.05,0.053447354,LUIS EDUARDO GRANGEIRO GIRÃO,EDUARDO GIRÃO,NOVO,v,,,,,04/10/2026 20:10:52,sim
1,04/10/2026,6257,Presidente,1,municipio,PB,20656,2508208,LAGOA DE DENTRO,,,,,BRASIL DOS NOSSOS SONHOS,c,AGIR / AVANTE,,70,AVANTE,AVANTE,,70,280002551547,AUGUSTO JORGE CURY,ESCRITOR AUGUSTO CURY,02/10/1958,3,Válido,nao,,161,2.87,2.868341350,JULIO CESAR DELGADO,JÚLIO DELGADO,AVANTE,v,,,,,04/10/2026 20:10:52,sim
1,04/10/2026,6257,Presidente,1,municipio,PB,20656,2508208,LAGOA DE DENTRO,,,,,DEMOCRATA,i,DEMOCRATA,0,35,DEMOCRATA,DEMOCRATA,,35,280002548139,WILSON GRASSI JUNIOR,VETERINÁRIO WILSON GRASSI,13/03/1970,11,Válido,nao,,0,0.00,0,SUÊD HAIDAR NOGUEIRA,SUÊD HAIDAR,DEMOCRATA,v,,,,,04/10/2026 20:10:52,sim
1,04/10/2026,6257,Presidente,1,municipio,PB,20656,2508208,LAGOA DE DENTRO,,,,,UNIDADE POPULAR,i,UP,0,80,UP,UNIDADE POPULAR,,80,280002538811,SAMARA MARTINS DA SILVA FEITOSA,SAMARA,31/08/1987,7,Válido,nao,,2,0.04,0.035631570,RAQUEL NONATO DE BRICIO,RAQUEL BRÍCIO,UP,v,,,,,04/10/2026 20:10:52,sim
1,04/10/2026,6257,Presidente,1,municipio,PB,20656,2508208,LAGOA DE DENTRO,,,,,PARTIDO MISSÃO,i,MISSÃO,0,14,MISSÃO,PARTIDO MISSÃO,,14,280002540694,RENAN ANTONIO FERREIRA DOS SANTOS,RENAN SANTOS,14/02/1984,4,Válido,nao,,83,1.48,1.478710137,AROLDO MEDINA,CORONEL MEDINA,MISSÃO,v,,,,,04/10/2026 20:10:52,sim
1,04/10/2026,6257,Presidente,1,municipio,PB,20656,2508208,LAGOA DE DENTRO,,,,,PARTIDO DA CAUSA OPERÁRIA,i,PCO,0,29,PCO,PARTIDO DA CAUSA OPERÁRIA,,29,280002552487,RUI COSTA PIMENTA,RUI COSTA PIMENTA,25/06/1957,12,Válido,nao,,0,0.00,0,ANTONIO CARLOS SILVA,ANTÔNIO CARLOS,PCO,v,,,,,04/10/2026 20:10:52,sim
1,04/10/2026,6257,Presidente,1,municipio,PB,20672,2508307,LAGOA SECA,,,,,PARTIDO LIBERAL,i,PL,0,22,PL,PARTIDO LIBERAL,,22,280002551544,FLAVIO NANTES BOLSONARO,FLAVIO BOLSONARO,30/04/1981,1,Válido,nao,,6181,36.04,36.042917954,ALFREDO GASPAR DE MENDONÇA NETO,ALFREDO GASPAR,PL,v,,,,,04/10/2026 20:20:40,sim
1,04/10/2026,6257,Presidente,1,municipio,PB,20672,2508307,LAGOA SECA,,,,,PARTIDO SOCIAL DEMOCRÁTICO,i,PSD,0,55,PSD,PARTIDO SOCIAL DEMOCRÁTICO,,55,280002551932,RONALDO RAMOS CAIADO,RONALDO CAIADO,25/09/1949,5,Válido,nao,,135,0.79,0.787217914,GILBERTO KASSAB,GILBERTO KASSAB,PSD,v,,,,,04/10/2026 20:20:40,sim
1,04/10/2026,6257,Presidente,1,municipio,PB,20672,2508307,LAGOA SECA,,PT/PC do B/PV,FEDERAÇÃO BRASIL DA ESPERANÇA - FE BRASIL,PT/PC do B/PV,BRASIL PRONTO PRA MAIS,c,PSB / PDT / PCDOB / PT / PV / PSOL / REDE,,13,PT,PARTIDO DOS TRABALHADORES,101,13,280002542548,LUIZ INÁCIO LULA DA SILVA,LULA,06/10/1945,2,Válido,nao,,10065,58.69,58.691468890,GERALDO JOSE RODRIGUES ALCKMIN FILHO,GERALDO ALCKMIN,PSB,v,,,,,04/10/2026 20:20:40,sim
1,04/10/2026,6257,Presidente,1,municipio,PB,20672,2508307,LAGOA SECA,,,,,PARTIDO SOCIALISTA  DOS TRABALHADORES UNIFICADO,i,PSTU,0,16,PSTU,PARTIDO SOCIALISTA  DOS TRABALHADORES UNIFICADO,,16,280002541457,HERTZ DA CONCEICAO DIAS,HERTZ DIAS,20/10/1970,8,Válido,nao,,9,0.05,0.052481194,VANESSA PORTUGAL BARBOSA,VANESSA PORTUGAL,PSTU,v,,,,,04/10/2026 20:20:40,sim
1,04/10/2026,6257,Presidente,1,municipio,PB,20672,2508307,LAGOA SECA,,,,,PARTIDO COMUNISTA BRASILEIRO,i,PCB,0,21,PCB,PARTIDO COMUNISTA BRASILEIRO,,21,280002551975,EDMILSON SILVA COSTA,EDMILSON COSTA,08/04/1950,10,Válido,nao,,3,0.02,0.017493731,CLEUSA DOS SANTOS,CLEUSA SANTOS,PCB,v,,,,,04/10/2026 20:20:40,sim
1,04/10/2026,6257,Presidente,1,municipio,PB,20672,2508307,LAGOA SECA,,,,,DEMOCRACIA CRISTÃ,i,DC,0,27,DC,DEMOCRACIA CRISTÃ,,27,280002552484,CLARIANA ZACARKIM BARAO,CLARIANA BARAO,03/04/1987,9,Válido,nao,,8,0.05,0.046649950,FABIANA CRISTINA TAVARES TORQUATO,FABIANA TORQUATO,DC,v,,,,,04/10/2026 20:20:40,sim
1,04/10/2026,6257,Presidente,1,municipio,PB,20672,2508307,LAGOA SECA,,,,,PARTIDO NOVO,i,NOVO,0,30,NOVO,PARTIDO NOVO,,30,280002539826,ROMEU ZEMA NETO,ZEMA,28/10/1964,6,Válido,nao,,7,0.04,0.040818707,LUIS EDUARDO GRANGEIRO GIRÃO,EDUARDO GIRÃO,NOVO,v,,,,,04/10/2026 20:20:40,sim
1,04/10/2026,6257,Presidente,1,municipio,PB,20672,2508307,LAGOA SECA,,,,,BRASIL DOS NOSSOS SONHOS,c,AGIR / AVANTE,,70,AVANTE,AVANTE,,70,280002551547,AUGUSTO JORGE CURY,ESCRITOR AUGUSTO CURY,02/10/1958,3,Válido,nao,,490,2.86,2.857309464,JULIO CESAR DELGADO,JÚLIO DELGADO,AVANTE,v,,,,,04/10/2026 20:20:40,sim
1,04/10/2026,6257,Presidente,1,municipio,PB,20672,2508307,LAGOA SECA,,,,,DEMOCRATA,i,DEMOCRATA,0,35,DEMOCRATA,DEMOCRATA,,35,280002548139,WILSON GRASSI JUNIOR,VETERINÁRIO WILSON GRASSI,13/03/1970,11,Válido,nao,,2,0.01,0.011662488,SUÊD HAIDAR NOGUEIRA,SUÊD HAIDAR,DEMOCRATA,v,,,,,04/10/2026 20:20:40,sim
1,04/10/2026,6257,Presidente,1,municipio,PB,20672,2508307,LAGOA SECA,,,,,UNIDADE POPULAR,i,UP,0,80,UP,UNIDADE POPULAR,,80,280002538811,SAMARA MARTINS DA SILVA FEITOSA,SAMARA,31/08/1987,7,Válido,nao,,12,0.07,0.069974926,RAQUEL NONATO DE BRICIO,RAQUEL BRÍCIO,UP,v,,,,,04/10/2026 20:20:40,sim
1,04/10/2026,6257,Presidente,1,municipio,PB,20672,2508307,LAGOA SECA,,,,,PARTIDO MISSÃO,i,MISSÃO,0,14,MISSÃO,PARTIDO MISSÃO,,14,280002540694,RENAN ANTONIO FERREIRA DOS SANTOS,RENAN SANTOS,14/02/1984,4,Válido,nao,,236,1.38,1.376173538,AROLDO MEDINA,CORONEL MEDINA,MISSÃO,v,,,,,04/10/2026 20:20:40,sim
1,04/10/2026,6257,Presidente,1,municipio,PB,20672,2508307,LAGOA SECA,,,,,PARTIDO DA CAUSA OPERÁRIA,i,PCO,0,29,PCO,PARTIDO DA CAUSA OPERÁRIA,,29,280002552487,RUI COSTA PIMENTA,RUI COSTA PIMENTA,25/06/1957,12,Válido,nao,,1,0.01,0.005831244,ANTONIO CARLOS SILVA,ANTÔNIO CARLOS,PCO,v,,,,,04/10/2026 20:20:40,sim
1,04/10/2026,6257,Presidente,1,municipio,PB,20699,2508406,LASTRO,,,,,PARTIDO LIBERAL,i,PL,0,22,PL,PARTIDO LIBERAL,,22,280002551544,FLAVIO NANTES BOLSONARO,FLAVIO BOLSONARO,30/04/1981,1,Válido,nao,,717,20.69,20.686670514,ALFREDO GASPAR DE MENDONÇA NETO,ALFREDO GASPAR,PL,v,,,,,04/10/2026 18:47:46,sim
1,04/10/2026,6257,Presidente,1,municipio,PB,20699,2508406,LASTRO,,,,,PARTIDO SOCIAL DEMOCRÁTICO,i,PSD,0,55,PSD,PARTIDO SOCIAL DEMOCRÁTICO,,55,280002551932,RONALDO RAMOS CAIADO,RONALDO CAIADO,25/09/1949,4,Válido,nao,,21,0.61,0.605885747,GILBERTO KASSAB,GILBERTO KASSAB,PSD,v,,,,,04/10/2026 18:47:46,sim
1,04/10/2026,6257,Presidente,1,municipio,PB,20699,2508406,LASTRO,,PT/PC do B/PV,FEDERAÇÃO BRASIL DA ESPERANÇA - FE BRASIL,PT/PC do B/PV,BRASIL PRONTO PRA MAIS,c,PSB / PDT / PCDOB / PT / PV / PSOL / REDE,,13,PT,PARTIDO DOS TRABALHADORES,101,13,280002542548,LUIZ INÁCIO LULA DA SILVA,LULA,06/10/1945,2,Válido,nao,,2619,75.56,75.562608194,GERALDO JOSE RODRIGUES ALCKMIN FILHO,GERALDO ALCKMIN,PSB,v,,,,,04/10/2026 18:47:46,sim
1,04/10/2026,6257,Presidente,1,municipio,PB,20699,2508406,LASTRO,,,,,DEMOCRACIA CRISTÃ,i,DC,0,27,DC,DEMOCRACIA CRISTÃ,,27,280002552484,CLARIANA ZACARKIM BARAO,CLARIANA BARAO,03/04/1987,9,Válido,nao,,0,0.00,0,FABIANA CRISTINA TAVARES TORQUATO,FABIANA TORQUATO,DC,v,,,,,04/10/2026 18:47:46,sim
1,04/10/2026,6257,Presidente,1,municipio,PB,20699,2508406,LASTRO,,,,,PARTIDO COMUNISTA BRASILEIRO,i,PCB,0,21,PCB,PARTIDO COMUNISTA BRASILEIRO,,21,280002551975,EDMILSON SILVA COSTA,EDMILSON COSTA,08/04/1950,10,Válido,nao,,1,0.03,0.028851702,CLEUSA DOS SANTOS,CLEUSA SANTOS,PCB,v,,,,,04/10/2026 18:47:46,sim
1,04/10/2026,6257,Presidente,1,municipio,PB,20699,2508406,LASTRO,,,,,PARTIDO SOCIALISTA  DOS TRABALHADORES UNIFICADO,i,PSTU,0,16,PSTU,PARTIDO SOCIALISTA  DOS TRABALHADORES UNIFICADO,,16,280002541457,HERTZ DA CONCEICAO DIAS,HERTZ DIAS,20/10/1970,8,Válido,nao,,1,0.03,0.028851702,VANESSA PORTUGAL BARBOSA,VANESSA PORTUGAL,PSTU,v,,,,,04/10/2026 18:47:46,sim
1,04/10/2026,6257,Presidente,1,municipio,PB,20699,2508406,LASTRO,,,,,BRASIL DOS NOSSOS SONHOS,c,AGIR / AVANTE,,70,AVANTE,AVANTE,,70,280002551547,AUGUSTO JORGE CURY,ESCRITOR AUGUSTO CURY,02/10/1958,3,Válido,nao,,63,1.82,1.817657242,JULIO CESAR DELGADO,JÚLIO DELGADO,AVANTE,v,,,,,04/10/2026 18:47:46,sim
1,04/10/2026,6257,Presidente,1,municipio,PB,20699,2508406,LASTRO,,,,,PARTIDO NOVO,i,NOVO,0,30,NOVO,PARTIDO NOVO,,30,280002539826,ROMEU ZEMA NETO,ZEMA,28/10/1964,6,Válido,nao,,4,0.12,0.115406809,LUIS EDUARDO GRANGEIRO GIRÃO,EDUARDO GIRÃO,NOVO,v,,,,,04/10/2026 18:47:46,sim
1,04/10/2026,6257,Presidente,1,municipio,PB,20699,2508406,LASTRO,,,,,UNIDADE POPULAR,i,UP,0,80,UP,UNIDADE POPULAR,,80,280002538811,SAMARA MARTINS DA SILVA FEITOSA,SAMARA,31/08/1987,7,Válido,nao,,0,0.00,0,RAQUEL NONATO DE BRICIO,RAQUEL BRÍCIO,UP,v,,,,,04/10/2026 18:47:46,sim
1,04/10/2026,6257,Presidente,1,municipio,PB,20699,2508406,LASTRO,,,,,DEMOCRATA,i,DEMOCRATA,0,35,DEMOCRATA,DEMOCRATA,,35,280002548139,WILSON GRASSI JUNIOR,VETERINÁRIO WILSON GRASSI,13/03/1970,11,Válido,nao,,0,0.00,0,SUÊD HAIDAR NOGUEIRA,SUÊD HAIDAR,DEMOCRATA,v,,,,,04/10/2026 18:47:46,sim
1,04/10/2026,6257,Presidente,1,municipio,PB,20699,2508406,LASTRO,,,,,PARTIDO MISSÃO,i,MISSÃO,0,14,MISSÃO,PARTIDO MISSÃO,,14,280002540694,RENAN ANTONIO FERREIRA DOS SANTOS,RENAN SANTOS,14/02/1984,5,Válido,nao,,39,1.13,1.125216388,AROLDO MEDINA,CORONEL MEDINA,MISSÃO,v,,,,,04/10/2026 18:47:46,sim
1,04/10/2026,6257,Presidente,1,municipio,PB,20699,2508406,LASTRO,,,,,PARTIDO DA CAUSA OPERÁRIA,i,PCO,0,29,PCO,PARTIDO DA CAUSA OPERÁRIA,,29,280002552487,RUI COSTA PIMENTA,RUI COSTA PIMENTA,25/06/1957,12,Válido,nao,,1,0.03,0.028851702,ANTONIO CARLOS SILVA,ANTÔNIO CARLOS,PCO,v,,,,,04/10/2026 18:47:46,sim
1,04/10/2026,6257,Presidente,1,municipio,PB,20710,2508505,LIVRAMENTO,,,,,PARTIDO LIBERAL,i,PL,0,22,PL,PARTIDO LIBERAL,,22,280002551544,FLAVIO NANTES BOLSONARO,FLAVIO BOLSONARO,30/04/1981,1,Válido,nao,,1034,23.52,23.521383076,ALFREDO GASPAR DE MENDONÇA NETO,ALFREDO GASPAR,PL,v,,,,,04/10/2026 18:26:24,sim
1,04/10/2026,6257,Presidente,1,municipio,PB,20710,2508505,LIVRAMENTO,,,,,PARTIDO SOCIAL DEMOCRÁTICO,i,PSD,0,55,PSD,PARTIDO SOCIAL DEMOCRÁTICO,,55,280002551932,RONALDO RAMOS CAIADO,RONALDO CAIADO,25/09/1949,4,Válido,nao,,27,0.61,0.614194722,GILBERTO KASSAB,GILBERTO KASSAB,PSD,v,,,,,04/10/2026 18:26:24,sim
1,04/10/2026,6257,Presidente,1,municipio,PB,20710,2508505,LIVRAMENTO,,PT/PC do B/PV,FEDERAÇÃO BRASIL DA ESPERANÇA - FE BRASIL,PT/PC do B/PV,BRASIL PRONTO PRA MAIS,c,PSB / PDT / PCDOB / PT / PV / PSOL / REDE,,13,PT,PARTIDO DOS TRABALHADORES,101,13,280002542548,LUIZ INÁCIO LULA DA SILVA,LULA,06/10/1945,2,Válido,nao,,3164,71.97,71.974522293,GERALDO JOSE RODRIGUES ALCKMIN FILHO,GERALDO ALCKMIN,PSB,v,,,,,04/10/2026 18:26:24,sim
1,04/10/2026,6257,Presidente,1,municipio,PB,20710,2508505,LIVRAMENTO,,,,,DEMOCRACIA CRISTÃ,i,DC,0,27,DC,DEMOCRACIA CRISTÃ,,27,280002552484,CLARIANA ZACARKIM BARAO,CLARIANA BARAO,03/04/1987,8,Válido,nao,,0,0.00,0,FABIANA CRISTINA TAVARES TORQUATO,FABIANA TORQUATO,DC,v,,,,,04/10/2026 18:26:24,sim
1,04/10/2026,6257,Presidente,1,municipio,PB,20710,2508505,LIVRAMENTO,,,,,PARTIDO COMUNISTA BRASILEIRO,i,PCB,0,21,PCB,PARTIDO COMUNISTA BRASILEIRO,,21,280002551975,EDMILSON SILVA COSTA,EDMILSON COSTA,08/04/1950,10,Válido,nao,,0,0.00,0,CLEUSA DOS SANTOS,CLEUSA SANTOS,PCB,v,,,,,04/10/2026 18:26:24,sim
1,04/10/2026,6257,Presidente,1,municipio,PB,20710,2508505,LIVRAMENTO,,,,,PARTIDO SOCIALISTA  DOS TRABALHADORES UNIFICADO,i,PSTU,0,16,PSTU,PARTIDO SOCIALISTA  DOS TRABALHADORES UNIFICADO,,16,280002541457,HERTZ DA CONCEICAO DIAS,HERTZ DIAS,20/10/1970,9,Válido,nao,,2,0.05,0.045495905,VANESSA PORTUGAL BARBOSA,VANESSA PORTUGAL,PSTU,v,,,,,04/10/2026 18:26:24,sim
1,04/10/2026,6257,Presidente,1,municipio,PB,20710,2508505,LIVRAMENTO,,,,,BRASIL DOS NOSSOS SONHOS,c,AGIR / AVANTE,,70,AVANTE,AVANTE,,70,280002551547,AUGUSTO JORGE CURY,ESCRITOR AUGUSTO CURY,02/10/1958,3,Válido,nao,,128,2.91,2.911737944,JULIO CESAR DELGADO,JÚLIO DELGADO,AVANTE,v,,,,,04/10/2026 18:26:24,sim
1,04/10/2026,6257,Presidente,1,municipio,PB,20710,2508505,LIVRAMENTO,,,,,PARTIDO NOVO,i,NOVO,0,30,NOVO,PARTIDO NOVO,,30,280002539826,ROMEU ZEMA NETO,ZEMA,28/10/1964,6,Válido,nao,,2,0.05,0.045495905,LUIS EDUARDO GRANGEIRO GIRÃO,EDUARDO GIRÃO,NOVO,v,,,,,04/10/2026 18:26:24,sim
1,04/10/2026,6257,Presidente,1,municipio,PB,20710,2508505,LIVRAMENTO,,,,,UNIDADE POPULAR,i,UP,0,80,UP,UNIDADE POPULAR,,80,280002538811,SAMARA MARTINS DA SILVA FEITOSA,SAMARA,31/08/1987,7,Válido,nao,,0,0.00,0,RAQUEL NONATO DE BRICIO,RAQUEL BRÍCIO,UP,v,,,,,04/10/2026 18:26:24,sim
1,04/10/2026,6257,Presidente,1,municipio,PB,20710,2508505,LIVRAMENTO,,,,,DEMOCRATA,i,DEMOCRATA,0,35,DEMOCRATA,DEMOCRATA,,35,280002548139,WILSON GRASSI JUNIOR,VETERINÁRIO WILSON GRASSI,13/03/1970,11,Válido,nao,,0,0.00,0,SUÊD HAIDAR NOGUEIRA,SUÊD HAIDAR,DEMOCRATA,v,,,,,04/10/2026 18:26:24,sim
1,04/10/2026,6257,Presidente,1,municipio,PB,20710,2508505,LIVRAMENTO,,,,,PARTIDO MISSÃO,i,MISSÃO,0,14,MISSÃO,PARTIDO MISSÃO,,14,280002540694,RENAN ANTONIO FERREIRA DOS SANTOS,RENAN SANTOS,14/02/1984,5,Válido,nao,,39,0.89,0.887170155,AROLDO MEDINA,CORONEL MEDINA,MISSÃO,v,,,,,04/10/2026 18:26:24,sim
1,04/10/2026,6257,Presidente,1,municipio,PB,20710,2508505,LIVRAMENTO,,,,,PARTIDO DA CAUSA OPERÁRIA,i,PCO,0,29,PCO,PARTIDO DA CAUSA OPERÁRIA,,29,280002552487,RUI COSTA PIMENTA,RUI COSTA PIMENTA,25/06/1957,12,Válido,nao,,0,0.00,0,ANTONIO CARLOS SILVA,ANTÔNIO CARLOS,PCO,v,,,,,04/10/2026 18:26:24,sim
1,04/10/2026,6257,Presidente,1,municipio,PB,20737,2508604,LUCENA,,,,,PARTIDO LIBERAL,i,PL,0,22,PL,PARTIDO LIBERAL,,22,280002551544,FLAVIO NANTES BOLSONARO,FLAVIO BOLSONARO,30/04/1981,1,Válido,nao,,3248,32.90,32.897802086,ALFREDO GASPAR DE MENDONÇA NETO,ALFREDO GASPAR,PL,v,,,,,04/10/2026 19:12:59,sim
1,04/10/2026,6257,Presidente,1,municipio,PB,20737,2508604,LUCENA,,,,,PARTIDO SOCIAL DEMOCRÁTICO,i,PSD,0,55,PSD,PARTIDO SOCIAL DEMOCRÁTICO,,55,280002551932,RONALDO RAMOS CAIADO,RONALDO CAIADO,25/09/1949,5,Válido,nao,,68,0.69,0.688747088,GILBERTO KASSAB,GILBERTO KASSAB,PSD,v,,,,,04/10/2026 19:12:59,sim
1,04/10/2026,6257,Presidente,1,municipio,PB,20737,2508604,LUCENA,,PT/PC do B/PV,FEDERAÇÃO BRASIL DA ESPERANÇA - FE BRASIL,PT/PC do B/PV,BRASIL PRONTO PRA MAIS,c,PSB / PDT / PCDOB / PT / PV / PSOL / REDE,,13,PT,PARTIDO DOS TRABALHADORES,101,13,280002542548,LUIZ INÁCIO LULA DA SILVA,LULA,06/10/1945,2,Válido,nao,,6131,62.10,62.098652892,GERALDO JOSE RODRIGUES ALCKMIN FILHO,GERALDO ALCKMIN,PSB,v,,,,,04/10/2026 19:12:59,sim
1,04/10/2026,6257,Presidente,1,municipio,PB,20737,2508604,LUCENA,,,,,PARTIDO SOCIALISTA  DOS TRABALHADORES UNIFICADO,i,PSTU,0,16,PSTU,PARTIDO SOCIALISTA  DOS TRABALHADORES UNIFICADO,,16,280002541457,HERTZ DA CONCEICAO DIAS,HERTZ DIAS,20/10/1970,8,Válido,nao,,0,0.00,0,VANESSA PORTUGAL BARBOSA,VANESSA PORTUGAL,PSTU,v,,,,,04/10/2026 19:12:59,sim
1,04/10/2026,6257,Presidente,1,municipio,PB,20737,2508604,LUCENA,,,,,PARTIDO COMUNISTA BRASILEIRO,i,PCB,0,21,PCB,PARTIDO COMUNISTA BRASILEIRO,,21,280002551975,EDMILSON SILVA COSTA,EDMILSON COSTA,08/04/1950,10,Válido,nao,,0,0.00,0,CLEUSA DOS SANTOS,CLEUSA SANTOS,PCB,v,,,,,04/10/2026 19:12:59,sim
1,04/10/2026,6257,Presidente,1,municipio,PB,20737,2508604,LUCENA,,,,,DEMOCRACIA CRISTÃ,i,DC,0,27,DC,DEMOCRACIA CRISTÃ,,27,280002552484,CLARIANA ZACARKIM BARAO,CLARIANA BARAO,03/04/1987,9,Válido,nao,,6,0.06,0.060771802,FABIANA CRISTINA TAVARES TORQUATO,FABIANA TORQUATO,DC,v,,,,,04/10/2026 19:12:59,sim
1,04/10/2026,6257,Presidente,1,municipio,PB,20737,2508604,LUCENA,,,,,PARTIDO NOVO,i,NOVO,0,30,NOVO,PARTIDO NOVO,,30,280002539826,ROMEU ZEMA NETO,ZEMA,28/10/1964,6,Válido,nao,,5,0.05,0.050643168,LUIS EDUARDO GRANGEIRO GIRÃO,EDUARDO GIRÃO,NOVO,v,,,,,04/10/2026 19:12:59,sim
1,04/10/2026,6257,Presidente,1,municipio,PB,20737,2508604,LUCENA,,,,,BRASIL DOS NOSSOS SONHOS,c,AGIR / AVANTE,,70,AVANTE,AVANTE,,70,280002551547,AUGUSTO JORGE CURY,ESCRITOR AUGUSTO CURY,02/10/1958,3,Válido,nao,,265,2.68,2.684087917,JULIO CESAR DELGADO,JÚLIO DELGADO,AVANTE,v,,,,,04/10/2026 19:12:59,sim
1,04/10/2026,6257,Presidente,1,municipio,PB,20737,2508604,LUCENA,,,,,DEMOCRATA,i,DEMOCRATA,0,35,DEMOCRATA,DEMOCRATA,,35,280002548139,WILSON GRASSI JUNIOR,VETERINÁRIO WILSON GRASSI,13/03/1970,11,Válido,nao,,0,0.00,0,SUÊD HAIDAR NOGUEIRA,SUÊD HAIDAR,DEMOCRATA,v,,,,,04/10/2026 19:12:59,sim
1,04/10/2026,6257,Presidente,1,municipio,PB,20737,2508604,LUCENA,,,,,UNIDADE POPULAR,i,UP,0,80,UP,UNIDADE POPULAR,,80,280002538811,SAMARA MARTINS DA SILVA FEITOSA,SAMARA,31/08/1987,7,Válido,nao,,8,0.08,0.081029069,RAQUEL NONATO DE BRICIO,RAQUEL BRÍCIO,UP,v,,,,,04/10/2026 19:12:59,sim
1,04/10/2026,6257,Presidente,1,municipio,PB,20737,2508604,LUCENA,,,,,PARTIDO MISSÃO,i,MISSÃO,0,14,MISSÃO,PARTIDO MISSÃO,,14,280002540694,RENAN ANTONIO FERREIRA DOS SANTOS,RENAN SANTOS,14/02/1984,4,Válido,nao,,142,1.44,1.438265978,AROLDO MEDINA,CORONEL MEDINA,MISSÃO,v,,,,,04/10/2026 19:12:59,sim
1,04/10/2026,6257,Presidente,1,municipio,PB,20737,2508604,LUCENA,,,,,PARTIDO DA CAUSA OPERÁRIA,i,PCO,0,29,PCO,PARTIDO DA CAUSA OPERÁRIA,,29,280002552487,RUI COSTA PIMENTA,RUI COSTA PIMENTA,25/06/1957,12,Válido,nao,,0,0.00,0,ANTONIO CARLOS SILVA,ANTÔNIO CARLOS,PCO,v,,,,,04/10/2026 19:12:59,sim
1,04/10/2026,6257,Presidente,1,municipio,PB,20753,2508703,MÃE D'ÁGUA,,,,,PARTIDO LIBERAL,i,PL,0,22,PL,PARTIDO LIBERAL,,22,280002551544,FLAVIO NANTES BOLSONARO,FLAVIO BOLSONARO,30/04/1981,1,Válido,nao,,634,20.59,20.591101007,ALFREDO GASPAR DE MENDONÇA NETO,ALFREDO GASPAR,PL,v,,,,,04/10/2026 17:49:28,sim
1,04/10/2026,6257,Presidente,1,municipio,PB,20753,2508703,MÃE D'ÁGUA,,,,,PARTIDO SOCIAL DEMOCRÁTICO,i,PSD,0,55,PSD,PARTIDO SOCIAL DEMOCRÁTICO,,55,280002551932,RONALDO RAMOS CAIADO,RONALDO CAIADO,25/09/1949,4,Válido,nao,,15,0.49,0.487171159,GILBERTO KASSAB,GILBERTO KASSAB,PSD,v,,,,,04/10/2026 17:49:28,sim
1,04/10/2026,6257,Presidente,1,municipio,PB,20753,2508703,MÃE D'ÁGUA,,PT/PC do B/PV,FEDERAÇÃO BRASIL DA ESPERANÇA - FE BRASIL,PT/PC do B/PV,BRASIL PRONTO PRA MAIS,c,PSB / PDT / PCDOB / PT / PV / PSOL / REDE,,13,PT,PARTIDO DOS TRABALHADORES,101,13,280002542548,LUIZ INÁCIO LULA DA SILVA,LULA,06/10/1945,2,Válido,nao,,2314,75.15,75.154270867,GERALDO JOSE RODRIGUES ALCKMIN FILHO,GERALDO ALCKMIN,PSB,v,,,,,04/10/2026 17:49:28,sim
1,04/10/2026,6257,Presidente,1,municipio,PB,20753,2508703,MÃE D'ÁGUA,,,,,DEMOCRACIA CRISTÃ,i,DC,0,27,DC,DEMOCRACIA CRISTÃ,,27,280002552484,CLARIANA ZACARKIM BARAO,CLARIANA BARAO,03/04/1987,8,Válido,nao,,0,0.00,0,FABIANA CRISTINA TAVARES TORQUATO,FABIANA TORQUATO,DC,v,,,,,04/10/2026 17:49:28,sim
1,04/10/2026,6257,Presidente,1,municipio,PB,20753,2508703,MÃE D'ÁGUA,,,,,PARTIDO COMUNISTA BRASILEIRO,i,PCB,0,21,PCB,PARTIDO COMUNISTA BRASILEIRO,,21,280002551975,EDMILSON SILVA COSTA,EDMILSON COSTA,08/04/1950,10,Válido,nao,,1,0.03,0.032478077,CLEUSA DOS SANTOS,CLEUSA SANTOS,PCB,v,,,,,04/10/2026 17:49:28,sim
1,04/10/2026,6257,Presidente,1,municipio,PB,20753,2508703,MÃE D'ÁGUA,,,,,PARTIDO SOCIALISTA  DOS TRABALHADORES UNIFICADO,i,PSTU,0,16,PSTU,PARTIDO SOCIALISTA  DOS TRABALHADORES UNIFICADO,,16,280002541457,HERTZ DA CONCEICAO DIAS,HERTZ DIAS,20/10/1970,9,Válido,nao,,1,0.03,0.032478077,VANESSA PORTUGAL BARBOSA,VANESSA PORTUGAL,PSTU,v,,,,,04/10/2026 17:49:28,sim
1,04/10/2026,6257,Presidente,1,municipio,PB,20753,2508703,MÃE D'ÁGUA,,,,,BRASIL DOS NOSSOS SONHOS,c,AGIR / AVANTE,,70,AVANTE,AVANTE,,70,280002551547,AUGUSTO JORGE CURY,ESCRITOR AUGUSTO CURY,02/10/1958,3,Válido,nao,,78,2.53,2.533290029,JULIO CESAR DELGADO,JÚLIO DELGADO,AVANTE,v,,,,,04/10/2026 17:49:28,sim
1,04/10/2026,6257,Presidente,1,municipio,PB,20753,2508703,MÃE D'ÁGUA,,,,,PARTIDO NOVO,i,NOVO,0,30,NOVO,PARTIDO NOVO,,30,280002539826,ROMEU ZEMA NETO,ZEMA,28/10/1964,6,Válido,nao,,1,0.03,0.032478077,LUIS EDUARDO GRANGEIRO GIRÃO,EDUARDO GIRÃO,NOVO,v,,,,,04/10/2026 17:49:28,sim
1,04/10/2026,6257,Presidente,1,municipio,PB,20753,2508703,MÃE D'ÁGUA,,,,,UNIDADE POPULAR,i,UP,0,80,UP,UNIDADE POPULAR,,80,280002538811,SAMARA MARTINS DA SILVA FEITOSA,SAMARA,31/08/1987,7,Válido,nao,,1,0.03,0.032478077,RAQUEL NONATO DE BRICIO,RAQUEL BRÍCIO,UP,v,,,,,04/10/2026 17:49:28,sim
1,04/10/2026,6257,Presidente,1,municipio,PB,20753,2508703,MÃE D'ÁGUA,,,,,DEMOCRATA,i,DEMOCRATA,0,35,DEMOCRATA,DEMOCRATA,,35,280002548139,WILSON GRASSI JUNIOR,VETERINÁRIO WILSON GRASSI,13/03/1970,11,Válido,nao,,0,0.00,0,SUÊD HAIDAR NOGUEIRA,SUÊD HAIDAR,DEMOCRATA,v,,,,,04/10/2026 17:49:28,sim
1,04/10/2026,6257,Presidente,1,municipio,PB,20753,2508703,MÃE D'ÁGUA,,,,,PARTIDO MISSÃO,i,MISSÃO,0,14,MISSÃO,PARTIDO MISSÃO,,14,280002540694,RENAN ANTONIO FERREIRA DOS SANTOS,RENAN SANTOS,14/02/1984,5,Válido,nao,,34,1.10,1.104254628,AROLDO MEDINA,CORONEL MEDINA,MISSÃO,v,,,,,04/10/2026 17:49:28,sim
1,04/10/2026,6257,Presidente,1,municipio,PB,20753,2508703,MÃE D'ÁGUA,,,,,PARTIDO DA CAUSA OPERÁRIA,i,PCO,0,29,PCO,PARTIDO DA CAUSA OPERÁRIA,,29,280002552487,RUI COSTA PIMENTA,RUI COSTA PIMENTA,25/06/1957,12,Válido,nao,,0,0.00,0,ANTONIO CARLOS SILVA,ANTÔNIO CARLOS,PCO,v,,,,,04/10/2026 17:49:28,sim
1,04/10/2026,6257,Presidente,1,municipio,PB,20770,2508802,MALTA,,,,,PARTIDO LIBERAL,i,PL,0,22,PL,PARTIDO LIBERAL,,22,280002551544,FLAVIO NANTES BOLSONARO,FLAVIO BOLSONARO,30/04/1981,1,Válido,nao,,686,17.24,17.240512692,ALFREDO GASPAR DE MENDONÇA NETO,ALFREDO GASPAR,PL,v,,,,,04/10/2026 18:21:55,sim
1,04/10/2026,6257,Presidente,1,municipio,PB,20770,2508802,MALTA,,,,,PARTIDO SOCIAL DEMOCRÁTICO,i,PSD,0,55,PSD,PARTIDO SOCIAL DEMOCRÁTICO,,55,280002551932,RONALDO RAMOS CAIADO,RONALDO CAIADO,25/09/1949,4,Válido,nao,,19,0.48,0.477506911,GILBERTO KASSAB,GILBERTO KASSAB,PSD,v,,,,,04/10/2026 18:21:55,sim
1,04/10/2026,6257,Presidente,1,municipio,PB,20770,2508802,MALTA,,PT/PC do B/PV,FEDERAÇÃO BRASIL DA ESPERANÇA - FE BRASIL,PT/PC do B/PV,BRASIL PRONTO PRA MAIS,c,PSB / PDT / PCDOB / PT / PV / PSOL / REDE,,13,PT,PARTIDO DOS TRABALHADORES,101,13,280002542548,LUIZ INÁCIO LULA DA SILVA,LULA,06/10/1945,2,Válido,nao,,3150,79.17,79.165619502,GERALDO JOSE RODRIGUES ALCKMIN FILHO,GERALDO ALCKMIN,PSB,v,,,,,04/10/2026 18:21:55,sim
1,04/10/2026,6257,Presidente,1,municipio,PB,20770,2508802,MALTA,,,,,DEMOCRACIA CRISTÃ,i,DC,0,27,DC,DEMOCRACIA CRISTÃ,,27,280002552484,CLARIANA ZACARKIM BARAO,CLARIANA BARAO,03/04/1987,8,Válido,nao,,2,0.05,0.050263885,FABIANA CRISTINA TAVARES TORQUATO,FABIANA TORQUATO,DC,v,,,,,04/10/2026 18:21:55,sim
1,04/10/2026,6257,Presidente,1,municipio,PB,20770,2508802,MALTA,,,,,PARTIDO COMUNISTA BRASILEIRO,i,PCB,0,21,PCB,PARTIDO COMUNISTA BRASILEIRO,,21,280002551975,EDMILSON SILVA COSTA,EDMILSON COSTA,08/04/1950,10,Válido,nao,,0,0.00,0,CLEUSA DOS SANTOS,CLEUSA SANTOS,PCB,v,,,,,04/10/2026 18:21:55,sim
1,04/10/2026,6257,Presidente,1,municipio,PB,20770,2508802,MALTA,,,,,PARTIDO SOCIALISTA  DOS TRABALHADORES UNIFICADO,i,PSTU,0,16,PSTU,PARTIDO SOCIALISTA  DOS TRABALHADORES UNIFICADO,,16,280002541457,HERTZ DA CONCEICAO DIAS,HERTZ DIAS,20/10/1970,9,Válido,nao,,0,0.00,0,VANESSA PORTUGAL BARBOSA,VANESSA PORTUGAL,PSTU,v,,,,,04/10/2026 18:21:55,sim
1,04/10/2026,6257,Presidente,1,municipio,PB,20770,2508802,MALTA,,,,,BRASIL DOS NOSSOS SONHOS,c,AGIR / AVANTE,,70,AVANTE,AVANTE,,70,280002551547,AUGUSTO JORGE CURY,ESCRITOR AUGUSTO CURY,02/10/1958,3,Válido,nao,,70,1.76,1.759235989,JULIO CESAR DELGADO,JÚLIO DELGADO,AVANTE,v,,,,,04/10/2026 18:21:55,sim
1,04/10/2026,6257,Presidente,1,municipio,PB,20770,2508802,MALTA,,,,,PARTIDO NOVO,i,NOVO,0,30,NOVO,PARTIDO NOVO,,30,280002539826,ROMEU ZEMA NETO,ZEMA,28/10/1964,6,Válido,nao,,2,0.05,0.050263885,LUIS EDUARDO GRANGEIRO GIRÃO,EDUARDO GIRÃO,NOVO,v,,,,,04/10/2026 18:21:55,sim
1,04/10/2026,6257,Presidente,1,municipio,PB,20770,2508802,MALTA,,,,,UNIDADE POPULAR,i,UP,0,80,UP,UNIDADE POPULAR,,80,280002538811,SAMARA MARTINS DA SILVA FEITOSA,SAMARA,31/08/1987,7,Válido,nao,,0,0.00,0,RAQUEL NONATO DE BRICIO,RAQUEL BRÍCIO,UP,v,,,,,04/10/2026 18:21:55,sim
1,04/10/2026,6257,Presidente,1,municipio,PB,20770,2508802,MALTA,,,,,DEMOCRATA,i,DEMOCRATA,0,35,DEMOCRATA,DEMOCRATA,,35,280002548139,WILSON GRASSI JUNIOR,VETERINÁRIO WILSON GRASSI,13/03/1970,11,Válido,nao,,0,0.00,0,SUÊD HAIDAR NOGUEIRA,SUÊD HAIDAR,DEMOCRATA,v,,,,,04/10/2026 18:21:55,sim
1,04/10/2026,6257,Presidente,1,municipio,PB,20770,2508802,MALTA,,,,,PARTIDO MISSÃO,i,MISSÃO,0,14,MISSÃO,PARTIDO MISSÃO,,14,280002540694,RENAN ANTONIO FERREIRA DOS SANTOS,RENAN SANTOS,14/02/1984,5,Válido,nao,,50,1.26,1.256597135,AROLDO MEDINA,CORONEL MEDINA,MISSÃO,v,,,,,04/10/2026 18:21:55,sim
1,04/10/2026,6257,Presidente,1,municipio,PB,20770,2508802,MALTA,,,,,PARTIDO DA CAUSA OPERÁRIA,i,PCO,0,29,PCO,PARTIDO DA CAUSA OPERÁRIA,,29,280002552487,RUI COSTA PIMENTA,RUI COSTA PIMENTA,25/06/1957,12,Válido,nao,,0,0.00,0,ANTONIO CARLOS SILVA,ANTÔNIO CARLOS,PCO,v,,,,,04/10/2026 18:21:55,sim
1,04/10/2026,6257,Presidente,1,municipio,PB,20796,2508901,MAMANGUAPE,,,,,PARTIDO LIBERAL,i,PL,0,22,PL,PARTIDO LIBERAL,,22,280002551544,FLAVIO NANTES BOLSONARO,FLAVIO BOLSONARO,30/04/1981,1,Válido,nao,,9234,35.40,35.399654974,ALFREDO GASPAR DE MENDONÇA NETO,ALFREDO GASPAR,PL,v,,,,,04/10/2026 19:08:10,sim
1,04/10/2026,6257,Presidente,1,municipio,PB,20796,2508901,MAMANGUAPE,,,,,PARTIDO SOCIAL DEMOCRÁTICO,i,PSD,0,55,PSD,PARTIDO SOCIAL DEMOCRÁTICO,,55,280002551932,RONALDO RAMOS CAIADO,RONALDO CAIADO,25/09/1949,4,Válido,nao,,179,0.69,0.686218133,GILBERTO KASSAB,GILBERTO KASSAB,PSD,v,,,,,04/10/2026 19:08:10,sim
1,04/10/2026,6257,Presidente,1,municipio,PB,20796,2508901,MAMANGUAPE,,PT/PC do B/PV,FEDERAÇÃO BRASIL DA ESPERANÇA - FE BRASIL,PT/PC do B/PV,BRASIL PRONTO PRA MAIS,c,PSB / PDT / PCDOB / PT / PV / PSOL / REDE,,13,PT,PARTIDO DOS TRABALHADORES,101,13,280002542548,LUIZ INÁCIO LULA DA SILVA,LULA,06/10/1945,2,Válido,nao,,15315,58.71,58.711903393,GERALDO JOSE RODRIGUES ALCKMIN FILHO,GERALDO ALCKMIN,PSB,v,,,,,04/10/2026 19:08:10,sim
1,04/10/2026,6257,Presidente,1,municipio,PB,20796,2508901,MAMANGUAPE,,,,,DEMOCRACIA CRISTÃ,i,DC,0,27,DC,DEMOCRACIA CRISTÃ,,27,280002552484,CLARIANA ZACARKIM BARAO,CLARIANA BARAO,03/04/1987,9,Válido,nao,,11,0.04,0.042169829,FABIANA CRISTINA TAVARES TORQUATO,FABIANA TORQUATO,DC,v,,,,,04/10/2026 19:08:10,sim
1,04/10/2026,6257,Presidente,1,municipio,PB,20796,2508901,MAMANGUAPE,,,,,PARTIDO COMUNISTA BRASILEIRO,i,PCB,0,21,PCB,PARTIDO COMUNISTA BRASILEIRO,,21,280002551975,EDMILSON SILVA COSTA,EDMILSON COSTA,08/04/1950,10,Válido,nao,,3,0.01,0.011500863,CLEUSA DOS SANTOS,CLEUSA SANTOS,PCB,v,,,,,04/10/2026 19:08:10,sim
1,04/10/2026,6257,Presidente,1,municipio,PB,20796,2508901,MAMANGUAPE,,,,,PARTIDO SOCIALISTA  DOS TRABALHADORES UNIFICADO,i,PSTU,0,16,PSTU,PARTIDO SOCIALISTA  DOS TRABALHADORES UNIFICADO,,16,280002541457,HERTZ DA CONCEICAO DIAS,HERTZ DIAS,20/10/1970,8,Válido,nao,,3,0.01,0.011500863,VANESSA PORTUGAL BARBOSA,VANESSA PORTUGAL,PSTU,v,,,,,04/10/2026 19:08:10,sim
1,04/10/2026,6257,Presidente,1,municipio,PB,20796,2508901,MAMANGUAPE,,,,,BRASIL DOS NOSSOS SONHOS,c,AGIR / AVANTE,,70,AVANTE,AVANTE,,70,280002551547,AUGUSTO JORGE CURY,ESCRITOR AUGUSTO CURY,02/10/1958,3,Válido,nao,,855,3.28,3.277745831,JULIO CESAR DELGADO,JÚLIO DELGADO,AVANTE,v,,,,,04/10/2026 19:08:10,sim
1,04/10/2026,6257,Presidente,1,municipio,PB,20796,2508901,MAMANGUAPE,,,,,PARTIDO NOVO,i,NOVO,0,30,NOVO,PARTIDO NOVO,,30,280002539826,ROMEU ZEMA NETO,ZEMA,28/10/1964,6,Válido,nao,,10,0.04,0.038336209,LUIS EDUARDO GRANGEIRO GIRÃO,EDUARDO GIRÃO,NOVO,v,,,,,04/10/2026 19:08:10,sim
1,04/10/2026,6257,Presidente,1,municipio,PB,20796,2508901,MAMANGUAPE,,,,,UNIDADE POPULAR,i,UP,0,80,UP,UNIDADE POPULAR,,80,280002538811,SAMARA MARTINS DA SILVA FEITOSA,SAMARA,31/08/1987,7,Válido,nao,,3,0.01,0.011500863,RAQUEL NONATO DE BRICIO,RAQUEL BRÍCIO,UP,v,,,,,04/10/2026 19:08:10,sim
1,04/10/2026,6257,Presidente,1,municipio,PB,20796,2508901,MAMANGUAPE,,,,,DEMOCRATA,i,DEMOCRATA,0,35,DEMOCRATA,DEMOCRATA,,35,280002548139,WILSON GRASSI JUNIOR,VETERINÁRIO WILSON GRASSI,13/03/1970,11,Válido,nao,,4,0.02,0.015334483,SUÊD HAIDAR NOGUEIRA,SUÊD HAIDAR,DEMOCRATA,v,,,,,04/10/2026 19:08:10,sim
1,04/10/2026,6257,Presidente,1,municipio,PB,20796,2508901,MAMANGUAPE,,,,,PARTIDO MISSÃO,i,MISSÃO,0,14,MISSÃO,PARTIDO MISSÃO,,14,280002540694,RENAN ANTONIO FERREIRA DOS SANTOS,RENAN SANTOS,14/02/1984,5,Válido,nao,,468,1.79,1.794134560,AROLDO MEDINA,CORONEL MEDINA,MISSÃO,v,,,,,04/10/2026 19:08:10,sim
1,04/10/2026,6257,Presidente,1,municipio,PB,20796,2508901,MAMANGUAPE,,,,,PARTIDO DA CAUSA OPERÁRIA,i,PCO,0,29,PCO,PARTIDO DA CAUSA OPERÁRIA,,29,280002552487,RUI COSTA PIMENTA,RUI COSTA PIMENTA,25/06/1957,12,Válido,nao,,0,0.00,0,ANTONIO CARLOS SILVA,ANTÔNIO CARLOS,PCO,v,,,,,04/10/2026 19:08:10,sim
1,04/10/2026,6257,Presidente,1,municipio,PB,20818,2509008,MANAÍRA,,,,,PARTIDO LIBERAL,i,PL,0,22,PL,PARTIDO LIBERAL,,22,280002551544,FLAVIO NANTES BOLSONARO,FLAVIO BOLSONARO,30/04/1981,1,Válido,nao,,922,13.87,13.873006320,ALFREDO GASPAR DE MENDONÇA NETO,ALFREDO GASPAR,PL,v,,,,,04/10/2026 20:50:41,sim
1,04/10/2026,6257,Presidente,1,municipio,PB,20818,2509008,MANAÍRA,,,,,PARTIDO SOCIAL DEMOCRÁTICO,i,PSD,0,55,PSD,PARTIDO SOCIAL DEMOCRÁTICO,,55,280002551932,RONALDO RAMOS CAIADO,RONALDO CAIADO,25/09/1949,5,Válido,nao,,37,0.56,0.556725850,GILBERTO KASSAB,GILBERTO KASSAB,PSD,v,,,,,04/10/2026 20:50:41,sim
1,04/10/2026,6257,Presidente,1,municipio,PB,20818,2509008,MANAÍRA,,PT/PC do B/PV,FEDERAÇÃO BRASIL DA ESPERANÇA - FE BRASIL,PT/PC do B/PV,BRASIL PRONTO PRA MAIS,c,PSB / PDT / PCDOB / PT / PV / PSOL / REDE,,13,PT,PARTIDO DOS TRABALHADORES,101,13,280002542548,LUIZ INÁCIO LULA DA SILVA,LULA,06/10/1945,2,Válido,nao,,5507,82.86,82.861871803,GERALDO JOSE RODRIGUES ALCKMIN FILHO,GERALDO ALCKMIN,PSB,v,,,,,04/10/2026 20:50:41,sim
1,04/10/2026,6257,Presidente,1,municipio,PB,20818,2509008,MANAÍRA,,,,,DEMOCRACIA CRISTÃ,i,DC,0,27,DC,DEMOCRACIA CRISTÃ,,27,280002552484,CLARIANA ZACARKIM BARAO,CLARIANA BARAO,03/04/1987,9,Válido,nao,,0,0.00,0,FABIANA CRISTINA TAVARES TORQUATO,FABIANA TORQUATO,DC,v,,,,,04/10/2026 20:50:41,sim
1,04/10/2026,6257,Presidente,1,municipio,PB,20818,2509008,MANAÍRA,,,,,PARTIDO COMUNISTA BRASILEIRO,i,PCB,0,21,PCB,PARTIDO COMUNISTA BRASILEIRO,,21,280002551975,EDMILSON SILVA COSTA,EDMILSON COSTA,08/04/1950,10,Válido,nao,,2,0.03,0.030093289,CLEUSA DOS SANTOS,CLEUSA SANTOS,PCB,v,,,,,04/10/2026 20:50:41,sim
1,04/10/2026,6257,Presidente,1,municipio,PB,20818,2509008,MANAÍRA,,,,,PARTIDO SOCIALISTA  DOS TRABALHADORES UNIFICADO,i,PSTU,0,16,PSTU,PARTIDO SOCIALISTA  DOS TRABALHADORES UNIFICADO,,16,280002541457,HERTZ DA CONCEICAO DIAS,HERTZ DIAS,20/10/1970,8,Válido,nao,,1,0.02,0.015046645,VANESSA PORTUGAL BARBOSA,VANESSA PORTUGAL,PSTU,v,,,,,04/10/2026 20:50:41,sim
1,04/10/2026,6257,Presidente,1,municipio,PB,20818,2509008,MANAÍRA,,,,,BRASIL DOS NOSSOS SONHOS,c,AGIR / AVANTE,,70,AVANTE,AVANTE,,70,280002551547,AUGUSTO JORGE CURY,ESCRITOR AUGUSTO CURY,02/10/1958,3,Válido,nao,,93,1.40,1.399337948,JULIO CESAR DELGADO,JÚLIO DELGADO,AVANTE,v,,,,,04/10/2026 20:50:41,sim
1,04/10/2026,6257,Presidente,1,municipio,PB,20818,2509008,MANAÍRA,,,,,PARTIDO NOVO,i,NOVO,0,30,NOVO,PARTIDO NOVO,,30,280002539826,ROMEU ZEMA NETO,ZEMA,28/10/1964,6,Válido,nao,,12,0.18,0.180559735,LUIS EDUARDO GRANGEIRO GIRÃO,EDUARDO GIRÃO,NOVO,v,,,,,04/10/2026 20:50:41,sim
1,04/10/2026,6257,Presidente,1,municipio,PB,20818,2509008,MANAÍRA,,,,,UNIDADE POPULAR,i,UP,0,80,UP,UNIDADE POPULAR,,80,280002538811,SAMARA MARTINS DA SILVA FEITOSA,SAMARA,31/08/1987,7,Válido,nao,,5,0.08,0.075233223,RAQUEL NONATO DE BRICIO,RAQUEL BRÍCIO,UP,v,,,,,04/10/2026 20:50:41,sim
1,04/10/2026,6257,Presidente,1,municipio,PB,20818,2509008,MANAÍRA,,,,,DEMOCRATA,i,DEMOCRATA,0,35,DEMOCRATA,DEMOCRATA,,35,280002548139,WILSON GRASSI JUNIOR,VETERINÁRIO WILSON GRASSI,13/03/1970,11,Válido,nao,,1,0.02,0.015046645,SUÊD HAIDAR NOGUEIRA,SUÊD HAIDAR,DEMOCRATA,v,,,,,04/10/2026 20:50:41,sim
1,04/10/2026,6257,Presidente,1,municipio,PB,20818,2509008,MANAÍRA,,,,,PARTIDO MISSÃO,i,MISSÃO,0,14,MISSÃO,PARTIDO MISSÃO,,14,280002540694,RENAN ANTONIO FERREIRA DOS SANTOS,RENAN SANTOS,14/02/1984,4,Válido,nao,,66,0.99,0.993078543,AROLDO MEDINA,CORONEL MEDINA,MISSÃO,v,,,,,04/10/2026 20:50:41,sim
1,04/10/2026,6257,Presidente,1,municipio,PB,20818,2509008,MANAÍRA,,,,,PARTIDO DA CAUSA OPERÁRIA,i,PCO,0,29,PCO,PARTIDO DA CAUSA OPERÁRIA,,29,280002552487,RUI COSTA PIMENTA,RUI COSTA PIMENTA,25/06/1957,12,Válido,nao,,0,0.00,0,ANTONIO CARLOS SILVA,ANTÔNIO CARLOS,PCO,v,,,,,04/10/2026 20:50:41,sim
1,04/10/2026,6257,Presidente,1,municipio,PB,20834,2509107,MARI,,,,,PARTIDO LIBERAL,i,PL,0,22,PL,PARTIDO LIBERAL,,22,280002551544,FLAVIO NANTES BOLSONARO,FLAVIO BOLSONARO,30/04/1981,1,Válido,nao,,4108,28.34,28.336897289,ALFREDO GASPAR DE MENDONÇA NETO,ALFREDO GASPAR,PL,v,,,,,04/10/2026 19:09:27,sim
1,04/10/2026,6257,Presidente,1,municipio,PB,20834,2509107,MARI,,,,,PARTIDO SOCIAL DEMOCRÁTICO,i,PSD,0,55,PSD,PARTIDO SOCIAL DEMOCRÁTICO,,55,280002551932,RONALDO RAMOS CAIADO,RONALDO CAIADO,25/09/1949,5,Válido,nao,,74,0.51,0.510450438,GILBERTO KASSAB,GILBERTO KASSAB,PSD,v,,,,,04/10/2026 19:09:27,sim
1,04/10/2026,6257,Presidente,1,municipio,PB,20834,2509107,MARI,,PT/PC do B/PV,FEDERAÇÃO BRASIL DA ESPERANÇA - FE BRASIL,PT/PC do B/PV,BRASIL PRONTO PRA MAIS,c,PSB / PDT / PCDOB / PT / PV / PSOL / REDE,,13,PT,PARTIDO DOS TRABALHADORES,101,13,280002542548,LUIZ INÁCIO LULA DA SILVA,LULA,06/10/1945,2,Válido,nao,,9729,67.11,67.110436642,GERALDO JOSE RODRIGUES ALCKMIN FILHO,GERALDO ALCKMIN,PSB,v,,,,,04/10/2026 19:09:27,sim
1,04/10/2026,6257,Presidente,1,municipio,PB,20834,2509107,MARI,,,,,DEMOCRACIA CRISTÃ,i,DC,0,27,DC,DEMOCRACIA CRISTÃ,,27,280002552484,CLARIANA ZACARKIM BARAO,CLARIANA BARAO,03/04/1987,9,Válido,nao,,3,0.02,0.020693937,FABIANA CRISTINA TAVARES TORQUATO,FABIANA TORQUATO,DC,v,,,,,04/10/2026 19:09:27,sim
1,04/10/2026,6257,Presidente,1,municipio,PB,20834,2509107,MARI,,,,,PARTIDO COMUNISTA BRASILEIRO,i,PCB,0,21,PCB,PARTIDO COMUNISTA BRASILEIRO,,21,280002551975,EDMILSON SILVA COSTA,EDMILSON COSTA,08/04/1950,10,Válido,nao,,3,0.02,0.020693937,CLEUSA DOS SANTOS,CLEUSA SANTOS,PCB,v,,,,,04/10/2026 19:09:27,sim
1,04/10/2026,6257,Presidente,1,municipio,PB,20834,2509107,MARI,,,,,PARTIDO SOCIALISTA  DOS TRABALHADORES UNIFICADO,i,PSTU,0,16,PSTU,PARTIDO SOCIALISTA  DOS TRABALHADORES UNIFICADO,,16,280002541457,HERTZ DA CONCEICAO DIAS,HERTZ DIAS,20/10/1970,8,Válido,nao,,4,0.03,0.027591916,VANESSA PORTUGAL BARBOSA,VANESSA PORTUGAL,PSTU,v,,,,,04/10/2026 19:09:27,sim
1,04/10/2026,6257,Presidente,1,municipio,PB,20834,2509107,MARI,,,,,BRASIL DOS NOSSOS SONHOS,c,AGIR / AVANTE,,70,AVANTE,AVANTE,,70,280002551547,AUGUSTO JORGE CURY,ESCRITOR AUGUSTO CURY,02/10/1958,3,Válido,nao,,352,2.43,2.428088570,JULIO CESAR DELGADO,JÚLIO DELGADO,AVANTE,v,,,,,04/10/2026 19:09:27,sim
1,04/10/2026,6257,Presidente,1,municipio,PB,20834,2509107,MARI,,,,,PARTIDO NOVO,i,NOVO,0,30,NOVO,PARTIDO NOVO,,30,280002539826,ROMEU ZEMA NETO,ZEMA,28/10/1964,6,Válido,nao,,3,0.02,0.020693937,LUIS EDUARDO GRANGEIRO GIRÃO,EDUARDO GIRÃO,NOVO,v,,,,,04/10/2026 19:09:27,sim
1,04/10/2026,6257,Presidente,1,municipio,PB,20834,2509107,MARI,,,,,UNIDADE POPULAR,i,UP,0,80,UP,UNIDADE POPULAR,,80,280002538811,SAMARA MARTINS DA SILVA FEITOSA,SAMARA,31/08/1987,7,Válido,nao,,5,0.03,0.034489894,RAQUEL NONATO DE BRICIO,RAQUEL BRÍCIO,UP,v,,,,,04/10/2026 19:09:27,sim
1,04/10/2026,6257,Presidente,1,municipio,PB,20834,2509107,MARI,,,,,DEMOCRATA,i,DEMOCRATA,0,35,DEMOCRATA,DEMOCRATA,,35,280002548139,WILSON GRASSI JUNIOR,VETERINÁRIO WILSON GRASSI,13/03/1970,11,Válido,nao,,3,0.02,0.020693937,SUÊD HAIDAR NOGUEIRA,SUÊD HAIDAR,DEMOCRATA,v,,,,,04/10/2026 19:09:27,sim
1,04/10/2026,6257,Presidente,1,municipio,PB,20834,2509107,MARI,,,,,PARTIDO MISSÃO,i,MISSÃO,0,14,MISSÃO,PARTIDO MISSÃO,,14,280002540694,RENAN ANTONIO FERREIRA DOS SANTOS,RENAN SANTOS,14/02/1984,4,Válido,nao,,213,1.47,1.469269504,AROLDO MEDINA,CORONEL MEDINA,MISSÃO,v,,,,,04/10/2026 19:09:27,sim
1,04/10/2026,6257,Presidente,1,municipio,PB,20834,2509107,MARI,,,,,PARTIDO DA CAUSA OPERÁRIA,i,PCO,0,29,PCO,PARTIDO DA CAUSA OPERÁRIA,,29,280002552487,RUI COSTA PIMENTA,RUI COSTA PIMENTA,25/06/1957,12,Válido,nao,,0,0.00,0,ANTONIO CARLOS SILVA,ANTÔNIO CARLOS,PCO,v,,,,,04/10/2026 19:09:27,sim
1,04/10/2026,6257,Presidente,1,municipio,PB,20850,2509206,MASSARANDUBA,,,,,PARTIDO LIBERAL,i,PL,0,22,PL,PARTIDO LIBERAL,,22,280002551544,FLAVIO NANTES BOLSONARO,FLAVIO BOLSONARO,30/04/1981,1,Válido,nao,,2610,28.20,28.197925670,ALFREDO GASPAR DE MENDONÇA NETO,ALFREDO GASPAR,PL,v,,,,,04/10/2026 19:20:56,sim
1,04/10/2026,6257,Presidente,1,municipio,PB,20850,2509206,MASSARANDUBA,,,,,PARTIDO SOCIAL DEMOCRÁTICO,i,PSD,0,55,PSD,PARTIDO SOCIAL DEMOCRÁTICO,,55,280002551932,RONALDO RAMOS CAIADO,RONALDO CAIADO,25/09/1949,5,Válido,nao,,62,0.67,0.669835782,GILBERTO KASSAB,GILBERTO KASSAB,PSD,v,,,,,04/10/2026 19:20:56,sim
1,04/10/2026,6257,Presidente,1,municipio,PB,20850,2509206,MASSARANDUBA,,PT/PC do B/PV,FEDERAÇÃO BRASIL DA ESPERANÇA - FE BRASIL,PT/PC do B/PV,BRASIL PRONTO PRA MAIS,c,PSB / PDT / PCDOB / PT / PV / PSOL / REDE,,13,PT,PARTIDO DOS TRABALHADORES,101,13,280002542548,LUIZ INÁCIO LULA DA SILVA,LULA,06/10/1945,2,Válido,nao,,6224,67.24,67.242869490,GERALDO JOSE RODRIGUES ALCKMIN FILHO,GERALDO ALCKMIN,PSB,v,,,,,04/10/2026 19:20:56,sim
1,04/10/2026,6257,Presidente,1,municipio,PB,20850,2509206,MASSARANDUBA,,,,,DEMOCRACIA CRISTÃ,i,DC,0,27,DC,DEMOCRACIA CRISTÃ,,27,280002552484,CLARIANA ZACARKIM BARAO,CLARIANA BARAO,03/04/1987,9,Válido,nao,,6,0.06,0.064822818,FABIANA CRISTINA TAVARES TORQUATO,FABIANA TORQUATO,DC,v,,,,,04/10/2026 19:20:56,sim
1,04/10/2026,6257,Presidente,1,municipio,PB,20850,2509206,MASSARANDUBA,,,,,PARTIDO COMUNISTA BRASILEIRO,i,PCB,0,21,PCB,PARTIDO COMUNISTA BRASILEIRO,,21,280002551975,EDMILSON SILVA COSTA,EDMILSON COSTA,08/04/1950,10,Válido,nao,,1,0.01,0.010803803,CLEUSA DOS SANTOS,CLEUSA SANTOS,PCB,v,,,,,04/10/2026 19:20:56,sim
1,04/10/2026,6257,Presidente,1,municipio,PB,20850,2509206,MASSARANDUBA,,,,,PARTIDO SOCIALISTA  DOS TRABALHADORES UNIFICADO,i,PSTU,0,16,PSTU,PARTIDO SOCIALISTA  DOS TRABALHADORES UNIFICADO,,16,280002541457,HERTZ DA CONCEICAO DIAS,HERTZ DIAS,20/10/1970,8,Válido,nao,,3,0.03,0.032411409,VANESSA PORTUGAL BARBOSA,VANESSA PORTUGAL,PSTU,v,,,,,04/10/2026 19:20:56,sim
1,04/10/2026,6257,Presidente,1,municipio,PB,20850,2509206,MASSARANDUBA,,,,,BRASIL DOS NOSSOS SONHOS,c,AGIR / AVANTE,,70,AVANTE,AVANTE,,70,280002551547,AUGUSTO JORGE CURY,ESCRITOR AUGUSTO CURY,02/10/1958,3,Válido,nao,,212,2.29,2.290406223,JULIO CESAR DELGADO,JÚLIO DELGADO,AVANTE,v,,,,,04/10/2026 19:20:56,sim
1,04/10/2026,6257,Presidente,1,municipio,PB,20850,2509206,MASSARANDUBA,,,,,PARTIDO NOVO,i,NOVO,0,30,NOVO,PARTIDO NOVO,,30,280002539826,ROMEU ZEMA NETO,ZEMA,28/10/1964,6,Válido,nao,,4,0.04,0.043215212,LUIS EDUARDO GRANGEIRO GIRÃO,EDUARDO GIRÃO,NOVO,v,,,,,04/10/2026 19:20:56,sim
1,04/10/2026,6257,Presidente,1,municipio,PB,20850,2509206,MASSARANDUBA,,,,,UNIDADE POPULAR,i,UP,0,80,UP,UNIDADE POPULAR,,80,280002538811,SAMARA MARTINS DA SILVA FEITOSA,SAMARA,31/08/1987,7,Válido,nao,,0,0.00,0,RAQUEL NONATO DE BRICIO,RAQUEL BRÍCIO,UP,v,,,,,04/10/2026 19:20:56,sim
1,04/10/2026,6257,Presidente,1,municipio,PB,20850,2509206,MASSARANDUBA,,,,,DEMOCRATA,i,DEMOCRATA,0,35,DEMOCRATA,DEMOCRATA,,35,280002548139,WILSON GRASSI JUNIOR,VETERINÁRIO WILSON GRASSI,13/03/1970,11,Válido,nao,,1,0.01,0.010803803,SUÊD HAIDAR NOGUEIRA,SUÊD HAIDAR,DEMOCRATA,v,,,,,04/10/2026 19:20:56,sim
1,04/10/2026,6257,Presidente,1,municipio,PB,20850,2509206,MASSARANDUBA,,,,,PARTIDO MISSÃO,i,MISSÃO,0,14,MISSÃO,PARTIDO MISSÃO,,14,280002540694,RENAN ANTONIO FERREIRA DOS SANTOS,RENAN SANTOS,14/02/1984,4,Válido,nao,,132,1.43,1.426101988,AROLDO MEDINA,CORONEL MEDINA,MISSÃO,v,,,,,04/10/2026 19:20:56,sim
1,04/10/2026,6257,Presidente,1,municipio,PB,20850,2509206,MASSARANDUBA,,,,,PARTIDO DA CAUSA OPERÁRIA,i,PCO,0,29,PCO,PARTIDO DA CAUSA OPERÁRIA,,29,280002552487,RUI COSTA PIMENTA,RUI COSTA PIMENTA,25/06/1957,12,Válido,nao,,1,0.01,0.010803803,ANTONIO CARLOS SILVA,ANTÔNIO CARLOS,PCO,v,,,,,04/10/2026 19:20:56,sim
1,04/10/2026,6257,Presidente,1,municipio,PB,20877,2509305,MATARACA,,,,,PARTIDO LIBERAL,i,PL,0,22,PL,PARTIDO LIBERAL,,22,280002551544,FLAVIO NANTES BOLSONARO,FLAVIO BOLSONARO,30/04/1981,1,Válido,nao,,1965,31.04,31.042654028,ALFREDO GASPAR DE MENDONÇA NETO,ALFREDO GASPAR,PL,v,,,,,04/10/2026 18:46:34,sim
1,04/10/2026,6257,Presidente,1,municipio,PB,20877,2509305,MATARACA,,,,,PARTIDO SOCIAL DEMOCRÁTICO,i,PSD,0,55,PSD,PARTIDO SOCIAL DEMOCRÁTICO,,55,280002551932,RONALDO RAMOS CAIADO,RONALDO CAIADO,25/09/1949,4,Válido,nao,,35,0.55,0.552922591,GILBERTO KASSAB,GILBERTO KASSAB,PSD,v,,,,,04/10/2026 18:46:34,sim
1,04/10/2026,6257,Presidente,1,municipio,PB,20877,2509305,MATARACA,,PT/PC do B/PV,FEDERAÇÃO BRASIL DA ESPERANÇA - FE BRASIL,PT/PC do B/PV,BRASIL PRONTO PRA MAIS,c,PSB / PDT / PCDOB / PT / PV / PSOL / REDE,,13,PT,PARTIDO DOS TRABALHADORES,101,13,280002542548,LUIZ INÁCIO LULA DA SILVA,LULA,06/10/1945,2,Válido,nao,,4083,64.50,64.502369668,GERALDO JOSE RODRIGUES ALCKMIN FILHO,GERALDO ALCKMIN,PSB,v,,,,,04/10/2026 18:46:34,sim
1,04/10/2026,6257,Presidente,1,municipio,PB,20877,2509305,MATARACA,,,,,DEMOCRACIA CRISTÃ,i,DC,0,27,DC,DEMOCRACIA CRISTÃ,,27,280002552484,CLARIANA ZACARKIM BARAO,CLARIANA BARAO,03/04/1987,9,Válido,nao,,0,0.00,0,FABIANA CRISTINA TAVARES TORQUATO,FABIANA TORQUATO,DC,v,,,,,04/10/2026 18:46:34,sim
1,04/10/2026,6257,Presidente,1,municipio,PB,20877,2509305,MATARACA,,,,,PARTIDO COMUNISTA BRASILEIRO,i,PCB,0,21,PCB,PARTIDO COMUNISTA BRASILEIRO,,21,280002551975,EDMILSON SILVA COSTA,EDMILSON COSTA,08/04/1950,10,Válido,nao,,0,0.00,0,CLEUSA DOS SANTOS,CLEUSA SANTOS,PCB,v,,,,,04/10/2026 18:46:34,sim
1,04/10/2026,6257,Presidente,1,municipio,PB,20877,2509305,MATARACA,,,,,PARTIDO SOCIALISTA  DOS TRABALHADORES UNIFICADO,i,PSTU,0,16,PSTU,PARTIDO SOCIALISTA  DOS TRABALHADORES UNIFICADO,,16,280002541457,HERTZ DA CONCEICAO DIAS,HERTZ DIAS,20/10/1970,8,Válido,nao,,1,0.02,0.015797788,VANESSA PORTUGAL BARBOSA,VANESSA PORTUGAL,PSTU,v,,,,,04/10/2026 18:46:34,sim
1,04/10/2026,6257,Presidente,1,municipio,PB,20877,2509305,MATARACA,,,,,BRASIL DOS NOSSOS SONHOS,c,AGIR / AVANTE,,70,AVANTE,AVANTE,,70,280002551547,AUGUSTO JORGE CURY,ESCRITOR AUGUSTO CURY,02/10/1958,3,Válido,nao,,145,2.29,2.290679305,JULIO CESAR DELGADO,JÚLIO DELGADO,AVANTE,v,,,,,04/10/2026 18:46:34,sim
1,04/10/2026,6257,Presidente,1,municipio,PB,20877,2509305,MATARACA,,,,,PARTIDO NOVO,i,NOVO,0,30,NOVO,PARTIDO NOVO,,30,280002539826,ROMEU ZEMA NETO,ZEMA,28/10/1964,6,Válido,nao,,1,0.02,0.015797788,LUIS EDUARDO GRANGEIRO GIRÃO,EDUARDO GIRÃO,NOVO,v,,,,,04/10/2026 18:46:34,sim
1,04/10/2026,6257,Presidente,1,municipio,PB,20877,2509305,MATARACA,,,,,UNIDADE POPULAR,i,UP,0,80,UP,UNIDADE POPULAR,,80,280002538811,SAMARA MARTINS DA SILVA FEITOSA,SAMARA,31/08/1987,7,Válido,nao,,2,0.03,0.031595577,RAQUEL NONATO DE BRICIO,RAQUEL BRÍCIO,UP,v,,,,,04/10/2026 18:46:34,sim
1,04/10/2026,6257,Presidente,1,municipio,PB,20877,2509305,MATARACA,,,,,DEMOCRATA,i,DEMOCRATA,0,35,DEMOCRATA,DEMOCRATA,,35,280002548139,WILSON GRASSI JUNIOR,VETERINÁRIO WILSON GRASSI,13/03/1970,11,Válido,nao,,0,0.00,0,SUÊD HAIDAR NOGUEIRA,SUÊD HAIDAR,DEMOCRATA,v,,,,,04/10/2026 18:46:34,sim
1,04/10/2026,6257,Presidente,1,municipio,PB,20877,2509305,MATARACA,,,,,PARTIDO MISSÃO,i,MISSÃO,0,14,MISSÃO,PARTIDO MISSÃO,,14,280002540694,RENAN ANTONIO FERREIRA DOS SANTOS,RENAN SANTOS,14/02/1984,5,Válido,nao,,98,1.55,1.548183254,AROLDO MEDINA,CORONEL MEDINA,MISSÃO,v,,,,,04/10/2026 18:46:34,sim
1,04/10/2026,6257,Presidente,1,municipio,PB,20877,2509305,MATARACA,,,,,PARTIDO DA CAUSA OPERÁRIA,i,PCO,0,29,PCO,PARTIDO DA CAUSA OPERÁRIA,,29,280002552487,RUI COSTA PIMENTA,RUI COSTA PIMENTA,25/06/1957,12,Válido,nao,,0,0.00,0,ANTONIO CARLOS SILVA,ANTÔNIO CARLOS,PCO,v,,,,,04/10/2026 18:46:34,sim
1,04/10/2026,6257,Presidente,1,municipio,PB,20893,2509404,MOGEIRO,,,,,PARTIDO LIBERAL,i,PL,0,22,PL,PARTIDO LIBERAL,,22,280002551544,FLAVIO NANTES BOLSONARO,FLAVIO BOLSONARO,30/04/1981,1,Válido,nao,,2751,31.19,31.190476190,ALFREDO GASPAR DE MENDONÇA NETO,ALFREDO GASPAR,PL,v,,,,,04/10/2026 20:35:02,sim
1,04/10/2026,6257,Presidente,1,municipio,PB,20893,2509404,MOGEIRO,,,,,PARTIDO SOCIAL DEMOCRÁTICO,i,PSD,0,55,PSD,PARTIDO SOCIAL DEMOCRÁTICO,,55,280002551932,RONALDO RAMOS CAIADO,RONALDO CAIADO,25/09/1949,5,Válido,nao,,40,0.45,0.453514739,GILBERTO KASSAB,GILBERTO KASSAB,PSD,v,,,,,04/10/2026 20:35:02,sim
1,04/10/2026,6257,Presidente,1,municipio,PB,20893,2509404,MOGEIRO,,PT/PC do B/PV,FEDERAÇÃO BRASIL DA ESPERANÇA - FE BRASIL,PT/PC do B/PV,BRASIL PRONTO PRA MAIS,c,PSB / PDT / PCDOB / PT / PV / PSOL / REDE,,13,PT,PARTIDO DOS TRABALHADORES,101,13,280002542548,LUIZ INÁCIO LULA DA SILVA,LULA,06/10/1945,2,Válido,nao,,5739,65.07,65.068027211,GERALDO JOSE RODRIGUES ALCKMIN FILHO,GERALDO ALCKMIN,PSB,v,,,,,04/10/2026 20:35:02,sim
1,04/10/2026,6257,Presidente,1,municipio,PB,20893,2509404,MOGEIRO,,,,,DEMOCRACIA CRISTÃ,i,DC,0,27,DC,DEMOCRACIA CRISTÃ,,27,280002552484,CLARIANA ZACARKIM BARAO,CLARIANA BARAO,03/04/1987,9,Válido,nao,,0,0.00,0,FABIANA CRISTINA TAVARES TORQUATO,FABIANA TORQUATO,DC,v,,,,,04/10/2026 20:35:02,sim
1,04/10/2026,6257,Presidente,1,municipio,PB,20893,2509404,MOGEIRO,,,,,PARTIDO COMUNISTA BRASILEIRO,i,PCB,0,21,PCB,PARTIDO COMUNISTA BRASILEIRO,,21,280002551975,EDMILSON SILVA COSTA,EDMILSON COSTA,08/04/1950,10,Válido,nao,,0,0.00,0,CLEUSA DOS SANTOS,CLEUSA SANTOS,PCB,v,,,,,04/10/2026 20:35:02,sim
1,04/10/2026,6257,Presidente,1,municipio,PB,20893,2509404,MOGEIRO,,,,,PARTIDO SOCIALISTA  DOS TRABALHADORES UNIFICADO,i,PSTU,0,16,PSTU,PARTIDO SOCIALISTA  DOS TRABALHADORES UNIFICADO,,16,280002541457,HERTZ DA CONCEICAO DIAS,HERTZ DIAS,20/10/1970,8,Válido,nao,,2,0.02,0.022675737,VANESSA PORTUGAL BARBOSA,VANESSA PORTUGAL,PSTU,v,,,,,04/10/2026 20:35:02,sim
1,04/10/2026,6257,Presidente,1,municipio,PB,20893,2509404,MOGEIRO,,,,,BRASIL DOS NOSSOS SONHOS,c,AGIR / AVANTE,,70,AVANTE,AVANTE,,70,280002551547,AUGUSTO JORGE CURY,ESCRITOR AUGUSTO CURY,02/10/1958,3,Válido,nao,,203,2.30,2.301587302,JULIO CESAR DELGADO,JÚLIO DELGADO,AVANTE,v,,,,,04/10/2026 20:35:02,sim
1,04/10/2026,6257,Presidente,1,municipio,PB,20893,2509404,MOGEIRO,,,,,PARTIDO NOVO,i,NOVO,0,30,NOVO,PARTIDO NOVO,,30,280002539826,ROMEU ZEMA NETO,ZEMA,28/10/1964,6,Válido,nao,,4,0.05,0.045351474,LUIS EDUARDO GRANGEIRO GIRÃO,EDUARDO GIRÃO,NOVO,v,,,,,04/10/2026 20:35:02,sim
1,04/10/2026,6257,Presidente,1,municipio,PB,20893,2509404,MOGEIRO,,,,,UNIDADE POPULAR,i,UP,0,80,UP,UNIDADE POPULAR,,80,280002538811,SAMARA MARTINS DA SILVA FEITOSA,SAMARA,31/08/1987,7,Válido,nao,,3,0.03,0.034013605,RAQUEL NONATO DE BRICIO,RAQUEL BRÍCIO,UP,v,,,,,04/10/2026 20:35:02,sim
1,04/10/2026,6257,Presidente,1,municipio,PB,20893,2509404,MOGEIRO,,,,,DEMOCRATA,i,DEMOCRATA,0,35,DEMOCRATA,DEMOCRATA,,35,280002548139,WILSON GRASSI JUNIOR,VETERINÁRIO WILSON GRASSI,13/03/1970,11,Válido,nao,,0,0.00,0,SUÊD HAIDAR NOGUEIRA,SUÊD HAIDAR,DEMOCRATA,v,,,,,04/10/2026 20:35:02,sim
1,04/10/2026,6257,Presidente,1,municipio,PB,20893,2509404,MOGEIRO,,,,,PARTIDO MISSÃO,i,MISSÃO,0,14,MISSÃO,PARTIDO MISSÃO,,14,280002540694,RENAN ANTONIO FERREIRA DOS SANTOS,RENAN SANTOS,14/02/1984,4,Válido,nao,,78,0.88,0.884353741,AROLDO MEDINA,CORONEL MEDINA,MISSÃO,v,,,,,04/10/2026 20:35:02,sim
1,04/10/2026,6257,Presidente,1,municipio,PB,20893,2509404,MOGEIRO,,,,,PARTIDO DA CAUSA OPERÁRIA,i,PCO,0,29,PCO,PARTIDO DA CAUSA OPERÁRIA,,29,280002552487,RUI COSTA PIMENTA,RUI COSTA PIMENTA,25/06/1957,12,Válido,nao,,0,0.00,0,ANTONIO CARLOS SILVA,ANTÔNIO CARLOS,PCO,v,,,,,04/10/2026 20:35:02,sim
1,04/10/2026,6257,Presidente,1,municipio,PB,20915,2509503,MONTADAS,,,,,PARTIDO LIBERAL,i,PL,0,22,PL,PARTIDO LIBERAL,,22,280002551544,FLAVIO NANTES BOLSONARO,FLAVIO BOLSONARO,30/04/1981,1,Válido,nao,,1153,27.79,27.789828874,ALFREDO GASPAR DE MENDONÇA NETO,ALFREDO GASPAR,PL,v,,,,,04/10/2026 19:13:00,sim
1,04/10/2026,6257,Presidente,1,municipio,PB,20915,2509503,MONTADAS,,,,,PARTIDO SOCIAL DEMOCRÁTICO,i,PSD,0,55,PSD,PARTIDO SOCIAL DEMOCRÁTICO,,55,280002551932,RONALDO RAMOS CAIADO,RONALDO CAIADO,25/09/1949,5,Válido,nao,,24,0.58,0.578452639,GILBERTO KASSAB,GILBERTO KASSAB,PSD,v,,,,,04/10/2026 19:13:00,sim
1,04/10/2026,6257,Presidente,1,municipio,PB,20915,2509503,MONTADAS,,PT/PC do B/PV,FEDERAÇÃO BRASIL DA ESPERANÇA - FE BRASIL,PT/PC do B/PV,BRASIL PRONTO PRA MAIS,c,PSB / PDT / PCDOB / PT / PV / PSOL / REDE,,13,PT,PARTIDO DOS TRABALHADORES,101,13,280002542548,LUIZ INÁCIO LULA DA SILVA,LULA,06/10/1945,2,Válido,nao,,2762,66.57,66.570257893,GERALDO JOSE RODRIGUES ALCKMIN FILHO,GERALDO ALCKMIN,PSB,v,,,,,04/10/2026 19:13:00,sim
1,04/10/2026,6257,Presidente,1,municipio,PB,20915,2509503,MONTADAS,,,,,PARTIDO SOCIALISTA  DOS TRABALHADORES UNIFICADO,i,PSTU,0,16,PSTU,PARTIDO SOCIALISTA  DOS TRABALHADORES UNIFICADO,,16,280002541457,HERTZ DA CONCEICAO DIAS,HERTZ DIAS,20/10/1970,8,Válido,nao,,0,0.00,0,VANESSA PORTUGAL BARBOSA,VANESSA PORTUGAL,PSTU,v,,,,,04/10/2026 19:13:00,sim
1,04/10/2026,6257,Presidente,1,municipio,PB,20915,2509503,MONTADAS,,,,,PARTIDO COMUNISTA BRASILEIRO,i,PCB,0,21,PCB,PARTIDO COMUNISTA BRASILEIRO,,21,280002551975,EDMILSON SILVA COSTA,EDMILSON COSTA,08/04/1950,10,Válido,nao,,1,0.02,0.024102193,CLEUSA DOS SANTOS,CLEUSA SANTOS,PCB,v,,,,,04/10/2026 19:13:00,sim
1,04/10/2026,6257,Presidente,1,municipio,PB,20915,2509503,MONTADAS,,,,,DEMOCRACIA CRISTÃ,i,DC,0,27,DC,DEMOCRACIA CRISTÃ,,27,280002552484,CLARIANA ZACARKIM BARAO,CLARIANA BARAO,03/04/1987,9,Válido,nao,,1,0.02,0.024102193,FABIANA CRISTINA TAVARES TORQUATO,FABIANA TORQUATO,DC,v,,,,,04/10/2026 19:13:00,sim
1,04/10/2026,6257,Presidente,1,municipio,PB,20915,2509503,MONTADAS,,,,,PARTIDO NOVO,i,NOVO,0,30,NOVO,PARTIDO NOVO,,30,280002539826,ROMEU ZEMA NETO,ZEMA,28/10/1964,6,Válido,nao,,1,0.02,0.024102193,LUIS EDUARDO GRANGEIRO GIRÃO,EDUARDO GIRÃO,NOVO,v,,,,,04/10/2026 19:13:00,sim
1,04/10/2026,6257,Presidente,1,municipio,PB,20915,2509503,MONTADAS,,,,,BRASIL DOS NOSSOS SONHOS,c,AGIR / AVANTE,,70,AVANTE,AVANTE,,70,280002551547,AUGUSTO JORGE CURY,ESCRITOR AUGUSTO CURY,02/10/1958,3,Válido,nao,,159,3.83,3.832248735,JULIO CESAR DELGADO,JÚLIO DELGADO,AVANTE,v,,,,,04/10/2026 19:13:00,sim
1,04/10/2026,6257,Presidente,1,municipio,PB,20915,2509503,MONTADAS,,,,,DEMOCRATA,i,DEMOCRATA,0,35,DEMOCRATA,DEMOCRATA,,35,280002548139,WILSON GRASSI JUNIOR,VETERINÁRIO WILSON GRASSI,13/03/1970,11,Válido,nao,,1,0.02,0.024102193,SUÊD HAIDAR NOGUEIRA,SUÊD HAIDAR,DEMOCRATA,v,,,,,04/10/2026 19:13:00,sim
1,04/10/2026,6257,Presidente,1,municipio,PB,20915,2509503,MONTADAS,,,,,UNIDADE POPULAR,i,UP,0,80,UP,UNIDADE POPULAR,,80,280002538811,SAMARA MARTINS DA SILVA FEITOSA,SAMARA,31/08/1987,7,Válido,nao,,2,0.05,0.048204387,RAQUEL NONATO DE BRICIO,RAQUEL BRÍCIO,UP,v,,,,,04/10/2026 19:13:00,sim
1,04/10/2026,6257,Presidente,1,municipio,PB,20915,2509503,MONTADAS,,,,,PARTIDO MISSÃO,i,MISSÃO,0,14,MISSÃO,PARTIDO MISSÃO,,14,280002540694,RENAN ANTONIO FERREIRA DOS SANTOS,RENAN SANTOS,14/02/1984,4,Válido,nao,,45,1.08,1.084598698,AROLDO MEDINA,CORONEL MEDINA,MISSÃO,v,,,,,04/10/2026 19:13:00,sim
1,04/10/2026,6257,Presidente,1,municipio,PB,20915,2509503,MONTADAS,,,,,PARTIDO DA CAUSA OPERÁRIA,i,PCO,0,29,PCO,PARTIDO DA CAUSA OPERÁRIA,,29,280002552487,RUI COSTA PIMENTA,RUI COSTA PIMENTA,25/06/1957,12,Válido,nao,,0,0.00,0,ANTONIO CARLOS SILVA,ANTÔNIO CARLOS,PCO,v,,,,,04/10/2026 19:13:00,sim
1,04/10/2026,6257,Presidente,1,municipio,PB,20931,2509602,MONTE HOREBE,,,,,PARTIDO LIBERAL,i,PL,0,22,PL,PARTIDO LIBERAL,,22,280002551544,FLAVIO NANTES BOLSONARO,FLAVIO BOLSONARO,30/04/1981,1,Válido,nao,,605,19.19,19.194162437,ALFREDO GASPAR DE MENDONÇA NETO,ALFREDO GASPAR,PL,v,,,,,04/10/2026 18:19:25,sim
1,04/10/2026,6257,Presidente,1,municipio,PB,20931,2509602,MONTE HOREBE,,,,,PARTIDO SOCIAL DEMOCRÁTICO,i,PSD,0,55,PSD,PARTIDO SOCIAL DEMOCRÁTICO,,55,280002551932,RONALDO RAMOS CAIADO,RONALDO CAIADO,25/09/1949,4,Válido,nao,,10,0.32,0.317258883,GILBERTO KASSAB,GILBERTO KASSAB,PSD,v,,,,,04/10/2026 18:19:25,sim
1,04/10/2026,6257,Presidente,1,municipio,PB,20931,2509602,MONTE HOREBE,,PT/PC do B/PV,FEDERAÇÃO BRASIL DA ESPERANÇA - FE BRASIL,PT/PC do B/PV,BRASIL PRONTO PRA MAIS,c,PSB / PDT / PCDOB / PT / PV / PSOL / REDE,,13,PT,PARTIDO DOS TRABALHADORES,101,13,280002542548,LUIZ INÁCIO LULA DA SILVA,LULA,06/10/1945,2,Válido,nao,,2398,76.08,76.078680203,GERALDO JOSE RODRIGUES ALCKMIN FILHO,GERALDO ALCKMIN,PSB,v,,,,,04/10/2026 18:19:25,sim
1,04/10/2026,6257,Presidente,1,municipio,PB,20931,2509602,MONTE HOREBE,,,,,DEMOCRACIA CRISTÃ,i,DC,0,27,DC,DEMOCRACIA CRISTÃ,,27,280002552484,CLARIANA ZACARKIM BARAO,CLARIANA BARAO,03/04/1987,8,Válido,nao,,0,0.00,0,FABIANA CRISTINA TAVARES TORQUATO,FABIANA TORQUATO,DC,v,,,,,04/10/2026 18:19:25,sim
1,04/10/2026,6257,Presidente,1,municipio,PB,20931,2509602,MONTE HOREBE,,,,,PARTIDO COMUNISTA BRASILEIRO,i,PCB,0,21,PCB,PARTIDO COMUNISTA BRASILEIRO,,21,280002551975,EDMILSON SILVA COSTA,EDMILSON COSTA,08/04/1950,10,Válido,nao,,1,0.03,0.031725888,CLEUSA DOS SANTOS,CLEUSA SANTOS,PCB,v,,,,,04/10/2026 18:19:25,sim
1,04/10/2026,6257,Presidente,1,municipio,PB,20931,2509602,MONTE HOREBE,,,,,PARTIDO SOCIALISTA  DOS TRABALHADORES UNIFICADO,i,PSTU,0,16,PSTU,PARTIDO SOCIALISTA  DOS TRABALHADORES UNIFICADO,,16,280002541457,HERTZ DA CONCEICAO DIAS,HERTZ DIAS,20/10/1970,9,Válido,nao,,0,0.00,0,VANESSA PORTUGAL BARBOSA,VANESSA PORTUGAL,PSTU,v,,,,,04/10/2026 18:19:25,sim
1,04/10/2026,6257,Presidente,1,municipio,PB,20931,2509602,MONTE HOREBE,,,,,BRASIL DOS NOSSOS SONHOS,c,AGIR / AVANTE,,70,AVANTE,AVANTE,,70,280002551547,AUGUSTO JORGE CURY,ESCRITOR AUGUSTO CURY,02/10/1958,3,Válido,nao,,93,2.95,2.950507614,JULIO CESAR DELGADO,JÚLIO DELGADO,AVANTE,v,,,,,04/10/2026 18:19:25,sim
1,04/10/2026,6257,Presidente,1,municipio,PB,20931,2509602,MONTE HOREBE,,,,,PARTIDO NOVO,i,NOVO,0,30,NOVO,PARTIDO NOVO,,30,280002539826,ROMEU ZEMA NETO,ZEMA,28/10/1964,6,Válido,nao,,1,0.03,0.031725888,LUIS EDUARDO GRANGEIRO GIRÃO,EDUARDO GIRÃO,NOVO,v,,,,,04/10/2026 18:19:25,sim
1,04/10/2026,6257,Presidente,1,municipio,PB,20931,2509602,MONTE HOREBE,,,,,UNIDADE POPULAR,i,UP,0,80,UP,UNIDADE POPULAR,,80,280002538811,SAMARA MARTINS DA SILVA FEITOSA,SAMARA,31/08/1987,7,Válido,nao,,0,0.00,0,RAQUEL NONATO DE BRICIO,RAQUEL BRÍCIO,UP,v,,,,,04/10/2026 18:19:25,sim
1,04/10/2026,6257,Presidente,1,municipio,PB,20931,2509602,MONTE HOREBE,,,,,DEMOCRATA,i,DEMOCRATA,0,35,DEMOCRATA,DEMOCRATA,,35,280002548139,WILSON GRASSI JUNIOR,VETERINÁRIO WILSON GRASSI,13/03/1970,11,Válido,nao,,0,0.00,0,SUÊD HAIDAR NOGUEIRA,SUÊD HAIDAR,DEMOCRATA,v,,,,,04/10/2026 18:19:25,sim
1,04/10/2026,6257,Presidente,1,municipio,PB,20931,2509602,MONTE HOREBE,,,,,PARTIDO MISSÃO,i,MISSÃO,0,14,MISSÃO,PARTIDO MISSÃO,,14,280002540694,RENAN ANTONIO FERREIRA DOS SANTOS,RENAN SANTOS,14/02/1984,5,Válido,nao,,43,1.36,1.364213198,AROLDO MEDINA,CORONEL MEDINA,MISSÃO,v,,,,,04/10/2026 18:19:25,sim
1,04/10/2026,6257,Presidente,1,municipio,PB,20931,2509602,MONTE HOREBE,,,,,PARTIDO DA CAUSA OPERÁRIA,i,PCO,0,29,PCO,PARTIDO DA CAUSA OPERÁRIA,,29,280002552487,RUI COSTA PIMENTA,RUI COSTA PIMENTA,25/06/1957,12,Válido,nao,,1,0.03,0.031725888,ANTONIO CARLOS SILVA,ANTÔNIO CARLOS,PCO,v,,,,,04/10/2026 18:19:25,sim
1,04/10/2026,6257,Presidente,1,municipio,PB,20958,2509701,MONTEIRO,,,,,PARTIDO LIBERAL,i,PL,0,22,PL,PARTIDO LIBERAL,,22,280002551544,FLAVIO NANTES BOLSONARO,FLAVIO BOLSONARO,30/04/1981,1,Válido,nao,,4647,22.23,22.227005309,ALFREDO GASPAR DE MENDONÇA NETO,ALFREDO GASPAR,PL,v,,,,,04/10/2026 20:53:19,sim
1,04/10/2026,6257,Presidente,1,municipio,PB,20958,2509701,MONTEIRO,,,,,PARTIDO SOCIAL DEMOCRÁTICO,i,PSD,0,55,PSD,PARTIDO SOCIAL DEMOCRÁTICO,,55,280002551932,RONALDO RAMOS CAIADO,RONALDO CAIADO,25/09/1949,5,Válido,nao,,97,0.46,0.463959439,GILBERTO KASSAB,GILBERTO KASSAB,PSD,v,,,,,04/10/2026 20:53:19,sim
1,04/10/2026,6257,Presidente,1,municipio,PB,20958,2509701,MONTEIRO,,PT/PC do B/PV,FEDERAÇÃO BRASIL DA ESPERANÇA - FE BRASIL,PT/PC do B/PV,BRASIL PRONTO PRA MAIS,c,PSB / PDT / PCDOB / PT / PV / PSOL / REDE,,13,PT,PARTIDO DOS TRABALHADORES,101,13,280002542548,LUIZ INÁCIO LULA DA SILVA,LULA,06/10/1945,2,Válido,nao,,15329,73.32,73.319940690,GERALDO JOSE RODRIGUES ALCKMIN FILHO,GERALDO ALCKMIN,PSB,v,,,,,04/10/2026 20:53:19,sim
1,04/10/2026,6257,Presidente,1,municipio,PB,20958,2509701,MONTEIRO,,,,,DEMOCRACIA CRISTÃ,i,DC,0,27,DC,DEMOCRACIA CRISTÃ,,27,280002552484,CLARIANA ZACARKIM BARAO,CLARIANA BARAO,03/04/1987,9,Válido,nao,,1,0.01,0.004783087,FABIANA CRISTINA TAVARES TORQUATO,FABIANA TORQUATO,DC,v,,,,,04/10/2026 20:53:19,sim
1,04/10/2026,6257,Presidente,1,municipio,PB,20958,2509701,MONTEIRO,,,,,PARTIDO COMUNISTA BRASILEIRO,i,PCB,0,21,PCB,PARTIDO COMUNISTA BRASILEIRO,,21,280002551975,EDMILSON SILVA COSTA,EDMILSON COSTA,08/04/1950,10,Válido,nao,,4,0.02,0.019132348,CLEUSA DOS SANTOS,CLEUSA SANTOS,PCB,v,,,,,04/10/2026 20:53:19,sim
1,04/10/2026,6257,Presidente,1,municipio,PB,20958,2509701,MONTEIRO,,,,,PARTIDO SOCIALISTA  DOS TRABALHADORES UNIFICADO,i,PSTU,0,16,PSTU,PARTIDO SOCIALISTA  DOS TRABALHADORES UNIFICADO,,16,280002541457,HERTZ DA CONCEICAO DIAS,HERTZ DIAS,20/10/1970,8,Válido,nao,,2,0.01,0.009566174,VANESSA PORTUGAL BARBOSA,VANESSA PORTUGAL,PSTU,v,,,,,04/10/2026 20:53:19,sim
1,04/10/2026,6257,Presidente,1,municipio,PB,20958,2509701,MONTEIRO,,,,,BRASIL DOS NOSSOS SONHOS,c,AGIR / AVANTE,,70,AVANTE,AVANTE,,70,280002551547,AUGUSTO JORGE CURY,ESCRITOR AUGUSTO CURY,02/10/1958,3,Válido,nao,,403,1.93,1.927584063,JULIO CESAR DELGADO,JÚLIO DELGADO,AVANTE,v,,,,,04/10/2026 20:53:19,sim
1,04/10/2026,6257,Presidente,1,municipio,PB,20958,2509701,MONTEIRO,,,,,PARTIDO NOVO,i,NOVO,0,30,NOVO,PARTIDO NOVO,,30,280002539826,ROMEU ZEMA NETO,ZEMA,28/10/1964,6,Válido,nao,,12,0.06,0.057397044,LUIS EDUARDO GRANGEIRO GIRÃO,EDUARDO GIRÃO,NOVO,v,,,,,04/10/2026 20:53:19,sim
1,04/10/2026,6257,Presidente,1,municipio,PB,20958,2509701,MONTEIRO,,,,,UNIDADE POPULAR,i,UP,0,80,UP,UNIDADE POPULAR,,80,280002538811,SAMARA MARTINS DA SILVA FEITOSA,SAMARA,31/08/1987,7,Válido,nao,,5,0.02,0.023915435,RAQUEL NONATO DE BRICIO,RAQUEL BRÍCIO,UP,v,,,,,04/10/2026 20:53:19,sim
1,04/10/2026,6257,Presidente,1,municipio,PB,20958,2509701,MONTEIRO,,,,,DEMOCRATA,i,DEMOCRATA,0,35,DEMOCRATA,DEMOCRATA,,35,280002548139,WILSON GRASSI JUNIOR,VETERINÁRIO WILSON GRASSI,13/03/1970,11,Válido,nao,,1,0.01,0.004783087,SUÊD HAIDAR NOGUEIRA,SUÊD HAIDAR,DEMOCRATA,v,,,,,04/10/2026 20:53:19,sim
1,04/10/2026,6257,Presidente,1,municipio,PB,20958,2509701,MONTEIRO,,,,,PARTIDO MISSÃO,i,MISSÃO,0,14,MISSÃO,PARTIDO MISSÃO,,14,280002540694,RENAN ANTONIO FERREIRA DOS SANTOS,RENAN SANTOS,14/02/1984,4,Válido,nao,,403,1.93,1.927584063,AROLDO MEDINA,CORONEL MEDINA,MISSÃO,v,,,,,04/10/2026 20:53:19,sim
1,04/10/2026,6257,Presidente,1,municipio,PB,20958,2509701,MONTEIRO,,,,,PARTIDO DA CAUSA OPERÁRIA,i,PCO,0,29,PCO,PARTIDO DA CAUSA OPERÁRIA,,29,280002552487,RUI COSTA PIMENTA,RUI COSTA PIMENTA,25/06/1957,12,Válido,nao,,3,0.01,0.014349261,ANTONIO CARLOS SILVA,ANTÔNIO CARLOS,PCO,v,,,,,04/10/2026 20:53:19,sim
1,04/10/2026,6257,Presidente,1,municipio,PB,20974,2509800,MULUNGU,,,,,PARTIDO LIBERAL,i,PL,0,22,PL,PARTIDO LIBERAL,,22,280002551544,FLAVIO NANTES BOLSONARO,FLAVIO BOLSONARO,30/04/1981,1,Válido,nao,,1761,24.44,24.437968360,ALFREDO GASPAR DE MENDONÇA NETO,ALFREDO GASPAR,PL,v,,,,,04/10/2026 18:42:10,sim
1,04/10/2026,6257,Presidente,1,municipio,PB,20974,2509800,MULUNGU,,,,,PARTIDO SOCIAL DEMOCRÁTICO,i,PSD,0,55,PSD,PARTIDO SOCIAL DEMOCRÁTICO,,55,280002551932,RONALDO RAMOS CAIADO,RONALDO CAIADO,25/09/1949,4,Válido,nao,,49,0.68,0.679988898,GILBERTO KASSAB,GILBERTO KASSAB,PSD,v,,,,,04/10/2026 18:42:10,sim
1,04/10/2026,6257,Presidente,1,municipio,PB,20974,2509800,MULUNGU,,PT/PC do B/PV,FEDERAÇÃO BRASIL DA ESPERANÇA - FE BRASIL,PT/PC do B/PV,BRASIL PRONTO PRA MAIS,c,PSB / PDT / PCDOB / PT / PV / PSOL / REDE,,13,PT,PARTIDO DOS TRABALHADORES,101,13,280002542548,LUIZ INÁCIO LULA DA SILVA,LULA,06/10/1945,2,Válido,nao,,5094,70.69,70.691090758,GERALDO JOSE RODRIGUES ALCKMIN FILHO,GERALDO ALCKMIN,PSB,v,,,,,04/10/2026 18:42:10,sim
1,04/10/2026,6257,Presidente,1,municipio,PB,20974,2509800,MULUNGU,,,,,DEMOCRACIA CRISTÃ,i,DC,0,27,DC,DEMOCRACIA CRISTÃ,,27,280002552484,CLARIANA ZACARKIM BARAO,CLARIANA BARAO,03/04/1987,9,Válido,nao,,1,0.01,0.013877324,FABIANA CRISTINA TAVARES TORQUATO,FABIANA TORQUATO,DC,v,,,,,04/10/2026 18:42:10,sim
1,04/10/2026,6257,Presidente,1,municipio,PB,20974,2509800,MULUNGU,,,,,PARTIDO COMUNISTA BRASILEIRO,i,PCB,0,21,PCB,PARTIDO COMUNISTA BRASILEIRO,,21,280002551975,EDMILSON SILVA COSTA,EDMILSON COSTA,08/04/1950,10,Válido,nao,,1,0.01,0.013877324,CLEUSA DOS SANTOS,CLEUSA SANTOS,PCB,v,,,,,04/10/2026 18:42:10,sim
1,04/10/2026,6257,Presidente,1,municipio,PB,20974,2509800,MULUNGU,,,,,PARTIDO SOCIALISTA  DOS TRABALHADORES UNIFICADO,i,PSTU,0,16,PSTU,PARTIDO SOCIALISTA  DOS TRABALHADORES UNIFICADO,,16,280002541457,HERTZ DA CONCEICAO DIAS,HERTZ DIAS,20/10/1970,8,Válido,nao,,1,0.01,0.013877324,VANESSA PORTUGAL BARBOSA,VANESSA PORTUGAL,PSTU,v,,,,,04/10/2026 18:42:10,sim
1,04/10/2026,6257,Presidente,1,municipio,PB,20974,2509800,MULUNGU,,,,,BRASIL DOS NOSSOS SONHOS,c,AGIR / AVANTE,,70,AVANTE,AVANTE,,70,280002551547,AUGUSTO JORGE CURY,ESCRITOR AUGUSTO CURY,02/10/1958,3,Válido,nao,,196,2.72,2.719955593,JULIO CESAR DELGADO,JÚLIO DELGADO,AVANTE,v,,,,,04/10/2026 18:42:10,sim
1,04/10/2026,6257,Presidente,1,municipio,PB,20974,2509800,MULUNGU,,,,,PARTIDO NOVO,i,NOVO,0,30,NOVO,PARTIDO NOVO,,30,280002539826,ROMEU ZEMA NETO,ZEMA,28/10/1964,6,Válido,nao,,4,0.06,0.055509298,LUIS EDUARDO GRANGEIRO GIRÃO,EDUARDO GIRÃO,NOVO,v,,,,,04/10/2026 18:42:10,sim
1,04/10/2026,6257,Presidente,1,municipio,PB,20974,2509800,MULUNGU,,,,,UNIDADE POPULAR,i,UP,0,80,UP,UNIDADE POPULAR,,80,280002538811,SAMARA MARTINS DA SILVA FEITOSA,SAMARA,31/08/1987,7,Válido,nao,,5,0.07,0.069386622,RAQUEL NONATO DE BRICIO,RAQUEL BRÍCIO,UP,v,,,,,04/10/2026 18:42:10,sim
1,04/10/2026,6257,Presidente,1,municipio,PB,20974,2509800,MULUNGU,,,,,DEMOCRATA,i,DEMOCRATA,0,35,DEMOCRATA,DEMOCRATA,,35,280002548139,WILSON GRASSI JUNIOR,VETERINÁRIO WILSON GRASSI,13/03/1970,11,Válido,nao,,0,0.00,0,SUÊD HAIDAR NOGUEIRA,SUÊD HAIDAR,DEMOCRATA,v,,,,,04/10/2026 18:42:10,sim
1,04/10/2026,6257,Presidente,1,municipio,PB,20974,2509800,MULUNGU,,,,,PARTIDO MISSÃO,i,MISSÃO,0,14,MISSÃO,PARTIDO MISSÃO,,14,280002540694,RENAN ANTONIO FERREIRA DOS SANTOS,RENAN SANTOS,14/02/1984,5,Válido,nao,,94,1.30,1.304468498,AROLDO MEDINA,CORONEL MEDINA,MISSÃO,v,,,,,04/10/2026 18:42:10,sim
1,04/10/2026,6257,Presidente,1,municipio,PB,20974,2509800,MULUNGU,,,,,PARTIDO DA CAUSA OPERÁRIA,i,PCO,0,29,PCO,PARTIDO DA CAUSA OPERÁRIA,,29,280002552487,RUI COSTA PIMENTA,RUI COSTA PIMENTA,25/06/1957,12,Válido,nao,,0,0.00,0,ANTONIO CARLOS SILVA,ANTÔNIO CARLOS,PCO,v,,,,,04/10/2026 18:42:10,sim
1,04/10/2026,6257,Presidente,1,municipio,PB,20990,2509909,NATUBA,,,,,PARTIDO LIBERAL,i,PL,0,22,PL,PARTIDO LIBERAL,,22,280002551544,FLAVIO NANTES BOLSONARO,FLAVIO BOLSONARO,30/04/1981,1,Válido,nao,,1261,24.95,24.950534230,ALFREDO GASPAR DE MENDONÇA NETO,ALFREDO GASPAR,PL,v,,,,,04/10/2026 20:57:11,sim
1,04/10/2026,6257,Presidente,1,municipio,PB,20990,2509909,NATUBA,,,,,PARTIDO SOCIAL DEMOCRÁTICO,i,PSD,0,55,PSD,PARTIDO SOCIAL DEMOCRÁTICO,,55,280002551932,RONALDO RAMOS CAIADO,RONALDO CAIADO,25/09/1949,5,Válido,nao,,30,0.59,0.593589236,GILBERTO KASSAB,GILBERTO KASSAB,PSD,v,,,,,04/10/2026 20:57:11,sim
1,04/10/2026,6257,Presidente,1,municipio,PB,20990,2509909,NATUBA,,PT/PC do B/PV,FEDERAÇÃO BRASIL DA ESPERANÇA - FE BRASIL,PT/PC do B/PV,BRASIL PRONTO PRA MAIS,c,PSB / PDT / PCDOB / PT / PV / PSOL / REDE,,13,PT,PARTIDO DOS TRABALHADORES,101,13,280002542548,LUIZ INÁCIO LULA DA SILVA,LULA,06/10/1945,2,Válido,nao,,3551,70.26,70.261179264,GERALDO JOSE RODRIGUES ALCKMIN FILHO,GERALDO ALCKMIN,PSB,v,,,,,04/10/2026 20:57:11,sim
1,04/10/2026,6257,Presidente,1,municipio,PB,20990,2509909,NATUBA,,,,,DEMOCRACIA CRISTÃ,i,DC,0,27,DC,DEMOCRACIA CRISTÃ,,27,280002552484,CLARIANA ZACARKIM BARAO,CLARIANA BARAO,03/04/1987,9,Válido,nao,,2,0.04,0.039572616,FABIANA CRISTINA TAVARES TORQUATO,FABIANA TORQUATO,DC,v,,,,,04/10/2026 20:57:11,sim
1,04/10/2026,6257,Presidente,1,municipio,PB,20990,2509909,NATUBA,,,,,PARTIDO COMUNISTA BRASILEIRO,i,PCB,0,21,PCB,PARTIDO COMUNISTA BRASILEIRO,,21,280002551975,EDMILSON SILVA COSTA,EDMILSON COSTA,08/04/1950,10,Válido,nao,,3,0.06,0.059358924,CLEUSA DOS SANTOS,CLEUSA SANTOS,PCB,v,,,,,04/10/2026 20:57:11,sim
1,04/10/2026,6257,Presidente,1,municipio,PB,20990,2509909,NATUBA,,,,,PARTIDO SOCIALISTA  DOS TRABALHADORES UNIFICADO,i,PSTU,0,16,PSTU,PARTIDO SOCIALISTA  DOS TRABALHADORES UNIFICADO,,16,280002541457,HERTZ DA CONCEICAO DIAS,HERTZ DIAS,20/10/1970,8,Válido,nao,,2,0.04,0.039572616,VANESSA PORTUGAL BARBOSA,VANESSA PORTUGAL,PSTU,v,,,,,04/10/2026 20:57:11,sim
1,04/10/2026,6257,Presidente,1,municipio,PB,20990,2509909,NATUBA,,,,,BRASIL DOS NOSSOS SONHOS,c,AGIR / AVANTE,,70,AVANTE,AVANTE,,70,280002551547,AUGUSTO JORGE CURY,ESCRITOR AUGUSTO CURY,02/10/1958,3,Válido,nao,,124,2.45,2.453502176,JULIO CESAR DELGADO,JÚLIO DELGADO,AVANTE,v,,,,,04/10/2026 20:57:11,sim
1,04/10/2026,6257,Presidente,1,municipio,PB,20990,2509909,NATUBA,,,,,PARTIDO NOVO,i,NOVO,0,30,NOVO,PARTIDO NOVO,,30,280002539826,ROMEU ZEMA NETO,ZEMA,28/10/1964,6,Válido,nao,,5,0.10,0.098931539,LUIS EDUARDO GRANGEIRO GIRÃO,EDUARDO GIRÃO,NOVO,v,,,,,04/10/2026 20:57:11,sim
1,04/10/2026,6257,Presidente,1,municipio,PB,20990,2509909,NATUBA,,,,,UNIDADE POPULAR,i,UP,0,80,UP,UNIDADE POPULAR,,80,280002538811,SAMARA MARTINS DA SILVA FEITOSA,SAMARA,31/08/1987,7,Válido,nao,,3,0.06,0.059358924,RAQUEL NONATO DE BRICIO,RAQUEL BRÍCIO,UP,v,,,,,04/10/2026 20:57:11,sim
1,04/10/2026,6257,Presidente,1,municipio,PB,20990,2509909,NATUBA,,,,,DEMOCRATA,i,DEMOCRATA,0,35,DEMOCRATA,DEMOCRATA,,35,280002548139,WILSON GRASSI JUNIOR,VETERINÁRIO WILSON GRASSI,13/03/1970,11,Válido,nao,,0,0.00,0,SUÊD HAIDAR NOGUEIRA,SUÊD HAIDAR,DEMOCRATA,v,,,,,04/10/2026 20:57:11,sim
1,04/10/2026,6257,Presidente,1,municipio,PB,20990,2509909,NATUBA,,,,,PARTIDO MISSÃO,i,MISSÃO,0,14,MISSÃO,PARTIDO MISSÃO,,14,280002540694,RENAN ANTONIO FERREIRA DOS SANTOS,RENAN SANTOS,14/02/1984,4,Válido,nao,,73,1.44,1.444400475,AROLDO MEDINA,CORONEL MEDINA,MISSÃO,v,,,,,04/10/2026 20:57:11,sim
1,04/10/2026,6257,Presidente,1,municipio,PB,20990,2509909,NATUBA,,,,,PARTIDO DA CAUSA OPERÁRIA,i,PCO,0,29,PCO,PARTIDO DA CAUSA OPERÁRIA,,29,280002552487,RUI COSTA PIMENTA,RUI COSTA PIMENTA,25/06/1957,12,Válido,nao,,0,0.00,0,ANTONIO CARLOS SILVA,ANTÔNIO CARLOS,PCO,v,,,,,04/10/2026 20:57:11,sim
1,04/10/2026,6257,Presidente,1,municipio,PB,21016,2510006,NAZAREZINHO,,,,,PARTIDO LIBERAL,i,PL,0,22,PL,PARTIDO LIBERAL,,22,280002551544,FLAVIO NANTES BOLSONARO,FLAVIO BOLSONARO,30/04/1981,1,Válido,nao,,1039,18.78,18.781634129,ALFREDO GASPAR DE MENDONÇA NETO,ALFREDO GASPAR,PL,v,,,,,04/10/2026 19:16:13,sim
1,04/10/2026,6257,Presidente,1,municipio,PB,21016,2510006,NAZAREZINHO,,,,,PARTIDO SOCIAL DEMOCRÁTICO,i,PSD,0,55,PSD,PARTIDO SOCIAL DEMOCRÁTICO,,55,280002551932,RONALDO RAMOS CAIADO,RONALDO CAIADO,25/09/1949,5,Válido,nao,,21,0.38,0.379609544,GILBERTO KASSAB,GILBERTO KASSAB,PSD,v,,,,,04/10/2026 19:16:13,sim
1,04/10/2026,6257,Presidente,1,municipio,PB,21016,2510006,NAZAREZINHO,,PT/PC do B/PV,FEDERAÇÃO BRASIL DA ESPERANÇA - FE BRASIL,PT/PC do B/PV,BRASIL PRONTO PRA MAIS,c,PSB / PDT / PCDOB / PT / PV / PSOL / REDE,,13,PT,PARTIDO DOS TRABALHADORES,101,13,280002542548,LUIZ INÁCIO LULA DA SILVA,LULA,06/10/1945,2,Válido,nao,,4305,77.82,77.819956616,GERALDO JOSE RODRIGUES ALCKMIN FILHO,GERALDO ALCKMIN,PSB,v,,,,,04/10/2026 19:16:13,sim
1,04/10/2026,6257,Presidente,1,municipio,PB,21016,2510006,NAZAREZINHO,,,,,DEMOCRACIA CRISTÃ,i,DC,0,27,DC,DEMOCRACIA CRISTÃ,,27,280002552484,CLARIANA ZACARKIM BARAO,CLARIANA BARAO,03/04/1987,9,Válido,nao,,0,0.00,0,FABIANA CRISTINA TAVARES TORQUATO,FABIANA TORQUATO,DC,v,,,,,04/10/2026 19:16:13,sim
1,04/10/2026,6257,Presidente,1,municipio,PB,21016,2510006,NAZAREZINHO,,,,,PARTIDO COMUNISTA BRASILEIRO,i,PCB,0,21,PCB,PARTIDO COMUNISTA BRASILEIRO,,21,280002551975,EDMILSON SILVA COSTA,EDMILSON COSTA,08/04/1950,10,Válido,nao,,0,0.00,0,CLEUSA DOS SANTOS,CLEUSA SANTOS,PCB,v,,,,,04/10/2026 19:16:13,sim
1,04/10/2026,6257,Presidente,1,municipio,PB,21016,2510006,NAZAREZINHO,,,,,PARTIDO SOCIALISTA  DOS TRABALHADORES UNIFICADO,i,PSTU,0,16,PSTU,PARTIDO SOCIALISTA  DOS TRABALHADORES UNIFICADO,,16,280002541457,HERTZ DA CONCEICAO DIAS,HERTZ DIAS,20/10/1970,8,Válido,nao,,0,0.00,0,VANESSA PORTUGAL BARBOSA,VANESSA PORTUGAL,PSTU,v,,,,,04/10/2026 19:16:13,sim
1,04/10/2026,6257,Presidente,1,municipio,PB,21016,2510006,NAZAREZINHO,,,,,BRASIL DOS NOSSOS SONHOS,c,AGIR / AVANTE,,70,AVANTE,AVANTE,,70,280002551547,AUGUSTO JORGE CURY,ESCRITOR AUGUSTO CURY,02/10/1958,3,Válido,nao,,109,1.97,1.970354302,JULIO CESAR DELGADO,JÚLIO DELGADO,AVANTE,v,,,,,04/10/2026 19:16:13,sim
1,04/10/2026,6257,Presidente,1,municipio,PB,21016,2510006,NAZAREZINHO,,,,,PARTIDO NOVO,i,NOVO,0,30,NOVO,PARTIDO NOVO,,30,280002539826,ROMEU ZEMA NETO,ZEMA,28/10/1964,6,Válido,nao,,1,0.02,0.018076645,LUIS EDUARDO GRANGEIRO GIRÃO,EDUARDO GIRÃO,NOVO,v,,,,,04/10/2026 19:16:13,sim
1,04/10/2026,6257,Presidente,1,municipio,PB,21016,2510006,NAZAREZINHO,,,,,UNIDADE POPULAR,i,UP,0,80,UP,UNIDADE POPULAR,,80,280002538811,SAMARA MARTINS DA SILVA FEITOSA,SAMARA,31/08/1987,7,Válido,nao,,0,0.00,0,RAQUEL NONATO DE BRICIO,RAQUEL BRÍCIO,UP,v,,,,,04/10/2026 19:16:13,sim
1,04/10/2026,6257,Presidente,1,municipio,PB,21016,2510006,NAZAREZINHO,,,,,DEMOCRATA,i,DEMOCRATA,0,35,DEMOCRATA,DEMOCRATA,,35,280002548139,WILSON GRASSI JUNIOR,VETERINÁRIO WILSON GRASSI,13/03/1970,11,Válido,nao,,1,0.02,0.018076645,SUÊD HAIDAR NOGUEIRA,SUÊD HAIDAR,DEMOCRATA,v,,,,,04/10/2026 19:16:13,sim
1,04/10/2026,6257,Presidente,1,municipio,PB,21016,2510006,NAZAREZINHO,,,,,PARTIDO MISSÃO,i,MISSÃO,0,14,MISSÃO,PARTIDO MISSÃO,,14,280002540694,RENAN ANTONIO FERREIRA DOS SANTOS,RENAN SANTOS,14/02/1984,4,Válido,nao,,56,1.01,1.012292119,AROLDO MEDINA,CORONEL MEDINA,MISSÃO,v,,,,,04/10/2026 19:16:13,sim
1,04/10/2026,6257,Presidente,1,municipio,PB,21016,2510006,NAZAREZINHO,,,,,PARTIDO DA CAUSA OPERÁRIA,i,PCO,0,29,PCO,PARTIDO DA CAUSA OPERÁRIA,,29,280002552487,RUI COSTA PIMENTA,RUI COSTA PIMENTA,25/06/1957,12,Válido,nao,,0,0.00,0,ANTONIO CARLOS SILVA,ANTÔNIO CARLOS,PCO,v,,,,,04/10/2026 19:16:13,sim
1,04/10/2026,6257,Presidente,1,municipio,PB,21032,2510105,NOVA FLORESTA,,,,,PARTIDO LIBERAL,i,PL,0,22,PL,PARTIDO LIBERAL,,22,280002551544,FLAVIO NANTES BOLSONARO,FLAVIO BOLSONARO,30/04/1981,1,Válido,nao,,1552,24.94,24.943747991,ALFREDO GASPAR DE MENDONÇA NETO,ALFREDO GASPAR,PL,v,,,,,04/10/2026 19:04:33,sim
1,04/10/2026,6257,Presidente,1,municipio,PB,21032,2510105,NOVA FLORESTA,,,,,PARTIDO SOCIAL DEMOCRÁTICO,i,PSD,0,55,PSD,PARTIDO SOCIAL DEMOCRÁTICO,,55,280002551932,RONALDO RAMOS CAIADO,RONALDO CAIADO,25/09/1949,4,Válido,nao,,31,0.50,0.498232080,GILBERTO KASSAB,GILBERTO KASSAB,PSD,v,,,,,04/10/2026 19:04:33,sim
1,04/10/2026,6257,Presidente,1,municipio,PB,21032,2510105,NOVA FLORESTA,,PT/PC do B/PV,FEDERAÇÃO BRASIL DA ESPERANÇA - FE BRASIL,PT/PC do B/PV,BRASIL PRONTO PRA MAIS,c,PSB / PDT / PCDOB / PT / PV / PSOL / REDE,,13,PT,PARTIDO DOS TRABALHADORES,101,13,280002542548,LUIZ INÁCIO LULA DA SILVA,LULA,06/10/1945,2,Válido,nao,,4309,69.25,69.254259081,GERALDO JOSE RODRIGUES ALCKMIN FILHO,GERALDO ALCKMIN,PSB,v,,,,,04/10/2026 19:04:33,sim
1,04/10/2026,6257,Presidente,1,municipio,PB,21032,2510105,NOVA FLORESTA,,,,,DEMOCRACIA CRISTÃ,i,DC,0,27,DC,DEMOCRACIA CRISTÃ,,27,280002552484,CLARIANA ZACARKIM BARAO,CLARIANA BARAO,03/04/1987,9,Válido,nao,,3,0.05,0.048216008,FABIANA CRISTINA TAVARES TORQUATO,FABIANA TORQUATO,DC,v,,,,,04/10/2026 19:04:33,sim
1,04/10/2026,6257,Presidente,1,municipio,PB,21032,2510105,NOVA FLORESTA,,,,,PARTIDO COMUNISTA BRASILEIRO,i,PCB,0,21,PCB,PARTIDO COMUNISTA BRASILEIRO,,21,280002551975,EDMILSON SILVA COSTA,EDMILSON COSTA,08/04/1950,10,Válido,nao,,0,0.00,0,CLEUSA DOS SANTOS,CLEUSA SANTOS,PCB,v,,,,,04/10/2026 19:04:33,sim
1,04/10/2026,6257,Presidente,1,municipio,PB,21032,2510105,NOVA FLORESTA,,,,,PARTIDO SOCIALISTA  DOS TRABALHADORES UNIFICADO,i,PSTU,0,16,PSTU,PARTIDO SOCIALISTA  DOS TRABALHADORES UNIFICADO,,16,280002541457,HERTZ DA CONCEICAO DIAS,HERTZ DIAS,20/10/1970,8,Válido,nao,,0,0.00,0,VANESSA PORTUGAL BARBOSA,VANESSA PORTUGAL,PSTU,v,,,,,04/10/2026 19:04:33,sim
1,04/10/2026,6257,Presidente,1,municipio,PB,21032,2510105,NOVA FLORESTA,,,,,BRASIL DOS NOSSOS SONHOS,c,AGIR / AVANTE,,70,AVANTE,AVANTE,,70,280002551547,AUGUSTO JORGE CURY,ESCRITOR AUGUSTO CURY,02/10/1958,3,Válido,nao,,229,3.68,3.680488589,JULIO CESAR DELGADO,JÚLIO DELGADO,AVANTE,v,,,,,04/10/2026 19:04:33,sim
1,04/10/2026,6257,Presidente,1,municipio,PB,21032,2510105,NOVA FLORESTA,,,,,PARTIDO NOVO,i,NOVO,0,30,NOVO,PARTIDO NOVO,,30,280002539826,ROMEU ZEMA NETO,ZEMA,28/10/1964,6,Válido,nao,,4,0.06,0.064288010,LUIS EDUARDO GRANGEIRO GIRÃO,EDUARDO GIRÃO,NOVO,v,,,,,04/10/2026 19:04:33,sim
1,04/10/2026,6257,Presidente,1,municipio,PB,21032,2510105,NOVA FLORESTA,,,,,UNIDADE POPULAR,i,UP,0,80,UP,UNIDADE POPULAR,,80,280002538811,SAMARA MARTINS DA SILVA FEITOSA,SAMARA,31/08/1987,7,Válido,nao,,0,0.00,0,RAQUEL NONATO DE BRICIO,RAQUEL BRÍCIO,UP,v,,,,,04/10/2026 19:04:33,sim
1,04/10/2026,6257,Presidente,1,municipio,PB,21032,2510105,NOVA FLORESTA,,,,,DEMOCRATA,i,DEMOCRATA,0,35,DEMOCRATA,DEMOCRATA,,35,280002548139,WILSON GRASSI JUNIOR,VETERINÁRIO WILSON GRASSI,13/03/1970,11,Válido,nao,,0,0.00,0,SUÊD HAIDAR NOGUEIRA,SUÊD HAIDAR,DEMOCRATA,v,,,,,04/10/2026 19:04:33,sim
1,04/10/2026,6257,Presidente,1,municipio,PB,21032,2510105,NOVA FLORESTA,,,,,PARTIDO MISSÃO,i,MISSÃO,0,14,MISSÃO,PARTIDO MISSÃO,,14,280002540694,RENAN ANTONIO FERREIRA DOS SANTOS,RENAN SANTOS,14/02/1984,5,Válido,nao,,94,1.51,1.510768242,AROLDO MEDINA,CORONEL MEDINA,MISSÃO,v,,,,,04/10/2026 19:04:33,sim
1,04/10/2026,6257,Presidente,1,municipio,PB,21032,2510105,NOVA FLORESTA,,,,,PARTIDO DA CAUSA OPERÁRIA,i,PCO,0,29,PCO,PARTIDO DA CAUSA OPERÁRIA,,29,280002552487,RUI COSTA PIMENTA,RUI COSTA PIMENTA,25/06/1957,12,Válido,nao,,0,0.00,0,ANTONIO CARLOS SILVA,ANTÔNIO CARLOS,PCO,v,,,,,04/10/2026 19:04:33,sim
1,04/10/2026,6257,Presidente,1,municipio,PB,21059,2510204,NOVA OLINDA,,,,,PARTIDO LIBERAL,i,PL,0,22,PL,PARTIDO LIBERAL,,22,280002551544,FLAVIO NANTES BOLSONARO,FLAVIO BOLSONARO,30/04/1981,1,Válido,nao,,709,17.99,17.985794013,ALFREDO GASPAR DE MENDONÇA NETO,ALFREDO GASPAR,PL,v,,,,,04/10/2026 18:23:59,sim
1,04/10/2026,6257,Presidente,1,municipio,PB,21059,2510204,NOVA OLINDA,,,,,PARTIDO SOCIAL DEMOCRÁTICO,i,PSD,0,55,PSD,PARTIDO SOCIAL DEMOCRÁTICO,,55,280002551932,RONALDO RAMOS CAIADO,RONALDO CAIADO,25/09/1949,4,Válido,nao,,15,0.38,0.380517504,GILBERTO KASSAB,GILBERTO KASSAB,PSD,v,,,,,04/10/2026 18:23:59,sim
1,04/10/2026,6257,Presidente,1,municipio,PB,21059,2510204,NOVA OLINDA,,PT/PC do B/PV,FEDERAÇÃO BRASIL DA ESPERANÇA - FE BRASIL,PT/PC do B/PV,BRASIL PRONTO PRA MAIS,c,PSB / PDT / PCDOB / PT / PV / PSOL / REDE,,13,PT,PARTIDO DOS TRABALHADORES,101,13,280002542548,LUIZ INÁCIO LULA DA SILVA,LULA,06/10/1945,2,Válido,nao,,3092,78.44,78.437341451,GERALDO JOSE RODRIGUES ALCKMIN FILHO,GERALDO ALCKMIN,PSB,v,,,,,04/10/2026 18:23:59,sim
1,04/10/2026,6257,Presidente,1,municipio,PB,21059,2510204,NOVA OLINDA,,,,,DEMOCRACIA CRISTÃ,i,DC,0,27,DC,DEMOCRACIA CRISTÃ,,27,280002552484,CLARIANA ZACARKIM BARAO,CLARIANA BARAO,03/04/1987,8,Válido,nao,,0,0.00,0,FABIANA CRISTINA TAVARES TORQUATO,FABIANA TORQUATO,DC,v,,,,,04/10/2026 18:23:59,sim
1,04/10/2026,6257,Presidente,1,municipio,PB,21059,2510204,NOVA OLINDA,,,,,PARTIDO COMUNISTA BRASILEIRO,i,PCB,0,21,PCB,PARTIDO COMUNISTA BRASILEIRO,,21,280002551975,EDMILSON SILVA COSTA,EDMILSON COSTA,08/04/1950,10,Válido,nao,,0,0.00,0,CLEUSA DOS SANTOS,CLEUSA SANTOS,PCB,v,,,,,04/10/2026 18:23:59,sim
1,04/10/2026,6257,Presidente,1,municipio,PB,21059,2510204,NOVA OLINDA,,,,,PARTIDO SOCIALISTA  DOS TRABALHADORES UNIFICADO,i,PSTU,0,16,PSTU,PARTIDO SOCIALISTA  DOS TRABALHADORES UNIFICADO,,16,280002541457,HERTZ DA CONCEICAO DIAS,HERTZ DIAS,20/10/1970,9,Válido,nao,,0,0.00,0,VANESSA PORTUGAL BARBOSA,VANESSA PORTUGAL,PSTU,v,,,,,04/10/2026 18:23:59,sim
1,04/10/2026,6257,Presidente,1,municipio,PB,21059,2510204,NOVA OLINDA,,,,,BRASIL DOS NOSSOS SONHOS,c,AGIR / AVANTE,,70,AVANTE,AVANTE,,70,280002551547,AUGUSTO JORGE CURY,ESCRITOR AUGUSTO CURY,02/10/1958,3,Válido,nao,,80,2.03,2.029426687,JULIO CESAR DELGADO,JÚLIO DELGADO,AVANTE,v,,,,,04/10/2026 18:23:59,sim
1,04/10/2026,6257,Presidente,1,municipio,PB,21059,2510204,NOVA OLINDA,,,,,PARTIDO NOVO,i,NOVO,0,30,NOVO,PARTIDO NOVO,,30,280002539826,ROMEU ZEMA NETO,ZEMA,28/10/1964,6,Válido,nao,,1,0.03,0.025367834,LUIS EDUARDO GRANGEIRO GIRÃO,EDUARDO GIRÃO,NOVO,v,,,,,04/10/2026 18:23:59,sim
1,04/10/2026,6257,Presidente,1,municipio,PB,21059,2510204,NOVA OLINDA,,,,,UNIDADE POPULAR,i,UP,0,80,UP,UNIDADE POPULAR,,80,280002538811,SAMARA MARTINS DA SILVA FEITOSA,SAMARA,31/08/1987,7,Válido,nao,,1,0.03,0.025367834,RAQUEL NONATO DE BRICIO,RAQUEL BRÍCIO,UP,v,,,,,04/10/2026 18:23:59,sim
1,04/10/2026,6257,Presidente,1,municipio,PB,21059,2510204,NOVA OLINDA,,,,,DEMOCRATA,i,DEMOCRATA,0,35,DEMOCRATA,DEMOCRATA,,35,280002548139,WILSON GRASSI JUNIOR,VETERINÁRIO WILSON GRASSI,13/03/1970,11,Válido,nao,,0,0.00,0,SUÊD HAIDAR NOGUEIRA,SUÊD HAIDAR,DEMOCRATA,v,,,,,04/10/2026 18:23:59,sim
1,04/10/2026,6257,Presidente,1,municipio,PB,21059,2510204,NOVA OLINDA,,,,,PARTIDO MISSÃO,i,MISSÃO,0,14,MISSÃO,PARTIDO MISSÃO,,14,280002540694,RENAN ANTONIO FERREIRA DOS SANTOS,RENAN SANTOS,14/02/1984,5,Válido,nao,,44,1.12,1.116184678,AROLDO MEDINA,CORONEL MEDINA,MISSÃO,v,,,,,04/10/2026 18:23:59,sim
1,04/10/2026,6257,Presidente,1,municipio,PB,21059,2510204,NOVA OLINDA,,,,,PARTIDO DA CAUSA OPERÁRIA,i,PCO,0,29,PCO,PARTIDO DA CAUSA OPERÁRIA,,29,280002552487,RUI COSTA PIMENTA,RUI COSTA PIMENTA,25/06/1957,12,Válido,nao,,0,0.00,0,ANTONIO CARLOS SILVA,ANTÔNIO CARLOS,PCO,v,,,,,04/10/2026 18:23:59,sim
1,04/10/2026,6257,Presidente,1,municipio,PB,21075,2510303,NOVA PALMEIRA,,,,,PARTIDO LIBERAL,i,PL,0,22,PL,PARTIDO LIBERAL,,22,280002551544,FLAVIO NANTES BOLSONARO,FLAVIO BOLSONARO,30/04/1981,1,Válido,nao,,533,17.37,17.367220593,ALFREDO GASPAR DE MENDONÇA NETO,ALFREDO GASPAR,PL,v,,,,,04/10/2026 18:13:51,sim
1,04/10/2026,6257,Presidente,1,municipio,PB,21075,2510303,NOVA PALMEIRA,,,,,PARTIDO SOCIAL DEMOCRÁTICO,i,PSD,0,55,PSD,PARTIDO SOCIAL DEMOCRÁTICO,,55,280002551932,RONALDO RAMOS CAIADO,RONALDO CAIADO,25/09/1949,4,Válido,nao,,9,0.29,0.293255132,GILBERTO KASSAB,GILBERTO KASSAB,PSD,v,,,,,04/10/2026 18:13:51,sim
1,04/10/2026,6257,Presidente,1,municipio,PB,21075,2510303,NOVA PALMEIRA,,PT/PC do B/PV,FEDERAÇÃO BRASIL DA ESPERANÇA - FE BRASIL,PT/PC do B/PV,BRASIL PRONTO PRA MAIS,c,PSB / PDT / PCDOB / PT / PV / PSOL / REDE,,13,PT,PARTIDO DOS TRABALHADORES,101,13,280002542548,LUIZ INÁCIO LULA DA SILVA,LULA,06/10/1945,2,Válido,nao,,2373,77.32,77.321603128,GERALDO JOSE RODRIGUES ALCKMIN FILHO,GERALDO ALCKMIN,PSB,v,,,,,04/10/2026 18:13:51,sim
1,04/10/2026,6257,Presidente,1,municipio,PB,21075,2510303,NOVA PALMEIRA,,,,,DEMOCRACIA CRISTÃ,i,DC,0,27,DC,DEMOCRACIA CRISTÃ,,27,280002552484,CLARIANA ZACARKIM BARAO,CLARIANA BARAO,03/04/1987,8,Válido,nao,,1,0.03,0.032583904,FABIANA CRISTINA TAVARES TORQUATO,FABIANA TORQUATO,DC,v,,,,,04/10/2026 18:13:51,sim
1,04/10/2026,6257,Presidente,1,municipio,PB,21075,2510303,NOVA PALMEIRA,,,,,PARTIDO COMUNISTA BRASILEIRO,i,PCB,0,21,PCB,PARTIDO COMUNISTA BRASILEIRO,,21,280002551975,EDMILSON SILVA COSTA,EDMILSON COSTA,08/04/1950,10,Válido,nao,,0,0.00,0,CLEUSA DOS SANTOS,CLEUSA SANTOS,PCB,v,,,,,04/10/2026 18:13:51,sim
1,04/10/2026,6257,Presidente,1,municipio,PB,21075,2510303,NOVA PALMEIRA,,,,,PARTIDO SOCIALISTA  DOS TRABALHADORES UNIFICADO,i,PSTU,0,16,PSTU,PARTIDO SOCIALISTA  DOS TRABALHADORES UNIFICADO,,16,280002541457,HERTZ DA CONCEICAO DIAS,HERTZ DIAS,20/10/1970,9,Válido,nao,,1,0.03,0.032583904,VANESSA PORTUGAL BARBOSA,VANESSA PORTUGAL,PSTU,v,,,,,04/10/2026 18:13:51,sim
1,04/10/2026,6257,Presidente,1,municipio,PB,21075,2510303,NOVA PALMEIRA,,,,,BRASIL DOS NOSSOS SONHOS,c,AGIR / AVANTE,,70,AVANTE,AVANTE,,70,280002551547,AUGUSTO JORGE CURY,ESCRITOR AUGUSTO CURY,02/10/1958,3,Válido,nao,,91,2.97,2.965135223,JULIO CESAR DELGADO,JÚLIO DELGADO,AVANTE,v,,,,,04/10/2026 18:13:51,sim
1,04/10/2026,6257,Presidente,1,municipio,PB,21075,2510303,NOVA PALMEIRA,,,,,PARTIDO NOVO,i,NOVO,0,30,NOVO,PARTIDO NOVO,,30,280002539826,ROMEU ZEMA NETO,ZEMA,28/10/1964,6,Válido,nao,,1,0.03,0.032583904,LUIS EDUARDO GRANGEIRO GIRÃO,EDUARDO GIRÃO,NOVO,v,,,,,04/10/2026 18:13:51,sim
1,04/10/2026,6257,Presidente,1,municipio,PB,21075,2510303,NOVA PALMEIRA,,,,,UNIDADE POPULAR,i,UP,0,80,UP,UNIDADE POPULAR,,80,280002538811,SAMARA MARTINS DA SILVA FEITOSA,SAMARA,31/08/1987,7,Válido,nao,,0,0.00,0,RAQUEL NONATO DE BRICIO,RAQUEL BRÍCIO,UP,v,,,,,04/10/2026 18:13:51,sim
1,04/10/2026,6257,Presidente,1,municipio,PB,21075,2510303,NOVA PALMEIRA,,,,,DEMOCRATA,i,DEMOCRATA,0,35,DEMOCRATA,DEMOCRATA,,35,280002548139,WILSON GRASSI JUNIOR,VETERINÁRIO WILSON GRASSI,13/03/1970,11,Válido,nao,,0,0.00,0,SUÊD HAIDAR NOGUEIRA,SUÊD HAIDAR,DEMOCRATA,v,,,,,04/10/2026 18:13:51,sim
1,04/10/2026,6257,Presidente,1,municipio,PB,21075,2510303,NOVA PALMEIRA,,,,,PARTIDO MISSÃO,i,MISSÃO,0,14,MISSÃO,PARTIDO MISSÃO,,14,280002540694,RENAN ANTONIO FERREIRA DOS SANTOS,RENAN SANTOS,14/02/1984,5,Válido,nao,,60,1.96,1.955034213,AROLDO MEDINA,CORONEL MEDINA,MISSÃO,v,,,,,04/10/2026 18:13:51,sim
1,04/10/2026,6257,Presidente,1,municipio,PB,21075,2510303,NOVA PALMEIRA,,,,,PARTIDO DA CAUSA OPERÁRIA,i,PCO,0,29,PCO,PARTIDO DA CAUSA OPERÁRIA,,29,280002552487,RUI COSTA PIMENTA,RUI COSTA PIMENTA,25/06/1957,12,Válido,nao,,0,0.00,0,ANTONIO CARLOS SILVA,ANTÔNIO CARLOS,PCO,v,,,,,04/10/2026 18:13:51,sim
1,04/10/2026,6257,Presidente,1,municipio,PB,21091,2510402,OLHO D'ÁGUA,,,,,PARTIDO LIBERAL,i,PL,0,22,PL,PARTIDO LIBERAL,,22,280002551544,FLAVIO NANTES BOLSONARO,FLAVIO BOLSONARO,30/04/1981,1,Válido,nao,,1266,23.97,23.968193866,ALFREDO GASPAR DE MENDONÇA NETO,ALFREDO GASPAR,PL,v,,,,,04/10/2026 19:16:39,sim
1,04/10/2026,6257,Presidente,1,municipio,PB,21091,2510402,OLHO D'ÁGUA,,,,,PARTIDO SOCIAL DEMOCRÁTICO,i,PSD,0,55,PSD,PARTIDO SOCIAL DEMOCRÁTICO,,55,280002551932,RONALDO RAMOS CAIADO,RONALDO CAIADO,25/09/1949,5,Válido,nao,,27,0.51,0.511170011,GILBERTO KASSAB,GILBERTO KASSAB,PSD,v,,,,,04/10/2026 19:16:39,sim
1,04/10/2026,6257,Presidente,1,municipio,PB,21091,2510402,OLHO D'ÁGUA,,PT/PC do B/PV,FEDERAÇÃO BRASIL DA ESPERANÇA - FE BRASIL,PT/PC do B/PV,BRASIL PRONTO PRA MAIS,c,PSB / PDT / PCDOB / PT / PV / PSOL / REDE,,13,PT,PARTIDO DOS TRABALHADORES,101,13,280002542548,LUIZ INÁCIO LULA DA SILVA,LULA,06/10/1945,2,Válido,nao,,3802,71.98,71.980310488,GERALDO JOSE RODRIGUES ALCKMIN FILHO,GERALDO ALCKMIN,PSB,v,,,,,04/10/2026 19:16:39,sim
1,04/10/2026,6257,Presidente,1,municipio,PB,21091,2510402,OLHO D'ÁGUA,,,,,DEMOCRACIA CRISTÃ,i,DC,0,27,DC,DEMOCRACIA CRISTÃ,,27,280002552484,CLARIANA ZACARKIM BARAO,CLARIANA BARAO,03/04/1987,9,Válido,nao,,0,0.00,0,FABIANA CRISTINA TAVARES TORQUATO,FABIANA TORQUATO,DC,v,,,,,04/10/2026 19:16:39,sim
1,04/10/2026,6257,Presidente,1,municipio,PB,21091,2510402,OLHO D'ÁGUA,,,,,PARTIDO COMUNISTA BRASILEIRO,i,PCB,0,21,PCB,PARTIDO COMUNISTA BRASILEIRO,,21,280002551975,EDMILSON SILVA COSTA,EDMILSON COSTA,08/04/1950,10,Válido,nao,,0,0.00,0,CLEUSA DOS SANTOS,CLEUSA SANTOS,PCB,v,,,,,04/10/2026 19:16:39,sim
1,04/10/2026,6257,Presidente,1,municipio,PB,21091,2510402,OLHO D'ÁGUA,,,,,PARTIDO SOCIALISTA  DOS TRABALHADORES UNIFICADO,i,PSTU,0,16,PSTU,PARTIDO SOCIALISTA  DOS TRABALHADORES UNIFICADO,,16,280002541457,HERTZ DA CONCEICAO DIAS,HERTZ DIAS,20/10/1970,8,Válido,nao,,0,0.00,0,VANESSA PORTUGAL BARBOSA,VANESSA PORTUGAL,PSTU,v,,,,,04/10/2026 19:16:39,sim
1,04/10/2026,6257,Presidente,1,municipio,PB,21091,2510402,OLHO D'ÁGUA,,,,,BRASIL DOS NOSSOS SONHOS,c,AGIR / AVANTE,,70,AVANTE,AVANTE,,70,280002551547,AUGUSTO JORGE CURY,ESCRITOR AUGUSTO CURY,02/10/1958,3,Válido,nao,,121,2.29,2.290798940,JULIO CESAR DELGADO,JÚLIO DELGADO,AVANTE,v,,,,,04/10/2026 19:16:39,sim
1,04/10/2026,6257,Presidente,1,municipio,PB,21091,2510402,OLHO D'ÁGUA,,,,,PARTIDO NOVO,i,NOVO,0,30,NOVO,PARTIDO NOVO,,30,280002539826,ROMEU ZEMA NETO,ZEMA,28/10/1964,6,Válido,nao,,0,0.00,0,LUIS EDUARDO GRANGEIRO GIRÃO,EDUARDO GIRÃO,NOVO,v,,,,,04/10/2026 19:16:39,sim
1,04/10/2026,6257,Presidente,1,municipio,PB,21091,2510402,OLHO D'ÁGUA,,,,,UNIDADE POPULAR,i,UP,0,80,UP,UNIDADE POPULAR,,80,280002538811,SAMARA MARTINS DA SILVA FEITOSA,SAMARA,31/08/1987,7,Válido,nao,,0,0.00,0,RAQUEL NONATO DE BRICIO,RAQUEL BRÍCIO,UP,v,,,,,04/10/2026 19:16:39,sim
1,04/10/2026,6257,Presidente,1,municipio,PB,21091,2510402,OLHO D'ÁGUA,,,,,DEMOCRATA,i,DEMOCRATA,0,35,DEMOCRATA,DEMOCRATA,,35,280002548139,WILSON GRASSI JUNIOR,VETERINÁRIO WILSON GRASSI,13/03/1970,11,Válido,nao,,2,0.04,0.037864445,SUÊD HAIDAR NOGUEIRA,SUÊD HAIDAR,DEMOCRATA,v,,,,,04/10/2026 19:16:39,sim
1,04/10/2026,6257,Presidente,1,municipio,PB,21091,2510402,OLHO D'ÁGUA,,,,,PARTIDO MISSÃO,i,MISSÃO,0,14,MISSÃO,PARTIDO MISSÃO,,14,280002540694,RENAN ANTONIO FERREIRA DOS SANTOS,RENAN SANTOS,14/02/1984,4,Válido,nao,,64,1.21,1.211662249,AROLDO MEDINA,CORONEL MEDINA,MISSÃO,v,,,,,04/10/2026 19:16:39,sim
1,04/10/2026,6257,Presidente,1,municipio,PB,21091,2510402,OLHO D'ÁGUA,,,,,PARTIDO DA CAUSA OPERÁRIA,i,PCO,0,29,PCO,PARTIDO DA CAUSA OPERÁRIA,,29,280002552487,RUI COSTA PIMENTA,RUI COSTA PIMENTA,25/06/1957,12,Válido,nao,,0,0.00,0,ANTONIO CARLOS SILVA,ANTÔNIO CARLOS,PCO,v,,,,,04/10/2026 19:16:39,sim
1,04/10/2026,6257,Presidente,1,municipio,PB,21113,2510501,OLIVEDOS,,,,,PARTIDO LIBERAL,i,PL,0,22,PL,PARTIDO LIBERAL,,22,280002551544,FLAVIO NANTES BOLSONARO,FLAVIO BOLSONARO,30/04/1981,1,Válido,nao,,895,28.24,28.242347744,ALFREDO GASPAR DE MENDONÇA NETO,ALFREDO GASPAR,PL,v,,,,,04/10/2026 18:37:33,sim
1,04/10/2026,6257,Presidente,1,municipio,PB,21113,2510501,OLIVEDOS,,,,,PARTIDO SOCIAL DEMOCRÁTICO,i,PSD,0,55,PSD,PARTIDO SOCIAL DEMOCRÁTICO,,55,280002551932,RONALDO RAMOS CAIADO,RONALDO CAIADO,25/09/1949,4,Válido,nao,,17,0.54,0.536446829,GILBERTO KASSAB,GILBERTO KASSAB,PSD,v,,,,,04/10/2026 18:37:33,sim
1,04/10/2026,6257,Presidente,1,municipio,PB,21113,2510501,OLIVEDOS,,PT/PC do B/PV,FEDERAÇÃO BRASIL DA ESPERANÇA - FE BRASIL,PT/PC do B/PV,BRASIL PRONTO PRA MAIS,c,PSB / PDT / PCDOB / PT / PV / PSOL / REDE,,13,PT,PARTIDO DOS TRABALHADORES,101,13,280002542548,LUIZ INÁCIO LULA DA SILVA,LULA,06/10/1945,2,Válido,nao,,2103,66.36,66.361628274,GERALDO JOSE RODRIGUES ALCKMIN FILHO,GERALDO ALCKMIN,PSB,v,,,,,04/10/2026 18:37:33,sim
1,04/10/2026,6257,Presidente,1,municipio,PB,21113,2510501,OLIVEDOS,,,,,DEMOCRACIA CRISTÃ,i,DC,0,27,DC,DEMOCRACIA CRISTÃ,,27,280002552484,CLARIANA ZACARKIM BARAO,CLARIANA BARAO,03/04/1987,9,Válido,nao,,0,0.00,0,FABIANA CRISTINA TAVARES TORQUATO,FABIANA TORQUATO,DC,v,,,,,04/10/2026 18:37:33,sim
1,04/10/2026,6257,Presidente,1,municipio,PB,21113,2510501,OLIVEDOS,,,,,PARTIDO COMUNISTA BRASILEIRO,i,PCB,0,21,PCB,PARTIDO COMUNISTA BRASILEIRO,,21,280002551975,EDMILSON SILVA COSTA,EDMILSON COSTA,08/04/1950,10,Válido,nao,,0,0.00,0,CLEUSA DOS SANTOS,CLEUSA SANTOS,PCB,v,,,,,04/10/2026 18:37:33,sim
1,04/10/2026,6257,Presidente,1,municipio,PB,21113,2510501,OLIVEDOS,,,,,PARTIDO SOCIALISTA  DOS TRABALHADORES UNIFICADO,i,PSTU,0,16,PSTU,PARTIDO SOCIALISTA  DOS TRABALHADORES UNIFICADO,,16,280002541457,HERTZ DA CONCEICAO DIAS,HERTZ DIAS,20/10/1970,8,Válido,nao,,0,0.00,0,VANESSA PORTUGAL BARBOSA,VANESSA PORTUGAL,PSTU,v,,,,,04/10/2026 18:37:33,sim
1,04/10/2026,6257,Presidente,1,municipio,PB,21113,2510501,OLIVEDOS,,,,,BRASIL DOS NOSSOS SONHOS,c,AGIR / AVANTE,,70,AVANTE,AVANTE,,70,280002551547,AUGUSTO JORGE CURY,ESCRITOR AUGUSTO CURY,02/10/1958,3,Válido,nao,,115,3.63,3.628905017,JULIO CESAR DELGADO,JÚLIO DELGADO,AVANTE,v,,,,,04/10/2026 18:37:33,sim
1,04/10/2026,6257,Presidente,1,municipio,PB,21113,2510501,OLIVEDOS,,,,,PARTIDO NOVO,i,NOVO,0,30,NOVO,PARTIDO NOVO,,30,280002539826,ROMEU ZEMA NETO,ZEMA,28/10/1964,6,Válido,nao,,1,0.03,0.031555696,LUIS EDUARDO GRANGEIRO GIRÃO,EDUARDO GIRÃO,NOVO,v,,,,,04/10/2026 18:37:33,sim
1,04/10/2026,6257,Presidente,1,municipio,PB,21113,2510501,OLIVEDOS,,,,,UNIDADE POPULAR,i,UP,0,80,UP,UNIDADE POPULAR,,80,280002538811,SAMARA MARTINS DA SILVA FEITOSA,SAMARA,31/08/1987,7,Válido,nao,,1,0.03,0.031555696,RAQUEL NONATO DE BRICIO,RAQUEL BRÍCIO,UP,v,,,,,04/10/2026 18:37:33,sim
1,04/10/2026,6257,Presidente,1,municipio,PB,21113,2510501,OLIVEDOS,,,,,DEMOCRATA,i,DEMOCRATA,0,35,DEMOCRATA,DEMOCRATA,,35,280002548139,WILSON GRASSI JUNIOR,VETERINÁRIO WILSON GRASSI,13/03/1970,11,Válido,nao,,0,0.00,0,SUÊD HAIDAR NOGUEIRA,SUÊD HAIDAR,DEMOCRATA,v,,,,,04/10/2026 18:37:33,sim
1,04/10/2026,6257,Presidente,1,municipio,PB,21113,2510501,OLIVEDOS,,,,,PARTIDO MISSÃO,i,MISSÃO,0,14,MISSÃO,PARTIDO MISSÃO,,14,280002540694,RENAN ANTONIO FERREIRA DOS SANTOS,RENAN SANTOS,14/02/1984,5,Válido,nao,,37,1.17,1.167560745,AROLDO MEDINA,CORONEL MEDINA,MISSÃO,v,,,,,04/10/2026 18:37:33,sim
1,04/10/2026,6257,Presidente,1,municipio,PB,21113,2510501,OLIVEDOS,,,,,PARTIDO DA CAUSA OPERÁRIA,i,PCO,0,29,PCO,PARTIDO DA CAUSA OPERÁRIA,,29,280002552487,RUI COSTA PIMENTA,RUI COSTA PIMENTA,25/06/1957,12,Válido,nao,,0,0.00,0,ANTONIO CARLOS SILVA,ANTÔNIO CARLOS,PCO,v,,,,,04/10/2026 18:37:33,sim
1,04/10/2026,6257,Presidente,1,municipio,PB,21130,2510600,OURO VELHO,,,,,PARTIDO LIBERAL,i,PL,0,22,PL,PARTIDO LIBERAL,,22,280002551544,FLAVIO NANTES BOLSONARO,FLAVIO BOLSONARO,30/04/1981,1,Válido,nao,,476,18.84,18.836565097,ALFREDO GASPAR DE MENDONÇA NETO,ALFREDO GASPAR,PL,v,,,,,04/10/2026 17:55:29,sim
1,04/10/2026,6257,Presidente,1,municipio,PB,21130,2510600,OURO VELHO,,,,,PARTIDO SOCIAL DEMOCRÁTICO,i,PSD,0,55,PSD,PARTIDO SOCIAL DEMOCRÁTICO,,55,280002551932,RONALDO RAMOS CAIADO,RONALDO CAIADO,25/09/1949,4,Válido,nao,,9,0.36,0.356153542,GILBERTO KASSAB,GILBERTO KASSAB,PSD,v,,,,,04/10/2026 17:55:29,sim
1,04/10/2026,6257,Presidente,1,municipio,PB,21130,2510600,OURO VELHO,,PT/PC do B/PV,FEDERAÇÃO BRASIL DA ESPERANÇA - FE BRASIL,PT/PC do B/PV,BRASIL PRONTO PRA MAIS,c,PSB / PDT / PCDOB / PT / PV / PSOL / REDE,,13,PT,PARTIDO DOS TRABALHADORES,101,13,280002542548,LUIZ INÁCIO LULA DA SILVA,LULA,06/10/1945,2,Válido,nao,,1975,78.16,78.155916106,GERALDO JOSE RODRIGUES ALCKMIN FILHO,GERALDO ALCKMIN,PSB,v,,,,,04/10/2026 17:55:29,sim
1,04/10/2026,6257,Presidente,1,municipio,PB,21130,2510600,OURO VELHO,,,,,DEMOCRACIA CRISTÃ,i,DC,0,27,DC,DEMOCRACIA CRISTÃ,,27,280002552484,CLARIANA ZACARKIM BARAO,CLARIANA BARAO,03/04/1987,8,Válido,nao,,1,0.04,0.039572616,FABIANA CRISTINA TAVARES TORQUATO,FABIANA TORQUATO,DC,v,,,,,04/10/2026 17:55:29,sim
1,04/10/2026,6257,Presidente,1,municipio,PB,21130,2510600,OURO VELHO,,,,,PARTIDO COMUNISTA BRASILEIRO,i,PCB,0,21,PCB,PARTIDO COMUNISTA BRASILEIRO,,21,280002551975,EDMILSON SILVA COSTA,EDMILSON COSTA,08/04/1950,10,Válido,nao,,1,0.04,0.039572616,CLEUSA DOS SANTOS,CLEUSA SANTOS,PCB,v,,,,,04/10/2026 17:55:29,sim
1,04/10/2026,6257,Presidente,1,municipio,PB,21130,2510600,OURO VELHO,,,,,PARTIDO SOCIALISTA  DOS TRABALHADORES UNIFICADO,i,PSTU,0,16,PSTU,PARTIDO SOCIALISTA  DOS TRABALHADORES UNIFICADO,,16,280002541457,HERTZ DA CONCEICAO DIAS,HERTZ DIAS,20/10/1970,9,Válido,nao,,0,0.00,0,VANESSA PORTUGAL BARBOSA,VANESSA PORTUGAL,PSTU,v,,,,,04/10/2026 17:55:29,sim
1,04/10/2026,6257,Presidente,1,municipio,PB,21130,2510600,OURO VELHO,,,,,BRASIL DOS NOSSOS SONHOS,c,AGIR / AVANTE,,70,AVANTE,AVANTE,,70,280002551547,AUGUSTO JORGE CURY,ESCRITOR AUGUSTO CURY,02/10/1958,3,Válido,nao,,42,1.66,1.662049861,JULIO CESAR DELGADO,JÚLIO DELGADO,AVANTE,v,,,,,04/10/2026 17:55:29,sim
1,04/10/2026,6257,Presidente,1,municipio,PB,21130,2510600,OURO VELHO,,,,,PARTIDO NOVO,i,NOVO,0,30,NOVO,PARTIDO NOVO,,30,280002539826,ROMEU ZEMA NETO,ZEMA,28/10/1964,6,Válido,nao,,1,0.04,0.039572616,LUIS EDUARDO GRANGEIRO GIRÃO,EDUARDO GIRÃO,NOVO,v,,,,,04/10/2026 17:55:29,sim
1,04/10/2026,6257,Presidente,1,municipio,PB,21130,2510600,OURO VELHO,,,,,UNIDADE POPULAR,i,UP,0,80,UP,UNIDADE POPULAR,,80,280002538811,SAMARA MARTINS DA SILVA FEITOSA,SAMARA,31/08/1987,7,Válido,nao,,0,0.00,0,RAQUEL NONATO DE BRICIO,RAQUEL BRÍCIO,UP,v,,,,,04/10/2026 17:55:29,sim
1,04/10/2026,6257,Presidente,1,municipio,PB,21130,2510600,OURO VELHO,,,,,DEMOCRATA,i,DEMOCRATA,0,35,DEMOCRATA,DEMOCRATA,,35,280002548139,WILSON GRASSI JUNIOR,VETERINÁRIO WILSON GRASSI,13/03/1970,11,Válido,nao,,0,0.00,0,SUÊD HAIDAR NOGUEIRA,SUÊD HAIDAR,DEMOCRATA,v,,,,,04/10/2026 17:55:29,sim
1,04/10/2026,6257,Presidente,1,municipio,PB,21130,2510600,OURO VELHO,,,,,PARTIDO MISSÃO,i,MISSÃO,0,14,MISSÃO,PARTIDO MISSÃO,,14,280002540694,RENAN ANTONIO FERREIRA DOS SANTOS,RENAN SANTOS,14/02/1984,5,Válido,nao,,22,0.87,0.870597546,AROLDO MEDINA,CORONEL MEDINA,MISSÃO,v,,,,,04/10/2026 17:55:29,sim
1,04/10/2026,6257,Presidente,1,municipio,PB,21130,2510600,OURO VELHO,,,,,PARTIDO DA CAUSA OPERÁRIA,i,PCO,0,29,PCO,PARTIDO DA CAUSA OPERÁRIA,,29,280002552487,RUI COSTA PIMENTA,RUI COSTA PIMENTA,25/06/1957,12,Válido,nao,,0,0.00,0,ANTONIO CARLOS SILVA,ANTÔNIO CARLOS,PCO,v,,,,,04/10/2026 17:55:29,sim
1,04/10/2026,6257,Presidente,1,municipio,PB,21156,2510709,PASSAGEM,,,,,PARTIDO LIBERAL,i,PL,0,22,PL,PARTIDO LIBERAL,,22,280002551544,FLAVIO NANTES BOLSONARO,FLAVIO BOLSONARO,30/04/1981,1,Válido,nao,,604,27.74,27.744602664,ALFREDO GASPAR DE MENDONÇA NETO,ALFREDO GASPAR,PL,v,,,,,04/10/2026 17:41:59,sim
1,04/10/2026,6257,Presidente,1,municipio,PB,21156,2510709,PASSAGEM,,,,,PARTIDO SOCIAL DEMOCRÁTICO,i,PSD,0,55,PSD,PARTIDO SOCIAL DEMOCRÁTICO,,55,280002551932,RONALDO RAMOS CAIADO,RONALDO CAIADO,25/09/1949,4,Válido,nao,,10,0.46,0.459347726,GILBERTO KASSAB,GILBERTO KASSAB,PSD,v,,,,,04/10/2026 17:41:59,sim
1,04/10/2026,6257,Presidente,1,municipio,PB,21156,2510709,PASSAGEM,,PT/PC do B/PV,FEDERAÇÃO BRASIL DA ESPERANÇA - FE BRASIL,PT/PC do B/PV,BRASIL PRONTO PRA MAIS,c,PSB / PDT / PCDOB / PT / PV / PSOL / REDE,,13,PT,PARTIDO DOS TRABALHADORES,101,13,280002542548,LUIZ INÁCIO LULA DA SILVA,LULA,06/10/1945,2,Válido,nao,,1485,68.21,68.213137345,GERALDO JOSE RODRIGUES ALCKMIN FILHO,GERALDO ALCKMIN,PSB,v,,,,,04/10/2026 17:41:59,sim
1,04/10/2026,6257,Presidente,1,municipio,PB,21156,2510709,PASSAGEM,,,,,DEMOCRACIA CRISTÃ,i,DC,0,27,DC,DEMOCRACIA CRISTÃ,,27,280002552484,CLARIANA ZACARKIM BARAO,CLARIANA BARAO,03/04/1987,8,Válido,nao,,0,0.00,0,FABIANA CRISTINA TAVARES TORQUATO,FABIANA TORQUATO,DC,v,,,,,04/10/2026 17:41:59,sim
1,04/10/2026,6257,Presidente,1,municipio,PB,21156,2510709,PASSAGEM,,,,,PARTIDO COMUNISTA BRASILEIRO,i,PCB,0,21,PCB,PARTIDO COMUNISTA BRASILEIRO,,21,280002551975,EDMILSON SILVA COSTA,EDMILSON COSTA,08/04/1950,10,Válido,nao,,0,0.00,0,CLEUSA DOS SANTOS,CLEUSA SANTOS,PCB,v,,,,,04/10/2026 17:41:59,sim
1,04/10/2026,6257,Presidente,1,municipio,PB,21156,2510709,PASSAGEM,,,,,PARTIDO SOCIALISTA  DOS TRABALHADORES UNIFICADO,i,PSTU,0,16,PSTU,PARTIDO SOCIALISTA  DOS TRABALHADORES UNIFICADO,,16,280002541457,HERTZ DA CONCEICAO DIAS,HERTZ DIAS,20/10/1970,9,Válido,nao,,0,0.00,0,VANESSA PORTUGAL BARBOSA,VANESSA PORTUGAL,PSTU,v,,,,,04/10/2026 17:41:59,sim
1,04/10/2026,6257,Presidente,1,municipio,PB,21156,2510709,PASSAGEM,,,,,BRASIL DOS NOSSOS SONHOS,c,AGIR / AVANTE,,70,AVANTE,AVANTE,,70,280002551547,AUGUSTO JORGE CURY,ESCRITOR AUGUSTO CURY,02/10/1958,3,Válido,nao,,51,2.34,2.342673404,JULIO CESAR DELGADO,JÚLIO DELGADO,AVANTE,v,,,,,04/10/2026 17:41:59,sim
1,04/10/2026,6257,Presidente,1,municipio,PB,21156,2510709,PASSAGEM,,,,,PARTIDO NOVO,i,NOVO,0,30,NOVO,PARTIDO NOVO,,30,280002539826,ROMEU ZEMA NETO,ZEMA,28/10/1964,6,Válido,nao,,0,0.00,0,LUIS EDUARDO GRANGEIRO GIRÃO,EDUARDO GIRÃO,NOVO,v,,,,,04/10/2026 17:41:59,sim
1,04/10/2026,6257,Presidente,1,municipio,PB,21156,2510709,PASSAGEM,,,,,UNIDADE POPULAR,i,UP,0,80,UP,UNIDADE POPULAR,,80,280002538811,SAMARA MARTINS DA SILVA FEITOSA,SAMARA,31/08/1987,7,Válido,nao,,0,0.00,0,RAQUEL NONATO DE BRICIO,RAQUEL BRÍCIO,UP,v,,,,,04/10/2026 17:41:59,sim
1,04/10/2026,6257,Presidente,1,municipio,PB,21156,2510709,PASSAGEM,,,,,DEMOCRATA,i,DEMOCRATA,0,35,DEMOCRATA,DEMOCRATA,,35,280002548139,WILSON GRASSI JUNIOR,VETERINÁRIO WILSON GRASSI,13/03/1970,11,Válido,nao,,0,0.00,0,SUÊD HAIDAR NOGUEIRA,SUÊD HAIDAR,DEMOCRATA,v,,,,,04/10/2026 17:41:59,sim
1,04/10/2026,6257,Presidente,1,municipio,PB,21156,2510709,PASSAGEM,,,,,PARTIDO MISSÃO,i,MISSÃO,0,14,MISSÃO,PARTIDO MISSÃO,,14,280002540694,RENAN ANTONIO FERREIRA DOS SANTOS,RENAN SANTOS,14/02/1984,5,Válido,nao,,27,1.24,1.240238861,AROLDO MEDINA,CORONEL MEDINA,MISSÃO,v,,,,,04/10/2026 17:41:59,sim
1,04/10/2026,6257,Presidente,1,municipio,PB,21156,2510709,PASSAGEM,,,,,PARTIDO DA CAUSA OPERÁRIA,i,PCO,0,29,PCO,PARTIDO DA CAUSA OPERÁRIA,,29,280002552487,RUI COSTA PIMENTA,RUI COSTA PIMENTA,25/06/1957,12,Válido,nao,,0,0.00,0,ANTONIO CARLOS SILVA,ANTÔNIO CARLOS,PCO,v,,,,,04/10/2026 17:41:59,sim
1,04/10/2026,6257,Presidente,1,municipio,PB,21172,2510808,PATOS,,,,,PARTIDO LIBERAL,i,PL,0,22,PL,PARTIDO LIBERAL,,22,280002551544,FLAVIO NANTES BOLSONARO,FLAVIO BOLSONARO,30/04/1981,1,Válido,nao,,17681,33.79,33.792668476,ALFREDO GASPAR DE MENDONÇA NETO,ALFREDO GASPAR,PL,v,,,,,04/10/2026 19:12:43,sim
1,04/10/2026,6257,Presidente,1,municipio,PB,21172,2510808,PATOS,,,,,PARTIDO SOCIAL DEMOCRÁTICO,i,PSD,0,55,PSD,PARTIDO SOCIAL DEMOCRÁTICO,,55,280002551932,RONALDO RAMOS CAIADO,RONALDO CAIADO,25/09/1949,5,Válido,nao,,363,0.69,0.693780819,GILBERTO KASSAB,GILBERTO KASSAB,PSD,v,,,,,04/10/2026 19:12:43,sim
1,04/10/2026,6257,Presidente,1,municipio,PB,21172,2510808,PATOS,,PT/PC do B/PV,FEDERAÇÃO BRASIL DA ESPERANÇA - FE BRASIL,PT/PC do B/PV,BRASIL PRONTO PRA MAIS,c,PSB / PDT / PCDOB / PT / PV / PSOL / REDE,,13,PT,PARTIDO DOS TRABALHADORES,101,13,280002542548,LUIZ INÁCIO LULA DA SILVA,LULA,06/10/1945,2,Válido,nao,,31431,60.07,60.072244945,GERALDO JOSE RODRIGUES ALCKMIN FILHO,GERALDO ALCKMIN,PSB,v,,,,,04/10/2026 19:12:43,sim
1,04/10/2026,6257,Presidente,1,municipio,PB,21172,2510808,PATOS,,,,,PARTIDO SOCIALISTA  DOS TRABALHADORES UNIFICADO,i,PSTU,0,16,PSTU,PARTIDO SOCIALISTA  DOS TRABALHADORES UNIFICADO,,16,280002541457,HERTZ DA CONCEICAO DIAS,HERTZ DIAS,20/10/1970,8,Válido,nao,,14,0.03,0.026757387,VANESSA PORTUGAL BARBOSA,VANESSA PORTUGAL,PSTU,v,,,,,04/10/2026 19:12:43,sim
1,04/10/2026,6257,Presidente,1,municipio,PB,21172,2510808,PATOS,,,,,PARTIDO COMUNISTA BRASILEIRO,i,PCB,0,21,PCB,PARTIDO COMUNISTA BRASILEIRO,,21,280002551975,EDMILSON SILVA COSTA,EDMILSON COSTA,08/04/1950,10,Válido,nao,,5,0.01,0.009556210,CLEUSA DOS SANTOS,CLEUSA SANTOS,PCB,v,,,,,04/10/2026 19:12:43,sim
1,04/10/2026,6257,Presidente,1,municipio,PB,21172,2510808,PATOS,,,,,DEMOCRACIA CRISTÃ,i,DC,0,27,DC,DEMOCRACIA CRISTÃ,,27,280002552484,CLARIANA ZACARKIM BARAO,CLARIANA BARAO,03/04/1987,9,Válido,nao,,12,0.02,0.022934903,FABIANA CRISTINA TAVARES TORQUATO,FABIANA TORQUATO,DC,v,,,,,04/10/2026 19:12:43,sim
1,04/10/2026,6257,Presidente,1,municipio,PB,21172,2510808,PATOS,,,,,PARTIDO NOVO,i,NOVO,0,30,NOVO,PARTIDO NOVO,,30,280002539826,ROMEU ZEMA NETO,ZEMA,28/10/1964,6,Válido,nao,,32,0.06,0.061159742,LUIS EDUARDO GRANGEIRO GIRÃO,EDUARDO GIRÃO,NOVO,v,,,,,04/10/2026 19:12:43,sim
1,04/10/2026,6257,Presidente,1,municipio,PB,21172,2510808,PATOS,,,,,BRASIL DOS NOSSOS SONHOS,c,AGIR / AVANTE,,70,AVANTE,AVANTE,,70,280002551547,AUGUSTO JORGE CURY,ESCRITOR AUGUSTO CURY,02/10/1958,3,Válido,nao,,1566,2.99,2.993004855,JULIO CESAR DELGADO,JÚLIO DELGADO,AVANTE,v,,,,,04/10/2026 19:12:43,sim
1,04/10/2026,6257,Presidente,1,municipio,PB,21172,2510808,PATOS,,,,,DEMOCRATA,i,DEMOCRATA,0,35,DEMOCRATA,DEMOCRATA,,35,280002548139,WILSON GRASSI JUNIOR,VETERINÁRIO WILSON GRASSI,13/03/1970,11,Válido,nao,,3,0.01,0.005733726,SUÊD HAIDAR NOGUEIRA,SUÊD HAIDAR,DEMOCRATA,v,,,,,04/10/2026 19:12:43,sim
1,04/10/2026,6257,Presidente,1,municipio,PB,21172,2510808,PATOS,,,,,UNIDADE POPULAR,i,UP,0,80,UP,UNIDADE POPULAR,,80,280002538811,SAMARA MARTINS DA SILVA FEITOSA,SAMARA,31/08/1987,7,Válido,nao,,50,0.10,0.095562096,RAQUEL NONATO DE BRICIO,RAQUEL BRÍCIO,UP,v,,,,,04/10/2026 19:12:43,sim
1,04/10/2026,6257,Presidente,1,municipio,PB,21172,2510808,PATOS,,,,,PARTIDO MISSÃO,i,MISSÃO,0,14,MISSÃO,PARTIDO MISSÃO,,14,280002540694,RENAN ANTONIO FERREIRA DOS SANTOS,RENAN SANTOS,14/02/1984,4,Válido,nao,,1159,2.22,2.215129391,AROLDO MEDINA,CORONEL MEDINA,MISSÃO,v,,,,,04/10/2026 19:12:43,sim
1,04/10/2026,6257,Presidente,1,municipio,PB,21172,2510808,PATOS,,,,,PARTIDO DA CAUSA OPERÁRIA,i,PCO,0,29,PCO,PARTIDO DA CAUSA OPERÁRIA,,29,280002552487,RUI COSTA PIMENTA,RUI COSTA PIMENTA,25/06/1957,12,Válido,nao,,6,0.01,0.011467452,ANTONIO CARLOS SILVA,ANTÔNIO CARLOS,PCO,v,,,,,04/10/2026 19:12:43,sim
1,04/10/2026,6257,Presidente,1,municipio,PB,21199,2510907,PAULISTA,,,,,PARTIDO LIBERAL,i,PL,0,22,PL,PARTIDO LIBERAL,,22,280002551544,FLAVIO NANTES BOLSONARO,FLAVIO BOLSONARO,30/04/1981,1,Válido,nao,,2536,29.68,29.678174371,ALFREDO GASPAR DE MENDONÇA NETO,ALFREDO GASPAR,PL,v,,,,,04/10/2026 20:52:03,sim
1,04/10/2026,6257,Presidente,1,municipio,PB,21199,2510907,PAULISTA,,,,,PARTIDO SOCIAL DEMOCRÁTICO,i,PSD,0,55,PSD,PARTIDO SOCIAL DEMOCRÁTICO,,55,280002551932,RONALDO RAMOS CAIADO,RONALDO CAIADO,25/09/1949,5,Válido,nao,,22,0.26,0.257460503,GILBERTO KASSAB,GILBERTO KASSAB,PSD,v,,,,,04/10/2026 20:52:03,sim
1,04/10/2026,6257,Presidente,1,municipio,PB,21199,2510907,PAULISTA,,PT/PC do B/PV,FEDERAÇÃO BRASIL DA ESPERANÇA - FE BRASIL,PT/PC do B/PV,BRASIL PRONTO PRA MAIS,c,PSB / PDT / PCDOB / PT / PV / PSOL / REDE,,13,PT,PARTIDO DOS TRABALHADORES,101,13,280002542548,LUIZ INÁCIO LULA DA SILVA,LULA,06/10/1945,2,Válido,nao,,5574,65.23,65.231129315,GERALDO JOSE RODRIGUES ALCKMIN FILHO,GERALDO ALCKMIN,PSB,v,,,,,04/10/2026 20:52:03,sim
1,04/10/2026,6257,Presidente,1,municipio,PB,21199,2510907,PAULISTA,,,,,DEMOCRACIA CRISTÃ,i,DC,0,27,DC,DEMOCRACIA CRISTÃ,,27,280002552484,CLARIANA ZACARKIM BARAO,CLARIANA BARAO,03/04/1987,9,Válido,nao,,0,0.00,0,FABIANA CRISTINA TAVARES TORQUATO,FABIANA TORQUATO,DC,v,,,,,04/10/2026 20:52:03,sim
1,04/10/2026,6257,Presidente,1,municipio,PB,21199,2510907,PAULISTA,,,,,PARTIDO COMUNISTA BRASILEIRO,i,PCB,0,21,PCB,PARTIDO COMUNISTA BRASILEIRO,,21,280002551975,EDMILSON SILVA COSTA,EDMILSON COSTA,08/04/1950,10,Válido,nao,,1,0.01,0.011702750,CLEUSA DOS SANTOS,CLEUSA SANTOS,PCB,v,,,,,04/10/2026 20:52:03,sim
1,04/10/2026,6257,Presidente,1,municipio,PB,21199,2510907,PAULISTA,,,,,PARTIDO SOCIALISTA  DOS TRABALHADORES UNIFICADO,i,PSTU,0,16,PSTU,PARTIDO SOCIALISTA  DOS TRABALHADORES UNIFICADO,,16,280002541457,HERTZ DA CONCEICAO DIAS,HERTZ DIAS,20/10/1970,8,Válido,nao,,1,0.01,0.011702750,VANESSA PORTUGAL BARBOSA,VANESSA PORTUGAL,PSTU,v,,,,,04/10/2026 20:52:03,sim
1,04/10/2026,6257,Presidente,1,municipio,PB,21199,2510907,PAULISTA,,,,,BRASIL DOS NOSSOS SONHOS,c,AGIR / AVANTE,,70,AVANTE,AVANTE,,70,280002551547,AUGUSTO JORGE CURY,ESCRITOR AUGUSTO CURY,02/10/1958,3,Válido,nao,,272,3.18,3.183148040,JULIO CESAR DELGADO,JÚLIO DELGADO,AVANTE,v,,,,,04/10/2026 20:52:03,sim
1,04/10/2026,6257,Presidente,1,municipio,PB,21199,2510907,PAULISTA,,,,,PARTIDO NOVO,i,NOVO,0,30,NOVO,PARTIDO NOVO,,30,280002539826,ROMEU ZEMA NETO,ZEMA,28/10/1964,6,Válido,nao,,3,0.04,0.035108250,LUIS EDUARDO GRANGEIRO GIRÃO,EDUARDO GIRÃO,NOVO,v,,,,,04/10/2026 20:52:03,sim
1,04/10/2026,6257,Presidente,1,municipio,PB,21199,2510907,PAULISTA,,,,,UNIDADE POPULAR,i,UP,0,80,UP,UNIDADE POPULAR,,80,280002538811,SAMARA MARTINS DA SILVA FEITOSA,SAMARA,31/08/1987,7,Válido,nao,,0,0.00,0,RAQUEL NONATO DE BRICIO,RAQUEL BRÍCIO,UP,v,,,,,04/10/2026 20:52:03,sim
1,04/10/2026,6257,Presidente,1,municipio,PB,21199,2510907,PAULISTA,,,,,DEMOCRATA,i,DEMOCRATA,0,35,DEMOCRATA,DEMOCRATA,,35,280002548139,WILSON GRASSI JUNIOR,VETERINÁRIO WILSON GRASSI,13/03/1970,11,Válido,nao,,0,0.00,0,SUÊD HAIDAR NOGUEIRA,SUÊD HAIDAR,DEMOCRATA,v,,,,,04/10/2026 20:52:03,sim
1,04/10/2026,6257,Presidente,1,municipio,PB,21199,2510907,PAULISTA,,,,,PARTIDO MISSÃO,i,MISSÃO,0,14,MISSÃO,PARTIDO MISSÃO,,14,280002540694,RENAN ANTONIO FERREIRA DOS SANTOS,RENAN SANTOS,14/02/1984,4,Válido,nao,,135,1.58,1.579871270,AROLDO MEDINA,CORONEL MEDINA,MISSÃO,v,,,,,04/10/2026 20:52:03,sim
1,04/10/2026,6257,Presidente,1,municipio,PB,21199,2510907,PAULISTA,,,,,PARTIDO DA CAUSA OPERÁRIA,i,PCO,0,29,PCO,PARTIDO DA CAUSA OPERÁRIA,,29,280002552487,RUI COSTA PIMENTA,RUI COSTA PIMENTA,25/06/1957,12,Válido,nao,,1,0.01,0.011702750,ANTONIO CARLOS SILVA,ANTÔNIO CARLOS,PCO,v,,,,,04/10/2026 20:52:03,sim
1,04/10/2026,6257,Presidente,1,municipio,PB,21210,2511004,PEDRA BRANCA,,,,,PARTIDO LIBERAL,i,PL,0,22,PL,PARTIDO LIBERAL,,22,280002551544,FLAVIO NANTES BOLSONARO,FLAVIO BOLSONARO,30/04/1981,1,Válido,nao,,826,27.50,27.496671105,ALFREDO GASPAR DE MENDONÇA NETO,ALFREDO GASPAR,PL,v,,,,,04/10/2026 18:43:17,sim
1,04/10/2026,6257,Presidente,1,municipio,PB,21210,2511004,PEDRA BRANCA,,,,,PARTIDO SOCIAL DEMOCRÁTICO,i,PSD,0,55,PSD,PARTIDO SOCIAL DEMOCRÁTICO,,55,280002551932,RONALDO RAMOS CAIADO,RONALDO CAIADO,25/09/1949,4,Válido,nao,,28,0.93,0.932090546,GILBERTO KASSAB,GILBERTO KASSAB,PSD,v,,,,,04/10/2026 18:43:17,sim
1,04/10/2026,6257,Presidente,1,municipio,PB,21210,2511004,PEDRA BRANCA,,PT/PC do B/PV,FEDERAÇÃO BRASIL DA ESPERANÇA - FE BRASIL,PT/PC do B/PV,BRASIL PRONTO PRA MAIS,c,PSB / PDT / PCDOB / PT / PV / PSOL / REDE,,13,PT,PARTIDO DOS TRABALHADORES,101,13,280002542548,LUIZ INÁCIO LULA DA SILVA,LULA,06/10/1945,2,Válido,nao,,2025,67.41,67.410119840,GERALDO JOSE RODRIGUES ALCKMIN FILHO,GERALDO ALCKMIN,PSB,v,,,,,04/10/2026 18:43:17,sim
1,04/10/2026,6257,Presidente,1,municipio,PB,21210,2511004,PEDRA BRANCA,,,,,DEMOCRACIA CRISTÃ,i,DC,0,27,DC,DEMOCRACIA CRISTÃ,,27,280002552484,CLARIANA ZACARKIM BARAO,CLARIANA BARAO,03/04/1987,9,Válido,nao,,0,0.00,0,FABIANA CRISTINA TAVARES TORQUATO,FABIANA TORQUATO,DC,v,,,,,04/10/2026 18:43:17,sim
1,04/10/2026,6257,Presidente,1,municipio,PB,21210,2511004,PEDRA BRANCA,,,,,PARTIDO COMUNISTA BRASILEIRO,i,PCB,0,21,PCB,PARTIDO COMUNISTA BRASILEIRO,,21,280002551975,EDMILSON SILVA COSTA,EDMILSON COSTA,08/04/1950,10,Válido,nao,,0,0.00,0,CLEUSA DOS SANTOS,CLEUSA SANTOS,PCB,v,,,,,04/10/2026 18:43:17,sim
1,04/10/2026,6257,Presidente,1,municipio,PB,21210,2511004,PEDRA BRANCA,,,,,PARTIDO SOCIALISTA  DOS TRABALHADORES UNIFICADO,i,PSTU,0,16,PSTU,PARTIDO SOCIALISTA  DOS TRABALHADORES UNIFICADO,,16,280002541457,HERTZ DA CONCEICAO DIAS,HERTZ DIAS,20/10/1970,8,Válido,nao,,2,0.07,0.066577896,VANESSA PORTUGAL BARBOSA,VANESSA PORTUGAL,PSTU,v,,,,,04/10/2026 18:43:17,sim
1,04/10/2026,6257,Presidente,1,municipio,PB,21210,2511004,PEDRA BRANCA,,,,,BRASIL DOS NOSSOS SONHOS,c,AGIR / AVANTE,,70,AVANTE,AVANTE,,70,280002551547,AUGUSTO JORGE CURY,ESCRITOR AUGUSTO CURY,02/10/1958,3,Válido,nao,,89,2.96,2.962716378,JULIO CESAR DELGADO,JÚLIO DELGADO,AVANTE,v,,,,,04/10/2026 18:43:17,sim
1,04/10/2026,6257,Presidente,1,municipio,PB,21210,2511004,PEDRA BRANCA,,,,,PARTIDO NOVO,i,NOVO,0,30,NOVO,PARTIDO NOVO,,30,280002539826,ROMEU ZEMA NETO,ZEMA,28/10/1964,6,Válido,nao,,1,0.03,0.033288948,LUIS EDUARDO GRANGEIRO GIRÃO,EDUARDO GIRÃO,NOVO,v,,,,,04/10/2026 18:43:17,sim
1,04/10/2026,6257,Presidente,1,municipio,PB,21210,2511004,PEDRA BRANCA,,,,,UNIDADE POPULAR,i,UP,0,80,UP,UNIDADE POPULAR,,80,280002538811,SAMARA MARTINS DA SILVA FEITOSA,SAMARA,31/08/1987,7,Válido,nao,,2,0.07,0.066577896,RAQUEL NONATO DE BRICIO,RAQUEL BRÍCIO,UP,v,,,,,04/10/2026 18:43:17,sim
1,04/10/2026,6257,Presidente,1,municipio,PB,21210,2511004,PEDRA BRANCA,,,,,DEMOCRATA,i,DEMOCRATA,0,35,DEMOCRATA,DEMOCRATA,,35,280002548139,WILSON GRASSI JUNIOR,VETERINÁRIO WILSON GRASSI,13/03/1970,11,Válido,nao,,1,0.03,0.033288948,SUÊD HAIDAR NOGUEIRA,SUÊD HAIDAR,DEMOCRATA,v,,,,,04/10/2026 18:43:17,sim
1,04/10/2026,6257,Presidente,1,municipio,PB,21210,2511004,PEDRA BRANCA,,,,,PARTIDO MISSÃO,i,MISSÃO,0,14,MISSÃO,PARTIDO MISSÃO,,14,280002540694,RENAN ANTONIO FERREIRA DOS SANTOS,RENAN SANTOS,14/02/1984,5,Válido,nao,,30,1.00,0.998668442,AROLDO MEDINA,CORONEL MEDINA,MISSÃO,v,,,,,04/10/2026 18:43:17,sim
1,04/10/2026,6257,Presidente,1,municipio,PB,21210,2511004,PEDRA BRANCA,,,,,PARTIDO DA CAUSA OPERÁRIA,i,PCO,0,29,PCO,PARTIDO DA CAUSA OPERÁRIA,,29,280002552487,RUI COSTA PIMENTA,RUI COSTA PIMENTA,25/06/1957,12,Válido,nao,,0,0.00,0,ANTONIO CARLOS SILVA,ANTÔNIO CARLOS,PCO,v,,,,,04/10/2026 18:43:17,sim
1,04/10/2026,6257,Presidente,1,municipio,PB,21237,2511103,PEDRA LAVRADA,,,,,PARTIDO LIBERAL,i,PL,0,22,PL,PARTIDO LIBERAL,,22,280002551544,FLAVIO NANTES BOLSONARO,FLAVIO BOLSONARO,30/04/1981,1,Válido,nao,,1000,20.87,20.868113523,ALFREDO GASPAR DE MENDONÇA NETO,ALFREDO GASPAR,PL,v,,,,,04/10/2026 17:44:15,sim
1,04/10/2026,6257,Presidente,1,municipio,PB,21237,2511103,PEDRA LAVRADA,,,,,PARTIDO SOCIAL DEMOCRÁTICO,i,PSD,0,55,PSD,PARTIDO SOCIAL DEMOCRÁTICO,,55,280002551932,RONALDO RAMOS CAIADO,RONALDO CAIADO,25/09/1949,4,Válido,nao,,27,0.56,0.563439065,GILBERTO KASSAB,GILBERTO KASSAB,PSD,v,,,,,04/10/2026 17:44:15,sim
1,04/10/2026,6257,Presidente,1,municipio,PB,21237,2511103,PEDRA LAVRADA,,PT/PC do B/PV,FEDERAÇÃO BRASIL DA ESPERANÇA - FE BRASIL,PT/PC do B/PV,BRASIL PRONTO PRA MAIS,c,PSB / PDT / PCDOB / PT / PV / PSOL / REDE,,13,PT,PARTIDO DOS TRABALHADORES,101,13,280002542548,LUIZ INÁCIO LULA DA SILVA,LULA,06/10/1945,2,Válido,nao,,3540,73.87,73.873121870,GERALDO JOSE RODRIGUES ALCKMIN FILHO,GERALDO ALCKMIN,PSB,v,,,,,04/10/2026 17:44:15,sim
1,04/10/2026,6257,Presidente,1,municipio,PB,21237,2511103,PEDRA LAVRADA,,,,,DEMOCRACIA CRISTÃ,i,DC,0,27,DC,DEMOCRACIA CRISTÃ,,27,280002552484,CLARIANA ZACARKIM BARAO,CLARIANA BARAO,03/04/1987,8,Válido,nao,,6,0.13,0.125208681,FABIANA CRISTINA TAVARES TORQUATO,FABIANA TORQUATO,DC,v,,,,,04/10/2026 17:44:15,sim
1,04/10/2026,6257,Presidente,1,municipio,PB,21237,2511103,PEDRA LAVRADA,,,,,PARTIDO COMUNISTA BRASILEIRO,i,PCB,0,21,PCB,PARTIDO COMUNISTA BRASILEIRO,,21,280002551975,EDMILSON SILVA COSTA,EDMILSON COSTA,08/04/1950,10,Válido,nao,,0,0.00,0,CLEUSA DOS SANTOS,CLEUSA SANTOS,PCB,v,,,,,04/10/2026 17:44:15,sim
1,04/10/2026,6257,Presidente,1,municipio,PB,21237,2511103,PEDRA LAVRADA,,,,,PARTIDO SOCIALISTA  DOS TRABALHADORES UNIFICADO,i,PSTU,0,16,PSTU,PARTIDO SOCIALISTA  DOS TRABALHADORES UNIFICADO,,16,280002541457,HERTZ DA CONCEICAO DIAS,HERTZ DIAS,20/10/1970,9,Válido,nao,,0,0.00,0,VANESSA PORTUGAL BARBOSA,VANESSA PORTUGAL,PSTU,v,,,,,04/10/2026 17:44:15,sim
1,04/10/2026,6257,Presidente,1,municipio,PB,21237,2511103,PEDRA LAVRADA,,,,,BRASIL DOS NOSSOS SONHOS,c,AGIR / AVANTE,,70,AVANTE,AVANTE,,70,280002551547,AUGUSTO JORGE CURY,ESCRITOR AUGUSTO CURY,02/10/1958,3,Válido,nao,,145,3.03,3.025876461,JULIO CESAR DELGADO,JÚLIO DELGADO,AVANTE,v,,,,,04/10/2026 17:44:15,sim
1,04/10/2026,6257,Presidente,1,municipio,PB,21237,2511103,PEDRA LAVRADA,,,,,PARTIDO NOVO,i,NOVO,0,30,NOVO,PARTIDO NOVO,,30,280002539826,ROMEU ZEMA NETO,ZEMA,28/10/1964,6,Válido,nao,,3,0.06,0.062604341,LUIS EDUARDO GRANGEIRO GIRÃO,EDUARDO GIRÃO,NOVO,v,,,,,04/10/2026 17:44:15,sim
1,04/10/2026,6257,Presidente,1,municipio,PB,21237,2511103,PEDRA LAVRADA,,,,,UNIDADE POPULAR,i,UP,0,80,UP,UNIDADE POPULAR,,80,280002538811,SAMARA MARTINS DA SILVA FEITOSA,SAMARA,31/08/1987,7,Válido,nao,,2,0.04,0.041736227,RAQUEL NONATO DE BRICIO,RAQUEL BRÍCIO,UP,v,,,,,04/10/2026 17:44:15,sim
1,04/10/2026,6257,Presidente,1,municipio,PB,21237,2511103,PEDRA LAVRADA,,,,,DEMOCRATA,i,DEMOCRATA,0,35,DEMOCRATA,DEMOCRATA,,35,280002548139,WILSON GRASSI JUNIOR,VETERINÁRIO WILSON GRASSI,13/03/1970,11,Válido,nao,,2,0.04,0.041736227,SUÊD HAIDAR NOGUEIRA,SUÊD HAIDAR,DEMOCRATA,v,,,,,04/10/2026 17:44:15,sim
1,04/10/2026,6257,Presidente,1,municipio,PB,21237,2511103,PEDRA LAVRADA,,,,,PARTIDO MISSÃO,i,MISSÃO,0,14,MISSÃO,PARTIDO MISSÃO,,14,280002540694,RENAN ANTONIO FERREIRA DOS SANTOS,RENAN SANTOS,14/02/1984,5,Válido,nao,,67,1.40,1.398163606,AROLDO MEDINA,CORONEL MEDINA,MISSÃO,v,,,,,04/10/2026 17:44:15,sim
1,04/10/2026,6257,Presidente,1,municipio,PB,21237,2511103,PEDRA LAVRADA,,,,,PARTIDO DA CAUSA OPERÁRIA,i,PCO,0,29,PCO,PARTIDO DA CAUSA OPERÁRIA,,29,280002552487,RUI COSTA PIMENTA,RUI COSTA PIMENTA,25/06/1957,12,Válido,nao,,0,0.00,0,ANTONIO CARLOS SILVA,ANTÔNIO CARLOS,PCO,v,,,,,04/10/2026 17:44:15,sim
1,04/10/2026,6257,Presidente,1,municipio,PB,21253,2511202,PEDRAS DE FOGO,,,,,PARTIDO LIBERAL,i,PL,0,22,PL,PARTIDO LIBERAL,,22,280002551544,FLAVIO NANTES BOLSONARO,FLAVIO BOLSONARO,30/04/1981,1,Válido,nao,,6368,32.90,32.902759120,ALFREDO GASPAR DE MENDONÇA NETO,ALFREDO GASPAR,PL,v,,,,,04/10/2026 20:42:31,sim
1,04/10/2026,6257,Presidente,1,municipio,PB,21253,2511202,PEDRAS DE FOGO,,,,,PARTIDO SOCIAL DEMOCRÁTICO,i,PSD,0,55,PSD,PARTIDO SOCIAL DEMOCRÁTICO,,55,280002551932,RONALDO RAMOS CAIADO,RONALDO CAIADO,25/09/1949,5,Válido,nao,,99,0.51,0.511522166,GILBERTO KASSAB,GILBERTO KASSAB,PSD,v,,,,,04/10/2026 20:42:31,sim
1,04/10/2026,6257,Presidente,1,municipio,PB,21253,2511202,PEDRAS DE FOGO,,PT/PC do B/PV,FEDERAÇÃO BRASIL DA ESPERANÇA - FE BRASIL,PT/PC do B/PV,BRASIL PRONTO PRA MAIS,c,PSB / PDT / PCDOB / PT / PV / PSOL / REDE,,13,PT,PARTIDO DOS TRABALHADORES,101,13,280002542548,LUIZ INÁCIO LULA DA SILVA,LULA,06/10/1945,2,Válido,nao,,12172,62.89,62.891391960,GERALDO JOSE RODRIGUES ALCKMIN FILHO,GERALDO ALCKMIN,PSB,v,,,,,04/10/2026 20:42:31,sim
1,04/10/2026,6257,Presidente,1,municipio,PB,21253,2511202,PEDRAS DE FOGO,,,,,DEMOCRACIA CRISTÃ,i,DC,0,27,DC,DEMOCRACIA CRISTÃ,,27,280002552484,CLARIANA ZACARKIM BARAO,CLARIANA BARAO,03/04/1987,9,Válido,nao,,0,0.00,0,FABIANA CRISTINA TAVARES TORQUATO,FABIANA TORQUATO,DC,v,,,,,04/10/2026 20:42:31,sim
1,04/10/2026,6257,Presidente,1,municipio,PB,21253,2511202,PEDRAS DE FOGO,,,,,PARTIDO COMUNISTA BRASILEIRO,i,PCB,0,21,PCB,PARTIDO COMUNISTA BRASILEIRO,,21,280002551975,EDMILSON SILVA COSTA,EDMILSON COSTA,08/04/1950,10,Válido,nao,,3,0.02,0.015500672,CLEUSA DOS SANTOS,CLEUSA SANTOS,PCB,v,,,,,04/10/2026 20:42:31,sim
1,04/10/2026,6257,Presidente,1,municipio,PB,21253,2511202,PEDRAS DE FOGO,,,,,PARTIDO SOCIALISTA  DOS TRABALHADORES UNIFICADO,i,PSTU,0,16,PSTU,PARTIDO SOCIALISTA  DOS TRABALHADORES UNIFICADO,,16,280002541457,HERTZ DA CONCEICAO DIAS,HERTZ DIAS,20/10/1970,8,Válido,nao,,1,0.01,0.005166891,VANESSA PORTUGAL BARBOSA,VANESSA PORTUGAL,PSTU,v,,,,,04/10/2026 20:42:31,sim
1,04/10/2026,6257,Presidente,1,municipio,PB,21253,2511202,PEDRAS DE FOGO,,,,,BRASIL DOS NOSSOS SONHOS,c,AGIR / AVANTE,,70,AVANTE,AVANTE,,70,280002551547,AUGUSTO JORGE CURY,ESCRITOR AUGUSTO CURY,02/10/1958,3,Válido,nao,,407,2.10,2.102924460,JULIO CESAR DELGADO,JÚLIO DELGADO,AVANTE,v,,,,,04/10/2026 20:42:31,sim
1,04/10/2026,6257,Presidente,1,municipio,PB,21253,2511202,PEDRAS DE FOGO,,,,,PARTIDO NOVO,i,NOVO,0,30,NOVO,PARTIDO NOVO,,30,280002539826,ROMEU ZEMA NETO,ZEMA,28/10/1964,6,Válido,nao,,11,0.06,0.056835796,LUIS EDUARDO GRANGEIRO GIRÃO,EDUARDO GIRÃO,NOVO,v,,,,,04/10/2026 20:42:31,sim
1,04/10/2026,6257,Presidente,1,municipio,PB,21253,2511202,PEDRAS DE FOGO,,,,,UNIDADE POPULAR,i,UP,0,80,UP,UNIDADE POPULAR,,80,280002538811,SAMARA MARTINS DA SILVA FEITOSA,SAMARA,31/08/1987,7,Válido,nao,,2,0.01,0.010333781,RAQUEL NONATO DE BRICIO,RAQUEL BRÍCIO,UP,v,,,,,04/10/2026 20:42:31,sim
1,04/10/2026,6257,Presidente,1,municipio,PB,21253,2511202,PEDRAS DE FOGO,,,,,DEMOCRATA,i,DEMOCRATA,0,35,DEMOCRATA,DEMOCRATA,,35,280002548139,WILSON GRASSI JUNIOR,VETERINÁRIO WILSON GRASSI,13/03/1970,11,Válido,nao,,0,0.00,0,SUÊD HAIDAR NOGUEIRA,SUÊD HAIDAR,DEMOCRATA,v,,,,,04/10/2026 20:42:31,sim
1,04/10/2026,6257,Presidente,1,municipio,PB,21253,2511202,PEDRAS DE FOGO,,,,,PARTIDO MISSÃO,i,MISSÃO,0,14,MISSÃO,PARTIDO MISSÃO,,14,280002540694,RENAN ANTONIO FERREIRA DOS SANTOS,RENAN SANTOS,14/02/1984,4,Válido,nao,,287,1.48,1.482897592,AROLDO MEDINA,CORONEL MEDINA,MISSÃO,v,,,,,04/10/2026 20:42:31,sim
1,04/10/2026,6257,Presidente,1,municipio,PB,21253,2511202,PEDRAS DE FOGO,,,,,PARTIDO DA CAUSA OPERÁRIA,i,PCO,0,29,PCO,PARTIDO DA CAUSA OPERÁRIA,,29,280002552487,RUI COSTA PIMENTA,RUI COSTA PIMENTA,25/06/1957,12,Válido,nao,,4,0.02,0.020667562,ANTONIO CARLOS SILVA,ANTÔNIO CARLOS,PCO,v,,,,,04/10/2026 20:42:31,sim
1,04/10/2026,6257,Presidente,1,municipio,PB,21270,2511301,PIANCÓ,,,,,PARTIDO LIBERAL,i,PL,0,22,PL,PARTIDO LIBERAL,,22,280002551544,FLAVIO NANTES BOLSONARO,FLAVIO BOLSONARO,30/04/1981,1,Válido,nao,,2576,27.04,27.038941954,ALFREDO GASPAR DE MENDONÇA NETO,ALFREDO GASPAR,PL,v,,,,,04/10/2026 19:24:42,sim
1,04/10/2026,6257,Presidente,1,municipio,PB,21270,2511301,PIANCÓ,,,,,PARTIDO SOCIAL DEMOCRÁTICO,i,PSD,0,55,PSD,PARTIDO SOCIAL DEMOCRÁTICO,,55,280002551932,RONALDO RAMOS CAIADO,RONALDO CAIADO,25/09/1949,5,Válido,nao,,56,0.59,0.587803086,GILBERTO KASSAB,GILBERTO KASSAB,PSD,v,,,,,04/10/2026 19:24:42,sim
1,04/10/2026,6257,Presidente,1,municipio,PB,21270,2511301,PIANCÓ,,PT/PC do B/PV,FEDERAÇÃO BRASIL DA ESPERANÇA - FE BRASIL,PT/PC do B/PV,BRASIL PRONTO PRA MAIS,c,PSB / PDT / PCDOB / PT / PV / PSOL / REDE,,13,PT,PARTIDO DOS TRABALHADORES,101,13,280002542548,LUIZ INÁCIO LULA DA SILVA,LULA,06/10/1945,2,Válido,nao,,6507,68.30,68.300619293,GERALDO JOSE RODRIGUES ALCKMIN FILHO,GERALDO ALCKMIN,PSB,v,,,,,04/10/2026 19:24:42,sim
1,04/10/2026,6257,Presidente,1,municipio,PB,21270,2511301,PIANCÓ,,,,,DEMOCRACIA CRISTÃ,i,DC,0,27,DC,DEMOCRACIA CRISTÃ,,27,280002552484,CLARIANA ZACARKIM BARAO,CLARIANA BARAO,03/04/1987,9,Válido,nao,,2,0.02,0.020992967,FABIANA CRISTINA TAVARES TORQUATO,FABIANA TORQUATO,DC,v,,,,,04/10/2026 19:24:42,sim
1,04/10/2026,6257,Presidente,1,municipio,PB,21270,2511301,PIANCÓ,,,,,PARTIDO COMUNISTA BRASILEIRO,i,PCB,0,21,PCB,PARTIDO COMUNISTA BRASILEIRO,,21,280002551975,EDMILSON SILVA COSTA,EDMILSON COSTA,08/04/1950,10,Válido,nao,,1,0.01,0.010496484,CLEUSA DOS SANTOS,CLEUSA SANTOS,PCB,v,,,,,04/10/2026 19:24:42,sim
1,04/10/2026,6257,Presidente,1,municipio,PB,21270,2511301,PIANCÓ,,,,,PARTIDO SOCIALISTA  DOS TRABALHADORES UNIFICADO,i,PSTU,0,16,PSTU,PARTIDO SOCIALISTA  DOS TRABALHADORES UNIFICADO,,16,280002541457,HERTZ DA CONCEICAO DIAS,HERTZ DIAS,20/10/1970,8,Válido,nao,,1,0.01,0.010496484,VANESSA PORTUGAL BARBOSA,VANESSA PORTUGAL,PSTU,v,,,,,04/10/2026 19:24:42,sim
1,04/10/2026,6257,Presidente,1,municipio,PB,21270,2511301,PIANCÓ,,,,,BRASIL DOS NOSSOS SONHOS,c,AGIR / AVANTE,,70,AVANTE,AVANTE,,70,280002551547,AUGUSTO JORGE CURY,ESCRITOR AUGUSTO CURY,02/10/1958,3,Válido,nao,,261,2.74,2.739582240,JULIO CESAR DELGADO,JÚLIO DELGADO,AVANTE,v,,,,,04/10/2026 19:24:42,sim
1,04/10/2026,6257,Presidente,1,municipio,PB,21270,2511301,PIANCÓ,,,,,PARTIDO NOVO,i,NOVO,0,30,NOVO,PARTIDO NOVO,,30,280002539826,ROMEU ZEMA NETO,ZEMA,28/10/1964,6,Válido,nao,,10,0.10,0.104964837,LUIS EDUARDO GRANGEIRO GIRÃO,EDUARDO GIRÃO,NOVO,v,,,,,04/10/2026 19:24:42,sim
1,04/10/2026,6257,Presidente,1,municipio,PB,21270,2511301,PIANCÓ,,,,,UNIDADE POPULAR,i,UP,0,80,UP,UNIDADE POPULAR,,80,280002538811,SAMARA MARTINS DA SILVA FEITOSA,SAMARA,31/08/1987,7,Válido,nao,,1,0.01,0.010496484,RAQUEL NONATO DE BRICIO,RAQUEL BRÍCIO,UP,v,,,,,04/10/2026 19:24:42,sim
1,04/10/2026,6257,Presidente,1,municipio,PB,21270,2511301,PIANCÓ,,,,,DEMOCRATA,i,DEMOCRATA,0,35,DEMOCRATA,DEMOCRATA,,35,280002548139,WILSON GRASSI JUNIOR,VETERINÁRIO WILSON GRASSI,13/03/1970,11,Válido,nao,,1,0.01,0.010496484,SUÊD HAIDAR NOGUEIRA,SUÊD HAIDAR,DEMOCRATA,v,,,,,04/10/2026 19:24:42,sim
1,04/10/2026,6257,Presidente,1,municipio,PB,21270,2511301,PIANCÓ,,,,,PARTIDO MISSÃO,i,MISSÃO,0,14,MISSÃO,PARTIDO MISSÃO,,14,280002540694,RENAN ANTONIO FERREIRA DOS SANTOS,RENAN SANTOS,14/02/1984,4,Válido,nao,,111,1.17,1.165109688,AROLDO MEDINA,CORONEL MEDINA,MISSÃO,v,,,,,04/10/2026 19:24:42,sim
1,04/10/2026,6257,Presidente,1,municipio,PB,21270,2511301,PIANCÓ,,,,,PARTIDO DA CAUSA OPERÁRIA,i,PCO,0,29,PCO,PARTIDO DA CAUSA OPERÁRIA,,29,280002552487,RUI COSTA PIMENTA,RUI COSTA PIMENTA,25/06/1957,12,Válido,nao,,0,0.00,0,ANTONIO CARLOS SILVA,ANTÔNIO CARLOS,PCO,v,,,,,04/10/2026 19:24:42,sim
1,04/10/2026,6257,Presidente,1,municipio,PB,21296,2511400,PICUÍ,,,,,PARTIDO LIBERAL,i,PL,0,22,PL,PARTIDO LIBERAL,,22,280002551544,FLAVIO NANTES BOLSONARO,FLAVIO BOLSONARO,30/04/1981,1,Válido,nao,,3308,28.23,28.227664476,ALFREDO GASPAR DE MENDONÇA NETO,ALFREDO GASPAR,PL,v,,,,,04/10/2026 18:32:15,sim
1,04/10/2026,6257,Presidente,1,municipio,PB,21296,2511400,PICUÍ,,,,,PARTIDO SOCIAL DEMOCRÁTICO,i,PSD,0,55,PSD,PARTIDO SOCIAL DEMOCRÁTICO,,55,280002551932,RONALDO RAMOS CAIADO,RONALDO CAIADO,25/09/1949,4,Válido,nao,,86,0.73,0.733851011,GILBERTO KASSAB,GILBERTO KASSAB,PSD,v,,,,,04/10/2026 18:32:15,sim
1,04/10/2026,6257,Presidente,1,municipio,PB,21296,2511400,PICUÍ,,PT/PC do B/PV,FEDERAÇÃO BRASIL DA ESPERANÇA - FE BRASIL,PT/PC do B/PV,BRASIL PRONTO PRA MAIS,c,PSB / PDT / PCDOB / PT / PV / PSOL / REDE,,13,PT,PARTIDO DOS TRABALHADORES,101,13,280002542548,LUIZ INÁCIO LULA DA SILVA,LULA,06/10/1945,2,Válido,nao,,7815,66.69,66.686577353,GERALDO JOSE RODRIGUES ALCKMIN FILHO,GERALDO ALCKMIN,PSB,v,,,,,04/10/2026 18:32:15,sim
1,04/10/2026,6257,Presidente,1,municipio,PB,21296,2511400,PICUÍ,,,,,PARTIDO SOCIALISTA  DOS TRABALHADORES UNIFICADO,i,PSTU,0,16,PSTU,PARTIDO SOCIALISTA  DOS TRABALHADORES UNIFICADO,,16,280002541457,HERTZ DA CONCEICAO DIAS,HERTZ DIAS,20/10/1970,9,Válido,nao,,2,0.02,0.017066303,VANESSA PORTUGAL BARBOSA,VANESSA PORTUGAL,PSTU,v,,,,,04/10/2026 18:32:15,sim
1,04/10/2026,6257,Presidente,1,municipio,PB,21296,2511400,PICUÍ,,,,,PARTIDO COMUNISTA BRASILEIRO,i,PCB,0,21,PCB,PARTIDO COMUNISTA BRASILEIRO,,21,280002551975,EDMILSON SILVA COSTA,EDMILSON COSTA,08/04/1950,10,Válido,nao,,0,0.00,0,CLEUSA DOS SANTOS,CLEUSA SANTOS,PCB,v,,,,,04/10/2026 18:32:15,sim
1,04/10/2026,6257,Presidente,1,municipio,PB,21296,2511400,PICUÍ,,,,,DEMOCRACIA CRISTÃ,i,DC,0,27,DC,DEMOCRACIA CRISTÃ,,27,280002552484,CLARIANA ZACARKIM BARAO,CLARIANA BARAO,03/04/1987,8,Válido,nao,,4,0.03,0.034132605,FABIANA CRISTINA TAVARES TORQUATO,FABIANA TORQUATO,DC,v,,,,,04/10/2026 18:32:15,sim
1,04/10/2026,6257,Presidente,1,municipio,PB,21296,2511400,PICUÍ,,,,,PARTIDO NOVO,i,NOVO,0,30,NOVO,PARTIDO NOVO,,30,280002539826,ROMEU ZEMA NETO,ZEMA,28/10/1964,6,Válido,nao,,8,0.07,0.068265210,LUIS EDUARDO GRANGEIRO GIRÃO,EDUARDO GIRÃO,NOVO,v,,,,,04/10/2026 18:32:15,sim
1,04/10/2026,6257,Presidente,1,municipio,PB,21296,2511400,PICUÍ,,,,,BRASIL DOS NOSSOS SONHOS,c,AGIR / AVANTE,,70,AVANTE,AVANTE,,70,280002551547,AUGUSTO JORGE CURY,ESCRITOR AUGUSTO CURY,02/10/1958,3,Válido,nao,,291,2.48,2.483147026,JULIO CESAR DELGADO,JÚLIO DELGADO,AVANTE,v,,,,,04/10/2026 18:32:15,sim
1,04/10/2026,6257,Presidente,1,municipio,PB,21296,2511400,PICUÍ,,,,,DEMOCRATA,i,DEMOCRATA,0,35,DEMOCRATA,DEMOCRATA,,35,280002548139,WILSON GRASSI JUNIOR,VETERINÁRIO WILSON GRASSI,13/03/1970,11,Válido,nao,,0,0.00,0,SUÊD HAIDAR NOGUEIRA,SUÊD HAIDAR,DEMOCRATA,v,,,,,04/10/2026 18:32:15,sim
1,04/10/2026,6257,Presidente,1,municipio,PB,21296,2511400,PICUÍ,,,,,UNIDADE POPULAR,i,UP,0,80,UP,UNIDADE POPULAR,,80,280002538811,SAMARA MARTINS DA SILVA FEITOSA,SAMARA,31/08/1987,7,Válido,nao,,5,0.04,0.042665756,RAQUEL NONATO DE BRICIO,RAQUEL BRÍCIO,UP,v,,,,,04/10/2026 18:32:15,sim
1,04/10/2026,6257,Presidente,1,municipio,PB,21296,2511400,PICUÍ,,,,,PARTIDO MISSÃO,i,MISSÃO,0,14,MISSÃO,PARTIDO MISSÃO,,14,280002540694,RENAN ANTONIO FERREIRA DOS SANTOS,RENAN SANTOS,14/02/1984,5,Válido,nao,,200,1.71,1.706630259,AROLDO MEDINA,CORONEL MEDINA,MISSÃO,v,,,,,04/10/2026 18:32:15,sim
1,04/10/2026,6257,Presidente,1,municipio,PB,21296,2511400,PICUÍ,,,,,PARTIDO DA CAUSA OPERÁRIA,i,PCO,0,29,PCO,PARTIDO DA CAUSA OPERÁRIA,,29,280002552487,RUI COSTA PIMENTA,RUI COSTA PIMENTA,25/06/1957,12,Válido,nao,,0,0.00,0,ANTONIO CARLOS SILVA,ANTÔNIO CARLOS,PCO,v,,,,,04/10/2026 18:32:15,sim
1,04/10/2026,6257,Presidente,1,municipio,PB,21318,2511509,PILAR,,,,,PARTIDO LIBERAL,i,PL,0,22,PL,PARTIDO LIBERAL,,22,280002551544,FLAVIO NANTES BOLSONARO,FLAVIO BOLSONARO,30/04/1981,1,Válido,nao,,2659,31.36,31.356132075,ALFREDO GASPAR DE MENDONÇA NETO,ALFREDO GASPAR,PL,v,,,,,04/10/2026 19:23:45,sim
1,04/10/2026,6257,Presidente,1,municipio,PB,21318,2511509,PILAR,,,,,PARTIDO SOCIAL DEMOCRÁTICO,i,PSD,0,55,PSD,PARTIDO SOCIAL DEMOCRÁTICO,,55,280002551932,RONALDO RAMOS CAIADO,RONALDO CAIADO,25/09/1949,5,Válido,nao,,60,0.71,0.707547170,GILBERTO KASSAB,GILBERTO KASSAB,PSD,v,,,,,04/10/2026 19:23:45,sim
1,04/10/2026,6257,Presidente,1,municipio,PB,21318,2511509,PILAR,,PT/PC do B/PV,FEDERAÇÃO BRASIL DA ESPERANÇA - FE BRASIL,PT/PC do B/PV,BRASIL PRONTO PRA MAIS,c,PSB / PDT / PCDOB / PT / PV / PSOL / REDE,,13,PT,PARTIDO DOS TRABALHADORES,101,13,280002542548,LUIZ INÁCIO LULA DA SILVA,LULA,06/10/1945,2,Válido,nao,,5404,63.73,63.726415094,GERALDO JOSE RODRIGUES ALCKMIN FILHO,GERALDO ALCKMIN,PSB,v,,,,,04/10/2026 19:23:45,sim
1,04/10/2026,6257,Presidente,1,municipio,PB,21318,2511509,PILAR,,,,,PARTIDO SOCIALISTA  DOS TRABALHADORES UNIFICADO,i,PSTU,0,16,PSTU,PARTIDO SOCIALISTA  DOS TRABALHADORES UNIFICADO,,16,280002541457,HERTZ DA CONCEICAO DIAS,HERTZ DIAS,20/10/1970,8,Válido,nao,,2,0.02,0.023584906,VANESSA PORTUGAL BARBOSA,VANESSA PORTUGAL,PSTU,v,,,,,04/10/2026 19:23:45,sim
1,04/10/2026,6257,Presidente,1,municipio,PB,21318,2511509,PILAR,,,,,PARTIDO COMUNISTA BRASILEIRO,i,PCB,0,21,PCB,PARTIDO COMUNISTA BRASILEIRO,,21,280002551975,EDMILSON SILVA COSTA,EDMILSON COSTA,08/04/1950,10,Válido,nao,,1,0.01,0.011792453,CLEUSA DOS SANTOS,CLEUSA SANTOS,PCB,v,,,,,04/10/2026 19:23:45,sim
1,04/10/2026,6257,Presidente,1,municipio,PB,21318,2511509,PILAR,,,,,DEMOCRACIA CRISTÃ,i,DC,0,27,DC,DEMOCRACIA CRISTÃ,,27,280002552484,CLARIANA ZACARKIM BARAO,CLARIANA BARAO,03/04/1987,9,Válido,nao,,3,0.04,0.035377358,FABIANA CRISTINA TAVARES TORQUATO,FABIANA TORQUATO,DC,v,,,,,04/10/2026 19:23:45,sim
1,04/10/2026,6257,Presidente,1,municipio,PB,21318,2511509,PILAR,,,,,PARTIDO NOVO,i,NOVO,0,30,NOVO,PARTIDO NOVO,,30,280002539826,ROMEU ZEMA NETO,ZEMA,28/10/1964,6,Válido,nao,,1,0.01,0.011792453,LUIS EDUARDO GRANGEIRO GIRÃO,EDUARDO GIRÃO,NOVO,v,,,,,04/10/2026 19:23:45,sim
1,04/10/2026,6257,Presidente,1,municipio,PB,21318,2511509,PILAR,,,,,BRASIL DOS NOSSOS SONHOS,c,AGIR / AVANTE,,70,AVANTE,AVANTE,,70,280002551547,AUGUSTO JORGE CURY,ESCRITOR AUGUSTO CURY,02/10/1958,3,Válido,nao,,260,3.07,3.066037736,JULIO CESAR DELGADO,JÚLIO DELGADO,AVANTE,v,,,,,04/10/2026 19:23:45,sim
1,04/10/2026,6257,Presidente,1,municipio,PB,21318,2511509,PILAR,,,,,DEMOCRATA,i,DEMOCRATA,0,35,DEMOCRATA,DEMOCRATA,,35,280002548139,WILSON GRASSI JUNIOR,VETERINÁRIO WILSON GRASSI,13/03/1970,11,Válido,nao,,0,0.00,0,SUÊD HAIDAR NOGUEIRA,SUÊD HAIDAR,DEMOCRATA,v,,,,,04/10/2026 19:23:45,sim
1,04/10/2026,6257,Presidente,1,municipio,PB,21318,2511509,PILAR,,,,,UNIDADE POPULAR,i,UP,0,80,UP,UNIDADE POPULAR,,80,280002538811,SAMARA MARTINS DA SILVA FEITOSA,SAMARA,31/08/1987,7,Válido,nao,,1,0.01,0.011792453,RAQUEL NONATO DE BRICIO,RAQUEL BRÍCIO,UP,v,,,,,04/10/2026 19:23:45,sim
1,04/10/2026,6257,Presidente,1,municipio,PB,21318,2511509,PILAR,,,,,PARTIDO MISSÃO,i,MISSÃO,0,14,MISSÃO,PARTIDO MISSÃO,,14,280002540694,RENAN ANTONIO FERREIRA DOS SANTOS,RENAN SANTOS,14/02/1984,4,Válido,nao,,89,1.05,1.049528302,AROLDO MEDINA,CORONEL MEDINA,MISSÃO,v,,,,,04/10/2026 19:23:45,sim
1,04/10/2026,6257,Presidente,1,municipio,PB,21318,2511509,PILAR,,,,,PARTIDO DA CAUSA OPERÁRIA,i,PCO,0,29,PCO,PARTIDO DA CAUSA OPERÁRIA,,29,280002552487,RUI COSTA PIMENTA,RUI COSTA PIMENTA,25/06/1957,12,Válido,nao,,0,0.00,0,ANTONIO CARLOS SILVA,ANTÔNIO CARLOS,PCO,v,,,,,04/10/2026 19:23:45,sim
1,04/10/2026,6257,Presidente,1,municipio,PB,21334,2511608,PILÕES,,,,,PARTIDO LIBERAL,i,PL,0,22,PL,PARTIDO LIBERAL,,22,280002551544,FLAVIO NANTES BOLSONARO,FLAVIO BOLSONARO,30/04/1981,1,Válido,nao,,1212,22.68,22.683885458,ALFREDO GASPAR DE MENDONÇA NETO,ALFREDO GASPAR,PL,v,,,,,04/10/2026 18:44:24,sim
1,04/10/2026,6257,Presidente,1,municipio,PB,21334,2511608,PILÕES,,,,,PARTIDO SOCIAL DEMOCRÁTICO,i,PSD,0,55,PSD,PARTIDO SOCIAL DEMOCRÁTICO,,55,280002551932,RONALDO RAMOS CAIADO,RONALDO CAIADO,25/09/1949,4,Válido,nao,,37,0.69,0.692494853,GILBERTO KASSAB,GILBERTO KASSAB,PSD,v,,,,,04/10/2026 18:44:24,sim
1,04/10/2026,6257,Presidente,1,municipio,PB,21334,2511608,PILÕES,,PT/PC do B/PV,FEDERAÇÃO BRASIL DA ESPERANÇA - FE BRASIL,PT/PC do B/PV,BRASIL PRONTO PRA MAIS,c,PSB / PDT / PCDOB / PT / PV / PSOL / REDE,,13,PT,PARTIDO DOS TRABALHADORES,101,13,280002542548,LUIZ INÁCIO LULA DA SILVA,LULA,06/10/1945,2,Válido,nao,,3896,72.92,72.917836421,GERALDO JOSE RODRIGUES ALCKMIN FILHO,GERALDO ALCKMIN,PSB,v,,,,,04/10/2026 18:44:24,sim
1,04/10/2026,6257,Presidente,1,municipio,PB,21334,2511608,PILÕES,,,,,DEMOCRACIA CRISTÃ,i,DC,0,27,DC,DEMOCRACIA CRISTÃ,,27,280002552484,CLARIANA ZACARKIM BARAO,CLARIANA BARAO,03/04/1987,9,Válido,nao,,2,0.04,0.037432154,FABIANA CRISTINA TAVARES TORQUATO,FABIANA TORQUATO,DC,v,,,,,04/10/2026 18:44:24,sim
1,04/10/2026,6257,Presidente,1,municipio,PB,21334,2511608,PILÕES,,,,,PARTIDO COMUNISTA BRASILEIRO,i,PCB,0,21,PCB,PARTIDO COMUNISTA BRASILEIRO,,21,280002551975,EDMILSON SILVA COSTA,EDMILSON COSTA,08/04/1950,10,Válido,nao,,1,0.02,0.018716077,CLEUSA DOS SANTOS,CLEUSA SANTOS,PCB,v,,,,,04/10/2026 18:44:24,sim
1,04/10/2026,6257,Presidente,1,municipio,PB,21334,2511608,PILÕES,,,,,PARTIDO SOCIALISTA  DOS TRABALHADORES UNIFICADO,i,PSTU,0,16,PSTU,PARTIDO SOCIALISTA  DOS TRABALHADORES UNIFICADO,,16,280002541457,HERTZ DA CONCEICAO DIAS,HERTZ DIAS,20/10/1970,8,Válido,nao,,0,0.00,0,VANESSA PORTUGAL BARBOSA,VANESSA PORTUGAL,PSTU,v,,,,,04/10/2026 18:44:24,sim
1,04/10/2026,6257,Presidente,1,municipio,PB,21334,2511608,PILÕES,,,,,BRASIL DOS NOSSOS SONHOS,c,AGIR / AVANTE,,70,AVANTE,AVANTE,,70,280002551547,AUGUSTO JORGE CURY,ESCRITOR AUGUSTO CURY,02/10/1958,3,Válido,nao,,126,2.36,2.358225716,JULIO CESAR DELGADO,JÚLIO DELGADO,AVANTE,v,,,,,04/10/2026 18:44:24,sim
1,04/10/2026,6257,Presidente,1,municipio,PB,21334,2511608,PILÕES,,,,,PARTIDO NOVO,i,NOVO,0,30,NOVO,PARTIDO NOVO,,30,280002539826,ROMEU ZEMA NETO,ZEMA,28/10/1964,6,Válido,nao,,3,0.06,0.056148231,LUIS EDUARDO GRANGEIRO GIRÃO,EDUARDO GIRÃO,NOVO,v,,,,,04/10/2026 18:44:24,sim
1,04/10/2026,6257,Presidente,1,municipio,PB,21334,2511608,PILÕES,,,,,UNIDADE POPULAR,i,UP,0,80,UP,UNIDADE POPULAR,,80,280002538811,SAMARA MARTINS DA SILVA FEITOSA,SAMARA,31/08/1987,7,Válido,nao,,1,0.02,0.018716077,RAQUEL NONATO DE BRICIO,RAQUEL BRÍCIO,UP,v,,,,,04/10/2026 18:44:24,sim
1,04/10/2026,6257,Presidente,1,municipio,PB,21334,2511608,PILÕES,,,,,DEMOCRATA,i,DEMOCRATA,0,35,DEMOCRATA,DEMOCRATA,,35,280002548139,WILSON GRASSI JUNIOR,VETERINÁRIO WILSON GRASSI,13/03/1970,11,Válido,nao,,0,0.00,0,SUÊD HAIDAR NOGUEIRA,SUÊD HAIDAR,DEMOCRATA,v,,,,,04/10/2026 18:44:24,sim
1,04/10/2026,6257,Presidente,1,municipio,PB,21334,2511608,PILÕES,,,,,PARTIDO MISSÃO,i,MISSÃO,0,14,MISSÃO,PARTIDO MISSÃO,,14,280002540694,RENAN ANTONIO FERREIRA DOS SANTOS,RENAN SANTOS,14/02/1984,5,Válido,nao,,65,1.22,1.216545012,AROLDO MEDINA,CORONEL MEDINA,MISSÃO,v,,,,,04/10/2026 18:44:24,sim
1,04/10/2026,6257,Presidente,1,municipio,PB,21334,2511608,PILÕES,,,,,PARTIDO DA CAUSA OPERÁRIA,i,PCO,0,29,PCO,PARTIDO DA CAUSA OPERÁRIA,,29,280002552487,RUI COSTA PIMENTA,RUI COSTA PIMENTA,25/06/1957,12,Válido,nao,,0,0.00,0,ANTONIO CARLOS SILVA,ANTÔNIO CARLOS,PCO,v,,,,,04/10/2026 18:44:24,sim
1,04/10/2026,6257,Presidente,1,municipio,PB,21350,2511707,PILÕEZINHOS,,,,,PARTIDO LIBERAL,i,PL,0,22,PL,PARTIDO LIBERAL,,22,280002551544,FLAVIO NANTES BOLSONARO,FLAVIO BOLSONARO,30/04/1981,1,Válido,nao,,995,22.21,22.214780085,ALFREDO GASPAR DE MENDONÇA NETO,ALFREDO GASPAR,PL,v,,,,,04/10/2026 20:07:49,sim
1,04/10/2026,6257,Presidente,1,municipio,PB,21350,2511707,PILÕEZINHOS,,,,,PARTIDO SOCIAL DEMOCRÁTICO,i,PSD,0,55,PSD,PARTIDO SOCIAL DEMOCRÁTICO,,55,280002551932,RONALDO RAMOS CAIADO,RONALDO CAIADO,25/09/1949,5,Válido,nao,,16,0.36,0.357222594,GILBERTO KASSAB,GILBERTO KASSAB,PSD,v,,,,,04/10/2026 20:07:49,sim
1,04/10/2026,6257,Presidente,1,municipio,PB,21350,2511707,PILÕEZINHOS,,PT/PC do B/PV,FEDERAÇÃO BRASIL DA ESPERANÇA - FE BRASIL,PT/PC do B/PV,BRASIL PRONTO PRA MAIS,c,PSB / PDT / PCDOB / PT / PV / PSOL / REDE,,13,PT,PARTIDO DOS TRABALHADORES,101,13,280002542548,LUIZ INÁCIO LULA DA SILVA,LULA,06/10/1945,2,Válido,nao,,3287,73.39,73.386916722,GERALDO JOSE RODRIGUES ALCKMIN FILHO,GERALDO ALCKMIN,PSB,v,,,,,04/10/2026 20:07:49,sim
1,04/10/2026,6257,Presidente,1,municipio,PB,21350,2511707,PILÕEZINHOS,,,,,DEMOCRACIA CRISTÃ,i,DC,0,27,DC,DEMOCRACIA CRISTÃ,,27,280002552484,CLARIANA ZACARKIM BARAO,CLARIANA BARAO,03/04/1987,9,Válido,nao,,1,0.02,0.022326412,FABIANA CRISTINA TAVARES TORQUATO,FABIANA TORQUATO,DC,v,,,,,04/10/2026 20:07:49,sim
1,04/10/2026,6257,Presidente,1,municipio,PB,21350,2511707,PILÕEZINHOS,,,,,PARTIDO COMUNISTA BRASILEIRO,i,PCB,0,21,PCB,PARTIDO COMUNISTA BRASILEIRO,,21,280002551975,EDMILSON SILVA COSTA,EDMILSON COSTA,08/04/1950,10,Válido,nao,,2,0.04,0.044652824,CLEUSA DOS SANTOS,CLEUSA SANTOS,PCB,v,,,,,04/10/2026 20:07:49,sim
1,04/10/2026,6257,Presidente,1,municipio,PB,21350,2511707,PILÕEZINHOS,,,,,PARTIDO SOCIALISTA  DOS TRABALHADORES UNIFICADO,i,PSTU,0,16,PSTU,PARTIDO SOCIALISTA  DOS TRABALHADORES UNIFICADO,,16,280002541457,HERTZ DA CONCEICAO DIAS,HERTZ DIAS,20/10/1970,8,Válido,nao,,2,0.04,0.044652824,VANESSA PORTUGAL BARBOSA,VANESSA PORTUGAL,PSTU,v,,,,,04/10/2026 20:07:49,sim
1,04/10/2026,6257,Presidente,1,municipio,PB,21350,2511707,PILÕEZINHOS,,,,,BRASIL DOS NOSSOS SONHOS,c,AGIR / AVANTE,,70,AVANTE,AVANTE,,70,280002551547,AUGUSTO JORGE CURY,ESCRITOR AUGUSTO CURY,02/10/1958,3,Válido,nao,,113,2.52,2.522884572,JULIO CESAR DELGADO,JÚLIO DELGADO,AVANTE,v,,,,,04/10/2026 20:07:49,sim
1,04/10/2026,6257,Presidente,1,municipio,PB,21350,2511707,PILÕEZINHOS,,,,,PARTIDO NOVO,i,NOVO,0,30,NOVO,PARTIDO NOVO,,30,280002539826,ROMEU ZEMA NETO,ZEMA,28/10/1964,6,Válido,nao,,1,0.02,0.022326412,LUIS EDUARDO GRANGEIRO GIRÃO,EDUARDO GIRÃO,NOVO,v,,,,,04/10/2026 20:07:49,sim
1,04/10/2026,6257,Presidente,1,municipio,PB,21350,2511707,PILÕEZINHOS,,,,,UNIDADE POPULAR,i,UP,0,80,UP,UNIDADE POPULAR,,80,280002538811,SAMARA MARTINS DA SILVA FEITOSA,SAMARA,31/08/1987,7,Válido,nao,,2,0.04,0.044652824,RAQUEL NONATO DE BRICIO,RAQUEL BRÍCIO,UP,v,,,,,04/10/2026 20:07:49,sim
1,04/10/2026,6257,Presidente,1,municipio,PB,21350,2511707,PILÕEZINHOS,,,,,DEMOCRATA,i,DEMOCRATA,0,35,DEMOCRATA,DEMOCRATA,,35,280002548139,WILSON GRASSI JUNIOR,VETERINÁRIO WILSON GRASSI,13/03/1970,11,Válido,nao,,0,0.00,0,SUÊD HAIDAR NOGUEIRA,SUÊD HAIDAR,DEMOCRATA,v,,,,,04/10/2026 20:07:49,sim
1,04/10/2026,6257,Presidente,1,municipio,PB,21350,2511707,PILÕEZINHOS,,,,,PARTIDO MISSÃO,i,MISSÃO,0,14,MISSÃO,PARTIDO MISSÃO,,14,280002540694,RENAN ANTONIO FERREIRA DOS SANTOS,RENAN SANTOS,14/02/1984,4,Válido,nao,,60,1.34,1.339584729,AROLDO MEDINA,CORONEL MEDINA,MISSÃO,v,,,,,04/10/2026 20:07:49,sim
1,04/10/2026,6257,Presidente,1,municipio,PB,21350,2511707,PILÕEZINHOS,,,,,PARTIDO DA CAUSA OPERÁRIA,i,PCO,0,29,PCO,PARTIDO DA CAUSA OPERÁRIA,,29,280002552487,RUI COSTA PIMENTA,RUI COSTA PIMENTA,25/06/1957,12,Válido,nao,,0,0.00,0,ANTONIO CARLOS SILVA,ANTÔNIO CARLOS,PCO,v,,,,,04/10/2026 20:07:49,sim
1,04/10/2026,6257,Presidente,1,municipio,PB,21377,2511806,PIRPIRITUBA,,,,,PARTIDO LIBERAL,i,PL,0,22,PL,PARTIDO LIBERAL,,22,280002551544,FLAVIO NANTES BOLSONARO,FLAVIO BOLSONARO,30/04/1981,1,Válido,nao,,1621,25.38,25.375704446,ALFREDO GASPAR DE MENDONÇA NETO,ALFREDO GASPAR,PL,v,,,,,04/10/2026 18:48:45,sim
1,04/10/2026,6257,Presidente,1,municipio,PB,21377,2511806,PIRPIRITUBA,,,,,PARTIDO SOCIAL DEMOCRÁTICO,i,PSD,0,55,PSD,PARTIDO SOCIAL DEMOCRÁTICO,,55,280002551932,RONALDO RAMOS CAIADO,RONALDO CAIADO,25/09/1949,4,Válido,nao,,51,0.80,0.798371947,GILBERTO KASSAB,GILBERTO KASSAB,PSD,v,,,,,04/10/2026 18:48:45,sim
1,04/10/2026,6257,Presidente,1,municipio,PB,21377,2511806,PIRPIRITUBA,,PT/PC do B/PV,FEDERAÇÃO BRASIL DA ESPERANÇA - FE BRASIL,PT/PC do B/PV,BRASIL PRONTO PRA MAIS,c,PSB / PDT / PCDOB / PT / PV / PSOL / REDE,,13,PT,PARTIDO DOS TRABALHADORES,101,13,280002542548,LUIZ INÁCIO LULA DA SILVA,LULA,06/10/1945,2,Válido,nao,,4375,68.49,68.487789606,GERALDO JOSE RODRIGUES ALCKMIN FILHO,GERALDO ALCKMIN,PSB,v,,,,,04/10/2026 18:48:45,sim
1,04/10/2026,6257,Presidente,1,municipio,PB,21377,2511806,PIRPIRITUBA,,,,,DEMOCRACIA CRISTÃ,i,DC,0,27,DC,DEMOCRACIA CRISTÃ,,27,280002552484,CLARIANA ZACARKIM BARAO,CLARIANA BARAO,03/04/1987,9,Válido,nao,,1,0.02,0.015654352,FABIANA CRISTINA TAVARES TORQUATO,FABIANA TORQUATO,DC,v,,,,,04/10/2026 18:48:45,sim
1,04/10/2026,6257,Presidente,1,municipio,PB,21377,2511806,PIRPIRITUBA,,,,,PARTIDO COMUNISTA BRASILEIRO,i,PCB,0,21,PCB,PARTIDO COMUNISTA BRASILEIRO,,21,280002551975,EDMILSON SILVA COSTA,EDMILSON COSTA,08/04/1950,10,Válido,nao,,0,0.00,0,CLEUSA DOS SANTOS,CLEUSA SANTOS,PCB,v,,,,,04/10/2026 18:48:45,sim
1,04/10/2026,6257,Presidente,1,municipio,PB,21377,2511806,PIRPIRITUBA,,,,,PARTIDO SOCIALISTA  DOS TRABALHADORES UNIFICADO,i,PSTU,0,16,PSTU,PARTIDO SOCIALISTA  DOS TRABALHADORES UNIFICADO,,16,280002541457,HERTZ DA CONCEICAO DIAS,HERTZ DIAS,20/10/1970,8,Válido,nao,,1,0.02,0.015654352,VANESSA PORTUGAL BARBOSA,VANESSA PORTUGAL,PSTU,v,,,,,04/10/2026 18:48:45,sim
1,04/10/2026,6257,Presidente,1,municipio,PB,21377,2511806,PIRPIRITUBA,,,,,BRASIL DOS NOSSOS SONHOS,c,AGIR / AVANTE,,70,AVANTE,AVANTE,,70,280002551547,AUGUSTO JORGE CURY,ESCRITOR AUGUSTO CURY,02/10/1958,3,Válido,nao,,222,3.48,3.475266124,JULIO CESAR DELGADO,JÚLIO DELGADO,AVANTE,v,,,,,04/10/2026 18:48:45,sim
1,04/10/2026,6257,Presidente,1,municipio,PB,21377,2511806,PIRPIRITUBA,,,,,PARTIDO NOVO,i,NOVO,0,30,NOVO,PARTIDO NOVO,,30,280002539826,ROMEU ZEMA NETO,ZEMA,28/10/1964,6,Válido,nao,,3,0.05,0.046963056,LUIS EDUARDO GRANGEIRO GIRÃO,EDUARDO GIRÃO,NOVO,v,,,,,04/10/2026 18:48:45,sim
1,04/10/2026,6257,Presidente,1,municipio,PB,21377,2511806,PIRPIRITUBA,,,,,UNIDADE POPULAR,i,UP,0,80,UP,UNIDADE POPULAR,,80,280002538811,SAMARA MARTINS DA SILVA FEITOSA,SAMARA,31/08/1987,7,Válido,nao,,3,0.05,0.046963056,RAQUEL NONATO DE BRICIO,RAQUEL BRÍCIO,UP,v,,,,,04/10/2026 18:48:45,sim
1,04/10/2026,6257,Presidente,1,municipio,PB,21377,2511806,PIRPIRITUBA,,,,,DEMOCRATA,i,DEMOCRATA,0,35,DEMOCRATA,DEMOCRATA,,35,280002548139,WILSON GRASSI JUNIOR,VETERINÁRIO WILSON GRASSI,13/03/1970,11,Válido,nao,,1,0.02,0.015654352,SUÊD HAIDAR NOGUEIRA,SUÊD HAIDAR,DEMOCRATA,v,,,,,04/10/2026 18:48:45,sim
1,04/10/2026,6257,Presidente,1,municipio,PB,21377,2511806,PIRPIRITUBA,,,,,PARTIDO MISSÃO,i,MISSÃO,0,14,MISSÃO,PARTIDO MISSÃO,,14,280002540694,RENAN ANTONIO FERREIRA DOS SANTOS,RENAN SANTOS,14/02/1984,5,Válido,nao,,109,1.71,1.706324358,AROLDO MEDINA,CORONEL MEDINA,MISSÃO,v,,,,,04/10/2026 18:48:45,sim
1,04/10/2026,6257,Presidente,1,municipio,PB,21377,2511806,PIRPIRITUBA,,,,,PARTIDO DA CAUSA OPERÁRIA,i,PCO,0,29,PCO,PARTIDO DA CAUSA OPERÁRIA,,29,280002552487,RUI COSTA PIMENTA,RUI COSTA PIMENTA,25/06/1957,12,Válido,nao,,1,0.02,0.015654352,ANTONIO CARLOS SILVA,ANTÔNIO CARLOS,PCO,v,,,,,04/10/2026 18:48:45,sim
1,04/10/2026,6257,Presidente,1,municipio,PB,21393,2511905,PITIMBU,,,,,PARTIDO LIBERAL,i,PL,0,22,PL,PARTIDO LIBERAL,,22,280002551544,FLAVIO NANTES BOLSONARO,FLAVIO BOLSONARO,30/04/1981,1,Válido,nao,,3089,31.19,31.192567909,ALFREDO GASPAR DE MENDONÇA NETO,ALFREDO GASPAR,PL,v,,,,,04/10/2026 21:37:31,sim
1,04/10/2026,6257,Presidente,1,municipio,PB,21393,2511905,PITIMBU,,,,,PARTIDO SOCIAL DEMOCRÁTICO,i,PSD,0,55,PSD,PARTIDO SOCIAL DEMOCRÁTICO,,55,280002551932,RONALDO RAMOS CAIADO,RONALDO CAIADO,25/09/1949,5,Válido,nao,,43,0.43,0.434211855,GILBERTO KASSAB,GILBERTO KASSAB,PSD,v,,,,,04/10/2026 21:37:31,sim
1,04/10/2026,6257,Presidente,1,municipio,PB,21393,2511905,PITIMBU,,PT/PC do B/PV,FEDERAÇÃO BRASIL DA ESPERANÇA - FE BRASIL,PT/PC do B/PV,BRASIL PRONTO PRA MAIS,c,PSB / PDT / PCDOB / PT / PV / PSOL / REDE,,13,PT,PARTIDO DOS TRABALHADORES,101,13,280002542548,LUIZ INÁCIO LULA DA SILVA,LULA,06/10/1945,2,Válido,nao,,6395,64.58,64.576390993,GERALDO JOSE RODRIGUES ALCKMIN FILHO,GERALDO ALCKMIN,PSB,v,,,,,04/10/2026 21:37:31,sim
1,04/10/2026,6257,Presidente,1,municipio,PB,21393,2511905,PITIMBU,,,,,DEMOCRACIA CRISTÃ,i,DC,0,27,DC,DEMOCRACIA CRISTÃ,,27,280002552484,CLARIANA ZACARKIM BARAO,CLARIANA BARAO,03/04/1987,9,Válido,nao,,1,0.01,0.010097950,FABIANA CRISTINA TAVARES TORQUATO,FABIANA TORQUATO,DC,v,,,,,04/10/2026 21:37:31,sim
1,04/10/2026,6257,Presidente,1,municipio,PB,21393,2511905,PITIMBU,,,,,PARTIDO COMUNISTA BRASILEIRO,i,PCB,0,21,PCB,PARTIDO COMUNISTA BRASILEIRO,,21,280002551975,EDMILSON SILVA COSTA,EDMILSON COSTA,08/04/1950,10,Válido,nao,,0,0.00,0,CLEUSA DOS SANTOS,CLEUSA SANTOS,PCB,v,,,,,04/10/2026 21:37:31,sim
1,04/10/2026,6257,Presidente,1,municipio,PB,21393,2511905,PITIMBU,,,,,PARTIDO SOCIALISTA  DOS TRABALHADORES UNIFICADO,i,PSTU,0,16,PSTU,PARTIDO SOCIALISTA  DOS TRABALHADORES UNIFICADO,,16,280002541457,HERTZ DA CONCEICAO DIAS,HERTZ DIAS,20/10/1970,8,Válido,nao,,0,0.00,0,VANESSA PORTUGAL BARBOSA,VANESSA PORTUGAL,PSTU,v,,,,,04/10/2026 21:37:31,sim
1,04/10/2026,6257,Presidente,1,municipio,PB,21393,2511905,PITIMBU,,,,,BRASIL DOS NOSSOS SONHOS,c,AGIR / AVANTE,,70,AVANTE,AVANTE,,70,280002551547,AUGUSTO JORGE CURY,ESCRITOR AUGUSTO CURY,02/10/1958,3,Válido,nao,,288,2.91,2.908209633,JULIO CESAR DELGADO,JÚLIO DELGADO,AVANTE,v,,,,,04/10/2026 21:37:31,sim
1,04/10/2026,6257,Presidente,1,municipio,PB,21393,2511905,PITIMBU,,,,,PARTIDO NOVO,i,NOVO,0,30,NOVO,PARTIDO NOVO,,30,280002539826,ROMEU ZEMA NETO,ZEMA,28/10/1964,6,Válido,nao,,4,0.04,0.040391800,LUIS EDUARDO GRANGEIRO GIRÃO,EDUARDO GIRÃO,NOVO,v,,,,,04/10/2026 21:37:31,sim
1,04/10/2026,6257,Presidente,1,municipio,PB,21393,2511905,PITIMBU,,,,,UNIDADE POPULAR,i,UP,0,80,UP,UNIDADE POPULAR,,80,280002538811,SAMARA MARTINS DA SILVA FEITOSA,SAMARA,31/08/1987,7,Válido,nao,,3,0.03,0.030293850,RAQUEL NONATO DE BRICIO,RAQUEL BRÍCIO,UP,v,,,,,04/10/2026 21:37:31,sim
1,04/10/2026,6257,Presidente,1,municipio,PB,21393,2511905,PITIMBU,,,,,DEMOCRATA,i,DEMOCRATA,0,35,DEMOCRATA,DEMOCRATA,,35,280002548139,WILSON GRASSI JUNIOR,VETERINÁRIO WILSON GRASSI,13/03/1970,11,Válido,nao,,1,0.01,0.010097950,SUÊD HAIDAR NOGUEIRA,SUÊD HAIDAR,DEMOCRATA,v,,,,,04/10/2026 21:37:31,sim
1,04/10/2026,6257,Presidente,1,municipio,PB,21393,2511905,PITIMBU,,,,,PARTIDO MISSÃO,i,MISSÃO,0,14,MISSÃO,PARTIDO MISSÃO,,14,280002540694,RENAN ANTONIO FERREIRA DOS SANTOS,RENAN SANTOS,14/02/1984,4,Válido,nao,,79,0.80,0.797738059,AROLDO MEDINA,CORONEL MEDINA,MISSÃO,v,,,,,04/10/2026 21:37:31,sim
1,04/10/2026,6257,Presidente,1,municipio,PB,21393,2511905,PITIMBU,,,,,PARTIDO DA CAUSA OPERÁRIA,i,PCO,0,29,PCO,PARTIDO DA CAUSA OPERÁRIA,,29,280002552487,RUI COSTA PIMENTA,RUI COSTA PIMENTA,25/06/1957,12,Válido,nao,,0,0.00,0,ANTONIO CARLOS SILVA,ANTÔNIO CARLOS,PCO,v,,,,,04/10/2026 21:37:31,sim
1,04/10/2026,6257,Presidente,1,municipio,PB,21415,2512002,POCINHOS,,,,,PARTIDO LIBERAL,i,PL,0,22,PL,PARTIDO LIBERAL,,22,280002551544,FLAVIO NANTES BOLSONARO,FLAVIO BOLSONARO,30/04/1981,1,Válido,nao,,3914,33.12,33.118971061,ALFREDO GASPAR DE MENDONÇA NETO,ALFREDO GASPAR,PL,v,,,,,04/10/2026 18:42:09,sim
1,04/10/2026,6257,Presidente,1,municipio,PB,21415,2512002,POCINHOS,,,,,PARTIDO SOCIAL DEMOCRÁTICO,i,PSD,0,55,PSD,PARTIDO SOCIAL DEMOCRÁTICO,,55,280002551932,RONALDO RAMOS CAIADO,RONALDO CAIADO,25/09/1949,4,Válido,nao,,82,0.69,0.693856829,GILBERTO KASSAB,GILBERTO KASSAB,PSD,v,,,,,04/10/2026 18:42:09,sim
1,04/10/2026,6257,Presidente,1,municipio,PB,21415,2512002,POCINHOS,,PT/PC do B/PV,FEDERAÇÃO BRASIL DA ESPERANÇA - FE BRASIL,PT/PC do B/PV,BRASIL PRONTO PRA MAIS,c,PSB / PDT / PCDOB / PT / PV / PSOL / REDE,,13,PT,PARTIDO DOS TRABALHADORES,101,13,280002542548,LUIZ INÁCIO LULA DA SILVA,LULA,06/10/1945,2,Válido,nao,,7251,61.36,61.355559316,GERALDO JOSE RODRIGUES ALCKMIN FILHO,GERALDO ALCKMIN,PSB,v,,,,,04/10/2026 18:42:09,sim
1,04/10/2026,6257,Presidente,1,municipio,PB,21415,2512002,POCINHOS,,,,,DEMOCRACIA CRISTÃ,i,DC,0,27,DC,DEMOCRACIA CRISTÃ,,27,280002552484,CLARIANA ZACARKIM BARAO,CLARIANA BARAO,03/04/1987,9,Válido,nao,,0,0.00,0,FABIANA CRISTINA TAVARES TORQUATO,FABIANA TORQUATO,DC,v,,,,,04/10/2026 18:42:09,sim
1,04/10/2026,6257,Presidente,1,municipio,PB,21415,2512002,POCINHOS,,,,,PARTIDO COMUNISTA BRASILEIRO,i,PCB,0,21,PCB,PARTIDO COMUNISTA BRASILEIRO,,21,280002551975,EDMILSON SILVA COSTA,EDMILSON COSTA,08/04/1950,10,Válido,nao,,0,0.00,0,CLEUSA DOS SANTOS,CLEUSA SANTOS,PCB,v,,,,,04/10/2026 18:42:09,sim
1,04/10/2026,6257,Presidente,1,municipio,PB,21415,2512002,POCINHOS,,,,,PARTIDO SOCIALISTA  DOS TRABALHADORES UNIFICADO,i,PSTU,0,16,PSTU,PARTIDO SOCIALISTA  DOS TRABALHADORES UNIFICADO,,16,280002541457,HERTZ DA CONCEICAO DIAS,HERTZ DIAS,20/10/1970,8,Válido,nao,,4,0.03,0.033846675,VANESSA PORTUGAL BARBOSA,VANESSA PORTUGAL,PSTU,v,,,,,04/10/2026 18:42:09,sim
1,04/10/2026,6257,Presidente,1,municipio,PB,21415,2512002,POCINHOS,,,,,BRASIL DOS NOSSOS SONHOS,c,AGIR / AVANTE,,70,AVANTE,AVANTE,,70,280002551547,AUGUSTO JORGE CURY,ESCRITOR AUGUSTO CURY,02/10/1958,3,Válido,nao,,370,3.13,3.130817397,JULIO CESAR DELGADO,JÚLIO DELGADO,AVANTE,v,,,,,04/10/2026 18:42:09,sim
1,04/10/2026,6257,Presidente,1,municipio,PB,21415,2512002,POCINHOS,,,,,PARTIDO NOVO,i,NOVO,0,30,NOVO,PARTIDO NOVO,,30,280002539826,ROMEU ZEMA NETO,ZEMA,28/10/1964,6,Válido,nao,,12,0.10,0.101540024,LUIS EDUARDO GRANGEIRO GIRÃO,EDUARDO GIRÃO,NOVO,v,,,,,04/10/2026 18:42:09,sim
1,04/10/2026,6257,Presidente,1,municipio,PB,21415,2512002,POCINHOS,,,,,UNIDADE POPULAR,i,UP,0,80,UP,UNIDADE POPULAR,,80,280002538811,SAMARA MARTINS DA SILVA FEITOSA,SAMARA,31/08/1987,7,Válido,nao,,5,0.04,0.042308343,RAQUEL NONATO DE BRICIO,RAQUEL BRÍCIO,UP,v,,,,,04/10/2026 18:42:09,sim
1,04/10/2026,6257,Presidente,1,municipio,PB,21415,2512002,POCINHOS,,,,,DEMOCRATA,i,DEMOCRATA,0,35,DEMOCRATA,DEMOCRATA,,35,280002548139,WILSON GRASSI JUNIOR,VETERINÁRIO WILSON GRASSI,13/03/1970,11,Válido,nao,,2,0.02,0.016923337,SUÊD HAIDAR NOGUEIRA,SUÊD HAIDAR,DEMOCRATA,v,,,,,04/10/2026 18:42:09,sim
1,04/10/2026,6257,Presidente,1,municipio,PB,21415,2512002,POCINHOS,,,,,PARTIDO MISSÃO,i,MISSÃO,0,14,MISSÃO,PARTIDO MISSÃO,,14,280002540694,RENAN ANTONIO FERREIRA DOS SANTOS,RENAN SANTOS,14/02/1984,5,Válido,nao,,178,1.51,1.506177018,AROLDO MEDINA,CORONEL MEDINA,MISSÃO,v,,,,,04/10/2026 18:42:09,sim
1,04/10/2026,6257,Presidente,1,municipio,PB,21415,2512002,POCINHOS,,,,,PARTIDO DA CAUSA OPERÁRIA,i,PCO,0,29,PCO,PARTIDO DA CAUSA OPERÁRIA,,29,280002552487,RUI COSTA PIMENTA,RUI COSTA PIMENTA,25/06/1957,12,Válido,nao,,0,0.00,0,ANTONIO CARLOS SILVA,ANTÔNIO CARLOS,PCO,v,,,,,04/10/2026 18:42:09,sim
1,04/10/2026,6257,Presidente,1,municipio,PB,21431,2512101,POMBAL,,,,,PARTIDO LIBERAL,i,PL,0,22,PL,PARTIDO LIBERAL,,22,280002551544,FLAVIO NANTES BOLSONARO,FLAVIO BOLSONARO,30/04/1981,1,Válido,nao,,6509,32.77,32.771120733,ALFREDO GASPAR DE MENDONÇA NETO,ALFREDO GASPAR,PL,v,,,,,04/10/2026 20:11:10,sim
1,04/10/2026,6257,Presidente,1,municipio,PB,21431,2512101,POMBAL,,,,,PARTIDO SOCIAL DEMOCRÁTICO,i,PSD,0,55,PSD,PARTIDO SOCIAL DEMOCRÁTICO,,55,280002551932,RONALDO RAMOS CAIADO,RONALDO CAIADO,25/09/1949,5,Válido,nao,,138,0.69,0.694794079,GILBERTO KASSAB,GILBERTO KASSAB,PSD,v,,,,,04/10/2026 20:11:10,sim
1,04/10/2026,6257,Presidente,1,municipio,PB,21431,2512101,POMBAL,,PT/PC do B/PV,FEDERAÇÃO BRASIL DA ESPERANÇA - FE BRASIL,PT/PC do B/PV,BRASIL PRONTO PRA MAIS,c,PSB / PDT / PCDOB / PT / PV / PSOL / REDE,,13,PT,PARTIDO DOS TRABALHADORES,101,13,280002542548,LUIZ INÁCIO LULA DA SILVA,LULA,06/10/1945,2,Válido,nao,,12343,62.14,62.143792166,GERALDO JOSE RODRIGUES ALCKMIN FILHO,GERALDO ALCKMIN,PSB,v,,,,,04/10/2026 20:11:10,sim
1,04/10/2026,6257,Presidente,1,municipio,PB,21431,2512101,POMBAL,,,,,DEMOCRACIA CRISTÃ,i,DC,0,27,DC,DEMOCRACIA CRISTÃ,,27,280002552484,CLARIANA ZACARKIM BARAO,CLARIANA BARAO,03/04/1987,9,Válido,nao,,1,0.01,0.005034740,FABIANA CRISTINA TAVARES TORQUATO,FABIANA TORQUATO,DC,v,,,,,04/10/2026 20:11:10,sim
1,04/10/2026,6257,Presidente,1,municipio,PB,21431,2512101,POMBAL,,,,,PARTIDO COMUNISTA BRASILEIRO,i,PCB,0,21,PCB,PARTIDO COMUNISTA BRASILEIRO,,21,280002551975,EDMILSON SILVA COSTA,EDMILSON COSTA,08/04/1950,10,Válido,nao,,3,0.02,0.015104219,CLEUSA DOS SANTOS,CLEUSA SANTOS,PCB,v,,,,,04/10/2026 20:11:10,sim
1,04/10/2026,6257,Presidente,1,municipio,PB,21431,2512101,POMBAL,,,,,PARTIDO SOCIALISTA  DOS TRABALHADORES UNIFICADO,i,PSTU,0,16,PSTU,PARTIDO SOCIALISTA  DOS TRABALHADORES UNIFICADO,,16,280002541457,HERTZ DA CONCEICAO DIAS,HERTZ DIAS,20/10/1970,8,Válido,nao,,4,0.02,0.020138959,VANESSA PORTUGAL BARBOSA,VANESSA PORTUGAL,PSTU,v,,,,,04/10/2026 20:11:10,sim
1,04/10/2026,6257,Presidente,1,municipio,PB,21431,2512101,POMBAL,,,,,BRASIL DOS NOSSOS SONHOS,c,AGIR / AVANTE,,70,AVANTE,AVANTE,,70,280002551547,AUGUSTO JORGE CURY,ESCRITOR AUGUSTO CURY,02/10/1958,3,Válido,nao,,537,2.70,2.703655221,JULIO CESAR DELGADO,JÚLIO DELGADO,AVANTE,v,,,,,04/10/2026 20:11:10,sim
1,04/10/2026,6257,Presidente,1,municipio,PB,21431,2512101,POMBAL,,,,,PARTIDO NOVO,i,NOVO,0,30,NOVO,PARTIDO NOVO,,30,280002539826,ROMEU ZEMA NETO,ZEMA,28/10/1964,6,Válido,nao,,9,0.05,0.045312657,LUIS EDUARDO GRANGEIRO GIRÃO,EDUARDO GIRÃO,NOVO,v,,,,,04/10/2026 20:11:10,sim
1,04/10/2026,6257,Presidente,1,municipio,PB,21431,2512101,POMBAL,,,,,UNIDADE POPULAR,i,UP,0,80,UP,UNIDADE POPULAR,,80,280002538811,SAMARA MARTINS DA SILVA FEITOSA,SAMARA,31/08/1987,7,Válido,nao,,10,0.05,0.050347397,RAQUEL NONATO DE BRICIO,RAQUEL BRÍCIO,UP,v,,,,,04/10/2026 20:11:10,sim
1,04/10/2026,6257,Presidente,1,municipio,PB,21431,2512101,POMBAL,,,,,DEMOCRATA,i,DEMOCRATA,0,35,DEMOCRATA,DEMOCRATA,,35,280002548139,WILSON GRASSI JUNIOR,VETERINÁRIO WILSON GRASSI,13/03/1970,11,Válido,nao,,1,0.01,0.005034740,SUÊD HAIDAR NOGUEIRA,SUÊD HAIDAR,DEMOCRATA,v,,,,,04/10/2026 20:11:10,sim
1,04/10/2026,6257,Presidente,1,municipio,PB,21431,2512101,POMBAL,,,,,PARTIDO MISSÃO,i,MISSÃO,0,14,MISSÃO,PARTIDO MISSÃO,,14,280002540694,RENAN ANTONIO FERREIRA DOS SANTOS,RENAN SANTOS,14/02/1984,4,Válido,nao,,305,1.54,1.535595610,AROLDO MEDINA,CORONEL MEDINA,MISSÃO,v,,,,,04/10/2026 20:11:10,sim
1,04/10/2026,6257,Presidente,1,municipio,PB,21431,2512101,POMBAL,,,,,PARTIDO DA CAUSA OPERÁRIA,i,PCO,0,29,PCO,PARTIDO DA CAUSA OPERÁRIA,,29,280002552487,RUI COSTA PIMENTA,RUI COSTA PIMENTA,25/06/1957,12,Válido,nao,,2,0.01,0.010069479,ANTONIO CARLOS SILVA,ANTÔNIO CARLOS,PCO,v,,,,,04/10/2026 20:11:10,sim
1,04/10/2026,6257,Presidente,1,municipio,PB,21458,2512200,PRATA,,,,,PARTIDO LIBERAL,i,PL,0,22,PL,PARTIDO LIBERAL,,22,280002551544,FLAVIO NANTES BOLSONARO,FLAVIO BOLSONARO,30/04/1981,1,Válido,nao,,904,27.58,27.577791336,ALFREDO GASPAR DE MENDONÇA NETO,ALFREDO GASPAR,PL,v,,,,,04/10/2026 19:02:50,sim
1,04/10/2026,6257,Presidente,1,municipio,PB,21458,2512200,PRATA,,,,,PARTIDO SOCIAL DEMOCRÁTICO,i,PSD,0,55,PSD,PARTIDO SOCIAL DEMOCRÁTICO,,55,280002551932,RONALDO RAMOS CAIADO,RONALDO CAIADO,25/09/1949,4,Válido,nao,,16,0.49,0.488102502,GILBERTO KASSAB,GILBERTO KASSAB,PSD,v,,,,,04/10/2026 19:02:50,sim
1,04/10/2026,6257,Presidente,1,municipio,PB,21458,2512200,PRATA,,PT/PC do B/PV,FEDERAÇÃO BRASIL DA ESPERANÇA - FE BRASIL,PT/PC do B/PV,BRASIL PRONTO PRA MAIS,c,PSB / PDT / PCDOB / PT / PV / PSOL / REDE,,13,PT,PARTIDO DOS TRABALHADORES,101,13,280002542548,LUIZ INÁCIO LULA DA SILVA,LULA,06/10/1945,2,Válido,nao,,2273,69.34,69.341061623,GERALDO JOSE RODRIGUES ALCKMIN FILHO,GERALDO ALCKMIN,PSB,v,,,,,04/10/2026 19:02:50,sim
1,04/10/2026,6257,Presidente,1,municipio,PB,21458,2512200,PRATA,,,,,DEMOCRACIA CRISTÃ,i,DC,0,27,DC,DEMOCRACIA CRISTÃ,,27,280002552484,CLARIANA ZACARKIM BARAO,CLARIANA BARAO,03/04/1987,9,Válido,nao,,0,0.00,0,FABIANA CRISTINA TAVARES TORQUATO,FABIANA TORQUATO,DC,v,,,,,04/10/2026 19:02:50,sim
1,04/10/2026,6257,Presidente,1,municipio,PB,21458,2512200,PRATA,,,,,PARTIDO COMUNISTA BRASILEIRO,i,PCB,0,21,PCB,PARTIDO COMUNISTA BRASILEIRO,,21,280002551975,EDMILSON SILVA COSTA,EDMILSON COSTA,08/04/1950,10,Válido,nao,,1,0.03,0.030506406,CLEUSA DOS SANTOS,CLEUSA SANTOS,PCB,v,,,,,04/10/2026 19:02:50,sim
1,04/10/2026,6257,Presidente,1,municipio,PB,21458,2512200,PRATA,,,,,PARTIDO SOCIALISTA  DOS TRABALHADORES UNIFICADO,i,PSTU,0,16,PSTU,PARTIDO SOCIALISTA  DOS TRABALHADORES UNIFICADO,,16,280002541457,HERTZ DA CONCEICAO DIAS,HERTZ DIAS,20/10/1970,8,Válido,nao,,1,0.03,0.030506406,VANESSA PORTUGAL BARBOSA,VANESSA PORTUGAL,PSTU,v,,,,,04/10/2026 19:02:50,sim
1,04/10/2026,6257,Presidente,1,municipio,PB,21458,2512200,PRATA,,,,,BRASIL DOS NOSSOS SONHOS,c,AGIR / AVANTE,,70,AVANTE,AVANTE,,70,280002551547,AUGUSTO JORGE CURY,ESCRITOR AUGUSTO CURY,02/10/1958,3,Válido,nao,,50,1.53,1.525320317,JULIO CESAR DELGADO,JÚLIO DELGADO,AVANTE,v,,,,,04/10/2026 19:02:50,sim
1,04/10/2026,6257,Presidente,1,municipio,PB,21458,2512200,PRATA,,,,,PARTIDO NOVO,i,NOVO,0,30,NOVO,PARTIDO NOVO,,30,280002539826,ROMEU ZEMA NETO,ZEMA,28/10/1964,6,Válido,nao,,1,0.03,0.030506406,LUIS EDUARDO GRANGEIRO GIRÃO,EDUARDO GIRÃO,NOVO,v,,,,,04/10/2026 19:02:50,sim
1,04/10/2026,6257,Presidente,1,municipio,PB,21458,2512200,PRATA,,,,,UNIDADE POPULAR,i,UP,0,80,UP,UNIDADE POPULAR,,80,280002538811,SAMARA MARTINS DA SILVA FEITOSA,SAMARA,31/08/1987,7,Válido,nao,,0,0.00,0,RAQUEL NONATO DE BRICIO,RAQUEL BRÍCIO,UP,v,,,,,04/10/2026 19:02:50,sim
1,04/10/2026,6257,Presidente,1,municipio,PB,21458,2512200,PRATA,,,,,DEMOCRATA,i,DEMOCRATA,0,35,DEMOCRATA,DEMOCRATA,,35,280002548139,WILSON GRASSI JUNIOR,VETERINÁRIO WILSON GRASSI,13/03/1970,11,Válido,nao,,1,0.03,0.030506406,SUÊD HAIDAR NOGUEIRA,SUÊD HAIDAR,DEMOCRATA,v,,,,,04/10/2026 19:02:50,sim
1,04/10/2026,6257,Presidente,1,municipio,PB,21458,2512200,PRATA,,,,,PARTIDO MISSÃO,i,MISSÃO,0,14,MISSÃO,PARTIDO MISSÃO,,14,280002540694,RENAN ANTONIO FERREIRA DOS SANTOS,RENAN SANTOS,14/02/1984,5,Válido,nao,,31,0.95,0.945698597,AROLDO MEDINA,CORONEL MEDINA,MISSÃO,v,,,,,04/10/2026 19:02:50,sim
1,04/10/2026,6257,Presidente,1,municipio,PB,21458,2512200,PRATA,,,,,PARTIDO DA CAUSA OPERÁRIA,i,PCO,0,29,PCO,PARTIDO DA CAUSA OPERÁRIA,,29,280002552487,RUI COSTA PIMENTA,RUI COSTA PIMENTA,25/06/1957,12,Válido,nao,,0,0.00,0,ANTONIO CARLOS SILVA,ANTÔNIO CARLOS,PCO,v,,,,,04/10/2026 19:02:50,sim
1,04/10/2026,6257,Presidente,1,municipio,PB,21474,2512309,PRINCESA ISABEL,,,,,PARTIDO LIBERAL,i,PL,0,22,PL,PARTIDO LIBERAL,,22,280002551544,FLAVIO NANTES BOLSONARO,FLAVIO BOLSONARO,30/04/1981,1,Válido,nao,,2283,18.46,18.464898091,ALFREDO GASPAR DE MENDONÇA NETO,ALFREDO GASPAR,PL,v,,,,,04/10/2026 20:57:32,sim
1,04/10/2026,6257,Presidente,1,municipio,PB,21474,2512309,PRINCESA ISABEL,,,,,PARTIDO SOCIAL DEMOCRÁTICO,i,PSD,0,55,PSD,PARTIDO SOCIAL DEMOCRÁTICO,,55,280002551932,RONALDO RAMOS CAIADO,RONALDO CAIADO,25/09/1949,5,Válido,nao,,48,0.39,0.388223876,GILBERTO KASSAB,GILBERTO KASSAB,PSD,v,,,,,04/10/2026 20:57:32,sim
1,04/10/2026,6257,Presidente,1,municipio,PB,21474,2512309,PRINCESA ISABEL,,PT/PC do B/PV,FEDERAÇÃO BRASIL DA ESPERANÇA - FE BRASIL,PT/PC do B/PV,BRASIL PRONTO PRA MAIS,c,PSB / PDT / PCDOB / PT / PV / PSOL / REDE,,13,PT,PARTIDO DOS TRABALHADORES,101,13,280002542548,LUIZ INÁCIO LULA DA SILVA,LULA,06/10/1945,2,Válido,nao,,9524,77.03,77.030087350,GERALDO JOSE RODRIGUES ALCKMIN FILHO,GERALDO ALCKMIN,PSB,v,,,,,04/10/2026 20:57:32,sim
1,04/10/2026,6257,Presidente,1,municipio,PB,21474,2512309,PRINCESA ISABEL,,,,,DEMOCRACIA CRISTÃ,i,DC,0,27,DC,DEMOCRACIA CRISTÃ,,27,280002552484,CLARIANA ZACARKIM BARAO,CLARIANA BARAO,03/04/1987,9,Válido,nao,,0,0.00,0,FABIANA CRISTINA TAVARES TORQUATO,FABIANA TORQUATO,DC,v,,,,,04/10/2026 20:57:32,sim
1,04/10/2026,6257,Presidente,1,municipio,PB,21474,2512309,PRINCESA ISABEL,,,,,PARTIDO COMUNISTA BRASILEIRO,i,PCB,0,21,PCB,PARTIDO COMUNISTA BRASILEIRO,,21,280002551975,EDMILSON SILVA COSTA,EDMILSON COSTA,08/04/1950,10,Válido,nao,,1,0.01,0.008087997,CLEUSA DOS SANTOS,CLEUSA SANTOS,PCB,v,,,,,04/10/2026 20:57:32,sim
1,04/10/2026,6257,Presidente,1,municipio,PB,21474,2512309,PRINCESA ISABEL,,,,,PARTIDO SOCIALISTA  DOS TRABALHADORES UNIFICADO,i,PSTU,0,16,PSTU,PARTIDO SOCIALISTA  DOS TRABALHADORES UNIFICADO,,16,280002541457,HERTZ DA CONCEICAO DIAS,HERTZ DIAS,20/10/1970,8,Válido,nao,,4,0.03,0.032351990,VANESSA PORTUGAL BARBOSA,VANESSA PORTUGAL,PSTU,v,,,,,04/10/2026 20:57:32,sim
1,04/10/2026,6257,Presidente,1,municipio,PB,21474,2512309,PRINCESA ISABEL,,,,,BRASIL DOS NOSSOS SONHOS,c,AGIR / AVANTE,,70,AVANTE,AVANTE,,70,280002551547,AUGUSTO JORGE CURY,ESCRITOR AUGUSTO CURY,02/10/1958,3,Válido,nao,,250,2.02,2.021999353,JULIO CESAR DELGADO,JÚLIO DELGADO,AVANTE,v,,,,,04/10/2026 20:57:32,sim
1,04/10/2026,6257,Presidente,1,municipio,PB,21474,2512309,PRINCESA ISABEL,,,,,PARTIDO NOVO,i,NOVO,0,30,NOVO,PARTIDO NOVO,,30,280002539826,ROMEU ZEMA NETO,ZEMA,28/10/1964,6,Válido,nao,,9,0.07,0.072791977,LUIS EDUARDO GRANGEIRO GIRÃO,EDUARDO GIRÃO,NOVO,v,,,,,04/10/2026 20:57:32,sim
1,04/10/2026,6257,Presidente,1,municipio,PB,21474,2512309,PRINCESA ISABEL,,,,,UNIDADE POPULAR,i,UP,0,80,UP,UNIDADE POPULAR,,80,280002538811,SAMARA MARTINS DA SILVA FEITOSA,SAMARA,31/08/1987,7,Válido,nao,,2,0.02,0.016175995,RAQUEL NONATO DE BRICIO,RAQUEL BRÍCIO,UP,v,,,,,04/10/2026 20:57:32,sim
1,04/10/2026,6257,Presidente,1,municipio,PB,21474,2512309,PRINCESA ISABEL,,,,,DEMOCRATA,i,DEMOCRATA,0,35,DEMOCRATA,DEMOCRATA,,35,280002548139,WILSON GRASSI JUNIOR,VETERINÁRIO WILSON GRASSI,13/03/1970,11,Válido,nao,,1,0.01,0.008087997,SUÊD HAIDAR NOGUEIRA,SUÊD HAIDAR,DEMOCRATA,v,,,,,04/10/2026 20:57:32,sim
1,04/10/2026,6257,Presidente,1,municipio,PB,21474,2512309,PRINCESA ISABEL,,,,,PARTIDO MISSÃO,i,MISSÃO,0,14,MISSÃO,PARTIDO MISSÃO,,14,280002540694,RENAN ANTONIO FERREIRA DOS SANTOS,RENAN SANTOS,14/02/1984,4,Válido,nao,,241,1.95,1.949207376,AROLDO MEDINA,CORONEL MEDINA,MISSÃO,v,,,,,04/10/2026 20:57:32,sim
1,04/10/2026,6257,Presidente,1,municipio,PB,21474,2512309,PRINCESA ISABEL,,,,,PARTIDO DA CAUSA OPERÁRIA,i,PCO,0,29,PCO,PARTIDO DA CAUSA OPERÁRIA,,29,280002552487,RUI COSTA PIMENTA,RUI COSTA PIMENTA,25/06/1957,12,Válido,nao,,1,0.01,0.008087997,ANTONIO CARLOS SILVA,ANTÔNIO CARLOS,PCO,v,,,,,04/10/2026 20:57:32,sim
1,04/10/2026,6257,Presidente,1,municipio,PB,21490,2512408,PUXINANÃ,,,,,PARTIDO LIBERAL,i,PL,0,22,PL,PARTIDO LIBERAL,,22,280002551544,FLAVIO NANTES BOLSONARO,FLAVIO BOLSONARO,30/04/1981,1,Válido,nao,,3204,31.77,31.766805473,ALFREDO GASPAR DE MENDONÇA NETO,ALFREDO GASPAR,PL,v,,,,,04/10/2026 19:04:14,sim
1,04/10/2026,6257,Presidente,1,municipio,PB,21490,2512408,PUXINANÃ,,,,,PARTIDO SOCIAL DEMOCRÁTICO,i,PSD,0,55,PSD,PARTIDO SOCIAL DEMOCRÁTICO,,55,280002551932,RONALDO RAMOS CAIADO,RONALDO CAIADO,25/09/1949,4,Válido,nao,,81,0.80,0.803093397,GILBERTO KASSAB,GILBERTO KASSAB,PSD,v,,,,,04/10/2026 19:04:14,sim
1,04/10/2026,6257,Presidente,1,municipio,PB,21490,2512408,PUXINANÃ,,PT/PC do B/PV,FEDERAÇÃO BRASIL DA ESPERANÇA - FE BRASIL,PT/PC do B/PV,BRASIL PRONTO PRA MAIS,c,PSB / PDT / PCDOB / PT / PV / PSOL / REDE,,13,PT,PARTIDO DOS TRABALHADORES,101,13,280002542548,LUIZ INÁCIO LULA DA SILVA,LULA,06/10/1945,2,Válido,nao,,6222,61.69,61.689470553,GERALDO JOSE RODRIGUES ALCKMIN FILHO,GERALDO ALCKMIN,PSB,v,,,,,04/10/2026 19:04:14,sim
1,04/10/2026,6257,Presidente,1,municipio,PB,21490,2512408,PUXINANÃ,,,,,DEMOCRACIA CRISTÃ,i,DC,0,27,DC,DEMOCRACIA CRISTÃ,,27,280002552484,CLARIANA ZACARKIM BARAO,CLARIANA BARAO,03/04/1987,9,Válido,nao,,2,0.02,0.019829467,FABIANA CRISTINA TAVARES TORQUATO,FABIANA TORQUATO,DC,v,,,,,04/10/2026 19:04:14,sim
1,04/10/2026,6257,Presidente,1,municipio,PB,21490,2512408,PUXINANÃ,,,,,PARTIDO COMUNISTA BRASILEIRO,i,PCB,0,21,PCB,PARTIDO COMUNISTA BRASILEIRO,,21,280002551975,EDMILSON SILVA COSTA,EDMILSON COSTA,08/04/1950,10,Válido,nao,,1,0.01,0.009914733,CLEUSA DOS SANTOS,CLEUSA SANTOS,PCB,v,,,,,04/10/2026 19:04:14,sim
1,04/10/2026,6257,Presidente,1,municipio,PB,21490,2512408,PUXINANÃ,,,,,PARTIDO SOCIALISTA  DOS TRABALHADORES UNIFICADO,i,PSTU,0,16,PSTU,PARTIDO SOCIALISTA  DOS TRABALHADORES UNIFICADO,,16,280002541457,HERTZ DA CONCEICAO DIAS,HERTZ DIAS,20/10/1970,8,Válido,nao,,1,0.01,0.009914733,VANESSA PORTUGAL BARBOSA,VANESSA PORTUGAL,PSTU,v,,,,,04/10/2026 19:04:14,sim
1,04/10/2026,6257,Presidente,1,municipio,PB,21490,2512408,PUXINANÃ,,,,,BRASIL DOS NOSSOS SONHOS,c,AGIR / AVANTE,,70,AVANTE,AVANTE,,70,280002551547,AUGUSTO JORGE CURY,ESCRITOR AUGUSTO CURY,02/10/1958,3,Válido,nao,,381,3.78,3.777513385,JULIO CESAR DELGADO,JÚLIO DELGADO,AVANTE,v,,,,,04/10/2026 19:04:14,sim
1,04/10/2026,6257,Presidente,1,municipio,PB,21490,2512408,PUXINANÃ,,,,,PARTIDO NOVO,i,NOVO,0,30,NOVO,PARTIDO NOVO,,30,280002539826,ROMEU ZEMA NETO,ZEMA,28/10/1964,6,Válido,nao,,6,0.06,0.059488400,LUIS EDUARDO GRANGEIRO GIRÃO,EDUARDO GIRÃO,NOVO,v,,,,,04/10/2026 19:04:14,sim
1,04/10/2026,6257,Presidente,1,municipio,PB,21490,2512408,PUXINANÃ,,,,,UNIDADE POPULAR,i,UP,0,80,UP,UNIDADE POPULAR,,80,280002538811,SAMARA MARTINS DA SILVA FEITOSA,SAMARA,31/08/1987,7,Válido,nao,,6,0.06,0.059488400,RAQUEL NONATO DE BRICIO,RAQUEL BRÍCIO,UP,v,,,,,04/10/2026 19:04:14,sim
1,04/10/2026,6257,Presidente,1,municipio,PB,21490,2512408,PUXINANÃ,,,,,DEMOCRATA,i,DEMOCRATA,0,35,DEMOCRATA,DEMOCRATA,,35,280002548139,WILSON GRASSI JUNIOR,VETERINÁRIO WILSON GRASSI,13/03/1970,11,Válido,nao,,2,0.02,0.019829467,SUÊD HAIDAR NOGUEIRA,SUÊD HAIDAR,DEMOCRATA,v,,,,,04/10/2026 19:04:14,sim
1,04/10/2026,6257,Presidente,1,municipio,PB,21490,2512408,PUXINANÃ,,,,,PARTIDO MISSÃO,i,MISSÃO,0,14,MISSÃO,PARTIDO MISSÃO,,14,280002540694,RENAN ANTONIO FERREIRA DOS SANTOS,RENAN SANTOS,14/02/1984,5,Válido,nao,,179,1.77,1.774737260,AROLDO MEDINA,CORONEL MEDINA,MISSÃO,v,,,,,04/10/2026 19:04:14,sim
1,04/10/2026,6257,Presidente,1,municipio,PB,21490,2512408,PUXINANÃ,,,,,PARTIDO DA CAUSA OPERÁRIA,i,PCO,0,29,PCO,PARTIDO DA CAUSA OPERÁRIA,,29,280002552487,RUI COSTA PIMENTA,RUI COSTA PIMENTA,25/06/1957,12,Válido,nao,,1,0.01,0.009914733,ANTONIO CARLOS SILVA,ANTÔNIO CARLOS,PCO,v,,,,,04/10/2026 19:04:14,sim
1,04/10/2026,6257,Presidente,1,municipio,PB,21512,2512507,QUEIMADAS,,,,,PARTIDO LIBERAL,i,PL,0,22,PL,PARTIDO LIBERAL,,22,280002551544,FLAVIO NANTES BOLSONARO,FLAVIO BOLSONARO,30/04/1981,1,Válido,nao,,7873,27.76,27.764846946,ALFREDO GASPAR DE MENDONÇA NETO,ALFREDO GASPAR,PL,v,,,,,04/10/2026 19:04:33,sim
1,04/10/2026,6257,Presidente,1,municipio,PB,21512,2512507,QUEIMADAS,,,,,PARTIDO SOCIAL DEMOCRÁTICO,i,PSD,0,55,PSD,PARTIDO SOCIAL DEMOCRÁTICO,,55,280002551932,RONALDO RAMOS CAIADO,RONALDO CAIADO,25/09/1949,4,Válido,nao,,143,0.50,0.504302440,GILBERTO KASSAB,GILBERTO KASSAB,PSD,v,,,,,04/10/2026 19:04:33,sim
1,04/10/2026,6257,Presidente,1,municipio,PB,21512,2512507,QUEIMADAS,,PT/PC do B/PV,FEDERAÇÃO BRASIL DA ESPERANÇA - FE BRASIL,PT/PC do B/PV,BRASIL PRONTO PRA MAIS,c,PSB / PDT / PCDOB / PT / PV / PSOL / REDE,,13,PT,PARTIDO DOS TRABALHADORES,101,13,280002542548,LUIZ INÁCIO LULA DA SILVA,LULA,06/10/1945,2,Válido,nao,,19096,67.34,67.343772041,GERALDO JOSE RODRIGUES ALCKMIN FILHO,GERALDO ALCKMIN,PSB,v,,,,,04/10/2026 19:04:33,sim
1,04/10/2026,6257,Presidente,1,municipio,PB,21512,2512507,QUEIMADAS,,,,,DEMOCRACIA CRISTÃ,i,DC,0,27,DC,DEMOCRACIA CRISTÃ,,27,280002552484,CLARIANA ZACARKIM BARAO,CLARIANA BARAO,03/04/1987,9,Válido,nao,,4,0.01,0.014106362,FABIANA CRISTINA TAVARES TORQUATO,FABIANA TORQUATO,DC,v,,,,,04/10/2026 19:04:33,sim
1,04/10/2026,6257,Presidente,1,municipio,PB,21512,2512507,QUEIMADAS,,,,,PARTIDO COMUNISTA BRASILEIRO,i,PCB,0,21,PCB,PARTIDO COMUNISTA BRASILEIRO,,21,280002551975,EDMILSON SILVA COSTA,EDMILSON COSTA,08/04/1950,10,Válido,nao,,3,0.01,0.010579771,CLEUSA DOS SANTOS,CLEUSA SANTOS,PCB,v,,,,,04/10/2026 19:04:33,sim
1,04/10/2026,6257,Presidente,1,municipio,PB,21512,2512507,QUEIMADAS,,,,,PARTIDO SOCIALISTA  DOS TRABALHADORES UNIFICADO,i,PSTU,0,16,PSTU,PARTIDO SOCIALISTA  DOS TRABALHADORES UNIFICADO,,16,280002541457,HERTZ DA CONCEICAO DIAS,HERTZ DIAS,20/10/1970,8,Válido,nao,,6,0.02,0.021159543,VANESSA PORTUGAL BARBOSA,VANESSA PORTUGAL,PSTU,v,,,,,04/10/2026 19:04:33,sim
1,04/10/2026,6257,Presidente,1,municipio,PB,21512,2512507,QUEIMADAS,,,,,BRASIL DOS NOSSOS SONHOS,c,AGIR / AVANTE,,70,AVANTE,AVANTE,,70,280002551547,AUGUSTO JORGE CURY,ESCRITOR AUGUSTO CURY,02/10/1958,3,Válido,nao,,720,2.54,2.539145154,JULIO CESAR DELGADO,JÚLIO DELGADO,AVANTE,v,,,,,04/10/2026 19:04:33,sim
1,04/10/2026,6257,Presidente,1,municipio,PB,21512,2512507,QUEIMADAS,,,,,PARTIDO NOVO,i,NOVO,0,30,NOVO,PARTIDO NOVO,,30,280002539826,ROMEU ZEMA NETO,ZEMA,28/10/1964,6,Válido,nao,,31,0.11,0.109324305,LUIS EDUARDO GRANGEIRO GIRÃO,EDUARDO GIRÃO,NOVO,v,,,,,04/10/2026 19:04:33,sim
1,04/10/2026,6257,Presidente,1,municipio,PB,21512,2512507,QUEIMADAS,,,,,UNIDADE POPULAR,i,UP,0,80,UP,UNIDADE POPULAR,,80,280002538811,SAMARA MARTINS DA SILVA FEITOSA,SAMARA,31/08/1987,7,Válido,nao,,13,0.05,0.045845676,RAQUEL NONATO DE BRICIO,RAQUEL BRÍCIO,UP,v,,,,,04/10/2026 19:04:33,sim
1,04/10/2026,6257,Presidente,1,municipio,PB,21512,2512507,QUEIMADAS,,,,,DEMOCRATA,i,DEMOCRATA,0,35,DEMOCRATA,DEMOCRATA,,35,280002548139,WILSON GRASSI JUNIOR,VETERINÁRIO WILSON GRASSI,13/03/1970,11,Válido,nao,,6,0.02,0.021159543,SUÊD HAIDAR NOGUEIRA,SUÊD HAIDAR,DEMOCRATA,v,,,,,04/10/2026 19:04:33,sim
1,04/10/2026,6257,Presidente,1,municipio,PB,21512,2512507,QUEIMADAS,,,,,PARTIDO MISSÃO,i,MISSÃO,0,14,MISSÃO,PARTIDO MISSÃO,,14,280002540694,RENAN ANTONIO FERREIRA DOS SANTOS,RENAN SANTOS,14/02/1984,5,Válido,nao,,458,1.62,1.615178445,AROLDO MEDINA,CORONEL MEDINA,MISSÃO,v,,,,,04/10/2026 19:04:33,sim
1,04/10/2026,6257,Presidente,1,municipio,PB,21512,2512507,QUEIMADAS,,,,,PARTIDO DA CAUSA OPERÁRIA,i,PCO,0,29,PCO,PARTIDO DA CAUSA OPERÁRIA,,29,280002552487,RUI COSTA PIMENTA,RUI COSTA PIMENTA,25/06/1957,12,Válido,nao,,3,0.01,0.010579771,ANTONIO CARLOS SILVA,ANTÔNIO CARLOS,PCO,v,,,,,04/10/2026 19:04:33,sim
1,04/10/2026,6257,Presidente,1,municipio,PB,21539,2512606,QUIXABA,,,,,PARTIDO LIBERAL,i,PL,0,22,PL,PARTIDO LIBERAL,,22,280002551544,FLAVIO NANTES BOLSONARO,FLAVIO BOLSONARO,30/04/1981,1,Válido,nao,,590,30.13,30.132788560,ALFREDO GASPAR DE MENDONÇA NETO,ALFREDO GASPAR,PL,v,,,,,04/10/2026 19:01:41,sim
1,04/10/2026,6257,Presidente,1,municipio,PB,21539,2512606,QUIXABA,,,,,PARTIDO SOCIAL DEMOCRÁTICO,i,PSD,0,55,PSD,PARTIDO SOCIAL DEMOCRÁTICO,,55,280002551932,RONALDO RAMOS CAIADO,RONALDO CAIADO,25/09/1949,4,Válido,nao,,18,0.92,0.919305414,GILBERTO KASSAB,GILBERTO KASSAB,PSD,v,,,,,04/10/2026 19:01:41,sim
1,04/10/2026,6257,Presidente,1,municipio,PB,21539,2512606,QUIXABA,,PT/PC do B/PV,FEDERAÇÃO BRASIL DA ESPERANÇA - FE BRASIL,PT/PC do B/PV,BRASIL PRONTO PRA MAIS,c,PSB / PDT / PCDOB / PT / PV / PSOL / REDE,,13,PT,PARTIDO DOS TRABALHADORES,101,13,280002542548,LUIZ INÁCIO LULA DA SILVA,LULA,06/10/1945,2,Válido,nao,,1286,65.68,65.679264556,GERALDO JOSE RODRIGUES ALCKMIN FILHO,GERALDO ALCKMIN,PSB,v,,,,,04/10/2026 19:01:41,sim
1,04/10/2026,6257,Presidente,1,municipio,PB,21539,2512606,QUIXABA,,,,,PARTIDO SOCIALISTA  DOS TRABALHADORES UNIFICADO,i,PSTU,0,16,PSTU,PARTIDO SOCIALISTA  DOS TRABALHADORES UNIFICADO,,16,280002541457,HERTZ DA CONCEICAO DIAS,HERTZ DIAS,20/10/1970,8,Válido,nao,,0,0.00,0,VANESSA PORTUGAL BARBOSA,VANESSA PORTUGAL,PSTU,v,,,,,04/10/2026 19:01:41,sim
1,04/10/2026,6257,Presidente,1,municipio,PB,21539,2512606,QUIXABA,,,,,PARTIDO COMUNISTA BRASILEIRO,i,PCB,0,21,PCB,PARTIDO COMUNISTA BRASILEIRO,,21,280002551975,EDMILSON SILVA COSTA,EDMILSON COSTA,08/04/1950,10,Válido,nao,,0,0.00,0,CLEUSA DOS SANTOS,CLEUSA SANTOS,PCB,v,,,,,04/10/2026 19:01:41,sim
1,04/10/2026,6257,Presidente,1,municipio,PB,21539,2512606,QUIXABA,,,,,DEMOCRACIA CRISTÃ,i,DC,0,27,DC,DEMOCRACIA CRISTÃ,,27,280002552484,CLARIANA ZACARKIM BARAO,CLARIANA BARAO,03/04/1987,9,Válido,nao,,1,0.05,0.051072523,FABIANA CRISTINA TAVARES TORQUATO,FABIANA TORQUATO,DC,v,,,,,04/10/2026 19:01:41,sim
1,04/10/2026,6257,Presidente,1,municipio,PB,21539,2512606,QUIXABA,,,,,PARTIDO NOVO,i,NOVO,0,30,NOVO,PARTIDO NOVO,,30,280002539826,ROMEU ZEMA NETO,ZEMA,28/10/1964,6,Válido,nao,,0,0.00,0,LUIS EDUARDO GRANGEIRO GIRÃO,EDUARDO GIRÃO,NOVO,v,,,,,04/10/2026 19:01:41,sim
1,04/10/2026,6257,Presidente,1,municipio,PB,21539,2512606,QUIXABA,,,,,BRASIL DOS NOSSOS SONHOS,c,AGIR / AVANTE,,70,AVANTE,AVANTE,,70,280002551547,AUGUSTO JORGE CURY,ESCRITOR AUGUSTO CURY,02/10/1958,3,Válido,nao,,39,1.99,1.991828396,JULIO CESAR DELGADO,JÚLIO DELGADO,AVANTE,v,,,,,04/10/2026 19:01:41,sim
1,04/10/2026,6257,Presidente,1,municipio,PB,21539,2512606,QUIXABA,,,,,DEMOCRATA,i,DEMOCRATA,0,35,DEMOCRATA,DEMOCRATA,,35,280002548139,WILSON GRASSI JUNIOR,VETERINÁRIO WILSON GRASSI,13/03/1970,11,Válido,nao,,0,0.00,0,SUÊD HAIDAR NOGUEIRA,SUÊD HAIDAR,DEMOCRATA,v,,,,,04/10/2026 19:01:41,sim
1,04/10/2026,6257,Presidente,1,municipio,PB,21539,2512606,QUIXABA,,,,,UNIDADE POPULAR,i,UP,0,80,UP,UNIDADE POPULAR,,80,280002538811,SAMARA MARTINS DA SILVA FEITOSA,SAMARA,31/08/1987,7,Válido,nao,,0,0.00,0,RAQUEL NONATO DE BRICIO,RAQUEL BRÍCIO,UP,v,,,,,04/10/2026 19:01:41,sim
1,04/10/2026,6257,Presidente,1,municipio,PB,21539,2512606,QUIXABA,,,,,PARTIDO MISSÃO,i,MISSÃO,0,14,MISSÃO,PARTIDO MISSÃO,,14,280002540694,RENAN ANTONIO FERREIRA DOS SANTOS,RENAN SANTOS,14/02/1984,5,Válido,nao,,24,1.23,1.225740552,AROLDO MEDINA,CORONEL MEDINA,MISSÃO,v,,,,,04/10/2026 19:01:41,sim
1,04/10/2026,6257,Presidente,1,municipio,PB,21539,2512606,QUIXABA,,,,,PARTIDO DA CAUSA OPERÁRIA,i,PCO,0,29,PCO,PARTIDO DA CAUSA OPERÁRIA,,29,280002552487,RUI COSTA PIMENTA,RUI COSTA PIMENTA,25/06/1957,12,Válido,nao,,0,0.00,0,ANTONIO CARLOS SILVA,ANTÔNIO CARLOS,PCO,v,,,,,04/10/2026 19:01:41,sim
1,04/10/2026,6257,Presidente,1,municipio,PB,21555,2512705,REMÍGIO,,,,,PARTIDO LIBERAL,i,PL,0,22,PL,PARTIDO LIBERAL,,22,280002551544,FLAVIO NANTES BOLSONARO,FLAVIO BOLSONARO,30/04/1981,1,Válido,nao,,2589,22.49,22.493483927,ALFREDO GASPAR DE MENDONÇA NETO,ALFREDO GASPAR,PL,v,,,,,04/10/2026 18:41:12,sim
1,04/10/2026,6257,Presidente,1,municipio,PB,21555,2512705,REMÍGIO,,,,,PARTIDO SOCIAL DEMOCRÁTICO,i,PSD,0,55,PSD,PARTIDO SOCIAL DEMOCRÁTICO,,55,280002551932,RONALDO RAMOS CAIADO,RONALDO CAIADO,25/09/1949,4,Válido,nao,,48,0.42,0.417028671,GILBERTO KASSAB,GILBERTO KASSAB,PSD,v,,,,,04/10/2026 18:41:12,sim
1,04/10/2026,6257,Presidente,1,municipio,PB,21555,2512705,REMÍGIO,,PT/PC do B/PV,FEDERAÇÃO BRASIL DA ESPERANÇA - FE BRASIL,PT/PC do B/PV,BRASIL PRONTO PRA MAIS,c,PSB / PDT / PCDOB / PT / PV / PSOL / REDE,,13,PT,PARTIDO DOS TRABALHADORES,101,13,280002542548,LUIZ INÁCIO LULA DA SILVA,LULA,06/10/1945,2,Válido,nao,,8385,72.85,72.849695917,GERALDO JOSE RODRIGUES ALCKMIN FILHO,GERALDO ALCKMIN,PSB,v,,,,,04/10/2026 18:41:12,sim
1,04/10/2026,6257,Presidente,1,municipio,PB,21555,2512705,REMÍGIO,,,,,DEMOCRACIA CRISTÃ,i,DC,0,27,DC,DEMOCRACIA CRISTÃ,,27,280002552484,CLARIANA ZACARKIM BARAO,CLARIANA BARAO,03/04/1987,9,Válido,nao,,1,0.01,0.008688097,FABIANA CRISTINA TAVARES TORQUATO,FABIANA TORQUATO,DC,v,,,,,04/10/2026 18:41:12,sim
1,04/10/2026,6257,Presidente,1,municipio,PB,21555,2512705,REMÍGIO,,,,,PARTIDO COMUNISTA BRASILEIRO,i,PCB,0,21,PCB,PARTIDO COMUNISTA BRASILEIRO,,21,280002551975,EDMILSON SILVA COSTA,EDMILSON COSTA,08/04/1950,10,Válido,nao,,1,0.01,0.008688097,CLEUSA DOS SANTOS,CLEUSA SANTOS,PCB,v,,,,,04/10/2026 18:41:12,sim
1,04/10/2026,6257,Presidente,1,municipio,PB,21555,2512705,REMÍGIO,,,,,PARTIDO SOCIALISTA  DOS TRABALHADORES UNIFICADO,i,PSTU,0,16,PSTU,PARTIDO SOCIALISTA  DOS TRABALHADORES UNIFICADO,,16,280002541457,HERTZ DA CONCEICAO DIAS,HERTZ DIAS,20/10/1970,8,Válido,nao,,2,0.02,0.017376195,VANESSA PORTUGAL BARBOSA,VANESSA PORTUGAL,PSTU,v,,,,,04/10/2026 18:41:12,sim
1,04/10/2026,6257,Presidente,1,municipio,PB,21555,2512705,REMÍGIO,,,,,BRASIL DOS NOSSOS SONHOS,c,AGIR / AVANTE,,70,AVANTE,AVANTE,,70,280002551547,AUGUSTO JORGE CURY,ESCRITOR AUGUSTO CURY,02/10/1958,3,Válido,nao,,317,2.75,2.754126846,JULIO CESAR DELGADO,JÚLIO DELGADO,AVANTE,v,,,,,04/10/2026 18:41:12,sim
1,04/10/2026,6257,Presidente,1,municipio,PB,21555,2512705,REMÍGIO,,,,,PARTIDO NOVO,i,NOVO,0,30,NOVO,PARTIDO NOVO,,30,280002539826,ROMEU ZEMA NETO,ZEMA,28/10/1964,6,Válido,nao,,3,0.03,0.026064292,LUIS EDUARDO GRANGEIRO GIRÃO,EDUARDO GIRÃO,NOVO,v,,,,,04/10/2026 18:41:12,sim
1,04/10/2026,6257,Presidente,1,municipio,PB,21555,2512705,REMÍGIO,,,,,UNIDADE POPULAR,i,UP,0,80,UP,UNIDADE POPULAR,,80,280002538811,SAMARA MARTINS DA SILVA FEITOSA,SAMARA,31/08/1987,7,Válido,nao,,7,0.06,0.060816681,RAQUEL NONATO DE BRICIO,RAQUEL BRÍCIO,UP,v,,,,,04/10/2026 18:41:12,sim
1,04/10/2026,6257,Presidente,1,municipio,PB,21555,2512705,REMÍGIO,,,,,DEMOCRATA,i,DEMOCRATA,0,35,DEMOCRATA,DEMOCRATA,,35,280002548139,WILSON GRASSI JUNIOR,VETERINÁRIO WILSON GRASSI,13/03/1970,11,Válido,nao,,2,0.02,0.017376195,SUÊD HAIDAR NOGUEIRA,SUÊD HAIDAR,DEMOCRATA,v,,,,,04/10/2026 18:41:12,sim
1,04/10/2026,6257,Presidente,1,municipio,PB,21555,2512705,REMÍGIO,,,,,PARTIDO MISSÃO,i,MISSÃO,0,14,MISSÃO,PARTIDO MISSÃO,,14,280002540694,RENAN ANTONIO FERREIRA DOS SANTOS,RENAN SANTOS,14/02/1984,5,Válido,nao,,154,1.34,1.337966985,AROLDO MEDINA,CORONEL MEDINA,MISSÃO,v,,,,,04/10/2026 18:41:12,sim
1,04/10/2026,6257,Presidente,1,municipio,PB,21555,2512705,REMÍGIO,,,,,PARTIDO DA CAUSA OPERÁRIA,i,PCO,0,29,PCO,PARTIDO DA CAUSA OPERÁRIA,,29,280002552487,RUI COSTA PIMENTA,RUI COSTA PIMENTA,25/06/1957,12,Válido,nao,,1,0.01,0.008688097,ANTONIO CARLOS SILVA,ANTÔNIO CARLOS,PCO,v,,,,,04/10/2026 18:41:12,sim
1,04/10/2026,6257,Presidente,1,municipio,PB,21571,2512804,RIACHO DOS CAVALOS,,,,,PARTIDO LIBERAL,i,PL,0,22,PL,PARTIDO LIBERAL,,22,280002551544,FLAVIO NANTES BOLSONARO,FLAVIO BOLSONARO,30/04/1981,1,Válido,nao,,1403,20.79,20.791345584,ALFREDO GASPAR DE MENDONÇA NETO,ALFREDO GASPAR,PL,v,,,,,04/10/2026 19:26:07,sim
1,04/10/2026,6257,Presidente,1,municipio,PB,21571,2512804,RIACHO DOS CAVALOS,,,,,PARTIDO SOCIAL DEMOCRÁTICO,i,PSD,0,55,PSD,PARTIDO SOCIAL DEMOCRÁTICO,,55,280002551932,RONALDO RAMOS CAIADO,RONALDO CAIADO,25/09/1949,5,Válido,nao,,25,0.37,0.370480142,GILBERTO KASSAB,GILBERTO KASSAB,PSD,v,,,,,04/10/2026 19:26:07,sim
1,04/10/2026,6257,Presidente,1,municipio,PB,21571,2512804,RIACHO DOS CAVALOS,,PT/PC do B/PV,FEDERAÇÃO BRASIL DA ESPERANÇA - FE BRASIL,PT/PC do B/PV,BRASIL PRONTO PRA MAIS,c,PSB / PDT / PCDOB / PT / PV / PSOL / REDE,,13,PT,PARTIDO DOS TRABALHADORES,101,13,280002542548,LUIZ INÁCIO LULA DA SILVA,LULA,06/10/1945,2,Válido,nao,,5133,76.07,76.066982810,GERALDO JOSE RODRIGUES ALCKMIN FILHO,GERALDO ALCKMIN,PSB,v,,,,,04/10/2026 19:26:07,sim
1,04/10/2026,6257,Presidente,1,municipio,PB,21571,2512804,RIACHO DOS CAVALOS,,,,,DEMOCRACIA CRISTÃ,i,DC,0,27,DC,DEMOCRACIA CRISTÃ,,27,280002552484,CLARIANA ZACARKIM BARAO,CLARIANA BARAO,03/04/1987,9,Válido,nao,,0,0.00,0,FABIANA CRISTINA TAVARES TORQUATO,FABIANA TORQUATO,DC,v,,,,,04/10/2026 19:26:07,sim
1,04/10/2026,6257,Presidente,1,municipio,PB,21571,2512804,RIACHO DOS CAVALOS,,,,,PARTIDO COMUNISTA BRASILEIRO,i,PCB,0,21,PCB,PARTIDO COMUNISTA BRASILEIRO,,21,280002551975,EDMILSON SILVA COSTA,EDMILSON COSTA,08/04/1950,10,Válido,nao,,1,0.01,0.014819206,CLEUSA DOS SANTOS,CLEUSA SANTOS,PCB,v,,,,,04/10/2026 19:26:07,sim
1,04/10/2026,6257,Presidente,1,municipio,PB,21571,2512804,RIACHO DOS CAVALOS,,,,,PARTIDO SOCIALISTA  DOS TRABALHADORES UNIFICADO,i,PSTU,0,16,PSTU,PARTIDO SOCIALISTA  DOS TRABALHADORES UNIFICADO,,16,280002541457,HERTZ DA CONCEICAO DIAS,HERTZ DIAS,20/10/1970,8,Válido,nao,,2,0.03,0.029638411,VANESSA PORTUGAL BARBOSA,VANESSA PORTUGAL,PSTU,v,,,,,04/10/2026 19:26:07,sim
1,04/10/2026,6257,Presidente,1,municipio,PB,21571,2512804,RIACHO DOS CAVALOS,,,,,BRASIL DOS NOSSOS SONHOS,c,AGIR / AVANTE,,70,AVANTE,AVANTE,,70,280002551547,AUGUSTO JORGE CURY,ESCRITOR AUGUSTO CURY,02/10/1958,3,Válido,nao,,120,1.78,1.778304683,JULIO CESAR DELGADO,JÚLIO DELGADO,AVANTE,v,,,,,04/10/2026 19:26:07,sim
1,04/10/2026,6257,Presidente,1,municipio,PB,21571,2512804,RIACHO DOS CAVALOS,,,,,PARTIDO NOVO,i,NOVO,0,30,NOVO,PARTIDO NOVO,,30,280002539826,ROMEU ZEMA NETO,ZEMA,28/10/1964,6,Válido,nao,,4,0.06,0.059276823,LUIS EDUARDO GRANGEIRO GIRÃO,EDUARDO GIRÃO,NOVO,v,,,,,04/10/2026 19:26:07,sim
1,04/10/2026,6257,Presidente,1,municipio,PB,21571,2512804,RIACHO DOS CAVALOS,,,,,UNIDADE POPULAR,i,UP,0,80,UP,UNIDADE POPULAR,,80,280002538811,SAMARA MARTINS DA SILVA FEITOSA,SAMARA,31/08/1987,7,Válido,nao,,0,0.00,0,RAQUEL NONATO DE BRICIO,RAQUEL BRÍCIO,UP,v,,,,,04/10/2026 19:26:07,sim
1,04/10/2026,6257,Presidente,1,municipio,PB,21571,2512804,RIACHO DOS CAVALOS,,,,,DEMOCRATA,i,DEMOCRATA,0,35,DEMOCRATA,DEMOCRATA,,35,280002548139,WILSON GRASSI JUNIOR,VETERINÁRIO WILSON GRASSI,13/03/1970,11,Válido,nao,,2,0.03,0.029638411,SUÊD HAIDAR NOGUEIRA,SUÊD HAIDAR,DEMOCRATA,v,,,,,04/10/2026 19:26:07,sim
1,04/10/2026,6257,Presidente,1,municipio,PB,21571,2512804,RIACHO DOS CAVALOS,,,,,PARTIDO MISSÃO,i,MISSÃO,0,14,MISSÃO,PARTIDO MISSÃO,,14,280002540694,RENAN ANTONIO FERREIRA DOS SANTOS,RENAN SANTOS,14/02/1984,4,Válido,nao,,58,0.86,0.859513930,AROLDO MEDINA,CORONEL MEDINA,MISSÃO,v,,,,,04/10/2026 19:26:07,sim
1,04/10/2026,6257,Presidente,1,municipio,PB,21571,2512804,RIACHO DOS CAVALOS,,,,,PARTIDO DA CAUSA OPERÁRIA,i,PCO,0,29,PCO,PARTIDO DA CAUSA OPERÁRIA,,29,280002552487,RUI COSTA PIMENTA,RUI COSTA PIMENTA,25/06/1957,12,Válido,nao,,0,0.00,0,ANTONIO CARLOS SILVA,ANTÔNIO CARLOS,PCO,v,,,,,04/10/2026 19:26:07,sim
1,04/10/2026,6257,Presidente,1,municipio,PB,21598,2512903,RIO TINTO,,,,,PARTIDO LIBERAL,i,PL,0,22,PL,PARTIDO LIBERAL,,22,280002551544,FLAVIO NANTES BOLSONARO,FLAVIO BOLSONARO,30/04/1981,1,Válido,nao,,4688,31.35,31.353665062,ALFREDO GASPAR DE MENDONÇA NETO,ALFREDO GASPAR,PL,v,,,,,04/10/2026 20:10:52,sim
1,04/10/2026,6257,Presidente,1,municipio,PB,21598,2512903,RIO TINTO,,,,,PARTIDO SOCIAL DEMOCRÁTICO,i,PSD,0,55,PSD,PARTIDO SOCIAL DEMOCRÁTICO,,55,280002551932,RONALDO RAMOS CAIADO,RONALDO CAIADO,25/09/1949,5,Válido,nao,,86,0.58,0.575173890,GILBERTO KASSAB,GILBERTO KASSAB,PSD,v,,,,,04/10/2026 20:10:52,sim
1,04/10/2026,6257,Presidente,1,municipio,PB,21598,2512903,RIO TINTO,,PT/PC do B/PV,FEDERAÇÃO BRASIL DA ESPERANÇA - FE BRASIL,PT/PC do B/PV,BRASIL PRONTO PRA MAIS,c,PSB / PDT / PCDOB / PT / PV / PSOL / REDE,,13,PT,PARTIDO DOS TRABALHADORES,101,13,280002542548,LUIZ INÁCIO LULA DA SILVA,LULA,06/10/1945,2,Válido,nao,,9588,64.13,64.125200642,GERALDO JOSE RODRIGUES ALCKMIN FILHO,GERALDO ALCKMIN,PSB,v,,,,,04/10/2026 20:10:52,sim
1,04/10/2026,6257,Presidente,1,municipio,PB,21598,2512903,RIO TINTO,,,,,PARTIDO SOCIALISTA  DOS TRABALHADORES UNIFICADO,i,PSTU,0,16,PSTU,PARTIDO SOCIALISTA  DOS TRABALHADORES UNIFICADO,,16,280002541457,HERTZ DA CONCEICAO DIAS,HERTZ DIAS,20/10/1970,8,Válido,nao,,1,0.01,0.006688068,VANESSA PORTUGAL BARBOSA,VANESSA PORTUGAL,PSTU,v,,,,,04/10/2026 20:10:52,sim
1,04/10/2026,6257,Presidente,1,municipio,PB,21598,2512903,RIO TINTO,,,,,PARTIDO COMUNISTA BRASILEIRO,i,PCB,0,21,PCB,PARTIDO COMUNISTA BRASILEIRO,,21,280002551975,EDMILSON SILVA COSTA,EDMILSON COSTA,08/04/1950,10,Válido,nao,,1,0.01,0.006688068,CLEUSA DOS SANTOS,CLEUSA SANTOS,PCB,v,,,,,04/10/2026 20:10:52,sim
1,04/10/2026,6257,Presidente,1,municipio,PB,21598,2512903,RIO TINTO,,,,,DEMOCRACIA CRISTÃ,i,DC,0,27,DC,DEMOCRACIA CRISTÃ,,27,280002552484,CLARIANA ZACARKIM BARAO,CLARIANA BARAO,03/04/1987,9,Válido,nao,,4,0.03,0.026752274,FABIANA CRISTINA TAVARES TORQUATO,FABIANA TORQUATO,DC,v,,,,,04/10/2026 20:10:52,sim
1,04/10/2026,6257,Presidente,1,municipio,PB,21598,2512903,RIO TINTO,,,,,PARTIDO NOVO,i,NOVO,0,30,NOVO,PARTIDO NOVO,,30,280002539826,ROMEU ZEMA NETO,ZEMA,28/10/1964,6,Válido,nao,,6,0.04,0.040128411,LUIS EDUARDO GRANGEIRO GIRÃO,EDUARDO GIRÃO,NOVO,v,,,,,04/10/2026 20:10:52,sim
1,04/10/2026,6257,Presidente,1,municipio,PB,21598,2512903,RIO TINTO,,,,,BRASIL DOS NOSSOS SONHOS,c,AGIR / AVANTE,,70,AVANTE,AVANTE,,70,280002551547,AUGUSTO JORGE CURY,ESCRITOR AUGUSTO CURY,02/10/1958,3,Válido,nao,,378,2.53,2.528089888,JULIO CESAR DELGADO,JÚLIO DELGADO,AVANTE,v,,,,,04/10/2026 20:10:52,sim
1,04/10/2026,6257,Presidente,1,municipio,PB,21598,2512903,RIO TINTO,,,,,DEMOCRATA,i,DEMOCRATA,0,35,DEMOCRATA,DEMOCRATA,,35,280002548139,WILSON GRASSI JUNIOR,VETERINÁRIO WILSON GRASSI,13/03/1970,11,Válido,nao,,0,0.00,0,SUÊD HAIDAR NOGUEIRA,SUÊD HAIDAR,DEMOCRATA,v,,,,,04/10/2026 20:10:52,sim
1,04/10/2026,6257,Presidente,1,municipio,PB,21598,2512903,RIO TINTO,,,,,UNIDADE POPULAR,i,UP,0,80,UP,UNIDADE POPULAR,,80,280002538811,SAMARA MARTINS DA SILVA FEITOSA,SAMARA,31/08/1987,7,Válido,nao,,2,0.01,0.013376137,RAQUEL NONATO DE BRICIO,RAQUEL BRÍCIO,UP,v,,,,,04/10/2026 20:10:52,sim
1,04/10/2026,6257,Presidente,1,municipio,PB,21598,2512903,RIO TINTO,,,,,PARTIDO MISSÃO,i,MISSÃO,0,14,MISSÃO,PARTIDO MISSÃO,,14,280002540694,RENAN ANTONIO FERREIRA DOS SANTOS,RENAN SANTOS,14/02/1984,4,Válido,nao,,198,1.32,1.324237560,AROLDO MEDINA,CORONEL MEDINA,MISSÃO,v,,,,,04/10/2026 20:10:52,sim
1,04/10/2026,6257,Presidente,1,municipio,PB,21598,2512903,RIO TINTO,,,,,PARTIDO DA CAUSA OPERÁRIA,i,PCO,0,29,PCO,PARTIDO DA CAUSA OPERÁRIA,,29,280002552487,RUI COSTA PIMENTA,RUI COSTA PIMENTA,25/06/1957,12,Válido,nao,,0,0.00,0,ANTONIO CARLOS SILVA,ANTÔNIO CARLOS,PCO,v,,,,,04/10/2026 20:10:52,sim
1,04/10/2026,6257,Presidente,1,municipio,PB,21610,2513000,SALGADINHO,,,,,PARTIDO LIBERAL,i,PL,0,22,PL,PARTIDO LIBERAL,,22,280002551544,FLAVIO NANTES BOLSONARO,FLAVIO BOLSONARO,30/04/1981,1,Válido,nao,,738,29.22,29.216152019,ALFREDO GASPAR DE MENDONÇA NETO,ALFREDO GASPAR,PL,v,,,,,04/10/2026 19:20:58,sim
1,04/10/2026,6257,Presidente,1,municipio,PB,21610,2513000,SALGADINHO,,,,,PARTIDO SOCIAL DEMOCRÁTICO,i,PSD,0,55,PSD,PARTIDO SOCIAL DEMOCRÁTICO,,55,280002551932,RONALDO RAMOS CAIADO,RONALDO CAIADO,25/09/1949,5,Válido,nao,,8,0.32,0.316706255,GILBERTO KASSAB,GILBERTO KASSAB,PSD,v,,,,,04/10/2026 19:20:58,sim
1,04/10/2026,6257,Presidente,1,municipio,PB,21610,2513000,SALGADINHO,,PT/PC do B/PV,FEDERAÇÃO BRASIL DA ESPERANÇA - FE BRASIL,PT/PC do B/PV,BRASIL PRONTO PRA MAIS,c,PSB / PDT / PCDOB / PT / PV / PSOL / REDE,,13,PT,PARTIDO DOS TRABALHADORES,101,13,280002542548,LUIZ INÁCIO LULA DA SILVA,LULA,06/10/1945,2,Válido,nao,,1645,65.12,65.122723674,GERALDO JOSE RODRIGUES ALCKMIN FILHO,GERALDO ALCKMIN,PSB,v,,,,,04/10/2026 19:20:58,sim
1,04/10/2026,6257,Presidente,1,municipio,PB,21610,2513000,SALGADINHO,,,,,DEMOCRACIA CRISTÃ,i,DC,0,27,DC,DEMOCRACIA CRISTÃ,,27,280002552484,CLARIANA ZACARKIM BARAO,CLARIANA BARAO,03/04/1987,9,Válido,nao,,1,0.04,0.039588282,FABIANA CRISTINA TAVARES TORQUATO,FABIANA TORQUATO,DC,v,,,,,04/10/2026 19:20:58,sim
1,04/10/2026,6257,Presidente,1,municipio,PB,21610,2513000,SALGADINHO,,,,,PARTIDO COMUNISTA BRASILEIRO,i,PCB,0,21,PCB,PARTIDO COMUNISTA BRASILEIRO,,21,280002551975,EDMILSON SILVA COSTA,EDMILSON COSTA,08/04/1950,10,Válido,nao,,0,0.00,0,CLEUSA DOS SANTOS,CLEUSA SANTOS,PCB,v,,,,,04/10/2026 19:20:58,sim
1,04/10/2026,6257,Presidente,1,municipio,PB,21610,2513000,SALGADINHO,,,,,PARTIDO SOCIALISTA  DOS TRABALHADORES UNIFICADO,i,PSTU,0,16,PSTU,PARTIDO SOCIALISTA  DOS TRABALHADORES UNIFICADO,,16,280002541457,HERTZ DA CONCEICAO DIAS,HERTZ DIAS,20/10/1970,8,Válido,nao,,0,0.00,0,VANESSA PORTUGAL BARBOSA,VANESSA PORTUGAL,PSTU,v,,,,,04/10/2026 19:20:58,sim
1,04/10/2026,6257,Presidente,1,municipio,PB,21610,2513000,SALGADINHO,,,,,BRASIL DOS NOSSOS SONHOS,c,AGIR / AVANTE,,70,AVANTE,AVANTE,,70,280002551547,AUGUSTO JORGE CURY,ESCRITOR AUGUSTO CURY,02/10/1958,3,Válido,nao,,99,3.92,3.919239905,JULIO CESAR DELGADO,JÚLIO DELGADO,AVANTE,v,,,,,04/10/2026 19:20:58,sim
1,04/10/2026,6257,Presidente,1,municipio,PB,21610,2513000,SALGADINHO,,,,,PARTIDO NOVO,i,NOVO,0,30,NOVO,PARTIDO NOVO,,30,280002539826,ROMEU ZEMA NETO,ZEMA,28/10/1964,6,Válido,nao,,1,0.04,0.039588282,LUIS EDUARDO GRANGEIRO GIRÃO,EDUARDO GIRÃO,NOVO,v,,,,,04/10/2026 19:20:58,sim
1,04/10/2026,6257,Presidente,1,municipio,PB,21610,2513000,SALGADINHO,,,,,UNIDADE POPULAR,i,UP,0,80,UP,UNIDADE POPULAR,,80,280002538811,SAMARA MARTINS DA SILVA FEITOSA,SAMARA,31/08/1987,7,Válido,nao,,1,0.04,0.039588282,RAQUEL NONATO DE BRICIO,RAQUEL BRÍCIO,UP,v,,,,,04/10/2026 19:20:58,sim
1,04/10/2026,6257,Presidente,1,municipio,PB,21610,2513000,SALGADINHO,,,,,DEMOCRATA,i,DEMOCRATA,0,35,DEMOCRATA,DEMOCRATA,,35,280002548139,WILSON GRASSI JUNIOR,VETERINÁRIO WILSON GRASSI,13/03/1970,11,Válido,nao,,0,0.00,0,SUÊD HAIDAR NOGUEIRA,SUÊD HAIDAR,DEMOCRATA,v,,,,,04/10/2026 19:20:58,sim
1,04/10/2026,6257,Presidente,1,municipio,PB,21610,2513000,SALGADINHO,,,,,PARTIDO MISSÃO,i,MISSÃO,0,14,MISSÃO,PARTIDO MISSÃO,,14,280002540694,RENAN ANTONIO FERREIRA DOS SANTOS,RENAN SANTOS,14/02/1984,4,Válido,nao,,33,1.31,1.306413302,AROLDO MEDINA,CORONEL MEDINA,MISSÃO,v,,,,,04/10/2026 19:20:58,sim
1,04/10/2026,6257,Presidente,1,municipio,PB,21610,2513000,SALGADINHO,,,,,PARTIDO DA CAUSA OPERÁRIA,i,PCO,0,29,PCO,PARTIDO DA CAUSA OPERÁRIA,,29,280002552487,RUI COSTA PIMENTA,RUI COSTA PIMENTA,25/06/1957,12,Válido,nao,,0,0.00,0,ANTONIO CARLOS SILVA,ANTÔNIO CARLOS,PCO,v,,,,,04/10/2026 19:20:58,sim
1,04/10/2026,6257,Presidente,1,municipio,PB,21636,2513109,SALGADO DE SÃO FÉLIX,,,,,PARTIDO LIBERAL,i,PL,0,22,PL,PARTIDO LIBERAL,,22,280002551544,FLAVIO NANTES BOLSONARO,FLAVIO BOLSONARO,30/04/1981,1,Válido,nao,,2070,26.61,26.610104126,ALFREDO GASPAR DE MENDONÇA NETO,ALFREDO GASPAR,PL,v,,,,,04/10/2026 18:44:24,sim
1,04/10/2026,6257,Presidente,1,municipio,PB,21636,2513109,SALGADO DE SÃO FÉLIX,,,,,PARTIDO SOCIAL DEMOCRÁTICO,i,PSD,0,55,PSD,PARTIDO SOCIAL DEMOCRÁTICO,,55,280002551932,RONALDO RAMOS CAIADO,RONALDO CAIADO,25/09/1949,4,Válido,nao,,34,0.44,0.437074174,GILBERTO KASSAB,GILBERTO KASSAB,PSD,v,,,,,04/10/2026 18:44:24,sim
1,04/10/2026,6257,Presidente,1,municipio,PB,21636,2513109,SALGADO DE SÃO FÉLIX,,PT/PC do B/PV,FEDERAÇÃO BRASIL DA ESPERANÇA - FE BRASIL,PT/PC do B/PV,BRASIL PRONTO PRA MAIS,c,PSB / PDT / PCDOB / PT / PV / PSOL / REDE,,13,PT,PARTIDO DOS TRABALHADORES,101,13,280002542548,LUIZ INÁCIO LULA DA SILVA,LULA,06/10/1945,2,Válido,nao,,5369,69.02,69.019154133,GERALDO JOSE RODRIGUES ALCKMIN FILHO,GERALDO ALCKMIN,PSB,v,,,,,04/10/2026 18:44:24,sim
1,04/10/2026,6257,Presidente,1,municipio,PB,21636,2513109,SALGADO DE SÃO FÉLIX,,,,,DEMOCRACIA CRISTÃ,i,DC,0,27,DC,DEMOCRACIA CRISTÃ,,27,280002552484,CLARIANA ZACARKIM BARAO,CLARIANA BARAO,03/04/1987,9,Válido,nao,,5,0.06,0.064275614,FABIANA CRISTINA TAVARES TORQUATO,FABIANA TORQUATO,DC,v,,,,,04/10/2026 18:44:24,sim
1,04/10/2026,6257,Presidente,1,municipio,PB,21636,2513109,SALGADO DE SÃO FÉLIX,,,,,PARTIDO COMUNISTA BRASILEIRO,i,PCB,0,21,PCB,PARTIDO COMUNISTA BRASILEIRO,,21,280002551975,EDMILSON SILVA COSTA,EDMILSON COSTA,08/04/1950,10,Válido,nao,,0,0.00,0,CLEUSA DOS SANTOS,CLEUSA SANTOS,PCB,v,,,,,04/10/2026 18:44:24,sim
1,04/10/2026,6257,Presidente,1,municipio,PB,21636,2513109,SALGADO DE SÃO FÉLIX,,,,,PARTIDO SOCIALISTA  DOS TRABALHADORES UNIFICADO,i,PSTU,0,16,PSTU,PARTIDO SOCIALISTA  DOS TRABALHADORES UNIFICADO,,16,280002541457,HERTZ DA CONCEICAO DIAS,HERTZ DIAS,20/10/1970,8,Válido,nao,,1,0.01,0.012855123,VANESSA PORTUGAL BARBOSA,VANESSA PORTUGAL,PSTU,v,,,,,04/10/2026 18:44:24,sim
1,04/10/2026,6257,Presidente,1,municipio,PB,21636,2513109,SALGADO DE SÃO FÉLIX,,,,,BRASIL DOS NOSSOS SONHOS,c,AGIR / AVANTE,,70,AVANTE,AVANTE,,70,280002551547,AUGUSTO JORGE CURY,ESCRITOR AUGUSTO CURY,02/10/1958,3,Válido,nao,,178,2.29,2.288211852,JULIO CESAR DELGADO,JÚLIO DELGADO,AVANTE,v,,,,,04/10/2026 18:44:24,sim
1,04/10/2026,6257,Presidente,1,municipio,PB,21636,2513109,SALGADO DE SÃO FÉLIX,,,,,PARTIDO NOVO,i,NOVO,0,30,NOVO,PARTIDO NOVO,,30,280002539826,ROMEU ZEMA NETO,ZEMA,28/10/1964,6,Válido,nao,,2,0.03,0.025710246,LUIS EDUARDO GRANGEIRO GIRÃO,EDUARDO GIRÃO,NOVO,v,,,,,04/10/2026 18:44:24,sim
1,04/10/2026,6257,Presidente,1,municipio,PB,21636,2513109,SALGADO DE SÃO FÉLIX,,,,,UNIDADE POPULAR,i,UP,0,80,UP,UNIDADE POPULAR,,80,280002538811,SAMARA MARTINS DA SILVA FEITOSA,SAMARA,31/08/1987,7,Válido,nao,,6,0.08,0.077130737,RAQUEL NONATO DE BRICIO,RAQUEL BRÍCIO,UP,v,,,,,04/10/2026 18:44:24,sim
1,04/10/2026,6257,Presidente,1,municipio,PB,21636,2513109,SALGADO DE SÃO FÉLIX,,,,,DEMOCRATA,i,DEMOCRATA,0,35,DEMOCRATA,DEMOCRATA,,35,280002548139,WILSON GRASSI JUNIOR,VETERINÁRIO WILSON GRASSI,13/03/1970,11,Válido,nao,,0,0.00,0,SUÊD HAIDAR NOGUEIRA,SUÊD HAIDAR,DEMOCRATA,v,,,,,04/10/2026 18:44:24,sim
1,04/10/2026,6257,Presidente,1,municipio,PB,21636,2513109,SALGADO DE SÃO FÉLIX,,,,,PARTIDO MISSÃO,i,MISSÃO,0,14,MISSÃO,PARTIDO MISSÃO,,14,280002540694,RENAN ANTONIO FERREIRA DOS SANTOS,RENAN SANTOS,14/02/1984,5,Válido,nao,,113,1.45,1.452628873,AROLDO MEDINA,CORONEL MEDINA,MISSÃO,v,,,,,04/10/2026 18:44:24,sim
1,04/10/2026,6257,Presidente,1,municipio,PB,21636,2513109,SALGADO DE SÃO FÉLIX,,,,,PARTIDO DA CAUSA OPERÁRIA,i,PCO,0,29,PCO,PARTIDO DA CAUSA OPERÁRIA,,29,280002552487,RUI COSTA PIMENTA,RUI COSTA PIMENTA,25/06/1957,12,Válido,nao,,1,0.01,0.012855123,ANTONIO CARLOS SILVA,ANTÔNIO CARLOS,PCO,v,,,,,04/10/2026 18:44:24,sim
1,04/10/2026,6257,Presidente,1,municipio,PB,21652,2513208,SANTA CRUZ,,,,,PARTIDO LIBERAL,i,PL,0,22,PL,PARTIDO LIBERAL,,22,280002551544,FLAVIO NANTES BOLSONARO,FLAVIO BOLSONARO,30/04/1981,1,Válido,nao,,780,17.32,17.321785476,ALFREDO GASPAR DE MENDONÇA NETO,ALFREDO GASPAR,PL,v,,,,,04/10/2026 18:17:15,sim
1,04/10/2026,6257,Presidente,1,municipio,PB,21652,2513208,SANTA CRUZ,,,,,PARTIDO SOCIAL DEMOCRÁTICO,i,PSD,0,55,PSD,PARTIDO SOCIAL DEMOCRÁTICO,,55,280002551932,RONALDO RAMOS CAIADO,RONALDO CAIADO,25/09/1949,4,Válido,nao,,28,0.62,0.621807684,GILBERTO KASSAB,GILBERTO KASSAB,PSD,v,,,,,04/10/2026 18:17:15,sim
1,04/10/2026,6257,Presidente,1,municipio,PB,21652,2513208,SANTA CRUZ,,PT/PC do B/PV,FEDERAÇÃO BRASIL DA ESPERANÇA - FE BRASIL,PT/PC do B/PV,BRASIL PRONTO PRA MAIS,c,PSB / PDT / PCDOB / PT / PV / PSOL / REDE,,13,PT,PARTIDO DOS TRABALHADORES,101,13,280002542548,LUIZ INÁCIO LULA DA SILVA,LULA,06/10/1945,2,Válido,nao,,3572,79.32,79.324894515,GERALDO JOSE RODRIGUES ALCKMIN FILHO,GERALDO ALCKMIN,PSB,v,,,,,04/10/2026 18:17:15,sim
1,04/10/2026,6257,Presidente,1,municipio,PB,21652,2513208,SANTA CRUZ,,,,,DEMOCRACIA CRISTÃ,i,DC,0,27,DC,DEMOCRACIA CRISTÃ,,27,280002552484,CLARIANA ZACARKIM BARAO,CLARIANA BARAO,03/04/1987,8,Válido,nao,,1,0.02,0.022207417,FABIANA CRISTINA TAVARES TORQUATO,FABIANA TORQUATO,DC,v,,,,,04/10/2026 18:17:15,sim
1,04/10/2026,6257,Presidente,1,municipio,PB,21652,2513208,SANTA CRUZ,,,,,PARTIDO COMUNISTA BRASILEIRO,i,PCB,0,21,PCB,PARTIDO COMUNISTA BRASILEIRO,,21,280002551975,EDMILSON SILVA COSTA,EDMILSON COSTA,08/04/1950,10,Válido,nao,,0,0.00,0,CLEUSA DOS SANTOS,CLEUSA SANTOS,PCB,v,,,,,04/10/2026 18:17:15,sim
1,04/10/2026,6257,Presidente,1,municipio,PB,21652,2513208,SANTA CRUZ,,,,,PARTIDO SOCIALISTA  DOS TRABALHADORES UNIFICADO,i,PSTU,0,16,PSTU,PARTIDO SOCIALISTA  DOS TRABALHADORES UNIFICADO,,16,280002541457,HERTZ DA CONCEICAO DIAS,HERTZ DIAS,20/10/1970,9,Válido,nao,,1,0.02,0.022207417,VANESSA PORTUGAL BARBOSA,VANESSA PORTUGAL,PSTU,v,,,,,04/10/2026 18:17:15,sim
1,04/10/2026,6257,Presidente,1,municipio,PB,21652,2513208,SANTA CRUZ,,,,,BRASIL DOS NOSSOS SONHOS,c,AGIR / AVANTE,,70,AVANTE,AVANTE,,70,280002551547,AUGUSTO JORGE CURY,ESCRITOR AUGUSTO CURY,02/10/1958,3,Válido,nao,,71,1.58,1.576726627,JULIO CESAR DELGADO,JÚLIO DELGADO,AVANTE,v,,,,,04/10/2026 18:17:15,sim
1,04/10/2026,6257,Presidente,1,municipio,PB,21652,2513208,SANTA CRUZ,,,,,PARTIDO NOVO,i,NOVO,0,30,NOVO,PARTIDO NOVO,,30,280002539826,ROMEU ZEMA NETO,ZEMA,28/10/1964,6,Válido,nao,,1,0.02,0.022207417,LUIS EDUARDO GRANGEIRO GIRÃO,EDUARDO GIRÃO,NOVO,v,,,,,04/10/2026 18:17:15,sim
1,04/10/2026,6257,Presidente,1,municipio,PB,21652,2513208,SANTA CRUZ,,,,,UNIDADE POPULAR,i,UP,0,80,UP,UNIDADE POPULAR,,80,280002538811,SAMARA MARTINS DA SILVA FEITOSA,SAMARA,31/08/1987,7,Válido,nao,,1,0.02,0.022207417,RAQUEL NONATO DE BRICIO,RAQUEL BRÍCIO,UP,v,,,,,04/10/2026 18:17:15,sim
1,04/10/2026,6257,Presidente,1,municipio,PB,21652,2513208,SANTA CRUZ,,,,,DEMOCRATA,i,DEMOCRATA,0,35,DEMOCRATA,DEMOCRATA,,35,280002548139,WILSON GRASSI JUNIOR,VETERINÁRIO WILSON GRASSI,13/03/1970,11,Válido,nao,,0,0.00,0,SUÊD HAIDAR NOGUEIRA,SUÊD HAIDAR,DEMOCRATA,v,,,,,04/10/2026 18:17:15,sim
1,04/10/2026,6257,Presidente,1,municipio,PB,21652,2513208,SANTA CRUZ,,,,,PARTIDO MISSÃO,i,MISSÃO,0,14,MISSÃO,PARTIDO MISSÃO,,14,280002540694,RENAN ANTONIO FERREIRA DOS SANTOS,RENAN SANTOS,14/02/1984,5,Válido,nao,,48,1.07,1.065956029,AROLDO MEDINA,CORONEL MEDINA,MISSÃO,v,,,,,04/10/2026 18:17:15,sim
1,04/10/2026,6257,Presidente,1,municipio,PB,21652,2513208,SANTA CRUZ,,,,,PARTIDO DA CAUSA OPERÁRIA,i,PCO,0,29,PCO,PARTIDO DA CAUSA OPERÁRIA,,29,280002552487,RUI COSTA PIMENTA,RUI COSTA PIMENTA,25/06/1957,12,Válido,nao,,0,0.00,0,ANTONIO CARLOS SILVA,ANTÔNIO CARLOS,PCO,v,,,,,04/10/2026 18:17:15,sim
1,04/10/2026,6257,Presidente,1,municipio,PB,21679,2513307,SANTA HELENA,,,,,PARTIDO LIBERAL,i,PL,0,22,PL,PARTIDO LIBERAL,,22,280002551544,FLAVIO NANTES BOLSONARO,FLAVIO BOLSONARO,30/04/1981,1,Válido,nao,,620,13.47,13.469476428,ALFREDO GASPAR DE MENDONÇA NETO,ALFREDO GASPAR,PL,v,,,,,04/10/2026 20:16:59,sim
1,04/10/2026,6257,Presidente,1,municipio,PB,21679,2513307,SANTA HELENA,,,,,PARTIDO SOCIAL DEMOCRÁTICO,i,PSD,0,55,PSD,PARTIDO SOCIAL DEMOCRÁTICO,,55,280002551932,RONALDO RAMOS CAIADO,RONALDO CAIADO,25/09/1949,5,Válido,nao,,21,0.46,0.456224202,GILBERTO KASSAB,GILBERTO KASSAB,PSD,v,,,,,04/10/2026 20:16:59,sim
1,04/10/2026,6257,Presidente,1,municipio,PB,21679,2513307,SANTA HELENA,,PT/PC do B/PV,FEDERAÇÃO BRASIL DA ESPERANÇA - FE BRASIL,PT/PC do B/PV,BRASIL PRONTO PRA MAIS,c,PSB / PDT / PCDOB / PT / PV / PSOL / REDE,,13,PT,PARTIDO DOS TRABALHADORES,101,13,280002542548,LUIZ INÁCIO LULA DA SILVA,LULA,06/10/1945,2,Válido,nao,,3803,82.62,82.620030415,GERALDO JOSE RODRIGUES ALCKMIN FILHO,GERALDO ALCKMIN,PSB,v,,,,,04/10/2026 20:16:59,sim
1,04/10/2026,6257,Presidente,1,municipio,PB,21679,2513307,SANTA HELENA,,,,,PARTIDO SOCIALISTA  DOS TRABALHADORES UNIFICADO,i,PSTU,0,16,PSTU,PARTIDO SOCIALISTA  DOS TRABALHADORES UNIFICADO,,16,280002541457,HERTZ DA CONCEICAO DIAS,HERTZ DIAS,20/10/1970,8,Válido,nao,,0,0.00,0,VANESSA PORTUGAL BARBOSA,VANESSA PORTUGAL,PSTU,v,,,,,04/10/2026 20:16:59,sim
1,04/10/2026,6257,Presidente,1,municipio,PB,21679,2513307,SANTA HELENA,,,,,PARTIDO COMUNISTA BRASILEIRO,i,PCB,0,21,PCB,PARTIDO COMUNISTA BRASILEIRO,,21,280002551975,EDMILSON SILVA COSTA,EDMILSON COSTA,08/04/1950,10,Válido,nao,,0,0.00,0,CLEUSA DOS SANTOS,CLEUSA SANTOS,PCB,v,,,,,04/10/2026 20:16:59,sim
1,04/10/2026,6257,Presidente,1,municipio,PB,21679,2513307,SANTA HELENA,,,,,DEMOCRACIA CRISTÃ,i,DC,0,27,DC,DEMOCRACIA CRISTÃ,,27,280002552484,CLARIANA ZACARKIM BARAO,CLARIANA BARAO,03/04/1987,9,Válido,nao,,1,0.02,0.021724962,FABIANA CRISTINA TAVARES TORQUATO,FABIANA TORQUATO,DC,v,,,,,04/10/2026 20:16:59,sim
1,04/10/2026,6257,Presidente,1,municipio,PB,21679,2513307,SANTA HELENA,,,,,PARTIDO NOVO,i,NOVO,0,30,NOVO,PARTIDO NOVO,,30,280002539826,ROMEU ZEMA NETO,ZEMA,28/10/1964,6,Válido,nao,,1,0.02,0.021724962,LUIS EDUARDO GRANGEIRO GIRÃO,EDUARDO GIRÃO,NOVO,v,,,,,04/10/2026 20:16:59,sim
1,04/10/2026,6257,Presidente,1,municipio,PB,21679,2513307,SANTA HELENA,,,,,BRASIL DOS NOSSOS SONHOS,c,AGIR / AVANTE,,70,AVANTE,AVANTE,,70,280002551547,AUGUSTO JORGE CURY,ESCRITOR AUGUSTO CURY,02/10/1958,3,Válido,nao,,50,1.09,1.086248099,JULIO CESAR DELGADO,JÚLIO DELGADO,AVANTE,v,,,,,04/10/2026 20:16:59,sim
1,04/10/2026,6257,Presidente,1,municipio,PB,21679,2513307,SANTA HELENA,,,,,DEMOCRATA,i,DEMOCRATA,0,35,DEMOCRATA,DEMOCRATA,,35,280002548139,WILSON GRASSI JUNIOR,VETERINÁRIO WILSON GRASSI,13/03/1970,11,Válido,nao,,0,0.00,0,SUÊD HAIDAR NOGUEIRA,SUÊD HAIDAR,DEMOCRATA,v,,,,,04/10/2026 20:16:59,sim
1,04/10/2026,6257,Presidente,1,municipio,PB,21679,2513307,SANTA HELENA,,,,,UNIDADE POPULAR,i,UP,0,80,UP,UNIDADE POPULAR,,80,280002538811,SAMARA MARTINS DA SILVA FEITOSA,SAMARA,31/08/1987,7,Válido,nao,,1,0.02,0.021724962,RAQUEL NONATO DE BRICIO,RAQUEL BRÍCIO,UP,v,,,,,04/10/2026 20:16:59,sim
1,04/10/2026,6257,Presidente,1,municipio,PB,21679,2513307,SANTA HELENA,,,,,PARTIDO MISSÃO,i,MISSÃO,0,14,MISSÃO,PARTIDO MISSÃO,,14,280002540694,RENAN ANTONIO FERREIRA DOS SANTOS,RENAN SANTOS,14/02/1984,4,Válido,nao,,106,2.30,2.302845970,AROLDO MEDINA,CORONEL MEDINA,MISSÃO,v,,,,,04/10/2026 20:16:59,sim
1,04/10/2026,6257,Presidente,1,municipio,PB,21679,2513307,SANTA HELENA,,,,,PARTIDO DA CAUSA OPERÁRIA,i,PCO,0,29,PCO,PARTIDO DA CAUSA OPERÁRIA,,29,280002552487,RUI COSTA PIMENTA,RUI COSTA PIMENTA,25/06/1957,12,Válido,nao,,0,0.00,0,ANTONIO CARLOS SILVA,ANTÔNIO CARLOS,PCO,v,,,,,04/10/2026 20:16:59,sim
1,04/10/2026,6257,Presidente,1,municipio,PB,21695,2513406,SANTA LUZIA,,,,,PARTIDO LIBERAL,i,PL,0,22,PL,PARTIDO LIBERAL,,22,280002551544,FLAVIO NANTES BOLSONARO,FLAVIO BOLSONARO,30/04/1981,1,Válido,nao,,3022,30.97,30.966287529,ALFREDO GASPAR DE MENDONÇA NETO,ALFREDO GASPAR,PL,v,,,,,04/10/2026 17:49:28,sim
1,04/10/2026,6257,Presidente,1,municipio,PB,21695,2513406,SANTA LUZIA,,,,,PARTIDO SOCIAL DEMOCRÁTICO,i,PSD,0,55,PSD,PARTIDO SOCIAL DEMOCRÁTICO,,55,280002551932,RONALDO RAMOS CAIADO,RONALDO CAIADO,25/09/1949,4,Válido,nao,,62,0.64,0.635310995,GILBERTO KASSAB,GILBERTO KASSAB,PSD,v,,,,,04/10/2026 17:49:28,sim
1,04/10/2026,6257,Presidente,1,municipio,PB,21695,2513406,SANTA LUZIA,,PT/PC do B/PV,FEDERAÇÃO BRASIL DA ESPERANÇA - FE BRASIL,PT/PC do B/PV,BRASIL PRONTO PRA MAIS,c,PSB / PDT / PCDOB / PT / PV / PSOL / REDE,,13,PT,PARTIDO DOS TRABALHADORES,101,13,280002542548,LUIZ INÁCIO LULA DA SILVA,LULA,06/10/1945,2,Válido,nao,,6173,63.25,63.254431807,GERALDO JOSE RODRIGUES ALCKMIN FILHO,GERALDO ALCKMIN,PSB,v,,,,,04/10/2026 17:49:28,sim
1,04/10/2026,6257,Presidente,1,municipio,PB,21695,2513406,SANTA LUZIA,,,,,DEMOCRACIA CRISTÃ,i,DC,0,27,DC,DEMOCRACIA CRISTÃ,,27,280002552484,CLARIANA ZACARKIM BARAO,CLARIANA BARAO,03/04/1987,8,Válido,nao,,0,0.00,0,FABIANA CRISTINA TAVARES TORQUATO,FABIANA TORQUATO,DC,v,,,,,04/10/2026 17:49:28,sim
1,04/10/2026,6257,Presidente,1,municipio,PB,21695,2513406,SANTA LUZIA,,,,,PARTIDO COMUNISTA BRASILEIRO,i,PCB,0,21,PCB,PARTIDO COMUNISTA BRASILEIRO,,21,280002551975,EDMILSON SILVA COSTA,EDMILSON COSTA,08/04/1950,10,Válido,nao,,1,0.01,0.010246952,CLEUSA DOS SANTOS,CLEUSA SANTOS,PCB,v,,,,,04/10/2026 17:49:28,sim
1,04/10/2026,6257,Presidente,1,municipio,PB,21695,2513406,SANTA LUZIA,,,,,PARTIDO SOCIALISTA  DOS TRABALHADORES UNIFICADO,i,PSTU,0,16,PSTU,PARTIDO SOCIALISTA  DOS TRABALHADORES UNIFICADO,,16,280002541457,HERTZ DA CONCEICAO DIAS,HERTZ DIAS,20/10/1970,9,Válido,nao,,2,0.02,0.020493903,VANESSA PORTUGAL BARBOSA,VANESSA PORTUGAL,PSTU,v,,,,,04/10/2026 17:49:28,sim
1,04/10/2026,6257,Presidente,1,municipio,PB,21695,2513406,SANTA LUZIA,,,,,BRASIL DOS NOSSOS SONHOS,c,AGIR / AVANTE,,70,AVANTE,AVANTE,,70,280002551547,AUGUSTO JORGE CURY,ESCRITOR AUGUSTO CURY,02/10/1958,3,Válido,nao,,336,3.44,3.442975715,JULIO CESAR DELGADO,JÚLIO DELGADO,AVANTE,v,,,,,04/10/2026 17:49:28,sim
1,04/10/2026,6257,Presidente,1,municipio,PB,21695,2513406,SANTA LUZIA,,,,,PARTIDO NOVO,i,NOVO,0,30,NOVO,PARTIDO NOVO,,30,280002539826,ROMEU ZEMA NETO,ZEMA,28/10/1964,6,Válido,nao,,7,0.07,0.071728661,LUIS EDUARDO GRANGEIRO GIRÃO,EDUARDO GIRÃO,NOVO,v,,,,,04/10/2026 17:49:28,sim
1,04/10/2026,6257,Presidente,1,municipio,PB,21695,2513406,SANTA LUZIA,,,,,UNIDADE POPULAR,i,UP,0,80,UP,UNIDADE POPULAR,,80,280002538811,SAMARA MARTINS DA SILVA FEITOSA,SAMARA,31/08/1987,7,Válido,nao,,3,0.03,0.030740855,RAQUEL NONATO DE BRICIO,RAQUEL BRÍCIO,UP,v,,,,,04/10/2026 17:49:28,sim
1,04/10/2026,6257,Presidente,1,municipio,PB,21695,2513406,SANTA LUZIA,,,,,DEMOCRATA,i,DEMOCRATA,0,35,DEMOCRATA,DEMOCRATA,,35,280002548139,WILSON GRASSI JUNIOR,VETERINÁRIO WILSON GRASSI,13/03/1970,11,Válido,nao,,0,0.00,0,SUÊD HAIDAR NOGUEIRA,SUÊD HAIDAR,DEMOCRATA,v,,,,,04/10/2026 17:49:28,sim
1,04/10/2026,6257,Presidente,1,municipio,PB,21695,2513406,SANTA LUZIA,,,,,PARTIDO MISSÃO,i,MISSÃO,0,14,MISSÃO,PARTIDO MISSÃO,,14,280002540694,RENAN ANTONIO FERREIRA DOS SANTOS,RENAN SANTOS,14/02/1984,5,Válido,nao,,151,1.55,1.547289681,AROLDO MEDINA,CORONEL MEDINA,MISSÃO,v,,,,,04/10/2026 17:49:28,sim
1,04/10/2026,6257,Presidente,1,municipio,PB,21695,2513406,SANTA LUZIA,,,,,PARTIDO DA CAUSA OPERÁRIA,i,PCO,0,29,PCO,PARTIDO DA CAUSA OPERÁRIA,,29,280002552487,RUI COSTA PIMENTA,RUI COSTA PIMENTA,25/06/1957,12,Válido,nao,,2,0.02,0.020493903,ANTONIO CARLOS SILVA,ANTÔNIO CARLOS,PCO,v,,,,,04/10/2026 17:49:28,sim
1,04/10/2026,6257,Presidente,1,municipio,PB,21717,2513505,SANTANA DE MANGUEIRA,,,,,PARTIDO LIBERAL,i,PL,0,22,PL,PARTIDO LIBERAL,,22,280002551544,FLAVIO NANTES BOLSONARO,FLAVIO BOLSONARO,30/04/1981,1,Válido,nao,,444,13.32,13.321332133,ALFREDO GASPAR DE MENDONÇA NETO,ALFREDO GASPAR,PL,v,,,,,04/10/2026 19:09:28,sim
1,04/10/2026,6257,Presidente,1,municipio,PB,21717,2513505,SANTANA DE MANGUEIRA,,,,,PARTIDO SOCIAL DEMOCRÁTICO,i,PSD,0,55,PSD,PARTIDO SOCIAL DEMOCRÁTICO,,55,280002551932,RONALDO RAMOS CAIADO,RONALDO CAIADO,25/09/1949,5,Válido,nao,,15,0.45,0.450045005,GILBERTO KASSAB,GILBERTO KASSAB,PSD,v,,,,,04/10/2026 19:09:28,sim
1,04/10/2026,6257,Presidente,1,municipio,PB,21717,2513505,SANTANA DE MANGUEIRA,,PT/PC do B/PV,FEDERAÇÃO BRASIL DA ESPERANÇA - FE BRASIL,PT/PC do B/PV,BRASIL PRONTO PRA MAIS,c,PSB / PDT / PCDOB / PT / PV / PSOL / REDE,,13,PT,PARTIDO DOS TRABALHADORES,101,13,280002542548,LUIZ INÁCIO LULA DA SILVA,LULA,06/10/1945,2,Válido,nao,,2757,82.72,82.718271827,GERALDO JOSE RODRIGUES ALCKMIN FILHO,GERALDO ALCKMIN,PSB,v,,,,,04/10/2026 19:09:28,sim
1,04/10/2026,6257,Presidente,1,municipio,PB,21717,2513505,SANTANA DE MANGUEIRA,,,,,DEMOCRACIA CRISTÃ,i,DC,0,27,DC,DEMOCRACIA CRISTÃ,,27,280002552484,CLARIANA ZACARKIM BARAO,CLARIANA BARAO,03/04/1987,9,Válido,nao,,3,0.09,0.090009001,FABIANA CRISTINA TAVARES TORQUATO,FABIANA TORQUATO,DC,v,,,,,04/10/2026 19:09:28,sim
1,04/10/2026,6257,Presidente,1,municipio,PB,21717,2513505,SANTANA DE MANGUEIRA,,,,,PARTIDO COMUNISTA BRASILEIRO,i,PCB,0,21,PCB,PARTIDO COMUNISTA BRASILEIRO,,21,280002551975,EDMILSON SILVA COSTA,EDMILSON COSTA,08/04/1950,10,Válido,nao,,0,0.00,0,CLEUSA DOS SANTOS,CLEUSA SANTOS,PCB,v,,,,,04/10/2026 19:09:28,sim
1,04/10/2026,6257,Presidente,1,municipio,PB,21717,2513505,SANTANA DE MANGUEIRA,,,,,PARTIDO SOCIALISTA  DOS TRABALHADORES UNIFICADO,i,PSTU,0,16,PSTU,PARTIDO SOCIALISTA  DOS TRABALHADORES UNIFICADO,,16,280002541457,HERTZ DA CONCEICAO DIAS,HERTZ DIAS,20/10/1970,8,Válido,nao,,1,0.03,0.030003000,VANESSA PORTUGAL BARBOSA,VANESSA PORTUGAL,PSTU,v,,,,,04/10/2026 19:09:28,sim
1,04/10/2026,6257,Presidente,1,municipio,PB,21717,2513505,SANTANA DE MANGUEIRA,,,,,BRASIL DOS NOSSOS SONHOS,c,AGIR / AVANTE,,70,AVANTE,AVANTE,,70,280002551547,AUGUSTO JORGE CURY,ESCRITOR AUGUSTO CURY,02/10/1958,3,Válido,nao,,77,2.31,2.310231023,JULIO CESAR DELGADO,JÚLIO DELGADO,AVANTE,v,,,,,04/10/2026 19:09:28,sim
1,04/10/2026,6257,Presidente,1,municipio,PB,21717,2513505,SANTANA DE MANGUEIRA,,,,,PARTIDO NOVO,i,NOVO,0,30,NOVO,PARTIDO NOVO,,30,280002539826,ROMEU ZEMA NETO,ZEMA,28/10/1964,6,Válido,nao,,0,0.00,0,LUIS EDUARDO GRANGEIRO GIRÃO,EDUARDO GIRÃO,NOVO,v,,,,,04/10/2026 19:09:28,sim
1,04/10/2026,6257,Presidente,1,municipio,PB,21717,2513505,SANTANA DE MANGUEIRA,,,,,UNIDADE POPULAR,i,UP,0,80,UP,UNIDADE POPULAR,,80,280002538811,SAMARA MARTINS DA SILVA FEITOSA,SAMARA,31/08/1987,7,Válido,nao,,2,0.06,0.060006001,RAQUEL NONATO DE BRICIO,RAQUEL BRÍCIO,UP,v,,,,,04/10/2026 19:09:28,sim
1,04/10/2026,6257,Presidente,1,municipio,PB,21717,2513505,SANTANA DE MANGUEIRA,,,,,DEMOCRATA,i,DEMOCRATA,0,35,DEMOCRATA,DEMOCRATA,,35,280002548139,WILSON GRASSI JUNIOR,VETERINÁRIO WILSON GRASSI,13/03/1970,11,Válido,nao,,1,0.03,0.030003000,SUÊD HAIDAR NOGUEIRA,SUÊD HAIDAR,DEMOCRATA,v,,,,,04/10/2026 19:09:28,sim
1,04/10/2026,6257,Presidente,1,municipio,PB,21717,2513505,SANTANA DE MANGUEIRA,,,,,PARTIDO MISSÃO,i,MISSÃO,0,14,MISSÃO,PARTIDO MISSÃO,,14,280002540694,RENAN ANTONIO FERREIRA DOS SANTOS,RENAN SANTOS,14/02/1984,4,Válido,nao,,31,0.93,0.930093009,AROLDO MEDINA,CORONEL MEDINA,MISSÃO,v,,,,,04/10/2026 19:09:28,sim
1,04/10/2026,6257,Presidente,1,municipio,PB,21717,2513505,SANTANA DE MANGUEIRA,,,,,PARTIDO DA CAUSA OPERÁRIA,i,PCO,0,29,PCO,PARTIDO DA CAUSA OPERÁRIA,,29,280002552487,RUI COSTA PIMENTA,RUI COSTA PIMENTA,25/06/1957,12,Válido,nao,,2,0.06,0.060006001,ANTONIO CARLOS SILVA,ANTÔNIO CARLOS,PCO,v,,,,,04/10/2026 19:09:28,sim
1,04/10/2026,6257,Presidente,1,municipio,PB,21733,2513604,SANTANA DOS GARROTES,,,,,PARTIDO LIBERAL,i,PL,0,22,PL,PARTIDO LIBERAL,,22,280002551544,FLAVIO NANTES BOLSONARO,FLAVIO BOLSONARO,30/04/1981,1,Válido,nao,,1039,22.63,22.626306620,ALFREDO GASPAR DE MENDONÇA NETO,ALFREDO GASPAR,PL,v,,,,,04/10/2026 18:32:16,sim
1,04/10/2026,6257,Presidente,1,municipio,PB,21733,2513604,SANTANA DOS GARROTES,,,,,PARTIDO SOCIAL DEMOCRÁTICO,i,PSD,0,55,PSD,PARTIDO SOCIAL DEMOCRÁTICO,,55,280002551932,RONALDO RAMOS CAIADO,RONALDO CAIADO,25/09/1949,4,Válido,nao,,29,0.63,0.631533101,GILBERTO KASSAB,GILBERTO KASSAB,PSD,v,,,,,04/10/2026 18:32:16,sim
1,04/10/2026,6257,Presidente,1,municipio,PB,21733,2513604,SANTANA DOS GARROTES,,PT/PC do B/PV,FEDERAÇÃO BRASIL DA ESPERANÇA - FE BRASIL,PT/PC do B/PV,BRASIL PRONTO PRA MAIS,c,PSB / PDT / PCDOB / PT / PV / PSOL / REDE,,13,PT,PARTIDO DOS TRABALHADORES,101,13,280002542548,LUIZ INÁCIO LULA DA SILVA,LULA,06/10/1945,2,Válido,nao,,3327,72.45,72.452090592,GERALDO JOSE RODRIGUES ALCKMIN FILHO,GERALDO ALCKMIN,PSB,v,,,,,04/10/2026 18:32:16,sim
1,04/10/2026,6257,Presidente,1,municipio,PB,21733,2513604,SANTANA DOS GARROTES,,,,,PARTIDO SOCIALISTA  DOS TRABALHADORES UNIFICADO,i,PSTU,0,16,PSTU,PARTIDO SOCIALISTA  DOS TRABALHADORES UNIFICADO,,16,280002541457,HERTZ DA CONCEICAO DIAS,HERTZ DIAS,20/10/1970,9,Válido,nao,,1,0.02,0.021777003,VANESSA PORTUGAL BARBOSA,VANESSA PORTUGAL,PSTU,v,,,,,04/10/2026 18:32:16,sim
1,04/10/2026,6257,Presidente,1,municipio,PB,21733,2513604,SANTANA DOS GARROTES,,,,,PARTIDO COMUNISTA BRASILEIRO,i,PCB,0,21,PCB,PARTIDO COMUNISTA BRASILEIRO,,21,280002551975,EDMILSON SILVA COSTA,EDMILSON COSTA,08/04/1950,10,Válido,nao,,1,0.02,0.021777003,CLEUSA DOS SANTOS,CLEUSA SANTOS,PCB,v,,,,,04/10/2026 18:32:16,sim
1,04/10/2026,6257,Presidente,1,municipio,PB,21733,2513604,SANTANA DOS GARROTES,,,,,DEMOCRACIA CRISTÃ,i,DC,0,27,DC,DEMOCRACIA CRISTÃ,,27,280002552484,CLARIANA ZACARKIM BARAO,CLARIANA BARAO,03/04/1987,8,Válido,nao,,1,0.02,0.021777003,FABIANA CRISTINA TAVARES TORQUATO,FABIANA TORQUATO,DC,v,,,,,04/10/2026 18:32:16,sim
1,04/10/2026,6257,Presidente,1,municipio,PB,21733,2513604,SANTANA DOS GARROTES,,,,,PARTIDO NOVO,i,NOVO,0,30,NOVO,PARTIDO NOVO,,30,280002539826,ROMEU ZEMA NETO,ZEMA,28/10/1964,6,Válido,nao,,0,0.00,0,LUIS EDUARDO GRANGEIRO GIRÃO,EDUARDO GIRÃO,NOVO,v,,,,,04/10/2026 18:32:16,sim
1,04/10/2026,6257,Presidente,1,municipio,PB,21733,2513604,SANTANA DOS GARROTES,,,,,BRASIL DOS NOSSOS SONHOS,c,AGIR / AVANTE,,70,AVANTE,AVANTE,,70,280002551547,AUGUSTO JORGE CURY,ESCRITOR AUGUSTO CURY,02/10/1958,3,Válido,nao,,123,2.68,2.678571429,JULIO CESAR DELGADO,JÚLIO DELGADO,AVANTE,v,,,,,04/10/2026 18:32:16,sim
1,04/10/2026,6257,Presidente,1,municipio,PB,21733,2513604,SANTANA DOS GARROTES,,,,,DEMOCRATA,i,DEMOCRATA,0,35,DEMOCRATA,DEMOCRATA,,35,280002548139,WILSON GRASSI JUNIOR,VETERINÁRIO WILSON GRASSI,13/03/1970,11,Válido,nao,,0,0.00,0,SUÊD HAIDAR NOGUEIRA,SUÊD HAIDAR,DEMOCRATA,v,,,,,04/10/2026 18:32:16,sim
1,04/10/2026,6257,Presidente,1,municipio,PB,21733,2513604,SANTANA DOS GARROTES,,,,,UNIDADE POPULAR,i,UP,0,80,UP,UNIDADE POPULAR,,80,280002538811,SAMARA MARTINS DA SILVA FEITOSA,SAMARA,31/08/1987,7,Válido,nao,,5,0.11,0.108885017,RAQUEL NONATO DE BRICIO,RAQUEL BRÍCIO,UP,v,,,,,04/10/2026 18:32:16,sim
1,04/10/2026,6257,Presidente,1,municipio,PB,21733,2513604,SANTANA DOS GARROTES,,,,,PARTIDO MISSÃO,i,MISSÃO,0,14,MISSÃO,PARTIDO MISSÃO,,14,280002540694,RENAN ANTONIO FERREIRA DOS SANTOS,RENAN SANTOS,14/02/1984,5,Válido,nao,,66,1.44,1.437282230,AROLDO MEDINA,CORONEL MEDINA,MISSÃO,v,,,,,04/10/2026 18:32:16,sim
1,04/10/2026,6257,Presidente,1,municipio,PB,21733,2513604,SANTANA DOS GARROTES,,,,,PARTIDO DA CAUSA OPERÁRIA,i,PCO,0,29,PCO,PARTIDO DA CAUSA OPERÁRIA,,29,280002552487,RUI COSTA PIMENTA,RUI COSTA PIMENTA,25/06/1957,12,Válido,nao,,0,0.00,0,ANTONIO CARLOS SILVA,ANTÔNIO CARLOS,PCO,v,,,,,04/10/2026 18:32:16,sim
1,04/10/2026,6257,Presidente,1,municipio,PB,21750,2513703,SANTA RITA,,,,,PARTIDO LIBERAL,i,PL,0,22,PL,PARTIDO LIBERAL,,22,280002551544,FLAVIO NANTES BOLSONARO,FLAVIO BOLSONARO,30/04/1981,1,Válido,nao,,32912,40.84,40.838813749,ALFREDO GASPAR DE MENDONÇA NETO,ALFREDO GASPAR,PL,v,,,,,04/10/2026 20:59:42,sim
1,04/10/2026,6257,Presidente,1,municipio,PB,21750,2513703,SANTA RITA,,,,,PARTIDO SOCIAL DEMOCRÁTICO,i,PSD,0,55,PSD,PARTIDO SOCIAL DEMOCRÁTICO,,55,280002551932,RONALDO RAMOS CAIADO,RONALDO CAIADO,25/09/1949,5,Válido,nao,,638,0.79,0.791661496,GILBERTO KASSAB,GILBERTO KASSAB,PSD,v,,,,,04/10/2026 20:59:42,sim
1,04/10/2026,6257,Presidente,1,municipio,PB,21750,2513703,SANTA RITA,,PT/PC do B/PV,FEDERAÇÃO BRASIL DA ESPERANÇA - FE BRASIL,PT/PC do B/PV,BRASIL PRONTO PRA MAIS,c,PSB / PDT / PCDOB / PT / PV / PSOL / REDE,,13,PT,PARTIDO DOS TRABALHADORES,101,13,280002542548,LUIZ INÁCIO LULA DA SILVA,LULA,06/10/1945,2,Válido,nao,,42713,53.00,53.000372255,GERALDO JOSE RODRIGUES ALCKMIN FILHO,GERALDO ALCKMIN,PSB,v,,,,,04/10/2026 20:59:42,sim
1,04/10/2026,6257,Presidente,1,municipio,PB,21750,2513703,SANTA RITA,,,,,DEMOCRACIA CRISTÃ,i,DC,0,27,DC,DEMOCRACIA CRISTÃ,,27,280002552484,CLARIANA ZACARKIM BARAO,CLARIANA BARAO,03/04/1987,9,Válido,nao,,34,0.04,0.042188857,FABIANA CRISTINA TAVARES TORQUATO,FABIANA TORQUATO,DC,v,,,,,04/10/2026 20:59:42,sim
1,04/10/2026,6257,Presidente,1,municipio,PB,21750,2513703,SANTA RITA,,,,,PARTIDO COMUNISTA BRASILEIRO,i,PCB,0,21,PCB,PARTIDO COMUNISTA BRASILEIRO,,21,280002551975,EDMILSON SILVA COSTA,EDMILSON COSTA,08/04/1950,10,Válido,nao,,10,0.01,0.012408487,CLEUSA DOS SANTOS,CLEUSA SANTOS,PCB,v,,,,,04/10/2026 20:59:42,sim
1,04/10/2026,6257,Presidente,1,municipio,PB,21750,2513703,SANTA RITA,,,,,PARTIDO SOCIALISTA  DOS TRABALHADORES UNIFICADO,i,PSTU,0,16,PSTU,PARTIDO SOCIALISTA  DOS TRABALHADORES UNIFICADO,,16,280002541457,HERTZ DA CONCEICAO DIAS,HERTZ DIAS,20/10/1970,8,Válido,nao,,19,0.02,0.023576126,VANESSA PORTUGAL BARBOSA,VANESSA PORTUGAL,PSTU,v,,,,,04/10/2026 20:59:42,sim
1,04/10/2026,6257,Presidente,1,municipio,PB,21750,2513703,SANTA RITA,,,,,BRASIL DOS NOSSOS SONHOS,c,AGIR / AVANTE,,70,AVANTE,AVANTE,,70,280002551547,AUGUSTO JORGE CURY,ESCRITOR AUGUSTO CURY,02/10/1958,3,Válido,nao,,2743,3.40,3.403648095,JULIO CESAR DELGADO,JÚLIO DELGADO,AVANTE,v,,,,,04/10/2026 20:59:42,sim
1,04/10/2026,6257,Presidente,1,municipio,PB,21750,2513703,SANTA RITA,,,,,PARTIDO NOVO,i,NOVO,0,30,NOVO,PARTIDO NOVO,,30,280002539826,ROMEU ZEMA NETO,ZEMA,28/10/1964,6,Válido,nao,,61,0.08,0.075691773,LUIS EDUARDO GRANGEIRO GIRÃO,EDUARDO GIRÃO,NOVO,v,,,,,04/10/2026 20:59:42,sim
1,04/10/2026,6257,Presidente,1,municipio,PB,21750,2513703,SANTA RITA,,,,,UNIDADE POPULAR,i,UP,0,80,UP,UNIDADE POPULAR,,80,280002538811,SAMARA MARTINS DA SILVA FEITOSA,SAMARA,31/08/1987,7,Válido,nao,,62,0.08,0.076932622,RAQUEL NONATO DE BRICIO,RAQUEL BRÍCIO,UP,v,,,,,04/10/2026 20:59:42,sim
1,04/10/2026,6257,Presidente,1,municipio,PB,21750,2513703,SANTA RITA,,,,,DEMOCRATA,i,DEMOCRATA,0,35,DEMOCRATA,DEMOCRATA,,35,280002548139,WILSON GRASSI JUNIOR,VETERINÁRIO WILSON GRASSI,13/03/1970,11,Válido,nao,,6,0.01,0.007445092,SUÊD HAIDAR NOGUEIRA,SUÊD HAIDAR,DEMOCRATA,v,,,,,04/10/2026 20:59:42,sim
1,04/10/2026,6257,Presidente,1,municipio,PB,21750,2513703,SANTA RITA,,,,,PARTIDO MISSÃO,i,MISSÃO,0,14,MISSÃO,PARTIDO MISSÃO,,14,280002540694,RENAN ANTONIO FERREIRA DOS SANTOS,RENAN SANTOS,14/02/1984,4,Válido,nao,,1385,1.72,1.718575506,AROLDO MEDINA,CORONEL MEDINA,MISSÃO,v,,,,,04/10/2026 20:59:42,sim
1,04/10/2026,6257,Presidente,1,municipio,PB,21750,2513703,SANTA RITA,,,,,PARTIDO DA CAUSA OPERÁRIA,i,PCO,0,29,PCO,PARTIDO DA CAUSA OPERÁRIA,,29,280002552487,RUI COSTA PIMENTA,RUI COSTA PIMENTA,25/06/1957,12,Válido,nao,,7,0.01,0.008685941,ANTONIO CARLOS SILVA,ANTÔNIO CARLOS,PCO,v,,,,,04/10/2026 20:59:42,sim
1,04/10/2026,6257,Presidente,1,municipio,PB,21776,2513802,SANTA TERESINHA,,,,,PARTIDO LIBERAL,i,PL,0,22,PL,PARTIDO LIBERAL,,22,280002551544,FLAVIO NANTES BOLSONARO,FLAVIO BOLSONARO,30/04/1981,1,Válido,nao,,1199,27.29,27.287209832,ALFREDO GASPAR DE MENDONÇA NETO,ALFREDO GASPAR,PL,v,,,,,04/10/2026 18:31:54,sim
1,04/10/2026,6257,Presidente,1,municipio,PB,21776,2513802,SANTA TERESINHA,,,,,PARTIDO SOCIAL DEMOCRÁTICO,i,PSD,0,55,PSD,PARTIDO SOCIAL DEMOCRÁTICO,,55,280002551932,RONALDO RAMOS CAIADO,RONALDO CAIADO,25/09/1949,4,Válido,nao,,20,0.46,0.455166136,GILBERTO KASSAB,GILBERTO KASSAB,PSD,v,,,,,04/10/2026 18:31:54,sim
1,04/10/2026,6257,Presidente,1,municipio,PB,21776,2513802,SANTA TERESINHA,,PT/PC do B/PV,FEDERAÇÃO BRASIL DA ESPERANÇA - FE BRASIL,PT/PC do B/PV,BRASIL PRONTO PRA MAIS,c,PSB / PDT / PCDOB / PT / PV / PSOL / REDE,,13,PT,PARTIDO DOS TRABALHADORES,101,13,280002542548,LUIZ INÁCIO LULA DA SILVA,LULA,06/10/1945,2,Válido,nao,,2993,68.12,68.115612198,GERALDO JOSE RODRIGUES ALCKMIN FILHO,GERALDO ALCKMIN,PSB,v,,,,,04/10/2026 18:31:54,sim
1,04/10/2026,6257,Presidente,1,municipio,PB,21776,2513802,SANTA TERESINHA,,,,,DEMOCRACIA CRISTÃ,i,DC,0,27,DC,DEMOCRACIA CRISTÃ,,27,280002552484,CLARIANA ZACARKIM BARAO,CLARIANA BARAO,03/04/1987,8,Válido,nao,,0,0.00,0,FABIANA CRISTINA TAVARES TORQUATO,FABIANA TORQUATO,DC,v,,,,,04/10/2026 18:31:54,sim
1,04/10/2026,6257,Presidente,1,municipio,PB,21776,2513802,SANTA TERESINHA,,,,,PARTIDO COMUNISTA BRASILEIRO,i,PCB,0,21,PCB,PARTIDO COMUNISTA BRASILEIRO,,21,280002551975,EDMILSON SILVA COSTA,EDMILSON COSTA,08/04/1950,10,Válido,nao,,1,0.02,0.022758307,CLEUSA DOS SANTOS,CLEUSA SANTOS,PCB,v,,,,,04/10/2026 18:31:54,sim
1,04/10/2026,6257,Presidente,1,municipio,PB,21776,2513802,SANTA TERESINHA,,,,,PARTIDO SOCIALISTA  DOS TRABALHADORES UNIFICADO,i,PSTU,0,16,PSTU,PARTIDO SOCIALISTA  DOS TRABALHADORES UNIFICADO,,16,280002541457,HERTZ DA CONCEICAO DIAS,HERTZ DIAS,20/10/1970,9,Válido,nao,,0,0.00,0,VANESSA PORTUGAL BARBOSA,VANESSA PORTUGAL,PSTU,v,,,,,04/10/2026 18:31:54,sim
1,04/10/2026,6257,Presidente,1,municipio,PB,21776,2513802,SANTA TERESINHA,,,,,BRASIL DOS NOSSOS SONHOS,c,AGIR / AVANTE,,70,AVANTE,AVANTE,,70,280002551547,AUGUSTO JORGE CURY,ESCRITOR AUGUSTO CURY,02/10/1958,3,Válido,nao,,109,2.48,2.480655439,JULIO CESAR DELGADO,JÚLIO DELGADO,AVANTE,v,,,,,04/10/2026 18:31:54,sim
1,04/10/2026,6257,Presidente,1,municipio,PB,21776,2513802,SANTA TERESINHA,,,,,PARTIDO NOVO,i,NOVO,0,30,NOVO,PARTIDO NOVO,,30,280002539826,ROMEU ZEMA NETO,ZEMA,28/10/1964,6,Válido,nao,,2,0.05,0.045516614,LUIS EDUARDO GRANGEIRO GIRÃO,EDUARDO GIRÃO,NOVO,v,,,,,04/10/2026 18:31:54,sim
1,04/10/2026,6257,Presidente,1,municipio,PB,21776,2513802,SANTA TERESINHA,,,,,UNIDADE POPULAR,i,UP,0,80,UP,UNIDADE POPULAR,,80,280002538811,SAMARA MARTINS DA SILVA FEITOSA,SAMARA,31/08/1987,7,Válido,nao,,1,0.02,0.022758307,RAQUEL NONATO DE BRICIO,RAQUEL BRÍCIO,UP,v,,,,,04/10/2026 18:31:54,sim
1,04/10/2026,6257,Presidente,1,municipio,PB,21776,2513802,SANTA TERESINHA,,,,,DEMOCRATA,i,DEMOCRATA,0,35,DEMOCRATA,DEMOCRATA,,35,280002548139,WILSON GRASSI JUNIOR,VETERINÁRIO WILSON GRASSI,13/03/1970,11,Válido,nao,,0,0.00,0,SUÊD HAIDAR NOGUEIRA,SUÊD HAIDAR,DEMOCRATA,v,,,,,04/10/2026 18:31:54,sim
1,04/10/2026,6257,Presidente,1,municipio,PB,21776,2513802,SANTA TERESINHA,,,,,PARTIDO MISSÃO,i,MISSÃO,0,14,MISSÃO,PARTIDO MISSÃO,,14,280002540694,RENAN ANTONIO FERREIRA DOS SANTOS,RENAN SANTOS,14/02/1984,5,Válido,nao,,69,1.57,1.570323168,AROLDO MEDINA,CORONEL MEDINA,MISSÃO,v,,,,,04/10/2026 18:31:54,sim
1,04/10/2026,6257,Presidente,1,municipio,PB,21776,2513802,SANTA TERESINHA,,,,,PARTIDO DA CAUSA OPERÁRIA,i,PCO,0,29,PCO,PARTIDO DA CAUSA OPERÁRIA,,29,280002552487,RUI COSTA PIMENTA,RUI COSTA PIMENTA,25/06/1957,12,Válido,nao,,0,0.00,0,ANTONIO CARLOS SILVA,ANTÔNIO CARLOS,PCO,v,,,,,04/10/2026 18:31:54,sim
1,04/10/2026,6257,Presidente,1,municipio,PB,21792,2513901,SÃO BENTO,,,,,PARTIDO LIBERAL,i,PL,0,22,PL,PARTIDO LIBERAL,,22,280002551544,FLAVIO NANTES BOLSONARO,FLAVIO BOLSONARO,30/04/1981,1,Válido,nao,,10379,44.65,44.646621069,ALFREDO GASPAR DE MENDONÇA NETO,ALFREDO GASPAR,PL,v,,,,,04/10/2026 19:29:40,sim
1,04/10/2026,6257,Presidente,1,municipio,PB,21792,2513901,SÃO BENTO,,,,,PARTIDO SOCIAL DEMOCRÁTICO,i,PSD,0,55,PSD,PARTIDO SOCIAL DEMOCRÁTICO,,55,280002551932,RONALDO RAMOS CAIADO,RONALDO CAIADO,25/09/1949,5,Válido,nao,,112,0.48,0.481782596,GILBERTO KASSAB,GILBERTO KASSAB,PSD,v,,,,,04/10/2026 19:29:40,sim
1,04/10/2026,6257,Presidente,1,municipio,PB,21792,2513901,SÃO BENTO,,PT/PC do B/PV,FEDERAÇÃO BRASIL DA ESPERANÇA - FE BRASIL,PT/PC do B/PV,BRASIL PRONTO PRA MAIS,c,PSB / PDT / PCDOB / PT / PV / PSOL / REDE,,13,PT,PARTIDO DOS TRABALHADORES,101,13,280002542548,LUIZ INÁCIO LULA DA SILVA,LULA,06/10/1945,2,Válido,nao,,11253,48.41,48.406245967,GERALDO JOSE RODRIGUES ALCKMIN FILHO,GERALDO ALCKMIN,PSB,v,,,,,04/10/2026 19:29:40,sim
1,04/10/2026,6257,Presidente,1,municipio,PB,21792,2513901,SÃO BENTO,,,,,PARTIDO SOCIALISTA  DOS TRABALHADORES UNIFICADO,i,PSTU,0,16,PSTU,PARTIDO SOCIALISTA  DOS TRABALHADORES UNIFICADO,,16,280002541457,HERTZ DA CONCEICAO DIAS,HERTZ DIAS,20/10/1970,8,Válido,nao,,3,0.01,0.012904891,VANESSA PORTUGAL BARBOSA,VANESSA PORTUGAL,PSTU,v,,,,,04/10/2026 19:29:40,sim
1,04/10/2026,6257,Presidente,1,municipio,PB,21792,2513901,SÃO BENTO,,,,,PARTIDO COMUNISTA BRASILEIRO,i,PCB,0,21,PCB,PARTIDO COMUNISTA BRASILEIRO,,21,280002551975,EDMILSON SILVA COSTA,EDMILSON COSTA,08/04/1950,10,Válido,nao,,1,0.01,0.004301630,CLEUSA DOS SANTOS,CLEUSA SANTOS,PCB,v,,,,,04/10/2026 19:29:40,sim
1,04/10/2026,6257,Presidente,1,municipio,PB,21792,2513901,SÃO BENTO,,,,,DEMOCRACIA CRISTÃ,i,DC,0,27,DC,DEMOCRACIA CRISTÃ,,27,280002552484,CLARIANA ZACARKIM BARAO,CLARIANA BARAO,03/04/1987,9,Válido,nao,,4,0.02,0.017206521,FABIANA CRISTINA TAVARES TORQUATO,FABIANA TORQUATO,DC,v,,,,,04/10/2026 19:29:40,sim
1,04/10/2026,6257,Presidente,1,municipio,PB,21792,2513901,SÃO BENTO,,,,,PARTIDO NOVO,i,NOVO,0,30,NOVO,PARTIDO NOVO,,30,280002539826,ROMEU ZEMA NETO,ZEMA,28/10/1964,6,Válido,nao,,11,0.05,0.047317933,LUIS EDUARDO GRANGEIRO GIRÃO,EDUARDO GIRÃO,NOVO,v,,,,,04/10/2026 19:29:40,sim
1,04/10/2026,6257,Presidente,1,municipio,PB,21792,2513901,SÃO BENTO,,,,,BRASIL DOS NOSSOS SONHOS,c,AGIR / AVANTE,,70,AVANTE,AVANTE,,70,280002551547,AUGUSTO JORGE CURY,ESCRITOR AUGUSTO CURY,02/10/1958,3,Válido,nao,,1080,4.65,4.645760743,JULIO CESAR DELGADO,JÚLIO DELGADO,AVANTE,v,,,,,04/10/2026 19:29:40,sim
1,04/10/2026,6257,Presidente,1,municipio,PB,21792,2513901,SÃO BENTO,,,,,DEMOCRATA,i,DEMOCRATA,0,35,DEMOCRATA,DEMOCRATA,,35,280002548139,WILSON GRASSI JUNIOR,VETERINÁRIO WILSON GRASSI,13/03/1970,11,Válido,nao,,2,0.01,0.008603261,SUÊD HAIDAR NOGUEIRA,SUÊD HAIDAR,DEMOCRATA,v,,,,,04/10/2026 19:29:40,sim
1,04/10/2026,6257,Presidente,1,municipio,PB,21792,2513901,SÃO BENTO,,,,,UNIDADE POPULAR,i,UP,0,80,UP,UNIDADE POPULAR,,80,280002538811,SAMARA MARTINS DA SILVA FEITOSA,SAMARA,31/08/1987,7,Válido,nao,,6,0.03,0.025809782,RAQUEL NONATO DE BRICIO,RAQUEL BRÍCIO,UP,v,,,,,04/10/2026 19:29:40,sim
1,04/10/2026,6257,Presidente,1,municipio,PB,21792,2513901,SÃO BENTO,,,,,PARTIDO MISSÃO,i,MISSÃO,0,14,MISSÃO,PARTIDO MISSÃO,,14,280002540694,RENAN ANTONIO FERREIRA DOS SANTOS,RENAN SANTOS,14/02/1984,4,Válido,nao,,396,1.70,1.703445606,AROLDO MEDINA,CORONEL MEDINA,MISSÃO,v,,,,,04/10/2026 19:29:40,sim
1,04/10/2026,6257,Presidente,1,municipio,PB,21792,2513901,SÃO BENTO,,,,,PARTIDO DA CAUSA OPERÁRIA,i,PCO,0,29,PCO,PARTIDO DA CAUSA OPERÁRIA,,29,280002552487,RUI COSTA PIMENTA,RUI COSTA PIMENTA,25/06/1957,12,Válido,nao,,0,0.00,0,ANTONIO CARLOS SILVA,ANTÔNIO CARLOS,PCO,v,,,,,04/10/2026 19:29:40,sim
1,04/10/2026,6257,Presidente,1,municipio,PB,21814,2514008,SÃO JOÃO DO CARIRI,,,,,PARTIDO LIBERAL,i,PL,0,22,PL,PARTIDO LIBERAL,,22,280002551544,FLAVIO NANTES BOLSONARO,FLAVIO BOLSONARO,30/04/1981,1,Válido,nao,,752,20.23,20.231369384,ALFREDO GASPAR DE MENDONÇA NETO,ALFREDO GASPAR,PL,v,,,,,04/10/2026 18:09:57,sim
1,04/10/2026,6257,Presidente,1,municipio,PB,21814,2514008,SÃO JOÃO DO CARIRI,,,,,PARTIDO SOCIAL DEMOCRÁTICO,i,PSD,0,55,PSD,PARTIDO SOCIAL DEMOCRÁTICO,,55,280002551932,RONALDO RAMOS CAIADO,RONALDO CAIADO,25/09/1949,4,Válido,nao,,20,0.54,0.538068335,GILBERTO KASSAB,GILBERTO KASSAB,PSD,v,,,,,04/10/2026 18:09:57,sim
1,04/10/2026,6257,Presidente,1,municipio,PB,21814,2514008,SÃO JOÃO DO CARIRI,,PT/PC do B/PV,FEDERAÇÃO BRASIL DA ESPERANÇA - FE BRASIL,PT/PC do B/PV,BRASIL PRONTO PRA MAIS,c,PSB / PDT / PCDOB / PT / PV / PSOL / REDE,,13,PT,PARTIDO DOS TRABALHADORES,101,13,280002542548,LUIZ INÁCIO LULA DA SILVA,LULA,06/10/1945,2,Válido,nao,,2856,76.84,76.836158192,GERALDO JOSE RODRIGUES ALCKMIN FILHO,GERALDO ALCKMIN,PSB,v,,,,,04/10/2026 18:09:57,sim
1,04/10/2026,6257,Presidente,1,municipio,PB,21814,2514008,SÃO JOÃO DO CARIRI,,,,,DEMOCRACIA CRISTÃ,i,DC,0,27,DC,DEMOCRACIA CRISTÃ,,27,280002552484,CLARIANA ZACARKIM BARAO,CLARIANA BARAO,03/04/1987,8,Válido,nao,,0,0.00,0,FABIANA CRISTINA TAVARES TORQUATO,FABIANA TORQUATO,DC,v,,,,,04/10/2026 18:09:57,sim
1,04/10/2026,6257,Presidente,1,municipio,PB,21814,2514008,SÃO JOÃO DO CARIRI,,,,,PARTIDO COMUNISTA BRASILEIRO,i,PCB,0,21,PCB,PARTIDO COMUNISTA BRASILEIRO,,21,280002551975,EDMILSON SILVA COSTA,EDMILSON COSTA,08/04/1950,10,Válido,nao,,0,0.00,0,CLEUSA DOS SANTOS,CLEUSA SANTOS,PCB,v,,,,,04/10/2026 18:09:57,sim
1,04/10/2026,6257,Presidente,1,municipio,PB,21814,2514008,SÃO JOÃO DO CARIRI,,,,,PARTIDO SOCIALISTA  DOS TRABALHADORES UNIFICADO,i,PSTU,0,16,PSTU,PARTIDO SOCIALISTA  DOS TRABALHADORES UNIFICADO,,16,280002541457,HERTZ DA CONCEICAO DIAS,HERTZ DIAS,20/10/1970,9,Válido,nao,,4,0.11,0.107613667,VANESSA PORTUGAL BARBOSA,VANESSA PORTUGAL,PSTU,v,,,,,04/10/2026 18:09:57,sim
1,04/10/2026,6257,Presidente,1,municipio,PB,21814,2514008,SÃO JOÃO DO CARIRI,,,,,BRASIL DOS NOSSOS SONHOS,c,AGIR / AVANTE,,70,AVANTE,AVANTE,,70,280002551547,AUGUSTO JORGE CURY,ESCRITOR AUGUSTO CURY,02/10/1958,3,Válido,nao,,47,1.26,1.264460586,JULIO CESAR DELGADO,JÚLIO DELGADO,AVANTE,v,,,,,04/10/2026 18:09:57,sim
1,04/10/2026,6257,Presidente,1,municipio,PB,21814,2514008,SÃO JOÃO DO CARIRI,,,,,PARTIDO NOVO,i,NOVO,0,30,NOVO,PARTIDO NOVO,,30,280002539826,ROMEU ZEMA NETO,ZEMA,28/10/1964,6,Válido,nao,,0,0.00,0,LUIS EDUARDO GRANGEIRO GIRÃO,EDUARDO GIRÃO,NOVO,v,,,,,04/10/2026 18:09:57,sim
1,04/10/2026,6257,Presidente,1,municipio,PB,21814,2514008,SÃO JOÃO DO CARIRI,,,,,UNIDADE POPULAR,i,UP,0,80,UP,UNIDADE POPULAR,,80,280002538811,SAMARA MARTINS DA SILVA FEITOSA,SAMARA,31/08/1987,7,Válido,nao,,0,0.00,0,RAQUEL NONATO DE BRICIO,RAQUEL BRÍCIO,UP,v,,,,,04/10/2026 18:09:57,sim
1,04/10/2026,6257,Presidente,1,municipio,PB,21814,2514008,SÃO JOÃO DO CARIRI,,,,,DEMOCRATA,i,DEMOCRATA,0,35,DEMOCRATA,DEMOCRATA,,35,280002548139,WILSON GRASSI JUNIOR,VETERINÁRIO WILSON GRASSI,13/03/1970,11,Válido,nao,,0,0.00,0,SUÊD HAIDAR NOGUEIRA,SUÊD HAIDAR,DEMOCRATA,v,,,,,04/10/2026 18:09:57,sim
1,04/10/2026,6257,Presidente,1,municipio,PB,21814,2514008,SÃO JOÃO DO CARIRI,,,,,PARTIDO MISSÃO,i,MISSÃO,0,14,MISSÃO,PARTIDO MISSÃO,,14,280002540694,RENAN ANTONIO FERREIRA DOS SANTOS,RENAN SANTOS,14/02/1984,5,Válido,nao,,38,1.02,1.022329836,AROLDO MEDINA,CORONEL MEDINA,MISSÃO,v,,,,,04/10/2026 18:09:57,sim
1,04/10/2026,6257,Presidente,1,municipio,PB,21814,2514008,SÃO JOÃO DO CARIRI,,,,,PARTIDO DA CAUSA OPERÁRIA,i,PCO,0,29,PCO,PARTIDO DA CAUSA OPERÁRIA,,29,280002552487,RUI COSTA PIMENTA,RUI COSTA PIMENTA,25/06/1957,12,Válido,nao,,0,0.00,0,ANTONIO CARLOS SILVA,ANTÔNIO CARLOS,PCO,v,,,,,04/10/2026 18:09:57,sim
1,04/10/2026,6257,Presidente,1,municipio,PB,21830,2514107,SÃO JOÃO DO TIGRE,,,,,PARTIDO LIBERAL,i,PL,0,22,PL,PARTIDO LIBERAL,,22,280002551544,FLAVIO NANTES BOLSONARO,FLAVIO BOLSONARO,30/04/1981,1,Válido,nao,,568,18.61,18.610747051,ALFREDO GASPAR DE MENDONÇA NETO,ALFREDO GASPAR,PL,v,,,,,04/10/2026 21:27:51,sim
1,04/10/2026,6257,Presidente,1,municipio,PB,21830,2514107,SÃO JOÃO DO TIGRE,,,,,PARTIDO SOCIAL DEMOCRÁTICO,i,PSD,0,55,PSD,PARTIDO SOCIAL DEMOCRÁTICO,,55,280002551932,RONALDO RAMOS CAIADO,RONALDO CAIADO,25/09/1949,5,Válido,nao,,15,0.49,0.491480996,GILBERTO KASSAB,GILBERTO KASSAB,PSD,v,,,,,04/10/2026 21:27:51,sim
1,04/10/2026,6257,Presidente,1,municipio,PB,21830,2514107,SÃO JOÃO DO TIGRE,,PT/PC do B/PV,FEDERAÇÃO BRASIL DA ESPERANÇA - FE BRASIL,PT/PC do B/PV,BRASIL PRONTO PRA MAIS,c,PSB / PDT / PCDOB / PT / PV / PSOL / REDE,,13,PT,PARTIDO DOS TRABALHADORES,101,13,280002542548,LUIZ INÁCIO LULA DA SILVA,LULA,06/10/1945,2,Válido,nao,,2396,78.51,78.505897772,GERALDO JOSE RODRIGUES ALCKMIN FILHO,GERALDO ALCKMIN,PSB,v,,,,,04/10/2026 21:27:51,sim
1,04/10/2026,6257,Presidente,1,municipio,PB,21830,2514107,SÃO JOÃO DO TIGRE,,,,,DEMOCRACIA CRISTÃ,i,DC,0,27,DC,DEMOCRACIA CRISTÃ,,27,280002552484,CLARIANA ZACARKIM BARAO,CLARIANA BARAO,03/04/1987,9,Válido,nao,,0,0.00,0,FABIANA CRISTINA TAVARES TORQUATO,FABIANA TORQUATO,DC,v,,,,,04/10/2026 21:27:51,sim
1,04/10/2026,6257,Presidente,1,municipio,PB,21830,2514107,SÃO JOÃO DO TIGRE,,,,,PARTIDO COMUNISTA BRASILEIRO,i,PCB,0,21,PCB,PARTIDO COMUNISTA BRASILEIRO,,21,280002551975,EDMILSON SILVA COSTA,EDMILSON COSTA,08/04/1950,10,Válido,nao,,1,0.03,0.032765400,CLEUSA DOS SANTOS,CLEUSA SANTOS,PCB,v,,,,,04/10/2026 21:27:51,sim
1,04/10/2026,6257,Presidente,1,municipio,PB,21830,2514107,SÃO JOÃO DO TIGRE,,,,,PARTIDO SOCIALISTA  DOS TRABALHADORES UNIFICADO,i,PSTU,0,16,PSTU,PARTIDO SOCIALISTA  DOS TRABALHADORES UNIFICADO,,16,280002541457,HERTZ DA CONCEICAO DIAS,HERTZ DIAS,20/10/1970,8,Válido,nao,,0,0.00,0,VANESSA PORTUGAL BARBOSA,VANESSA PORTUGAL,PSTU,v,,,,,04/10/2026 21:27:51,sim
1,04/10/2026,6257,Presidente,1,municipio,PB,21830,2514107,SÃO JOÃO DO TIGRE,,,,,BRASIL DOS NOSSOS SONHOS,c,AGIR / AVANTE,,70,AVANTE,AVANTE,,70,280002551547,AUGUSTO JORGE CURY,ESCRITOR AUGUSTO CURY,02/10/1958,3,Válido,nao,,36,1.18,1.179554391,JULIO CESAR DELGADO,JÚLIO DELGADO,AVANTE,v,,,,,04/10/2026 21:27:51,sim
1,04/10/2026,6257,Presidente,1,municipio,PB,21830,2514107,SÃO JOÃO DO TIGRE,,,,,PARTIDO NOVO,i,NOVO,0,30,NOVO,PARTIDO NOVO,,30,280002539826,ROMEU ZEMA NETO,ZEMA,28/10/1964,6,Válido,nao,,2,0.07,0.065530799,LUIS EDUARDO GRANGEIRO GIRÃO,EDUARDO GIRÃO,NOVO,v,,,,,04/10/2026 21:27:51,sim
1,04/10/2026,6257,Presidente,1,municipio,PB,21830,2514107,SÃO JOÃO DO TIGRE,,,,,UNIDADE POPULAR,i,UP,0,80,UP,UNIDADE POPULAR,,80,280002538811,SAMARA MARTINS DA SILVA FEITOSA,SAMARA,31/08/1987,7,Válido,nao,,3,0.10,0.098296199,RAQUEL NONATO DE BRICIO,RAQUEL BRÍCIO,UP,v,,,,,04/10/2026 21:27:51,sim
1,04/10/2026,6257,Presidente,1,municipio,PB,21830,2514107,SÃO JOÃO DO TIGRE,,,,,DEMOCRATA,i,DEMOCRATA,0,35,DEMOCRATA,DEMOCRATA,,35,280002548139,WILSON GRASSI JUNIOR,VETERINÁRIO WILSON GRASSI,13/03/1970,11,Válido,nao,,0,0.00,0,SUÊD HAIDAR NOGUEIRA,SUÊD HAIDAR,DEMOCRATA,v,,,,,04/10/2026 21:27:51,sim
1,04/10/2026,6257,Presidente,1,municipio,PB,21830,2514107,SÃO JOÃO DO TIGRE,,,,,PARTIDO MISSÃO,i,MISSÃO,0,14,MISSÃO,PARTIDO MISSÃO,,14,280002540694,RENAN ANTONIO FERREIRA DOS SANTOS,RENAN SANTOS,14/02/1984,4,Válido,nao,,31,1.02,1.015727392,AROLDO MEDINA,CORONEL MEDINA,MISSÃO,v,,,,,04/10/2026 21:27:51,sim
1,04/10/2026,6257,Presidente,1,municipio,PB,21830,2514107,SÃO JOÃO DO TIGRE,,,,,PARTIDO DA CAUSA OPERÁRIA,i,PCO,0,29,PCO,PARTIDO DA CAUSA OPERÁRIA,,29,280002552487,RUI COSTA PIMENTA,RUI COSTA PIMENTA,25/06/1957,12,Válido,nao,,0,0.00,0,ANTONIO CARLOS SILVA,ANTÔNIO CARLOS,PCO,v,,,,,04/10/2026 21:27:51,sim
1,04/10/2026,6257,Presidente,1,municipio,PB,21857,2514206,SÃO JOSÉ DA LAGOA TAPADA,,,,,PARTIDO LIBERAL,i,PL,0,22,PL,PARTIDO LIBERAL,,22,280002551544,FLAVIO NANTES BOLSONARO,FLAVIO BOLSONARO,30/04/1981,1,Válido,nao,,1047,19.40,19.396072619,ALFREDO GASPAR DE MENDONÇA NETO,ALFREDO GASPAR,PL,v,,,,,04/10/2026 20:46:20,sim
1,04/10/2026,6257,Presidente,1,municipio,PB,21857,2514206,SÃO JOSÉ DA LAGOA TAPADA,,,,,PARTIDO SOCIAL DEMOCRÁTICO,i,PSD,0,55,PSD,PARTIDO SOCIAL DEMOCRÁTICO,,55,280002551932,RONALDO RAMOS CAIADO,RONALDO CAIADO,25/09/1949,5,Válido,nao,,34,0.63,0.629862912,GILBERTO KASSAB,GILBERTO KASSAB,PSD,v,,,,,04/10/2026 20:46:20,sim
1,04/10/2026,6257,Presidente,1,municipio,PB,21857,2514206,SÃO JOSÉ DA LAGOA TAPADA,,PT/PC do B/PV,FEDERAÇÃO BRASIL DA ESPERANÇA - FE BRASIL,PT/PC do B/PV,BRASIL PRONTO PRA MAIS,c,PSB / PDT / PCDOB / PT / PV / PSOL / REDE,,13,PT,PARTIDO DOS TRABALHADORES,101,13,280002542548,LUIZ INÁCIO LULA DA SILVA,LULA,06/10/1945,2,Válido,nao,,4164,77.14,77.139681363,GERALDO JOSE RODRIGUES ALCKMIN FILHO,GERALDO ALCKMIN,PSB,v,,,,,04/10/2026 20:46:20,sim
1,04/10/2026,6257,Presidente,1,municipio,PB,21857,2514206,SÃO JOSÉ DA LAGOA TAPADA,,,,,DEMOCRACIA CRISTÃ,i,DC,0,27,DC,DEMOCRACIA CRISTÃ,,27,280002552484,CLARIANA ZACARKIM BARAO,CLARIANA BARAO,03/04/1987,9,Válido,nao,,1,0.02,0.018525380,FABIANA CRISTINA TAVARES TORQUATO,FABIANA TORQUATO,DC,v,,,,,04/10/2026 20:46:20,sim
1,04/10/2026,6257,Presidente,1,municipio,PB,21857,2514206,SÃO JOSÉ DA LAGOA TAPADA,,,,,PARTIDO COMUNISTA BRASILEIRO,i,PCB,0,21,PCB,PARTIDO COMUNISTA BRASILEIRO,,21,280002551975,EDMILSON SILVA COSTA,EDMILSON COSTA,08/04/1950,10,Válido,nao,,0,0.00,0,CLEUSA DOS SANTOS,CLEUSA SANTOS,PCB,v,,,,,04/10/2026 20:46:20,sim
1,04/10/2026,6257,Presidente,1,municipio,PB,21857,2514206,SÃO JOSÉ DA LAGOA TAPADA,,,,,PARTIDO SOCIALISTA  DOS TRABALHADORES UNIFICADO,i,PSTU,0,16,PSTU,PARTIDO SOCIALISTA  DOS TRABALHADORES UNIFICADO,,16,280002541457,HERTZ DA CONCEICAO DIAS,HERTZ DIAS,20/10/1970,8,Válido,nao,,1,0.02,0.018525380,VANESSA PORTUGAL BARBOSA,VANESSA PORTUGAL,PSTU,v,,,,,04/10/2026 20:46:20,sim
1,04/10/2026,6257,Presidente,1,municipio,PB,21857,2514206,SÃO JOSÉ DA LAGOA TAPADA,,,,,BRASIL DOS NOSSOS SONHOS,c,AGIR / AVANTE,,70,AVANTE,AVANTE,,70,280002551547,AUGUSTO JORGE CURY,ESCRITOR AUGUSTO CURY,02/10/1958,3,Válido,nao,,76,1.41,1.407928863,JULIO CESAR DELGADO,JÚLIO DELGADO,AVANTE,v,,,,,04/10/2026 20:46:20,sim
1,04/10/2026,6257,Presidente,1,municipio,PB,21857,2514206,SÃO JOSÉ DA LAGOA TAPADA,,,,,PARTIDO NOVO,i,NOVO,0,30,NOVO,PARTIDO NOVO,,30,280002539826,ROMEU ZEMA NETO,ZEMA,28/10/1964,6,Válido,nao,,3,0.06,0.055576139,LUIS EDUARDO GRANGEIRO GIRÃO,EDUARDO GIRÃO,NOVO,v,,,,,04/10/2026 20:46:20,sim
1,04/10/2026,6257,Presidente,1,municipio,PB,21857,2514206,SÃO JOSÉ DA LAGOA TAPADA,,,,,UNIDADE POPULAR,i,UP,0,80,UP,UNIDADE POPULAR,,80,280002538811,SAMARA MARTINS DA SILVA FEITOSA,SAMARA,31/08/1987,7,Válido,nao,,0,0.00,0,RAQUEL NONATO DE BRICIO,RAQUEL BRÍCIO,UP,v,,,,,04/10/2026 20:46:20,sim
1,04/10/2026,6257,Presidente,1,municipio,PB,21857,2514206,SÃO JOSÉ DA LAGOA TAPADA,,,,,DEMOCRATA,i,DEMOCRATA,0,35,DEMOCRATA,DEMOCRATA,,35,280002548139,WILSON GRASSI JUNIOR,VETERINÁRIO WILSON GRASSI,13/03/1970,11,Válido,nao,,0,0.00,0,SUÊD HAIDAR NOGUEIRA,SUÊD HAIDAR,DEMOCRATA,v,,,,,04/10/2026 20:46:20,sim
1,04/10/2026,6257,Presidente,1,municipio,PB,21857,2514206,SÃO JOSÉ DA LAGOA TAPADA,,,,,PARTIDO MISSÃO,i,MISSÃO,0,14,MISSÃO,PARTIDO MISSÃO,,14,280002540694,RENAN ANTONIO FERREIRA DOS SANTOS,RENAN SANTOS,14/02/1984,4,Válido,nao,,72,1.33,1.333827343,AROLDO MEDINA,CORONEL MEDINA,MISSÃO,v,,,,,04/10/2026 20:46:20,sim
1,04/10/2026,6257,Presidente,1,municipio,PB,21857,2514206,SÃO JOSÉ DA LAGOA TAPADA,,,,,PARTIDO DA CAUSA OPERÁRIA,i,PCO,0,29,PCO,PARTIDO DA CAUSA OPERÁRIA,,29,280002552487,RUI COSTA PIMENTA,RUI COSTA PIMENTA,25/06/1957,12,Válido,nao,,0,0.00,0,ANTONIO CARLOS SILVA,ANTÔNIO CARLOS,PCO,v,,,,,04/10/2026 20:46:20,sim
1,04/10/2026,6257,Presidente,1,municipio,PB,21873,2514305,SÃO JOSÉ DE CAIANA,,,,,PARTIDO LIBERAL,i,PL,0,22,PL,PARTIDO LIBERAL,,22,280002551544,FLAVIO NANTES BOLSONARO,FLAVIO BOLSONARO,30/04/1981,1,Válido,nao,,778,19.95,19.953834316,ALFREDO GASPAR DE MENDONÇA NETO,ALFREDO GASPAR,PL,v,,,,,04/10/2026 19:00:41,sim
1,04/10/2026,6257,Presidente,1,municipio,PB,21873,2514305,SÃO JOSÉ DE CAIANA,,,,,PARTIDO SOCIAL DEMOCRÁTICO,i,PSD,0,55,PSD,PARTIDO SOCIAL DEMOCRÁTICO,,55,280002551932,RONALDO RAMOS CAIADO,RONALDO CAIADO,25/09/1949,4,Válido,nao,,16,0.41,0.410361631,GILBERTO KASSAB,GILBERTO KASSAB,PSD,v,,,,,04/10/2026 19:00:41,sim
1,04/10/2026,6257,Presidente,1,municipio,PB,21873,2514305,SÃO JOSÉ DE CAIANA,,PT/PC do B/PV,FEDERAÇÃO BRASIL DA ESPERANÇA - FE BRASIL,PT/PC do B/PV,BRASIL PRONTO PRA MAIS,c,PSB / PDT / PCDOB / PT / PV / PSOL / REDE,,13,PT,PARTIDO DOS TRABALHADORES,101,13,280002542548,LUIZ INÁCIO LULA DA SILVA,LULA,06/10/1945,2,Válido,nao,,2958,75.87,75.865606566,GERALDO JOSE RODRIGUES ALCKMIN FILHO,GERALDO ALCKMIN,PSB,v,,,,,04/10/2026 19:00:41,sim
1,04/10/2026,6257,Presidente,1,municipio,PB,21873,2514305,SÃO JOSÉ DE CAIANA,,,,,DEMOCRACIA CRISTÃ,i,DC,0,27,DC,DEMOCRACIA CRISTÃ,,27,280002552484,CLARIANA ZACARKIM BARAO,CLARIANA BARAO,03/04/1987,9,Válido,nao,,0,0.00,0,FABIANA CRISTINA TAVARES TORQUATO,FABIANA TORQUATO,DC,v,,,,,04/10/2026 19:00:41,sim
1,04/10/2026,6257,Presidente,1,municipio,PB,21873,2514305,SÃO JOSÉ DE CAIANA,,,,,PARTIDO COMUNISTA BRASILEIRO,i,PCB,0,21,PCB,PARTIDO COMUNISTA BRASILEIRO,,21,280002551975,EDMILSON SILVA COSTA,EDMILSON COSTA,08/04/1950,10,Válido,nao,,1,0.03,0.025647602,CLEUSA DOS SANTOS,CLEUSA SANTOS,PCB,v,,,,,04/10/2026 19:00:41,sim
1,04/10/2026,6257,Presidente,1,municipio,PB,21873,2514305,SÃO JOSÉ DE CAIANA,,,,,PARTIDO SOCIALISTA  DOS TRABALHADORES UNIFICADO,i,PSTU,0,16,PSTU,PARTIDO SOCIALISTA  DOS TRABALHADORES UNIFICADO,,16,280002541457,HERTZ DA CONCEICAO DIAS,HERTZ DIAS,20/10/1970,8,Válido,nao,,0,0.00,0,VANESSA PORTUGAL BARBOSA,VANESSA PORTUGAL,PSTU,v,,,,,04/10/2026 19:00:41,sim
1,04/10/2026,6257,Presidente,1,municipio,PB,21873,2514305,SÃO JOSÉ DE CAIANA,,,,,BRASIL DOS NOSSOS SONHOS,c,AGIR / AVANTE,,70,AVANTE,AVANTE,,70,280002551547,AUGUSTO JORGE CURY,ESCRITOR AUGUSTO CURY,02/10/1958,3,Válido,nao,,74,1.90,1.897922544,JULIO CESAR DELGADO,JÚLIO DELGADO,AVANTE,v,,,,,04/10/2026 19:00:41,sim
1,04/10/2026,6257,Presidente,1,municipio,PB,21873,2514305,SÃO JOSÉ DE CAIANA,,,,,PARTIDO NOVO,i,NOVO,0,30,NOVO,PARTIDO NOVO,,30,280002539826,ROMEU ZEMA NETO,ZEMA,28/10/1964,6,Válido,nao,,1,0.03,0.025647602,LUIS EDUARDO GRANGEIRO GIRÃO,EDUARDO GIRÃO,NOVO,v,,,,,04/10/2026 19:00:41,sim
1,04/10/2026,6257,Presidente,1,municipio,PB,21873,2514305,SÃO JOSÉ DE CAIANA,,,,,UNIDADE POPULAR,i,UP,0,80,UP,UNIDADE POPULAR,,80,280002538811,SAMARA MARTINS DA SILVA FEITOSA,SAMARA,31/08/1987,7,Válido,nao,,1,0.03,0.025647602,RAQUEL NONATO DE BRICIO,RAQUEL BRÍCIO,UP,v,,,,,04/10/2026 19:00:41,sim
1,04/10/2026,6257,Presidente,1,municipio,PB,21873,2514305,SÃO JOSÉ DE CAIANA,,,,,DEMOCRATA,i,DEMOCRATA,0,35,DEMOCRATA,DEMOCRATA,,35,280002548139,WILSON GRASSI JUNIOR,VETERINÁRIO WILSON GRASSI,13/03/1970,11,Válido,nao,,0,0.00,0,SUÊD HAIDAR NOGUEIRA,SUÊD HAIDAR,DEMOCRATA,v,,,,,04/10/2026 19:00:41,sim
1,04/10/2026,6257,Presidente,1,municipio,PB,21873,2514305,SÃO JOSÉ DE CAIANA,,,,,PARTIDO MISSÃO,i,MISSÃO,0,14,MISSÃO,PARTIDO MISSÃO,,14,280002540694,RENAN ANTONIO FERREIRA DOS SANTOS,RENAN SANTOS,14/02/1984,5,Válido,nao,,70,1.80,1.795332136,AROLDO MEDINA,CORONEL MEDINA,MISSÃO,v,,,,,04/10/2026 19:00:41,sim
1,04/10/2026,6257,Presidente,1,municipio,PB,21873,2514305,SÃO JOSÉ DE CAIANA,,,,,PARTIDO DA CAUSA OPERÁRIA,i,PCO,0,29,PCO,PARTIDO DA CAUSA OPERÁRIA,,29,280002552487,RUI COSTA PIMENTA,RUI COSTA PIMENTA,25/06/1957,12,Válido,nao,,0,0.00,0,ANTONIO CARLOS SILVA,ANTÔNIO CARLOS,PCO,v,,,,,04/10/2026 19:00:41,sim
1,04/10/2026,6257,Presidente,1,municipio,PB,21890,2514404,SÃO JOSÉ DE ESPINHARAS,,,,,PARTIDO LIBERAL,i,PL,0,22,PL,PARTIDO LIBERAL,,22,280002551544,FLAVIO NANTES BOLSONARO,FLAVIO BOLSONARO,30/04/1981,1,Válido,nao,,773,21.69,21.689113356,ALFREDO GASPAR DE MENDONÇA NETO,ALFREDO GASPAR,PL,v,,,,,04/10/2026 18:38:47,sim
1,04/10/2026,6257,Presidente,1,municipio,PB,21890,2514404,SÃO JOSÉ DE ESPINHARAS,,,,,PARTIDO SOCIAL DEMOCRÁTICO,i,PSD,0,55,PSD,PARTIDO SOCIAL DEMOCRÁTICO,,55,280002551932,RONALDO RAMOS CAIADO,RONALDO CAIADO,25/09/1949,4,Válido,nao,,16,0.45,0.448933782,GILBERTO KASSAB,GILBERTO KASSAB,PSD,v,,,,,04/10/2026 18:38:47,sim
1,04/10/2026,6257,Presidente,1,municipio,PB,21890,2514404,SÃO JOSÉ DE ESPINHARAS,,PT/PC do B/PV,FEDERAÇÃO BRASIL DA ESPERANÇA - FE BRASIL,PT/PC do B/PV,BRASIL PRONTO PRA MAIS,c,PSB / PDT / PCDOB / PT / PV / PSOL / REDE,,13,PT,PARTIDO DOS TRABALHADORES,101,13,280002542548,LUIZ INÁCIO LULA DA SILVA,LULA,06/10/1945,2,Válido,nao,,2660,74.64,74.635241302,GERALDO JOSE RODRIGUES ALCKMIN FILHO,GERALDO ALCKMIN,PSB,v,,,,,04/10/2026 18:38:47,sim
1,04/10/2026,6257,Presidente,1,municipio,PB,21890,2514404,SÃO JOSÉ DE ESPINHARAS,,,,,PARTIDO SOCIALISTA  DOS TRABALHADORES UNIFICADO,i,PSTU,0,16,PSTU,PARTIDO SOCIALISTA  DOS TRABALHADORES UNIFICADO,,16,280002541457,HERTZ DA CONCEICAO DIAS,HERTZ DIAS,20/10/1970,8,Válido,nao,,0,0.00,0,VANESSA PORTUGAL BARBOSA,VANESSA PORTUGAL,PSTU,v,,,,,04/10/2026 18:38:47,sim
1,04/10/2026,6257,Presidente,1,municipio,PB,21890,2514404,SÃO JOSÉ DE ESPINHARAS,,,,,PARTIDO COMUNISTA BRASILEIRO,i,PCB,0,21,PCB,PARTIDO COMUNISTA BRASILEIRO,,21,280002551975,EDMILSON SILVA COSTA,EDMILSON COSTA,08/04/1950,10,Válido,nao,,1,0.03,0.028058361,CLEUSA DOS SANTOS,CLEUSA SANTOS,PCB,v,,,,,04/10/2026 18:38:47,sim
1,04/10/2026,6257,Presidente,1,municipio,PB,21890,2514404,SÃO JOSÉ DE ESPINHARAS,,,,,DEMOCRACIA CRISTÃ,i,DC,0,27,DC,DEMOCRACIA CRISTÃ,,27,280002552484,CLARIANA ZACARKIM BARAO,CLARIANA BARAO,03/04/1987,9,Válido,nao,,0,0.00,0,FABIANA CRISTINA TAVARES TORQUATO,FABIANA TORQUATO,DC,v,,,,,04/10/2026 18:38:47,sim
1,04/10/2026,6257,Presidente,1,municipio,PB,21890,2514404,SÃO JOSÉ DE ESPINHARAS,,,,,PARTIDO NOVO,i,NOVO,0,30,NOVO,PARTIDO NOVO,,30,280002539826,ROMEU ZEMA NETO,ZEMA,28/10/1964,6,Válido,nao,,3,0.08,0.084175084,LUIS EDUARDO GRANGEIRO GIRÃO,EDUARDO GIRÃO,NOVO,v,,,,,04/10/2026 18:38:47,sim
1,04/10/2026,6257,Presidente,1,municipio,PB,21890,2514404,SÃO JOSÉ DE ESPINHARAS,,,,,BRASIL DOS NOSSOS SONHOS,c,AGIR / AVANTE,,70,AVANTE,AVANTE,,70,280002551547,AUGUSTO JORGE CURY,ESCRITOR AUGUSTO CURY,02/10/1958,3,Válido,nao,,66,1.85,1.851851852,JULIO CESAR DELGADO,JÚLIO DELGADO,AVANTE,v,,,,,04/10/2026 18:38:47,sim
1,04/10/2026,6257,Presidente,1,municipio,PB,21890,2514404,SÃO JOSÉ DE ESPINHARAS,,,,,DEMOCRATA,i,DEMOCRATA,0,35,DEMOCRATA,DEMOCRATA,,35,280002548139,WILSON GRASSI JUNIOR,VETERINÁRIO WILSON GRASSI,13/03/1970,11,Válido,nao,,0,0.00,0,SUÊD HAIDAR NOGUEIRA,SUÊD HAIDAR,DEMOCRATA,v,,,,,04/10/2026 18:38:47,sim
1,04/10/2026,6257,Presidente,1,municipio,PB,21890,2514404,SÃO JOSÉ DE ESPINHARAS,,,,,UNIDADE POPULAR,i,UP,0,80,UP,UNIDADE POPULAR,,80,280002538811,SAMARA MARTINS DA SILVA FEITOSA,SAMARA,31/08/1987,7,Válido,nao,,1,0.03,0.028058361,RAQUEL NONATO DE BRICIO,RAQUEL BRÍCIO,UP,v,,,,,04/10/2026 18:38:47,sim
1,04/10/2026,6257,Presidente,1,municipio,PB,21890,2514404,SÃO JOSÉ DE ESPINHARAS,,,,,PARTIDO MISSÃO,i,MISSÃO,0,14,MISSÃO,PARTIDO MISSÃO,,14,280002540694,RENAN ANTONIO FERREIRA DOS SANTOS,RENAN SANTOS,14/02/1984,5,Válido,nao,,44,1.23,1.234567901,AROLDO MEDINA,CORONEL MEDINA,MISSÃO,v,,,,,04/10/2026 18:38:47,sim
1,04/10/2026,6257,Presidente,1,municipio,PB,21890,2514404,SÃO JOSÉ DE ESPINHARAS,,,,,PARTIDO DA CAUSA OPERÁRIA,i,PCO,0,29,PCO,PARTIDO DA CAUSA OPERÁRIA,,29,280002552487,RUI COSTA PIMENTA,RUI COSTA PIMENTA,25/06/1957,12,Válido,nao,,0,0.00,0,ANTONIO CARLOS SILVA,ANTÔNIO CARLOS,PCO,v,,,,,04/10/2026 18:38:47,sim
1,04/10/2026,6257,Presidente,1,municipio,PB,21911,2514503,SÃO JOSÉ DE PIRANHAS,,,,,PARTIDO LIBERAL,i,PL,0,22,PL,PARTIDO LIBERAL,,22,280002551544,FLAVIO NANTES BOLSONARO,FLAVIO BOLSONARO,30/04/1981,1,Válido,nao,,2068,17.43,17.426476784,ALFREDO GASPAR DE MENDONÇA NETO,ALFREDO GASPAR,PL,v,,,,,04/10/2026 21:13:41,sim
1,04/10/2026,6257,Presidente,1,municipio,PB,21911,2514503,SÃO JOSÉ DE PIRANHAS,,,,,PARTIDO SOCIAL DEMOCRÁTICO,i,PSD,0,55,PSD,PARTIDO SOCIAL DEMOCRÁTICO,,55,280002551932,RONALDO RAMOS CAIADO,RONALDO CAIADO,25/09/1949,5,Válido,nao,,68,0.57,0.573017612,GILBERTO KASSAB,GILBERTO KASSAB,PSD,v,,,,,04/10/2026 21:13:41,sim
1,04/10/2026,6257,Presidente,1,municipio,PB,21911,2514503,SÃO JOSÉ DE PIRANHAS,,PT/PC do B/PV,FEDERAÇÃO BRASIL DA ESPERANÇA - FE BRASIL,PT/PC do B/PV,BRASIL PRONTO PRA MAIS,c,PSB / PDT / PCDOB / PT / PV / PSOL / REDE,,13,PT,PARTIDO DOS TRABALHADORES,101,13,280002542548,LUIZ INÁCIO LULA DA SILVA,LULA,06/10/1945,2,Válido,nao,,9261,78.04,78.039942698,GERALDO JOSE RODRIGUES ALCKMIN FILHO,GERALDO ALCKMIN,PSB,v,,,,,04/10/2026 21:13:41,sim
1,04/10/2026,6257,Presidente,1,municipio,PB,21911,2514503,SÃO JOSÉ DE PIRANHAS,,,,,DEMOCRACIA CRISTÃ,i,DC,0,27,DC,DEMOCRACIA CRISTÃ,,27,280002552484,CLARIANA ZACARKIM BARAO,CLARIANA BARAO,03/04/1987,9,Válido,nao,,3,0.03,0.025280189,FABIANA CRISTINA TAVARES TORQUATO,FABIANA TORQUATO,DC,v,,,,,04/10/2026 21:13:41,sim
1,04/10/2026,6257,Presidente,1,municipio,PB,21911,2514503,SÃO JOSÉ DE PIRANHAS,,,,,PARTIDO COMUNISTA BRASILEIRO,i,PCB,0,21,PCB,PARTIDO COMUNISTA BRASILEIRO,,21,280002551975,EDMILSON SILVA COSTA,EDMILSON COSTA,08/04/1950,10,Válido,nao,,0,0.00,0,CLEUSA DOS SANTOS,CLEUSA SANTOS,PCB,v,,,,,04/10/2026 21:13:41,sim
1,04/10/2026,6257,Presidente,1,municipio,PB,21911,2514503,SÃO JOSÉ DE PIRANHAS,,,,,PARTIDO SOCIALISTA  DOS TRABALHADORES UNIFICADO,i,PSTU,0,16,PSTU,PARTIDO SOCIALISTA  DOS TRABALHADORES UNIFICADO,,16,280002541457,HERTZ DA CONCEICAO DIAS,HERTZ DIAS,20/10/1970,8,Válido,nao,,1,0.01,0.008426730,VANESSA PORTUGAL BARBOSA,VANESSA PORTUGAL,PSTU,v,,,,,04/10/2026 21:13:41,sim
1,04/10/2026,6257,Presidente,1,municipio,PB,21911,2514503,SÃO JOSÉ DE PIRANHAS,,,,,BRASIL DOS NOSSOS SONHOS,c,AGIR / AVANTE,,70,AVANTE,AVANTE,,70,280002551547,AUGUSTO JORGE CURY,ESCRITOR AUGUSTO CURY,02/10/1958,3,Válido,nao,,270,2.28,2.275216988,JULIO CESAR DELGADO,JÚLIO DELGADO,AVANTE,v,,,,,04/10/2026 21:13:41,sim
1,04/10/2026,6257,Presidente,1,municipio,PB,21911,2514503,SÃO JOSÉ DE PIRANHAS,,,,,PARTIDO NOVO,i,NOVO,0,30,NOVO,PARTIDO NOVO,,30,280002539826,ROMEU ZEMA NETO,ZEMA,28/10/1964,6,Válido,nao,,5,0.04,0.042133648,LUIS EDUARDO GRANGEIRO GIRÃO,EDUARDO GIRÃO,NOVO,v,,,,,04/10/2026 21:13:41,sim
1,04/10/2026,6257,Presidente,1,municipio,PB,21911,2514503,SÃO JOSÉ DE PIRANHAS,,,,,UNIDADE POPULAR,i,UP,0,80,UP,UNIDADE POPULAR,,80,280002538811,SAMARA MARTINS DA SILVA FEITOSA,SAMARA,31/08/1987,7,Válido,nao,,0,0.00,0,RAQUEL NONATO DE BRICIO,RAQUEL BRÍCIO,UP,v,,,,,04/10/2026 21:13:41,sim
1,04/10/2026,6257,Presidente,1,municipio,PB,21911,2514503,SÃO JOSÉ DE PIRANHAS,,,,,DEMOCRATA,i,DEMOCRATA,0,35,DEMOCRATA,DEMOCRATA,,35,280002548139,WILSON GRASSI JUNIOR,VETERINÁRIO WILSON GRASSI,13/03/1970,11,Válido,nao,,0,0.00,0,SUÊD HAIDAR NOGUEIRA,SUÊD HAIDAR,DEMOCRATA,v,,,,,04/10/2026 21:13:41,sim
1,04/10/2026,6257,Presidente,1,municipio,PB,21911,2514503,SÃO JOSÉ DE PIRANHAS,,,,,PARTIDO MISSÃO,i,MISSÃO,0,14,MISSÃO,PARTIDO MISSÃO,,14,280002540694,RENAN ANTONIO FERREIRA DOS SANTOS,RENAN SANTOS,14/02/1984,4,Válido,nao,,187,1.58,1.575798433,AROLDO MEDINA,CORONEL MEDINA,MISSÃO,v,,,,,04/10/2026 21:13:41,sim
1,04/10/2026,6257,Presidente,1,municipio,PB,21911,2514503,SÃO JOSÉ DE PIRANHAS,,,,,PARTIDO DA CAUSA OPERÁRIA,i,PCO,0,29,PCO,PARTIDO DA CAUSA OPERÁRIA,,29,280002552487,RUI COSTA PIMENTA,RUI COSTA PIMENTA,25/06/1957,12,Válido,nao,,4,0.03,0.033706918,ANTONIO CARLOS SILVA,ANTÔNIO CARLOS,PCO,v,,,,,04/10/2026 21:13:41,sim
1,04/10/2026,6257,Presidente,1,municipio,PB,21938,2514602,SÃO JOSÉ DO BONFIM,,,,,PARTIDO LIBERAL,i,PL,0,22,PL,PARTIDO LIBERAL,,22,280002551544,FLAVIO NANTES BOLSONARO,FLAVIO BOLSONARO,30/04/1981,1,Válido,nao,,995,28.39,28.388017118,ALFREDO GASPAR DE MENDONÇA NETO,ALFREDO GASPAR,PL,v,,,,,04/10/2026 18:13:33,sim
1,04/10/2026,6257,Presidente,1,municipio,PB,21938,2514602,SÃO JOSÉ DO BONFIM,,,,,PARTIDO SOCIAL DEMOCRÁTICO,i,PSD,0,55,PSD,PARTIDO SOCIAL DEMOCRÁTICO,,55,280002551932,RONALDO RAMOS CAIADO,RONALDO CAIADO,25/09/1949,4,Válido,nao,,18,0.51,0.513552068,GILBERTO KASSAB,GILBERTO KASSAB,PSD,v,,,,,04/10/2026 18:13:33,sim
1,04/10/2026,6257,Presidente,1,municipio,PB,21938,2514602,SÃO JOSÉ DO BONFIM,,PT/PC do B/PV,FEDERAÇÃO BRASIL DA ESPERANÇA - FE BRASIL,PT/PC do B/PV,BRASIL PRONTO PRA MAIS,c,PSB / PDT / PCDOB / PT / PV / PSOL / REDE,,13,PT,PARTIDO DOS TRABALHADORES,101,13,280002542548,LUIZ INÁCIO LULA DA SILVA,LULA,06/10/1945,2,Válido,nao,,2365,67.48,67.475035663,GERALDO JOSE RODRIGUES ALCKMIN FILHO,GERALDO ALCKMIN,PSB,v,,,,,04/10/2026 18:13:33,sim
1,04/10/2026,6257,Presidente,1,municipio,PB,21938,2514602,SÃO JOSÉ DO BONFIM,,,,,DEMOCRACIA CRISTÃ,i,DC,0,27,DC,DEMOCRACIA CRISTÃ,,27,280002552484,CLARIANA ZACARKIM BARAO,CLARIANA BARAO,03/04/1987,8,Válido,nao,,0,0.00,0,FABIANA CRISTINA TAVARES TORQUATO,FABIANA TORQUATO,DC,v,,,,,04/10/2026 18:13:33,sim
1,04/10/2026,6257,Presidente,1,municipio,PB,21938,2514602,SÃO JOSÉ DO BONFIM,,,,,PARTIDO COMUNISTA BRASILEIRO,i,PCB,0,21,PCB,PARTIDO COMUNISTA BRASILEIRO,,21,280002551975,EDMILSON SILVA COSTA,EDMILSON COSTA,08/04/1950,10,Válido,nao,,0,0.00,0,CLEUSA DOS SANTOS,CLEUSA SANTOS,PCB,v,,,,,04/10/2026 18:13:33,sim
1,04/10/2026,6257,Presidente,1,municipio,PB,21938,2514602,SÃO JOSÉ DO BONFIM,,,,,PARTIDO SOCIALISTA  DOS TRABALHADORES UNIFICADO,i,PSTU,0,16,PSTU,PARTIDO SOCIALISTA  DOS TRABALHADORES UNIFICADO,,16,280002541457,HERTZ DA CONCEICAO DIAS,HERTZ DIAS,20/10/1970,9,Válido,nao,,1,0.03,0.028530670,VANESSA PORTUGAL BARBOSA,VANESSA PORTUGAL,PSTU,v,,,,,04/10/2026 18:13:33,sim
1,04/10/2026,6257,Presidente,1,municipio,PB,21938,2514602,SÃO JOSÉ DO BONFIM,,,,,BRASIL DOS NOSSOS SONHOS,c,AGIR / AVANTE,,70,AVANTE,AVANTE,,70,280002551547,AUGUSTO JORGE CURY,ESCRITOR AUGUSTO CURY,02/10/1958,3,Válido,nao,,87,2.48,2.482168331,JULIO CESAR DELGADO,JÚLIO DELGADO,AVANTE,v,,,,,04/10/2026 18:13:33,sim
1,04/10/2026,6257,Presidente,1,municipio,PB,21938,2514602,SÃO JOSÉ DO BONFIM,,,,,PARTIDO NOVO,i,NOVO,0,30,NOVO,PARTIDO NOVO,,30,280002539826,ROMEU ZEMA NETO,ZEMA,28/10/1964,6,Válido,nao,,1,0.03,0.028530670,LUIS EDUARDO GRANGEIRO GIRÃO,EDUARDO GIRÃO,NOVO,v,,,,,04/10/2026 18:13:33,sim
1,04/10/2026,6257,Presidente,1,municipio,PB,21938,2514602,SÃO JOSÉ DO BONFIM,,,,,UNIDADE POPULAR,i,UP,0,80,UP,UNIDADE POPULAR,,80,280002538811,SAMARA MARTINS DA SILVA FEITOSA,SAMARA,31/08/1987,7,Válido,nao,,1,0.03,0.028530670,RAQUEL NONATO DE BRICIO,RAQUEL BRÍCIO,UP,v,,,,,04/10/2026 18:13:33,sim
1,04/10/2026,6257,Presidente,1,municipio,PB,21938,2514602,SÃO JOSÉ DO BONFIM,,,,,DEMOCRATA,i,DEMOCRATA,0,35,DEMOCRATA,DEMOCRATA,,35,280002548139,WILSON GRASSI JUNIOR,VETERINÁRIO WILSON GRASSI,13/03/1970,11,Válido,nao,,0,0.00,0,SUÊD HAIDAR NOGUEIRA,SUÊD HAIDAR,DEMOCRATA,v,,,,,04/10/2026 18:13:33,sim
1,04/10/2026,6257,Presidente,1,municipio,PB,21938,2514602,SÃO JOSÉ DO BONFIM,,,,,PARTIDO MISSÃO,i,MISSÃO,0,14,MISSÃO,PARTIDO MISSÃO,,14,280002540694,RENAN ANTONIO FERREIRA DOS SANTOS,RENAN SANTOS,14/02/1984,5,Válido,nao,,37,1.06,1.055634807,AROLDO MEDINA,CORONEL MEDINA,MISSÃO,v,,,,,04/10/2026 18:13:33,sim
1,04/10/2026,6257,Presidente,1,municipio,PB,21938,2514602,SÃO JOSÉ DO BONFIM,,,,,PARTIDO DA CAUSA OPERÁRIA,i,PCO,0,29,PCO,PARTIDO DA CAUSA OPERÁRIA,,29,280002552487,RUI COSTA PIMENTA,RUI COSTA PIMENTA,25/06/1957,12,Válido,nao,,0,0.00,0,ANTONIO CARLOS SILVA,ANTÔNIO CARLOS,PCO,v,,,,,04/10/2026 18:13:33,sim
1,04/10/2026,6257,Presidente,1,municipio,PB,21954,2514701,SÃO JOSÉ DO SABUGI,,,,,PARTIDO LIBERAL,i,PL,0,22,PL,PARTIDO LIBERAL,,22,280002551544,FLAVIO NANTES BOLSONARO,FLAVIO BOLSONARO,30/04/1981,1,Válido,nao,,1023,28.17,28.166299559,ALFREDO GASPAR DE MENDONÇA NETO,ALFREDO GASPAR,PL,v,,,,,04/10/2026 19:07:02,sim
1,04/10/2026,6257,Presidente,1,municipio,PB,21954,2514701,SÃO JOSÉ DO SABUGI,,,,,PARTIDO SOCIAL DEMOCRÁTICO,i,PSD,0,55,PSD,PARTIDO SOCIAL DEMOCRÁTICO,,55,280002551932,RONALDO RAMOS CAIADO,RONALDO CAIADO,25/09/1949,4,Válido,nao,,18,0.50,0.495594714,GILBERTO KASSAB,GILBERTO KASSAB,PSD,v,,,,,04/10/2026 19:07:02,sim
1,04/10/2026,6257,Presidente,1,municipio,PB,21954,2514701,SÃO JOSÉ DO SABUGI,,PT/PC do B/PV,FEDERAÇÃO BRASIL DA ESPERANÇA - FE BRASIL,PT/PC do B/PV,BRASIL PRONTO PRA MAIS,c,PSB / PDT / PCDOB / PT / PV / PSOL / REDE,,13,PT,PARTIDO DOS TRABALHADORES,101,13,280002542548,LUIZ INÁCIO LULA DA SILVA,LULA,06/10/1945,2,Válido,nao,,2460,67.73,67.731277533,GERALDO JOSE RODRIGUES ALCKMIN FILHO,GERALDO ALCKMIN,PSB,v,,,,,04/10/2026 19:07:02,sim
1,04/10/2026,6257,Presidente,1,municipio,PB,21954,2514701,SÃO JOSÉ DO SABUGI,,,,,PARTIDO SOCIALISTA  DOS TRABALHADORES UNIFICADO,i,PSTU,0,16,PSTU,PARTIDO SOCIALISTA  DOS TRABALHADORES UNIFICADO,,16,280002541457,HERTZ DA CONCEICAO DIAS,HERTZ DIAS,20/10/1970,8,Válido,nao,,0,0.00,0,VANESSA PORTUGAL BARBOSA,VANESSA PORTUGAL,PSTU,v,,,,,04/10/2026 19:07:02,sim
1,04/10/2026,6257,Presidente,1,municipio,PB,21954,2514701,SÃO JOSÉ DO SABUGI,,,,,PARTIDO COMUNISTA BRASILEIRO,i,PCB,0,21,PCB,PARTIDO COMUNISTA BRASILEIRO,,21,280002551975,EDMILSON SILVA COSTA,EDMILSON COSTA,08/04/1950,10,Válido,nao,,3,0.08,0.082599119,CLEUSA DOS SANTOS,CLEUSA SANTOS,PCB,v,,,,,04/10/2026 19:07:02,sim
1,04/10/2026,6257,Presidente,1,municipio,PB,21954,2514701,SÃO JOSÉ DO SABUGI,,,,,DEMOCRACIA CRISTÃ,i,DC,0,27,DC,DEMOCRACIA CRISTÃ,,27,280002552484,CLARIANA ZACARKIM BARAO,CLARIANA BARAO,03/04/1987,9,Válido,nao,,1,0.03,0.027533040,FABIANA CRISTINA TAVARES TORQUATO,FABIANA TORQUATO,DC,v,,,,,04/10/2026 19:07:02,sim
1,04/10/2026,6257,Presidente,1,municipio,PB,21954,2514701,SÃO JOSÉ DO SABUGI,,,,,PARTIDO NOVO,i,NOVO,0,30,NOVO,PARTIDO NOVO,,30,280002539826,ROMEU ZEMA NETO,ZEMA,28/10/1964,6,Válido,nao,,1,0.03,0.027533040,LUIS EDUARDO GRANGEIRO GIRÃO,EDUARDO GIRÃO,NOVO,v,,,,,04/10/2026 19:07:02,sim
1,04/10/2026,6257,Presidente,1,municipio,PB,21954,2514701,SÃO JOSÉ DO SABUGI,,,,,BRASIL DOS NOSSOS SONHOS,c,AGIR / AVANTE,,70,AVANTE,AVANTE,,70,280002551547,AUGUSTO JORGE CURY,ESCRITOR AUGUSTO CURY,02/10/1958,3,Válido,nao,,98,2.70,2.698237885,JULIO CESAR DELGADO,JÚLIO DELGADO,AVANTE,v,,,,,04/10/2026 19:07:02,sim
1,04/10/2026,6257,Presidente,1,municipio,PB,21954,2514701,SÃO JOSÉ DO SABUGI,,,,,DEMOCRATA,i,DEMOCRATA,0,35,DEMOCRATA,DEMOCRATA,,35,280002548139,WILSON GRASSI JUNIOR,VETERINÁRIO WILSON GRASSI,13/03/1970,11,Válido,nao,,0,0.00,0,SUÊD HAIDAR NOGUEIRA,SUÊD HAIDAR,DEMOCRATA,v,,,,,04/10/2026 19:07:02,sim
1,04/10/2026,6257,Presidente,1,municipio,PB,21954,2514701,SÃO JOSÉ DO SABUGI,,,,,UNIDADE POPULAR,i,UP,0,80,UP,UNIDADE POPULAR,,80,280002538811,SAMARA MARTINS DA SILVA FEITOSA,SAMARA,31/08/1987,7,Válido,nao,,2,0.06,0.055066079,RAQUEL NONATO DE BRICIO,RAQUEL BRÍCIO,UP,v,,,,,04/10/2026 19:07:02,sim
1,04/10/2026,6257,Presidente,1,municipio,PB,21954,2514701,SÃO JOSÉ DO SABUGI,,,,,PARTIDO MISSÃO,i,MISSÃO,0,14,MISSÃO,PARTIDO MISSÃO,,14,280002540694,RENAN ANTONIO FERREIRA DOS SANTOS,RENAN SANTOS,14/02/1984,5,Válido,nao,,26,0.72,0.715859031,AROLDO MEDINA,CORONEL MEDINA,MISSÃO,v,,,,,04/10/2026 19:07:02,sim
1,04/10/2026,6257,Presidente,1,municipio,PB,21954,2514701,SÃO JOSÉ DO SABUGI,,,,,PARTIDO DA CAUSA OPERÁRIA,i,PCO,0,29,PCO,PARTIDO DA CAUSA OPERÁRIA,,29,280002552487,RUI COSTA PIMENTA,RUI COSTA PIMENTA,25/06/1957,12,Válido,nao,,0,0.00,0,ANTONIO CARLOS SILVA,ANTÔNIO CARLOS,PCO,v,,,,,04/10/2026 19:07:02,sim
1,04/10/2026,6257,Presidente,1,municipio,PB,21970,2514800,SÃO JOSÉ DOS CORDEIROS,,,,,PARTIDO LIBERAL,i,PL,0,22,PL,PARTIDO LIBERAL,,22,280002551544,FLAVIO NANTES BOLSONARO,FLAVIO BOLSONARO,30/04/1981,1,Válido,nao,,557,18.97,18.971389646,ALFREDO GASPAR DE MENDONÇA NETO,ALFREDO GASPAR,PL,v,,,,,04/10/2026 18:28:24,sim
1,04/10/2026,6257,Presidente,1,municipio,PB,21970,2514800,SÃO JOSÉ DOS CORDEIROS,,,,,PARTIDO SOCIAL DEMOCRÁTICO,i,PSD,0,55,PSD,PARTIDO SOCIAL DEMOCRÁTICO,,55,280002551932,RONALDO RAMOS CAIADO,RONALDO CAIADO,25/09/1949,4,Válido,nao,,26,0.89,0.885558583,GILBERTO KASSAB,GILBERTO KASSAB,PSD,v,,,,,04/10/2026 18:28:24,sim
1,04/10/2026,6257,Presidente,1,municipio,PB,21970,2514800,SÃO JOSÉ DOS CORDEIROS,,PT/PC do B/PV,FEDERAÇÃO BRASIL DA ESPERANÇA - FE BRASIL,PT/PC do B/PV,BRASIL PRONTO PRA MAIS,c,PSB / PDT / PCDOB / PT / PV / PSOL / REDE,,13,PT,PARTIDO DOS TRABALHADORES,101,13,280002542548,LUIZ INÁCIO LULA DA SILVA,LULA,06/10/1945,2,Válido,nao,,2297,78.24,78.235694823,GERALDO JOSE RODRIGUES ALCKMIN FILHO,GERALDO ALCKMIN,PSB,v,,,,,04/10/2026 18:28:24,sim
1,04/10/2026,6257,Presidente,1,municipio,PB,21970,2514800,SÃO JOSÉ DOS CORDEIROS,,,,,DEMOCRACIA CRISTÃ,i,DC,0,27,DC,DEMOCRACIA CRISTÃ,,27,280002552484,CLARIANA ZACARKIM BARAO,CLARIANA BARAO,03/04/1987,8,Válido,nao,,0,0.00,0,FABIANA CRISTINA TAVARES TORQUATO,FABIANA TORQUATO,DC,v,,,,,04/10/2026 18:28:24,sim
1,04/10/2026,6257,Presidente,1,municipio,PB,21970,2514800,SÃO JOSÉ DOS CORDEIROS,,,,,PARTIDO COMUNISTA BRASILEIRO,i,PCB,0,21,PCB,PARTIDO COMUNISTA BRASILEIRO,,21,280002551975,EDMILSON SILVA COSTA,EDMILSON COSTA,08/04/1950,10,Válido,nao,,0,0.00,0,CLEUSA DOS SANTOS,CLEUSA SANTOS,PCB,v,,,,,04/10/2026 18:28:24,sim
1,04/10/2026,6257,Presidente,1,municipio,PB,21970,2514800,SÃO JOSÉ DOS CORDEIROS,,,,,PARTIDO SOCIALISTA  DOS TRABALHADORES UNIFICADO,i,PSTU,0,16,PSTU,PARTIDO SOCIALISTA  DOS TRABALHADORES UNIFICADO,,16,280002541457,HERTZ DA CONCEICAO DIAS,HERTZ DIAS,20/10/1970,9,Válido,nao,,1,0.03,0.034059946,VANESSA PORTUGAL BARBOSA,VANESSA PORTUGAL,PSTU,v,,,,,04/10/2026 18:28:24,sim
1,04/10/2026,6257,Presidente,1,municipio,PB,21970,2514800,SÃO JOSÉ DOS CORDEIROS,,,,,BRASIL DOS NOSSOS SONHOS,c,AGIR / AVANTE,,70,AVANTE,AVANTE,,70,280002551547,AUGUSTO JORGE CURY,ESCRITOR AUGUSTO CURY,02/10/1958,3,Válido,nao,,28,0.95,0.953678474,JULIO CESAR DELGADO,JÚLIO DELGADO,AVANTE,v,,,,,04/10/2026 18:28:24,sim
1,04/10/2026,6257,Presidente,1,municipio,PB,21970,2514800,SÃO JOSÉ DOS CORDEIROS,,,,,PARTIDO NOVO,i,NOVO,0,30,NOVO,PARTIDO NOVO,,30,280002539826,ROMEU ZEMA NETO,ZEMA,28/10/1964,6,Válido,nao,,4,0.14,0.136239782,LUIS EDUARDO GRANGEIRO GIRÃO,EDUARDO GIRÃO,NOVO,v,,,,,04/10/2026 18:28:24,sim
1,04/10/2026,6257,Presidente,1,municipio,PB,21970,2514800,SÃO JOSÉ DOS CORDEIROS,,,,,UNIDADE POPULAR,i,UP,0,80,UP,UNIDADE POPULAR,,80,280002538811,SAMARA MARTINS DA SILVA FEITOSA,SAMARA,31/08/1987,7,Válido,nao,,2,0.07,0.068119891,RAQUEL NONATO DE BRICIO,RAQUEL BRÍCIO,UP,v,,,,,04/10/2026 18:28:24,sim
1,04/10/2026,6257,Presidente,1,municipio,PB,21970,2514800,SÃO JOSÉ DOS CORDEIROS,,,,,DEMOCRATA,i,DEMOCRATA,0,35,DEMOCRATA,DEMOCRATA,,35,280002548139,WILSON GRASSI JUNIOR,VETERINÁRIO WILSON GRASSI,13/03/1970,11,Válido,nao,,0,0.00,0,SUÊD HAIDAR NOGUEIRA,SUÊD HAIDAR,DEMOCRATA,v,,,,,04/10/2026 18:28:24,sim
1,04/10/2026,6257,Presidente,1,municipio,PB,21970,2514800,SÃO JOSÉ DOS CORDEIROS,,,,,PARTIDO MISSÃO,i,MISSÃO,0,14,MISSÃO,PARTIDO MISSÃO,,14,280002540694,RENAN ANTONIO FERREIRA DOS SANTOS,RENAN SANTOS,14/02/1984,5,Válido,nao,,21,0.72,0.715258856,AROLDO MEDINA,CORONEL MEDINA,MISSÃO,v,,,,,04/10/2026 18:28:24,sim
1,04/10/2026,6257,Presidente,1,municipio,PB,21970,2514800,SÃO JOSÉ DOS CORDEIROS,,,,,PARTIDO DA CAUSA OPERÁRIA,i,PCO,0,29,PCO,PARTIDO DA CAUSA OPERÁRIA,,29,280002552487,RUI COSTA PIMENTA,RUI COSTA PIMENTA,25/06/1957,12,Válido,nao,,0,0.00,0,ANTONIO CARLOS SILVA,ANTÔNIO CARLOS,PCO,v,,,,,04/10/2026 18:28:24,sim
1,04/10/2026,6257,Presidente,1,municipio,PB,21997,2514909,SÃO MAMEDE,,,,,PARTIDO LIBERAL,i,PL,0,22,PL,PARTIDO LIBERAL,,22,280002551544,FLAVIO NANTES BOLSONARO,FLAVIO BOLSONARO,30/04/1981,1,Válido,nao,,1627,30.42,30.422587883,ALFREDO GASPAR DE MENDONÇA NETO,ALFREDO GASPAR,PL,v,,,,,04/10/2026 19:03:13,sim
1,04/10/2026,6257,Presidente,1,municipio,PB,21997,2514909,SÃO MAMEDE,,,,,PARTIDO SOCIAL DEMOCRÁTICO,i,PSD,0,55,PSD,PARTIDO SOCIAL DEMOCRÁTICO,,55,280002551932,RONALDO RAMOS CAIADO,RONALDO CAIADO,25/09/1949,4,Válido,nao,,33,0.62,0.617053104,GILBERTO KASSAB,GILBERTO KASSAB,PSD,v,,,,,04/10/2026 19:03:13,sim
1,04/10/2026,6257,Presidente,1,municipio,PB,21997,2514909,SÃO MAMEDE,,PT/PC do B/PV,FEDERAÇÃO BRASIL DA ESPERANÇA - FE BRASIL,PT/PC do B/PV,BRASIL PRONTO PRA MAIS,c,PSB / PDT / PCDOB / PT / PV / PSOL / REDE,,13,PT,PARTIDO DOS TRABALHADORES,101,13,280002542548,LUIZ INÁCIO LULA DA SILVA,LULA,06/10/1945,2,Válido,nao,,3456,64.62,64.622288706,GERALDO JOSE RODRIGUES ALCKMIN FILHO,GERALDO ALCKMIN,PSB,v,,,,,04/10/2026 19:03:13,sim
1,04/10/2026,6257,Presidente,1,municipio,PB,21997,2514909,SÃO MAMEDE,,,,,DEMOCRACIA CRISTÃ,i,DC,0,27,DC,DEMOCRACIA CRISTÃ,,27,280002552484,CLARIANA ZACARKIM BARAO,CLARIANA BARAO,03/04/1987,9,Válido,nao,,1,0.02,0.018698579,FABIANA CRISTINA TAVARES TORQUATO,FABIANA TORQUATO,DC,v,,,,,04/10/2026 19:03:13,sim
1,04/10/2026,6257,Presidente,1,municipio,PB,21997,2514909,SÃO MAMEDE,,,,,PARTIDO COMUNISTA BRASILEIRO,i,PCB,0,21,PCB,PARTIDO COMUNISTA BRASILEIRO,,21,280002551975,EDMILSON SILVA COSTA,EDMILSON COSTA,08/04/1950,10,Válido,nao,,3,0.06,0.056095737,CLEUSA DOS SANTOS,CLEUSA SANTOS,PCB,v,,,,,04/10/2026 19:03:13,sim
1,04/10/2026,6257,Presidente,1,municipio,PB,21997,2514909,SÃO MAMEDE,,,,,PARTIDO SOCIALISTA  DOS TRABALHADORES UNIFICADO,i,PSTU,0,16,PSTU,PARTIDO SOCIALISTA  DOS TRABALHADORES UNIFICADO,,16,280002541457,HERTZ DA CONCEICAO DIAS,HERTZ DIAS,20/10/1970,8,Válido,nao,,0,0.00,0,VANESSA PORTUGAL BARBOSA,VANESSA PORTUGAL,PSTU,v,,,,,04/10/2026 19:03:13,sim
1,04/10/2026,6257,Presidente,1,municipio,PB,21997,2514909,SÃO MAMEDE,,,,,BRASIL DOS NOSSOS SONHOS,c,AGIR / AVANTE,,70,AVANTE,AVANTE,,70,280002551547,AUGUSTO JORGE CURY,ESCRITOR AUGUSTO CURY,02/10/1958,3,Válido,nao,,162,3.03,3.029169783,JULIO CESAR DELGADO,JÚLIO DELGADO,AVANTE,v,,,,,04/10/2026 19:03:13,sim
1,04/10/2026,6257,Presidente,1,municipio,PB,21997,2514909,SÃO MAMEDE,,,,,PARTIDO NOVO,i,NOVO,0,30,NOVO,PARTIDO NOVO,,30,280002539826,ROMEU ZEMA NETO,ZEMA,28/10/1964,6,Válido,nao,,4,0.07,0.074794316,LUIS EDUARDO GRANGEIRO GIRÃO,EDUARDO GIRÃO,NOVO,v,,,,,04/10/2026 19:03:13,sim
1,04/10/2026,6257,Presidente,1,municipio,PB,21997,2514909,SÃO MAMEDE,,,,,UNIDADE POPULAR,i,UP,0,80,UP,UNIDADE POPULAR,,80,280002538811,SAMARA MARTINS DA SILVA FEITOSA,SAMARA,31/08/1987,7,Válido,nao,,0,0.00,0,RAQUEL NONATO DE BRICIO,RAQUEL BRÍCIO,UP,v,,,,,04/10/2026 19:03:13,sim
1,04/10/2026,6257,Presidente,1,municipio,PB,21997,2514909,SÃO MAMEDE,,,,,DEMOCRATA,i,DEMOCRATA,0,35,DEMOCRATA,DEMOCRATA,,35,280002548139,WILSON GRASSI JUNIOR,VETERINÁRIO WILSON GRASSI,13/03/1970,11,Válido,nao,,0,0.00,0,SUÊD HAIDAR NOGUEIRA,SUÊD HAIDAR,DEMOCRATA,v,,,,,04/10/2026 19:03:13,sim
1,04/10/2026,6257,Presidente,1,municipio,PB,21997,2514909,SÃO MAMEDE,,,,,PARTIDO MISSÃO,i,MISSÃO,0,14,MISSÃO,PARTIDO MISSÃO,,14,280002540694,RENAN ANTONIO FERREIRA DOS SANTOS,RENAN SANTOS,14/02/1984,5,Válido,nao,,61,1.14,1.140613313,AROLDO MEDINA,CORONEL MEDINA,MISSÃO,v,,,,,04/10/2026 19:03:13,sim
1,04/10/2026,6257,Presidente,1,municipio,PB,21997,2514909,SÃO MAMEDE,,,,,PARTIDO DA CAUSA OPERÁRIA,i,PCO,0,29,PCO,PARTIDO DA CAUSA OPERÁRIA,,29,280002552487,RUI COSTA PIMENTA,RUI COSTA PIMENTA,25/06/1957,12,Válido,nao,,1,0.02,0.018698579,ANTONIO CARLOS SILVA,ANTÔNIO CARLOS,PCO,v,,,,,04/10/2026 19:03:13,sim
1,04/10/2026,6257,Presidente,1,municipio,PB,22012,2515005,SÃO MIGUEL DE TAIPU,,,,,PARTIDO LIBERAL,i,PL,0,22,PL,PARTIDO LIBERAL,,22,280002551544,FLAVIO NANTES BOLSONARO,FLAVIO BOLSONARO,30/04/1981,1,Válido,nao,,2023,40.08,40.075277338,ALFREDO GASPAR DE MENDONÇA NETO,ALFREDO GASPAR,PL,v,,,,,04/10/2026 20:14:16,sim
1,04/10/2026,6257,Presidente,1,municipio,PB,22012,2515005,SÃO MIGUEL DE TAIPU,,,,,PARTIDO SOCIAL DEMOCRÁTICO,i,PSD,0,55,PSD,PARTIDO SOCIAL DEMOCRÁTICO,,55,280002551932,RONALDO RAMOS CAIADO,RONALDO CAIADO,25/09/1949,5,Válido,nao,,32,0.63,0.633914422,GILBERTO KASSAB,GILBERTO KASSAB,PSD,v,,,,,04/10/2026 20:14:16,sim
1,04/10/2026,6257,Presidente,1,municipio,PB,22012,2515005,SÃO MIGUEL DE TAIPU,,PT/PC do B/PV,FEDERAÇÃO BRASIL DA ESPERANÇA - FE BRASIL,PT/PC do B/PV,BRASIL PRONTO PRA MAIS,c,PSB / PDT / PCDOB / PT / PV / PSOL / REDE,,13,PT,PARTIDO DOS TRABALHADORES,101,13,280002542548,LUIZ INÁCIO LULA DA SILVA,LULA,06/10/1945,2,Válido,nao,,2823,55.92,55.923137876,GERALDO JOSE RODRIGUES ALCKMIN FILHO,GERALDO ALCKMIN,PSB,v,,,,,04/10/2026 20:14:16,sim
1,04/10/2026,6257,Presidente,1,municipio,PB,22012,2515005,SÃO MIGUEL DE TAIPU,,,,,DEMOCRACIA CRISTÃ,i,DC,0,27,DC,DEMOCRACIA CRISTÃ,,27,280002552484,CLARIANA ZACARKIM BARAO,CLARIANA BARAO,03/04/1987,9,Válido,nao,,0,0.00,0,FABIANA CRISTINA TAVARES TORQUATO,FABIANA TORQUATO,DC,v,,,,,04/10/2026 20:14:16,sim
1,04/10/2026,6257,Presidente,1,municipio,PB,22012,2515005,SÃO MIGUEL DE TAIPU,,,,,PARTIDO COMUNISTA BRASILEIRO,i,PCB,0,21,PCB,PARTIDO COMUNISTA BRASILEIRO,,21,280002551975,EDMILSON SILVA COSTA,EDMILSON COSTA,08/04/1950,10,Válido,nao,,1,0.02,0.019809826,CLEUSA DOS SANTOS,CLEUSA SANTOS,PCB,v,,,,,04/10/2026 20:14:16,sim
1,04/10/2026,6257,Presidente,1,municipio,PB,22012,2515005,SÃO MIGUEL DE TAIPU,,,,,PARTIDO SOCIALISTA  DOS TRABALHADORES UNIFICADO,i,PSTU,0,16,PSTU,PARTIDO SOCIALISTA  DOS TRABALHADORES UNIFICADO,,16,280002541457,HERTZ DA CONCEICAO DIAS,HERTZ DIAS,20/10/1970,8,Válido,nao,,1,0.02,0.019809826,VANESSA PORTUGAL BARBOSA,VANESSA PORTUGAL,PSTU,v,,,,,04/10/2026 20:14:16,sim
1,04/10/2026,6257,Presidente,1,municipio,PB,22012,2515005,SÃO MIGUEL DE TAIPU,,,,,BRASIL DOS NOSSOS SONHOS,c,AGIR / AVANTE,,70,AVANTE,AVANTE,,70,280002551547,AUGUSTO JORGE CURY,ESCRITOR AUGUSTO CURY,02/10/1958,3,Válido,nao,,111,2.20,2.198890650,JULIO CESAR DELGADO,JÚLIO DELGADO,AVANTE,v,,,,,04/10/2026 20:14:16,sim
1,04/10/2026,6257,Presidente,1,municipio,PB,22012,2515005,SÃO MIGUEL DE TAIPU,,,,,PARTIDO NOVO,i,NOVO,0,30,NOVO,PARTIDO NOVO,,30,280002539826,ROMEU ZEMA NETO,ZEMA,28/10/1964,6,Válido,nao,,5,0.10,0.099049128,LUIS EDUARDO GRANGEIRO GIRÃO,EDUARDO GIRÃO,NOVO,v,,,,,04/10/2026 20:14:16,sim
1,04/10/2026,6257,Presidente,1,municipio,PB,22012,2515005,SÃO MIGUEL DE TAIPU,,,,,UNIDADE POPULAR,i,UP,0,80,UP,UNIDADE POPULAR,,80,280002538811,SAMARA MARTINS DA SILVA FEITOSA,SAMARA,31/08/1987,7,Válido,nao,,0,0.00,0,RAQUEL NONATO DE BRICIO,RAQUEL BRÍCIO,UP,v,,,,,04/10/2026 20:14:16,sim
1,04/10/2026,6257,Presidente,1,municipio,PB,22012,2515005,SÃO MIGUEL DE TAIPU,,,,,DEMOCRATA,i,DEMOCRATA,0,35,DEMOCRATA,DEMOCRATA,,35,280002548139,WILSON GRASSI JUNIOR,VETERINÁRIO WILSON GRASSI,13/03/1970,11,Válido,nao,,0,0.00,0,SUÊD HAIDAR NOGUEIRA,SUÊD HAIDAR,DEMOCRATA,v,,,,,04/10/2026 20:14:16,sim
1,04/10/2026,6257,Presidente,1,municipio,PB,22012,2515005,SÃO MIGUEL DE TAIPU,,,,,PARTIDO MISSÃO,i,MISSÃO,0,14,MISSÃO,PARTIDO MISSÃO,,14,280002540694,RENAN ANTONIO FERREIRA DOS SANTOS,RENAN SANTOS,14/02/1984,4,Válido,nao,,52,1.03,1.030110935,AROLDO MEDINA,CORONEL MEDINA,MISSÃO,v,,,,,04/10/2026 20:14:16,sim
1,04/10/2026,6257,Presidente,1,municipio,PB,22012,2515005,SÃO MIGUEL DE TAIPU,,,,,PARTIDO DA CAUSA OPERÁRIA,i,PCO,0,29,PCO,PARTIDO DA CAUSA OPERÁRIA,,29,280002552487,RUI COSTA PIMENTA,RUI COSTA PIMENTA,25/06/1957,12,Válido,nao,,0,0.00,0,ANTONIO CARLOS SILVA,ANTÔNIO CARLOS,PCO,v,,,,,04/10/2026 20:14:16,sim
1,04/10/2026,6257,Presidente,1,municipio,PB,22039,2515104,SÃO SEBASTIÃO DE LAGOA DE ROÇA,,,,,PARTIDO LIBERAL,i,PL,0,22,PL,PARTIDO LIBERAL,,22,280002551544,FLAVIO NANTES BOLSONARO,FLAVIO BOLSONARO,30/04/1981,1,Válido,nao,,1963,28.70,28.703026758,ALFREDO GASPAR DE MENDONÇA NETO,ALFREDO GASPAR,PL,v,,,,,04/10/2026 18:50:16,sim
1,04/10/2026,6257,Presidente,1,municipio,PB,22039,2515104,SÃO SEBASTIÃO DE LAGOA DE ROÇA,,,,,PARTIDO SOCIAL DEMOCRÁTICO,i,PSD,0,55,PSD,PARTIDO SOCIAL DEMOCRÁTICO,,55,280002551932,RONALDO RAMOS CAIADO,RONALDO CAIADO,25/09/1949,4,Válido,nao,,58,0.85,0.848077204,GILBERTO KASSAB,GILBERTO KASSAB,PSD,v,,,,,04/10/2026 18:50:16,sim
1,04/10/2026,6257,Presidente,1,municipio,PB,22039,2515104,SÃO SEBASTIÃO DE LAGOA DE ROÇA,,PT/PC do B/PV,FEDERAÇÃO BRASIL DA ESPERANÇA - FE BRASIL,PT/PC do B/PV,BRASIL PRONTO PRA MAIS,c,PSB / PDT / PCDOB / PT / PV / PSOL / REDE,,13,PT,PARTIDO DOS TRABALHADORES,101,13,280002542548,LUIZ INÁCIO LULA DA SILVA,LULA,06/10/1945,2,Válido,nao,,4471,65.38,65.375054833,GERALDO JOSE RODRIGUES ALCKMIN FILHO,GERALDO ALCKMIN,PSB,v,,,,,04/10/2026 18:50:16,sim
1,04/10/2026,6257,Presidente,1,municipio,PB,22039,2515104,SÃO SEBASTIÃO DE LAGOA DE ROÇA,,,,,PARTIDO SOCIALISTA  DOS TRABALHADORES UNIFICADO,i,PSTU,0,16,PSTU,PARTIDO SOCIALISTA  DOS TRABALHADORES UNIFICADO,,16,280002541457,HERTZ DA CONCEICAO DIAS,HERTZ DIAS,20/10/1970,8,Válido,nao,,3,0.04,0.043866062,VANESSA PORTUGAL BARBOSA,VANESSA PORTUGAL,PSTU,v,,,,,04/10/2026 18:50:16,sim
1,04/10/2026,6257,Presidente,1,municipio,PB,22039,2515104,SÃO SEBASTIÃO DE LAGOA DE ROÇA,,,,,PARTIDO COMUNISTA BRASILEIRO,i,PCB,0,21,PCB,PARTIDO COMUNISTA BRASILEIRO,,21,280002551975,EDMILSON SILVA COSTA,EDMILSON COSTA,08/04/1950,10,Válido,nao,,2,0.03,0.029244042,CLEUSA DOS SANTOS,CLEUSA SANTOS,PCB,v,,,,,04/10/2026 18:50:16,sim
1,04/10/2026,6257,Presidente,1,municipio,PB,22039,2515104,SÃO SEBASTIÃO DE LAGOA DE ROÇA,,,,,DEMOCRACIA CRISTÃ,i,DC,0,27,DC,DEMOCRACIA CRISTÃ,,27,280002552484,CLARIANA ZACARKIM BARAO,CLARIANA BARAO,03/04/1987,9,Válido,nao,,0,0.00,0,FABIANA CRISTINA TAVARES TORQUATO,FABIANA TORQUATO,DC,v,,,,,04/10/2026 18:50:16,sim
1,04/10/2026,6257,Presidente,1,municipio,PB,22039,2515104,SÃO SEBASTIÃO DE LAGOA DE ROÇA,,,,,PARTIDO NOVO,i,NOVO,0,30,NOVO,PARTIDO NOVO,,30,280002539826,ROMEU ZEMA NETO,ZEMA,28/10/1964,6,Válido,nao,,4,0.06,0.058488083,LUIS EDUARDO GRANGEIRO GIRÃO,EDUARDO GIRÃO,NOVO,v,,,,,04/10/2026 18:50:16,sim
1,04/10/2026,6257,Presidente,1,municipio,PB,22039,2515104,SÃO SEBASTIÃO DE LAGOA DE ROÇA,,,,,BRASIL DOS NOSSOS SONHOS,c,AGIR / AVANTE,,70,AVANTE,AVANTE,,70,280002551547,AUGUSTO JORGE CURY,ESCRITOR AUGUSTO CURY,02/10/1958,3,Válido,nao,,208,3.04,3.041380319,JULIO CESAR DELGADO,JÚLIO DELGADO,AVANTE,v,,,,,04/10/2026 18:50:16,sim
1,04/10/2026,6257,Presidente,1,municipio,PB,22039,2515104,SÃO SEBASTIÃO DE LAGOA DE ROÇA,,,,,DEMOCRATA,i,DEMOCRATA,0,35,DEMOCRATA,DEMOCRATA,,35,280002548139,WILSON GRASSI JUNIOR,VETERINÁRIO WILSON GRASSI,13/03/1970,11,Válido,nao,,1,0.01,0.014622021,SUÊD HAIDAR NOGUEIRA,SUÊD HAIDAR,DEMOCRATA,v,,,,,04/10/2026 18:50:16,sim
1,04/10/2026,6257,Presidente,1,municipio,PB,22039,2515104,SÃO SEBASTIÃO DE LAGOA DE ROÇA,,,,,UNIDADE POPULAR,i,UP,0,80,UP,UNIDADE POPULAR,,80,280002538811,SAMARA MARTINS DA SILVA FEITOSA,SAMARA,31/08/1987,7,Válido,nao,,2,0.03,0.029244042,RAQUEL NONATO DE BRICIO,RAQUEL BRÍCIO,UP,v,,,,,04/10/2026 18:50:16,sim
1,04/10/2026,6257,Presidente,1,municipio,PB,22039,2515104,SÃO SEBASTIÃO DE LAGOA DE ROÇA,,,,,PARTIDO MISSÃO,i,MISSÃO,0,14,MISSÃO,PARTIDO MISSÃO,,14,280002540694,RENAN ANTONIO FERREIRA DOS SANTOS,RENAN SANTOS,14/02/1984,5,Válido,nao,,127,1.86,1.856996637,AROLDO MEDINA,CORONEL MEDINA,MISSÃO,v,,,,,04/10/2026 18:50:16,sim
1,04/10/2026,6257,Presidente,1,municipio,PB,22039,2515104,SÃO SEBASTIÃO DE LAGOA DE ROÇA,,,,,PARTIDO DA CAUSA OPERÁRIA,i,PCO,0,29,PCO,PARTIDO DA CAUSA OPERÁRIA,,29,280002552487,RUI COSTA PIMENTA,RUI COSTA PIMENTA,25/06/1957,12,Válido,nao,,0,0.00,0,ANTONIO CARLOS SILVA,ANTÔNIO CARLOS,PCO,v,,,,,04/10/2026 18:50:16,sim
1,04/10/2026,6257,Presidente,1,municipio,PB,22055,2515203,SÃO SEBASTIÃO DO UMBUZEIRO,,,,,PARTIDO LIBERAL,i,PL,0,22,PL,PARTIDO LIBERAL,,22,280002551544,FLAVIO NANTES BOLSONARO,FLAVIO BOLSONARO,30/04/1981,1,Válido,nao,,357,14.18,14.183551847,ALFREDO GASPAR DE MENDONÇA NETO,ALFREDO GASPAR,PL,v,,,,,04/10/2026 18:48:46,sim
1,04/10/2026,6257,Presidente,1,municipio,PB,22055,2515203,SÃO SEBASTIÃO DO UMBUZEIRO,,,,,PARTIDO SOCIAL DEMOCRÁTICO,i,PSD,0,55,PSD,PARTIDO SOCIAL DEMOCRÁTICO,,55,280002551932,RONALDO RAMOS CAIADO,RONALDO CAIADO,25/09/1949,4,Válido,nao,,9,0.36,0.357568534,GILBERTO KASSAB,GILBERTO KASSAB,PSD,v,,,,,04/10/2026 18:48:46,sim
1,04/10/2026,6257,Presidente,1,municipio,PB,22055,2515203,SÃO SEBASTIÃO DO UMBUZEIRO,,PT/PC do B/PV,FEDERAÇÃO BRASIL DA ESPERANÇA - FE BRASIL,PT/PC do B/PV,BRASIL PRONTO PRA MAIS,c,PSB / PDT / PCDOB / PT / PV / PSOL / REDE,,13,PT,PARTIDO DOS TRABALHADORES,101,13,280002542548,LUIZ INÁCIO LULA DA SILVA,LULA,06/10/1945,2,Válido,nao,,2085,82.84,82.836710369,GERALDO JOSE RODRIGUES ALCKMIN FILHO,GERALDO ALCKMIN,PSB,v,,,,,04/10/2026 18:48:46,sim
1,04/10/2026,6257,Presidente,1,municipio,PB,22055,2515203,SÃO SEBASTIÃO DO UMBUZEIRO,,,,,DEMOCRACIA CRISTÃ,i,DC,0,27,DC,DEMOCRACIA CRISTÃ,,27,280002552484,CLARIANA ZACARKIM BARAO,CLARIANA BARAO,03/04/1987,9,Válido,nao,,1,0.04,0.039729837,FABIANA CRISTINA TAVARES TORQUATO,FABIANA TORQUATO,DC,v,,,,,04/10/2026 18:48:46,sim
1,04/10/2026,6257,Presidente,1,municipio,PB,22055,2515203,SÃO SEBASTIÃO DO UMBUZEIRO,,,,,PARTIDO COMUNISTA BRASILEIRO,i,PCB,0,21,PCB,PARTIDO COMUNISTA BRASILEIRO,,21,280002551975,EDMILSON SILVA COSTA,EDMILSON COSTA,08/04/1950,10,Válido,nao,,0,0.00,0,CLEUSA DOS SANTOS,CLEUSA SANTOS,PCB,v,,,,,04/10/2026 18:48:46,sim
1,04/10/2026,6257,Presidente,1,municipio,PB,22055,2515203,SÃO SEBASTIÃO DO UMBUZEIRO,,,,,PARTIDO SOCIALISTA  DOS TRABALHADORES UNIFICADO,i,PSTU,0,16,PSTU,PARTIDO SOCIALISTA  DOS TRABALHADORES UNIFICADO,,16,280002541457,HERTZ DA CONCEICAO DIAS,HERTZ DIAS,20/10/1970,8,Válido,nao,,1,0.04,0.039729837,VANESSA PORTUGAL BARBOSA,VANESSA PORTUGAL,PSTU,v,,,,,04/10/2026 18:48:46,sim
1,04/10/2026,6257,Presidente,1,municipio,PB,22055,2515203,SÃO SEBASTIÃO DO UMBUZEIRO,,,,,BRASIL DOS NOSSOS SONHOS,c,AGIR / AVANTE,,70,AVANTE,AVANTE,,70,280002551547,AUGUSTO JORGE CURY,ESCRITOR AUGUSTO CURY,02/10/1958,3,Válido,nao,,42,1.67,1.668653159,JULIO CESAR DELGADO,JÚLIO DELGADO,AVANTE,v,,,,,04/10/2026 18:48:46,sim
1,04/10/2026,6257,Presidente,1,municipio,PB,22055,2515203,SÃO SEBASTIÃO DO UMBUZEIRO,,,,,PARTIDO NOVO,i,NOVO,0,30,NOVO,PARTIDO NOVO,,30,280002539826,ROMEU ZEMA NETO,ZEMA,28/10/1964,6,Válido,nao,,0,0.00,0,LUIS EDUARDO GRANGEIRO GIRÃO,EDUARDO GIRÃO,NOVO,v,,,,,04/10/2026 18:48:46,sim
1,04/10/2026,6257,Presidente,1,municipio,PB,22055,2515203,SÃO SEBASTIÃO DO UMBUZEIRO,,,,,UNIDADE POPULAR,i,UP,0,80,UP,UNIDADE POPULAR,,80,280002538811,SAMARA MARTINS DA SILVA FEITOSA,SAMARA,31/08/1987,7,Válido,nao,,0,0.00,0,RAQUEL NONATO DE BRICIO,RAQUEL BRÍCIO,UP,v,,,,,04/10/2026 18:48:46,sim
1,04/10/2026,6257,Presidente,1,municipio,PB,22055,2515203,SÃO SEBASTIÃO DO UMBUZEIRO,,,,,DEMOCRATA,i,DEMOCRATA,0,35,DEMOCRATA,DEMOCRATA,,35,280002548139,WILSON GRASSI JUNIOR,VETERINÁRIO WILSON GRASSI,13/03/1970,11,Válido,nao,,0,0.00,0,SUÊD HAIDAR NOGUEIRA,SUÊD HAIDAR,DEMOCRATA,v,,,,,04/10/2026 18:48:46,sim
1,04/10/2026,6257,Presidente,1,municipio,PB,22055,2515203,SÃO SEBASTIÃO DO UMBUZEIRO,,,,,PARTIDO MISSÃO,i,MISSÃO,0,14,MISSÃO,PARTIDO MISSÃO,,14,280002540694,RENAN ANTONIO FERREIRA DOS SANTOS,RENAN SANTOS,14/02/1984,5,Válido,nao,,22,0.87,0.874056416,AROLDO MEDINA,CORONEL MEDINA,MISSÃO,v,,,,,04/10/2026 18:48:46,sim
1,04/10/2026,6257,Presidente,1,municipio,PB,22055,2515203,SÃO SEBASTIÃO DO UMBUZEIRO,,,,,PARTIDO DA CAUSA OPERÁRIA,i,PCO,0,29,PCO,PARTIDO DA CAUSA OPERÁRIA,,29,280002552487,RUI COSTA PIMENTA,RUI COSTA PIMENTA,25/06/1957,12,Válido,nao,,0,0.00,0,ANTONIO CARLOS SILVA,ANTÔNIO CARLOS,PCO,v,,,,,04/10/2026 18:48:46,sim
1,04/10/2026,6257,Presidente,1,municipio,PB,22071,2515302,SAPÉ,,,,,PARTIDO LIBERAL,i,PL,0,22,PL,PARTIDO LIBERAL,,22,280002551544,FLAVIO NANTES BOLSONARO,FLAVIO BOLSONARO,30/04/1981,1,Válido,nao,,9366,32.29,32.292097642,ALFREDO GASPAR DE MENDONÇA NETO,ALFREDO GASPAR,PL,v,,,,,04/10/2026 19:13:47,sim
1,04/10/2026,6257,Presidente,1,municipio,PB,22071,2515302,SAPÉ,,,,,PARTIDO SOCIAL DEMOCRÁTICO,i,PSD,0,55,PSD,PARTIDO SOCIAL DEMOCRÁTICO,,55,280002551932,RONALDO RAMOS CAIADO,RONALDO CAIADO,25/09/1949,5,Válido,nao,,226,0.78,0.779202869,GILBERTO KASSAB,GILBERTO KASSAB,PSD,v,,,,,04/10/2026 19:13:47,sim
1,04/10/2026,6257,Presidente,1,municipio,PB,22071,2515302,SAPÉ,,PT/PC do B/PV,FEDERAÇÃO BRASIL DA ESPERANÇA - FE BRASIL,PT/PC do B/PV,BRASIL PRONTO PRA MAIS,c,PSB / PDT / PCDOB / PT / PV / PSOL / REDE,,13,PT,PARTIDO DOS TRABALHADORES,101,13,280002542548,LUIZ INÁCIO LULA DA SILVA,LULA,06/10/1945,2,Válido,nao,,18302,63.10,63.101641153,GERALDO JOSE RODRIGUES ALCKMIN FILHO,GERALDO ALCKMIN,PSB,v,,,,,04/10/2026 19:13:47,sim
1,04/10/2026,6257,Presidente,1,municipio,PB,22071,2515302,SAPÉ,,,,,DEMOCRACIA CRISTÃ,i,DC,0,27,DC,DEMOCRACIA CRISTÃ,,27,280002552484,CLARIANA ZACARKIM BARAO,CLARIANA BARAO,03/04/1987,9,Válido,nao,,3,0.01,0.010343401,FABIANA CRISTINA TAVARES TORQUATO,FABIANA TORQUATO,DC,v,,,,,04/10/2026 19:13:47,sim
1,04/10/2026,6257,Presidente,1,municipio,PB,22071,2515302,SAPÉ,,,,,PARTIDO COMUNISTA BRASILEIRO,i,PCB,0,21,PCB,PARTIDO COMUNISTA BRASILEIRO,,21,280002551975,EDMILSON SILVA COSTA,EDMILSON COSTA,08/04/1950,10,Válido,nao,,7,0.02,0.024134602,CLEUSA DOS SANTOS,CLEUSA SANTOS,PCB,v,,,,,04/10/2026 19:13:47,sim
1,04/10/2026,6257,Presidente,1,municipio,PB,22071,2515302,SAPÉ,,,,,PARTIDO SOCIALISTA  DOS TRABALHADORES UNIFICADO,i,PSTU,0,16,PSTU,PARTIDO SOCIALISTA  DOS TRABALHADORES UNIFICADO,,16,280002541457,HERTZ DA CONCEICAO DIAS,HERTZ DIAS,20/10/1970,8,Válido,nao,,7,0.02,0.024134602,VANESSA PORTUGAL BARBOSA,VANESSA PORTUGAL,PSTU,v,,,,,04/10/2026 19:13:47,sim
1,04/10/2026,6257,Presidente,1,municipio,PB,22071,2515302,SAPÉ,,,,,BRASIL DOS NOSSOS SONHOS,c,AGIR / AVANTE,,70,AVANTE,AVANTE,,70,280002551547,AUGUSTO JORGE CURY,ESCRITOR AUGUSTO CURY,02/10/1958,3,Válido,nao,,673,2.32,2.320369604,JULIO CESAR DELGADO,JÚLIO DELGADO,AVANTE,v,,,,,04/10/2026 19:13:47,sim
1,04/10/2026,6257,Presidente,1,municipio,PB,22071,2515302,SAPÉ,,,,,PARTIDO NOVO,i,NOVO,0,30,NOVO,PARTIDO NOVO,,30,280002539826,ROMEU ZEMA NETO,ZEMA,28/10/1964,6,Válido,nao,,22,0.08,0.075851607,LUIS EDUARDO GRANGEIRO GIRÃO,EDUARDO GIRÃO,NOVO,v,,,,,04/10/2026 19:13:47,sim
1,04/10/2026,6257,Presidente,1,municipio,PB,22071,2515302,SAPÉ,,,,,UNIDADE POPULAR,i,UP,0,80,UP,UNIDADE POPULAR,,80,280002538811,SAMARA MARTINS DA SILVA FEITOSA,SAMARA,31/08/1987,7,Válido,nao,,10,0.03,0.034478003,RAQUEL NONATO DE BRICIO,RAQUEL BRÍCIO,UP,v,,,,,04/10/2026 19:13:47,sim
1,04/10/2026,6257,Presidente,1,municipio,PB,22071,2515302,SAPÉ,,,,,DEMOCRATA,i,DEMOCRATA,0,35,DEMOCRATA,DEMOCRATA,,35,280002548139,WILSON GRASSI JUNIOR,VETERINÁRIO WILSON GRASSI,13/03/1970,11,Válido,nao,,4,0.01,0.013791201,SUÊD HAIDAR NOGUEIRA,SUÊD HAIDAR,DEMOCRATA,v,,,,,04/10/2026 19:13:47,sim
1,04/10/2026,6257,Presidente,1,municipio,PB,22071,2515302,SAPÉ,,,,,PARTIDO MISSÃO,i,MISSÃO,0,14,MISSÃO,PARTIDO MISSÃO,,14,280002540694,RENAN ANTONIO FERREIRA DOS SANTOS,RENAN SANTOS,14/02/1984,4,Válido,nao,,381,1.31,1.313611916,AROLDO MEDINA,CORONEL MEDINA,MISSÃO,v,,,,,04/10/2026 19:13:47,sim
1,04/10/2026,6257,Presidente,1,municipio,PB,22071,2515302,SAPÉ,,,,,PARTIDO DA CAUSA OPERÁRIA,i,PCO,0,29,PCO,PARTIDO DA CAUSA OPERÁRIA,,29,280002552487,RUI COSTA PIMENTA,RUI COSTA PIMENTA,25/06/1957,12,Válido,nao,,3,0.01,0.010343401,ANTONIO CARLOS SILVA,ANTÔNIO CARLOS,PCO,v,,,,,04/10/2026 19:13:47,sim
1,04/10/2026,6257,Presidente,1,municipio,PB,22098,2515401,SÃO VICENTE DO SERIDÓ,,,,,PARTIDO LIBERAL,i,PL,0,22,PL,PARTIDO LIBERAL,,22,280002551544,FLAVIO NANTES BOLSONARO,FLAVIO BOLSONARO,30/04/1981,1,Válido,nao,,1370,19.40,19.396856860,ALFREDO GASPAR DE MENDONÇA NETO,ALFREDO GASPAR,PL,v,,,,,04/10/2026 18:44:46,sim
1,04/10/2026,6257,Presidente,1,municipio,PB,22098,2515401,SÃO VICENTE DO SERIDÓ,,,,,PARTIDO SOCIAL DEMOCRÁTICO,i,PSD,0,55,PSD,PARTIDO SOCIAL DEMOCRÁTICO,,55,280002551932,RONALDO RAMOS CAIADO,RONALDO CAIADO,25/09/1949,4,Válido,nao,,41,0.58,0.580489877,GILBERTO KASSAB,GILBERTO KASSAB,PSD,v,,,,,04/10/2026 18:44:46,sim
1,04/10/2026,6257,Presidente,1,municipio,PB,22098,2515401,SÃO VICENTE DO SERIDÓ,,PT/PC do B/PV,FEDERAÇÃO BRASIL DA ESPERANÇA - FE BRASIL,PT/PC do B/PV,BRASIL PRONTO PRA MAIS,c,PSB / PDT / PCDOB / PT / PV / PSOL / REDE,,13,PT,PARTIDO DOS TRABALHADORES,101,13,280002542548,LUIZ INÁCIO LULA DA SILVA,LULA,06/10/1945,2,Válido,nao,,5352,75.78,75.775166360,GERALDO JOSE RODRIGUES ALCKMIN FILHO,GERALDO ALCKMIN,PSB,v,,,,,04/10/2026 18:44:46,sim
1,04/10/2026,6257,Presidente,1,municipio,PB,22098,2515401,SÃO VICENTE DO SERIDÓ,,,,,DEMOCRACIA CRISTÃ,i,DC,0,27,DC,DEMOCRACIA CRISTÃ,,27,280002552484,CLARIANA ZACARKIM BARAO,CLARIANA BARAO,03/04/1987,9,Válido,nao,,2,0.03,0.028316579,FABIANA CRISTINA TAVARES TORQUATO,FABIANA TORQUATO,DC,v,,,,,04/10/2026 18:44:46,sim
1,04/10/2026,6257,Presidente,1,municipio,PB,22098,2515401,SÃO VICENTE DO SERIDÓ,,,,,PARTIDO COMUNISTA BRASILEIRO,i,PCB,0,21,PCB,PARTIDO COMUNISTA BRASILEIRO,,21,280002551975,EDMILSON SILVA COSTA,EDMILSON COSTA,08/04/1950,10,Válido,nao,,0,0.00,0,CLEUSA DOS SANTOS,CLEUSA SANTOS,PCB,v,,,,,04/10/2026 18:44:46,sim
1,04/10/2026,6257,Presidente,1,municipio,PB,22098,2515401,SÃO VICENTE DO SERIDÓ,,,,,PARTIDO SOCIALISTA  DOS TRABALHADORES UNIFICADO,i,PSTU,0,16,PSTU,PARTIDO SOCIALISTA  DOS TRABALHADORES UNIFICADO,,16,280002541457,HERTZ DA CONCEICAO DIAS,HERTZ DIAS,20/10/1970,8,Válido,nao,,0,0.00,0,VANESSA PORTUGAL BARBOSA,VANESSA PORTUGAL,PSTU,v,,,,,04/10/2026 18:44:46,sim
1,04/10/2026,6257,Presidente,1,municipio,PB,22098,2515401,SÃO VICENTE DO SERIDÓ,,,,,BRASIL DOS NOSSOS SONHOS,c,AGIR / AVANTE,,70,AVANTE,AVANTE,,70,280002551547,AUGUSTO JORGE CURY,ESCRITOR AUGUSTO CURY,02/10/1958,3,Válido,nao,,219,3.10,3.100665440,JULIO CESAR DELGADO,JÚLIO DELGADO,AVANTE,v,,,,,04/10/2026 18:44:46,sim
1,04/10/2026,6257,Presidente,1,municipio,PB,22098,2515401,SÃO VICENTE DO SERIDÓ,,,,,PARTIDO NOVO,i,NOVO,0,30,NOVO,PARTIDO NOVO,,30,280002539826,ROMEU ZEMA NETO,ZEMA,28/10/1964,6,Válido,nao,,7,0.10,0.099108028,LUIS EDUARDO GRANGEIRO GIRÃO,EDUARDO GIRÃO,NOVO,v,,,,,04/10/2026 18:44:46,sim
1,04/10/2026,6257,Presidente,1,municipio,PB,22098,2515401,SÃO VICENTE DO SERIDÓ,,,,,UNIDADE POPULAR,i,UP,0,80,UP,UNIDADE POPULAR,,80,280002538811,SAMARA MARTINS DA SILVA FEITOSA,SAMARA,31/08/1987,7,Válido,nao,,2,0.03,0.028316579,RAQUEL NONATO DE BRICIO,RAQUEL BRÍCIO,UP,v,,,,,04/10/2026 18:44:46,sim
1,04/10/2026,6257,Presidente,1,municipio,PB,22098,2515401,SÃO VICENTE DO SERIDÓ,,,,,DEMOCRATA,i,DEMOCRATA,0,35,DEMOCRATA,DEMOCRATA,,35,280002548139,WILSON GRASSI JUNIOR,VETERINÁRIO WILSON GRASSI,13/03/1970,11,Válido,nao,,2,0.03,0.028316579,SUÊD HAIDAR NOGUEIRA,SUÊD HAIDAR,DEMOCRATA,v,,,,,04/10/2026 18:44:46,sim
1,04/10/2026,6257,Presidente,1,municipio,PB,22098,2515401,SÃO VICENTE DO SERIDÓ,,,,,PARTIDO MISSÃO,i,MISSÃO,0,14,MISSÃO,PARTIDO MISSÃO,,14,280002540694,RENAN ANTONIO FERREIRA DOS SANTOS,RENAN SANTOS,14/02/1984,5,Válido,nao,,67,0.95,0.948605408,AROLDO MEDINA,CORONEL MEDINA,MISSÃO,v,,,,,04/10/2026 18:44:46,sim
1,04/10/2026,6257,Presidente,1,municipio,PB,22098,2515401,SÃO VICENTE DO SERIDÓ,,,,,PARTIDO DA CAUSA OPERÁRIA,i,PCO,0,29,PCO,PARTIDO DA CAUSA OPERÁRIA,,29,280002552487,RUI COSTA PIMENTA,RUI COSTA PIMENTA,25/06/1957,12,Válido,nao,,1,0.01,0.014158290,ANTONIO CARLOS SILVA,ANTÔNIO CARLOS,PCO,v,,,,,04/10/2026 18:44:46,sim
1,04/10/2026,6257,Presidente,1,municipio,PB,22110,2515500,SERRA BRANCA,,,,,PARTIDO LIBERAL,i,PL,0,22,PL,PARTIDO LIBERAL,,22,280002551544,FLAVIO NANTES BOLSONARO,FLAVIO BOLSONARO,30/04/1981,1,Válido,nao,,2291,27.22,27.215490615,ALFREDO GASPAR DE MENDONÇA NETO,ALFREDO GASPAR,PL,v,,,,,04/10/2026 19:22:13,sim
1,04/10/2026,6257,Presidente,1,municipio,PB,22110,2515500,SERRA BRANCA,,,,,PARTIDO SOCIAL DEMOCRÁTICO,i,PSD,0,55,PSD,PARTIDO SOCIAL DEMOCRÁTICO,,55,280002551932,RONALDO RAMOS CAIADO,RONALDO CAIADO,25/09/1949,5,Válido,nao,,46,0.55,0.546448087,GILBERTO KASSAB,GILBERTO KASSAB,PSD,v,,,,,04/10/2026 19:22:13,sim
1,04/10/2026,6257,Presidente,1,municipio,PB,22110,2515500,SERRA BRANCA,,PT/PC do B/PV,FEDERAÇÃO BRASIL DA ESPERANÇA - FE BRASIL,PT/PC do B/PV,BRASIL PRONTO PRA MAIS,c,PSB / PDT / PCDOB / PT / PV / PSOL / REDE,,13,PT,PARTIDO DOS TRABALHADORES,101,13,280002542548,LUIZ INÁCIO LULA DA SILVA,LULA,06/10/1945,2,Válido,nao,,5775,68.60,68.602993585,GERALDO JOSE RODRIGUES ALCKMIN FILHO,GERALDO ALCKMIN,PSB,v,,,,,04/10/2026 19:22:13,sim
1,04/10/2026,6257,Presidente,1,municipio,PB,22110,2515500,SERRA BRANCA,,,,,DEMOCRACIA CRISTÃ,i,DC,0,27,DC,DEMOCRACIA CRISTÃ,,27,280002552484,CLARIANA ZACARKIM BARAO,CLARIANA BARAO,03/04/1987,9,Válido,nao,,1,0.01,0.011879306,FABIANA CRISTINA TAVARES TORQUATO,FABIANA TORQUATO,DC,v,,,,,04/10/2026 19:22:13,sim
1,04/10/2026,6257,Presidente,1,municipio,PB,22110,2515500,SERRA BRANCA,,,,,PARTIDO COMUNISTA BRASILEIRO,i,PCB,0,21,PCB,PARTIDO COMUNISTA BRASILEIRO,,21,280002551975,EDMILSON SILVA COSTA,EDMILSON COSTA,08/04/1950,10,Válido,nao,,0,0.00,0,CLEUSA DOS SANTOS,CLEUSA SANTOS,PCB,v,,,,,04/10/2026 19:22:13,sim
1,04/10/2026,6257,Presidente,1,municipio,PB,22110,2515500,SERRA BRANCA,,,,,PARTIDO SOCIALISTA  DOS TRABALHADORES UNIFICADO,i,PSTU,0,16,PSTU,PARTIDO SOCIALISTA  DOS TRABALHADORES UNIFICADO,,16,280002541457,HERTZ DA CONCEICAO DIAS,HERTZ DIAS,20/10/1970,8,Válido,nao,,1,0.01,0.011879306,VANESSA PORTUGAL BARBOSA,VANESSA PORTUGAL,PSTU,v,,,,,04/10/2026 19:22:13,sim
1,04/10/2026,6257,Presidente,1,municipio,PB,22110,2515500,SERRA BRANCA,,,,,BRASIL DOS NOSSOS SONHOS,c,AGIR / AVANTE,,70,AVANTE,AVANTE,,70,280002551547,AUGUSTO JORGE CURY,ESCRITOR AUGUSTO CURY,02/10/1958,3,Válido,nao,,148,1.76,1.758137325,JULIO CESAR DELGADO,JÚLIO DELGADO,AVANTE,v,,,,,04/10/2026 19:22:13,sim
1,04/10/2026,6257,Presidente,1,municipio,PB,22110,2515500,SERRA BRANCA,,,,,PARTIDO NOVO,i,NOVO,0,30,NOVO,PARTIDO NOVO,,30,280002539826,ROMEU ZEMA NETO,ZEMA,28/10/1964,6,Válido,nao,,7,0.08,0.083155144,LUIS EDUARDO GRANGEIRO GIRÃO,EDUARDO GIRÃO,NOVO,v,,,,,04/10/2026 19:22:13,sim
1,04/10/2026,6257,Presidente,1,municipio,PB,22110,2515500,SERRA BRANCA,,,,,UNIDADE POPULAR,i,UP,0,80,UP,UNIDADE POPULAR,,80,280002538811,SAMARA MARTINS DA SILVA FEITOSA,SAMARA,31/08/1987,7,Válido,nao,,8,0.10,0.095034450,RAQUEL NONATO DE BRICIO,RAQUEL BRÍCIO,UP,v,,,,,04/10/2026 19:22:13,sim
1,04/10/2026,6257,Presidente,1,municipio,PB,22110,2515500,SERRA BRANCA,,,,,DEMOCRATA,i,DEMOCRATA,0,35,DEMOCRATA,DEMOCRATA,,35,280002548139,WILSON GRASSI JUNIOR,VETERINÁRIO WILSON GRASSI,13/03/1970,11,Válido,nao,,0,0.00,0,SUÊD HAIDAR NOGUEIRA,SUÊD HAIDAR,DEMOCRATA,v,,,,,04/10/2026 19:22:13,sim
1,04/10/2026,6257,Presidente,1,municipio,PB,22110,2515500,SERRA BRANCA,,,,,PARTIDO MISSÃO,i,MISSÃO,0,14,MISSÃO,PARTIDO MISSÃO,,14,280002540694,RENAN ANTONIO FERREIRA DOS SANTOS,RENAN SANTOS,14/02/1984,4,Válido,nao,,141,1.67,1.674982181,AROLDO MEDINA,CORONEL MEDINA,MISSÃO,v,,,,,04/10/2026 19:22:13,sim
1,04/10/2026,6257,Presidente,1,municipio,PB,22110,2515500,SERRA BRANCA,,,,,PARTIDO DA CAUSA OPERÁRIA,i,PCO,0,29,PCO,PARTIDO DA CAUSA OPERÁRIA,,29,280002552487,RUI COSTA PIMENTA,RUI COSTA PIMENTA,25/06/1957,12,Válido,nao,,0,0.00,0,ANTONIO CARLOS SILVA,ANTÔNIO CARLOS,PCO,v,,,,,04/10/2026 19:22:13,sim
1,04/10/2026,6257,Presidente,1,municipio,PB,22136,2515609,SERRA DA RAIZ,,,,,PARTIDO LIBERAL,i,PL,0,22,PL,PARTIDO LIBERAL,,22,280002551544,FLAVIO NANTES BOLSONARO,FLAVIO BOLSONARO,30/04/1981,1,Válido,nao,,738,30.45,30.445544554,ALFREDO GASPAR DE MENDONÇA NETO,ALFREDO GASPAR,PL,v,,,,,04/10/2026 17:58:52,sim
1,04/10/2026,6257,Presidente,1,municipio,PB,22136,2515609,SERRA DA RAIZ,,,,,PARTIDO SOCIAL DEMOCRÁTICO,i,PSD,0,55,PSD,PARTIDO SOCIAL DEMOCRÁTICO,,55,280002551932,RONALDO RAMOS CAIADO,RONALDO CAIADO,25/09/1949,4,Válido,nao,,18,0.74,0.742574257,GILBERTO KASSAB,GILBERTO KASSAB,PSD,v,,,,,04/10/2026 17:58:52,sim
1,04/10/2026,6257,Presidente,1,municipio,PB,22136,2515609,SERRA DA RAIZ,,PT/PC do B/PV,FEDERAÇÃO BRASIL DA ESPERANÇA - FE BRASIL,PT/PC do B/PV,BRASIL PRONTO PRA MAIS,c,PSB / PDT / PCDOB / PT / PV / PSOL / REDE,,13,PT,PARTIDO DOS TRABALHADORES,101,13,280002542548,LUIZ INÁCIO LULA DA SILVA,LULA,06/10/1945,2,Válido,nao,,1584,65.35,65.346534653,GERALDO JOSE RODRIGUES ALCKMIN FILHO,GERALDO ALCKMIN,PSB,v,,,,,04/10/2026 17:58:52,sim
1,04/10/2026,6257,Presidente,1,municipio,PB,22136,2515609,SERRA DA RAIZ,,,,,DEMOCRACIA CRISTÃ,i,DC,0,27,DC,DEMOCRACIA CRISTÃ,,27,280002552484,CLARIANA ZACARKIM BARAO,CLARIANA BARAO,03/04/1987,8,Válido,nao,,0,0.00,0,FABIANA CRISTINA TAVARES TORQUATO,FABIANA TORQUATO,DC,v,,,,,04/10/2026 17:58:52,sim
1,04/10/2026,6257,Presidente,1,municipio,PB,22136,2515609,SERRA DA RAIZ,,,,,PARTIDO COMUNISTA BRASILEIRO,i,PCB,0,21,PCB,PARTIDO COMUNISTA BRASILEIRO,,21,280002551975,EDMILSON SILVA COSTA,EDMILSON COSTA,08/04/1950,10,Válido,nao,,1,0.04,0.041254125,CLEUSA DOS SANTOS,CLEUSA SANTOS,PCB,v,,,,,04/10/2026 17:58:52,sim
1,04/10/2026,6257,Presidente,1,municipio,PB,22136,2515609,SERRA DA RAIZ,,,,,PARTIDO SOCIALISTA  DOS TRABALHADORES UNIFICADO,i,PSTU,0,16,PSTU,PARTIDO SOCIALISTA  DOS TRABALHADORES UNIFICADO,,16,280002541457,HERTZ DA CONCEICAO DIAS,HERTZ DIAS,20/10/1970,9,Válido,nao,,1,0.04,0.041254125,VANESSA PORTUGAL BARBOSA,VANESSA PORTUGAL,PSTU,v,,,,,04/10/2026 17:58:52,sim
1,04/10/2026,6257,Presidente,1,municipio,PB,22136,2515609,SERRA DA RAIZ,,,,,BRASIL DOS NOSSOS SONHOS,c,AGIR / AVANTE,,70,AVANTE,AVANTE,,70,280002551547,AUGUSTO JORGE CURY,ESCRITOR AUGUSTO CURY,02/10/1958,3,Válido,nao,,51,2.10,2.103960396,JULIO CESAR DELGADO,JÚLIO DELGADO,AVANTE,v,,,,,04/10/2026 17:58:52,sim
1,04/10/2026,6257,Presidente,1,municipio,PB,22136,2515609,SERRA DA RAIZ,,,,,PARTIDO NOVO,i,NOVO,0,30,NOVO,PARTIDO NOVO,,30,280002539826,ROMEU ZEMA NETO,ZEMA,28/10/1964,6,Válido,nao,,1,0.04,0.041254125,LUIS EDUARDO GRANGEIRO GIRÃO,EDUARDO GIRÃO,NOVO,v,,,,,04/10/2026 17:58:52,sim
1,04/10/2026,6257,Presidente,1,municipio,PB,22136,2515609,SERRA DA RAIZ,,,,,UNIDADE POPULAR,i,UP,0,80,UP,UNIDADE POPULAR,,80,280002538811,SAMARA MARTINS DA SILVA FEITOSA,SAMARA,31/08/1987,7,Válido,nao,,2,0.08,0.082508251,RAQUEL NONATO DE BRICIO,RAQUEL BRÍCIO,UP,v,,,,,04/10/2026 17:58:52,sim
1,04/10/2026,6257,Presidente,1,municipio,PB,22136,2515609,SERRA DA RAIZ,,,,,DEMOCRATA,i,DEMOCRATA,0,35,DEMOCRATA,DEMOCRATA,,35,280002548139,WILSON GRASSI JUNIOR,VETERINÁRIO WILSON GRASSI,13/03/1970,11,Válido,nao,,1,0.04,0.041254125,SUÊD HAIDAR NOGUEIRA,SUÊD HAIDAR,DEMOCRATA,v,,,,,04/10/2026 17:58:52,sim
1,04/10/2026,6257,Presidente,1,municipio,PB,22136,2515609,SERRA DA RAIZ,,,,,PARTIDO MISSÃO,i,MISSÃO,0,14,MISSÃO,PARTIDO MISSÃO,,14,280002540694,RENAN ANTONIO FERREIRA DOS SANTOS,RENAN SANTOS,14/02/1984,5,Válido,nao,,27,1.11,1.113861386,AROLDO MEDINA,CORONEL MEDINA,MISSÃO,v,,,,,04/10/2026 17:58:52,sim
1,04/10/2026,6257,Presidente,1,municipio,PB,22136,2515609,SERRA DA RAIZ,,,,,PARTIDO DA CAUSA OPERÁRIA,i,PCO,0,29,PCO,PARTIDO DA CAUSA OPERÁRIA,,29,280002552487,RUI COSTA PIMENTA,RUI COSTA PIMENTA,25/06/1957,12,Válido,nao,,0,0.00,0,ANTONIO CARLOS SILVA,ANTÔNIO CARLOS,PCO,v,,,,,04/10/2026 17:58:52,sim
1,04/10/2026,6257,Presidente,1,municipio,PB,22152,2515708,SERRA GRANDE,,,,,PARTIDO LIBERAL,i,PL,0,22,PL,PARTIDO LIBERAL,,22,280002551544,FLAVIO NANTES BOLSONARO,FLAVIO BOLSONARO,30/04/1981,1,Válido,nao,,324,13.86,13.857998289,ALFREDO GASPAR DE MENDONÇA NETO,ALFREDO GASPAR,PL,v,,,,,04/10/2026 18:56:36,sim
1,04/10/2026,6257,Presidente,1,municipio,PB,22152,2515708,SERRA GRANDE,,,,,PARTIDO SOCIAL DEMOCRÁTICO,i,PSD,0,55,PSD,PARTIDO SOCIAL DEMOCRÁTICO,,55,280002551932,RONALDO RAMOS CAIADO,RONALDO CAIADO,25/09/1949,4,Válido,nao,,16,0.68,0.684345595,GILBERTO KASSAB,GILBERTO KASSAB,PSD,v,,,,,04/10/2026 18:56:36,sim
1,04/10/2026,6257,Presidente,1,municipio,PB,22152,2515708,SERRA GRANDE,,PT/PC do B/PV,FEDERAÇÃO BRASIL DA ESPERANÇA - FE BRASIL,PT/PC do B/PV,BRASIL PRONTO PRA MAIS,c,PSB / PDT / PCDOB / PT / PV / PSOL / REDE,,13,PT,PARTIDO DOS TRABALHADORES,101,13,280002542548,LUIZ INÁCIO LULA DA SILVA,LULA,06/10/1945,2,Válido,nao,,1915,81.91,81.907613345,GERALDO JOSE RODRIGUES ALCKMIN FILHO,GERALDO ALCKMIN,PSB,v,,,,,04/10/2026 18:56:36,sim
1,04/10/2026,6257,Presidente,1,municipio,PB,22152,2515708,SERRA GRANDE,,,,,DEMOCRACIA CRISTÃ,i,DC,0,27,DC,DEMOCRACIA CRISTÃ,,27,280002552484,CLARIANA ZACARKIM BARAO,CLARIANA BARAO,03/04/1987,9,Válido,nao,,0,0.00,0,FABIANA CRISTINA TAVARES TORQUATO,FABIANA TORQUATO,DC,v,,,,,04/10/2026 18:56:36,sim
1,04/10/2026,6257,Presidente,1,municipio,PB,22152,2515708,SERRA GRANDE,,,,,PARTIDO COMUNISTA BRASILEIRO,i,PCB,0,21,PCB,PARTIDO COMUNISTA BRASILEIRO,,21,280002551975,EDMILSON SILVA COSTA,EDMILSON COSTA,08/04/1950,10,Válido,nao,,0,0.00,0,CLEUSA DOS SANTOS,CLEUSA SANTOS,PCB,v,,,,,04/10/2026 18:56:36,sim
1,04/10/2026,6257,Presidente,1,municipio,PB,22152,2515708,SERRA GRANDE,,,,,PARTIDO SOCIALISTA  DOS TRABALHADORES UNIFICADO,i,PSTU,0,16,PSTU,PARTIDO SOCIALISTA  DOS TRABALHADORES UNIFICADO,,16,280002541457,HERTZ DA CONCEICAO DIAS,HERTZ DIAS,20/10/1970,8,Válido,nao,,1,0.04,0.042771600,VANESSA PORTUGAL BARBOSA,VANESSA PORTUGAL,PSTU,v,,,,,04/10/2026 18:56:36,sim
1,04/10/2026,6257,Presidente,1,municipio,PB,22152,2515708,SERRA GRANDE,,,,,BRASIL DOS NOSSOS SONHOS,c,AGIR / AVANTE,,70,AVANTE,AVANTE,,70,280002551547,AUGUSTO JORGE CURY,ESCRITOR AUGUSTO CURY,02/10/1958,3,Válido,nao,,43,1.84,1.839178785,JULIO CESAR DELGADO,JÚLIO DELGADO,AVANTE,v,,,,,04/10/2026 18:56:36,sim
1,04/10/2026,6257,Presidente,1,municipio,PB,22152,2515708,SERRA GRANDE,,,,,PARTIDO NOVO,i,NOVO,0,30,NOVO,PARTIDO NOVO,,30,280002539826,ROMEU ZEMA NETO,ZEMA,28/10/1964,6,Válido,nao,,1,0.04,0.042771600,LUIS EDUARDO GRANGEIRO GIRÃO,EDUARDO GIRÃO,NOVO,v,,,,,04/10/2026 18:56:36,sim
1,04/10/2026,6257,Presidente,1,municipio,PB,22152,2515708,SERRA GRANDE,,,,,UNIDADE POPULAR,i,UP,0,80,UP,UNIDADE POPULAR,,80,280002538811,SAMARA MARTINS DA SILVA FEITOSA,SAMARA,31/08/1987,7,Válido,nao,,1,0.04,0.042771600,RAQUEL NONATO DE BRICIO,RAQUEL BRÍCIO,UP,v,,,,,04/10/2026 18:56:36,sim
1,04/10/2026,6257,Presidente,1,municipio,PB,22152,2515708,SERRA GRANDE,,,,,DEMOCRATA,i,DEMOCRATA,0,35,DEMOCRATA,DEMOCRATA,,35,280002548139,WILSON GRASSI JUNIOR,VETERINÁRIO WILSON GRASSI,13/03/1970,11,Válido,nao,,0,0.00,0,SUÊD HAIDAR NOGUEIRA,SUÊD HAIDAR,DEMOCRATA,v,,,,,04/10/2026 18:56:36,sim
1,04/10/2026,6257,Presidente,1,municipio,PB,22152,2515708,SERRA GRANDE,,,,,PARTIDO MISSÃO,i,MISSÃO,0,14,MISSÃO,PARTIDO MISSÃO,,14,280002540694,RENAN ANTONIO FERREIRA DOS SANTOS,RENAN SANTOS,14/02/1984,5,Válido,nao,,37,1.58,1.582549187,AROLDO MEDINA,CORONEL MEDINA,MISSÃO,v,,,,,04/10/2026 18:56:36,sim
1,04/10/2026,6257,Presidente,1,municipio,PB,22152,2515708,SERRA GRANDE,,,,,PARTIDO DA CAUSA OPERÁRIA,i,PCO,0,29,PCO,PARTIDO DA CAUSA OPERÁRIA,,29,280002552487,RUI COSTA PIMENTA,RUI COSTA PIMENTA,25/06/1957,12,Válido,nao,,0,0.00,0,ANTONIO CARLOS SILVA,ANTÔNIO CARLOS,PCO,v,,,,,04/10/2026 18:56:36,sim
1,04/10/2026,6257,Presidente,1,municipio,PB,22179,2515807,SERRA REDONDA,,,,,PARTIDO LIBERAL,i,PL,0,22,PL,PARTIDO LIBERAL,,22,280002551544,FLAVIO NANTES BOLSONARO,FLAVIO BOLSONARO,30/04/1981,1,Válido,nao,,1205,23.39,23.393515822,ALFREDO GASPAR DE MENDONÇA NETO,ALFREDO GASPAR,PL,v,,,,,04/10/2026 19:08:40,sim
1,04/10/2026,6257,Presidente,1,municipio,PB,22179,2515807,SERRA REDONDA,,,,,PARTIDO SOCIAL DEMOCRÁTICO,i,PSD,0,55,PSD,PARTIDO SOCIAL DEMOCRÁTICO,,55,280002551932,RONALDO RAMOS CAIADO,RONALDO CAIADO,25/09/1949,5,Válido,nao,,26,0.50,0.504756358,GILBERTO KASSAB,GILBERTO KASSAB,PSD,v,,,,,04/10/2026 19:08:40,sim
1,04/10/2026,6257,Presidente,1,municipio,PB,22179,2515807,SERRA REDONDA,,PT/PC do B/PV,FEDERAÇÃO BRASIL DA ESPERANÇA - FE BRASIL,PT/PC do B/PV,BRASIL PRONTO PRA MAIS,c,PSB / PDT / PCDOB / PT / PV / PSOL / REDE,,13,PT,PARTIDO DOS TRABALHADORES,101,13,280002542548,LUIZ INÁCIO LULA DA SILVA,LULA,06/10/1945,2,Válido,nao,,3722,72.26,72.257814017,GERALDO JOSE RODRIGUES ALCKMIN FILHO,GERALDO ALCKMIN,PSB,v,,,,,04/10/2026 19:08:40,sim
1,04/10/2026,6257,Presidente,1,municipio,PB,22179,2515807,SERRA REDONDA,,,,,DEMOCRACIA CRISTÃ,i,DC,0,27,DC,DEMOCRACIA CRISTÃ,,27,280002552484,CLARIANA ZACARKIM BARAO,CLARIANA BARAO,03/04/1987,9,Válido,nao,,2,0.04,0.038827412,FABIANA CRISTINA TAVARES TORQUATO,FABIANA TORQUATO,DC,v,,,,,04/10/2026 19:08:40,sim
1,04/10/2026,6257,Presidente,1,municipio,PB,22179,2515807,SERRA REDONDA,,,,,PARTIDO COMUNISTA BRASILEIRO,i,PCB,0,21,PCB,PARTIDO COMUNISTA BRASILEIRO,,21,280002551975,EDMILSON SILVA COSTA,EDMILSON COSTA,08/04/1950,10,Válido,nao,,3,0.06,0.058241118,CLEUSA DOS SANTOS,CLEUSA SANTOS,PCB,v,,,,,04/10/2026 19:08:40,sim
1,04/10/2026,6257,Presidente,1,municipio,PB,22179,2515807,SERRA REDONDA,,,,,PARTIDO SOCIALISTA  DOS TRABALHADORES UNIFICADO,i,PSTU,0,16,PSTU,PARTIDO SOCIALISTA  DOS TRABALHADORES UNIFICADO,,16,280002541457,HERTZ DA CONCEICAO DIAS,HERTZ DIAS,20/10/1970,8,Válido,nao,,0,0.00,0,VANESSA PORTUGAL BARBOSA,VANESSA PORTUGAL,PSTU,v,,,,,04/10/2026 19:08:40,sim
1,04/10/2026,6257,Presidente,1,municipio,PB,22179,2515807,SERRA REDONDA,,,,,BRASIL DOS NOSSOS SONHOS,c,AGIR / AVANTE,,70,AVANTE,AVANTE,,70,280002551547,AUGUSTO JORGE CURY,ESCRITOR AUGUSTO CURY,02/10/1958,3,Válido,nao,,145,2.81,2.814987381,JULIO CESAR DELGADO,JÚLIO DELGADO,AVANTE,v,,,,,04/10/2026 19:08:40,sim
1,04/10/2026,6257,Presidente,1,municipio,PB,22179,2515807,SERRA REDONDA,,,,,PARTIDO NOVO,i,NOVO,0,30,NOVO,PARTIDO NOVO,,30,280002539826,ROMEU ZEMA NETO,ZEMA,28/10/1964,6,Válido,nao,,3,0.06,0.058241118,LUIS EDUARDO GRANGEIRO GIRÃO,EDUARDO GIRÃO,NOVO,v,,,,,04/10/2026 19:08:40,sim
1,04/10/2026,6257,Presidente,1,municipio,PB,22179,2515807,SERRA REDONDA,,,,,UNIDADE POPULAR,i,UP,0,80,UP,UNIDADE POPULAR,,80,280002538811,SAMARA MARTINS DA SILVA FEITOSA,SAMARA,31/08/1987,7,Válido,nao,,1,0.02,0.019413706,RAQUEL NONATO DE BRICIO,RAQUEL BRÍCIO,UP,v,,,,,04/10/2026 19:08:40,sim
1,04/10/2026,6257,Presidente,1,municipio,PB,22179,2515807,SERRA REDONDA,,,,,DEMOCRATA,i,DEMOCRATA,0,35,DEMOCRATA,DEMOCRATA,,35,280002548139,WILSON GRASSI JUNIOR,VETERINÁRIO WILSON GRASSI,13/03/1970,11,Válido,nao,,0,0.00,0,SUÊD HAIDAR NOGUEIRA,SUÊD HAIDAR,DEMOCRATA,v,,,,,04/10/2026 19:08:40,sim
1,04/10/2026,6257,Presidente,1,municipio,PB,22179,2515807,SERRA REDONDA,,,,,PARTIDO MISSÃO,i,MISSÃO,0,14,MISSÃO,PARTIDO MISSÃO,,14,280002540694,RENAN ANTONIO FERREIRA DOS SANTOS,RENAN SANTOS,14/02/1984,4,Válido,nao,,44,0.85,0.854203067,AROLDO MEDINA,CORONEL MEDINA,MISSÃO,v,,,,,04/10/2026 19:08:40,sim
1,04/10/2026,6257,Presidente,1,municipio,PB,22179,2515807,SERRA REDONDA,,,,,PARTIDO DA CAUSA OPERÁRIA,i,PCO,0,29,PCO,PARTIDO DA CAUSA OPERÁRIA,,29,280002552487,RUI COSTA PIMENTA,RUI COSTA PIMENTA,25/06/1957,12,Válido,nao,,0,0.00,0,ANTONIO CARLOS SILVA,ANTÔNIO CARLOS,PCO,v,,,,,04/10/2026 19:08:40,sim
1,04/10/2026,6257,Presidente,1,municipio,PB,22195,2515906,SERRARIA,,,,,PARTIDO LIBERAL,i,PL,0,22,PL,PARTIDO LIBERAL,,22,280002551544,FLAVIO NANTES BOLSONARO,FLAVIO BOLSONARO,30/04/1981,1,Válido,nao,,793,23.82,23.820967257,ALFREDO GASPAR DE MENDONÇA NETO,ALFREDO GASPAR,PL,v,,,,,04/10/2026 18:21:12,sim
1,04/10/2026,6257,Presidente,1,municipio,PB,22195,2515906,SERRARIA,,,,,PARTIDO SOCIAL DEMOCRÁTICO,i,PSD,0,55,PSD,PARTIDO SOCIAL DEMOCRÁTICO,,55,280002551932,RONALDO RAMOS CAIADO,RONALDO CAIADO,25/09/1949,4,Válido,nao,,29,0.87,0.871132472,GILBERTO KASSAB,GILBERTO KASSAB,PSD,v,,,,,04/10/2026 18:21:12,sim
1,04/10/2026,6257,Presidente,1,municipio,PB,22195,2515906,SERRARIA,,PT/PC do B/PV,FEDERAÇÃO BRASIL DA ESPERANÇA - FE BRASIL,PT/PC do B/PV,BRASIL PRONTO PRA MAIS,c,PSB / PDT / PCDOB / PT / PV / PSOL / REDE,,13,PT,PARTIDO DOS TRABALHADORES,101,13,280002542548,LUIZ INÁCIO LULA DA SILVA,LULA,06/10/1945,2,Válido,nao,,2346,70.47,70.471613097,GERALDO JOSE RODRIGUES ALCKMIN FILHO,GERALDO ALCKMIN,PSB,v,,,,,04/10/2026 18:21:12,sim
1,04/10/2026,6257,Presidente,1,municipio,PB,22195,2515906,SERRARIA,,,,,DEMOCRACIA CRISTÃ,i,DC,0,27,DC,DEMOCRACIA CRISTÃ,,27,280002552484,CLARIANA ZACARKIM BARAO,CLARIANA BARAO,03/04/1987,8,Válido,nao,,2,0.06,0.060078102,FABIANA CRISTINA TAVARES TORQUATO,FABIANA TORQUATO,DC,v,,,,,04/10/2026 18:21:12,sim
1,04/10/2026,6257,Presidente,1,municipio,PB,22195,2515906,SERRARIA,,,,,PARTIDO COMUNISTA BRASILEIRO,i,PCB,0,21,PCB,PARTIDO COMUNISTA BRASILEIRO,,21,280002551975,EDMILSON SILVA COSTA,EDMILSON COSTA,08/04/1950,10,Válido,nao,,0,0.00,0,CLEUSA DOS SANTOS,CLEUSA SANTOS,PCB,v,,,,,04/10/2026 18:21:12,sim
1,04/10/2026,6257,Presidente,1,municipio,PB,22195,2515906,SERRARIA,,,,,PARTIDO SOCIALISTA  DOS TRABALHADORES UNIFICADO,i,PSTU,0,16,PSTU,PARTIDO SOCIALISTA  DOS TRABALHADORES UNIFICADO,,16,280002541457,HERTZ DA CONCEICAO DIAS,HERTZ DIAS,20/10/1970,9,Válido,nao,,3,0.09,0.090117152,VANESSA PORTUGAL BARBOSA,VANESSA PORTUGAL,PSTU,v,,,,,04/10/2026 18:21:12,sim
1,04/10/2026,6257,Presidente,1,municipio,PB,22195,2515906,SERRARIA,,,,,BRASIL DOS NOSSOS SONHOS,c,AGIR / AVANTE,,70,AVANTE,AVANTE,,70,280002551547,AUGUSTO JORGE CURY,ESCRITOR AUGUSTO CURY,02/10/1958,3,Válido,nao,,100,3.00,3.003905077,JULIO CESAR DELGADO,JÚLIO DELGADO,AVANTE,v,,,,,04/10/2026 18:21:12,sim
1,04/10/2026,6257,Presidente,1,municipio,PB,22195,2515906,SERRARIA,,,,,PARTIDO NOVO,i,NOVO,0,30,NOVO,PARTIDO NOVO,,30,280002539826,ROMEU ZEMA NETO,ZEMA,28/10/1964,6,Válido,nao,,0,0.00,0,LUIS EDUARDO GRANGEIRO GIRÃO,EDUARDO GIRÃO,NOVO,v,,,,,04/10/2026 18:21:12,sim
1,04/10/2026,6257,Presidente,1,municipio,PB,22195,2515906,SERRARIA,,,,,UNIDADE POPULAR,i,UP,0,80,UP,UNIDADE POPULAR,,80,280002538811,SAMARA MARTINS DA SILVA FEITOSA,SAMARA,31/08/1987,7,Válido,nao,,0,0.00,0,RAQUEL NONATO DE BRICIO,RAQUEL BRÍCIO,UP,v,,,,,04/10/2026 18:21:12,sim
1,04/10/2026,6257,Presidente,1,municipio,PB,22195,2515906,SERRARIA,,,,,DEMOCRATA,i,DEMOCRATA,0,35,DEMOCRATA,DEMOCRATA,,35,280002548139,WILSON GRASSI JUNIOR,VETERINÁRIO WILSON GRASSI,13/03/1970,11,Válido,nao,,1,0.03,0.030039051,SUÊD HAIDAR NOGUEIRA,SUÊD HAIDAR,DEMOCRATA,v,,,,,04/10/2026 18:21:12,sim
1,04/10/2026,6257,Presidente,1,municipio,PB,22195,2515906,SERRARIA,,,,,PARTIDO MISSÃO,i,MISSÃO,0,14,MISSÃO,PARTIDO MISSÃO,,14,280002540694,RENAN ANTONIO FERREIRA DOS SANTOS,RENAN SANTOS,14/02/1984,5,Válido,nao,,55,1.65,1.652147792,AROLDO MEDINA,CORONEL MEDINA,MISSÃO,v,,,,,04/10/2026 18:21:12,sim
1,04/10/2026,6257,Presidente,1,municipio,PB,22195,2515906,SERRARIA,,,,,PARTIDO DA CAUSA OPERÁRIA,i,PCO,0,29,PCO,PARTIDO DA CAUSA OPERÁRIA,,29,280002552487,RUI COSTA PIMENTA,RUI COSTA PIMENTA,25/06/1957,12,Válido,nao,,0,0.00,0,ANTONIO CARLOS SILVA,ANTÔNIO CARLOS,PCO,v,,,,,04/10/2026 18:21:12,sim
1,04/10/2026,6257,Presidente,1,municipio,PB,22217,2516003,SOLÂNEA,,,,,PARTIDO LIBERAL,i,PL,0,22,PL,PARTIDO LIBERAL,,22,280002551544,FLAVIO NANTES BOLSONARO,FLAVIO BOLSONARO,30/04/1981,1,Válido,nao,,4787,28.68,28.683564024,ALFREDO GASPAR DE MENDONÇA NETO,ALFREDO GASPAR,PL,v,,,,,04/10/2026 19:20:58,sim
1,04/10/2026,6257,Presidente,1,municipio,PB,22217,2516003,SOLÂNEA,,,,,PARTIDO SOCIAL DEMOCRÁTICO,i,PSD,0,55,PSD,PARTIDO SOCIAL DEMOCRÁTICO,,55,280002551932,RONALDO RAMOS CAIADO,RONALDO CAIADO,25/09/1949,5,Válido,nao,,105,0.63,0.629156930,GILBERTO KASSAB,GILBERTO KASSAB,PSD,v,,,,,04/10/2026 19:20:58,sim
1,04/10/2026,6257,Presidente,1,municipio,PB,22217,2516003,SOLÂNEA,,PT/PC do B/PV,FEDERAÇÃO BRASIL DA ESPERANÇA - FE BRASIL,PT/PC do B/PV,BRASIL PRONTO PRA MAIS,c,PSB / PDT / PCDOB / PT / PV / PSOL / REDE,,13,PT,PARTIDO DOS TRABALHADORES,101,13,280002542548,LUIZ INÁCIO LULA DA SILVA,LULA,06/10/1945,2,Válido,nao,,11013,65.99,65.989573971,GERALDO JOSE RODRIGUES ALCKMIN FILHO,GERALDO ALCKMIN,PSB,v,,,,,04/10/2026 19:20:58,sim
1,04/10/2026,6257,Presidente,1,municipio,PB,22217,2516003,SOLÂNEA,,,,,DEMOCRACIA CRISTÃ,i,DC,0,27,DC,DEMOCRACIA CRISTÃ,,27,280002552484,CLARIANA ZACARKIM BARAO,CLARIANA BARAO,03/04/1987,9,Válido,nao,,7,0.04,0.041943795,FABIANA CRISTINA TAVARES TORQUATO,FABIANA TORQUATO,DC,v,,,,,04/10/2026 19:20:58,sim
1,04/10/2026,6257,Presidente,1,municipio,PB,22217,2516003,SOLÂNEA,,,,,PARTIDO COMUNISTA BRASILEIRO,i,PCB,0,21,PCB,PARTIDO COMUNISTA BRASILEIRO,,21,280002551975,EDMILSON SILVA COSTA,EDMILSON COSTA,08/04/1950,10,Válido,nao,,1,0.01,0.005991971,CLEUSA DOS SANTOS,CLEUSA SANTOS,PCB,v,,,,,04/10/2026 19:20:58,sim
1,04/10/2026,6257,Presidente,1,municipio,PB,22217,2516003,SOLÂNEA,,,,,PARTIDO SOCIALISTA  DOS TRABALHADORES UNIFICADO,i,PSTU,0,16,PSTU,PARTIDO SOCIALISTA  DOS TRABALHADORES UNIFICADO,,16,280002541457,HERTZ DA CONCEICAO DIAS,HERTZ DIAS,20/10/1970,8,Válido,nao,,3,0.02,0.017975912,VANESSA PORTUGAL BARBOSA,VANESSA PORTUGAL,PSTU,v,,,,,04/10/2026 19:20:58,sim
1,04/10/2026,6257,Presidente,1,municipio,PB,22217,2516003,SOLÂNEA,,,,,BRASIL DOS NOSSOS SONHOS,c,AGIR / AVANTE,,70,AVANTE,AVANTE,,70,280002551547,AUGUSTO JORGE CURY,ESCRITOR AUGUSTO CURY,02/10/1958,3,Válido,nao,,535,3.21,3.205704356,JULIO CESAR DELGADO,JÚLIO DELGADO,AVANTE,v,,,,,04/10/2026 19:20:58,sim
1,04/10/2026,6257,Presidente,1,municipio,PB,22217,2516003,SOLÂNEA,,,,,PARTIDO NOVO,i,NOVO,0,30,NOVO,PARTIDO NOVO,,30,280002539826,ROMEU ZEMA NETO,ZEMA,28/10/1964,6,Válido,nao,,10,0.06,0.059919708,LUIS EDUARDO GRANGEIRO GIRÃO,EDUARDO GIRÃO,NOVO,v,,,,,04/10/2026 19:20:58,sim
1,04/10/2026,6257,Presidente,1,municipio,PB,22217,2516003,SOLÂNEA,,,,,UNIDADE POPULAR,i,UP,0,80,UP,UNIDADE POPULAR,,80,280002538811,SAMARA MARTINS DA SILVA FEITOSA,SAMARA,31/08/1987,7,Válido,nao,,7,0.04,0.041943795,RAQUEL NONATO DE BRICIO,RAQUEL BRÍCIO,UP,v,,,,,04/10/2026 19:20:58,sim
1,04/10/2026,6257,Presidente,1,municipio,PB,22217,2516003,SOLÂNEA,,,,,DEMOCRATA,i,DEMOCRATA,0,35,DEMOCRATA,DEMOCRATA,,35,280002548139,WILSON GRASSI JUNIOR,VETERINÁRIO WILSON GRASSI,13/03/1970,11,Válido,nao,,0,0.00,0,SUÊD HAIDAR NOGUEIRA,SUÊD HAIDAR,DEMOCRATA,v,,,,,04/10/2026 19:20:58,sim
1,04/10/2026,6257,Presidente,1,municipio,PB,22217,2516003,SOLÂNEA,,,,,PARTIDO MISSÃO,i,MISSÃO,0,14,MISSÃO,PARTIDO MISSÃO,,14,280002540694,RENAN ANTONIO FERREIRA DOS SANTOS,RENAN SANTOS,14/02/1984,4,Válido,nao,,220,1.32,1.318233567,AROLDO MEDINA,CORONEL MEDINA,MISSÃO,v,,,,,04/10/2026 19:20:58,sim
1,04/10/2026,6257,Presidente,1,municipio,PB,22217,2516003,SOLÂNEA,,,,,PARTIDO DA CAUSA OPERÁRIA,i,PCO,0,29,PCO,PARTIDO DA CAUSA OPERÁRIA,,29,280002552487,RUI COSTA PIMENTA,RUI COSTA PIMENTA,25/06/1957,12,Válido,nao,,1,0.01,0.005991971,ANTONIO CARLOS SILVA,ANTÔNIO CARLOS,PCO,v,,,,,04/10/2026 19:20:58,sim
1,04/10/2026,6257,Presidente,1,municipio,PB,22233,2516102,SOLEDADE,,,,,PARTIDO LIBERAL,i,PL,0,22,PL,PARTIDO LIBERAL,,22,280002551544,FLAVIO NANTES BOLSONARO,FLAVIO BOLSONARO,30/04/1981,1,Válido,nao,,2579,28.16,28.155021834,ALFREDO GASPAR DE MENDONÇA NETO,ALFREDO GASPAR,PL,v,,,,,04/10/2026 20:07:49,sim
1,04/10/2026,6257,Presidente,1,municipio,PB,22233,2516102,SOLEDADE,,,,,PARTIDO SOCIAL DEMOCRÁTICO,i,PSD,0,55,PSD,PARTIDO SOCIAL DEMOCRÁTICO,,55,280002551932,RONALDO RAMOS CAIADO,RONALDO CAIADO,25/09/1949,5,Válido,nao,,62,0.68,0.676855895,GILBERTO KASSAB,GILBERTO KASSAB,PSD,v,,,,,04/10/2026 20:07:49,sim
1,04/10/2026,6257,Presidente,1,municipio,PB,22233,2516102,SOLEDADE,,PT/PC do B/PV,FEDERAÇÃO BRASIL DA ESPERANÇA - FE BRASIL,PT/PC do B/PV,BRASIL PRONTO PRA MAIS,c,PSB / PDT / PCDOB / PT / PV / PSOL / REDE,,13,PT,PARTIDO DOS TRABALHADORES,101,13,280002542548,LUIZ INÁCIO LULA DA SILVA,LULA,06/10/1945,2,Válido,nao,,6151,67.15,67.150655022,GERALDO JOSE RODRIGUES ALCKMIN FILHO,GERALDO ALCKMIN,PSB,v,,,,,04/10/2026 20:07:49,sim
1,04/10/2026,6257,Presidente,1,municipio,PB,22233,2516102,SOLEDADE,,,,,DEMOCRACIA CRISTÃ,i,DC,0,27,DC,DEMOCRACIA CRISTÃ,,27,280002552484,CLARIANA ZACARKIM BARAO,CLARIANA BARAO,03/04/1987,9,Válido,nao,,0,0.00,0,FABIANA CRISTINA TAVARES TORQUATO,FABIANA TORQUATO,DC,v,,,,,04/10/2026 20:07:49,sim
1,04/10/2026,6257,Presidente,1,municipio,PB,22233,2516102,SOLEDADE,,,,,PARTIDO COMUNISTA BRASILEIRO,i,PCB,0,21,PCB,PARTIDO COMUNISTA BRASILEIRO,,21,280002551975,EDMILSON SILVA COSTA,EDMILSON COSTA,08/04/1950,10,Válido,nao,,0,0.00,0,CLEUSA DOS SANTOS,CLEUSA SANTOS,PCB,v,,,,,04/10/2026 20:07:49,sim
1,04/10/2026,6257,Presidente,1,municipio,PB,22233,2516102,SOLEDADE,,,,,PARTIDO SOCIALISTA  DOS TRABALHADORES UNIFICADO,i,PSTU,0,16,PSTU,PARTIDO SOCIALISTA  DOS TRABALHADORES UNIFICADO,,16,280002541457,HERTZ DA CONCEICAO DIAS,HERTZ DIAS,20/10/1970,8,Válido,nao,,4,0.04,0.043668122,VANESSA PORTUGAL BARBOSA,VANESSA PORTUGAL,PSTU,v,,,,,04/10/2026 20:07:49,sim
1,04/10/2026,6257,Presidente,1,municipio,PB,22233,2516102,SOLEDADE,,,,,BRASIL DOS NOSSOS SONHOS,c,AGIR / AVANTE,,70,AVANTE,AVANTE,,70,280002551547,AUGUSTO JORGE CURY,ESCRITOR AUGUSTO CURY,02/10/1958,3,Válido,nao,,255,2.78,2.783842795,JULIO CESAR DELGADO,JÚLIO DELGADO,AVANTE,v,,,,,04/10/2026 20:07:49,sim
1,04/10/2026,6257,Presidente,1,municipio,PB,22233,2516102,SOLEDADE,,,,,PARTIDO NOVO,i,NOVO,0,30,NOVO,PARTIDO NOVO,,30,280002539826,ROMEU ZEMA NETO,ZEMA,28/10/1964,6,Válido,nao,,5,0.05,0.054585153,LUIS EDUARDO GRANGEIRO GIRÃO,EDUARDO GIRÃO,NOVO,v,,,,,04/10/2026 20:07:49,sim
1,04/10/2026,6257,Presidente,1,municipio,PB,22233,2516102,SOLEDADE,,,,,UNIDADE POPULAR,i,UP,0,80,UP,UNIDADE POPULAR,,80,280002538811,SAMARA MARTINS DA SILVA FEITOSA,SAMARA,31/08/1987,7,Válido,nao,,3,0.03,0.032751092,RAQUEL NONATO DE BRICIO,RAQUEL BRÍCIO,UP,v,,,,,04/10/2026 20:07:49,sim
1,04/10/2026,6257,Presidente,1,municipio,PB,22233,2516102,SOLEDADE,,,,,DEMOCRATA,i,DEMOCRATA,0,35,DEMOCRATA,DEMOCRATA,,35,280002548139,WILSON GRASSI JUNIOR,VETERINÁRIO WILSON GRASSI,13/03/1970,11,Válido,nao,,1,0.01,0.010917031,SUÊD HAIDAR NOGUEIRA,SUÊD HAIDAR,DEMOCRATA,v,,,,,04/10/2026 20:07:49,sim
1,04/10/2026,6257,Presidente,1,municipio,PB,22233,2516102,SOLEDADE,,,,,PARTIDO MISSÃO,i,MISSÃO,0,14,MISSÃO,PARTIDO MISSÃO,,14,280002540694,RENAN ANTONIO FERREIRA DOS SANTOS,RENAN SANTOS,14/02/1984,4,Válido,nao,,98,1.07,1.069868996,AROLDO MEDINA,CORONEL MEDINA,MISSÃO,v,,,,,04/10/2026 20:07:49,sim
1,04/10/2026,6257,Presidente,1,municipio,PB,22233,2516102,SOLEDADE,,,,,PARTIDO DA CAUSA OPERÁRIA,i,PCO,0,29,PCO,PARTIDO DA CAUSA OPERÁRIA,,29,280002552487,RUI COSTA PIMENTA,RUI COSTA PIMENTA,25/06/1957,12,Válido,nao,,2,0.02,0.021834061,ANTONIO CARLOS SILVA,ANTÔNIO CARLOS,PCO,v,,,,,04/10/2026 20:07:49,sim
1,04/10/2026,6257,Presidente,1,municipio,PB,22250,2516201,SOUSA,,,,,PARTIDO LIBERAL,i,PL,0,22,PL,PARTIDO LIBERAL,,22,280002551544,FLAVIO NANTES BOLSONARO,FLAVIO BOLSONARO,30/04/1981,1,Válido,nao,,11592,30.09,30.091114399,ALFREDO GASPAR DE MENDONÇA NETO,ALFREDO GASPAR,PL,v,,,,,04/10/2026 21:00:22,sim
1,04/10/2026,6257,Presidente,1,municipio,PB,22250,2516201,SOUSA,,,,,PARTIDO SOCIAL DEMOCRÁTICO,i,PSD,0,55,PSD,PARTIDO SOCIAL DEMOCRÁTICO,,55,280002551932,RONALDO RAMOS CAIADO,RONALDO CAIADO,25/09/1949,5,Válido,nao,,266,0.69,0.690496586,GILBERTO KASSAB,GILBERTO KASSAB,PSD,v,,,,,04/10/2026 21:00:22,sim
1,04/10/2026,6257,Presidente,1,municipio,PB,22250,2516201,SOUSA,,PT/PC do B/PV,FEDERAÇÃO BRASIL DA ESPERANÇA - FE BRASIL,PT/PC do B/PV,BRASIL PRONTO PRA MAIS,c,PSB / PDT / PCDOB / PT / PV / PSOL / REDE,,13,PT,PARTIDO DOS TRABALHADORES,101,13,280002542548,LUIZ INÁCIO LULA DA SILVA,LULA,06/10/1945,2,Válido,nao,,24676,64.06,64.055239727,GERALDO JOSE RODRIGUES ALCKMIN FILHO,GERALDO ALCKMIN,PSB,v,,,,,04/10/2026 21:00:22,sim
1,04/10/2026,6257,Presidente,1,municipio,PB,22250,2516201,SOUSA,,,,,DEMOCRACIA CRISTÃ,i,DC,0,27,DC,DEMOCRACIA CRISTÃ,,27,280002552484,CLARIANA ZACARKIM BARAO,CLARIANA BARAO,03/04/1987,9,Válido,nao,,7,0.02,0.018170963,FABIANA CRISTINA TAVARES TORQUATO,FABIANA TORQUATO,DC,v,,,,,04/10/2026 21:00:22,sim
1,04/10/2026,6257,Presidente,1,municipio,PB,22250,2516201,SOUSA,,,,,PARTIDO COMUNISTA BRASILEIRO,i,PCB,0,21,PCB,PARTIDO COMUNISTA BRASILEIRO,,21,280002551975,EDMILSON SILVA COSTA,EDMILSON COSTA,08/04/1950,10,Válido,nao,,4,0.01,0.010383407,CLEUSA DOS SANTOS,CLEUSA SANTOS,PCB,v,,,,,04/10/2026 21:00:22,sim
1,04/10/2026,6257,Presidente,1,municipio,PB,22250,2516201,SOUSA,,,,,PARTIDO SOCIALISTA  DOS TRABALHADORES UNIFICADO,i,PSTU,0,16,PSTU,PARTIDO SOCIALISTA  DOS TRABALHADORES UNIFICADO,,16,280002541457,HERTZ DA CONCEICAO DIAS,HERTZ DIAS,20/10/1970,8,Válido,nao,,8,0.02,0.020766815,VANESSA PORTUGAL BARBOSA,VANESSA PORTUGAL,PSTU,v,,,,,04/10/2026 21:00:22,sim
1,04/10/2026,6257,Presidente,1,municipio,PB,22250,2516201,SOUSA,,,,,BRASIL DOS NOSSOS SONHOS,c,AGIR / AVANTE,,70,AVANTE,AVANTE,,70,280002551547,AUGUSTO JORGE CURY,ESCRITOR AUGUSTO CURY,02/10/1958,3,Válido,nao,,1208,3.14,3.135789009,JULIO CESAR DELGADO,JÚLIO DELGADO,AVANTE,v,,,,,04/10/2026 21:00:22,sim
1,04/10/2026,6257,Presidente,1,municipio,PB,22250,2516201,SOUSA,,,,,PARTIDO NOVO,i,NOVO,0,30,NOVO,PARTIDO NOVO,,30,280002539826,ROMEU ZEMA NETO,ZEMA,28/10/1964,6,Válido,nao,,20,0.05,0.051917037,LUIS EDUARDO GRANGEIRO GIRÃO,EDUARDO GIRÃO,NOVO,v,,,,,04/10/2026 21:00:22,sim
1,04/10/2026,6257,Presidente,1,municipio,PB,22250,2516201,SOUSA,,,,,UNIDADE POPULAR,i,UP,0,80,UP,UNIDADE POPULAR,,80,280002538811,SAMARA MARTINS DA SILVA FEITOSA,SAMARA,31/08/1987,7,Válido,nao,,8,0.02,0.020766815,RAQUEL NONATO DE BRICIO,RAQUEL BRÍCIO,UP,v,,,,,04/10/2026 21:00:22,sim
1,04/10/2026,6257,Presidente,1,municipio,PB,22250,2516201,SOUSA,,,,,DEMOCRATA,i,DEMOCRATA,0,35,DEMOCRATA,DEMOCRATA,,35,280002548139,WILSON GRASSI JUNIOR,VETERINÁRIO WILSON GRASSI,13/03/1970,11,Válido,nao,,2,0.01,0.005191704,SUÊD HAIDAR NOGUEIRA,SUÊD HAIDAR,DEMOCRATA,v,,,,,04/10/2026 21:00:22,sim
1,04/10/2026,6257,Presidente,1,municipio,PB,22250,2516201,SOUSA,,,,,PARTIDO MISSÃO,i,MISSÃO,0,14,MISSÃO,PARTIDO MISSÃO,,14,280002540694,RENAN ANTONIO FERREIRA DOS SANTOS,RENAN SANTOS,14/02/1984,4,Válido,nao,,728,1.89,1.889780131,AROLDO MEDINA,CORONEL MEDINA,MISSÃO,v,,,,,04/10/2026 21:00:22,sim
1,04/10/2026,6257,Presidente,1,municipio,PB,22250,2516201,SOUSA,,,,,PARTIDO DA CAUSA OPERÁRIA,i,PCO,0,29,PCO,PARTIDO DA CAUSA OPERÁRIA,,29,280002552487,RUI COSTA PIMENTA,RUI COSTA PIMENTA,25/06/1957,12,Válido,nao,,4,0.01,0.010383407,ANTONIO CARLOS SILVA,ANTÔNIO CARLOS,PCO,v,,,,,04/10/2026 21:00:22,sim
1,04/10/2026,6257,Presidente,1,municipio,PB,22276,2516300,SUMÉ,,,,,PARTIDO LIBERAL,i,PL,0,22,PL,PARTIDO LIBERAL,,22,280002551544,FLAVIO NANTES BOLSONARO,FLAVIO BOLSONARO,30/04/1981,1,Válido,nao,,2432,22.20,22.199908717,ALFREDO GASPAR DE MENDONÇA NETO,ALFREDO GASPAR,PL,v,,,,,04/10/2026 19:12:59,sim
1,04/10/2026,6257,Presidente,1,municipio,PB,22276,2516300,SUMÉ,,,,,PARTIDO SOCIAL DEMOCRÁTICO,i,PSD,0,55,PSD,PARTIDO SOCIAL DEMOCRÁTICO,,55,280002551932,RONALDO RAMOS CAIADO,RONALDO CAIADO,25/09/1949,5,Válido,nao,,44,0.40,0.401643085,GILBERTO KASSAB,GILBERTO KASSAB,PSD,v,,,,,04/10/2026 19:12:59,sim
1,04/10/2026,6257,Presidente,1,municipio,PB,22276,2516300,SUMÉ,,PT/PC do B/PV,FEDERAÇÃO BRASIL DA ESPERANÇA - FE BRASIL,PT/PC do B/PV,BRASIL PRONTO PRA MAIS,c,PSB / PDT / PCDOB / PT / PV / PSOL / REDE,,13,PT,PARTIDO DOS TRABALHADORES,101,13,280002542548,LUIZ INÁCIO LULA DA SILVA,LULA,06/10/1945,2,Válido,nao,,8123,74.15,74.148790507,GERALDO JOSE RODRIGUES ALCKMIN FILHO,GERALDO ALCKMIN,PSB,v,,,,,04/10/2026 19:12:59,sim
1,04/10/2026,6257,Presidente,1,municipio,PB,22276,2516300,SUMÉ,,,,,PARTIDO SOCIALISTA  DOS TRABALHADORES UNIFICADO,i,PSTU,0,16,PSTU,PARTIDO SOCIALISTA  DOS TRABALHADORES UNIFICADO,,16,280002541457,HERTZ DA CONCEICAO DIAS,HERTZ DIAS,20/10/1970,8,Válido,nao,,3,0.03,0.027384756,VANESSA PORTUGAL BARBOSA,VANESSA PORTUGAL,PSTU,v,,,,,04/10/2026 19:12:59,sim
1,04/10/2026,6257,Presidente,1,municipio,PB,22276,2516300,SUMÉ,,,,,PARTIDO COMUNISTA BRASILEIRO,i,PCB,0,21,PCB,PARTIDO COMUNISTA BRASILEIRO,,21,280002551975,EDMILSON SILVA COSTA,EDMILSON COSTA,08/04/1950,10,Válido,nao,,1,0.01,0.009128252,CLEUSA DOS SANTOS,CLEUSA SANTOS,PCB,v,,,,,04/10/2026 19:12:59,sim
1,04/10/2026,6257,Presidente,1,municipio,PB,22276,2516300,SUMÉ,,,,,DEMOCRACIA CRISTÃ,i,DC,0,27,DC,DEMOCRACIA CRISTÃ,,27,280002552484,CLARIANA ZACARKIM BARAO,CLARIANA BARAO,03/04/1987,9,Válido,nao,,1,0.01,0.009128252,FABIANA CRISTINA TAVARES TORQUATO,FABIANA TORQUATO,DC,v,,,,,04/10/2026 19:12:59,sim
1,04/10/2026,6257,Presidente,1,municipio,PB,22276,2516300,SUMÉ,,,,,PARTIDO NOVO,i,NOVO,0,30,NOVO,PARTIDO NOVO,,30,280002539826,ROMEU ZEMA NETO,ZEMA,28/10/1964,6,Válido,nao,,7,0.06,0.063897764,LUIS EDUARDO GRANGEIRO GIRÃO,EDUARDO GIRÃO,NOVO,v,,,,,04/10/2026 19:12:59,sim
1,04/10/2026,6257,Presidente,1,municipio,PB,22276,2516300,SUMÉ,,,,,BRASIL DOS NOSSOS SONHOS,c,AGIR / AVANTE,,70,AVANTE,AVANTE,,70,280002551547,AUGUSTO JORGE CURY,ESCRITOR AUGUSTO CURY,02/10/1958,3,Válido,nao,,181,1.65,1.652213601,JULIO CESAR DELGADO,JÚLIO DELGADO,AVANTE,v,,,,,04/10/2026 19:12:59,sim
1,04/10/2026,6257,Presidente,1,municipio,PB,22276,2516300,SUMÉ,,,,,DEMOCRATA,i,DEMOCRATA,0,35,DEMOCRATA,DEMOCRATA,,35,280002548139,WILSON GRASSI JUNIOR,VETERINÁRIO WILSON GRASSI,13/03/1970,11,Válido,nao,,2,0.02,0.018256504,SUÊD HAIDAR NOGUEIRA,SUÊD HAIDAR,DEMOCRATA,v,,,,,04/10/2026 19:12:59,sim
1,04/10/2026,6257,Presidente,1,municipio,PB,22276,2516300,SUMÉ,,,,,UNIDADE POPULAR,i,UP,0,80,UP,UNIDADE POPULAR,,80,280002538811,SAMARA MARTINS DA SILVA FEITOSA,SAMARA,31/08/1987,7,Válido,nao,,4,0.04,0.036513008,RAQUEL NONATO DE BRICIO,RAQUEL BRÍCIO,UP,v,,,,,04/10/2026 19:12:59,sim
1,04/10/2026,6257,Presidente,1,municipio,PB,22276,2516300,SUMÉ,,,,,PARTIDO MISSÃO,i,MISSÃO,0,14,MISSÃO,PARTIDO MISSÃO,,14,280002540694,RENAN ANTONIO FERREIRA DOS SANTOS,RENAN SANTOS,14/02/1984,4,Válido,nao,,157,1.43,1.433135555,AROLDO MEDINA,CORONEL MEDINA,MISSÃO,v,,,,,04/10/2026 19:12:59,sim
1,04/10/2026,6257,Presidente,1,municipio,PB,22276,2516300,SUMÉ,,,,,PARTIDO DA CAUSA OPERÁRIA,i,PCO,0,29,PCO,PARTIDO DA CAUSA OPERÁRIA,,29,280002552487,RUI COSTA PIMENTA,RUI COSTA PIMENTA,25/06/1957,12,Válido,nao,,0,0.00,0,ANTONIO CARLOS SILVA,ANTÔNIO CARLOS,PCO,v,,,,,04/10/2026 19:12:59,sim
1,04/10/2026,6257,Presidente,1,municipio,PB,22292,2516409,TACIMA,,,,,PARTIDO LIBERAL,i,PL,0,22,PL,PARTIDO LIBERAL,,22,280002551544,FLAVIO NANTES BOLSONARO,FLAVIO BOLSONARO,30/04/1981,1,Válido,nao,,1635,27.15,27.145940561,ALFREDO GASPAR DE MENDONÇA NETO,ALFREDO GASPAR,PL,v,,,,,04/10/2026 18:27:10,sim
1,04/10/2026,6257,Presidente,1,municipio,PB,22292,2516409,TACIMA,,,,,PARTIDO SOCIAL DEMOCRÁTICO,i,PSD,0,55,PSD,PARTIDO SOCIAL DEMOCRÁTICO,,55,280002551932,RONALDO RAMOS CAIADO,RONALDO CAIADO,25/09/1949,4,Válido,nao,,33,0.55,0.547899718,GILBERTO KASSAB,GILBERTO KASSAB,PSD,v,,,,,04/10/2026 18:27:10,sim
1,04/10/2026,6257,Presidente,1,municipio,PB,22292,2516409,TACIMA,,PT/PC do B/PV,FEDERAÇÃO BRASIL DA ESPERANÇA - FE BRASIL,PT/PC do B/PV,BRASIL PRONTO PRA MAIS,c,PSB / PDT / PCDOB / PT / PV / PSOL / REDE,,13,PT,PARTIDO DOS TRABALHADORES,101,13,280002542548,LUIZ INÁCIO LULA DA SILVA,LULA,06/10/1945,2,Válido,nao,,4139,68.72,68.719907023,GERALDO JOSE RODRIGUES ALCKMIN FILHO,GERALDO ALCKMIN,PSB,v,,,,,04/10/2026 18:27:10,sim
1,04/10/2026,6257,Presidente,1,municipio,PB,22292,2516409,TACIMA,,,,,DEMOCRACIA CRISTÃ,i,DC,0,27,DC,DEMOCRACIA CRISTÃ,,27,280002552484,CLARIANA ZACARKIM BARAO,CLARIANA BARAO,03/04/1987,8,Válido,nao,,0,0.00,0,FABIANA CRISTINA TAVARES TORQUATO,FABIANA TORQUATO,DC,v,,,,,04/10/2026 18:27:10,sim
1,04/10/2026,6257,Presidente,1,municipio,PB,22292,2516409,TACIMA,,,,,PARTIDO COMUNISTA BRASILEIRO,i,PCB,0,21,PCB,PARTIDO COMUNISTA BRASILEIRO,,21,280002551975,EDMILSON SILVA COSTA,EDMILSON COSTA,08/04/1950,10,Válido,nao,,3,0.05,0.049809065,CLEUSA DOS SANTOS,CLEUSA SANTOS,PCB,v,,,,,04/10/2026 18:27:10,sim
1,04/10/2026,6257,Presidente,1,municipio,PB,22292,2516409,TACIMA,,,,,PARTIDO SOCIALISTA  DOS TRABALHADORES UNIFICADO,i,PSTU,0,16,PSTU,PARTIDO SOCIALISTA  DOS TRABALHADORES UNIFICADO,,16,280002541457,HERTZ DA CONCEICAO DIAS,HERTZ DIAS,20/10/1970,9,Válido,nao,,0,0.00,0,VANESSA PORTUGAL BARBOSA,VANESSA PORTUGAL,PSTU,v,,,,,04/10/2026 18:27:10,sim
1,04/10/2026,6257,Presidente,1,municipio,PB,22292,2516409,TACIMA,,,,,BRASIL DOS NOSSOS SONHOS,c,AGIR / AVANTE,,70,AVANTE,AVANTE,,70,280002551547,AUGUSTO JORGE CURY,ESCRITOR AUGUSTO CURY,02/10/1958,3,Válido,nao,,135,2.24,2.241407936,JULIO CESAR DELGADO,JÚLIO DELGADO,AVANTE,v,,,,,04/10/2026 18:27:10,sim
1,04/10/2026,6257,Presidente,1,municipio,PB,22292,2516409,TACIMA,,,,,PARTIDO NOVO,i,NOVO,0,30,NOVO,PARTIDO NOVO,,30,280002539826,ROMEU ZEMA NETO,ZEMA,28/10/1964,6,Válido,nao,,3,0.05,0.049809065,LUIS EDUARDO GRANGEIRO GIRÃO,EDUARDO GIRÃO,NOVO,v,,,,,04/10/2026 18:27:10,sim
1,04/10/2026,6257,Presidente,1,municipio,PB,22292,2516409,TACIMA,,,,,UNIDADE POPULAR,i,UP,0,80,UP,UNIDADE POPULAR,,80,280002538811,SAMARA MARTINS DA SILVA FEITOSA,SAMARA,31/08/1987,7,Válido,nao,,1,0.02,0.016603022,RAQUEL NONATO DE BRICIO,RAQUEL BRÍCIO,UP,v,,,,,04/10/2026 18:27:10,sim
1,04/10/2026,6257,Presidente,1,municipio,PB,22292,2516409,TACIMA,,,,,DEMOCRATA,i,DEMOCRATA,0,35,DEMOCRATA,DEMOCRATA,,35,280002548139,WILSON GRASSI JUNIOR,VETERINÁRIO WILSON GRASSI,13/03/1970,11,Válido,nao,,0,0.00,0,SUÊD HAIDAR NOGUEIRA,SUÊD HAIDAR,DEMOCRATA,v,,,,,04/10/2026 18:27:10,sim
1,04/10/2026,6257,Presidente,1,municipio,PB,22292,2516409,TACIMA,,,,,PARTIDO MISSÃO,i,MISSÃO,0,14,MISSÃO,PARTIDO MISSÃO,,14,280002540694,RENAN ANTONIO FERREIRA DOS SANTOS,RENAN SANTOS,14/02/1984,5,Válido,nao,,74,1.23,1.228623609,AROLDO MEDINA,CORONEL MEDINA,MISSÃO,v,,,,,04/10/2026 18:27:10,sim
1,04/10/2026,6257,Presidente,1,municipio,PB,22292,2516409,TACIMA,,,,,PARTIDO DA CAUSA OPERÁRIA,i,PCO,0,29,PCO,PARTIDO DA CAUSA OPERÁRIA,,29,280002552487,RUI COSTA PIMENTA,RUI COSTA PIMENTA,25/06/1957,12,Válido,nao,,0,0.00,0,ANTONIO CARLOS SILVA,ANTÔNIO CARLOS,PCO,v,,,,,04/10/2026 18:27:10,sim
1,04/10/2026,6257,Presidente,1,municipio,PB,22314,2516508,TAPEROÁ,,,,,PARTIDO LIBERAL,i,PL,0,22,PL,PARTIDO LIBERAL,,22,280002551544,FLAVIO NANTES BOLSONARO,FLAVIO BOLSONARO,30/04/1981,1,Válido,nao,,1825,22.20,22.201946472,ALFREDO GASPAR DE MENDONÇA NETO,ALFREDO GASPAR,PL,v,,,,,04/10/2026 18:31:54,sim
1,04/10/2026,6257,Presidente,1,municipio,PB,22314,2516508,TAPEROÁ,,,,,PARTIDO SOCIAL DEMOCRÁTICO,i,PSD,0,55,PSD,PARTIDO SOCIAL DEMOCRÁTICO,,55,280002551932,RONALDO RAMOS CAIADO,RONALDO CAIADO,25/09/1949,4,Válido,nao,,42,0.51,0.510948905,GILBERTO KASSAB,GILBERTO KASSAB,PSD,v,,,,,04/10/2026 18:31:54,sim
1,04/10/2026,6257,Presidente,1,municipio,PB,22314,2516508,TAPEROÁ,,PT/PC do B/PV,FEDERAÇÃO BRASIL DA ESPERANÇA - FE BRASIL,PT/PC do B/PV,BRASIL PRONTO PRA MAIS,c,PSB / PDT / PCDOB / PT / PV / PSOL / REDE,,13,PT,PARTIDO DOS TRABALHADORES,101,13,280002542548,LUIZ INÁCIO LULA DA SILVA,LULA,06/10/1945,2,Válido,nao,,6102,74.23,74.233576642,GERALDO JOSE RODRIGUES ALCKMIN FILHO,GERALDO ALCKMIN,PSB,v,,,,,04/10/2026 18:31:54,sim
1,04/10/2026,6257,Presidente,1,municipio,PB,22314,2516508,TAPEROÁ,,,,,DEMOCRACIA CRISTÃ,i,DC,0,27,DC,DEMOCRACIA CRISTÃ,,27,280002552484,CLARIANA ZACARKIM BARAO,CLARIANA BARAO,03/04/1987,8,Válido,nao,,0,0.00,0,FABIANA CRISTINA TAVARES TORQUATO,FABIANA TORQUATO,DC,v,,,,,04/10/2026 18:31:54,sim
1,04/10/2026,6257,Presidente,1,municipio,PB,22314,2516508,TAPEROÁ,,,,,PARTIDO COMUNISTA BRASILEIRO,i,PCB,0,21,PCB,PARTIDO COMUNISTA BRASILEIRO,,21,280002551975,EDMILSON SILVA COSTA,EDMILSON COSTA,08/04/1950,10,Válido,nao,,3,0.04,0.036496350,CLEUSA DOS SANTOS,CLEUSA SANTOS,PCB,v,,,,,04/10/2026 18:31:54,sim
1,04/10/2026,6257,Presidente,1,municipio,PB,22314,2516508,TAPEROÁ,,,,,PARTIDO SOCIALISTA  DOS TRABALHADORES UNIFICADO,i,PSTU,0,16,PSTU,PARTIDO SOCIALISTA  DOS TRABALHADORES UNIFICADO,,16,280002541457,HERTZ DA CONCEICAO DIAS,HERTZ DIAS,20/10/1970,9,Válido,nao,,6,0.07,0.072992701,VANESSA PORTUGAL BARBOSA,VANESSA PORTUGAL,PSTU,v,,,,,04/10/2026 18:31:54,sim
1,04/10/2026,6257,Presidente,1,municipio,PB,22314,2516508,TAPEROÁ,,,,,BRASIL DOS NOSSOS SONHOS,c,AGIR / AVANTE,,70,AVANTE,AVANTE,,70,280002551547,AUGUSTO JORGE CURY,ESCRITOR AUGUSTO CURY,02/10/1958,3,Válido,nao,,161,1.96,1.958637470,JULIO CESAR DELGADO,JÚLIO DELGADO,AVANTE,v,,,,,04/10/2026 18:31:54,sim
1,04/10/2026,6257,Presidente,1,municipio,PB,22314,2516508,TAPEROÁ,,,,,PARTIDO NOVO,i,NOVO,0,30,NOVO,PARTIDO NOVO,,30,280002539826,ROMEU ZEMA NETO,ZEMA,28/10/1964,6,Válido,nao,,2,0.02,0.024330900,LUIS EDUARDO GRANGEIRO GIRÃO,EDUARDO GIRÃO,NOVO,v,,,,,04/10/2026 18:31:54,sim
1,04/10/2026,6257,Presidente,1,municipio,PB,22314,2516508,TAPEROÁ,,,,,UNIDADE POPULAR,i,UP,0,80,UP,UNIDADE POPULAR,,80,280002538811,SAMARA MARTINS DA SILVA FEITOSA,SAMARA,31/08/1987,7,Válido,nao,,0,0.00,0,RAQUEL NONATO DE BRICIO,RAQUEL BRÍCIO,UP,v,,,,,04/10/2026 18:31:54,sim
1,04/10/2026,6257,Presidente,1,municipio,PB,22314,2516508,TAPEROÁ,,,,,DEMOCRATA,i,DEMOCRATA,0,35,DEMOCRATA,DEMOCRATA,,35,280002548139,WILSON GRASSI JUNIOR,VETERINÁRIO WILSON GRASSI,13/03/1970,11,Válido,nao,,0,0.00,0,SUÊD HAIDAR NOGUEIRA,SUÊD HAIDAR,DEMOCRATA,v,,,,,04/10/2026 18:31:54,sim
1,04/10/2026,6257,Presidente,1,municipio,PB,22314,2516508,TAPEROÁ,,,,,PARTIDO MISSÃO,i,MISSÃO,0,14,MISSÃO,PARTIDO MISSÃO,,14,280002540694,RENAN ANTONIO FERREIRA DOS SANTOS,RENAN SANTOS,14/02/1984,5,Válido,nao,,79,0.96,0.961070560,AROLDO MEDINA,CORONEL MEDINA,MISSÃO,v,,,,,04/10/2026 18:31:54,sim
1,04/10/2026,6257,Presidente,1,municipio,PB,22314,2516508,TAPEROÁ,,,,,PARTIDO DA CAUSA OPERÁRIA,i,PCO,0,29,PCO,PARTIDO DA CAUSA OPERÁRIA,,29,280002552487,RUI COSTA PIMENTA,RUI COSTA PIMENTA,25/06/1957,12,Válido,nao,,0,0.00,0,ANTONIO CARLOS SILVA,ANTÔNIO CARLOS,PCO,v,,,,,04/10/2026 18:31:54,sim
1,04/10/2026,6257,Presidente,1,municipio,PB,22330,2516607,TAVARES,,,,,PARTIDO LIBERAL,i,PL,0,22,PL,PARTIDO LIBERAL,,22,280002551544,FLAVIO NANTES BOLSONARO,FLAVIO BOLSONARO,30/04/1981,1,Válido,nao,,1172,13.80,13.804475854,ALFREDO GASPAR DE MENDONÇA NETO,ALFREDO GASPAR,PL,v,,,,,04/10/2026 19:23:27,sim
1,04/10/2026,6257,Presidente,1,municipio,PB,22330,2516607,TAVARES,,,,,PARTIDO SOCIAL DEMOCRÁTICO,i,PSD,0,55,PSD,PARTIDO SOCIAL DEMOCRÁTICO,,55,280002551932,RONALDO RAMOS CAIADO,RONALDO CAIADO,25/09/1949,5,Válido,nao,,14,0.16,0.164899882,GILBERTO KASSAB,GILBERTO KASSAB,PSD,v,,,,,04/10/2026 19:23:27,sim
1,04/10/2026,6257,Presidente,1,municipio,PB,22330,2516607,TAVARES,,PT/PC do B/PV,FEDERAÇÃO BRASIL DA ESPERANÇA - FE BRASIL,PT/PC do B/PV,BRASIL PRONTO PRA MAIS,c,PSB / PDT / PCDOB / PT / PV / PSOL / REDE,,13,PT,PARTIDO DOS TRABALHADORES,101,13,280002542548,LUIZ INÁCIO LULA DA SILVA,LULA,06/10/1945,2,Válido,nao,,7091,83.52,83.521790342,GERALDO JOSE RODRIGUES ALCKMIN FILHO,GERALDO ALCKMIN,PSB,v,,,,,04/10/2026 19:23:27,sim
1,04/10/2026,6257,Presidente,1,municipio,PB,22330,2516607,TAVARES,,,,,DEMOCRACIA CRISTÃ,i,DC,0,27,DC,DEMOCRACIA CRISTÃ,,27,280002552484,CLARIANA ZACARKIM BARAO,CLARIANA BARAO,03/04/1987,9,Válido,nao,,1,0.01,0.011778563,FABIANA CRISTINA TAVARES TORQUATO,FABIANA TORQUATO,DC,v,,,,,04/10/2026 19:23:27,sim
1,04/10/2026,6257,Presidente,1,municipio,PB,22330,2516607,TAVARES,,,,,PARTIDO COMUNISTA BRASILEIRO,i,PCB,0,21,PCB,PARTIDO COMUNISTA BRASILEIRO,,21,280002551975,EDMILSON SILVA COSTA,EDMILSON COSTA,08/04/1950,10,Válido,nao,,2,0.02,0.023557126,CLEUSA DOS SANTOS,CLEUSA SANTOS,PCB,v,,,,,04/10/2026 19:23:27,sim
1,04/10/2026,6257,Presidente,1,municipio,PB,22330,2516607,TAVARES,,,,,PARTIDO SOCIALISTA  DOS TRABALHADORES UNIFICADO,i,PSTU,0,16,PSTU,PARTIDO SOCIALISTA  DOS TRABALHADORES UNIFICADO,,16,280002541457,HERTZ DA CONCEICAO DIAS,HERTZ DIAS,20/10/1970,8,Válido,nao,,3,0.04,0.035335689,VANESSA PORTUGAL BARBOSA,VANESSA PORTUGAL,PSTU,v,,,,,04/10/2026 19:23:27,sim
1,04/10/2026,6257,Presidente,1,municipio,PB,22330,2516607,TAVARES,,,,,BRASIL DOS NOSSOS SONHOS,c,AGIR / AVANTE,,70,AVANTE,AVANTE,,70,280002551547,AUGUSTO JORGE CURY,ESCRITOR AUGUSTO CURY,02/10/1958,3,Válido,nao,,85,1.00,1.001177856,JULIO CESAR DELGADO,JÚLIO DELGADO,AVANTE,v,,,,,04/10/2026 19:23:27,sim
1,04/10/2026,6257,Presidente,1,municipio,PB,22330,2516607,TAVARES,,,,,PARTIDO NOVO,i,NOVO,0,30,NOVO,PARTIDO NOVO,,30,280002539826,ROMEU ZEMA NETO,ZEMA,28/10/1964,6,Válido,nao,,1,0.01,0.011778563,LUIS EDUARDO GRANGEIRO GIRÃO,EDUARDO GIRÃO,NOVO,v,,,,,04/10/2026 19:23:27,sim
1,04/10/2026,6257,Presidente,1,municipio,PB,22330,2516607,TAVARES,,,,,UNIDADE POPULAR,i,UP,0,80,UP,UNIDADE POPULAR,,80,280002538811,SAMARA MARTINS DA SILVA FEITOSA,SAMARA,31/08/1987,7,Válido,nao,,2,0.02,0.023557126,RAQUEL NONATO DE BRICIO,RAQUEL BRÍCIO,UP,v,,,,,04/10/2026 19:23:27,sim
1,04/10/2026,6257,Presidente,1,municipio,PB,22330,2516607,TAVARES,,,,,DEMOCRATA,i,DEMOCRATA,0,35,DEMOCRATA,DEMOCRATA,,35,280002548139,WILSON GRASSI JUNIOR,VETERINÁRIO WILSON GRASSI,13/03/1970,11,Válido,nao,,0,0.00,0,SUÊD HAIDAR NOGUEIRA,SUÊD HAIDAR,DEMOCRATA,v,,,,,04/10/2026 19:23:27,sim
1,04/10/2026,6257,Presidente,1,municipio,PB,22330,2516607,TAVARES,,,,,PARTIDO MISSÃO,i,MISSÃO,0,14,MISSÃO,PARTIDO MISSÃO,,14,280002540694,RENAN ANTONIO FERREIRA DOS SANTOS,RENAN SANTOS,14/02/1984,4,Válido,nao,,118,1.39,1.389870436,AROLDO MEDINA,CORONEL MEDINA,MISSÃO,v,,,,,04/10/2026 19:23:27,sim
1,04/10/2026,6257,Presidente,1,municipio,PB,22330,2516607,TAVARES,,,,,PARTIDO DA CAUSA OPERÁRIA,i,PCO,0,29,PCO,PARTIDO DA CAUSA OPERÁRIA,,29,280002552487,RUI COSTA PIMENTA,RUI COSTA PIMENTA,25/06/1957,12,Válido,nao,,1,0.01,0.011778563,ANTONIO CARLOS SILVA,ANTÔNIO CARLOS,PCO,v,,,,,04/10/2026 19:23:27,sim
1,04/10/2026,6257,Presidente,1,municipio,PB,22357,2516706,TEIXEIRA,,,,,PARTIDO LIBERAL,i,PL,0,22,PL,PARTIDO LIBERAL,,22,280002551544,FLAVIO NANTES BOLSONARO,FLAVIO BOLSONARO,30/04/1981,1,Válido,nao,,1901,20.77,20.766877868,ALFREDO GASPAR DE MENDONÇA NETO,ALFREDO GASPAR,PL,v,,,,,04/10/2026 20:21:51,sim
1,04/10/2026,6257,Presidente,1,municipio,PB,22357,2516706,TEIXEIRA,,,,,PARTIDO SOCIAL DEMOCRÁTICO,i,PSD,0,55,PSD,PARTIDO SOCIAL DEMOCRÁTICO,,55,280002551932,RONALDO RAMOS CAIADO,RONALDO CAIADO,25/09/1949,5,Válido,nao,,35,0.38,0.382346515,GILBERTO KASSAB,GILBERTO KASSAB,PSD,v,,,,,04/10/2026 20:21:51,sim
1,04/10/2026,6257,Presidente,1,municipio,PB,22357,2516706,TEIXEIRA,,PT/PC do B/PV,FEDERAÇÃO BRASIL DA ESPERANÇA - FE BRASIL,PT/PC do B/PV,BRASIL PRONTO PRA MAIS,c,PSB / PDT / PCDOB / PT / PV / PSOL / REDE,,13,PT,PARTIDO DOS TRABALHADORES,101,13,280002542548,LUIZ INÁCIO LULA DA SILVA,LULA,06/10/1945,2,Válido,nao,,6957,76.00,75.999563033,GERALDO JOSE RODRIGUES ALCKMIN FILHO,GERALDO ALCKMIN,PSB,v,,,,,04/10/2026 20:21:51,sim
1,04/10/2026,6257,Presidente,1,municipio,PB,22357,2516706,TEIXEIRA,,,,,DEMOCRACIA CRISTÃ,i,DC,0,27,DC,DEMOCRACIA CRISTÃ,,27,280002552484,CLARIANA ZACARKIM BARAO,CLARIANA BARAO,03/04/1987,9,Válido,nao,,2,0.02,0.021848372,FABIANA CRISTINA TAVARES TORQUATO,FABIANA TORQUATO,DC,v,,,,,04/10/2026 20:21:51,sim
1,04/10/2026,6257,Presidente,1,municipio,PB,22357,2516706,TEIXEIRA,,,,,PARTIDO COMUNISTA BRASILEIRO,i,PCB,0,21,PCB,PARTIDO COMUNISTA BRASILEIRO,,21,280002551975,EDMILSON SILVA COSTA,EDMILSON COSTA,08/04/1950,10,Válido,nao,,2,0.02,0.021848372,CLEUSA DOS SANTOS,CLEUSA SANTOS,PCB,v,,,,,04/10/2026 20:21:51,sim
1,04/10/2026,6257,Presidente,1,municipio,PB,22357,2516706,TEIXEIRA,,,,,PARTIDO SOCIALISTA  DOS TRABALHADORES UNIFICADO,i,PSTU,0,16,PSTU,PARTIDO SOCIALISTA  DOS TRABALHADORES UNIFICADO,,16,280002541457,HERTZ DA CONCEICAO DIAS,HERTZ DIAS,20/10/1970,8,Válido,nao,,1,0.01,0.010924186,VANESSA PORTUGAL BARBOSA,VANESSA PORTUGAL,PSTU,v,,,,,04/10/2026 20:21:51,sim
1,04/10/2026,6257,Presidente,1,municipio,PB,22357,2516706,TEIXEIRA,,,,,BRASIL DOS NOSSOS SONHOS,c,AGIR / AVANTE,,70,AVANTE,AVANTE,,70,280002551547,AUGUSTO JORGE CURY,ESCRITOR AUGUSTO CURY,02/10/1958,3,Válido,nao,,152,1.66,1.660476295,JULIO CESAR DELGADO,JÚLIO DELGADO,AVANTE,v,,,,,04/10/2026 20:21:51,sim
1,04/10/2026,6257,Presidente,1,municipio,PB,22357,2516706,TEIXEIRA,,,,,PARTIDO NOVO,i,NOVO,0,30,NOVO,PARTIDO NOVO,,30,280002539826,ROMEU ZEMA NETO,ZEMA,28/10/1964,6,Válido,nao,,0,0.00,0,LUIS EDUARDO GRANGEIRO GIRÃO,EDUARDO GIRÃO,NOVO,v,,,,,04/10/2026 20:21:51,sim
1,04/10/2026,6257,Presidente,1,municipio,PB,22357,2516706,TEIXEIRA,,,,,UNIDADE POPULAR,i,UP,0,80,UP,UNIDADE POPULAR,,80,280002538811,SAMARA MARTINS DA SILVA FEITOSA,SAMARA,31/08/1987,7,Válido,nao,,2,0.02,0.021848372,RAQUEL NONATO DE BRICIO,RAQUEL BRÍCIO,UP,v,,,,,04/10/2026 20:21:51,sim
1,04/10/2026,6257,Presidente,1,municipio,PB,22357,2516706,TEIXEIRA,,,,,DEMOCRATA,i,DEMOCRATA,0,35,DEMOCRATA,DEMOCRATA,,35,280002548139,WILSON GRASSI JUNIOR,VETERINÁRIO WILSON GRASSI,13/03/1970,11,Válido,nao,,1,0.01,0.010924186,SUÊD HAIDAR NOGUEIRA,SUÊD HAIDAR,DEMOCRATA,v,,,,,04/10/2026 20:21:51,sim
1,04/10/2026,6257,Presidente,1,municipio,PB,22357,2516706,TEIXEIRA,,,,,PARTIDO MISSÃO,i,MISSÃO,0,14,MISSÃO,PARTIDO MISSÃO,,14,280002540694,RENAN ANTONIO FERREIRA DOS SANTOS,RENAN SANTOS,14/02/1984,4,Válido,nao,,101,1.10,1.103342801,AROLDO MEDINA,CORONEL MEDINA,MISSÃO,v,,,,,04/10/2026 20:21:51,sim
1,04/10/2026,6257,Presidente,1,municipio,PB,22357,2516706,TEIXEIRA,,,,,PARTIDO DA CAUSA OPERÁRIA,i,PCO,0,29,PCO,PARTIDO DA CAUSA OPERÁRIA,,29,280002552487,RUI COSTA PIMENTA,RUI COSTA PIMENTA,25/06/1957,12,Válido,nao,,0,0.00,0,ANTONIO CARLOS SILVA,ANTÔNIO CARLOS,PCO,v,,,,,04/10/2026 20:21:51,sim
1,04/10/2026,6257,Presidente,1,municipio,PB,22373,2516805,TRIUNFO,,,,,PARTIDO LIBERAL,i,PL,0,22,PL,PARTIDO LIBERAL,,22,280002551544,FLAVIO NANTES BOLSONARO,FLAVIO BOLSONARO,30/04/1981,1,Válido,nao,,823,13.93,13.925549915,ALFREDO GASPAR DE MENDONÇA NETO,ALFREDO GASPAR,PL,v,,,,,04/10/2026 18:41:11,sim
1,04/10/2026,6257,Presidente,1,municipio,PB,22373,2516805,TRIUNFO,,,,,PARTIDO SOCIAL DEMOCRÁTICO,i,PSD,0,55,PSD,PARTIDO SOCIAL DEMOCRÁTICO,,55,280002551932,RONALDO RAMOS CAIADO,RONALDO CAIADO,25/09/1949,4,Válido,nao,,22,0.37,0.372250423,GILBERTO KASSAB,GILBERTO KASSAB,PSD,v,,,,,04/10/2026 18:41:11,sim
1,04/10/2026,6257,Presidente,1,municipio,PB,22373,2516805,TRIUNFO,,PT/PC do B/PV,FEDERAÇÃO BRASIL DA ESPERANÇA - FE BRASIL,PT/PC do B/PV,BRASIL PRONTO PRA MAIS,c,PSB / PDT / PCDOB / PT / PV / PSOL / REDE,,13,PT,PARTIDO DOS TRABALHADORES,101,13,280002542548,LUIZ INÁCIO LULA DA SILVA,LULA,06/10/1945,2,Válido,nao,,4848,82.03,82.030456853,GERALDO JOSE RODRIGUES ALCKMIN FILHO,GERALDO ALCKMIN,PSB,v,,,,,04/10/2026 18:41:11,sim
1,04/10/2026,6257,Presidente,1,municipio,PB,22373,2516805,TRIUNFO,,,,,DEMOCRACIA CRISTÃ,i,DC,0,27,DC,DEMOCRACIA CRISTÃ,,27,280002552484,CLARIANA ZACARKIM BARAO,CLARIANA BARAO,03/04/1987,9,Válido,nao,,0,0.00,0,FABIANA CRISTINA TAVARES TORQUATO,FABIANA TORQUATO,DC,v,,,,,04/10/2026 18:41:11,sim
1,04/10/2026,6257,Presidente,1,municipio,PB,22373,2516805,TRIUNFO,,,,,PARTIDO COMUNISTA BRASILEIRO,i,PCB,0,21,PCB,PARTIDO COMUNISTA BRASILEIRO,,21,280002551975,EDMILSON SILVA COSTA,EDMILSON COSTA,08/04/1950,10,Válido,nao,,0,0.00,0,CLEUSA DOS SANTOS,CLEUSA SANTOS,PCB,v,,,,,04/10/2026 18:41:11,sim
1,04/10/2026,6257,Presidente,1,municipio,PB,22373,2516805,TRIUNFO,,,,,PARTIDO SOCIALISTA  DOS TRABALHADORES UNIFICADO,i,PSTU,0,16,PSTU,PARTIDO SOCIALISTA  DOS TRABALHADORES UNIFICADO,,16,280002541457,HERTZ DA CONCEICAO DIAS,HERTZ DIAS,20/10/1970,8,Válido,nao,,1,0.02,0.016920474,VANESSA PORTUGAL BARBOSA,VANESSA PORTUGAL,PSTU,v,,,,,04/10/2026 18:41:11,sim
1,04/10/2026,6257,Presidente,1,municipio,PB,22373,2516805,TRIUNFO,,,,,BRASIL DOS NOSSOS SONHOS,c,AGIR / AVANTE,,70,AVANTE,AVANTE,,70,280002551547,AUGUSTO JORGE CURY,ESCRITOR AUGUSTO CURY,02/10/1958,3,Válido,nao,,135,2.28,2.284263959,JULIO CESAR DELGADO,JÚLIO DELGADO,AVANTE,v,,,,,04/10/2026 18:41:11,sim
1,04/10/2026,6257,Presidente,1,municipio,PB,22373,2516805,TRIUNFO,,,,,PARTIDO NOVO,i,NOVO,0,30,NOVO,PARTIDO NOVO,,30,280002539826,ROMEU ZEMA NETO,ZEMA,28/10/1964,6,Válido,nao,,2,0.03,0.033840948,LUIS EDUARDO GRANGEIRO GIRÃO,EDUARDO GIRÃO,NOVO,v,,,,,04/10/2026 18:41:11,sim
1,04/10/2026,6257,Presidente,1,municipio,PB,22373,2516805,TRIUNFO,,,,,UNIDADE POPULAR,i,UP,0,80,UP,UNIDADE POPULAR,,80,280002538811,SAMARA MARTINS DA SILVA FEITOSA,SAMARA,31/08/1987,7,Válido,nao,,1,0.02,0.016920474,RAQUEL NONATO DE BRICIO,RAQUEL BRÍCIO,UP,v,,,,,04/10/2026 18:41:11,sim
1,04/10/2026,6257,Presidente,1,municipio,PB,22373,2516805,TRIUNFO,,,,,DEMOCRATA,i,DEMOCRATA,0,35,DEMOCRATA,DEMOCRATA,,35,280002548139,WILSON GRASSI JUNIOR,VETERINÁRIO WILSON GRASSI,13/03/1970,11,Válido,nao,,0,0.00,0,SUÊD HAIDAR NOGUEIRA,SUÊD HAIDAR,DEMOCRATA,v,,,,,04/10/2026 18:41:11,sim
1,04/10/2026,6257,Presidente,1,municipio,PB,22373,2516805,TRIUNFO,,,,,PARTIDO MISSÃO,i,MISSÃO,0,14,MISSÃO,PARTIDO MISSÃO,,14,280002540694,RENAN ANTONIO FERREIRA DOS SANTOS,RENAN SANTOS,14/02/1984,5,Válido,nao,,78,1.32,1.319796954,AROLDO MEDINA,CORONEL MEDINA,MISSÃO,v,,,,,04/10/2026 18:41:11,sim
1,04/10/2026,6257,Presidente,1,municipio,PB,22373,2516805,TRIUNFO,,,,,PARTIDO DA CAUSA OPERÁRIA,i,PCO,0,29,PCO,PARTIDO DA CAUSA OPERÁRIA,,29,280002552487,RUI COSTA PIMENTA,RUI COSTA PIMENTA,25/06/1957,12,Válido,nao,,0,0.00,0,ANTONIO CARLOS SILVA,ANTÔNIO CARLOS,PCO,v,,,,,04/10/2026 18:41:11,sim
1,04/10/2026,6257,Presidente,1,municipio,PB,22390,2516904,UIRAÚNA,,,,,PARTIDO LIBERAL,i,PL,0,22,PL,PARTIDO LIBERAL,,22,280002551544,FLAVIO NANTES BOLSONARO,FLAVIO BOLSONARO,30/04/1981,1,Válido,nao,,2143,21.28,21.283146291,ALFREDO GASPAR DE MENDONÇA NETO,ALFREDO GASPAR,PL,v,,,,,04/10/2026 21:11:59,sim
1,04/10/2026,6257,Presidente,1,municipio,PB,22390,2516904,UIRAÚNA,,,,,PARTIDO SOCIAL DEMOCRÁTICO,i,PSD,0,55,PSD,PARTIDO SOCIAL DEMOCRÁTICO,,55,280002551932,RONALDO RAMOS CAIADO,RONALDO CAIADO,25/09/1949,5,Válido,nao,,57,0.57,0.566093952,GILBERTO KASSAB,GILBERTO KASSAB,PSD,v,,,,,04/10/2026 21:11:59,sim
1,04/10/2026,6257,Presidente,1,municipio,PB,22390,2516904,UIRAÚNA,,PT/PC do B/PV,FEDERAÇÃO BRASIL DA ESPERANÇA - FE BRASIL,PT/PC do B/PV,BRASIL PRONTO PRA MAIS,c,PSB / PDT / PCDOB / PT / PV / PSOL / REDE,,13,PT,PARTIDO DOS TRABALHADORES,101,13,280002542548,LUIZ INÁCIO LULA DA SILVA,LULA,06/10/1945,2,Válido,nao,,7431,73.80,73.800774655,GERALDO JOSE RODRIGUES ALCKMIN FILHO,GERALDO ALCKMIN,PSB,v,,,,,04/10/2026 21:11:59,sim
1,04/10/2026,6257,Presidente,1,municipio,PB,22390,2516904,UIRAÚNA,,,,,DEMOCRACIA CRISTÃ,i,DC,0,27,DC,DEMOCRACIA CRISTÃ,,27,280002552484,CLARIANA ZACARKIM BARAO,CLARIANA BARAO,03/04/1987,9,Válido,nao,,0,0.00,0,FABIANA CRISTINA TAVARES TORQUATO,FABIANA TORQUATO,DC,v,,,,,04/10/2026 21:11:59,sim
1,04/10/2026,6257,Presidente,1,municipio,PB,22390,2516904,UIRAÚNA,,,,,PARTIDO COMUNISTA BRASILEIRO,i,PCB,0,21,PCB,PARTIDO COMUNISTA BRASILEIRO,,21,280002551975,EDMILSON SILVA COSTA,EDMILSON COSTA,08/04/1950,10,Válido,nao,,1,0.01,0.009931473,CLEUSA DOS SANTOS,CLEUSA SANTOS,PCB,v,,,,,04/10/2026 21:11:59,sim
1,04/10/2026,6257,Presidente,1,municipio,PB,22390,2516904,UIRAÚNA,,,,,PARTIDO SOCIALISTA  DOS TRABALHADORES UNIFICADO,i,PSTU,0,16,PSTU,PARTIDO SOCIALISTA  DOS TRABALHADORES UNIFICADO,,16,280002541457,HERTZ DA CONCEICAO DIAS,HERTZ DIAS,20/10/1970,8,Válido,nao,,2,0.02,0.019862946,VANESSA PORTUGAL BARBOSA,VANESSA PORTUGAL,PSTU,v,,,,,04/10/2026 21:11:59,sim
1,04/10/2026,6257,Presidente,1,municipio,PB,22390,2516904,UIRAÚNA,,,,,BRASIL DOS NOSSOS SONHOS,c,AGIR / AVANTE,,70,AVANTE,AVANTE,,70,280002551547,AUGUSTO JORGE CURY,ESCRITOR AUGUSTO CURY,02/10/1958,3,Válido,nao,,270,2.68,2.681497666,JULIO CESAR DELGADO,JÚLIO DELGADO,AVANTE,v,,,,,04/10/2026 21:11:59,sim
1,04/10/2026,6257,Presidente,1,municipio,PB,22390,2516904,UIRAÚNA,,,,,PARTIDO NOVO,i,NOVO,0,30,NOVO,PARTIDO NOVO,,30,280002539826,ROMEU ZEMA NETO,ZEMA,28/10/1964,6,Válido,nao,,5,0.05,0.049657364,LUIS EDUARDO GRANGEIRO GIRÃO,EDUARDO GIRÃO,NOVO,v,,,,,04/10/2026 21:11:59,sim
1,04/10/2026,6257,Presidente,1,municipio,PB,22390,2516904,UIRAÚNA,,,,,UNIDADE POPULAR,i,UP,0,80,UP,UNIDADE POPULAR,,80,280002538811,SAMARA MARTINS DA SILVA FEITOSA,SAMARA,31/08/1987,7,Válido,nao,,4,0.04,0.039725891,RAQUEL NONATO DE BRICIO,RAQUEL BRÍCIO,UP,v,,,,,04/10/2026 21:11:59,sim
1,04/10/2026,6257,Presidente,1,municipio,PB,22390,2516904,UIRAÚNA,,,,,DEMOCRATA,i,DEMOCRATA,0,35,DEMOCRATA,DEMOCRATA,,35,280002548139,WILSON GRASSI JUNIOR,VETERINÁRIO WILSON GRASSI,13/03/1970,11,Válido,nao,,2,0.02,0.019862946,SUÊD HAIDAR NOGUEIRA,SUÊD HAIDAR,DEMOCRATA,v,,,,,04/10/2026 21:11:59,sim
1,04/10/2026,6257,Presidente,1,municipio,PB,22390,2516904,UIRAÚNA,,,,,PARTIDO MISSÃO,i,MISSÃO,0,14,MISSÃO,PARTIDO MISSÃO,,14,280002540694,RENAN ANTONIO FERREIRA DOS SANTOS,RENAN SANTOS,14/02/1984,4,Válido,nao,,154,1.53,1.529446817,AROLDO MEDINA,CORONEL MEDINA,MISSÃO,v,,,,,04/10/2026 21:11:59,sim
1,04/10/2026,6257,Presidente,1,municipio,PB,22390,2516904,UIRAÚNA,,,,,PARTIDO DA CAUSA OPERÁRIA,i,PCO,0,29,PCO,PARTIDO DA CAUSA OPERÁRIA,,29,280002552487,RUI COSTA PIMENTA,RUI COSTA PIMENTA,25/06/1957,12,Válido,nao,,0,0.00,0,ANTONIO CARLOS SILVA,ANTÔNIO CARLOS,PCO,v,,,,,04/10/2026 21:11:59,sim
1,04/10/2026,6257,Presidente,1,municipio,PB,22411,2517001,UMBUZEIRO,,,,,PARTIDO LIBERAL,i,PL,0,22,PL,PARTIDO LIBERAL,,22,280002551544,FLAVIO NANTES BOLSONARO,FLAVIO BOLSONARO,30/04/1981,1,Válido,nao,,1366,22.92,22.919463087,ALFREDO GASPAR DE MENDONÇA NETO,ALFREDO GASPAR,PL,v,,,,,04/10/2026 20:54:27,sim
1,04/10/2026,6257,Presidente,1,municipio,PB,22411,2517001,UMBUZEIRO,,,,,PARTIDO SOCIAL DEMOCRÁTICO,i,PSD,0,55,PSD,PARTIDO SOCIAL DEMOCRÁTICO,,55,280002551932,RONALDO RAMOS CAIADO,RONALDO CAIADO,25/09/1949,5,Válido,nao,,39,0.65,0.654362416,GILBERTO KASSAB,GILBERTO KASSAB,PSD,v,,,,,04/10/2026 20:54:27,sim
1,04/10/2026,6257,Presidente,1,municipio,PB,22411,2517001,UMBUZEIRO,,PT/PC do B/PV,FEDERAÇÃO BRASIL DA ESPERANÇA - FE BRASIL,PT/PC do B/PV,BRASIL PRONTO PRA MAIS,c,PSB / PDT / PCDOB / PT / PV / PSOL / REDE,,13,PT,PARTIDO DOS TRABALHADORES,101,13,280002542548,LUIZ INÁCIO LULA DA SILVA,LULA,06/10/1945,2,Válido,nao,,4314,72.38,72.382550336,GERALDO JOSE RODRIGUES ALCKMIN FILHO,GERALDO ALCKMIN,PSB,v,,,,,04/10/2026 20:54:27,sim
1,04/10/2026,6257,Presidente,1,municipio,PB,22411,2517001,UMBUZEIRO,,,,,DEMOCRACIA CRISTÃ,i,DC,0,27,DC,DEMOCRACIA CRISTÃ,,27,280002552484,CLARIANA ZACARKIM BARAO,CLARIANA BARAO,03/04/1987,9,Válido,nao,,0,0.00,0,FABIANA CRISTINA TAVARES TORQUATO,FABIANA TORQUATO,DC,v,,,,,04/10/2026 20:54:27,sim
1,04/10/2026,6257,Presidente,1,municipio,PB,22411,2517001,UMBUZEIRO,,,,,PARTIDO COMUNISTA BRASILEIRO,i,PCB,0,21,PCB,PARTIDO COMUNISTA BRASILEIRO,,21,280002551975,EDMILSON SILVA COSTA,EDMILSON COSTA,08/04/1950,10,Válido,nao,,1,0.02,0.016778523,CLEUSA DOS SANTOS,CLEUSA SANTOS,PCB,v,,,,,04/10/2026 20:54:27,sim
1,04/10/2026,6257,Presidente,1,municipio,PB,22411,2517001,UMBUZEIRO,,,,,PARTIDO SOCIALISTA  DOS TRABALHADORES UNIFICADO,i,PSTU,0,16,PSTU,PARTIDO SOCIALISTA  DOS TRABALHADORES UNIFICADO,,16,280002541457,HERTZ DA CONCEICAO DIAS,HERTZ DIAS,20/10/1970,8,Válido,nao,,5,0.08,0.083892617,VANESSA PORTUGAL BARBOSA,VANESSA PORTUGAL,PSTU,v,,,,,04/10/2026 20:54:27,sim
1,04/10/2026,6257,Presidente,1,municipio,PB,22411,2517001,UMBUZEIRO,,,,,BRASIL DOS NOSSOS SONHOS,c,AGIR / AVANTE,,70,AVANTE,AVANTE,,70,280002551547,AUGUSTO JORGE CURY,ESCRITOR AUGUSTO CURY,02/10/1958,3,Válido,nao,,139,2.33,2.332214765,JULIO CESAR DELGADO,JÚLIO DELGADO,AVANTE,v,,,,,04/10/2026 20:54:27,sim
1,04/10/2026,6257,Presidente,1,municipio,PB,22411,2517001,UMBUZEIRO,,,,,PARTIDO NOVO,i,NOVO,0,30,NOVO,PARTIDO NOVO,,30,280002539826,ROMEU ZEMA NETO,ZEMA,28/10/1964,6,Válido,nao,,2,0.03,0.033557047,LUIS EDUARDO GRANGEIRO GIRÃO,EDUARDO GIRÃO,NOVO,v,,,,,04/10/2026 20:54:27,sim
1,04/10/2026,6257,Presidente,1,municipio,PB,22411,2517001,UMBUZEIRO,,,,,UNIDADE POPULAR,i,UP,0,80,UP,UNIDADE POPULAR,,80,280002538811,SAMARA MARTINS DA SILVA FEITOSA,SAMARA,31/08/1987,7,Válido,nao,,2,0.03,0.033557047,RAQUEL NONATO DE BRICIO,RAQUEL BRÍCIO,UP,v,,,,,04/10/2026 20:54:27,sim
1,04/10/2026,6257,Presidente,1,municipio,PB,22411,2517001,UMBUZEIRO,,,,,DEMOCRATA,i,DEMOCRATA,0,35,DEMOCRATA,DEMOCRATA,,35,280002548139,WILSON GRASSI JUNIOR,VETERINÁRIO WILSON GRASSI,13/03/1970,11,Válido,nao,,2,0.03,0.033557047,SUÊD HAIDAR NOGUEIRA,SUÊD HAIDAR,DEMOCRATA,v,,,,,04/10/2026 20:54:27,sim
1,04/10/2026,6257,Presidente,1,municipio,PB,22411,2517001,UMBUZEIRO,,,,,PARTIDO MISSÃO,i,MISSÃO,0,14,MISSÃO,PARTIDO MISSÃO,,14,280002540694,RENAN ANTONIO FERREIRA DOS SANTOS,RENAN SANTOS,14/02/1984,4,Válido,nao,,88,1.48,1.476510067,AROLDO MEDINA,CORONEL MEDINA,MISSÃO,v,,,,,04/10/2026 20:54:27,sim
1,04/10/2026,6257,Presidente,1,municipio,PB,22411,2517001,UMBUZEIRO,,,,,PARTIDO DA CAUSA OPERÁRIA,i,PCO,0,29,PCO,PARTIDO DA CAUSA OPERÁRIA,,29,280002552487,RUI COSTA PIMENTA,RUI COSTA PIMENTA,25/06/1957,12,Válido,nao,,2,0.03,0.033557047,ANTONIO CARLOS SILVA,ANTÔNIO CARLOS,PCO,v,,,,,04/10/2026 20:54:27,sim
1,04/10/2026,6257,Presidente,1,municipio,PB,22438,2517100,VÁRZEA,,,,,PARTIDO LIBERAL,i,PL,0,22,PL,PARTIDO LIBERAL,,22,280002551544,FLAVIO NANTES BOLSONARO,FLAVIO BOLSONARO,30/04/1981,1,Válido,nao,,502,21.17,21.172501054,ALFREDO GASPAR DE MENDONÇA NETO,ALFREDO GASPAR,PL,v,,,,,04/10/2026 18:21:55,sim
1,04/10/2026,6257,Presidente,1,municipio,PB,22438,2517100,VÁRZEA,,,,,PARTIDO SOCIAL DEMOCRÁTICO,i,PSD,0,55,PSD,PARTIDO SOCIAL DEMOCRÁTICO,,55,280002551932,RONALDO RAMOS CAIADO,RONALDO CAIADO,25/09/1949,4,Válido,nao,,19,0.80,0.801349642,GILBERTO KASSAB,GILBERTO KASSAB,PSD,v,,,,,04/10/2026 18:21:55,sim
1,04/10/2026,6257,Presidente,1,municipio,PB,22438,2517100,VÁRZEA,,PT/PC do B/PV,FEDERAÇÃO BRASIL DA ESPERANÇA - FE BRASIL,PT/PC do B/PV,BRASIL PRONTO PRA MAIS,c,PSB / PDT / PCDOB / PT / PV / PSOL / REDE,,13,PT,PARTIDO DOS TRABALHADORES,101,13,280002542548,LUIZ INÁCIO LULA DA SILVA,LULA,06/10/1945,2,Válido,nao,,1755,74.02,74.019401097,GERALDO JOSE RODRIGUES ALCKMIN FILHO,GERALDO ALCKMIN,PSB,v,,,,,04/10/2026 18:21:55,sim
1,04/10/2026,6257,Presidente,1,municipio,PB,22438,2517100,VÁRZEA,,,,,DEMOCRACIA CRISTÃ,i,DC,0,27,DC,DEMOCRACIA CRISTÃ,,27,280002552484,CLARIANA ZACARKIM BARAO,CLARIANA BARAO,03/04/1987,8,Válido,nao,,0,0.00,0,FABIANA CRISTINA TAVARES TORQUATO,FABIANA TORQUATO,DC,v,,,,,04/10/2026 18:21:55,sim
1,04/10/2026,6257,Presidente,1,municipio,PB,22438,2517100,VÁRZEA,,,,,PARTIDO COMUNISTA BRASILEIRO,i,PCB,0,21,PCB,PARTIDO COMUNISTA BRASILEIRO,,21,280002551975,EDMILSON SILVA COSTA,EDMILSON COSTA,08/04/1950,10,Válido,nao,,0,0.00,0,CLEUSA DOS SANTOS,CLEUSA SANTOS,PCB,v,,,,,04/10/2026 18:21:55,sim
1,04/10/2026,6257,Presidente,1,municipio,PB,22438,2517100,VÁRZEA,,,,,PARTIDO SOCIALISTA  DOS TRABALHADORES UNIFICADO,i,PSTU,0,16,PSTU,PARTIDO SOCIALISTA  DOS TRABALHADORES UNIFICADO,,16,280002541457,HERTZ DA CONCEICAO DIAS,HERTZ DIAS,20/10/1970,9,Válido,nao,,2,0.08,0.084352594,VANESSA PORTUGAL BARBOSA,VANESSA PORTUGAL,PSTU,v,,,,,04/10/2026 18:21:55,sim
1,04/10/2026,6257,Presidente,1,municipio,PB,22438,2517100,VÁRZEA,,,,,BRASIL DOS NOSSOS SONHOS,c,AGIR / AVANTE,,70,AVANTE,AVANTE,,70,280002551547,AUGUSTO JORGE CURY,ESCRITOR AUGUSTO CURY,02/10/1958,3,Válido,nao,,61,2.57,2.572754112,JULIO CESAR DELGADO,JÚLIO DELGADO,AVANTE,v,,,,,04/10/2026 18:21:55,sim
1,04/10/2026,6257,Presidente,1,municipio,PB,22438,2517100,VÁRZEA,,,,,PARTIDO NOVO,i,NOVO,0,30,NOVO,PARTIDO NOVO,,30,280002539826,ROMEU ZEMA NETO,ZEMA,28/10/1964,6,Válido,nao,,3,0.13,0.126528891,LUIS EDUARDO GRANGEIRO GIRÃO,EDUARDO GIRÃO,NOVO,v,,,,,04/10/2026 18:21:55,sim
1,04/10/2026,6257,Presidente,1,municipio,PB,22438,2517100,VÁRZEA,,,,,UNIDADE POPULAR,i,UP,0,80,UP,UNIDADE POPULAR,,80,280002538811,SAMARA MARTINS DA SILVA FEITOSA,SAMARA,31/08/1987,7,Válido,nao,,0,0.00,0,RAQUEL NONATO DE BRICIO,RAQUEL BRÍCIO,UP,v,,,,,04/10/2026 18:21:55,sim
1,04/10/2026,6257,Presidente,1,municipio,PB,22438,2517100,VÁRZEA,,,,,DEMOCRATA,i,DEMOCRATA,0,35,DEMOCRATA,DEMOCRATA,,35,280002548139,WILSON GRASSI JUNIOR,VETERINÁRIO WILSON GRASSI,13/03/1970,11,Válido,nao,,0,0.00,0,SUÊD HAIDAR NOGUEIRA,SUÊD HAIDAR,DEMOCRATA,v,,,,,04/10/2026 18:21:55,sim
1,04/10/2026,6257,Presidente,1,municipio,PB,22438,2517100,VÁRZEA,,,,,PARTIDO MISSÃO,i,MISSÃO,0,14,MISSÃO,PARTIDO MISSÃO,,14,280002540694,RENAN ANTONIO FERREIRA DOS SANTOS,RENAN SANTOS,14/02/1984,5,Válido,nao,,29,1.22,1.223112611,AROLDO MEDINA,CORONEL MEDINA,MISSÃO,v,,,,,04/10/2026 18:21:55,sim
1,04/10/2026,6257,Presidente,1,municipio,PB,22438,2517100,VÁRZEA,,,,,PARTIDO DA CAUSA OPERÁRIA,i,PCO,0,29,PCO,PARTIDO DA CAUSA OPERÁRIA,,29,280002552487,RUI COSTA PIMENTA,RUI COSTA PIMENTA,25/06/1957,12,Válido,nao,,0,0.00,0,ANTONIO CARLOS SILVA,ANTÔNIO CARLOS,PCO,v,,,,,04/10/2026 18:21:55,sim
