turno,data_eleicao,cd_eleicao,cargo,cd_cargo,nivel,uf,cd_municipio_tse,cd_municipio_ibge,municipio,zona,secoes_total,secoes_totalizadas,pct_secoes_totalizadas,secoes_nao_totalizadas,secoes_instaladas,secoes_nao_instaladas,secoes_anuladas,secoes_nao_anuladas,eleitorado_apto,eleitorado_secoes_totalizadas,pct_eleitorado_totalizado,eleitorado_nao_totalizado,eleitorado_instalado,eleitorado_nao_instalado,eleitorado_anulado,eleitorado_nao_anulado,comparecimento,pct_comparecimento,abstencao,pct_abstencao,votos_totais,votos_validos_contabilizados,pct_validos_contabilizados,votos_validos,votos_nominais,pct_nominais,votos_legenda,pct_legenda,votos_legenda_sem_juncao,votos_brancos,pct_brancos,votos_nulos_total,pct_nulos,votos_nulos,votos_nulos_tecnicos,votos_anulados,votos_anulados_sub_judice,data_totalizacao,hora_totalizacao,gerado_em,oficial
1,04/10/2026,6257,Presidente,1,municipio,BA,30007,2919553,LUÍS EDUARDO MAGALHÃES,,241,241,100.00,0,241,0,241,0,81123,81123,100.00,0,81123,0,81123,0,63933,78.81,17190,21.19,63933,62061,97.07,62061,62061,100.00,0,0.00,0,744,1.16,1128,1.76,1128,0,0,0,04/10/2026,20:28:06,04/10/2026 20:29:08,sim
1,04/10/2026,6257,Presidente,1,municipio,BA,30058,2910727,EUNÁPOLIS,,267,267,100.00,0,267,0,267,0,83372,83372,100.00,0,83372,0,83372,0,64629,77.52,18743,22.48,64629,61415,95.03,61415,61415,100.00,0,0.00,0,1063,1.64,2151,3.33,2149,2,0,0,04/10/2026,20:58:10,04/10/2026 20:59:14,sim
1,04/10/2026,6257,Presidente,1,municipio,BA,30660,2917334,IUIU,,28,28,100.00,0,28,0,28,0,8643,8643,100.00,0,8643,0,8643,0,7018,81.20,1625,18.80,7018,6764,96.38,6764,6764,100.00,0,0.00,0,102,1.45,152,2.17,152,0,0,0,04/10/2026,20:08:23,04/10/2026 20:10:39,sim
1,04/10/2026,6257,Presidente,1,municipio,BA,30678,2917359,JABORANDI,,34,34,100.00,0,34,0,34,0,10158,10158,100.00,0,10158,0,10158,0,7745,76.25,2413,23.75,7745,7370,95.16,7370,7370,100.00,0,0.00,0,122,1.58,253,3.27,253,0,0,0,04/10/2026,21:24:32,04/10/2026 21:25:04,sim
1,04/10/2026,6257,Presidente,1,municipio,BA,30694,2918555,JUSSARI,,16,16,100.00,0,16,0,16,0,4647,4647,100.00,0,4647,0,4647,0,3644,78.42,1003,21.58,3644,3467,95.14,3467,3467,100.00,0,0.00,0,32,0.88,145,3.98,144,1,0,0,04/10/2026,20:54:15,04/10/2026 20:55:18,sim
1,04/10/2026,6257,Presidente,1,municipio,BA,30716,2901155,AMÉRICA DOURADA,,42,42,100.00,0,42,0,42,0,12503,12503,100.00,0,12503,0,12503,0,10243,81.92,2260,18.08,10243,9892,96.57,9892,9892,100.00,0,0.00,0,134,1.31,217,2.12,217,0,0,0,04/10/2026,19:18:41,04/10/2026 19:21:07,sim
1,04/10/2026,6257,Presidente,1,municipio,BA,30732,2902252,ARATACA,,24,24,100.00,0,24,0,24,0,6559,6559,100.00,0,6559,0,6559,0,4935,75.24,1624,24.76,4935,4728,95.81,4728,4728,100.00,0,0.00,0,41,0.83,166,3.36,166,0,0,0,04/10/2026,19:12:39,04/10/2026 19:13:38,sim
1,04/10/2026,6257,Presidente,1,municipio,BA,30759,2903235,BARRO ALTO,,41,41,100.00,0,41,0,41,0,11523,11523,100.00,0,11523,0,11523,0,9432,81.85,2091,18.15,9432,9056,96.01,9056,9056,100.00,0,0.00,0,122,1.29,254,2.69,254,0,0,0,04/10/2026,20:11:24,04/10/2026 20:12:14,sim
1,04/10/2026,6257,Presidente,1,municipio,BA,30775,2903276,BARROCAS,,52,52,100.00,0,52,0,52,0,14895,14895,100.00,0,14895,0,14895,0,12391,83.19,2504,16.81,12391,11884,95.91,11884,11884,100.00,0,0.00,0,152,1.23,355,2.86,355,0,0,0,04/10/2026,22:18:25,04/10/2026 22:19:22,sim
1,04/10/2026,6257,Presidente,1,municipio,BA,30791,2904753,BURITIRAMA,,53,53,100.00,0,53,0,53,0,15728,15728,100.00,0,15728,0,15728,0,12419,78.96,3309,21.04,12419,11897,95.80,11897,11897,100.00,0,0.00,0,78,0.63,444,3.58,444,0,0,0,04/10/2026,21:40:19,04/10/2026 21:41:02,sim
1,04/10/2026,6257,Presidente,1,municipio,BA,30813,2906857,CAPELA DO ALTO ALEGRE,,36,36,100.00,0,36,0,36,0,9756,9756,100.00,0,9756,0,9756,0,8015,82.15,1741,17.85,8015,7579,94.56,7579,7579,100.00,0,0.00,0,132,1.65,304,3.79,303,1,0,0,04/10/2026,21:31:33,04/10/2026 21:32:26,sim
1,04/10/2026,6257,Presidente,1,municipio,BA,30830,2906873,CAPIM GROSSO,,75,75,100.00,0,75,0,75,0,24872,24872,100.00,0,24872,0,24872,0,20311,81.66,4561,18.34,20311,19243,94.74,19243,19243,100.00,0,0.00,0,344,1.69,724,3.56,724,0,0,0,04/10/2026,20:47:04,04/10/2026 20:48:08,sim
1,04/10/2026,6257,Presidente,1,municipio,BA,30856,2906824,CANUDOS,,51,51,100.00,0,51,0,51,0,13077,13077,100.00,0,13077,0,13077,0,10763,82.30,2314,17.70,10763,10332,96.00,10332,10332,100.00,0,0.00,0,84,0.78,347,3.22,347,0,0,0,04/10/2026,20:10:04,04/10/2026 20:11:19,sim
1,04/10/2026,6257,Presidente,1,municipio,BA,30872,2910057,DIAS D'ÁVILA,,169,169,100.00,0,169,0,169,0,53134,53134,100.00,0,53134,0,53134,0,41256,77.65,11878,22.35,41256,38501,93.32,38501,38501,100.00,0,0.00,0,956,2.32,1799,4.36,1798,1,0,0,04/10/2026,20:52:12,04/10/2026 20:53:28,sim
1,04/10/2026,6257,Presidente,1,municipio,BA,30899,2910750,FÁTIMA,,48,48,100.00,0,48,0,48,0,15318,15318,100.00,0,15318,0,15318,0,12801,83.57,2517,16.43,12801,12199,95.30,12199,12199,100.00,0,0.00,0,191,1.49,411,3.21,410,1,0,0,04/10/2026,23:05:02,04/10/2026 23:08:43,sim
1,04/10/2026,6257,Presidente,1,municipio,BA,30910,2910859,FILADÉLFIA,,50,50,100.00,0,50,0,50,0,15281,15281,100.00,0,15281,0,15281,0,12559,82.19,2722,17.81,12559,11992,95.49,11992,11992,100.00,0,0.00,0,212,1.69,355,2.83,355,0,0,0,04/10/2026,20:54:44,04/10/2026 20:55:48,sim
1,04/10/2026,6257,Presidente,1,municipio,BA,30937,2911253,GAVIÃO,,19,19,100.00,0,19,0,19,0,4375,4375,100.00,0,4375,0,4375,0,3570,81.60,805,18.40,3570,3298,92.38,3298,3298,100.00,0,0.00,0,65,1.82,207,5.80,207,0,0,0,04/10/2026,20:13:34,04/10/2026 20:14:30,sim
1,04/10/2026,6257,Presidente,1,municipio,BA,30953,2911659,GUAJERU,,21,21,100.00,0,21,0,21,0,6431,6431,100.00,0,6431,0,6431,0,4851,75.43,1580,24.57,4851,4673,96.33,4673,4673,100.00,0,0.00,0,48,0.99,130,2.68,130,0,0,0,04/10/2026,20:59:12,04/10/2026 21:00:29,sim
1,04/10/2026,6257,Presidente,1,municipio,BA,30970,2911857,HELIÓPOLIS,,39,39,100.00,0,39,0,39,0,12729,12729,100.00,0,12729,0,12729,0,10069,79.10,2660,20.90,10069,9723,96.56,9723,9723,100.00,0,0.00,0,106,1.05,240,2.38,240,0,0,0,04/10/2026,21:36:43,04/10/2026 21:37:43,sim
1,04/10/2026,6257,Presidente,1,municipio,BA,30996,2918357,JOÃO DOURADO,,59,59,100.00,0,59,0,59,0,19862,19862,100.00,0,19862,0,19862,0,16236,81.74,3626,18.26,16236,15654,96.42,15654,15654,100.00,0,0.00,0,199,1.23,383,2.36,383,0,0,0,04/10/2026,21:00:05,04/10/2026 21:01:01,sim
1,04/10/2026,6257,Presidente,1,municipio,BA,33014,2900108,ABAÍRA,,29,29,100.00,0,29,0,29,0,6761,6761,100.00,0,6761,0,6761,0,5380,79.57,1381,20.43,5380,4940,91.82,4940,4940,100.00,0,0.00,0,93,1.73,347,6.45,345,2,0,0,04/10/2026,20:58:29,04/10/2026 20:59:13,sim
1,04/10/2026,6257,Presidente,1,municipio,BA,33030,2900207,ABARÉ,,45,45,100.00,0,45,0,45,0,14734,14734,100.00,0,14734,0,14734,0,12289,83.41,2445,16.59,12289,11859,96.50,11859,11859,100.00,0,0.00,0,130,1.06,300,2.44,300,0,0,0,04/10/2026,22:31:50,04/10/2026 22:32:59,sim
1,04/10/2026,6257,Presidente,1,municipio,BA,33057,2900306,ACAJUTIBA,,39,39,100.00,0,39,0,39,0,12019,12019,100.00,0,12019,0,12019,0,9617,80.01,2402,19.99,9617,9040,94.00,9040,9040,100.00,0,0.00,0,153,1.59,424,4.41,424,0,0,0,04/10/2026,20:58:21,04/10/2026 20:59:14,sim
1,04/10/2026,6257,Presidente,1,municipio,BA,33065,2900355,ADUSTINA,,45,45,100.00,0,45,0,45,0,12402,12402,100.00,0,12402,0,12402,0,10239,82.56,2163,17.44,10239,9663,94.37,9663,9663,100.00,0,0.00,0,134,1.31,442,4.32,441,1,0,0,04/10/2026,21:06:17,04/10/2026 21:06:58,sim
1,04/10/2026,6257,Presidente,1,municipio,BA,33073,2900405,ÁGUA FRIA,,45,45,100.00,0,45,0,45,0,13416,13416,100.00,0,13416,0,13416,0,10582,78.88,2834,21.12,10582,9806,92.67,9806,9806,100.00,0,0.00,0,211,1.99,565,5.34,565,0,0,0,04/10/2026,20:58:22,04/10/2026 20:59:14,sim
1,04/10/2026,6257,Presidente,1,municipio,BA,33090,2900504,ÉRICO CARDOSO,,34,34,100.00,0,34,0,34,0,8440,8440,100.00,0,8440,0,8440,0,6468,76.64,1972,23.36,6468,6073,93.89,6073,6073,100.00,0,0.00,0,92,1.42,303,4.68,303,0,0,0,04/10/2026,20:32:58,04/10/2026 20:34:07,sim
1,04/10/2026,6257,Presidente,1,municipio,BA,33111,2900603,AIQUARA,,14,14,100.00,0,14,0,14,0,4318,4318,100.00,0,4318,0,4318,0,3286,76.10,1032,23.90,3286,3155,96.01,3155,3155,100.00,0,0.00,0,43,1.31,88,2.68,88,0,0,0,04/10/2026,19:14:00,04/10/2026 19:15:06,sim
1,04/10/2026,6257,Presidente,1,municipio,BA,33138,2900702,ALAGOINHAS,,366,366,100.00,0,366,0,366,0,114417,114417,100.00,0,114417,0,114417,0,90539,79.13,23878,20.87,90539,84639,93.48,84639,84639,100.00,0,0.00,0,2133,2.36,3767,4.16,3765,2,0,0,04/10/2026,21:12:53,04/10/2026 21:13:51,sim
1,04/10/2026,6257,Presidente,1,municipio,BA,33154,2900801,ALCOBAÇA,,57,57,100.00,0,57,0,57,0,19171,19171,100.00,0,19171,0,19171,0,14850,77.46,4321,22.54,14850,14214,95.72,14214,14214,100.00,0,0.00,0,176,1.19,460,3.10,460,0,0,0,04/10/2026,21:44:34,04/10/2026 21:45:34,sim
1,04/10/2026,6257,Presidente,1,municipio,BA,33170,2900900,ALMADINA,,15,15,100.00,0,15,0,15,0,4923,4923,100.00,0,4923,0,4923,0,3844,78.08,1079,21.92,3844,3733,97.11,3733,3733,100.00,0,0.00,0,26,0.68,85,2.21,85,0,0,0,04/10/2026,18:59:54,04/10/2026 19:00:49,sim
1,04/10/2026,6257,Presidente,1,municipio,BA,33197,2901007,AMARGOSA,,84,84,100.00,0,84,0,84,0,28384,28384,100.00,0,28384,0,28384,0,22830,80.43,5554,19.57,22830,21355,93.54,21355,21355,100.00,0,0.00,0,447,1.96,1028,4.50,1028,0,0,0,04/10/2026,21:56:14,04/10/2026 21:57:14,sim
1,04/10/2026,6257,Presidente,1,municipio,BA,33219,2901106,AMÉLIA RODRIGUES,,64,64,100.00,0,64,0,64,0,19625,19625,100.00,0,19625,0,19625,0,15825,80.64,3800,19.36,15825,14900,94.15,14900,14900,100.00,0,0.00,0,353,2.23,572,3.61,572,0,0,0,04/10/2026,21:17:13,04/10/2026 21:18:12,sim
1,04/10/2026,6257,Presidente,1,municipio,BA,33235,2901205,ANAGÉ,,68,68,100.00,0,68,0,68,0,18704,18704,100.00,0,18704,0,18704,0,15035,80.38,3669,19.62,15035,14372,95.59,14372,14372,100.00,0,0.00,0,173,1.15,490,3.26,489,1,0,0,04/10/2026,21:52:29,04/10/2026 21:53:13,sim
1,04/10/2026,6257,Presidente,1,municipio,BA,33251,2901304,ANDARAÍ,,37,37,100.00,0,37,0,37,0,9794,9794,100.00,0,9794,0,9794,0,7682,78.44,2112,21.56,7682,7288,94.87,7288,7288,100.00,0,0.00,0,93,1.21,301,3.92,301,0,0,0,04/10/2026,21:08:08,04/10/2026 21:08:52,sim
1,04/10/2026,6257,Presidente,1,municipio,BA,33260,2901353,ANDORINHA,,44,44,100.00,0,44,0,44,0,13508,13508,100.00,0,13508,0,13508,0,11291,83.59,2217,16.41,11291,10889,96.44,10889,10889,100.00,0,0.00,0,109,0.97,293,2.59,293,0,0,0,04/10/2026,22:12:55,04/10/2026 22:13:54,sim
1,04/10/2026,6257,Presidente,1,municipio,BA,33278,2901403,ANGICAL,,49,49,100.00,0,49,0,49,0,12831,12831,100.00,0,12831,0,12831,0,10421,81.22,2410,18.78,10421,10114,97.05,10114,10114,100.00,0,0.00,0,78,0.75,229,2.20,229,0,0,0,04/10/2026,19:16:59,04/10/2026 19:21:04,sim
1,04/10/2026,6257,Presidente,1,municipio,BA,33294,2901502,ANGUERA,,36,36,100.00,0,36,0,36,0,10304,10304,100.00,0,10304,0,10304,0,8457,82.07,1847,17.93,8457,8055,95.25,8055,8055,100.00,0,0.00,0,131,1.55,271,3.20,271,0,0,0,04/10/2026,21:26:08,04/10/2026 21:26:54,sim
1,04/10/2026,6257,Presidente,1,municipio,BA,33316,2901601,ANTAS,,33,33,100.00,0,33,0,33,0,10594,10594,100.00,0,10594,0,10594,0,8590,81.08,2004,18.92,8590,8219,95.68,8219,8219,100.00,0,0.00,0,89,1.04,282,3.28,282,0,0,0,04/10/2026,20:54:43,04/10/2026 20:55:48,sim
1,04/10/2026,6257,Presidente,1,municipio,BA,33332,2901700,ANTÔNIO CARDOSO,,38,38,100.00,0,38,0,38,0,12130,12130,100.00,0,12130,0,12130,0,10025,82.65,2105,17.35,10025,9581,95.57,9581,9581,100.00,0,0.00,0,125,1.25,319,3.18,319,0,0,0,04/10/2026,21:43:33,04/10/2026 21:45:01,sim
1,04/10/2026,6257,Presidente,1,municipio,BA,33359,2901809,ANTÔNIO GONÇALVES,,35,35,100.00,0,35,0,35,0,8672,8672,100.00,0,8672,0,8672,0,7070,81.53,1602,18.47,7070,6795,96.11,6795,6795,100.00,0,0.00,0,83,1.17,192,2.72,192,0,0,0,04/10/2026,20:12:40,04/10/2026 20:13:40,sim
1,04/10/2026,6257,Presidente,1,municipio,BA,33375,2901908,APORÁ,,45,45,100.00,0,45,0,45,0,14198,14198,100.00,0,14198,0,14198,0,11384,80.18,2814,19.82,11384,10663,93.67,10663,10663,100.00,0,0.00,0,182,1.60,539,4.73,539,0,0,0,04/10/2026,21:09:07,04/10/2026 21:09:52,sim
1,04/10/2026,6257,Presidente,1,municipio,BA,33383,2902054,ARAÇÁS,,30,30,100.00,0,30,0,30,0,10800,10800,100.00,0,10800,0,10800,0,8266,76.54,2534,23.46,8266,7855,95.03,7855,7855,100.00,0,0.00,0,127,1.54,284,3.44,284,0,0,0,04/10/2026,19:18:31,04/10/2026 19:21:03,sim
1,04/10/2026,6257,Presidente,1,municipio,BA,33391,2902005,ARACATU,,43,43,100.00,0,43,0,43,0,12568,12568,100.00,0,12568,0,12568,0,10499,83.54,2069,16.46,10499,10063,95.85,10063,10063,100.00,0,0.00,0,167,1.59,269,2.56,269,0,0,0,04/10/2026,21:02:24,04/10/2026 21:03:05,sim
1,04/10/2026,6257,Presidente,1,municipio,BA,33405,2901957,APUAREMA,,18,18,100.00,0,18,0,18,0,6358,6358,100.00,0,6358,0,6358,0,4985,78.41,1373,21.59,4985,4725,94.78,4725,4725,100.00,0,0.00,0,42,0.84,218,4.37,217,1,0,0,04/10/2026,21:39:53,04/10/2026 21:41:01,sim
1,04/10/2026,6257,Presidente,1,municipio,BA,33413,2902104,ARACI,,131,131,100.00,0,131,0,131,0,40272,40272,100.00,0,40272,0,40272,0,31786,78.93,8486,21.07,31786,30413,95.68,30413,30413,100.00,0,0.00,0,372,1.17,1001,3.15,999,2,0,0,04/10/2026,22:05:30,04/10/2026 22:06:30,sim
1,04/10/2026,6257,Presidente,1,municipio,BA,33430,2902203,ARAMARI,,35,35,100.00,0,35,0,35,0,9785,9785,100.00,0,9785,0,9785,0,7691,78.60,2094,21.40,7691,7252,94.29,7252,7252,100.00,0,0.00,0,132,1.72,307,3.99,307,0,0,0,04/10/2026,19:27:25,04/10/2026 19:29:48,sim
1,04/10/2026,6257,Presidente,1,municipio,BA,33456,2902302,ARATUÍPE,,28,28,100.00,0,28,0,28,0,8424,8424,100.00,0,8424,0,8424,0,6657,79.02,1767,20.98,6657,6297,94.59,6297,6297,100.00,0,0.00,0,135,2.03,225,3.38,225,0,0,0,04/10/2026,19:26:37,04/10/2026 19:29:46,sim
1,04/10/2026,6257,Presidente,1,municipio,BA,33472,2902401,AURELINO LEAL,,34,34,100.00,0,34,0,34,0,9612,9612,100.00,0,9612,0,9612,0,7219,75.10,2393,24.90,7219,6869,95.15,6869,6869,100.00,0,0.00,0,95,1.32,255,3.53,254,1,0,0,04/10/2026,19:07:37,04/10/2026 19:08:46,sim
1,04/10/2026,6257,Presidente,1,municipio,BA,33499,2902500,BAIANÓPOLIS,,45,45,100.00,0,45,0,45,0,12451,12451,100.00,0,12451,0,12451,0,10117,81.25,2334,18.75,10117,9644,95.32,9644,9644,100.00,0,0.00,0,151,1.49,322,3.18,322,0,0,0,04/10/2026,21:37:29,04/10/2026 21:38:44,sim
1,04/10/2026,6257,Presidente,1,municipio,BA,33510,2902609,BAIXA GRANDE,,56,56,100.00,0,56,0,56,0,15480,15480,100.00,0,15480,0,15480,0,12160,78.55,3320,21.45,12160,11406,93.80,11406,11406,100.00,0,0.00,0,215,1.77,539,4.43,538,1,0,0,04/10/2026,21:09:32,04/10/2026 21:10:19,sim
1,04/10/2026,6257,Presidente,1,municipio,BA,33529,2902658,BANZAÊ,,42,42,100.00,0,42,0,42,0,10902,10902,100.00,0,10902,0,10902,0,8760,80.35,2142,19.65,8760,8425,96.18,8425,8425,100.00,0,0.00,0,101,1.15,234,2.67,232,2,0,0,04/10/2026,20:46:19,04/10/2026 20:47:11,sim
1,04/10/2026,6257,Presidente,1,municipio,BA,33537,2902708,BARRA,,139,139,100.00,0,139,0,139,0,37117,37117,100.00,0,37117,0,37117,0,29228,78.75,7889,21.25,29228,28119,96.21,28119,28119,100.00,0,0.00,0,254,0.87,855,2.93,854,1,0,0,04/10/2026,22:04:32,04/10/2026 22:05:32,sim
1,04/10/2026,6257,Presidente,1,municipio,BA,33553,2902807,BARRA DA ESTIVA,,67,67,100.00,0,67,0,67,0,21065,21065,100.00,0,21065,0,21065,0,18304,86.89,2761,13.11,18304,17221,94.08,17221,17221,100.00,0,0.00,0,413,2.26,670,3.66,670,0,0,0,04/10/2026,21:30:59,04/10/2026 21:32:26,sim
1,04/10/2026,6257,Presidente,1,municipio,BA,33570,2902906,BARRA DO CHOÇA,,110,110,100.00,0,110,0,110,0,28911,28911,100.00,0,28911,0,28911,0,23288,80.55,5623,19.45,23288,21975,94.36,21975,21975,100.00,0,0.00,0,369,1.58,944,4.05,943,1,0,0,04/10/2026,19:16:12,04/10/2026 19:17:21,sim
1,04/10/2026,6257,Presidente,1,municipio,BA,33596,2903003,BARRA DO MENDES,,57,57,100.00,0,57,0,57,0,12115,12115,100.00,0,12115,0,12115,0,9919,81.87,2196,18.13,9919,9494,95.72,9494,9494,100.00,0,0.00,0,108,1.09,317,3.20,316,1,0,0,04/10/2026,20:59:47,04/10/2026 21:00:59,sim
1,04/10/2026,6257,Presidente,1,municipio,BA,33618,2903102,BARRA DO ROCHA,,14,14,100.00,0,14,0,14,0,4427,4427,100.00,0,4427,0,4427,0,3250,73.41,1177,26.59,3250,3123,96.09,3123,3123,100.00,0,0.00,0,33,1.02,94,2.89,94,0,0,0,04/10/2026,18:56:22,04/10/2026 18:57:41,sim
1,04/10/2026,6257,Presidente,1,municipio,BA,33634,2903201,BARREIRAS,,325,325,100.00,0,325,0,325,0,109227,109227,100.00,0,109227,0,109227,0,88859,81.35,20368,18.65,88859,85750,96.50,85750,85750,100.00,0,0.00,0,1232,1.39,1877,2.11,1877,0,0,0,04/10/2026,21:10:46,04/10/2026 21:11:23,sim
1,04/10/2026,6257,Presidente,1,municipio,BA,33650,2903300,BARRO PRETO,,21,21,100.00,0,21,0,21,0,5763,5763,100.00,0,5763,0,5763,0,4531,78.62,1232,21.38,4531,4273,94.31,4273,4273,100.00,0,0.00,0,72,1.59,186,4.11,186,0,0,0,04/10/2026,19:19:10,04/10/2026 19:21:03,sim
1,04/10/2026,6257,Presidente,1,municipio,BA,33677,2903409,BELMONTE,,55,55,100.00,0,55,0,55,0,14778,14778,100.00,0,14778,0,14778,0,11430,77.34,3348,22.66,11430,10927,95.60,10927,10927,100.00,0,0.00,0,150,1.31,353,3.09,352,1,0,0,04/10/2026,20:51:17,04/10/2026 20:52:16,sim
1,04/10/2026,6257,Presidente,1,municipio,BA,33693,2903508,BELO CAMPO,,58,54,93.10,4,54,0,54,0,15726,14496,92.18,1230,14496,0,14496,0,11566,79.79,2930,20.21,11566,11028,95.35,11028,11028,100.00,0,0.00,0,187,1.62,351,3.03,351,0,0,0,04/10/2026,20:59:55,04/10/2026 21:01:01,sim
1,04/10/2026,6257,Presidente,1,municipio,BA,33715,2903607,BIRITINGA,,43,43,100.00,0,43,0,43,0,13259,13259,100.00,0,13259,0,13259,0,10579,79.79,2680,20.21,10579,9944,94.00,9944,9944,100.00,0,0.00,0,157,1.48,478,4.52,478,0,0,0,04/10/2026,21:50:53,04/10/2026 21:51:49,sim
1,04/10/2026,6257,Presidente,1,municipio,BA,33731,2903706,BOA NOVA,,48,48,100.00,0,48,0,48,0,13066,13066,100.00,0,13066,0,13066,0,9531,72.95,3535,27.05,9531,8981,94.23,8981,8981,100.00,0,0.00,0,132,1.38,418,4.39,418,0,0,0,04/10/2026,20:52:16,04/10/2026 20:53:27,sim
1,04/10/2026,6257,Presidente,1,municipio,BA,33758,2903805,BOA VISTA DO TUPIM,,51,51,100.00,0,51,0,51,0,14089,14089,100.00,0,14089,0,14089,0,11108,78.84,2981,21.16,11108,10414,93.75,10414,10414,100.00,0,0.00,0,122,1.10,572,5.15,572,0,0,0,04/10/2026,21:47:09,04/10/2026 21:48:01,sim
1,04/10/2026,6257,Presidente,1,municipio,BA,33774,2903904,BOM JESUS DA LAPA,,160,160,100.00,0,160,0,160,0,48946,48946,100.00,0,48946,0,48946,0,39998,81.72,8948,18.28,39998,38391,95.98,38391,38391,100.00,0,0.00,0,564,1.41,1043,2.61,1042,1,0,0,04/10/2026,23:09:21,04/10/2026 23:10:26,sim
1,04/10/2026,6257,Presidente,1,municipio,BA,33782,2903953,BOM JESUS DA SERRA,,32,32,100.00,0,32,0,32,0,9372,9372,100.00,0,9372,0,9372,0,7142,76.21,2230,23.79,7142,6801,95.23,6801,6801,100.00,0,0.00,0,74,1.04,267,3.74,267,0,0,0,04/10/2026,20:31:36,04/10/2026 20:32:41,sim
1,04/10/2026,6257,Presidente,1,municipio,BA,33790,2904001,BONINAL,,45,45,100.00,0,45,0,45,0,10945,10945,100.00,0,10945,0,10945,0,8619,78.75,2326,21.25,8619,8074,93.68,8074,8074,100.00,0,0.00,0,166,1.93,379,4.40,378,1,0,0,04/10/2026,21:56:14,04/10/2026 21:57:15,sim
1,04/10/2026,6257,Presidente,1,municipio,BA,33804,2904050,BONITO,,42,42,100.00,0,42,0,42,0,12270,12270,100.00,0,12270,0,12270,0,10180,82.97,2090,17.03,10180,9642,94.72,9642,9642,100.00,0,0.00,0,178,1.75,360,3.54,360,0,0,0,04/10/2026,21:24:18,04/10/2026 21:24:40,sim
1,04/10/2026,6257,Presidente,1,municipio,BA,33812,2904100,BOQUIRA,,69,69,100.00,0,69,0,69,0,16616,16616,100.00,0,16616,0,16616,0,12816,77.13,3800,22.87,12816,12232,95.44,12232,12232,100.00,0,0.00,0,115,0.90,469,3.66,468,1,0,0,04/10/2026,21:50:09,04/10/2026 21:50:52,sim
1,04/10/2026,6257,Presidente,1,municipio,BA,33839,2904209,BOTUPORÃ,,35,35,100.00,0,35,0,35,0,9465,9465,100.00,0,9465,0,9465,0,7440,78.61,2025,21.39,7440,7017,94.31,7017,7017,100.00,0,0.00,0,99,1.33,324,4.35,324,0,0,0,04/10/2026,21:12:48,04/10/2026 21:13:51,sim
1,04/10/2026,6257,Presidente,1,municipio,BA,33855,2904308,BREJÕES,,37,37,100.00,0,37,0,37,0,10919,10919,100.00,0,10919,0,10919,0,8722,79.88,2197,20.12,8722,8232,94.38,8232,8232,100.00,0,0.00,0,172,1.97,318,3.65,318,0,0,0,04/10/2026,21:48:54,04/10/2026 21:49:52,sim
1,04/10/2026,6257,Presidente,1,municipio,BA,33871,2904407,BREJOLÂNDIA,,31,31,100.00,0,31,0,31,0,8415,8415,100.00,0,8415,0,8415,0,6440,76.53,1975,23.47,6440,6139,95.33,6139,6139,100.00,0,0.00,0,133,2.07,168,2.61,168,0,0,0,04/10/2026,21:56:28,04/10/2026 21:57:15,sim
1,04/10/2026,6257,Presidente,1,municipio,BA,33898,2904506,BROTAS DE MACAÚBAS,,38,38,100.00,0,38,0,38,0,9505,9505,100.00,0,9505,0,9505,0,7852,82.61,1653,17.39,7852,7482,95.29,7482,7482,100.00,0,0.00,0,90,1.15,280,3.57,280,0,0,0,04/10/2026,22:07:34,04/10/2026 22:08:20,sim
1,04/10/2026,6257,Presidente,1,municipio,BA,33910,2904605,BRUMADO,,173,173,100.00,0,173,0,173,0,53467,53467,100.00,0,53467,0,53467,0,44773,83.74,8694,16.26,44773,42567,95.07,42567,42567,100.00,0,0.00,0,694,1.55,1512,3.38,1511,1,0,0,04/10/2026,20:16:30,04/10/2026 20:17:50,sim
1,04/10/2026,6257,Presidente,1,municipio,BA,33936,2904704,BUERAREMA,,42,42,100.00,0,42,0,42,0,13021,13021,100.00,0,13021,0,13021,0,9889,75.95,3132,24.05,9889,9278,93.82,9278,9278,100.00,0,0.00,0,143,1.45,468,4.73,466,2,0,0,04/10/2026,19:14:21,04/10/2026 19:15:30,sim
1,04/10/2026,6257,Presidente,1,municipio,BA,33952,2904803,CAATIBA,,23,23,100.00,0,23,0,23,0,5851,5851,100.00,0,5851,0,5851,0,4650,79.47,1201,20.53,4650,4438,95.44,4438,4438,100.00,0,0.00,0,45,0.97,167,3.59,167,0,0,0,04/10/2026,18:42:59,04/10/2026 18:44:48,sim
1,04/10/2026,6257,Presidente,1,municipio,BA,33960,2904852,CABACEIRAS DO PARAGUAÇU,,46,46,100.00,0,46,0,46,0,14433,14433,100.00,0,14433,0,14433,0,11452,79.35,2981,20.65,11452,10894,95.13,10894,10894,100.00,0,0.00,0,191,1.67,367,3.20,366,1,0,0,04/10/2026,20:16:00,04/10/2026 20:16:48,sim
1,04/10/2026,6257,Presidente,1,municipio,BA,33979,2904902,CACHOEIRA,,85,85,100.00,0,85,0,85,0,26041,26041,100.00,0,26041,0,26041,0,20885,80.20,5156,19.80,20885,19875,95.16,19875,19875,100.00,0,0.00,0,345,1.65,665,3.18,664,1,0,0,04/10/2026,21:07:28,04/10/2026 21:08:22,sim
1,04/10/2026,6257,Presidente,1,municipio,BA,33995,2905008,CACULÉ,,61,61,100.00,0,61,0,61,0,18021,18021,100.00,0,18021,0,18021,0,15113,83.86,2908,16.14,15113,14289,94.55,14289,14289,100.00,0,0.00,0,257,1.70,567,3.75,567,0,0,0,04/10/2026,20:30:49,04/10/2026 20:31:40,sim
1,04/10/2026,6257,Presidente,1,municipio,BA,34010,2905107,CAEM,,28,28,100.00,0,28,0,28,0,8150,8150,100.00,0,8150,0,8150,0,6496,79.71,1654,20.29,6496,6232,95.94,6232,6232,100.00,0,0.00,0,42,0.65,222,3.42,222,0,0,0,04/10/2026,21:46:33,04/10/2026 21:47:33,sim
1,04/10/2026,6257,Presidente,1,municipio,BA,34029,2905156,CAETANOS,,34,34,100.00,0,34,0,34,0,11192,11192,100.00,0,11192,0,11192,0,8643,77.22,2549,22.78,8643,8376,96.91,8376,8376,100.00,0,0.00,0,80,0.93,187,2.16,187,0,0,0,04/10/2026,22:45:31,04/10/2026 22:46:22,sim
1,04/10/2026,6257,Presidente,1,municipio,BA,34037,2905206,CAETITÉ,,139,139,100.00,0,139,0,139,0,42181,42181,100.00,0,42181,0,42181,0,34897,82.73,7284,17.27,34897,33054,94.72,33054,33054,100.00,0,0.00,0,487,1.40,1356,3.89,1356,0,0,0,04/10/2026,22:09:25,04/10/2026 22:10:21,sim
1,04/10/2026,6257,Presidente,1,municipio,BA,34053,2905305,CAFARNAUM,,49,49,100.00,0,49,0,49,0,14513,14513,100.00,0,14513,0,14513,0,11941,82.28,2572,17.72,11941,11229,94.04,11229,11229,100.00,0,0.00,0,239,2.00,473,3.96,473,0,0,0,04/10/2026,20:14:57,04/10/2026 20:15:46,sim
1,04/10/2026,6257,Presidente,1,municipio,BA,34070,2905404,CAIRU,,46,46,100.00,0,46,0,46,0,15480,15480,100.00,0,15480,0,15480,0,12126,78.33,3354,21.67,12126,11435,94.30,11435,11435,100.00,0,0.00,0,224,1.85,467,3.85,467,0,0,0,04/10/2026,21:07:52,04/10/2026 21:08:52,sim
1,04/10/2026,6257,Presidente,1,municipio,BA,34096,2905503,CALDEIRÃO GRANDE,,34,34,100.00,0,34,0,34,0,10361,10361,100.00,0,10361,0,10361,0,8169,78.84,2192,21.16,8169,7784,95.29,7784,7784,100.00,0,0.00,0,93,1.14,292,3.57,292,0,0,0,04/10/2026,20:12:21,04/10/2026 20:13:12,sim
1,04/10/2026,6257,Presidente,1,municipio,BA,34118,2905602,CAMACAN,,66,66,100.00,0,66,0,66,0,17301,17301,100.00,0,17301,0,17301,0,13628,78.77,3673,21.23,13628,12965,95.14,12965,12965,100.00,0,0.00,0,162,1.19,501,3.68,498,3,0,0,04/10/2026,20:55:49,04/10/2026 20:56:45,sim
1,04/10/2026,6257,Presidente,1,municipio,BA,34134,2905701,CAMAÇARI,,564,564,100.00,0,564,0,564,0,210762,210762,100.00,0,210762,0,210762,0,167003,79.24,43759,20.76,167003,155927,93.37,155927,155927,100.00,0,0.00,0,3863,2.31,7213,4.32,7208,5,0,0,04/10/2026,21:10:44,04/10/2026 21:11:23,sim
1,04/10/2026,6257,Presidente,1,municipio,BA,34150,2905800,CAMAMU,,79,79,100.00,0,79,0,79,0,24576,24576,100.00,0,24576,0,24576,0,18595,75.66,5981,24.34,18595,17466,93.93,17466,17466,100.00,0,0.00,0,280,1.51,849,4.57,849,0,0,0,04/10/2026,22:02:44,04/10/2026 22:03:30,sim
1,04/10/2026,6257,Presidente,1,municipio,BA,34177,2905909,CAMPO ALEGRE DE LOURDES,,84,84,100.00,0,84,0,84,0,23549,23549,100.00,0,23549,0,23549,0,19165,81.38,4384,18.62,19165,18648,97.30,18648,18648,100.00,0,0.00,0,102,0.53,415,2.17,415,0,0,0,04/10/2026,21:56:49,04/10/2026 21:58:15,sim
1,04/10/2026,6257,Presidente,1,municipio,BA,34193,2906006,CAMPO FORMOSO,,208,208,100.00,0,208,0,208,0,57975,57975,100.00,0,57975,0,57975,0,47874,82.58,10101,17.42,47874,45117,94.24,45117,45117,100.00,0,0.00,0,794,1.66,1963,4.10,1963,0,0,0,04/10/2026,22:32:22,04/10/2026 22:33:20,sim
1,04/10/2026,6257,Presidente,1,municipio,BA,34215,2906105,CANÁPOLIS,,31,31,100.00,0,31,0,31,0,8772,8772,100.00,0,8772,0,8772,0,7206,82.15,1566,17.85,7206,6929,96.16,6929,6929,100.00,0,0.00,0,78,1.08,199,2.76,199,0,0,0,04/10/2026,22:52:26,04/10/2026 22:53:55,sim
1,04/10/2026,6257,Presidente,1,municipio,BA,34231,2906204,CANARANA,,69,69,100.00,0,69,0,69,0,20021,20021,100.00,0,20021,0,20021,0,16438,82.10,3583,17.90,16438,15775,95.97,15775,15775,100.00,0,0.00,0,180,1.10,483,2.94,483,0,0,0,04/10/2026,22:24:05,04/10/2026 22:25:24,sim
1,04/10/2026,6257,Presidente,1,municipio,BA,34258,2906303,CANAVIEIRAS,,90,90,100.00,0,90,0,90,0,25424,25424,100.00,0,25424,0,25424,0,18628,73.27,6796,26.73,18628,17667,94.84,17667,17667,100.00,0,0.00,0,261,1.40,700,3.76,700,0,0,0,04/10/2026,20:59:29,04/10/2026 21:00:27,sim
1,04/10/2026,6257,Presidente,1,municipio,BA,34274,2906402,CANDEAL,,27,27,100.00,0,27,0,27,0,7799,7799,100.00,0,7799,0,7799,0,6556,84.06,1243,15.94,6556,6201,94.59,6201,6201,100.00,0,0.00,0,87,1.33,268,4.09,268,0,0,0,04/10/2026,21:02:15,04/10/2026 21:03:05,sim
1,04/10/2026,6257,Presidente,1,municipio,BA,34290,2906501,CANDEIAS,,192,192,100.00,0,192,0,192,0,64825,64825,100.00,0,64825,0,64825,0,50828,78.41,13997,21.59,50828,48042,94.52,48042,48042,100.00,0,0.00,0,1089,2.14,1697,3.34,1695,2,0,0,04/10/2026,22:59:06,04/10/2026 23:00:20,sim
1,04/10/2026,6257,Presidente,1,municipio,BA,34312,2906600,CANDIBA,,36,36,100.00,0,36,0,36,0,11498,11498,100.00,0,11498,0,11498,0,9329,81.14,2169,18.86,9329,8840,94.76,8840,8840,100.00,0,0.00,0,168,1.80,321,3.44,321,0,0,0,04/10/2026,20:51:52,04/10/2026 20:52:47,sim
1,04/10/2026,6257,Presidente,1,municipio,BA,34339,2906709,CÂNDIDO SALES,,79,79,100.00,0,79,0,79,0,20878,20878,100.00,0,20878,0,20878,0,16307,78.11,4571,21.89,16307,15742,96.54,15742,15742,100.00,0,0.00,0,165,1.01,400,2.45,400,0,0,0,04/10/2026,20:59:44,04/10/2026 21:01:00,sim
1,04/10/2026,6257,Presidente,1,municipio,BA,34355,2906808,CANSANÇÃO,,97,97,100.00,0,97,0,97,0,28890,28890,100.00,0,28890,0,28890,0,23856,82.58,5034,17.42,23856,22981,96.33,22981,22981,100.00,0,0.00,0,274,1.15,601,2.52,600,1,0,0,04/10/2026,23:11:27,04/10/2026 23:12:34,sim
1,04/10/2026,6257,Presidente,1,municipio,BA,34363,2906899,CARAÍBAS,,24,24,100.00,0,24,0,24,0,8699,8699,100.00,0,8699,0,8699,0,6870,78.97,1829,21.03,6870,6587,95.88,6587,6587,100.00,0,0.00,0,67,0.98,216,3.14,216,0,0,0,04/10/2026,21:53:19,04/10/2026 21:53:44,sim
1,04/10/2026,6257,Presidente,1,municipio,BA,34371,2906907,CARAVELAS,,49,49,100.00,0,49,0,49,0,16260,16260,100.00,0,16260,0,16260,0,12320,75.77,3940,24.23,12320,11746,95.34,11746,11746,100.00,0,0.00,0,132,1.07,442,3.59,442,0,0,0,04/10/2026,21:00:42,04/10/2026 21:01:28,sim
1,04/10/2026,6257,Presidente,1,municipio,BA,34398,2907004,CARDEAL DA SILVA,,22,22,100.00,0,22,0,22,0,8041,8041,100.00,0,8041,0,8041,0,6052,75.26,1989,24.74,6052,5688,93.99,5688,5688,100.00,0,0.00,0,89,1.47,275,4.54,275,0,0,0,04/10/2026,20:15:09,04/10/2026 20:15:46,sim
1,04/10/2026,6257,Presidente,1,municipio,BA,34410,2907103,CARINHANHA,,75,75,100.00,0,75,0,75,0,22328,22328,100.00,0,22328,0,22328,0,18315,82.03,4013,17.97,18315,17489,95.49,17489,17489,100.00,0,0.00,0,178,0.97,648,3.54,648,0,0,0,04/10/2026,22:13:25,04/10/2026 22:13:54,sim
1,05/10/2026,6257,Presidente,1,municipio,BA,34436,2907202,CASA NOVA,,185,185,100.00,0,185,0,185,0,57206,57206,100.00,0,57206,0,57206,0,47058,82.26,10148,17.74,47058,45037,95.71,45037,45037,100.00,0,0.00,0,454,0.96,1567,3.33,1566,1,0,0,05/10/2026,00:39:20,05/10/2026 00:40:37,sim
1,04/10/2026,6257,Presidente,1,municipio,BA,34452,2907301,CASTRO ALVES,,80,80,100.00,0,80,0,80,0,22931,22931,100.00,0,22931,0,22931,0,19157,83.54,3774,16.46,19157,18225,95.13,18225,18225,100.00,0,0.00,0,275,1.44,657,3.43,656,1,0,0,04/10/2026,21:16:53,04/10/2026 21:18:13,sim
1,04/10/2026,6257,Presidente,1,municipio,BA,34479,2907400,CATOLÂNDIA,,15,15,100.00,0,15,0,15,0,4177,4177,100.00,0,4177,0,4177,0,3346,80.11,831,19.89,3346,3254,97.25,3254,3254,100.00,0,0.00,0,44,1.32,48,1.43,48,0,0,0,04/10/2026,22:12:54,04/10/2026 22:13:54,sim
1,04/10/2026,6257,Presidente,1,municipio,BA,34495,2907509,CATU,,127,127,100.00,0,127,0,127,0,41271,41271,100.00,0,41271,0,41271,0,33588,81.38,7683,18.62,33588,31211,92.92,31211,31211,100.00,0,0.00,0,917,2.73,1460,4.35,1458,2,0,0,04/10/2026,23:23:27,04/10/2026 23:24:22,sim
1,04/10/2026,6257,Presidente,1,municipio,BA,34509,2907558,CATURAMA,,30,30,100.00,0,30,0,30,0,7298,7298,100.00,0,7298,0,7298,0,5845,80.09,1453,19.91,5845,5540,94.78,5540,5540,100.00,0,0.00,0,107,1.83,198,3.39,198,0,0,0,04/10/2026,18:40:06,04/10/2026 18:42:14,sim
1,04/10/2026,6257,Presidente,1,municipio,BA,34517,2907608,CENTRAL,,52,52,100.00,0,52,0,52,0,13497,13497,100.00,0,13497,0,13497,0,11140,82.54,2357,17.46,11140,10654,95.64,10654,10654,100.00,0,0.00,0,142,1.27,344,3.09,343,1,0,0,04/10/2026,20:56:04,04/10/2026 20:57:17,sim
1,04/10/2026,6257,Presidente,1,municipio,BA,34533,2907707,CHORROCHÓ,,31,31,100.00,0,31,0,31,0,9081,9081,100.00,0,9081,0,9081,0,7391,81.39,1690,18.61,7391,7186,97.23,7186,7186,100.00,0,0.00,0,54,0.73,151,2.04,151,0,0,0,04/10/2026,21:14:38,04/10/2026 21:15:41,sim
1,04/10/2026,6257,Presidente,1,municipio,BA,34550,2907806,CÍCERO DANTAS,,82,82,100.00,0,82,0,82,0,26260,26260,100.00,0,26260,0,26260,0,20996,79.95,5264,20.05,20996,19919,94.87,19919,19919,100.00,0,0.00,0,374,1.78,703,3.35,703,0,0,0,04/10/2026,20:58:28,04/10/2026 20:59:15,sim
1,04/10/2026,6257,Presidente,1,municipio,BA,34576,2907905,CIPÓ,,46,46,100.00,0,46,0,46,0,15277,15277,100.00,0,15277,0,15277,0,11998,78.54,3279,21.46,11998,11365,94.72,11365,11365,100.00,0,0.00,0,139,1.16,494,4.12,494,0,0,0,04/10/2026,21:32:33,04/10/2026 21:33:55,sim
1,04/10/2026,6257,Presidente,1,municipio,BA,34592,2908002,COARACI,,61,61,100.00,0,61,0,61,0,15399,15399,100.00,0,15399,0,15399,0,12073,78.40,3326,21.60,12073,11510,95.34,11510,11510,100.00,0,0.00,0,167,1.38,396,3.28,396,0,0,0,04/10/2026,19:16:58,04/10/2026 19:21:04,sim
1,04/10/2026,6257,Presidente,1,municipio,BA,34614,2908101,COCOS,,53,53,100.00,0,53,0,53,0,16368,16368,100.00,0,16368,0,16368,0,12719,77.71,3649,22.29,12719,12229,96.15,12229,12229,100.00,0,0.00,0,177,1.39,313,2.46,313,0,0,0,04/10/2026,23:09:17,04/10/2026 23:10:27,sim
1,04/10/2026,6257,Presidente,1,municipio,BA,34630,2908200,CONCEIÇÃO DA FEIRA,,57,57,100.00,0,57,0,57,0,17483,17483,100.00,0,17483,0,17483,0,14371,82.20,3112,17.80,14371,13305,92.58,13305,13305,100.00,0,0.00,0,406,2.83,660,4.59,660,0,0,0,04/10/2026,20:56:04,04/10/2026 20:57:15,sim
1,04/10/2026,6257,Presidente,1,municipio,BA,34657,2908309,CONCEIÇÃO DO ALMEIDA,,49,49,100.00,0,49,0,49,0,14213,14213,100.00,0,14213,0,14213,0,12049,84.77,2164,15.23,12049,11400,94.61,11400,11400,100.00,0,0.00,0,187,1.55,462,3.83,462,0,0,0,04/10/2026,20:53:22,04/10/2026 20:54:41,sim
1,04/10/2026,6257,Presidente,1,municipio,BA,34673,2908408,CONCEIÇÃO DO COITÉ,,187,186,99.47,1,186,0,186,0,54576,54383,99.65,193,54383,0,54383,0,46179,84.91,8204,15.09,46179,43566,94.34,43566,43566,100.00,0,0.00,0,860,1.86,1753,3.80,1752,1,0,0,04/10/2026,21:00:07,04/10/2026 21:01:00,sim
1,04/10/2026,6257,Presidente,1,municipio,BA,34690,2908507,CONCEIÇÃO DO JACUÍPE,,80,80,100.00,0,80,0,80,0,29454,29454,100.00,0,29454,0,29454,0,23126,78.52,6328,21.48,23126,21639,93.57,21639,21639,100.00,0,0.00,0,560,2.42,927,4.01,927,0,0,0,04/10/2026,21:17:28,04/10/2026 21:18:12,sim
1,04/10/2026,6257,Presidente,1,municipio,BA,34711,2908606,CONDE,,59,59,100.00,0,59,0,59,0,19016,19016,100.00,0,19016,0,19016,0,14755,77.59,4261,22.41,14755,14017,95.00,14017,14017,100.00,0,0.00,0,191,1.29,547,3.71,547,0,0,0,04/10/2026,20:56:27,04/10/2026 20:57:46,sim
1,04/10/2026,6257,Presidente,1,municipio,BA,34738,2908705,CONDEÚBA,,59,59,100.00,0,59,0,59,0,15144,15144,100.00,0,15144,0,15144,0,11447,75.59,3697,24.41,11447,10740,93.82,10740,10740,100.00,0,0.00,0,194,1.69,513,4.48,513,0,0,0,04/10/2026,20:49:15,04/10/2026 20:50:08,sim
1,04/10/2026,6257,Presidente,1,municipio,BA,34754,2908804,CONTENDAS DO SINCORÁ,,15,15,100.00,0,15,0,15,0,4520,4520,100.00,0,4520,0,4520,0,3692,81.68,828,18.32,3692,3541,95.91,3541,3541,100.00,0,0.00,0,64,1.73,87,2.36,87,0,0,0,04/10/2026,20:53:27,04/10/2026 20:54:39,sim
1,04/10/2026,6257,Presidente,1,municipio,BA,34770,2908903,CORAÇÃO DE MARIA,,67,67,100.00,0,67,0,67,0,22538,22538,100.00,0,22538,0,22538,0,18393,81.61,4145,18.39,18393,17251,93.79,17251,17251,100.00,0,0.00,0,391,2.13,751,4.08,750,1,0,0,04/10/2026,20:58:44,04/10/2026 20:59:53,sim
1,04/10/2026,6257,Presidente,1,municipio,BA,34797,2909000,CORDEIROS,,25,25,100.00,0,25,0,25,0,7148,7148,100.00,0,7148,0,7148,0,5428,75.94,1720,24.06,5428,5154,94.95,5154,5154,100.00,0,0.00,0,66,1.22,208,3.83,207,1,0,0,04/10/2026,19:15:30,04/10/2026 19:16:31,sim
1,04/10/2026,6257,Presidente,1,municipio,BA,34819,2909109,CORIBE,,45,45,100.00,0,45,0,45,0,12810,12810,100.00,0,12810,0,12810,0,9551,74.56,3259,25.44,9551,9051,94.76,9051,9051,100.00,0,0.00,0,125,1.31,375,3.93,375,0,0,0,04/10/2026,21:09:07,04/10/2026 21:09:52,sim
1,04/10/2026,6257,Presidente,1,municipio,BA,34835,2909208,CORONEL JOÃO SÁ,,48,48,100.00,0,48,0,48,0,15065,15065,100.00,0,15065,0,15065,0,12206,81.02,2859,18.98,12206,11650,95.44,11650,11650,100.00,0,0.00,0,183,1.50,373,3.06,373,0,0,0,04/10/2026,20:54:49,04/10/2026 20:55:49,sim
1,04/10/2026,6257,Presidente,1,municipio,BA,34851,2909307,CORRENTINA,,94,94,100.00,0,94,0,94,0,28078,28078,100.00,0,28078,0,28078,0,22165,78.94,5913,21.06,22165,21051,94.97,21051,21051,100.00,0,0.00,0,289,1.30,825,3.72,824,1,0,0,04/10/2026,22:42:51,04/10/2026 22:43:59,sim
1,04/10/2026,6257,Presidente,1,municipio,BA,34878,2909406,COTEGIPE,,42,42,100.00,0,42,0,42,0,11726,11726,100.00,0,11726,0,11726,0,9260,78.97,2466,21.03,9260,9053,97.76,9053,9053,100.00,0,0.00,0,81,0.87,126,1.36,126,0,0,0,04/10/2026,20:19:17,04/10/2026 20:20:08,sim
1,04/10/2026,6257,Presidente,1,municipio,BA,34894,2909505,CRAVOLÂNDIA,,15,15,100.00,0,15,0,15,0,4632,4632,100.00,0,4632,0,4632,0,3641,78.61,991,21.39,3641,3443,94.56,3443,3443,100.00,0,0.00,0,59,1.62,139,3.82,139,0,0,0,04/10/2026,20:13:41,04/10/2026 20:14:55,sim
1,04/10/2026,6257,Presidente,1,municipio,BA,34916,2909604,CRISÓPOLIS,,53,53,100.00,0,53,0,53,0,16673,16673,100.00,0,16673,0,16673,0,13097,78.55,3576,21.45,13097,12501,95.45,12501,12501,100.00,0,0.00,0,156,1.19,440,3.36,440,0,0,0,04/10/2026,20:51:40,04/10/2026 20:52:47,sim
1,04/10/2026,6257,Presidente,1,municipio,BA,34932,2909703,CRISTÓPOLIS,,45,45,100.00,0,45,0,45,0,12379,12379,100.00,0,12379,0,12379,0,9960,80.46,2419,19.54,9960,9487,95.25,9487,9487,100.00,0,0.00,0,145,1.46,328,3.29,328,0,0,0,04/10/2026,20:56:34,04/10/2026 20:57:45,sim
1,04/10/2026,6257,Presidente,1,municipio,BA,34959,2909802,CRUZ DAS ALMAS,,154,154,100.00,0,154,0,154,0,49209,49209,100.00,0,49209,0,49209,0,41278,83.88,7931,16.12,41278,39204,94.98,39204,39204,100.00,0,0.00,0,771,1.87,1303,3.16,1302,1,0,0,04/10/2026,20:56:08,04/10/2026 20:57:17,sim
1,04/10/2026,6257,Presidente,1,municipio,BA,34975,2909901,CURAÇÁ,,96,96,100.00,0,96,0,96,0,27548,27548,100.00,0,27548,0,27548,0,23142,84.01,4406,15.99,23142,22354,96.59,22354,22354,100.00,0,0.00,0,226,0.98,562,2.43,562,0,0,0,04/10/2026,23:00:52,04/10/2026 23:01:47,sim
1,04/10/2026,6257,Presidente,1,municipio,BA,34991,2910008,DÁRIO MEIRA,,30,30,100.00,0,30,0,30,0,8515,8515,100.00,0,8515,0,8515,0,6543,76.84,1972,23.16,6543,6278,95.95,6278,6278,100.00,0,0.00,0,61,0.93,204,3.12,204,0,0,0,04/10/2026,20:51:11,04/10/2026 20:52:17,sim
1,04/10/2026,6257,Presidente,1,municipio,BA,35017,2910107,DOM BASÍLIO,,37,37,100.00,0,37,0,37,0,10634,10634,100.00,0,10634,0,10634,0,9150,86.04,1484,13.96,9150,8818,96.37,8818,8818,100.00,0,0.00,0,136,1.49,196,2.14,196,0,0,0,04/10/2026,20:49:34,04/10/2026 20:50:36,sim
1,04/10/2026,6257,Presidente,1,municipio,BA,35033,2910206,DOM MACEDO COSTA,,16,16,100.00,0,16,0,16,0,4864,4864,100.00,0,4864,0,4864,0,3974,81.70,890,18.30,3974,3737,94.04,3737,3737,100.00,0,0.00,0,63,1.59,174,4.38,174,0,0,0,04/10/2026,19:29:28,04/10/2026 19:30:28,sim
1,04/10/2026,6257,Presidente,1,municipio,BA,35050,2910305,ELÍSIO MEDRADO,,24,24,100.00,0,24,0,24,0,7650,7650,100.00,0,7650,0,7650,0,6183,80.82,1467,19.18,6183,5754,93.06,5754,5754,100.00,0,0.00,0,119,1.92,310,5.01,309,1,0,0,04/10/2026,21:26:08,04/10/2026 21:26:54,sim
1,04/10/2026,6257,Presidente,1,municipio,BA,35076,2910404,ENCRUZILHADA,,55,55,100.00,0,55,0,55,0,15576,15576,100.00,0,15576,0,15576,0,11974,76.87,3602,23.13,11974,11472,95.81,11472,11472,100.00,0,0.00,0,121,1.01,381,3.18,381,0,0,0,04/10/2026,20:50:11,04/10/2026 20:51:15,sim
1,04/10/2026,6257,Presidente,1,municipio,BA,35092,2910503,ENTRE RIOS,,105,105,100.00,0,105,0,105,0,31166,31166,100.00,0,31166,0,31166,0,23774,76.28,7392,23.72,23774,22199,93.38,22199,22199,100.00,0,0.00,0,480,2.02,1095,4.61,1095,0,0,0,04/10/2026,21:01:30,04/10/2026 21:02:01,sim
1,04/10/2026,6257,Presidente,1,municipio,BA,35114,2910602,ESPLANADA,,84,84,100.00,0,84,0,84,0,26991,26991,100.00,0,26991,0,26991,0,21383,79.22,5608,20.78,21383,20195,94.44,20195,20195,100.00,0,0.00,0,369,1.73,819,3.83,817,2,0,0,04/10/2026,21:26:08,04/10/2026 21:26:31,sim
1,04/10/2026,6257,Presidente,1,municipio,BA,35130,2910701,EUCLIDES DA CUNHA,,150,150,100.00,0,150,0,150,0,45601,45601,100.00,0,45601,0,45601,0,37180,81.53,8421,18.47,37180,35563,95.65,35563,35563,100.00,0,0.00,0,434,1.17,1183,3.18,1181,2,0,0,04/10/2026,23:40:58,04/10/2026 23:42:03,sim
1,04/10/2026,6257,Presidente,1,municipio,BA,35149,2910776,FEIRA DA MATA,,16,16,100.00,0,16,0,16,0,5181,5181,100.00,0,5181,0,5181,0,4136,79.83,1045,20.17,4136,4037,97.61,4037,4037,100.00,0,0.00,0,40,0.97,59,1.43,59,0,0,0,04/10/2026,20:40:33,04/10/2026 20:41:34,sim
1,04/10/2026,6257,Presidente,1,municipio,BA,35157,2910800,FEIRA DE SANTANA,,1218,1218,100.00,0,1218,0,1218,0,435631,435631,100.00,0,435631,0,435631,0,360647,82.79,74984,17.21,360647,340031,94.28,340031,340031,100.00,0,0.00,0,7027,1.95,13589,3.77,13579,10,0,0,04/10/2026,21:41:30,04/10/2026 21:42:31,sim
1,04/10/2026,6257,Presidente,1,municipio,BA,35173,2910909,FIRMINO ALVES,,19,19,100.00,0,19,0,19,0,5527,5527,100.00,0,5527,0,5527,0,4017,72.68,1510,27.32,4017,3820,95.10,3820,3820,100.00,0,0.00,0,44,1.10,153,3.81,153,0,0,0,04/10/2026,18:41:20,04/10/2026 18:43:18,sim
1,04/10/2026,6257,Presidente,1,municipio,BA,35190,2911006,FLORESTA AZUL,,25,25,100.00,0,25,0,25,0,7825,7825,100.00,0,7825,0,7825,0,6116,78.16,1709,21.84,6116,5838,95.45,5838,5838,100.00,0,0.00,0,62,1.01,216,3.53,215,1,0,0,04/10/2026,21:42:18,04/10/2026 21:43:01,sim
1,04/10/2026,6257,Presidente,1,municipio,BA,35211,2911105,FORMOSA DO RIO PRETO,,72,72,100.00,0,72,0,72,0,20786,20786,100.00,0,20786,0,20786,0,16750,80.58,4036,19.42,16750,16106,96.16,16106,16106,100.00,0,0.00,0,154,0.92,490,2.93,490,0,0,0,04/10/2026,21:33:19,04/10/2026 21:34:20,sim
1,04/10/2026,6257,Presidente,1,municipio,BA,35238,2911204,GANDU,,78,78,100.00,0,78,0,78,0,23509,23509,100.00,0,23509,0,23509,0,18889,80.35,4620,19.65,18889,17803,94.25,17803,17803,100.00,0,0.00,0,332,1.76,754,3.99,754,0,0,0,04/10/2026,21:01:23,04/10/2026 21:02:01,sim
1,04/10/2026,6257,Presidente,1,municipio,BA,35254,2911303,GENTIO DO OURO,,41,41,100.00,0,41,0,41,0,9718,9718,100.00,0,9718,0,9718,0,8130,83.66,1588,16.34,8130,7926,97.49,7926,7926,100.00,0,0.00,0,94,1.16,110,1.35,110,0,0,0,04/10/2026,20:10:14,04/10/2026 20:11:18,sim
1,04/10/2026,6257,Presidente,1,municipio,BA,35270,2911402,GLÓRIA,,52,52,100.00,0,52,0,52,0,13025,13025,100.00,0,13025,0,13025,0,10408,79.91,2617,20.09,10408,9999,96.07,9999,9999,100.00,0,0.00,0,124,1.19,285,2.74,285,0,0,0,04/10/2026,20:59:13,04/10/2026 21:00:29,sim
1,04/10/2026,6257,Presidente,1,municipio,BA,35297,2911501,GONGOGI,,19,19,100.00,0,19,0,19,0,5380,5380,100.00,0,5380,0,5380,0,3742,69.55,1638,30.45,3742,3559,95.11,3559,3559,100.00,0,0.00,0,40,1.07,143,3.82,143,0,0,0,04/10/2026,19:27:36,04/10/2026 19:29:47,sim
1,04/10/2026,6257,Presidente,1,municipio,BA,35319,2911600,GOVERNADOR MANGABEIRA,,60,60,100.00,0,60,0,60,0,19120,19120,100.00,0,19120,0,19120,0,14975,78.32,4145,21.68,14975,14047,93.80,14047,14047,100.00,0,0.00,0,300,2.00,628,4.19,628,0,0,0,04/10/2026,20:18:41,04/10/2026 20:19:41,sim
1,04/10/2026,6257,Presidente,1,municipio,BA,35335,2911709,GUANAMBI,,192,192,100.00,0,192,0,192,0,67489,67489,100.00,0,67489,0,67489,0,55417,82.11,12072,17.89,55417,52562,94.85,52562,52562,100.00,0,0.00,0,932,1.68,1923,3.47,1923,0,0,0,04/10/2026,21:01:33,04/10/2026 21:02:01,sim
1,04/10/2026,6257,Presidente,1,municipio,BA,35351,2911808,GUARATINGA,,58,58,100.00,0,58,0,58,0,15720,15720,100.00,0,15720,0,15720,0,11910,75.76,3810,24.24,11910,11274,94.66,11274,11274,100.00,0,0.00,0,142,1.19,494,4.15,494,0,0,0,04/10/2026,20:52:03,04/10/2026 20:52:47,sim
1,04/10/2026,6257,Presidente,1,municipio,BA,35378,2911907,IAÇU,,73,73,100.00,0,73,0,73,0,20513,20513,100.00,0,20513,0,20513,0,15839,77.21,4674,22.79,15839,14978,94.56,14978,14978,100.00,0,0.00,0,215,1.36,646,4.08,646,0,0,0,04/10/2026,21:53:29,04/10/2026 21:54:13,sim
1,04/10/2026,6257,Presidente,1,municipio,BA,35394,2912004,IBIASSUCÊ,,31,31,100.00,0,31,0,31,0,8476,8476,100.00,0,8476,0,8476,0,7081,83.54,1395,16.46,7081,6735,95.11,6735,6735,100.00,0,0.00,0,91,1.29,255,3.60,255,0,0,0,04/10/2026,21:12:12,04/10/2026 21:13:27,sim
1,04/10/2026,6257,Presidente,1,municipio,BA,35416,2912103,IBICARAÍ,,61,61,100.00,0,61,0,61,0,17862,17862,100.00,0,17862,0,17862,0,14106,78.97,3756,21.03,14106,13455,95.38,13455,13455,100.00,0,0.00,0,157,1.11,494,3.50,492,2,0,0,04/10/2026,20:14:26,04/10/2026 20:15:16,sim
1,04/10/2026,6257,Presidente,1,municipio,BA,35432,2912202,IBICOARA,,46,46,100.00,0,46,0,46,0,15956,15956,100.00,0,15956,0,15956,0,13323,83.50,2633,16.50,13323,12413,93.17,12413,12413,100.00,0,0.00,0,305,2.29,605,4.54,605,0,0,0,04/10/2026,21:04:37,04/10/2026 21:05:32,sim
1,04/10/2026,6257,Presidente,1,municipio,BA,35459,2912301,IBICUÍ,,39,39,100.00,0,39,0,39,0,11456,11456,100.00,0,11456,0,11456,0,8901,77.70,2555,22.30,8901,8442,94.84,8442,8442,100.00,0,0.00,0,126,1.42,333,3.74,332,1,0,0,04/10/2026,22:05:29,04/10/2026 22:06:31,sim
1,04/10/2026,6257,Presidente,1,municipio,BA,35475,2912400,IBIPEBA,,53,53,100.00,0,53,0,53,0,13655,13655,100.00,0,13655,0,13655,0,11440,83.78,2215,16.22,11440,11039,96.49,11039,11039,100.00,0,0.00,0,126,1.10,275,2.40,275,0,0,0,04/10/2026,22:02:19,04/10/2026 22:03:05,sim
1,04/10/2026,6257,Presidente,1,municipio,BA,35491,2928406,SANTA RITA DE CÁSSIA,,80,80,100.00,0,80,0,80,0,22965,22965,100.00,0,22965,0,22965,0,17740,77.25,5225,22.75,17740,17014,95.91,17014,17014,100.00,0,0.00,0,264,1.49,462,2.60,462,0,0,0,04/10/2026,21:00:38,04/10/2026 21:01:27,sim
1,04/10/2026,6257,Presidente,1,municipio,BA,35513,2912509,IBIPITANGA,,44,44,100.00,0,44,0,44,0,13075,13075,100.00,0,13075,0,13075,0,10239,78.31,2836,21.69,10239,9789,95.61,9789,9789,100.00,0,0.00,0,120,1.17,330,3.22,330,0,0,0,04/10/2026,21:00:57,04/10/2026 21:02:01,sim
1,04/10/2026,6257,Presidente,1,municipio,BA,35530,2912608,IBIQUERA,,15,15,100.00,0,15,0,15,0,4187,4187,100.00,0,4187,0,4187,0,3190,76.19,997,23.81,3190,3045,95.45,3045,3045,100.00,0,0.00,0,38,1.19,107,3.35,107,0,0,0,04/10/2026,18:36:22,04/10/2026 18:37:36,sim
1,04/10/2026,6257,Presidente,1,municipio,BA,35556,2912707,IBIRAPITANGA,,48,48,100.00,0,48,0,48,0,14359,14359,100.00,0,14359,0,14359,0,10958,76.31,3401,23.69,10958,10483,95.67,10483,10483,100.00,0,0.00,0,124,1.13,351,3.20,351,0,0,0,04/10/2026,19:04:13,04/10/2026 19:05:04,sim
1,04/10/2026,6257,Presidente,1,municipio,BA,35572,2912806,IBIRAPUÃ,,28,28,100.00,0,28,0,28,0,7516,7516,100.00,0,7516,0,7516,0,6131,81.57,1385,18.43,6131,5889,96.05,5889,5889,100.00,0,0.00,0,68,1.11,174,2.84,174,0,0,0,04/10/2026,20:57:57,04/10/2026 20:58:50,sim
1,04/10/2026,6257,Presidente,1,municipio,BA,35599,2912905,IBIRATAIA,,54,54,100.00,0,54,0,54,0,16014,16014,100.00,0,16014,0,16014,0,11986,74.85,4028,25.15,11986,11230,93.69,11230,11230,100.00,0,0.00,0,162,1.35,594,4.96,593,1,0,0,04/10/2026,19:23:11,04/10/2026 19:24:45,sim
1,04/10/2026,6257,Presidente,1,municipio,BA,35610,2913002,IBITIARA,,46,46,100.00,0,46,0,46,0,12093,12093,100.00,0,12093,0,12093,0,9506,78.61,2587,21.39,9506,9021,94.90,9021,9021,100.00,0,0.00,0,157,1.65,328,3.45,327,1,0,0,04/10/2026,21:31:18,04/10/2026 21:31:56,sim
1,04/10/2026,6257,Presidente,1,municipio,BA,35637,2913101,IBITITÁ,,62,62,100.00,0,62,0,62,0,15648,15648,100.00,0,15648,0,15648,0,13320,85.12,2328,14.88,13320,12879,96.69,12879,12879,100.00,0,0.00,0,138,1.04,303,2.27,303,0,0,0,04/10/2026,21:01:20,04/10/2026 21:02:01,sim
1,04/10/2026,6257,Presidente,1,municipio,BA,35653,2913200,IBOTIRAMA,,81,81,100.00,0,81,0,81,0,21431,21431,100.00,0,21431,0,21431,0,17240,80.44,4191,19.56,17240,16647,96.56,16647,16647,100.00,0,0.00,0,209,1.21,384,2.23,383,1,0,0,04/10/2026,21:01:08,04/10/2026 21:02:01,sim
1,04/10/2026,6257,Presidente,1,municipio,BA,35670,2913309,ICHU,,18,18,100.00,0,18,0,18,0,6009,6009,100.00,0,6009,0,6009,0,5124,85.27,885,14.73,5124,4921,96.04,4921,4921,100.00,0,0.00,0,66,1.29,137,2.67,137,0,0,0,04/10/2026,21:33:33,04/10/2026 21:34:20,sim
1,04/10/2026,6257,Presidente,1,municipio,BA,35696,2913408,IGAPORÃ,,36,36,100.00,0,36,0,36,0,12265,12265,100.00,0,12265,0,12265,0,9881,80.56,2384,19.44,9881,9378,94.91,9378,9378,100.00,0,0.00,0,174,1.76,329,3.33,329,0,0,0,04/10/2026,21:01:18,04/10/2026 21:02:01,sim
1,04/10/2026,6257,Presidente,1,municipio,BA,35700,2913457,IGRAPIÚNA,,33,33,100.00,0,33,0,33,0,9050,9050,100.00,0,9050,0,9050,0,7205,79.61,1845,20.39,7205,6754,93.74,6754,6754,100.00,0,0.00,0,106,1.47,345,4.79,344,1,0,0,04/10/2026,22:19:00,04/10/2026 22:19:51,sim
1,04/10/2026,6257,Presidente,1,municipio,BA,35718,2913507,IGUAÍ,,57,57,100.00,0,57,0,57,0,17709,17709,100.00,0,17709,0,17709,0,13083,73.88,4626,26.12,13083,12252,93.65,12252,12252,100.00,0,0.00,0,202,1.54,629,4.81,629,0,0,0,04/10/2026,20:59:15,04/10/2026 21:00:28,sim
1,04/10/2026,6257,Presidente,1,municipio,BA,35734,2913606,ILHÉUS,,409,409,100.00,0,409,0,409,0,130310,130310,100.00,0,130310,0,130310,0,103570,79.48,26740,20.52,103570,98343,94.95,98343,98343,100.00,0,0.00,0,1863,1.80,3364,3.25,3362,2,0,0,04/10/2026,21:43:10,04/10/2026 21:44:01,sim
1,04/10/2026,6257,Presidente,1,municipio,BA,35750,2913705,INHAMBUPE,,83,83,100.00,0,83,0,83,0,27722,27722,100.00,0,27722,0,27722,0,21968,79.24,5754,20.76,21968,20608,93.81,20608,20608,100.00,0,0.00,0,459,2.09,901,4.10,899,2,0,0,04/10/2026,21:32:18,04/10/2026 21:33:23,sim
1,04/10/2026,6257,Presidente,1,municipio,BA,35777,2913804,IPECAETÁ,,48,48,100.00,0,48,0,48,0,15029,15029,100.00,0,15029,0,15029,0,11991,79.79,3038,20.21,11991,11411,95.16,11411,11411,100.00,0,0.00,0,157,1.31,423,3.53,422,1,0,0,04/10/2026,20:52:45,04/10/2026 20:54:04,sim
1,04/10/2026,6257,Presidente,1,municipio,BA,35793,2913903,IPIAÚ,,117,117,100.00,0,117,0,117,0,32735,32735,100.00,0,32735,0,32735,0,25189,76.95,7546,23.05,25189,23801,94.49,23801,23801,100.00,0,0.00,0,413,1.64,975,3.87,974,1,0,0,04/10/2026,21:18:03,04/10/2026 21:19:14,sim
1,04/10/2026,6257,Presidente,1,municipio,BA,35815,2914000,IPIRÁ,,155,155,100.00,0,155,0,155,0,47871,47871,100.00,0,47871,0,47871,0,37048,77.39,10823,22.61,37048,34813,93.97,34813,34813,100.00,0,0.00,0,571,1.54,1664,4.49,1662,2,0,0,04/10/2026,21:49:10,04/10/2026 21:49:51,sim
1,04/10/2026,6257,Presidente,1,municipio,BA,35831,2914109,IPUPIARA,,28,28,100.00,0,28,0,28,0,8953,8953,100.00,0,8953,0,8953,0,7494,83.70,1459,16.30,7494,7152,95.44,7152,7152,100.00,0,0.00,0,123,1.64,219,2.92,218,1,0,0,04/10/2026,20:58:23,04/10/2026 20:58:50,sim
1,04/10/2026,6257,Presidente,1,municipio,BA,35858,2914208,IRAJUBA,,21,21,100.00,0,21,0,21,0,5507,5507,100.00,0,5507,0,5507,0,4246,77.10,1261,22.90,4246,4003,94.28,4003,4003,100.00,0,0.00,0,55,1.30,188,4.43,187,1,0,0,04/10/2026,21:00:34,04/10/2026 21:01:00,sim
1,04/10/2026,6257,Presidente,1,municipio,BA,35874,2914307,IRAMAIA,,31,31,100.00,0,31,0,31,0,8556,8556,100.00,0,8556,0,8556,0,6962,81.37,1594,18.63,6962,6648,95.49,6648,6648,100.00,0,0.00,0,91,1.31,223,3.20,222,1,0,0,04/10/2026,21:02:57,04/10/2026 21:04:01,sim
1,04/10/2026,6257,Presidente,1,municipio,BA,35890,2914406,IRAQUARA,,63,63,100.00,0,63,0,63,0,19044,19044,100.00,0,19044,0,19044,0,15807,83.00,3237,17.00,15807,15180,96.03,15180,15180,100.00,0,0.00,0,212,1.34,415,2.63,415,0,0,0,04/10/2026,21:36:08,04/10/2026 21:36:41,sim
1,04/10/2026,6257,Presidente,1,municipio,BA,35912,2914505,IRARÁ,,90,90,100.00,0,90,0,90,0,25619,25619,100.00,0,25619,0,25619,0,20527,80.12,5092,19.88,20527,19342,94.23,19342,19342,100.00,0,0.00,0,370,1.80,815,3.97,815,0,0,0,04/10/2026,20:51:01,04/10/2026 20:52:17,sim
1,04/10/2026,6257,Presidente,1,municipio,BA,35939,2914604,IRECÊ,,163,163,100.00,0,163,0,163,0,51249,51249,100.00,0,51249,0,51249,0,42791,83.50,8458,16.50,42791,40679,95.06,40679,40679,100.00,0,0.00,0,624,1.46,1488,3.48,1487,1,0,0,04/10/2026,22:15:03,04/10/2026 22:15:57,sim
1,04/10/2026,6257,Presidente,1,municipio,BA,35947,2914653,ITABELA,,70,70,100.00,0,70,0,70,0,22120,22120,100.00,0,22120,0,22120,0,16559,74.86,5561,25.14,16559,15524,93.75,15524,15524,100.00,0,0.00,0,306,1.85,729,4.40,728,1,0,0,04/10/2026,20:12:24,04/10/2026 20:13:13,sim
1,04/10/2026,6257,Presidente,1,municipio,BA,35955,2914703,ITABERABA,,151,151,100.00,0,151,0,151,0,48749,48749,100.00,0,48749,0,48749,0,40338,82.75,8411,17.25,40338,38067,94.37,38067,38067,100.00,0,0.00,0,614,1.52,1657,4.11,1656,1,0,0,04/10/2026,22:13:06,04/10/2026 22:14:23,sim
1,04/10/2026,6257,Presidente,1,municipio,BA,35971,2914802,ITABUNA,,453,453,100.00,0,453,0,453,0,141524,141524,100.00,0,141524,0,141524,0,115006,81.26,26518,18.74,115006,109876,95.54,109876,109876,100.00,0,0.00,0,1894,1.65,3236,2.81,3231,5,0,0,04/10/2026,21:00:37,04/10/2026 21:01:28,sim
1,04/10/2026,6257,Presidente,1,municipio,BA,35998,2914901,ITACARÉ,,59,59,100.00,0,59,0,59,0,19616,19616,100.00,0,19616,0,19616,0,14756,75.22,4860,24.78,14756,14057,95.26,14057,14057,100.00,0,0.00,0,195,1.32,504,3.42,504,0,0,0,04/10/2026,21:11:23,04/10/2026 21:11:54,sim
1,04/10/2026,6257,Presidente,1,municipio,BA,36013,2915007,ITAETÉ,,40,39,97.50,1,39,0,39,0,11361,11128,97.95,233,11128,0,11128,0,8455,75.98,2673,24.02,8455,7928,93.77,7928,7928,100.00,0,0.00,0,125,1.48,402,4.75,402,0,0,0,04/10/2026,20:59:48,04/10/2026 21:01:00,sim
1,04/10/2026,6257,Presidente,1,municipio,BA,36030,2915106,ITAGI,,36,36,100.00,0,36,0,36,0,10639,10639,100.00,0,10639,0,10639,0,8050,75.67,2589,24.33,8050,7624,94.71,7624,7624,100.00,0,0.00,0,101,1.25,325,4.04,324,1,0,0,04/10/2026,20:51:19,04/10/2026 20:52:16,sim
1,04/10/2026,6257,Presidente,1,municipio,BA,36056,2915205,ITAGIBÁ,,41,41,100.00,0,41,0,41,0,13131,13131,100.00,0,13131,0,13131,0,10144,77.25,2987,22.75,10144,9578,94.42,9578,9578,100.00,0,0.00,0,119,1.17,447,4.41,446,1,0,0,04/10/2026,20:06:13,04/10/2026 20:07:40,sim
1,04/10/2026,6257,Presidente,1,municipio,BA,36072,2915304,ITAGIMIRIM,,22,22,100.00,0,22,0,22,0,6636,6636,100.00,0,6636,0,6636,0,4863,73.28,1773,26.72,4863,4629,95.19,4629,4629,100.00,0,0.00,0,51,1.05,183,3.76,183,0,0,0,04/10/2026,19:18:33,04/10/2026 19:21:04,sim
1,04/10/2026,6257,Presidente,1,municipio,BA,36080,2915353,ITAGUAÇU DA BAHIA,,36,36,100.00,0,36,0,36,0,10842,10842,100.00,0,10842,0,10842,0,8843,81.56,1999,18.44,8843,8659,97.92,8659,8659,100.00,0,0.00,0,69,0.78,115,1.30,115,0,0,0,04/10/2026,22:29:05,04/10/2026 22:29:51,sim
1,04/10/2026,6257,Presidente,1,municipio,BA,36099,2915403,ITAJU DO COLÔNIA,,20,20,100.00,0,20,0,20,0,6225,6225,100.00,0,6225,0,6225,0,4689,75.33,1536,24.67,4689,4540,96.82,4540,4540,100.00,0,0.00,0,32,0.68,117,2.50,117,0,0,0,04/10/2026,19:23:57,04/10/2026 19:24:48,sim
1,04/10/2026,6257,Presidente,1,municipio,BA,36110,2915502,ITAJUÍPE,,56,56,100.00,0,56,0,56,0,16067,16067,100.00,0,16067,0,16067,0,12772,79.49,3295,20.51,12772,12181,95.37,12181,12181,100.00,0,0.00,0,190,1.49,401,3.14,400,1,0,0,04/10/2026,20:48:23,04/10/2026 20:49:35,sim
1,04/10/2026,6257,Presidente,1,municipio,BA,36137,2915601,ITAMARAJU,,152,152,100.00,0,152,0,152,0,45999,45999,100.00,0,45999,0,45999,0,35519,77.22,10480,22.78,35519,33605,94.61,33605,33605,100.00,0,0.00,0,518,1.46,1396,3.93,1394,2,0,0,04/10/2026,21:59:10,04/10/2026 22:00:10,sim
1,04/10/2026,6257,Presidente,1,municipio,BA,36153,2915700,ITAMARI,,24,24,100.00,0,24,0,24,0,6100,6100,100.00,0,6100,0,6100,0,4696,76.98,1404,23.02,4696,4428,94.29,4428,4428,100.00,0,0.00,0,82,1.75,186,3.96,186,0,0,0,04/10/2026,19:22:46,04/10/2026 19:23:44,sim
1,04/10/2026,6257,Presidente,1,municipio,BA,36170,2915809,ITAMBÉ,,65,65,100.00,0,65,0,65,0,17831,17831,100.00,0,17831,0,17831,0,14076,78.94,3755,21.06,14076,13513,96.00,13513,13513,100.00,0,0.00,0,172,1.22,391,2.78,391,0,0,0,04/10/2026,21:43:34,04/10/2026 21:45:01,sim
1,04/10/2026,6257,Presidente,1,municipio,BA,36196,2915908,ITANAGRA,,20,20,100.00,0,20,0,20,0,6668,6668,100.00,0,6668,0,6668,0,4904,73.55,1764,26.45,4904,4668,95.19,4668,4668,100.00,0,0.00,0,71,1.45,165,3.36,165,0,0,0,04/10/2026,19:28:57,04/10/2026 19:30:25,sim
1,04/10/2026,6257,Presidente,1,municipio,BA,36218,2916005,ITANHÉM,,50,50,100.00,0,50,0,50,0,14916,14916,100.00,0,14916,0,14916,0,10934,73.30,3982,26.70,10934,10368,94.82,10368,10368,100.00,0,0.00,0,143,1.31,423,3.87,423,0,0,0,04/10/2026,21:00:18,04/10/2026 21:01:28,sim
1,04/10/2026,6257,Presidente,1,municipio,BA,36234,2916104,ITAPARICA,,64,64,100.00,0,64,0,64,0,20044,20044,100.00,0,20044,0,20044,0,15799,78.82,4245,21.18,15799,15024,95.09,15024,15024,100.00,0,0.00,0,240,1.52,535,3.39,535,0,0,0,04/10/2026,22:19:15,04/10/2026 22:19:51,sim
1,04/10/2026,6257,Presidente,1,municipio,BA,36250,2916203,ITAPÉ,,28,28,100.00,0,28,0,28,0,8428,8428,100.00,0,8428,0,8428,0,6552,77.74,1876,22.26,6552,6199,94.61,6199,6199,100.00,0,0.00,0,87,1.33,266,4.06,266,0,0,0,04/10/2026,19:22:42,04/10/2026 19:23:44,sim
1,04/10/2026,6257,Presidente,1,municipio,BA,36277,2916302,ITAPEBI,,26,26,100.00,0,26,0,26,0,8383,8383,100.00,0,8383,0,8383,0,5881,70.15,2502,29.85,5881,5648,96.04,5648,5648,100.00,0,0.00,0,61,1.04,172,2.92,172,0,0,0,04/10/2026,19:17:26,04/10/2026 19:21:05,sim
1,04/10/2026,6257,Presidente,1,municipio,BA,36293,2916401,ITAPETINGA,,159,159,100.00,0,159,0,159,0,48314,48314,100.00,0,48314,0,48314,0,38690,80.08,9624,19.92,38690,36776,95.05,36776,36776,100.00,0,0.00,0,727,1.88,1187,3.07,1187,0,0,0,04/10/2026,20:53:24,04/10/2026 20:54:39,sim
1,04/10/2026,6257,Presidente,1,municipio,BA,36315,2916500,ITAPICURU,,75,75,100.00,0,75,0,75,0,23461,23461,100.00,0,23461,0,23461,0,19195,81.82,4266,18.18,19195,18151,94.56,18151,18151,100.00,0,0.00,0,233,1.21,811,4.23,810,1,0,0,04/10/2026,22:09:35,04/10/2026 22:10:21,sim
1,04/10/2026,6257,Presidente,1,municipio,BA,36331,2916609,ITAPITANGA,,21,21,100.00,0,21,0,21,0,5934,5934,100.00,0,5934,0,5934,0,4706,79.31,1228,20.69,4706,4525,96.15,4525,4525,100.00,0,0.00,0,40,0.85,141,3.00,141,0,0,0,04/10/2026,19:24:04,04/10/2026 19:24:47,sim
1,04/10/2026,6257,Presidente,1,municipio,BA,36358,2916708,ITAQUARA,,21,21,100.00,0,21,0,21,0,6754,6754,100.00,0,6754,0,6754,0,5124,75.87,1630,24.13,5124,4842,94.50,4842,4842,100.00,0,0.00,0,73,1.42,209,4.08,208,1,0,0,04/10/2026,20:55:17,04/10/2026 20:56:21,sim
1,04/10/2026,6257,Presidente,1,municipio,BA,36374,2916807,ITARANTIM,,47,47,100.00,0,47,0,47,0,13931,13931,100.00,0,13931,0,13931,0,10864,77.98,3067,22.02,10864,10349,95.26,10349,10349,100.00,0,0.00,0,164,1.51,351,3.23,350,1,0,0,04/10/2026,19:24:23,04/10/2026 19:25:20,sim
1,04/10/2026,6257,Presidente,1,municipio,BA,36382,2916856,ITATIM,,40,40,100.00,0,40,0,40,0,12954,12954,100.00,0,12954,0,12954,0,10709,82.67,2245,17.33,10709,10104,94.35,10104,10104,100.00,0,0.00,0,189,1.76,416,3.88,416,0,0,0,04/10/2026,21:31:09,04/10/2026 21:32:26,sim
1,04/10/2026,6257,Presidente,1,municipio,BA,36390,2916906,ITIRUÇU,,33,33,100.00,0,33,0,33,0,8937,8937,100.00,0,8937,0,8937,0,7075,79.17,1862,20.83,7075,6635,93.78,6635,6635,100.00,0,0.00,0,115,1.63,325,4.59,325,0,0,0,04/10/2026,20:48:41,04/10/2026 20:49:33,sim
1,04/10/2026,6257,Presidente,1,municipio,BA,36412,2917003,ITIÚBA,,97,97,100.00,0,97,0,97,0,27758,27758,100.00,0,27758,0,27758,0,22581,81.35,5177,18.65,22581,21652,95.89,21652,21652,100.00,0,0.00,0,314,1.39,615,2.72,614,1,0,0,04/10/2026,21:42:44,04/10/2026 21:43:31,sim
1,04/10/2026,6257,Presidente,1,municipio,BA,36439,2917102,ITORORÓ,,56,56,100.00,0,56,0,56,0,16355,16355,100.00,0,16355,0,16355,0,12624,77.19,3731,22.81,12624,11996,95.03,11996,11996,100.00,0,0.00,0,173,1.37,455,3.60,455,0,0,0,04/10/2026,20:46:57,04/10/2026 20:48:08,sim
1,04/10/2026,6257,Presidente,1,municipio,BA,36455,2917201,ITUAÇU,,57,57,100.00,0,57,0,57,0,15600,15600,100.00,0,15600,0,15600,0,12748,81.72,2852,18.28,12748,11963,93.84,11963,11963,100.00,0,0.00,0,251,1.97,534,4.19,534,0,0,0,04/10/2026,21:00:27,04/10/2026 21:01:28,sim
1,04/10/2026,6257,Presidente,1,municipio,BA,36471,2917300,ITUBERÁ,,65,65,100.00,0,65,0,65,0,17839,17839,100.00,0,17839,0,17839,0,13902,77.93,3937,22.07,13902,13062,93.96,13062,13062,100.00,0,0.00,0,300,2.16,540,3.88,540,0,0,0,04/10/2026,21:25:33,04/10/2026 21:26:31,sim
1,04/10/2026,6257,Presidente,1,municipio,BA,36498,2917409,JACARACI,,39,39,100.00,0,39,0,39,0,11808,11808,100.00,0,11808,0,11808,0,9375,79.40,2433,20.60,9375,8982,95.81,8982,8982,100.00,0,0.00,0,104,1.11,289,3.08,289,0,0,0,04/10/2026,21:00:58,04/10/2026 21:02:01,sim
1,04/10/2026,6257,Presidente,1,municipio,BA,36510,2917508,JACOBINA,,192,192,100.00,0,192,0,192,0,61665,61665,100.00,0,61665,0,61665,0,49411,80.13,12254,19.87,49411,46859,94.84,46859,46859,100.00,0,0.00,0,769,1.56,1783,3.61,1779,4,0,0,04/10/2026,21:25:43,04/10/2026 21:26:54,sim
1,04/10/2026,6257,Presidente,1,municipio,BA,36536,2917607,JAGUAQUARA,,117,117,100.00,0,117,0,117,0,35855,35855,100.00,0,35855,0,35855,0,27805,77.55,8050,22.45,27805,25904,93.16,25904,25904,100.00,0,0.00,0,492,1.77,1409,5.07,1407,2,0,0,04/10/2026,20:56:26,04/10/2026 20:57:47,sim
1,04/10/2026,6257,Presidente,1,municipio,BA,36552,2917706,JAGUARARI,,89,89,100.00,0,89,0,89,0,23294,23294,100.00,0,23294,0,23294,0,19437,83.44,3857,16.56,19437,18477,95.06,18477,18477,100.00,0,0.00,0,329,1.69,631,3.25,631,0,0,0,04/10/2026,20:55:18,04/10/2026 20:56:22,sim
1,04/10/2026,6257,Presidente,1,municipio,BA,36579,2917805,JAGUARIPE,,49,49,100.00,0,49,0,49,0,15393,15393,100.00,0,15393,0,15393,0,12295,79.87,3098,20.13,12295,11569,94.10,11569,11569,100.00,0,0.00,0,259,2.11,467,3.80,466,1,0,0,04/10/2026,20:57:39,04/10/2026 20:58:50,sim
1,04/10/2026,6257,Presidente,1,municipio,BA,36595,2917904,JANDAÍRA,,33,33,100.00,0,33,0,33,0,9074,9074,100.00,0,9074,0,9074,0,7124,78.51,1950,21.49,7124,6847,96.11,6847,6847,100.00,0,0.00,0,63,0.88,214,3.00,214,0,0,0,04/10/2026,20:41:40,04/10/2026 20:42:33,sim
1,04/10/2026,6257,Presidente,1,municipio,BA,36617,2918001,JEQUIÉ,,359,359,100.00,0,359,0,359,0,119040,119040,100.00,0,119040,0,119040,0,97318,81.75,21722,18.25,97318,91725,94.25,91725,91725,100.00,0,0.00,0,1774,1.82,3819,3.92,3816,3,0,0,04/10/2026,21:31:09,04/10/2026 21:32:26,sim
1,04/10/2026,6257,Presidente,1,municipio,BA,36633,2918100,JEREMOABO,,104,104,100.00,0,104,0,104,0,29071,29071,100.00,0,29071,0,29071,0,24022,82.63,5049,17.37,24022,23099,96.16,23099,23099,100.00,0,0.00,0,226,0.94,697,2.90,697,0,0,0,04/10/2026,22:49:21,04/10/2026 22:50:44,sim
1,04/10/2026,6257,Presidente,1,municipio,BA,36650,2918209,JIQUIRIÇÁ,,38,38,100.00,0,38,0,38,0,11479,11479,100.00,0,11479,0,11479,0,9293,80.96,2186,19.04,9293,8717,93.80,8717,8717,100.00,0,0.00,0,199,2.14,377,4.06,377,0,0,0,04/10/2026,20:58:11,04/10/2026 20:59:13,sim
1,04/10/2026,6257,Presidente,1,municipio,BA,36676,2918308,JITAÚNA,,45,45,100.00,0,45,0,45,0,12992,12992,100.00,0,12992,0,12992,0,10124,77.92,2868,22.08,10124,9614,94.96,9614,9614,100.00,0,0.00,0,111,1.10,399,3.94,399,0,0,0,04/10/2026,21:02:33,04/10/2026 21:03:31,sim
1,04/10/2026,6257,Presidente,1,municipio,BA,36692,2918407,JUAZEIRO,,495,495,100.00,0,495,0,495,0,165666,165666,100.00,0,165666,0,165666,0,136940,82.66,28726,17.34,136940,131848,96.28,131848,131848,100.00,0,0.00,0,1961,1.43,3131,2.29,3127,4,0,0,04/10/2026,22:22:02,04/10/2026 22:22:41,sim
1,04/10/2026,6257,Presidente,1,municipio,BA,36706,2918456,JUCURUÇU,,30,30,100.00,0,30,0,30,0,8448,8448,100.00,0,8448,0,8448,0,6476,76.66,1972,23.34,6476,6058,93.55,6058,6058,100.00,0,0.00,0,96,1.48,322,4.97,321,1,0,0,04/10/2026,20:58:06,04/10/2026 20:59:13,sim
1,04/10/2026,6257,Presidente,1,municipio,BA,36714,2918506,JUSSARA,,50,50,100.00,0,50,0,50,0,14126,14126,100.00,0,14126,0,14126,0,11556,81.81,2570,18.19,11556,11069,95.79,11069,11069,100.00,0,0.00,0,104,0.90,383,3.31,383,0,0,0,04/10/2026,20:56:12,04/10/2026 20:57:15,sim
1,04/10/2026,6257,Presidente,1,municipio,BA,36730,2918605,JUSSIAPE,,27,27,100.00,0,27,0,27,0,6499,6499,100.00,0,6499,0,6499,0,5426,83.49,1073,16.51,5426,5127,94.49,5127,5127,100.00,0,0.00,0,97,1.79,202,3.72,202,0,0,0,04/10/2026,23:02:21,04/10/2026 23:03:21,sim
1,04/10/2026,6257,Presidente,1,municipio,BA,36757,2918704,LAFAIETE COUTINHO,,15,15,100.00,0,15,0,15,0,4471,4471,100.00,0,4471,0,4471,0,3625,81.08,846,18.92,3625,3399,93.77,3399,3399,100.00,0,0.00,0,48,1.32,178,4.91,178,0,0,0,04/10/2026,20:34:40,04/10/2026 20:35:19,sim
1,04/10/2026,6257,Presidente,1,municipio,BA,36765,2918753,LAGOA REAL,,36,36,100.00,0,36,0,36,0,10624,10624,100.00,0,10624,0,10624,0,8987,84.59,1637,15.41,8987,8519,94.79,8519,8519,100.00,0,0.00,0,89,0.99,379,4.22,379,0,0,0,04/10/2026,21:56:14,04/10/2026 21:57:15,sim
1,04/10/2026,6257,Presidente,1,municipio,BA,36773,2918803,LAJE,,62,62,100.00,0,62,0,62,0,20749,20749,100.00,0,20749,0,20749,0,16559,79.81,4190,20.19,16559,15580,94.09,15580,15580,100.00,0,0.00,0,223,1.35,756,4.57,756,0,0,0,04/10/2026,22:07:00,04/10/2026 22:07:54,sim
1,04/10/2026,6257,Presidente,1,municipio,BA,36790,2918902,LAJEDÃO,,16,16,100.00,0,16,0,16,0,4258,4258,100.00,0,4258,0,4258,0,3201,75.18,1057,24.82,3201,3074,96.03,3074,3074,100.00,0,0.00,0,26,0.81,101,3.16,101,0,0,0,04/10/2026,18:48:15,04/10/2026 18:50:04,sim
1,04/10/2026,6257,Presidente,1,municipio,BA,36811,2919009,LAJEDINHO,,11,11,100.00,0,11,0,11,0,3619,3619,100.00,0,3619,0,3619,0,2835,78.34,784,21.66,2835,2716,95.80,2716,2716,100.00,0,0.00,0,22,0.78,97,3.42,96,1,0,0,04/10/2026,20:57:15,04/10/2026 20:58:21,sim
1,04/10/2026,6257,Presidente,1,municipio,BA,36820,2919058,LAJEDO DO TABOCAL,,25,25,100.00,0,25,0,25,0,6287,6287,100.00,0,6287,0,6287,0,5025,79.93,1262,20.07,5025,4697,93.47,4697,4697,100.00,0,0.00,0,102,2.03,226,4.50,225,1,0,0,04/10/2026,19:08:05,04/10/2026 19:08:46,sim
1,04/10/2026,6257,Presidente,1,municipio,BA,36838,2919108,LAMARÃO,,28,28,100.00,0,28,0,28,0,8523,8523,100.00,0,8523,0,8523,0,6560,76.97,1963,23.03,6560,6240,95.12,6240,6240,100.00,0,0.00,0,94,1.43,226,3.45,226,0,0,0,04/10/2026,21:18:27,04/10/2026 21:19:43,sim
1,04/10/2026,6257,Presidente,1,municipio,BA,36854,2919207,LAURO DE FREITAS,,413,413,100.00,0,413,0,413,0,163871,163871,100.00,0,163871,0,163871,0,126329,77.09,37542,22.91,126329,119345,94.47,119345,119345,100.00,0,0.00,0,2397,1.90,4587,3.63,4584,3,0,0,04/10/2026,21:38:19,04/10/2026 21:39:13,sim
1,04/10/2026,6257,Presidente,1,municipio,BA,36870,2919306,LENÇÓIS,,24,24,100.00,0,24,0,24,0,7895,7895,100.00,0,7895,0,7895,0,6154,77.95,1741,22.05,6154,5911,96.05,5911,5911,100.00,0,0.00,0,64,1.04,179,2.91,179,0,0,0,04/10/2026,20:55:03,04/10/2026 20:56:22,sim
1,04/10/2026,6257,Presidente,1,municipio,BA,36897,2919405,LICÍNIO DE ALMEIDA,,32,32,100.00,0,32,0,32,0,10121,10121,100.00,0,10121,0,10121,0,8487,83.86,1634,16.14,8487,8085,95.26,8085,8085,100.00,0,0.00,0,150,1.77,252,2.97,252,0,0,0,04/10/2026,21:16:52,04/10/2026 21:18:12,sim
1,04/10/2026,6257,Presidente,1,municipio,BA,36919,2919504,LIVRAMENTO DE NOSSA SENHORA,,114,114,100.00,0,114,0,114,0,34703,34703,100.00,0,34703,0,34703,0,29383,84.67,5320,15.33,29383,28077,95.56,28077,28077,100.00,0,0.00,0,482,1.64,824,2.80,824,0,0,0,04/10/2026,21:07:56,04/10/2026 21:08:53,sim
1,04/10/2026,6257,Presidente,1,municipio,BA,36935,2919603,MACAJUBA,,32,32,100.00,0,32,0,32,0,10033,10033,100.00,0,10033,0,10033,0,7464,74.39,2569,25.61,7464,7004,93.84,7004,7004,100.00,0,0.00,0,123,1.65,337,4.52,336,1,0,0,04/10/2026,20:57:18,04/10/2026 20:58:22,sim
1,04/10/2026,6257,Presidente,1,municipio,BA,36951,2919702,MACARANI,,42,42,100.00,0,42,0,42,0,12841,12841,100.00,0,12841,0,12841,0,9670,75.31,3171,24.69,9670,9001,93.08,9001,9001,100.00,0,0.00,0,154,1.59,515,5.33,514,1,0,0,04/10/2026,19:26:18,04/10/2026 19:29:46,sim
1,04/10/2026,6257,Presidente,1,municipio,BA,36978,2919801,MACAÚBAS,,142,142,100.00,0,142,0,142,0,32963,32963,100.00,0,32963,0,32963,0,26214,79.53,6749,20.47,26214,24795,94.59,24795,24795,100.00,0,0.00,0,394,1.50,1025,3.91,1023,2,0,0,04/10/2026,21:11:34,04/10/2026 21:12:58,sim
1,04/10/2026,6257,Presidente,1,municipio,BA,36994,2919900,MACURURÉ,,24,24,100.00,0,24,0,24,0,6566,6566,100.00,0,6566,0,6566,0,5330,81.18,1236,18.82,5330,5161,96.83,5161,5161,100.00,0,0.00,0,31,0.58,138,2.59,138,0,0,0,04/10/2026,23:02:31,04/10/2026 23:03:45,sim
1,04/10/2026,6257,Presidente,1,municipio,BA,37010,2920007,MAIQUINIQUE,,23,23,100.00,0,23,0,23,0,7260,7260,100.00,0,7260,0,7260,0,5685,78.31,1575,21.69,5685,5360,94.28,5360,5360,100.00,0,0.00,0,91,1.60,234,4.12,234,0,0,0,04/10/2026,19:21:10,04/10/2026 19:22:22,sim
1,04/10/2026,6257,Presidente,1,municipio,BA,37036,2920106,MAIRI,,49,49,100.00,0,49,0,49,0,13826,13826,100.00,0,13826,0,13826,0,10815,78.22,3011,21.78,10815,10118,93.56,10118,10118,100.00,0,0.00,0,185,1.71,512,4.73,512,0,0,0,04/10/2026,21:48:09,04/10/2026 21:48:53,sim
1,04/10/2026,6257,Presidente,1,municipio,BA,37052,2920205,MALHADA,,45,45,100.00,0,45,0,45,0,13151,13151,100.00,0,13151,0,13151,0,10709,81.43,2442,18.57,10709,10299,96.17,10299,10299,100.00,0,0.00,0,161,1.50,249,2.33,249,0,0,0,04/10/2026,21:54:29,04/10/2026 21:55:10,sim
1,04/10/2026,6257,Presidente,1,municipio,BA,37079,2920304,MALHADA DE PEDRAS,,26,26,100.00,0,26,0,26,0,7896,7896,100.00,0,7896,0,7896,0,6484,82.12,1412,17.88,6484,6189,95.45,6189,6189,100.00,0,0.00,0,104,1.60,191,2.95,191,0,0,0,04/10/2026,21:33:08,04/10/2026 21:34:20,sim
1,04/10/2026,6257,Presidente,1,municipio,BA,37095,2920403,MANOEL VITORINO,,44,44,100.00,0,44,0,44,0,13181,13181,100.00,0,13181,0,13181,0,10534,79.92,2647,20.08,10534,10160,96.45,10160,10160,100.00,0,0.00,0,85,0.81,289,2.74,289,0,0,0,04/10/2026,21:03:47,04/10/2026 21:04:35,sim
1,04/10/2026,6257,Presidente,1,municipio,BA,37117,2920502,MARACÁS,,74,74,100.00,0,74,0,74,0,21719,21719,100.00,0,21719,0,21719,0,16972,78.14,4747,21.86,16972,15975,94.13,15975,15975,100.00,0,0.00,0,312,1.84,685,4.04,684,1,0,0,04/10/2026,21:01:00,04/10/2026 21:02:00,sim
1,04/10/2026,6257,Presidente,1,municipio,BA,37133,2920601,MARAGOGIPE,,122,122,100.00,0,122,0,122,0,34902,34902,100.00,0,34902,0,34902,0,28791,82.49,6111,17.51,28791,27453,95.35,27453,27453,100.00,0,0.00,0,435,1.51,903,3.14,903,0,0,0,04/10/2026,22:18:27,04/10/2026 22:19:22,sim
1,04/10/2026,6257,Presidente,1,municipio,BA,37150,2920700,MARAÚ,,57,57,100.00,0,57,0,57,0,16481,16481,100.00,0,16481,0,16481,0,12482,75.74,3999,24.26,12482,11842,94.87,11842,11842,100.00,0,0.00,0,157,1.26,483,3.87,483,0,0,0,04/10/2026,22:15:10,04/10/2026 22:16:23,sim
1,04/10/2026,6257,Presidente,1,municipio,BA,37176,2920809,MARCIONÍLIO SOUZA,,27,27,100.00,0,27,0,27,0,7767,7767,100.00,0,7767,0,7767,0,6060,78.02,1707,21.98,6060,5742,94.75,5742,5742,100.00,0,0.00,0,88,1.45,230,3.80,230,0,0,0,04/10/2026,21:05:17,04/10/2026 21:06:34,sim
1,04/10/2026,6257,Presidente,1,municipio,BA,37192,2920908,MASCOTE,,34,34,100.00,0,34,0,34,0,9177,9177,100.00,0,9177,0,9177,0,6972,75.97,2205,24.03,6972,6686,95.90,6686,6686,100.00,0,0.00,0,66,0.95,220,3.16,220,0,0,0,04/10/2026,20:58:16,04/10/2026 20:59:14,sim
1,04/10/2026,6257,Presidente,1,municipio,BA,37214,2921005,MATA DE SÃO JOÃO,,128,128,100.00,0,128,0,128,0,43098,43098,100.00,0,43098,0,43098,0,33881,78.61,9217,21.39,33881,31631,93.36,31631,31631,100.00,0,0.00,0,867,2.56,1383,4.08,1380,3,0,0,04/10/2026,20:56:34,04/10/2026 20:57:45,sim
1,04/10/2026,6257,Presidente,1,municipio,BA,37222,2921054,MATINA,,31,31,100.00,0,31,0,31,0,9556,9556,100.00,0,9556,0,9556,0,7633,79.88,1923,20.12,7633,7240,94.85,7240,7240,100.00,0,0.00,0,117,1.53,276,3.62,275,1,0,0,04/10/2026,20:56:22,04/10/2026 20:57:17,sim
1,04/10/2026,6257,Presidente,1,municipio,BA,37230,2921104,MEDEIROS NETO,,66,66,100.00,0,66,0,66,0,18663,18663,100.00,0,18663,0,18663,0,14622,78.35,4041,21.65,14622,13846,94.69,13846,13846,100.00,0,0.00,0,189,1.29,587,4.01,585,2,0,0,04/10/2026,21:44:34,04/10/2026 21:45:34,sim
1,04/10/2026,6257,Presidente,1,municipio,BA,37257,2921203,MIGUEL CALMON,,77,77,100.00,0,77,0,77,0,19996,19996,100.00,0,19996,0,19996,0,16001,80.02,3995,19.98,16001,15051,94.06,15051,15051,100.00,0,0.00,0,200,1.25,750,4.69,749,1,0,0,04/10/2026,21:32:59,04/10/2026 21:33:55,sim
1,04/10/2026,6257,Presidente,1,municipio,BA,37273,2921302,MILAGRES,,35,35,100.00,0,35,0,35,0,8823,8823,100.00,0,8823,0,8823,0,7138,80.90,1685,19.10,7138,6718,94.12,6718,6718,100.00,0,0.00,0,116,1.63,304,4.26,304,0,0,0,04/10/2026,21:22:28,04/10/2026 21:23:13,sim
1,04/10/2026,6257,Presidente,1,municipio,BA,37290,2921401,MIRANGABA,,45,45,100.00,0,45,0,45,0,12693,12693,100.00,0,12693,0,12693,0,10205,80.40,2488,19.60,10205,9805,96.08,9805,9805,100.00,0,0.00,0,108,1.06,292,2.86,292,0,0,0,04/10/2026,20:52:31,04/10/2026 20:53:28,sim
1,04/10/2026,6257,Presidente,1,municipio,BA,37303,2921450,MIRANTE,,30,30,100.00,0,30,0,30,0,8301,8301,100.00,0,8301,0,8301,0,6596,79.46,1705,20.54,6596,6299,95.50,6299,6299,100.00,0,0.00,0,69,1.05,228,3.46,228,0,0,0,04/10/2026,23:09:17,04/10/2026 23:10:27,sim
1,04/10/2026,6257,Presidente,1,municipio,BA,37311,2921500,MONTE SANTO,,162,162,100.00,0,162,0,162,0,41809,41809,100.00,0,41809,0,41809,0,34145,81.67,7664,18.33,34145,32838,96.17,32838,32838,100.00,0,0.00,0,323,0.95,984,2.88,982,2,0,0,04/10/2026,23:19:38,04/10/2026 23:20:52,sim
1,04/10/2026,6257,Presidente,1,municipio,BA,37338,2921609,MORPARÁ,,30,30,100.00,0,30,0,30,0,7604,7604,100.00,0,7604,0,7604,0,5951,78.26,1653,21.74,5951,5689,95.60,5689,5689,100.00,0,0.00,0,72,1.21,190,3.19,188,2,0,0,04/10/2026,20:51:21,04/10/2026 20:52:16,sim
1,04/10/2026,6257,Presidente,1,municipio,BA,37354,2921708,MORRO DO CHAPÉU,,91,91,100.00,0,91,0,91,0,26151,26151,100.00,0,26151,0,26151,0,20787,79.49,5364,20.51,20787,19633,94.45,19633,19633,100.00,0,0.00,0,284,1.37,870,4.19,869,1,0,0,04/10/2026,21:00:16,04/10/2026 21:01:28,sim
1,04/10/2026,6257,Presidente,1,municipio,BA,37370,2921807,MORTUGABA,,33,33,100.00,0,33,0,33,0,9597,9597,100.00,0,9597,0,9597,0,7456,77.69,2141,22.31,7456,7026,94.23,7026,7026,100.00,0,0.00,0,97,1.30,333,4.47,333,0,0,0,04/10/2026,21:45:44,04/10/2026 21:47:02,sim
1,04/10/2026,6257,Presidente,1,municipio,BA,37397,2921906,MUCUGÊ,,34,34,100.00,0,34,0,34,0,9863,9863,100.00,0,9863,0,9863,0,8381,84.97,1482,15.03,8381,7857,93.75,7857,7857,100.00,0,0.00,0,160,1.91,364,4.34,364,0,0,0,04/10/2026,23:49:53,04/10/2026 23:50:44,sim
1,04/10/2026,6257,Presidente,1,municipio,BA,37419,2922003,MUCURI,,98,98,100.00,0,98,0,98,0,27873,27873,100.00,0,27873,0,27873,0,20987,75.30,6886,24.70,20987,20035,95.46,20035,20035,100.00,0,0.00,0,303,1.44,649,3.09,648,1,0,0,04/10/2026,20:40:00,04/10/2026 20:41:09,sim
1,04/10/2026,6257,Presidente,1,municipio,BA,37427,2922052,MULUNGU DO MORRO,,38,38,100.00,0,38,0,38,0,10988,10988,100.00,0,10988,0,10988,0,9211,83.83,1777,16.17,9211,8899,96.61,8899,8899,100.00,0,0.00,0,99,1.07,213,2.31,213,0,0,0,04/10/2026,21:33:19,04/10/2026 21:34:20,sim
1,04/10/2026,6257,Presidente,1,municipio,BA,37435,2922102,MUNDO NOVO,,56,56,100.00,0,56,0,56,0,14921,14921,100.00,0,14921,0,14921,0,11669,78.21,3252,21.79,11669,11004,94.30,11004,11004,100.00,0,0.00,0,151,1.29,514,4.40,514,0,0,0,04/10/2026,20:57:21,04/10/2026 20:58:21,sim
1,04/10/2026,6257,Presidente,1,municipio,BA,37451,2922201,MUNIZ FERREIRA,,32,32,100.00,0,32,0,32,0,8206,8206,100.00,0,8206,0,8206,0,6969,84.93,1237,15.07,6969,6633,95.18,6633,6633,100.00,0,0.00,0,87,1.25,249,3.57,249,0,0,0,04/10/2026,20:53:53,04/10/2026 20:54:39,sim
1,04/10/2026,6257,Presidente,1,municipio,BA,37460,2922250,MUQUÉM DO SÃO FRANCISCO,,31,31,100.00,0,31,0,31,0,9684,9684,100.00,0,9684,0,9684,0,7835,80.91,1849,19.09,7835,7633,97.42,7633,7633,100.00,0,0.00,0,69,0.88,133,1.70,133,0,0,0,04/10/2026,21:55:39,04/10/2026 21:56:15,sim
1,04/10/2026,6257,Presidente,1,municipio,BA,37478,2922300,MURITIBA,,73,73,100.00,0,73,0,73,0,23640,23640,100.00,0,23640,0,23640,0,18019,76.22,5621,23.78,18019,16879,93.67,16879,16879,100.00,0,0.00,0,348,1.93,792,4.40,791,1,0,0,04/10/2026,20:49:05,04/10/2026 20:50:09,sim
1,04/10/2026,6257,Presidente,1,municipio,BA,37494,2922409,MUTUÍPE,,56,56,100.00,0,56,0,56,0,17909,17909,100.00,0,17909,0,17909,0,14152,79.02,3757,20.98,14152,13165,93.03,13165,13165,100.00,0,0.00,0,238,1.68,749,5.29,749,0,0,0,04/10/2026,20:25:33,04/10/2026 20:26:28,sim
1,04/10/2026,6257,Presidente,1,municipio,BA,37516,2922508,NAZARÉ,,72,72,100.00,0,72,0,72,0,22055,22055,100.00,0,22055,0,22055,0,17968,81.47,4087,18.53,17968,17072,95.01,17072,17072,100.00,0,0.00,0,328,1.83,568,3.16,568,0,0,0,04/10/2026,21:12:23,04/10/2026 21:13:27,sim
1,04/10/2026,6257,Presidente,1,municipio,BA,37532,2922607,NILO PEÇANHA,,30,30,100.00,0,30,0,30,0,10011,10011,100.00,0,10011,0,10011,0,8012,80.03,1999,19.97,8012,7493,93.52,7493,7493,100.00,0,0.00,0,174,2.17,345,4.31,344,1,0,0,04/10/2026,23:00:31,04/10/2026 23:01:47,sim
1,04/10/2026,6257,Presidente,1,municipio,BA,37559,2922706,NOVA CANAÃ,,43,43,100.00,0,43,0,43,0,12377,12377,100.00,0,12377,0,12377,0,9547,77.14,2830,22.86,9547,9062,94.92,9062,9062,100.00,0,0.00,0,100,1.05,385,4.03,385,0,0,0,04/10/2026,22:05:40,04/10/2026 22:06:53,sim
1,04/10/2026,6257,Presidente,1,municipio,BA,37567,2922730,NOVA FÁTIMA,,29,29,100.00,0,29,0,29,0,7957,7957,100.00,0,7957,0,7957,0,6597,82.91,1360,17.09,6597,6291,95.36,6291,6291,100.00,0,0.00,0,87,1.32,219,3.32,219,0,0,0,04/10/2026,20:59:33,04/10/2026 21:00:28,sim
1,04/10/2026,6257,Presidente,1,municipio,BA,37575,2922805,NOVA ITARANA,,23,23,100.00,0,23,0,23,0,6607,6607,100.00,0,6607,0,6607,0,5467,82.75,1140,17.25,5467,5233,95.72,5233,5233,100.00,0,0.00,0,80,1.46,154,2.82,154,0,0,0,04/10/2026,20:12:57,04/10/2026 20:13:41,sim
1,04/10/2026,6257,Presidente,1,municipio,BA,37583,2922854,NOVA REDENÇÃO,,21,21,100.00,0,21,0,21,0,6421,6421,100.00,0,6421,0,6421,0,5099,79.41,1322,20.59,5099,4920,96.49,4920,4920,100.00,0,0.00,0,38,0.75,141,2.77,141,0,0,0,04/10/2026,20:43:01,04/10/2026 20:44:18,sim
1,04/10/2026,6257,Presidente,1,municipio,BA,37591,2922904,NOVA SOURE,,70,70,100.00,0,70,0,70,0,21207,21207,100.00,0,21207,0,21207,0,16499,77.80,4708,22.20,16499,15816,95.86,15816,15816,100.00,0,0.00,0,164,0.99,519,3.15,519,0,0,0,04/10/2026,22:20:35,04/10/2026 22:21:43,sim
1,04/10/2026,6257,Presidente,1,municipio,BA,37613,2923001,NOVA VIÇOSA,,101,101,100.00,0,101,0,101,0,30989,30989,100.00,0,30989,0,30989,0,24101,77.77,6888,22.23,24101,22962,95.27,22962,22962,100.00,0,0.00,0,355,1.47,784,3.25,783,1,0,0,04/10/2026,21:26:43,04/10/2026 21:27:23,sim
1,04/10/2026,6257,Presidente,1,municipio,BA,37621,2923050,NOVO TRIUNFO,,25,25,100.00,0,25,0,25,0,8227,8227,100.00,0,8227,0,8227,0,6381,77.56,1846,22.44,6381,6133,96.11,6133,6133,100.00,0,0.00,0,35,0.55,213,3.34,213,0,0,0,04/10/2026,20:57:37,04/10/2026 20:58:48,sim
1,04/10/2026,6257,Presidente,1,municipio,BA,37630,2923100,OLINDINA,,69,69,100.00,0,69,0,69,0,19699,19699,100.00,0,19699,0,19699,0,15471,78.54,4228,21.46,15471,14840,95.92,14840,14840,100.00,0,0.00,0,191,1.23,440,2.84,440,0,0,0,04/10/2026,20:54:16,04/10/2026 20:55:48,sim
1,04/10/2026,6257,Presidente,1,municipio,BA,37656,2923209,OLIVEIRA DOS BREJINHOS,,70,70,100.00,0,70,0,70,0,16618,16618,100.00,0,16618,0,16618,0,13886,83.56,2732,16.44,13886,13338,96.05,13338,13338,100.00,0,0.00,0,140,1.01,408,2.94,408,0,0,0,04/10/2026,20:59:15,04/10/2026 21:00:29,sim
1,04/10/2026,6257,Presidente,1,municipio,BA,37672,2923308,OURIÇANGAS,,26,26,100.00,0,26,0,26,0,7224,7224,100.00,0,7224,0,7224,0,5732,79.35,1492,20.65,5732,5383,93.91,5383,5383,100.00,0,0.00,0,96,1.67,253,4.41,253,0,0,0,04/10/2026,21:21:17,04/10/2026 21:22:15,sim
1,04/10/2026,6257,Presidente,1,municipio,BA,37680,2923357,OUROLÂNDIA,,44,44,100.00,0,44,0,44,0,14353,14353,100.00,0,14353,0,14353,0,11337,78.99,3016,21.01,11337,10785,95.13,10785,10785,100.00,0,0.00,0,107,0.94,445,3.93,445,0,0,0,04/10/2026,21:57:49,04/10/2026 21:59:15,sim
1,04/10/2026,6257,Presidente,1,municipio,BA,37699,2923407,PALMAS DE MONTE ALTO,,69,69,100.00,0,69,0,69,0,17255,17255,100.00,0,17255,0,17255,0,14073,81.56,3182,18.44,14073,13495,95.89,13495,13495,100.00,0,0.00,0,167,1.19,411,2.92,410,1,0,0,04/10/2026,22:25:16,04/10/2026 22:26:13,sim
1,04/10/2026,6257,Presidente,1,municipio,BA,37710,2923506,PALMEIRAS,,24,24,100.00,0,24,0,24,0,7857,7857,100.00,0,7857,0,7857,0,6433,81.88,1424,18.12,6433,6158,95.73,6158,6158,100.00,0,0.00,0,74,1.15,201,3.12,201,0,0,0,04/10/2026,22:28:55,04/10/2026 22:29:51,sim
1,04/10/2026,6257,Presidente,1,municipio,BA,37737,2923605,PARAMIRIM,,61,61,100.00,0,61,0,61,0,16913,16913,100.00,0,16913,0,16913,0,13807,81.64,3106,18.36,13807,13105,94.92,13105,13105,100.00,0,0.00,0,255,1.85,447,3.24,446,1,0,0,04/10/2026,21:32:43,04/10/2026 21:33:55,sim
1,04/10/2026,6257,Presidente,1,municipio,BA,37753,2923704,PARATINGA,,79,79,100.00,0,79,0,79,0,24228,24228,100.00,0,24228,0,24228,0,19165,79.10,5063,20.90,19165,18436,96.20,18436,18436,100.00,0,0.00,0,206,1.07,523,2.73,523,0,0,0,04/10/2026,23:14:47,04/10/2026 23:16:04,sim
1,04/10/2026,6257,Presidente,1,municipio,BA,37770,2923803,PARIPIRANGA,,87,87,100.00,0,87,0,87,0,23527,23527,100.00,0,23527,0,23527,0,19240,81.78,4287,18.22,19240,18272,94.97,18272,18272,100.00,0,0.00,0,333,1.73,635,3.30,635,0,0,0,04/10/2026,21:14:39,04/10/2026 21:15:41,sim
1,04/10/2026,6257,Presidente,1,municipio,BA,37796,2923902,PAU BRASIL,,26,26,100.00,0,26,0,26,0,7547,7547,100.00,0,7547,0,7547,0,6106,80.91,1441,19.09,6106,5876,96.23,5876,5876,100.00,0,0.00,0,43,0.70,187,3.06,187,0,0,0,04/10/2026,21:04:37,04/10/2026 21:05:31,sim
1,04/10/2026,6257,Presidente,1,municipio,BA,37818,2924009,PAULO AFONSO,,258,258,100.00,0,258,0,258,0,83620,83620,100.00,0,83620,0,83620,0,65344,78.14,18276,21.86,65344,62915,96.28,62915,62915,100.00,0,0.00,0,921,1.41,1508,2.31,1508,0,0,0,04/10/2026,21:14:37,04/10/2026 21:15:41,sim
1,04/10/2026,6257,Presidente,1,municipio,BA,37834,2924108,PEDRÃO,,21,21,100.00,0,21,0,21,0,6573,6573,100.00,0,6573,0,6573,0,5279,80.31,1294,19.69,5279,5042,95.51,5042,5042,100.00,0,0.00,0,88,1.67,149,2.82,149,0,0,0,04/10/2026,19:21:25,04/10/2026 19:22:21,sim
1,04/10/2026,6257,Presidente,1,municipio,BA,37850,2924207,PEDRO ALEXANDRE,,35,35,100.00,0,35,0,35,0,10164,10164,100.00,0,10164,0,10164,0,8389,82.54,1775,17.46,8389,8057,96.04,8057,8057,100.00,0,0.00,0,76,0.91,256,3.05,256,0,0,0,04/10/2026,21:44:43,04/10/2026 21:46:03,sim
1,04/10/2026,6257,Presidente,1,municipio,BA,37877,2924306,PIATÃ,,76,76,100.00,0,76,0,76,0,17470,17470,100.00,0,17470,0,17470,0,13440,76.93,4030,23.07,13440,12447,92.61,12447,12447,100.00,0,0.00,0,230,1.71,763,5.68,763,0,0,0,04/10/2026,20:07:05,04/10/2026 20:08:09,sim
1,04/10/2026,6257,Presidente,1,municipio,BA,37893,2924405,PILÃO ARCADO,,121,121,100.00,0,121,0,121,0,28531,28531,100.00,0,28531,0,28531,0,23193,81.29,5338,18.71,23193,22386,96.52,22386,22386,100.00,0,0.00,0,142,0.61,665,2.87,665,0,0,0,04/10/2026,21:51:20,04/10/2026 21:52:14,sim
1,04/10/2026,6257,Presidente,1,municipio,BA,37915,2924504,PINDAÍ,,42,42,100.00,0,42,0,42,0,12750,12750,100.00,0,12750,0,12750,0,10761,84.40,1989,15.60,10761,10303,95.74,10303,10303,100.00,0,0.00,0,125,1.16,333,3.09,332,1,0,0,04/10/2026,20:59:24,04/10/2026 21:00:27,sim
1,04/10/2026,6257,Presidente,1,municipio,BA,37931,2924603,PINDOBAÇU,,57,57,100.00,0,57,0,57,0,16173,16173,100.00,0,16173,0,16173,0,13416,82.95,2757,17.05,13416,12830,95.63,12830,12830,100.00,0,0.00,0,211,1.57,375,2.80,375,0,0,0,04/10/2026,23:49:23,04/10/2026 23:50:23,sim
1,04/10/2026,6257,Presidente,1,municipio,BA,37940,2924678,PIRAÍ DO NORTE,,24,24,100.00,0,24,0,24,0,7100,7100,100.00,0,7100,0,7100,0,5813,81.87,1287,18.13,5813,5517,94.91,5517,5517,100.00,0,0.00,0,94,1.62,202,3.47,202,0,0,0,04/10/2026,20:59:25,04/10/2026 20:59:54,sim
1,04/10/2026,6257,Presidente,1,municipio,BA,37958,2924702,PIRIPÁ,,27,27,100.00,0,27,0,27,0,8923,8923,100.00,0,8923,0,8923,0,6598,73.94,2325,26.06,6598,6304,95.54,6304,6304,100.00,0,0.00,0,78,1.18,216,3.27,216,0,0,0,04/10/2026,19:25:19,04/10/2026 19:26:24,sim
1,04/10/2026,6257,Presidente,1,municipio,BA,37974,2924801,PIRITIBA,,48,48,100.00,0,48,0,48,0,14292,14292,100.00,0,14292,0,14292,0,11380,79.62,2912,20.38,11380,10755,94.51,10755,10755,100.00,0,0.00,0,150,1.32,475,4.17,475,0,0,0,04/10/2026,19:27:14,04/10/2026 19:29:47,sim
1,04/10/2026,6257,Presidente,1,municipio,BA,37990,2924900,PLANALTINO,,25,25,100.00,0,25,0,25,0,6975,6975,100.00,0,6975,0,6975,0,5503,78.90,1472,21.10,5503,5148,93.55,5148,5148,100.00,0,0.00,0,103,1.87,252,4.58,252,0,0,0,04/10/2026,21:07:52,04/10/2026 21:08:53,sim
1,04/10/2026,6257,Presidente,1,municipio,BA,38016,2925006,PLANALTO,,77,77,100.00,0,77,0,77,0,20252,20252,100.00,0,20252,0,20252,0,16462,81.29,3790,18.71,16462,15547,94.44,15547,15547,100.00,0,0.00,0,281,1.71,634,3.85,632,2,0,0,04/10/2026,20:50:10,04/10/2026 20:51:14,sim
1,04/10/2026,6257,Presidente,1,municipio,BA,38032,2925105,POÇÕES,,126,126,100.00,0,126,0,126,0,37374,37374,100.00,0,37374,0,37374,0,29493,78.91,7881,21.09,29493,28195,95.60,28195,28195,100.00,0,0.00,0,414,1.40,884,3.00,884,0,0,0,04/10/2026,20:54:31,04/10/2026 20:55:48,sim
1,04/10/2026,6257,Presidente,1,municipio,BA,38059,2925204,POJUCA,,88,88,100.00,0,88,0,88,0,29229,29229,100.00,0,29229,0,29229,0,23259,79.58,5970,20.42,23259,21477,92.34,21477,21477,100.00,0,0.00,0,696,2.99,1086,4.67,1085,1,0,0,04/10/2026,19:31:31,04/10/2026 19:32:25,sim
1,04/10/2026,6257,Presidente,1,municipio,BA,38067,2925253,PONTO NOVO,,44,44,100.00,0,44,0,44,0,15183,15183,100.00,0,15183,0,15183,0,12456,82.04,2727,17.96,12456,11932,95.79,11932,11932,100.00,0,0.00,0,179,1.44,345,2.77,345,0,0,0,04/10/2026,20:58:29,04/10/2026 20:59:14,sim
1,04/10/2026,6257,Presidente,1,municipio,BA,38075,2925303,PORTO SEGURO,,323,323,100.00,0,323,0,323,0,116587,116587,100.00,0,116587,0,116587,0,88955,76.30,27632,23.70,88955,84678,95.19,84678,84678,100.00,0,0.00,0,1470,1.65,2807,3.16,2801,6,0,0,04/10/2026,21:16:13,04/10/2026 21:17:13,sim
1,04/10/2026,6257,Presidente,1,municipio,BA,38091,2925402,POTIRAGUÁ,,29,29,100.00,0,29,0,29,0,7860,7860,100.00,0,7860,0,7860,0,5995,76.27,1865,23.73,5995,5712,95.28,5712,5712,100.00,0,0.00,0,72,1.20,211,3.52,211,0,0,0,04/10/2026,19:25:10,04/10/2026 19:25:54,sim
1,04/10/2026,6257,Presidente,1,municipio,BA,38113,2925501,PRADO,,76,76,100.00,0,76,0,76,0,25814,25814,100.00,0,25814,0,25814,0,19884,77.03,5930,22.97,19884,18900,95.05,18900,18900,100.00,0,0.00,0,275,1.38,709,3.57,709,0,0,0,04/10/2026,21:26:33,04/10/2026 21:27:23,sim
1,04/10/2026,6257,Presidente,1,municipio,BA,38130,2925600,PRESIDENTE DUTRA,,48,48,100.00,0,48,0,48,0,11979,11979,100.00,0,11979,0,11979,0,10244,85.52,1735,14.48,10244,9934,96.97,9934,9934,100.00,0,0.00,0,97,0.95,213,2.08,213,0,0,0,04/10/2026,20:59:52,04/10/2026 21:01:02,sim
1,04/10/2026,6257,Presidente,1,municipio,BA,38156,2925709,PRESIDENTE JÂNIO QUADROS,,35,35,100.00,0,35,0,35,0,10674,10674,100.00,0,10674,0,10674,0,7823,73.29,2851,26.71,7823,7454,95.28,7454,7454,100.00,0,0.00,0,84,1.07,285,3.64,285,0,0,0,04/10/2026,20:48:27,04/10/2026 20:49:34,sim
1,04/10/2026,6257,Presidente,1,municipio,BA,38164,2925758,PRESIDENTE TANCREDO NEVES,,65,65,100.00,0,65,0,65,0,21689,21689,100.00,0,21689,0,21689,0,17793,82.04,3896,17.96,17793,16728,94.01,16728,16728,100.00,0,0.00,0,304,1.71,761,4.28,761,0,0,0,04/10/2026,22:44:45,04/10/2026 22:46:01,sim
1,04/10/2026,6257,Presidente,1,municipio,BA,38172,2925808,QUEIMADAS,,66,66,100.00,0,66,0,66,0,20515,20515,100.00,0,20515,0,20515,0,16685,81.33,3830,18.67,16685,15946,95.57,15946,15946,100.00,0,0.00,0,232,1.39,507,3.04,507,0,0,0,04/10/2026,22:14:15,04/10/2026 22:15:26,sim
1,04/10/2026,6257,Presidente,1,municipio,BA,38199,2925907,QUIJINGUE,,69,69,100.00,0,69,0,69,0,21197,21197,100.00,0,21197,0,21197,0,17545,82.77,3652,17.23,17545,16841,95.99,16841,16841,100.00,0,0.00,0,182,1.04,522,2.98,520,2,0,0,04/10/2026,23:09:19,04/10/2026 23:10:27,sim
1,04/10/2026,6257,Presidente,1,municipio,BA,38210,2926004,REMANSO,,108,108,100.00,0,108,0,108,0,32212,32212,100.00,0,32212,0,32212,0,25810,80.13,6402,19.87,25810,24880,96.40,24880,24880,100.00,0,0.00,0,207,0.80,723,2.80,723,0,0,0,04/10/2026,21:39:55,04/10/2026 21:41:01,sim
1,04/10/2026,6257,Presidente,1,municipio,BA,38237,2926103,RETIROLÂNDIA,,44,44,100.00,0,44,0,44,0,12901,12901,100.00,0,12901,0,12901,0,10779,83.55,2122,16.45,10779,10248,95.07,10248,10248,100.00,0,0.00,0,163,1.51,368,3.41,367,1,0,0,04/10/2026,21:13:37,04/10/2026 21:14:40,sim
1,04/10/2026,6257,Presidente,1,municipio,BA,38253,2926202,RIACHÃO DAS NEVES,,72,72,100.00,0,72,0,72,0,19206,19206,100.00,0,19206,0,19206,0,15052,78.37,4154,21.63,15052,14575,96.83,14575,14575,100.00,0,0.00,0,129,0.86,348,2.31,348,0,0,0,04/10/2026,21:26:19,04/10/2026 21:27:23,sim
1,04/10/2026,6257,Presidente,1,municipio,BA,38270,2926301,RIACHÃO DO JACUÍPE,,94,94,100.00,0,94,0,94,0,27708,27708,100.00,0,27708,0,27708,0,23622,85.25,4086,14.75,23622,22520,95.33,22520,22520,100.00,0,0.00,0,339,1.44,763,3.23,763,0,0,0,04/10/2026,20:59:52,04/10/2026 21:00:59,sim
1,04/10/2026,6257,Presidente,1,municipio,BA,38296,2926400,RIACHO DE SANTANA,,78,78,100.00,0,78,0,78,0,23737,23737,100.00,0,23737,0,23737,0,18798,79.19,4939,20.81,18798,17926,95.36,17926,17926,100.00,0,0.00,0,345,1.84,527,2.80,527,0,0,0,04/10/2026,22:22:10,04/10/2026 22:23:03,sim
1,04/10/2026,6257,Presidente,1,municipio,BA,38318,2926509,RIBEIRA DO AMPARO,,44,44,100.00,0,44,0,44,0,12452,12452,100.00,0,12452,0,12452,0,10009,80.38,2443,19.62,10009,9492,94.83,9492,9492,100.00,0,0.00,0,139,1.39,378,3.78,378,0,0,0,04/10/2026,20:52:56,04/10/2026 20:54:03,sim
1,04/10/2026,6257,Presidente,1,municipio,BA,38334,2926608,RIBEIRA DO POMBAL,,142,142,100.00,0,142,0,142,0,45064,45064,100.00,0,45064,0,45064,0,36167,80.26,8897,19.74,36167,34451,95.26,34451,34451,100.00,0,0.00,0,572,1.58,1144,3.16,1144,0,0,0,04/10/2026,22:17:53,04/10/2026 22:18:56,sim
1,04/10/2026,6257,Presidente,1,municipio,BA,38342,2926657,RIBEIRÃO DO LARGO,,28,28,100.00,0,28,0,28,0,8797,8797,100.00,0,8797,0,8797,0,6579,74.79,2218,25.21,6579,6326,96.15,6326,6326,100.00,0,0.00,0,73,1.11,180,2.74,180,0,0,0,04/10/2026,20:20:56,04/10/2026 20:22:00,sim
1,04/10/2026,6257,Presidente,1,municipio,BA,38350,2926707,RIO DE CONTAS,,44,44,100.00,0,44,0,44,0,12117,12117,100.00,0,12117,0,12117,0,10173,83.96,1944,16.04,10173,9648,94.84,9648,9648,100.00,0,0.00,0,150,1.47,375,3.69,375,0,0,0,04/10/2026,21:00:23,04/10/2026 21:01:28,sim
1,04/10/2026,6257,Presidente,1,municipio,BA,38377,2926806,RIO DO ANTÔNIO,,40,40,100.00,0,40,0,40,0,10690,10690,100.00,0,10690,0,10690,0,8962,83.84,1728,16.16,8962,8611,96.08,8611,8611,100.00,0,0.00,0,109,1.22,242,2.70,242,0,0,0,04/10/2026,20:58:26,04/10/2026 20:59:14,sim
1,04/10/2026,6257,Presidente,1,municipio,BA,38393,2926905,RIO DO PIRES,,38,38,100.00,0,38,0,38,0,11178,11178,100.00,0,11178,0,11178,0,7754,69.37,3424,30.63,7754,7354,94.84,7354,7354,100.00,0,0.00,0,87,1.12,313,4.04,313,0,0,0,04/10/2026,20:42:25,04/10/2026 20:43:31,sim
1,04/10/2026,6257,Presidente,1,municipio,BA,38415,2927002,RIO REAL,,94,94,100.00,0,94,0,94,0,29286,29286,100.00,0,29286,0,29286,0,23841,81.41,5445,18.59,23841,22548,94.58,22548,22548,100.00,0,0.00,0,466,1.95,827,3.47,827,0,0,0,04/10/2026,21:07:28,04/10/2026 21:07:52,sim
1,04/10/2026,6257,Presidente,1,municipio,BA,38431,2927101,RODELAS,,22,22,100.00,0,22,0,22,0,7602,7602,100.00,0,7602,0,7602,0,6193,81.47,1409,18.53,6193,5998,96.85,5998,5998,100.00,0,0.00,0,52,0.84,143,2.31,143,0,0,0,04/10/2026,20:58:42,04/10/2026 20:59:54,sim
1,04/10/2026,6257,Presidente,1,municipio,BA,38458,2927200,RUY BARBOSA,,81,81,100.00,0,81,0,81,0,23977,23977,100.00,0,23977,0,23977,0,18674,77.88,5303,22.12,18674,17369,93.01,17369,17369,100.00,0,0.00,0,341,1.83,964,5.16,963,1,0,0,04/10/2026,21:21:29,04/10/2026 21:22:42,sim
1,04/10/2026,6257,Presidente,1,municipio,BA,38474,2927309,SALINAS DA MARGARIDA,,45,45,100.00,0,45,0,45,0,16000,16000,100.00,0,16000,0,16000,0,12334,77.09,3666,22.91,12334,11691,94.79,11691,11691,100.00,0,0.00,0,215,1.74,428,3.47,428,0,0,0,04/10/2026,21:02:48,04/10/2026 21:03:31,sim
1,04/10/2026,6257,Presidente,1,municipio,BA,38490,2927408,SALVADOR,,5124,5124,100.00,0,5124,0,5124,0,1955479,1955479,100.00,0,1955479,0,1955479,0,1561593,79.86,393886,20.14,1561593,1447014,92.66,1447014,1447014,100.00,0,0.00,0,37013,2.37,77566,4.97,77516,50,0,0,04/10/2026,21:47:13,04/10/2026 21:48:24,sim
1,04/10/2026,6257,Presidente,1,municipio,BA,38512,2927507,SANTA BÁRBARA,,61,61,100.00,0,61,0,61,0,20163,20163,100.00,0,20163,0,20163,0,16324,80.96,3839,19.04,16324,15559,95.31,15559,15559,100.00,0,0.00,0,221,1.35,544,3.33,544,0,0,0,04/10/2026,21:52:19,04/10/2026 21:53:13,sim
1,04/10/2026,6257,Presidente,1,municipio,BA,38539,2927606,SANTA BRÍGIDA,,42,42,100.00,0,42,0,42,0,11939,11939,100.00,0,11939,0,11939,0,9279,77.72,2660,22.28,9279,8857,95.45,8857,8857,100.00,0,0.00,0,108,1.16,314,3.38,314,0,0,0,04/10/2026,22:49:11,04/10/2026 22:50:17,sim
1,04/10/2026,6257,Presidente,1,municipio,BA,38555,2927705,SANTA CRUZ CABRÁLIA,,82,82,100.00,0,82,0,82,0,25527,25527,100.00,0,25527,0,25527,0,18430,72.20,7097,27.80,18430,17571,95.34,17571,17571,100.00,0,0.00,0,271,1.47,588,3.19,588,0,0,0,04/10/2026,21:00:30,04/10/2026 21:01:28,sim
1,04/10/2026,6257,Presidente,1,municipio,BA,38571,2927804,SANTA CRUZ DA VITÓRIA,,16,16,100.00,0,16,0,16,0,4922,4922,100.00,0,4922,0,4922,0,3563,72.39,1359,27.61,3563,3372,94.64,3372,3372,100.00,0,0.00,0,57,1.60,134,3.76,134,0,0,0,04/10/2026,18:45:58,04/10/2026 18:47:49,sim
1,04/10/2026,6257,Presidente,1,municipio,BA,38598,2927903,SANTA INÊS,,30,30,100.00,0,30,0,30,0,8217,8217,100.00,0,8217,0,8217,0,6301,76.68,1916,23.32,6301,5973,94.79,5973,5973,100.00,0,0.00,0,115,1.83,213,3.38,211,2,0,0,04/10/2026,20:14:43,04/10/2026 20:15:15,sim
1,04/10/2026,6257,Presidente,1,municipio,BA,38610,2928000,SANTALUZ,,104,104,100.00,0,104,0,104,0,32102,32102,100.00,0,32102,0,32102,0,26577,82.79,5525,17.21,26577,24983,94.00,24983,24983,100.00,0,0.00,0,443,1.67,1151,4.33,1148,3,0,0,04/10/2026,21:50:29,04/10/2026 21:51:49,sim
1,04/10/2026,6257,Presidente,1,municipio,BA,38636,2928109,SANTA MARIA DA VITÓRIA,,113,113,100.00,0,113,0,113,0,30271,30271,100.00,0,30271,0,30271,0,24825,82.01,5446,17.99,24825,23719,95.54,23719,23719,100.00,0,0.00,0,317,1.28,789,3.18,788,1,0,0,04/10/2026,22:14:00,04/10/2026 22:14:54,sim
1,04/10/2026,6257,Presidente,1,municipio,BA,38652,2928208,SANTANA,,68,68,100.00,0,68,0,68,0,21022,21022,100.00,0,21022,0,21022,0,16849,80.15,4173,19.85,16849,16094,95.52,16094,16094,100.00,0,0.00,0,204,1.21,551,3.27,551,0,0,0,04/10/2026,22:17:30,04/10/2026 22:18:22,sim
1,04/10/2026,6257,Presidente,1,municipio,BA,38679,2928307,SANTANÓPOLIS,,29,29,100.00,0,29,0,29,0,9599,9599,100.00,0,9599,0,9599,0,7651,79.71,1948,20.29,7651,7155,93.52,7155,7155,100.00,0,0.00,0,191,2.50,305,3.99,304,1,0,0,04/10/2026,21:01:18,04/10/2026 21:02:02,sim
1,04/10/2026,6257,Presidente,1,municipio,BA,38695,2928505,SANTA TEREZINHA,,34,34,100.00,0,34,0,34,0,9441,9441,100.00,0,9441,0,9441,0,7700,81.56,1741,18.44,7700,7283,94.58,7283,7283,100.00,0,0.00,0,117,1.52,300,3.90,300,0,0,0,04/10/2026,20:43:51,04/10/2026 20:44:43,sim
1,04/10/2026,6257,Presidente,1,municipio,BA,38717,2928604,SANTO AMARO,,154,154,100.00,0,154,0,154,0,47773,47773,100.00,0,47773,0,47773,0,37730,78.98,10043,21.02,37730,35514,94.13,35514,35514,100.00,0,0.00,0,834,2.21,1382,3.66,1380,2,0,0,04/10/2026,21:01:26,04/10/2026 21:02:31,sim
1,04/10/2026,6257,Presidente,1,municipio,BA,38733,2928703,SANTO ANTÔNIO DE JESUS,,237,237,100.00,0,237,0,237,0,77886,77886,100.00,0,77886,0,77886,0,63969,82.13,13917,17.87,63969,60017,93.82,60017,60017,100.00,0,0.00,0,1097,1.71,2855,4.46,2855,0,0,0,04/10/2026,20:51:37,04/10/2026 20:52:47,sim
1,04/10/2026,6257,Presidente,1,municipio,BA,38750,2928802,SANTO ESTEVÃO,,120,120,100.00,0,120,0,120,0,39754,39754,100.00,0,39754,0,39754,0,32217,81.04,7537,18.96,32217,30384,94.31,30384,30384,100.00,0,0.00,0,511,1.59,1322,4.10,1320,2,0,0,04/10/2026,21:45:09,04/10/2026 21:46:03,sim
1,04/10/2026,6257,Presidente,1,municipio,BA,38776,2928901,SÃO DESIDÉRIO,,94,94,100.00,0,94,0,94,0,28595,28595,100.00,0,28595,0,28595,0,22878,80.01,5717,19.99,22878,22217,97.11,22217,22217,100.00,0,0.00,0,220,0.96,441,1.93,441,0,0,0,04/10/2026,22:06:40,04/10/2026 22:07:24,sim
1,04/10/2026,6257,Presidente,1,municipio,BA,38792,2929008,SÃO FÉLIX,,38,38,100.00,0,38,0,38,0,10118,10118,100.00,0,10118,0,10118,0,8288,81.91,1830,18.09,8288,7859,94.82,7859,7859,100.00,0,0.00,0,151,1.82,278,3.35,277,1,0,0,04/10/2026,19:27:58,04/10/2026 19:29:46,sim
1,04/10/2026,6257,Presidente,1,municipio,BA,38806,2928950,SÃO DOMINGOS,,29,29,100.00,0,29,0,29,0,7986,7986,100.00,0,7986,0,7986,0,6814,85.32,1172,14.68,6814,6486,95.19,6486,6486,100.00,0,0.00,0,81,1.19,247,3.62,247,0,0,0,04/10/2026,20:26:46,04/10/2026 20:27:18,sim
1,04/10/2026,6257,Presidente,1,municipio,BA,38814,2929107,SÃO FELIPE,,67,67,100.00,0,67,0,67,0,17802,17802,100.00,0,17802,0,17802,0,14773,82.99,3029,17.01,14773,13939,94.35,13939,13939,100.00,0,0.00,0,290,1.96,544,3.68,544,0,0,0,04/10/2026,20:09:29,04/10/2026 20:10:40,sim
1,04/10/2026,6257,Presidente,1,municipio,BA,38822,2929057,SÃO FÉLIX DO CORIBE,,40,40,100.00,0,40,0,40,0,12580,12580,100.00,0,12580,0,12580,0,10408,82.73,2172,17.27,10408,9950,95.60,9950,9950,100.00,0,0.00,0,140,1.35,318,3.06,317,1,0,0,04/10/2026,22:43:45,04/10/2026 22:44:29,sim
1,04/10/2026,6257,Presidente,1,municipio,BA,38830,2929206,SÃO FRANCISCO DO CONDE,,108,108,100.00,0,108,0,108,0,33764,33764,100.00,0,33764,0,33764,0,25755,76.28,8009,23.72,25755,24492,95.10,24492,24492,100.00,0,0.00,0,488,1.89,775,3.01,775,0,0,0,04/10/2026,21:37:04,04/10/2026 21:38:14,sim
1,04/10/2026,6257,Presidente,1,municipio,BA,38857,2929305,SÃO GONÇALO DOS CAMPOS,,93,93,100.00,0,93,0,93,0,30041,30041,100.00,0,30041,0,30041,0,24850,82.72,5191,17.28,24850,23487,94.52,23487,23487,100.00,0,0.00,0,496,2.00,867,3.49,867,0,0,0,04/10/2026,21:41:19,04/10/2026 21:42:03,sim
1,04/10/2026,6257,Presidente,1,municipio,BA,38865,2929370,SÃO JOSÉ DO JACUÍPE,,27,27,100.00,0,27,0,27,0,8830,8830,100.00,0,8830,0,8830,0,7017,79.47,1813,20.53,7017,6615,94.27,6615,6615,100.00,0,0.00,0,141,2.01,261,3.72,261,0,0,0,04/10/2026,21:04:52,04/10/2026 21:05:32,sim
1,04/10/2026,6257,Presidente,1,municipio,BA,38873,2929404,SÃO MIGUEL DAS MATAS,,35,35,100.00,0,35,0,35,0,9030,9030,100.00,0,9030,0,9030,0,7672,84.96,1358,15.04,7672,7333,95.58,7333,7333,100.00,0,0.00,0,101,1.32,238,3.10,238,0,0,0,04/10/2026,21:43:34,04/10/2026 21:45:01,sim
1,04/10/2026,6257,Presidente,1,municipio,BA,38890,2929503,SÃO SEBASTIÃO DO PASSÉ,,105,105,100.00,0,105,0,105,0,34046,34046,100.00,0,34046,0,34046,0,27067,79.50,6979,20.50,27067,25767,95.20,25767,25767,100.00,0,0.00,0,409,1.51,891,3.29,891,0,0,0,04/10/2026,21:40:31,04/10/2026 21:41:32,sim
1,04/10/2026,6257,Presidente,1,municipio,BA,38911,2929602,SAPEAÇU,,57,57,100.00,0,57,0,57,0,16207,16207,100.00,0,16207,0,16207,0,13261,81.82,2946,18.18,13261,12391,93.44,12391,12391,100.00,0,0.00,0,302,2.28,568,4.28,568,0,0,0,04/10/2026,19:07:02,04/10/2026 19:07:48,sim
1,04/10/2026,6257,Presidente,1,municipio,BA,38938,2929701,SÁTIRO DIAS,,49,49,100.00,0,49,0,49,0,14469,14469,100.00,0,14469,0,14469,0,11327,78.28,3142,21.72,11327,10698,94.45,10698,10698,100.00,0,0.00,0,207,1.83,422,3.73,422,0,0,0,04/10/2026,20:58:53,04/10/2026 20:59:54,sim
1,04/10/2026,6257,Presidente,1,municipio,BA,38946,2929750,SAUBARA,,38,38,100.00,0,38,0,38,0,13374,13374,100.00,0,13374,0,13374,0,10317,77.14,3057,22.86,10317,9728,94.29,9728,9728,100.00,0,0.00,0,220,2.13,369,3.58,369,0,0,0,04/10/2026,21:33:59,04/10/2026 21:34:42,sim
1,04/10/2026,6257,Presidente,1,municipio,BA,38954,2929800,SAÚDE,,32,32,100.00,0,32,0,32,0,9154,9154,100.00,0,9154,0,9154,0,6963,76.07,2191,23.93,6963,6512,93.52,6512,6512,100.00,0,0.00,0,104,1.49,347,4.98,347,0,0,0,04/10/2026,20:52:23,04/10/2026 20:53:27,sim
1,04/10/2026,6257,Presidente,1,municipio,BA,38970,2929909,SEABRA,,121,121,100.00,0,121,0,121,0,35799,35799,100.00,0,35799,0,35799,0,30252,84.51,5547,15.49,30252,28749,95.03,28749,28749,100.00,0,0.00,0,418,1.38,1085,3.59,1085,0,0,0,04/10/2026,21:56:40,04/10/2026 21:57:15,sim
1,04/10/2026,6257,Presidente,1,municipio,BA,38997,2930006,SEBASTIÃO LARANJEIRAS,,26,26,100.00,0,26,0,26,0,7218,7218,100.00,0,7218,0,7218,0,5962,82.60,1256,17.40,5962,5770,96.78,5770,5770,100.00,0,0.00,0,70,1.17,122,2.05,122,0,0,0,04/10/2026,21:22:28,04/10/2026 21:23:13,sim
1,04/10/2026,6257,Presidente,1,municipio,BA,39012,2930105,SENHOR DO BONFIM,,174,174,100.00,0,174,0,174,0,53709,53709,100.00,0,53709,0,53709,0,43744,81.45,9965,18.55,43744,41313,94.44,41313,41313,100.00,0,0.00,0,714,1.63,1717,3.93,1714,3,0,0,04/10/2026,21:29:34,04/10/2026 21:30:22,sim
1,04/10/2026,6257,Presidente,1,municipio,BA,39039,2930204,SENTO SÉ,,103,103,100.00,0,103,0,103,0,30127,30127,100.00,0,30127,0,30127,0,24637,81.78,5490,18.22,24637,23606,95.82,23606,23606,100.00,0,0.00,0,350,1.42,681,2.76,681,0,0,0,04/10/2026,20:57:21,04/10/2026 20:58:22,sim
1,04/10/2026,6257,Presidente,1,municipio,BA,39047,2930154,SERRA DO RAMALHO,,90,90,100.00,0,90,0,90,0,26065,26065,100.00,0,26065,0,26065,0,21368,81.98,4697,18.02,21368,20695,96.85,20695,20695,100.00,0,0.00,0,222,1.04,451,2.11,450,1,0,0,04/10/2026,22:24:50,04/10/2026 22:25:49,sim
1,04/10/2026,6257,Presidente,1,municipio,BA,39055,2930303,SERRA DOURADA,,52,52,100.00,0,52,0,52,0,15281,15281,100.00,0,15281,0,15281,0,11851,77.55,3430,22.45,11851,11306,95.40,11306,11306,100.00,0,0.00,0,192,1.62,353,2.98,353,0,0,0,04/10/2026,21:57:49,04/10/2026 21:59:15,sim
1,04/10/2026,6257,Presidente,1,municipio,BA,39071,2930402,SERRA PRETA,,60,60,100.00,0,60,0,60,0,17262,17262,100.00,0,17262,0,17262,0,13521,78.33,3741,21.67,13521,12878,95.24,12878,12878,100.00,0,0.00,0,196,1.45,447,3.31,447,0,0,0,04/10/2026,21:52:19,04/10/2026 21:53:13,sim
1,04/10/2026,6257,Presidente,1,municipio,BA,39098,2930501,SERRINHA,,218,218,100.00,0,218,0,218,0,63689,63689,100.00,0,63689,0,63689,0,52079,81.77,11610,18.23,52079,49064,94.21,49064,49064,100.00,0,0.00,0,819,1.57,2196,4.22,2195,1,0,0,04/10/2026,22:22:20,04/10/2026 22:23:03,sim
1,04/10/2026,6257,Presidente,1,municipio,BA,39110,2930600,SERROLÂNDIA,,37,37,100.00,0,37,0,37,0,11033,11033,100.00,0,11033,0,11033,0,8904,80.70,2129,19.30,8904,8400,94.34,8400,8400,100.00,0,0.00,0,138,1.55,366,4.11,365,1,0,0,04/10/2026,21:27:08,04/10/2026 21:27:53,sim
1,04/10/2026,6257,Presidente,1,municipio,BA,39136,2930709,SIMÕES FILHO,,260,260,100.00,0,260,0,260,0,90003,90003,100.00,0,90003,0,90003,0,71439,79.37,18564,20.63,71439,67072,93.89,67072,67072,100.00,0,0.00,0,1605,2.25,2762,3.87,2760,2,0,0,04/10/2026,21:17:35,04/10/2026 21:18:43,sim
1,04/10/2026,6257,Presidente,1,municipio,BA,39144,2930758,SÍTIO DO MATO,,38,38,100.00,0,38,0,38,0,11257,11257,100.00,0,11257,0,11257,0,9228,81.98,2029,18.02,9228,8934,96.81,8934,8934,100.00,0,0.00,0,102,1.11,192,2.08,190,2,0,0,04/10/2026,22:38:26,04/10/2026 22:39:51,sim
1,04/10/2026,6257,Presidente,1,municipio,BA,39152,2930808,SOUTO SOARES,,47,47,100.00,0,47,0,47,0,14232,14232,100.00,0,14232,0,14232,0,11656,81.90,2576,18.10,11656,11282,96.79,11282,11282,100.00,0,0.00,0,146,1.25,228,1.96,228,0,0,0,04/10/2026,20:57:15,04/10/2026 20:58:20,sim
1,04/10/2026,6257,Presidente,1,municipio,BA,39179,2930907,TABOCAS DO BREJO VELHO,,36,36,100.00,0,36,0,36,0,11241,11241,100.00,0,11241,0,11241,0,8657,77.01,2584,22.99,8657,8310,95.99,8310,8310,100.00,0,0.00,0,112,1.29,235,2.71,234,1,0,0,04/10/2026,21:57:59,04/10/2026 21:59:15,sim
1,04/10/2026,6257,Presidente,1,municipio,BA,39195,2931004,TANHAÇU,,57,57,100.00,0,57,0,57,0,17984,17984,100.00,0,17984,0,17984,0,14985,83.32,2999,16.68,14985,14408,96.15,14408,14408,100.00,0,0.00,0,185,1.23,392,2.62,392,0,0,0,04/10/2026,21:51:29,04/10/2026 21:52:41,sim
1,04/10/2026,6257,Presidente,1,municipio,BA,39217,2931103,TANQUINHO,,28,28,100.00,0,28,0,28,0,7717,7717,100.00,0,7717,0,7717,0,6444,83.50,1273,16.50,6444,6212,96.40,6212,6212,100.00,0,0.00,0,63,0.98,169,2.62,168,1,0,0,04/10/2026,21:00:41,04/10/2026 21:01:28,sim
1,04/10/2026,6257,Presidente,1,municipio,BA,39233,2931202,TAPEROÁ,,45,45,100.00,0,45,0,45,0,14359,14359,100.00,0,14359,0,14359,0,11297,78.68,3062,21.32,11297,10645,94.23,10645,10645,100.00,0,0.00,0,177,1.57,475,4.20,475,0,0,0,04/10/2026,21:19:52,04/10/2026 21:21:14,sim
1,04/10/2026,6257,Presidente,1,municipio,BA,39250,2931301,TAPIRAMUTÁ,,37,37,100.00,0,37,0,37,0,11283,11283,100.00,0,11283,0,11283,0,8616,76.36,2667,23.64,8616,7915,91.86,7915,7915,100.00,0,0.00,0,120,1.39,581,6.74,581,0,0,0,04/10/2026,20:12:48,04/10/2026 20:13:41,sim
1,04/10/2026,6257,Presidente,1,municipio,BA,39276,2931400,TEODORO SAMPAIO,,24,24,100.00,0,24,0,24,0,6868,6868,100.00,0,6868,0,6868,0,5631,81.99,1237,18.01,5631,5368,95.33,5368,5368,100.00,0,0.00,0,76,1.35,187,3.32,187,0,0,0,04/10/2026,19:17:21,04/10/2026 19:21:03,sim
1,04/10/2026,6257,Presidente,1,municipio,BA,39292,2931509,TEOFILÂNDIA,,62,62,100.00,0,62,0,62,0,18692,18692,100.00,0,18692,0,18692,0,14304,76.52,4388,23.48,14304,13663,95.52,13663,13663,100.00,0,0.00,0,183,1.28,458,3.20,457,1,0,0,04/10/2026,22:06:59,04/10/2026 22:07:54,sim
1,04/10/2026,6257,Presidente,1,municipio,BA,39314,2931608,TEOLÂNDIA,,37,37,100.00,0,37,0,37,0,11256,11256,100.00,0,11256,0,11256,0,8977,79.75,2279,20.25,8977,8545,95.19,8545,8545,100.00,0,0.00,0,118,1.31,314,3.50,314,0,0,0,04/10/2026,21:51:28,04/10/2026 21:52:13,sim
1,04/10/2026,6257,Presidente,1,municipio,BA,39330,2931707,TERRA NOVA,,35,35,100.00,0,35,0,35,0,10480,10480,100.00,0,10480,0,10480,0,8323,79.42,2157,20.58,8323,7850,94.32,7850,7850,100.00,0,0.00,0,138,1.66,335,4.02,335,0,0,0,04/10/2026,20:06:58,04/10/2026 20:08:09,sim
1,04/10/2026,6257,Presidente,1,municipio,BA,39357,2931806,TREMEDAL,,51,51,100.00,0,51,0,51,0,15421,15421,100.00,0,15421,0,15421,0,11551,74.90,3870,25.10,11551,10971,94.98,10971,10971,100.00,0,0.00,0,105,0.91,475,4.11,475,0,0,0,04/10/2026,21:11:23,04/10/2026 21:11:54,sim
1,04/10/2026,6257,Presidente,1,municipio,BA,39373,2931905,TUCANO,,133,133,100.00,0,133,0,133,0,41771,41771,100.00,0,41771,0,41771,0,33428,80.03,8343,19.97,33428,31802,95.14,31802,31802,100.00,0,0.00,0,448,1.34,1178,3.52,1178,0,0,0,04/10/2026,22:27:21,04/10/2026 22:28:26,sim
1,04/10/2026,6257,Presidente,1,municipio,BA,39390,2932002,UAUÁ,,82,82,100.00,0,82,0,82,0,22079,22079,100.00,0,22079,0,22079,0,18137,82.15,3942,17.85,18137,17453,96.23,17453,17453,100.00,0,0.00,0,223,1.23,461,2.54,461,0,0,0,04/10/2026,20:35:25,04/10/2026 20:36:21,sim
1,04/10/2026,6257,Presidente,1,municipio,BA,39411,2932101,UBAÍRA,,54,54,100.00,0,54,0,54,0,15896,15896,100.00,0,15896,0,15896,0,12630,79.45,3266,20.55,12630,11855,93.86,11855,11855,100.00,0,0.00,0,210,1.66,565,4.47,564,1,0,0,04/10/2026,21:54:04,04/10/2026 21:54:44,sim
1,04/10/2026,6257,Presidente,1,municipio,BA,39438,2932200,UBAITABA,,43,43,100.00,0,43,0,43,0,14272,14272,100.00,0,14272,0,14272,0,10679,74.82,3593,25.18,10679,10214,95.65,10214,10214,100.00,0,0.00,0,124,1.16,341,3.19,341,0,0,0,04/10/2026,20:12:54,04/10/2026 20:13:40,sim
1,04/10/2026,6257,Presidente,1,municipio,BA,39454,2932309,UBATÃ,,41,41,100.00,0,41,0,41,0,11980,11980,100.00,0,11980,0,11980,0,9222,76.98,2758,23.02,9222,8712,94.47,8712,8712,100.00,0,0.00,0,121,1.31,389,4.22,388,1,0,0,04/10/2026,19:25:26,04/10/2026 19:26:24,sim
1,04/10/2026,6257,Presidente,1,municipio,BA,39470,2932408,UIBAÍ,,43,43,100.00,0,43,0,43,0,12012,12012,100.00,0,12012,0,12012,0,9971,83.01,2041,16.99,9971,9545,95.73,9545,9545,100.00,0,0.00,0,159,1.59,267,2.68,266,1,0,0,04/10/2026,20:57:13,04/10/2026 20:58:22,sim
1,04/10/2026,6257,Presidente,1,municipio,BA,39489,2932457,UMBURANAS,,35,35,100.00,0,35,0,35,0,11651,11651,100.00,0,11651,0,11651,0,9235,79.26,2416,20.74,9235,8879,96.15,8879,8879,100.00,0,0.00,0,77,0.83,279,3.02,279,0,0,0,04/10/2026,23:22:47,04/10/2026 23:23:57,sim
1,04/10/2026,6257,Presidente,1,municipio,BA,39497,2932507,UNA,,64,64,100.00,0,64,0,64,0,16864,16864,100.00,0,16864,0,16864,0,12601,74.72,4263,25.28,12601,11936,94.72,11936,11936,100.00,0,0.00,0,194,1.54,471,3.74,469,2,0,0,04/10/2026,20:11:26,04/10/2026 20:12:14,sim
1,04/10/2026,6257,Presidente,1,municipio,BA,39519,2932606,URANDI,,43,43,100.00,0,43,0,43,0,13766,13766,100.00,0,13766,0,13766,0,11131,80.86,2635,19.14,11131,10773,96.78,10773,10773,100.00,0,0.00,0,127,1.14,231,2.08,231,0,0,0,04/10/2026,20:50:11,04/10/2026 20:51:14,sim
1,04/10/2026,6257,Presidente,1,municipio,BA,39535,2932705,URUÇUCA,,62,62,100.00,0,62,0,62,0,18222,18222,100.00,0,18222,0,18222,0,13919,76.39,4303,23.61,13919,13210,94.91,13210,13210,100.00,0,0.00,0,159,1.14,550,3.95,550,0,0,0,04/10/2026,20:48:18,04/10/2026 20:49:35,sim
1,04/10/2026,6257,Presidente,1,municipio,BA,39551,2932804,UTINGA,,42,42,100.00,0,42,0,42,0,13057,13057,100.00,0,13057,0,13057,0,10190,78.04,2867,21.96,10190,9746,95.64,9746,9746,100.00,0,0.00,0,98,0.96,346,3.40,346,0,0,0,04/10/2026,20:59:17,04/10/2026 21:00:29,sim
1,04/10/2026,6257,Presidente,1,municipio,BA,39578,2932903,VALENÇA,,195,195,100.00,0,195,0,195,0,66657,66657,100.00,0,66657,0,66657,0,52894,79.35,13763,20.65,52894,49124,92.87,49124,49124,100.00,0,0.00,0,1296,2.45,2474,4.68,2474,0,0,0,04/10/2026,22:22:01,04/10/2026 22:23:03,sim
1,04/10/2026,6257,Presidente,1,municipio,BA,39594,2933000,VALENTE,,73,73,100.00,0,73,0,73,0,20175,20175,100.00,0,20175,0,20175,0,17431,86.40,2744,13.60,17431,16489,94.60,16489,16489,100.00,0,0.00,0,273,1.57,669,3.84,669,0,0,0,04/10/2026,20:29:04,04/10/2026 20:29:28,sim
1,04/10/2026,6257,Presidente,1,municipio,BA,39616,2933109,VÁRZEA DO POÇO,,25,25,100.00,0,25,0,25,0,7284,7284,100.00,0,7284,0,7284,0,5905,81.07,1379,18.93,5905,5605,94.92,5605,5605,100.00,0,0.00,0,77,1.30,223,3.78,223,0,0,0,04/10/2026,19:13:30,04/10/2026 19:15:05,sim
1,04/10/2026,6257,Presidente,1,municipio,BA,39624,2933174,VARZEDO,,30,30,100.00,0,30,0,30,0,9468,9468,100.00,0,9468,0,9468,0,7868,83.10,1600,16.90,7868,7496,95.27,7496,7496,100.00,0,0.00,0,84,1.07,288,3.66,288,0,0,0,04/10/2026,20:59:14,04/10/2026 21:00:28,sim
1,04/10/2026,6257,Presidente,1,municipio,BA,39632,2933208,VERA CRUZ,,107,107,100.00,0,107,0,107,0,36715,36715,100.00,0,36715,0,36715,0,29228,79.61,7487,20.39,29228,27886,95.41,27886,27886,100.00,0,0.00,0,506,1.73,836,2.86,836,0,0,0,04/10/2026,21:08:44,04/10/2026 21:09:22,sim
1,04/10/2026,6257,Presidente,1,municipio,BA,39640,2933257,VEREDA,,23,23,100.00,0,23,0,23,0,6714,6714,100.00,0,6714,0,6714,0,5103,76.01,1611,23.99,5103,4910,96.22,4910,4910,100.00,0,0.00,0,49,0.96,144,2.82,144,0,0,0,04/10/2026,22:15:55,04/10/2026 22:16:56,sim
1,04/10/2026,6257,Presidente,1,municipio,BA,39659,2933307,VITÓRIA DA CONQUISTA,,766,766,100.00,0,766,0,766,0,265595,265595,100.00,0,265595,0,265595,0,216286,81.43,49309,18.57,216286,204384,94.50,204384,204384,100.00,0,0.00,0,4195,1.94,7707,3.56,7704,3,0,0,04/10/2026,22:28:31,04/10/2026 22:29:21,sim
1,04/10/2026,6257,Presidente,1,municipio,BA,39675,2933406,WAGNER,,22,22,100.00,0,22,0,22,0,6804,6804,100.00,0,6804,0,6804,0,5413,79.56,1391,20.44,5413,5160,95.33,5160,5160,100.00,0,0.00,0,69,1.27,184,3.40,184,0,0,0,04/10/2026,21:00:34,04/10/2026 21:01:29,sim
1,04/10/2026,6257,Presidente,1,municipio,BA,39691,2933505,WENCESLAU GUIMARÃES,,54,54,100.00,0,54,0,54,0,16675,16675,100.00,0,16675,0,16675,0,13076,78.42,3599,21.58,13076,12418,94.97,12418,12418,100.00,0,0.00,0,198,1.51,460,3.52,460,0,0,0,04/10/2026,21:51:28,04/10/2026 21:52:42,sim
1,04/10/2026,6257,Presidente,1,municipio,BA,39713,2933604,XIQUE-XIQUE,,124,124,100.00,0,124,0,124,0,35384,35384,100.00,0,35384,0,35384,0,27416,77.48,7968,22.52,27416,26040,94.98,26040,26040,100.00,0,0.00,0,364,1.33,1012,3.69,1012,0,0,0,04/10/2026,23:13:47,04/10/2026 23:15:05,sim
1,04/10/2026,6257,Presidente,1,municipio,BA,39730,2919157,LAPÃO,,86,86,100.00,0,86,0,86,0,22037,22037,100.00,0,22037,0,22037,0,18767,85.16,3270,14.84,18767,18066,96.26,18066,18066,100.00,0,0.00,0,240,1.28,461,2.46,461,0,0,0,04/10/2026,21:00:37,04/10/2026 21:01:28,sim
1,04/10/2026,6257,Presidente,1,municipio,BA,39748,2919926,MADRE DE DEUS,,49,49,100.00,0,49,0,49,0,17110,17110,100.00,0,17110,0,17110,0,13732,80.26,3378,19.74,13732,13251,96.50,13251,13251,100.00,0,0.00,0,176,1.28,305,2.22,305,0,0,0,04/10/2026,21:31:19,04/10/2026 21:32:26,sim
1,04/10/2026,6257,Presidente,1,municipio,BA,39756,2919959,MAETINGA,,20,20,100.00,0,20,0,20,0,6722,6722,100.00,0,6722,0,6722,0,4986,74.17,1736,25.83,4986,4711,94.48,4711,4711,100.00,0,0.00,0,49,0.98,226,4.53,226,0,0,0,04/10/2026,20:58:30,04/10/2026 20:59:15,sim
1,04/10/2026,6257,Presidente,1,municipio,BA,39772,2920452,MANSIDÃO,,37,37,100.00,0,37,0,37,0,10491,10491,100.00,0,10491,0,10491,0,7288,69.47,3203,30.53,7288,7052,96.76,7052,7052,100.00,0,0.00,0,43,0.59,193,2.65,193,0,0,0,04/10/2026,22:06:49,04/10/2026 22:07:54,sim
1,04/10/2026,6257,Presidente,1,municipio,BA,39799,2922656,NORDESTINA,,36,36,100.00,0,36,0,36,0,10580,10580,100.00,0,10580,0,10580,0,8554,80.85,2026,19.15,8554,8139,95.15,8139,8139,100.00,0,0.00,0,105,1.23,310,3.62,310,0,0,0,04/10/2026,21:23:43,04/10/2026 21:24:40,sim
1,04/10/2026,6257,Presidente,1,municipio,BA,39810,2924058,PÉ DE SERRA,,43,43,100.00,0,43,0,43,0,12191,12191,100.00,0,12191,0,12191,0,10070,82.60,2121,17.40,10070,9513,94.47,9513,9513,100.00,0,0.00,0,138,1.37,419,4.16,418,1,0,0,04/10/2026,22:19:15,04/10/2026 22:19:51,sim
1,04/10/2026,6257,Presidente,1,municipio,BA,39837,2924652,PINTADAS,,29,29,100.00,0,29,0,29,0,8931,8931,100.00,0,8931,0,8931,0,6623,74.16,2308,25.84,6623,6220,93.92,6220,6220,100.00,0,0.00,0,102,1.54,301,4.54,301,0,0,0,04/10/2026,20:10:11,04/10/2026 20:11:19,sim
1,04/10/2026,6257,Presidente,1,municipio,BA,39845,2925931,QUIXABEIRA,,31,31,100.00,0,31,0,31,0,8784,8784,100.00,0,8784,0,8784,0,7134,81.22,1650,18.78,7134,6652,93.24,6652,6652,100.00,0,0.00,0,152,2.13,330,4.63,330,0,0,0,04/10/2026,21:01:18,04/10/2026 21:02:02,sim
1,04/10/2026,6257,Presidente,1,municipio,BA,39853,2925956,RAFAEL JAMBEIRO,,63,63,100.00,0,63,0,63,0,19049,19049,100.00,0,19049,0,19049,0,14618,76.74,4431,23.26,14618,13701,93.73,13701,13701,100.00,0,0.00,0,179,1.22,738,5.05,737,1,0,0,04/10/2026,22:35:30,04/10/2026 22:36:28,sim
1,04/10/2026,6257,Presidente,1,municipio,BA,39870,2928059,SANTA LUZIA,,30,30,100.00,0,30,0,30,0,9034,9034,100.00,0,9034,0,9034,0,6939,76.81,2095,23.19,6939,6646,95.78,6646,6646,100.00,0,0.00,0,71,1.02,222,3.20,222,0,0,0,04/10/2026,20:39:57,04/10/2026 20:41:09,sim
1,04/10/2026,6257,Presidente,1,municipio,BA,39896,2929255,SÃO GABRIEL,,68,68,100.00,0,68,0,68,0,16440,16440,100.00,0,16440,0,16440,0,13973,84.99,2467,15.01,13973,13468,96.39,13468,13468,100.00,0,0.00,0,148,1.06,357,2.55,357,0,0,0,04/10/2026,22:15:00,04/10/2026 22:15:57,sim
1,04/10/2026,6257,Presidente,1,municipio,BA,39900,2930766,SÍTIO DO QUINTO,,34,34,100.00,0,34,0,34,0,9929,9929,100.00,0,9929,0,9929,0,8232,82.91,1697,17.09,8232,7873,95.64,7873,7873,100.00,0,0.00,0,74,0.90,285,3.46,284,1,0,0,04/10/2026,20:59:30,04/10/2026 20:59:55,sim
1,04/10/2026,6257,Presidente,1,municipio,BA,39918,2931053,TANQUE NOVO,,45,45,100.00,0,45,0,45,0,14688,14688,100.00,0,14688,0,14688,0,12236,83.31,2452,16.69,12236,11551,94.40,11551,11551,100.00,0,0.00,0,271,2.21,414,3.38,414,0,0,0,04/10/2026,22:32:35,04/10/2026 22:33:45,sim
1,04/10/2026,6257,Presidente,1,municipio,BA,39926,2929354,SÃO JOSÉ DA VITÓRIA,,19,19,100.00,0,19,0,19,0,5258,5258,100.00,0,5258,0,5258,0,3954,75.20,1304,24.80,3954,3732,94.39,3732,3732,100.00,0,0.00,0,52,1.32,170,4.30,170,0,0,0,04/10/2026,19:00:42,04/10/2026 19:01:48,sim
1,04/10/2026,6257,Presidente,1,municipio,BA,39934,2931350,TEIXEIRA DE FREITAS,,303,303,100.00,0,303,0,303,0,105045,105045,100.00,0,105045,0,105045,0,81717,77.79,23328,22.21,81717,78098,95.57,78098,78098,100.00,0,0.00,0,1269,1.55,2350,2.88,2346,4,0,0,04/10/2026,22:08:04,04/10/2026 22:08:56,sim
1,04/10/2026,6257,Presidente,1,municipio,BA,39942,2923035,NOVO HORIZONTE,,38,38,100.00,0,38,0,38,0,9200,9200,100.00,0,9200,0,9200,0,7689,83.58,1511,16.42,7689,7372,95.88,7372,7372,100.00,0,0.00,0,117,1.52,200,2.60,200,0,0,0,04/10/2026,21:00:10,04/10/2026 21:01:01,sim
1,04/10/2026,6257,Presidente,1,municipio,BA,39950,2933158,VÁRZEA NOVA,,36,36,100.00,0,36,0,36,0,10874,10874,100.00,0,10874,0,10874,0,8855,81.43,2019,18.57,8855,8316,93.91,8316,8316,100.00,0,0.00,0,142,1.60,397,4.48,397,0,0,0,04/10/2026,19:22:47,04/10/2026 19:23:44,sim
1,04/10/2026,6257,Presidente,1,municipio,BA,39969,2922755,NOVA IBIÁ,,19,19,100.00,0,19,0,19,0,5509,5509,100.00,0,5509,0,5509,0,4460,80.96,1049,19.04,4460,4242,95.11,4242,4242,100.00,0,0.00,0,61,1.37,157,3.52,157,0,0,0,04/10/2026,20:13:32,04/10/2026 20:14:31,sim
1,04/10/2026,6257,Presidente,1,municipio,BA,39977,2933059,VÁRZEA DA ROÇA,,38,38,100.00,0,38,0,38,0,10928,10928,100.00,0,10928,0,10928,0,8692,79.54,2236,20.46,8692,8092,93.10,8092,8092,100.00,0,0.00,0,205,2.36,395,4.54,395,0,0,0,04/10/2026,22:13:50,04/10/2026 22:14:54,sim
1,04/10/2026,6257,Presidente,1,municipio,BA,39985,2930774,SOBRADINHO,,60,60,100.00,0,60,0,60,0,20427,20427,100.00,0,20427,0,20427,0,15975,78.21,4452,21.79,15975,15371,96.22,15371,15371,100.00,0,0.00,0,194,1.21,410,2.57,410,0,0,0,04/10/2026,21:01:25,04/10/2026 21:02:31,sim
1,04/10/2026,6257,Presidente,1,municipio,BA,39993,2933455,WANDERLEY,,36,36,100.00,0,36,0,36,0,10702,10702,100.00,0,10702,0,10702,0,8494,79.37,2208,20.63,8494,8240,97.01,8240,8240,100.00,0,0.00,0,82,0.97,172,2.02,172,0,0,0,04/10/2026,20:49:29,04/10/2026 20:50:35,sim
