turno,data_eleicao,cd_eleicao,cargo,cd_cargo,nivel,uf,cd_municipio_tse,cd_municipio_ibge,municipio,zona,secoes_total,secoes_totalizadas,pct_secoes_totalizadas,secoes_nao_totalizadas,secoes_instaladas,secoes_nao_instaladas,secoes_anuladas,secoes_nao_anuladas,eleitorado_apto,eleitorado_secoes_totalizadas,pct_eleitorado_totalizado,eleitorado_nao_totalizado,eleitorado_instalado,eleitorado_nao_instalado,eleitorado_anulado,eleitorado_nao_anulado,comparecimento,pct_comparecimento,abstencao,pct_abstencao,votos_totais,votos_validos_contabilizados,pct_validos_contabilizados,votos_validos,votos_nominais,pct_nominais,votos_legenda,pct_legenda,votos_legenda_sem_juncao,votos_brancos,pct_brancos,votos_nulos_total,pct_nulos,votos_nulos,votos_nulos_tecnicos,votos_anulados,votos_anulados_sub_judice,data_totalizacao,hora_totalizacao,gerado_em,oficial
1,04/10/2026,6257,Presidente,1,municipio,PR,74004,4108551,GODOY MOREIRA,,11,11,100.00,0,11,0,11,0,2850,2850,100.00,0,2850,0,2850,0,2218,77.82,632,22.18,2218,2150,96.93,2150,2150,100.00,0,0.00,0,27,1.22,41,1.85,41,0,0,0,04/10/2026,18:43:30,04/10/2026 18:44:56,sim
1,04/10/2026,6257,Presidente,1,municipio,PR,74012,4100103,ABATIÁ,,18,18,100.00,0,18,0,18,0,5976,5976,100.00,0,5976,0,5976,0,4452,74.50,1524,25.50,4452,4306,96.72,4306,4306,100.00,0,0.00,0,69,1.55,77,1.73,77,0,0,0,04/10/2026,19:08:43,04/10/2026 19:09:55,sim
1,04/10/2026,6257,Presidente,1,municipio,PR,74020,4109757,IBEMA,,20,20,100.00,0,20,0,20,0,5098,5098,100.00,0,5098,0,5098,0,3991,78.29,1107,21.71,3991,3847,96.39,3847,3847,100.00,0,0.00,0,65,1.63,79,1.98,77,2,0,0,04/10/2026,18:32:38,04/10/2026 18:34:04,sim
1,04/10/2026,6257,Presidente,1,municipio,PR,74039,4100202,ADRIANÓPOLIS,,23,23,100.00,0,23,0,23,0,5781,5781,100.00,0,5781,0,5781,0,4351,75.26,1430,24.74,4351,4201,96.55,4201,4201,100.00,0,0.00,0,67,1.54,83,1.91,83,0,0,0,04/10/2026,21:45:53,04/10/2026 21:46:56,sim
1,04/10/2026,6257,Presidente,1,municipio,PR,74047,4113452,LINDOESTE,,16,16,100.00,0,16,0,16,0,5116,5116,100.00,0,5116,0,5116,0,4026,78.69,1090,21.31,4026,3929,97.59,3929,3929,100.00,0,0.00,0,49,1.22,48,1.19,48,0,0,0,04/10/2026,19:20:05,04/10/2026 19:21:03,sim
1,04/10/2026,6257,Presidente,1,municipio,PR,74055,4100301,AGUDOS DO SUL,,26,26,100.00,0,26,0,26,0,8981,8981,100.00,0,8981,0,8981,0,7262,80.86,1719,19.14,7262,6937,95.52,6937,6937,100.00,0,0.00,0,176,2.42,149,2.05,147,2,0,0,04/10/2026,19:29:04,04/10/2026 19:30:29,sim
1,04/10/2026,6257,Presidente,1,municipio,PR,74063,4117453,OURO VERDE DO OESTE,,17,17,100.00,0,17,0,17,0,5332,5332,100.00,0,5332,0,5332,0,4405,82.61,927,17.39,4405,4261,96.73,4261,4261,100.00,0,0.00,0,66,1.50,78,1.77,78,0,0,0,04/10/2026,19:11:50,04/10/2026 19:12:51,sim
1,04/10/2026,6257,Presidente,1,municipio,PR,74071,4100400,ALMIRANTE TAMANDARÉ,,211,211,100.00,0,211,0,211,0,77677,77677,100.00,0,77677,0,77677,0,59864,77.07,17813,22.93,59864,56841,94.95,56841,56841,100.00,0,0.00,0,1600,2.67,1423,2.38,1416,7,0,0,04/10/2026,19:04:17,04/10/2026 19:05:07,sim
1,04/10/2026,6257,Presidente,1,municipio,PR,74080,4124020,SANTA TEREZA DO OESTE,,30,30,100.00,0,30,0,30,0,10278,10278,100.00,0,10278,0,10278,0,8260,80.37,2018,19.63,8260,8040,97.34,8040,8040,100.00,0,0.00,0,104,1.26,116,1.40,116,0,0,0,04/10/2026,19:20:05,04/10/2026 19:21:05,sim
1,04/10/2026,6257,Presidente,1,municipio,PR,74098,4100608,ALTO PARANÁ,,33,33,100.00,0,33,0,33,0,10406,10406,100.00,0,10406,0,10406,0,7914,76.05,2492,23.95,7914,7643,96.58,7643,7643,100.00,0,0.00,0,123,1.55,148,1.87,148,0,0,0,04/10/2026,18:32:51,04/10/2026 18:34:05,sim
1,04/10/2026,6257,Presidente,1,municipio,PR,74101,4101051,ANAHY,,9,9,100.00,0,9,0,9,0,2828,2828,100.00,0,2828,0,2828,0,2356,83.31,472,16.69,2356,2290,97.20,2290,2290,100.00,0,0.00,0,24,1.02,42,1.78,42,0,0,0,04/10/2026,18:39:21,04/10/2026 18:41:17,sim
1,04/10/2026,6257,Presidente,1,municipio,PR,74110,4100707,ALTO PIQUIRI,,25,25,100.00,0,25,0,25,0,7426,7426,100.00,0,7426,0,7426,0,5623,75.72,1803,24.28,5623,5428,96.53,5428,5428,100.00,0,0.00,0,91,1.62,104,1.85,104,0,0,0,04/10/2026,19:13:46,04/10/2026 19:15:04,sim
1,04/10/2026,6257,Presidente,1,municipio,PR,74128,4101150,ÂNGULO,,9,9,100.00,0,9,0,9,0,2817,2817,100.00,0,2817,0,2817,0,2321,82.39,496,17.61,2321,2241,96.55,2241,2241,100.00,0,0.00,0,36,1.55,44,1.90,44,0,0,0,04/10/2026,18:59:36,04/10/2026 19:00:48,sim
1,04/10/2026,6257,Presidente,1,municipio,PR,74136,4100806,ALVORADA DO SUL,,25,25,100.00,0,25,0,25,0,7430,7430,100.00,0,7430,0,7430,0,5830,78.47,1600,21.53,5830,5652,96.95,5652,5652,100.00,0,0.00,0,70,1.20,108,1.85,107,1,0,0,04/10/2026,18:10:55,04/10/2026 18:12:30,sim
1,04/10/2026,6257,Presidente,1,municipio,PR,74144,4103024,BOA ESPERANÇA DO IGUAÇU,,8,8,100.00,0,8,0,8,0,2309,2309,100.00,0,2309,0,2309,0,1942,84.11,367,15.89,1942,1896,97.63,1896,1896,100.00,0,0.00,0,20,1.03,26,1.34,26,0,0,0,04/10/2026,18:24:21,04/10/2026 18:26:04,sim
1,04/10/2026,6257,Presidente,1,municipio,PR,74152,4100905,AMAPORÃ,,13,13,100.00,0,13,0,13,0,4058,4058,100.00,0,4058,0,4058,0,3144,77.48,914,22.52,3144,3044,96.82,3044,3044,100.00,0,0.00,0,34,1.08,66,2.10,66,0,0,0,04/10/2026,19:06:22,04/10/2026 19:07:19,sim
1,04/10/2026,6257,Presidente,1,municipio,PR,74160,4103222,BOM SUCESSO DO SUL,,11,11,100.00,0,11,0,11,0,3020,3020,100.00,0,3020,0,3020,0,2562,84.83,458,15.17,2562,2514,98.13,2514,2514,100.00,0,0.00,0,27,1.05,21,0.82,21,0,0,0,04/10/2026,18:20:38,04/10/2026 18:21:51,sim
1,04/10/2026,6257,Presidente,1,municipio,PR,74179,4101002,AMPÉRE,,48,48,100.00,0,48,0,48,0,14532,14532,100.00,0,14532,0,14532,0,12167,83.73,2365,16.27,12167,11739,96.48,11739,11739,100.00,0,0.00,0,176,1.45,252,2.07,252,0,0,0,04/10/2026,19:08:53,04/10/2026 19:09:55,sim
1,04/10/2026,6257,Presidente,1,municipio,PR,74187,4103370,BRASILÂNDIA DO SUL,,11,11,100.00,0,11,0,11,0,3350,3350,100.00,0,3350,0,3350,0,2658,79.34,692,20.66,2658,2580,97.07,2580,2580,100.00,0,0.00,0,31,1.17,47,1.77,47,0,0,0,04/10/2026,18:25:01,04/10/2026 18:26:28,sim
1,04/10/2026,6257,Presidente,1,municipio,PR,74195,4101101,ANDIRÁ,,55,55,100.00,0,55,0,55,0,16359,16359,100.00,0,16359,0,16359,0,12461,76.17,3898,23.83,12461,11876,95.31,11876,11876,100.00,0,0.00,0,203,1.63,382,3.07,382,0,0,0,04/10/2026,18:08:58,04/10/2026 18:10:01,sim
1,04/10/2026,6257,Presidente,1,municipio,PR,74209,4103479,CAFEZAL DO SUL,,15,15,100.00,0,15,0,15,0,4161,4161,100.00,0,4161,0,4161,0,3278,78.78,883,21.22,3278,3195,97.47,3195,3195,100.00,0,0.00,0,38,1.16,45,1.37,45,0,0,0,04/10/2026,18:25:31,04/10/2026 18:26:57,sim
1,04/10/2026,6257,Presidente,1,municipio,PR,74217,4101200,ANTONINA,,53,53,100.00,0,53,0,53,0,15653,15653,100.00,0,15653,0,15653,0,11626,74.27,4027,25.73,11626,11262,96.87,11262,11262,100.00,0,0.00,0,201,1.73,163,1.40,162,1,0,0,04/10/2026,19:04:52,04/10/2026 19:05:27,sim
1,04/10/2026,6257,Presidente,1,municipio,PR,74225,4104428,CANDÓI,,43,43,100.00,0,43,0,43,0,12050,12050,100.00,0,12050,0,12050,0,9741,80.84,2309,19.16,9741,9410,96.60,9410,9410,100.00,0,0.00,0,162,1.66,169,1.73,169,0,0,0,04/10/2026,18:54:20,04/10/2026 18:55:26,sim
1,04/10/2026,6257,Presidente,1,municipio,PR,74233,4101309,ANTÔNIO OLINTO,,25,25,100.00,0,25,0,25,0,6911,6911,100.00,0,6911,0,6911,0,5516,79.81,1395,20.19,5516,5226,94.74,5226,5226,100.00,0,0.00,0,142,2.57,148,2.68,148,0,0,0,04/10/2026,19:07:06,04/10/2026 19:08:17,sim
1,04/10/2026,6257,Presidente,1,municipio,PR,74241,4106571,CRUZEIRO DO IGUAÇU,,13,13,100.00,0,13,0,13,0,3622,3622,100.00,0,3622,0,3622,0,2910,80.34,712,19.66,2910,2840,97.59,2840,2840,100.00,0,0.00,0,30,1.03,40,1.37,40,0,0,0,04/10/2026,18:47:37,04/10/2026 18:50:07,sim
1,04/10/2026,6257,Presidente,1,municipio,PR,74250,4101408,APUCARANA,,295,295,100.00,0,295,0,295,0,94187,94187,100.00,0,94187,0,94187,0,73788,78.34,20399,21.66,73788,70474,95.51,70474,70474,100.00,0,0.00,0,1473,2.00,1841,2.49,1840,1,0,0,04/10/2026,19:25:10,04/10/2026 19:25:48,sim
1,04/10/2026,6257,Presidente,1,municipio,PR,74268,4107124,DIAMANTE DO SUL,,12,12,100.00,0,12,0,12,0,3479,3479,100.00,0,3479,0,3479,0,2637,75.80,842,24.20,2637,2572,97.54,2572,2572,100.00,0,0.00,0,33,1.25,32,1.21,31,1,0,0,04/10/2026,17:40:45,04/10/2026 17:42:02,sim
1,04/10/2026,6257,Presidente,1,municipio,PR,74276,4101507,ARAPONGAS,,247,247,100.00,0,247,0,247,0,84444,84444,100.00,0,84444,0,84444,0,67094,79.45,17350,20.55,67094,64346,95.90,64346,64346,100.00,0,0.00,0,1243,1.85,1505,2.24,1505,0,0,0,04/10/2026,18:43:37,04/10/2026 18:44:54,sim
1,04/10/2026,6257,Presidente,1,municipio,PR,74284,4107538,ENTRE RIOS DO OESTE,,15,15,100.00,0,15,0,15,0,3721,3721,100.00,0,3721,0,3721,0,3139,84.36,582,15.64,3139,3085,98.28,3085,3085,100.00,0,0.00,0,24,0.76,30,0.96,30,0,0,0,04/10/2026,19:17:18,04/10/2026 19:21:05,sim
1,04/10/2026,6257,Presidente,1,municipio,PR,74292,4101606,ARAPOTI,,66,66,100.00,0,66,0,66,0,19003,19003,100.00,0,19003,0,19003,0,14323,75.37,4680,24.63,14323,13753,96.02,13753,13753,100.00,0,0.00,0,323,2.26,247,1.72,244,3,0,0,04/10/2026,18:11:53,04/10/2026 18:12:47,sim
1,04/10/2026,6257,Presidente,1,municipio,PR,74306,4107553,FAROL,,10,10,100.00,0,10,0,10,0,2837,2837,100.00,0,2837,0,2837,0,2246,79.17,591,20.83,2246,2172,96.71,2172,2172,100.00,0,0.00,0,37,1.65,37,1.65,37,0,0,0,04/10/2026,18:49:53,04/10/2026 18:54:49,sim
1,04/10/2026,6257,Presidente,1,municipio,PR,74314,4101705,ARARUNA,,36,36,100.00,0,36,0,36,0,10853,10853,100.00,0,10853,0,10853,0,8853,81.57,2000,18.43,8853,8514,96.17,8514,8514,100.00,0,0.00,0,144,1.63,195,2.20,194,1,0,0,04/10/2026,20:44:59,04/10/2026 20:45:55,sim
1,04/10/2026,6257,Presidente,1,municipio,PR,74322,4107652,FAZENDA RIO GRANDE,,259,259,100.00,0,259,0,259,0,94019,94019,100.00,0,94019,0,94019,0,72128,76.72,21891,23.28,72128,68615,95.13,68615,68615,100.00,0,0.00,0,1859,2.58,1654,2.29,1645,9,0,0,04/10/2026,20:50:20,04/10/2026 20:51:41,sim
1,04/10/2026,6257,Presidente,1,municipio,PR,74330,4114906,MARILÂNDIA DO SUL,,28,28,100.00,0,28,0,28,0,7142,7142,100.00,0,7142,0,7142,0,5563,77.89,1579,22.11,5563,5353,96.23,5353,5353,100.00,0,0.00,0,109,1.96,101,1.82,99,2,0,0,04/10/2026,20:05:11,04/10/2026 20:07:52,sim
1,04/10/2026,6257,Presidente,1,municipio,PR,74349,4107850,FLOR DA SERRA DO SUL,,17,17,100.00,0,17,0,17,0,4381,4381,100.00,0,4381,0,4381,0,3519,80.32,862,19.68,3519,3408,96.85,3408,3408,100.00,0,0.00,0,47,1.34,64,1.82,63,1,0,0,04/10/2026,17:46:50,04/10/2026 17:47:48,sim
1,04/10/2026,6257,Presidente,1,municipio,PR,74357,4101804,ARAUCÁRIA,,341,341,100.00,0,341,0,341,0,112066,112066,100.00,0,112066,0,112066,0,89402,79.78,22664,20.22,89402,84807,94.86,84807,84807,100.00,0,0.00,0,2261,2.53,2334,2.61,2328,6,0,0,04/10/2026,19:45:09,04/10/2026 20:04:07,sim
1,04/10/2026,6257,Presidente,1,municipio,PR,74365,4109658,HONÓRIO SERPA,,14,14,100.00,0,14,0,14,0,4366,4366,100.00,0,4366,0,4366,0,3492,79.98,874,20.02,3492,3423,98.02,3423,3423,100.00,0,0.00,0,29,0.83,40,1.15,40,0,0,0,04/10/2026,18:46:29,04/10/2026 18:48:51,sim
1,04/10/2026,6257,Presidente,1,municipio,PR,74373,4101903,ASSAÍ,,44,44,100.00,0,44,0,44,0,12321,12321,100.00,0,12321,0,12321,0,9270,75.24,3051,24.76,9270,8981,96.88,8981,8981,100.00,0,0.00,0,140,1.51,149,1.61,149,0,0,0,04/10/2026,18:22:39,04/10/2026 18:24:03,sim
1,04/10/2026,6257,Presidente,1,municipio,PR,74381,4110052,IGUATU,,8,8,100.00,0,8,0,8,0,2131,2131,100.00,0,2131,0,2131,0,1763,82.73,368,17.27,1763,1716,97.33,1716,1716,100.00,0,0.00,0,19,1.08,28,1.59,28,0,0,0,04/10/2026,18:33:54,04/10/2026 18:35:24,sim
1,04/10/2026,6257,Presidente,1,municipio,PR,74390,4102109,ASTORGA,,63,63,100.00,0,63,0,63,0,19627,19627,100.00,0,19627,0,19627,0,15664,79.81,3963,20.19,15664,15201,97.04,15201,15201,100.00,0,0.00,0,202,1.29,261,1.67,261,0,0,0,04/10/2026,18:46:28,04/10/2026 18:48:52,sim
1,04/10/2026,6257,Presidente,1,municipio,PR,74403,4110656,IRACEMA DO OESTE,,9,9,100.00,0,9,0,9,0,2427,2427,100.00,0,2427,0,2427,0,1945,80.14,482,19.86,1945,1885,96.92,1885,1885,100.00,0,0.00,0,18,0.93,42,2.16,42,0,0,0,04/10/2026,18:21:26,04/10/2026 18:22:19,sim
1,04/10/2026,6257,Presidente,1,municipio,PR,74411,4102208,ATALAIA,,12,12,100.00,0,12,0,12,0,3479,3479,100.00,0,3479,0,3479,0,2853,82.01,626,17.99,2853,2779,97.41,2779,2779,100.00,0,0.00,0,38,1.33,36,1.26,36,0,0,0,04/10/2026,17:39:11,04/10/2026 17:40:38,sim
1,04/10/2026,6257,Presidente,1,municipio,PR,74420,4117297,NOVO ITACOLOMI,,9,9,100.00,0,9,0,9,0,2996,2996,100.00,0,2996,0,2996,0,2464,82.24,532,17.76,2464,2374,96.35,2374,2374,100.00,0,0.00,0,41,1.66,49,1.99,49,0,0,0,04/10/2026,18:09:30,04/10/2026 18:10:57,sim
1,04/10/2026,6257,Presidente,1,municipio,PR,74438,4102307,BALSA NOVA,,40,40,100.00,0,40,0,40,0,12129,12129,100.00,0,12129,0,12129,0,9934,81.90,2195,18.10,9934,9478,95.41,9478,9478,100.00,0,0.00,0,223,2.24,233,2.35,233,0,0,0,04/10/2026,18:29:02,04/10/2026 18:30:22,sim
1,04/10/2026,6257,Presidente,1,municipio,PR,74446,4111258,ITAPERUÇU,,61,61,100.00,0,61,0,61,0,21624,21624,100.00,0,21624,0,21624,0,18183,84.09,3441,15.91,18183,17457,96.01,17457,17457,100.00,0,0.00,0,417,2.29,309,1.70,309,0,0,0,04/10/2026,20:51:22,04/10/2026 20:52:09,sim
1,04/10/2026,6257,Presidente,1,municipio,PR,74454,4102406,BANDEIRANTES,,82,82,100.00,0,82,0,82,0,24411,24411,100.00,0,24411,0,24411,0,18610,76.24,5801,23.76,18610,18078,97.14,18078,18078,100.00,0,0.00,0,248,1.33,284,1.53,282,2,0,0,04/10/2026,19:04:40,04/10/2026 19:05:27,sim
1,04/10/2026,6257,Presidente,1,municipio,PR,74462,4111555,IVATÉ,,20,20,100.00,0,20,0,20,0,5439,5439,100.00,0,5439,0,5439,0,4359,80.14,1080,19.86,4359,4226,96.95,4226,4226,100.00,0,0.00,0,55,1.26,78,1.79,78,0,0,0,04/10/2026,18:32:11,04/10/2026 18:33:02,sim
1,04/10/2026,6257,Presidente,1,municipio,PR,74470,4102505,BARBOSA FERRAZ,,35,35,100.00,0,35,0,35,0,8859,8859,100.00,0,8859,0,8859,0,6664,75.22,2195,24.78,6664,6377,95.69,6377,6377,100.00,0,0.00,0,103,1.55,184,2.76,182,2,0,0,04/10/2026,19:12:23,04/10/2026 19:13:15,sim
1,04/10/2026,6257,Presidente,1,municipio,PR,74489,4113429,LIDIANÓPOLIS,,13,13,100.00,0,13,0,13,0,3461,3461,100.00,0,3461,0,3461,0,2860,82.64,601,17.36,2860,2784,97.34,2784,2784,100.00,0,0.00,0,26,0.91,50,1.75,50,0,0,0,04/10/2026,19:22:41,04/10/2026 19:23:44,sim
1,04/10/2026,6257,Presidente,1,municipio,PR,74497,4102604,BARRACÃO,,28,28,100.00,0,28,0,28,0,7600,7600,100.00,0,7600,0,7600,0,6109,80.38,1491,19.62,6109,5951,97.41,5951,5951,100.00,0,0.00,0,73,1.19,85,1.39,85,0,0,0,04/10/2026,19:23:57,04/10/2026 19:25:05,sim
1,04/10/2026,6257,Presidente,1,municipio,PR,74500,4115358,MARIPÁ,,18,18,100.00,0,18,0,18,0,5176,5176,100.00,0,5176,0,5176,0,4379,84.60,797,15.40,4379,4304,98.29,4304,4304,100.00,0,0.00,0,42,0.96,33,0.75,33,0,0,0,04/10/2026,19:01:44,04/10/2026 19:02:55,sim
1,04/10/2026,6257,Presidente,1,municipio,PR,74519,4102703,BARRA DO JACARÉ,,9,9,100.00,0,9,0,9,0,2805,2805,100.00,0,2805,0,2805,0,2239,79.82,566,20.18,2239,2154,96.20,2154,2154,100.00,0,0.00,0,37,1.65,48,2.14,48,0,0,0,04/10/2026,18:31:35,04/10/2026 18:32:31,sim
1,04/10/2026,6257,Presidente,1,municipio,PR,74527,4115739,MATO RICO,,16,16,100.00,0,16,0,16,0,3238,3238,100.00,0,3238,0,3238,0,2567,79.28,671,20.72,2567,2480,96.61,2480,2480,100.00,0,0.00,0,31,1.21,56,2.18,56,0,0,0,04/10/2026,18:11:09,04/10/2026 18:12:31,sim
1,04/10/2026,6257,Presidente,1,municipio,PR,74535,4102802,BELA VISTA DO PARAÍSO,,43,43,100.00,0,43,0,43,0,12282,12282,100.00,0,12282,0,12282,0,9270,75.48,3012,24.52,9270,8904,96.05,8904,8904,100.00,0,0.00,0,164,1.77,202,2.18,202,0,0,0,04/10/2026,18:35:32,04/10/2026 18:37:22,sim
1,04/10/2026,6257,Presidente,1,municipio,PR,74543,4115754,MAUÁ DA SERRA,,25,25,100.00,0,25,0,25,0,7691,7691,100.00,0,7691,0,7691,0,6042,78.56,1649,21.44,6042,5845,96.74,5845,5845,100.00,0,0.00,0,76,1.26,121,2.00,121,0,0,0,04/10/2026,19:03:53,04/10/2026 19:05:07,sim
1,04/10/2026,6257,Presidente,1,municipio,PR,74551,4102901,BITURUNA,,45,45,100.00,0,45,0,45,0,12808,12808,100.00,0,12808,0,12808,0,10386,81.09,2422,18.91,10386,9950,95.80,9950,9950,100.00,0,0.00,0,211,2.03,225,2.17,225,0,0,0,04/10/2026,20:11:24,04/10/2026 20:11:59,sim
1,04/10/2026,6257,Presidente,1,municipio,PR,74560,4115853,MERCEDES,,20,20,100.00,0,20,0,20,0,4929,4929,100.00,0,4929,0,4929,0,4258,86.39,671,13.61,4258,4193,98.47,4193,4193,100.00,0,0.00,0,32,0.75,33,0.78,33,0,0,0,04/10/2026,18:59:36,04/10/2026 19:00:48,sim
1,04/10/2026,6257,Presidente,1,municipio,PR,74578,4103008,BOA ESPERANÇA,,13,13,100.00,0,13,0,13,0,3974,3974,100.00,0,3974,0,3974,0,3222,81.08,752,18.92,3222,3123,96.93,3123,3123,100.00,0,0.00,0,47,1.46,52,1.61,52,0,0,0,04/10/2026,18:58:35,04/10/2026 18:59:34,sim
1,04/10/2026,6257,Presidente,1,municipio,PR,74586,4117057,NOVA LARANJEIRAS,,29,29,100.00,0,29,0,29,0,8591,8591,100.00,0,8591,0,8591,0,6765,78.75,1826,21.25,6765,6577,97.22,6577,6577,100.00,0,0.00,0,59,0.87,129,1.91,128,1,0,0,04/10/2026,19:26:51,04/10/2026 19:29:45,sim
1,04/10/2026,6257,Presidente,1,municipio,PR,74594,4103107,BOCAIÚVA DO SUL,,33,33,100.00,0,33,0,33,0,10205,10205,100.00,0,10205,0,10205,0,7649,74.95,2556,25.05,7649,7279,95.16,7279,7279,100.00,0,0.00,0,199,2.60,171,2.24,171,0,0,0,04/10/2026,19:08:56,04/10/2026 19:09:55,sim
1,04/10/2026,6257,Presidente,1,municipio,PR,74608,4117214,NOVA SANTA BÁRBARA,,13,13,100.00,0,13,0,13,0,3758,3758,100.00,0,3758,0,3758,0,2960,78.77,798,21.23,2960,2854,96.42,2854,2854,100.00,0,0.00,0,44,1.49,62,2.09,62,0,0,0,04/10/2026,18:39:13,04/10/2026 18:41:18,sim
1,04/10/2026,6257,Presidente,1,municipio,PR,74616,4103206,BOM SUCESSO,,18,18,100.00,0,18,0,18,0,5316,5316,100.00,0,5316,0,5316,0,4219,79.36,1097,20.64,4219,4049,95.97,4049,4049,100.00,0,0.00,0,76,1.80,94,2.23,94,0,0,0,04/10/2026,17:48:39,04/10/2026 17:49:53,sim
1,04/10/2026,6257,Presidente,1,municipio,PR,74624,4118451,PATO BRAGADO,,15,15,100.00,0,15,0,15,0,4506,4506,100.00,0,4506,0,4506,0,3808,84.51,698,15.49,3808,3735,98.08,3735,3735,100.00,0,0.00,0,28,0.74,45,1.18,45,0,0,0,04/10/2026,18:56:22,04/10/2026 18:57:43,sim
1,04/10/2026,6257,Presidente,1,municipio,PR,74632,4103305,BORRAZÓPOLIS,,27,27,100.00,0,27,0,27,0,6279,6279,100.00,0,6279,0,6279,0,5169,82.32,1110,17.68,5169,5004,96.81,5004,5004,100.00,0,0.00,0,73,1.41,92,1.78,91,1,0,0,04/10/2026,18:35:57,04/10/2026 18:37:22,sim
1,04/10/2026,6257,Presidente,1,municipio,PR,74640,4119251,PINHAL DE SÃO BENTO,,9,9,100.00,0,9,0,9,0,2579,2579,100.00,0,2579,0,2579,0,2134,82.75,445,17.25,2134,2068,96.91,2068,2068,100.00,0,0.00,0,32,1.50,34,1.59,34,0,0,0,04/10/2026,18:25:56,04/10/2026 18:27:23,sim
1,04/10/2026,6257,Presidente,1,municipio,PR,74659,4103404,CAFEARA,,7,7,100.00,0,7,0,7,0,2223,2223,100.00,0,2223,0,2223,0,1837,82.64,386,17.36,1837,1763,95.97,1763,1763,100.00,0,0.00,0,21,1.14,53,2.89,53,0,0,0,04/10/2026,18:40:07,04/10/2026 18:42:15,sim
1,04/10/2026,6257,Presidente,1,municipio,PR,74667,4119657,PITANGUEIRAS,,8,8,100.00,0,8,0,8,0,2622,2622,100.00,0,2622,0,2622,0,2106,80.32,516,19.68,2106,2041,96.91,2041,2041,100.00,0,0.00,0,31,1.47,34,1.61,34,0,0,0,04/10/2026,18:34:33,04/10/2026 18:35:59,sim
1,04/10/2026,6257,Presidente,1,municipio,PR,74675,4103503,CALIFÓRNIA,,25,25,100.00,0,25,0,25,0,6940,6940,100.00,0,6940,0,6940,0,5618,80.95,1322,19.05,5618,5369,95.57,5369,5369,100.00,0,0.00,0,120,2.14,129,2.30,129,0,0,0,04/10/2026,17:56:29,04/10/2026 17:57:31,sim
1,04/10/2026,6257,Presidente,1,municipio,PR,74683,4120853,QUATRO PONTES,,14,14,100.00,0,14,0,14,0,4065,4065,100.00,0,4065,0,4065,0,3580,88.07,485,11.93,3580,3544,98.99,3544,3544,100.00,0,0.00,0,15,0.42,21,0.59,21,0,0,0,04/10/2026,18:54:06,04/10/2026 18:54:48,sim
1,04/10/2026,6257,Presidente,1,municipio,PR,74691,4103602,CAMBARÁ,,60,60,100.00,0,60,0,60,0,17864,17864,100.00,0,17864,0,17864,0,13252,74.18,4612,25.82,13252,12553,94.73,12553,12553,100.00,0,0.00,0,277,2.09,422,3.18,421,1,0,0,04/10/2026,19:16:00,04/10/2026 19:16:43,sim
1,04/10/2026,6257,Presidente,1,municipio,PR,74705,4121257,RAMILÂNDIA,,11,11,100.00,0,11,0,11,0,3754,3754,100.00,0,3754,0,3754,0,2915,77.65,839,22.35,2915,2860,98.11,2860,2860,100.00,0,0.00,0,24,0.82,31,1.06,31,0,0,0,04/10/2026,18:39:52,04/10/2026 18:42:15,sim
1,04/10/2026,6257,Presidente,1,municipio,PR,74713,4103701,CAMBÉ,,224,224,100.00,0,224,0,224,0,76178,76178,100.00,0,76178,0,76178,0,59684,78.35,16494,21.65,59684,56980,95.47,56980,56980,100.00,0,0.00,0,1186,1.99,1518,2.54,1513,5,0,0,04/10/2026,19:05:19,04/10/2026 19:07:20,sim
1,04/10/2026,6257,Presidente,1,municipio,PR,74721,4121356,RANCHO ALEGRE D'OESTE,,10,10,100.00,0,10,0,10,0,2352,2352,100.00,0,2352,0,2352,0,1922,81.72,430,18.28,1922,1860,96.77,1860,1860,100.00,0,0.00,0,22,1.14,40,2.08,40,0,0,0,04/10/2026,17:43:57,04/10/2026 17:44:59,sim
1,04/10/2026,6257,Presidente,1,municipio,PR,74730,4103800,CAMBIRA,,19,19,100.00,0,19,0,19,0,6442,6442,100.00,0,6442,0,6442,0,5192,80.60,1250,19.40,5192,4984,95.99,4984,4984,100.00,0,0.00,0,91,1.75,117,2.25,117,0,0,0,04/10/2026,18:34:53,04/10/2026 18:36:00,sim
1,04/10/2026,6257,Presidente,1,municipio,PR,74748,4122156,RIO BONITO DO IGUAÇU,,40,40,100.00,0,40,0,40,0,11105,11105,100.00,0,11105,0,11105,0,8541,76.91,2564,23.09,8541,8277,96.91,8277,8277,100.00,0,0.00,0,125,1.46,139,1.63,139,0,0,0,04/10/2026,20:51:38,04/10/2026 20:52:39,sim
1,04/10/2026,6257,Presidente,1,municipio,PR,74756,4103909,CAMPINA DA LAGOA,,42,42,100.00,0,42,0,42,0,12371,12371,100.00,0,12371,0,12371,0,9562,77.29,2809,22.71,9562,9247,96.71,9247,9247,100.00,0,0.00,0,146,1.53,169,1.77,169,0,0,0,04/10/2026,18:54:59,04/10/2026 18:55:56,sim
1,04/10/2026,6257,Presidente,1,municipio,PR,74764,4123824,SANTA LÚCIA,,8,8,100.00,0,8,0,8,0,3289,3289,100.00,0,3289,0,3289,0,2546,77.41,743,22.59,2546,2465,96.82,2465,2465,100.00,0,0.00,0,28,1.10,53,2.08,53,0,0,0,04/10/2026,20:57:01,04/10/2026 20:58:19,sim
1,04/10/2026,6257,Presidente,1,municipio,PR,74772,4104006,CAMPINA GRANDE DO SUL,,103,103,100.00,0,103,0,103,0,35488,35488,100.00,0,35488,0,35488,0,27795,78.32,7693,21.68,27795,26649,95.88,26649,26649,100.00,0,0.00,0,590,2.12,556,2.00,555,1,0,0,04/10/2026,19:09:14,04/10/2026 19:09:55,sim
1,04/10/2026,6257,Presidente,1,municipio,PR,74780,4104055,CAMPO BONITO,,12,12,100.00,0,12,0,12,0,3695,3695,100.00,0,3695,0,3695,0,2888,78.16,807,21.84,2888,2812,97.37,2812,2812,100.00,0,0.00,0,32,1.11,44,1.52,43,1,0,0,04/10/2026,18:14:41,04/10/2026 18:16:15,sim
1,04/10/2026,6257,Presidente,1,municipio,PR,74799,4104105,CAMPO DO TENENTE,,20,20,100.00,0,20,0,20,0,6393,6393,100.00,0,6393,0,6393,0,5237,81.92,1156,18.08,5237,5070,96.81,5070,5070,100.00,0,0.00,0,92,1.76,75,1.43,75,0,0,0,04/10/2026,18:14:11,04/10/2026 18:15:25,sim
1,04/10/2026,6257,Presidente,1,municipio,PR,74802,4123857,SANTA MARIA DO OESTE,,31,31,100.00,0,31,0,31,0,8019,8019,100.00,0,8019,0,8019,0,6335,79.00,1684,21.00,6335,6099,96.27,6099,6099,100.00,0,0.00,0,87,1.37,149,2.35,149,0,0,0,04/10/2026,18:57:15,04/10/2026 18:58:15,sim
1,04/10/2026,6257,Presidente,1,municipio,PR,74810,4104204,CAMPO LARGO,,296,296,100.00,0,296,0,296,0,94798,94798,100.00,0,94798,0,94798,0,76479,80.68,18319,19.32,76479,73035,95.50,73035,73035,100.00,0,0.00,0,1795,2.35,1649,2.16,1644,5,0,0,04/10/2026,18:31:34,04/10/2026 18:32:29,sim
1,04/10/2026,6257,Presidente,1,municipio,PR,74829,4123956,SANTA MÔNICA,,10,10,100.00,0,10,0,10,0,2710,2710,100.00,0,2710,0,2710,0,2106,77.71,604,22.29,2106,2051,97.39,2051,2051,100.00,0,0.00,0,22,1.04,33,1.57,33,0,0,0,04/10/2026,18:26:05,04/10/2026 18:27:23,sim
1,04/10/2026,6257,Presidente,1,municipio,PR,74837,4104303,CAMPO MOURÃO,,216,216,100.00,0,216,0,216,0,70262,70262,100.00,0,70262,0,70262,0,56172,79.95,14090,20.05,56172,54281,96.63,54281,54281,100.00,0,0.00,0,903,1.61,988,1.76,988,0,0,0,04/10/2026,19:10:32,04/10/2026 19:11:27,sim
1,04/10/2026,6257,Presidente,1,municipio,PR,74845,4125555,SÃO MANOEL DO PARANÁ,,7,7,100.00,0,7,0,7,0,2070,2070,100.00,0,2070,0,2070,0,1673,80.82,397,19.18,1673,1629,97.37,1629,1629,100.00,0,0.00,0,25,1.49,19,1.14,19,0,0,0,04/10/2026,18:26:27,04/10/2026 18:28:30,sim
1,04/10/2026,6257,Presidente,1,municipio,PR,74853,4104402,CÂNDIDO DE ABREU,,51,51,100.00,0,51,0,51,0,11738,11738,100.00,0,11738,0,11738,0,9075,77.31,2663,22.69,9075,8704,95.91,8704,8704,100.00,0,0.00,0,170,1.87,201,2.21,201,0,0,0,04/10/2026,18:55:31,04/10/2026 18:56:27,sim
1,04/10/2026,6257,Presidente,1,municipio,PR,74861,4125753,SÃO PEDRO DO IGUAÇU,,18,18,100.00,0,18,0,18,0,5033,5033,100.00,0,5033,0,5033,0,3999,79.46,1034,20.54,3999,3846,96.17,3846,3846,100.00,0,0.00,0,51,1.28,102,2.55,102,0,0,0,04/10/2026,18:28:34,04/10/2026 18:30:23,sim
1,04/10/2026,6257,Presidente,1,municipio,PR,74870,4104501,CAPANEMA,,54,54,100.00,0,54,0,54,0,15204,15204,100.00,0,15204,0,15204,0,12180,80.11,3024,19.89,12180,11831,97.13,11831,11831,100.00,0,0.00,0,164,1.35,185,1.52,184,1,0,0,04/10/2026,19:13:57,04/10/2026 19:15:04,sim
1,04/10/2026,6257,Presidente,1,municipio,PR,74888,4127882,TUNAS DO PARANÁ,,18,18,100.00,0,18,0,18,0,5500,5500,100.00,0,5500,0,5500,0,4269,77.62,1231,22.38,4269,4116,96.42,4116,4116,100.00,0,0.00,0,68,1.59,85,1.99,85,0,0,0,04/10/2026,18:35:00,04/10/2026 18:37:22,sim
1,04/10/2026,6257,Presidente,1,municipio,PR,74896,4104600,CAPITÃO LEÔNIDAS MARQUES,,34,34,100.00,0,34,0,34,0,11861,11861,100.00,0,11861,0,11861,0,9287,78.30,2574,21.70,9287,9013,97.05,9013,9013,100.00,0,0.00,0,122,1.31,152,1.64,152,0,0,0,04/10/2026,19:13:06,04/10/2026 19:14:07,sim
1,04/10/2026,6257,Presidente,1,municipio,PR,74900,4128534,VENTANIA,,24,24,100.00,0,24,0,24,0,7525,7525,100.00,0,7525,0,7525,0,6162,81.89,1363,18.11,6162,5849,94.92,5849,5849,100.00,0,0.00,0,172,2.79,141,2.29,140,1,0,0,04/10/2026,19:27:54,04/10/2026 19:29:45,sim
1,04/10/2026,6257,Presidente,1,municipio,PR,74918,4104709,CARLÓPOLIS,,38,38,100.00,0,38,0,38,0,12148,12148,100.00,0,12148,0,12148,0,9214,75.85,2934,24.15,9214,8838,95.92,8838,8838,100.00,0,0.00,0,153,1.66,223,2.42,223,0,0,0,04/10/2026,18:43:14,04/10/2026 18:44:54,sim
1,04/10/2026,6257,Presidente,1,municipio,PR,74926,4128625,ALTO PARAÍSO,,11,11,100.00,0,11,0,11,0,3269,3269,100.00,0,3269,0,3269,0,2336,71.46,933,28.54,2336,2280,97.60,2280,2280,100.00,0,0.00,0,29,1.24,27,1.16,27,0,0,0,04/10/2026,17:32:46,04/10/2026 17:33:47,sim
1,04/10/2026,6257,Presidente,1,municipio,PR,74934,4104808,CASCAVEL,,707,707,100.00,0,707,0,707,0,239954,239954,100.00,0,239954,0,239954,0,194330,80.99,45624,19.01,194330,188488,96.99,188488,188488,100.00,0,0.00,0,2801,1.44,3041,1.56,3034,7,0,0,04/10/2026,19:26:46,04/10/2026 19:29:44,sim
1,04/10/2026,6257,Presidente,1,municipio,PR,74942,4128633,DOUTOR ULYSSES,,20,20,100.00,0,20,0,20,0,5209,5209,100.00,0,5209,0,5209,0,4089,78.50,1120,21.50,4089,3889,95.11,3889,3889,100.00,0,0.00,0,104,2.54,96,2.35,96,0,0,0,04/10/2026,18:15:39,04/10/2026 18:17:20,sim
1,04/10/2026,6257,Presidente,1,municipio,PR,74950,4104907,CASTRO,,188,188,100.00,0,188,0,188,0,55971,55971,100.00,0,55971,0,55971,0,44474,79.46,11497,20.54,44474,42298,95.11,42298,42298,100.00,0,0.00,0,1273,2.86,903,2.03,903,0,0,0,04/10/2026,18:56:10,04/10/2026 18:57:44,sim
1,04/10/2026,6257,Presidente,1,municipio,PR,74969,4128658,VIRMOND,,12,12,100.00,0,12,0,12,0,3584,3584,100.00,0,3584,0,3584,0,2914,81.31,670,18.69,2914,2841,97.49,2841,2841,100.00,0,0.00,0,33,1.13,40,1.37,40,0,0,0,04/10/2026,18:29:18,04/10/2026 18:30:51,sim
1,04/10/2026,6257,Presidente,1,municipio,PR,74977,4105003,CATANDUVAS,,27,27,100.00,0,27,0,27,0,7097,7097,100.00,0,7097,0,7097,0,5507,77.60,1590,22.40,5507,5310,96.42,5310,5310,100.00,0,0.00,0,82,1.49,115,2.09,114,1,0,0,04/10/2026,19:15:31,04/10/2026 19:16:20,sim
1,04/10/2026,6257,Presidente,1,municipio,PR,74985,4113254,LARANJAL,,18,18,100.00,0,18,0,18,0,4694,4694,100.00,0,4694,0,4694,0,3690,78.61,1004,21.39,3690,3590,97.29,3590,3590,100.00,0,0.00,0,39,1.06,61,1.65,60,1,0,0,04/10/2026,18:55:45,04/10/2026 18:56:27,sim
1,04/10/2026,6257,Presidente,1,municipio,PR,74993,4105102,CENTENÁRIO DO SUL,,32,32,100.00,0,32,0,32,0,8551,8551,100.00,0,8551,0,8551,0,6534,76.41,2017,23.59,6534,6289,96.25,6289,6289,100.00,0,0.00,0,82,1.25,163,2.49,163,0,0,0,04/10/2026,17:59:31,04/10/2026 18:00:45,sim
1,04/10/2026,6257,Presidente,1,municipio,PR,75000,4110953,ITAIPULÂNDIA,,30,30,100.00,0,30,0,30,0,9902,9902,100.00,0,9902,0,9902,0,8239,83.21,1663,16.79,8239,8068,97.92,8068,8068,100.00,0,0.00,0,78,0.95,93,1.13,92,1,0,0,04/10/2026,18:33:11,04/10/2026 18:34:04,sim
1,04/10/2026,6257,Presidente,1,municipio,PR,75019,4105201,CERRO AZUL,,48,48,100.00,0,48,0,48,0,13491,13491,100.00,0,13491,0,13491,0,10494,77.79,2997,22.21,10494,9958,94.89,9958,9958,100.00,0,0.00,0,277,2.64,259,2.47,258,1,0,0,04/10/2026,20:43:16,04/10/2026 20:44:17,sim
1,04/10/2026,6257,Presidente,1,municipio,PR,75027,4116950,NOVA ESPERANÇA DO SUDOESTE,,16,16,100.00,0,16,0,16,0,5165,5165,100.00,0,5165,0,5165,0,4335,83.93,830,16.07,4335,4219,97.32,4219,4219,100.00,0,0.00,0,67,1.55,49,1.13,49,0,0,0,04/10/2026,19:08:13,04/10/2026 19:09:23,sim
1,04/10/2026,6257,Presidente,1,municipio,PR,75035,4105409,CHOPINZINHO,,53,53,100.00,0,53,0,53,0,16864,16864,100.00,0,16864,0,16864,0,13477,79.92,3387,20.08,13477,13029,96.68,13029,13029,100.00,0,0.00,0,206,1.53,242,1.80,242,0,0,0,04/10/2026,18:41:01,04/10/2026 18:43:22,sim
1,04/10/2026,6257,Presidente,1,municipio,PR,75043,4119152,PINHAIS,,280,280,100.00,0,280,0,280,0,99265,99265,100.00,0,99265,0,99265,0,79507,80.10,19758,19.90,79507,76420,96.12,76420,76420,100.00,0,0.00,0,1584,1.99,1503,1.89,1499,4,0,0,04/10/2026,19:12:35,04/10/2026 19:13:36,sim
1,04/10/2026,6257,Presidente,1,municipio,PR,75051,4105508,CIANORTE,,189,189,100.00,0,189,0,189,0,58478,58478,100.00,0,58478,0,58478,0,45860,78.42,12618,21.58,45860,44411,96.84,44411,44411,100.00,0,0.00,0,717,1.56,732,1.60,728,4,0,0,04/10/2026,18:48:39,04/10/2026 18:51:31,sim
1,04/10/2026,6257,Presidente,1,municipio,PR,75060,4126272,SAUDADE DO IGUAÇU,,16,16,100.00,0,16,0,16,0,5302,5302,100.00,0,5302,0,5302,0,4043,76.25,1259,23.75,4043,3934,97.30,3934,3934,100.00,0,0.00,0,47,1.16,62,1.53,62,0,0,0,04/10/2026,18:14:39,04/10/2026 18:16:15,sim
1,04/10/2026,6257,Presidente,1,municipio,PR,75078,4105607,CIDADE GAÚCHA,,32,32,100.00,0,32,0,32,0,8899,8899,100.00,0,8899,0,8899,0,6816,76.59,2083,23.41,6816,6611,96.99,6611,6611,100.00,0,0.00,0,79,1.16,126,1.85,125,1,0,0,04/10/2026,21:11:08,04/10/2026 21:12:06,sim
1,04/10/2026,6257,Presidente,1,municipio,PR,75086,4101853,ARIRANHA DO IVAÍ,,8,8,100.00,0,8,0,8,0,2527,2527,100.00,0,2527,0,2527,0,2024,80.09,503,19.91,2024,1958,96.74,1958,1958,100.00,0,0.00,0,27,1.33,39,1.93,39,0,0,0,04/10/2026,18:57:57,04/10/2026 18:59:17,sim
1,04/10/2026,6257,Presidente,1,municipio,PR,75094,4105706,CLEVELÂNDIA,,50,50,100.00,0,50,0,50,0,13247,13247,100.00,0,13247,0,13247,0,10109,76.31,3138,23.69,10109,9792,96.86,9792,9792,100.00,0,0.00,0,132,1.31,185,1.83,185,0,0,0,04/10/2026,17:53:36,04/10/2026 17:54:35,sim
1,04/10/2026,6257,Presidente,1,municipio,PR,75108,4101655,ARAPUÃ,,13,13,100.00,0,13,0,13,0,3263,3263,100.00,0,3263,0,3263,0,2734,83.79,529,16.21,2734,2651,96.96,2651,2651,100.00,0,0.00,0,28,1.02,55,2.01,55,0,0,0,04/10/2026,19:14:34,04/10/2026 19:15:26,sim
1,04/10/2026,6257,Presidente,1,municipio,PR,75116,4114401,MANGUEIRINHA,,47,47,100.00,0,47,0,47,0,13764,13764,100.00,0,13764,0,13764,0,10802,78.48,2962,21.52,10802,10479,97.01,10479,10479,100.00,0,0.00,0,142,1.31,181,1.68,181,0,0,0,04/10/2026,18:32:37,04/10/2026 18:34:05,sim
1,04/10/2026,6257,Presidente,1,municipio,PR,75124,4102752,BELA VISTA DA CAROBA,,9,9,100.00,0,9,0,9,0,2988,2988,100.00,0,2988,0,2988,0,2483,83.10,505,16.90,2483,2407,96.94,2407,2407,100.00,0,0.00,0,33,1.33,43,1.73,43,0,0,0,04/10/2026,18:49:47,04/10/2026 18:54:49,sim
1,04/10/2026,6257,Presidente,1,municipio,PR,75132,4105805,COLOMBO,,486,486,100.00,0,486,0,486,0,161954,161954,100.00,0,161954,0,161954,0,129119,79.73,32835,20.27,129119,123040,95.29,123040,123040,100.00,0,0.00,0,3283,2.54,2796,2.17,2790,6,0,0,04/10/2026,19:20:57,04/10/2026 19:22:18,sim
1,04/10/2026,6257,Presidente,1,municipio,PR,75140,4103040,BOA VENTURA DE SÃO ROQUE,,22,22,100.00,0,22,0,22,0,5080,5080,100.00,0,5080,0,5080,0,4184,82.36,896,17.64,4184,4051,96.82,4051,4051,100.00,0,0.00,0,60,1.43,73,1.74,73,0,0,0,04/10/2026,19:25:26,04/10/2026 19:29:01,sim
1,04/10/2026,6257,Presidente,1,municipio,PR,75159,4105904,COLORADO,,59,59,100.00,0,59,0,59,0,17627,17627,100.00,0,17627,0,17627,0,13943,79.10,3684,20.90,13943,13343,95.70,13343,13343,100.00,0,0.00,0,248,1.78,352,2.52,351,1,0,0,04/10/2026,18:44:06,04/10/2026 18:45:18,sim
1,04/10/2026,6257,Presidente,1,municipio,PR,75167,4103156,BOM JESUS DO SUL,,14,14,100.00,0,14,0,14,0,3699,3699,100.00,0,3699,0,3699,0,3069,82.97,630,17.03,3069,2990,97.43,2990,2990,100.00,0,0.00,0,26,0.85,53,1.73,53,0,0,0,04/10/2026,18:32:58,04/10/2026 18:34:04,sim
1,04/10/2026,6257,Presidente,1,municipio,PR,75175,4106001,CONGONHINHAS,,21,21,100.00,0,21,0,21,0,6609,6609,100.00,0,6609,0,6609,0,4934,74.66,1675,25.34,4934,4760,96.47,4760,4760,100.00,0,0.00,0,63,1.28,111,2.25,111,0,0,0,04/10/2026,18:27:22,04/10/2026 18:28:31,sim
1,04/10/2026,6257,Presidente,1,municipio,PR,75183,4103958,CAMPINA DO SIMÃO,,14,14,100.00,0,14,0,14,0,3735,3735,100.00,0,3735,0,3735,0,2942,78.77,793,21.23,2942,2791,94.87,2791,2791,100.00,0,0.00,0,80,2.72,71,2.41,71,0,0,0,04/10/2026,18:44:19,04/10/2026 18:45:18,sim
1,04/10/2026,6257,Presidente,1,municipio,PR,75191,4106100,CONSELHEIRO MAIRINCK,,10,10,100.00,0,10,0,10,0,3221,3221,100.00,0,3221,0,3221,0,2469,76.65,752,23.35,2469,2368,95.91,2368,2368,100.00,0,0.00,0,39,1.58,62,2.51,62,0,0,0,04/10/2026,20:50:26,04/10/2026 20:51:41,sim
1,04/10/2026,6257,Presidente,1,municipio,PR,75205,4104253,CAMPO MAGRO,,66,66,100.00,0,66,0,66,0,21484,21484,100.00,0,21484,0,21484,0,17157,79.86,4327,20.14,17157,16370,95.41,16370,16370,100.00,0,0.00,0,400,2.33,387,2.26,386,1,0,0,04/10/2026,19:15:33,04/10/2026 19:16:19,sim
1,04/10/2026,6257,Presidente,1,municipio,PR,75213,4106209,CONTENDA,,42,42,100.00,0,42,0,42,0,13638,13638,100.00,0,13638,0,13638,0,11203,82.15,2435,17.85,11203,10651,95.07,10651,10651,100.00,0,0.00,0,331,2.95,221,1.97,219,2,0,0,04/10/2026,18:55:55,04/10/2026 18:57:44,sim
1,04/10/2026,6257,Presidente,1,municipio,PR,75221,4104659,CARAMBEÍ,,51,51,100.00,0,51,0,51,0,17446,17446,100.00,0,17446,0,17446,0,14314,82.05,3132,17.95,14314,13670,95.50,13670,13670,100.00,0,0.00,0,329,2.30,315,2.20,314,1,0,0,04/10/2026,18:30:54,04/10/2026 18:32:30,sim
1,04/10/2026,6257,Presidente,1,municipio,PR,75230,4106308,CORBÉLIA,,45,45,100.00,0,45,0,45,0,13858,13858,100.00,0,13858,0,13858,0,11380,82.12,2478,17.88,11380,11081,97.37,11081,11081,100.00,0,0.00,0,160,1.41,139,1.22,139,0,0,0,04/10/2026,19:12:59,04/10/2026 19:13:35,sim
1,04/10/2026,6257,Presidente,1,municipio,PR,75248,4106456,CORONEL DOMINGOS SOARES,,18,18,100.00,0,18,0,18,0,5280,5280,100.00,0,5280,0,5280,0,4052,76.74,1228,23.26,4052,3934,97.09,3934,3934,100.00,0,0.00,0,55,1.36,63,1.55,63,0,0,0,04/10/2026,19:29:43,04/10/2026 19:30:47,sim
1,04/10/2026,6257,Presidente,1,municipio,PR,75256,4106407,CORNÉLIO PROCÓPIO,,121,121,100.00,0,121,0,121,0,35102,35102,100.00,0,35102,0,35102,0,26949,76.77,8153,23.23,26949,25953,96.30,25953,25953,100.00,0,0.00,0,448,1.66,548,2.03,545,3,0,0,04/10/2026,19:00:44,04/10/2026 19:01:44,sim
1,04/10/2026,6257,Presidente,1,municipio,PR,75264,4106852,CRUZMALTINA,,11,11,100.00,0,11,0,11,0,2730,2730,100.00,0,2730,0,2730,0,2172,79.56,558,20.44,2172,2101,96.73,2101,2101,100.00,0,0.00,0,26,1.20,45,2.07,45,0,0,0,04/10/2026,18:14:12,04/10/2026 18:15:25,sim
1,04/10/2026,6257,Presidente,1,municipio,PR,75272,4106506,CORONEL VIVIDA,,59,59,100.00,0,59,0,59,0,17708,17708,100.00,0,17708,0,17708,0,14440,81.55,3268,18.45,14440,13946,96.58,13946,13946,100.00,0,0.00,0,245,1.70,249,1.72,249,0,0,0,04/10/2026,19:00:56,04/10/2026 19:01:45,sim
1,04/10/2026,6257,Presidente,1,municipio,PR,75280,4106555,CORUMBATAÍ DO SUL,,12,12,100.00,0,12,0,12,0,3757,3757,100.00,0,3757,0,3757,0,2871,76.42,886,23.58,2871,2753,95.89,2753,2753,100.00,0,0.00,0,51,1.78,67,2.33,67,0,0,0,04/10/2026,22:33:20,04/10/2026 22:34:17,sim
1,04/10/2026,6257,Presidente,1,municipio,PR,75299,4106605,CRUZEIRO DO OESTE,,56,56,100.00,0,56,0,56,0,16510,16510,100.00,0,16510,0,16510,0,12582,76.21,3928,23.79,12582,12154,96.60,12154,12154,100.00,0,0.00,0,187,1.49,241,1.92,241,0,0,0,04/10/2026,20:49:05,04/10/2026 20:50:03,sim
1,04/10/2026,6257,Presidente,1,municipio,PR,75302,4107520,ESPERANÇA NOVA,,7,7,100.00,0,7,0,7,0,2112,2112,100.00,0,2112,0,2112,0,1598,75.66,514,24.34,1598,1565,97.93,1565,1565,100.00,0,0.00,0,19,1.19,14,0.88,14,0,0,0,04/10/2026,18:19:51,04/10/2026 18:20:36,sim
1,04/10/2026,6257,Presidente,1,municipio,PR,75310,4106704,CRUZEIRO DO SUL,,12,12,100.00,0,12,0,12,0,3922,3922,100.00,0,3922,0,3922,0,3022,77.05,900,22.95,3022,2913,96.39,2913,2913,100.00,0,0.00,0,41,1.36,68,2.25,68,0,0,0,04/10/2026,18:32:37,04/10/2026 18:34:04,sim
1,04/10/2026,6257,Presidente,1,municipio,PR,75329,4107546,ESPIGÃO ALTO DO IGUAÇU,,16,16,100.00,0,16,0,16,0,4416,4416,100.00,0,4416,0,4416,0,3425,77.56,991,22.44,3425,3333,97.31,3333,3333,100.00,0,0.00,0,42,1.23,50,1.46,50,0,0,0,04/10/2026,18:44:09,04/10/2026 18:45:18,sim
1,04/10/2026,6257,Presidente,1,municipio,PR,75337,4106803,CRUZ MACHADO,,50,50,100.00,0,50,0,50,0,13735,13735,100.00,0,13735,0,13735,0,11224,81.72,2511,18.28,11224,10654,94.92,10654,10654,100.00,0,0.00,0,277,2.47,293,2.61,291,2,0,0,04/10/2026,19:24:15,04/10/2026 19:25:23,sim
1,04/10/2026,6257,Presidente,1,municipio,PR,75345,4107736,FERNANDES PINHEIRO,,20,20,100.00,0,20,0,20,0,5554,5554,100.00,0,5554,0,5554,0,4504,81.09,1050,18.91,4504,4309,95.67,4309,4309,100.00,0,0.00,0,91,2.02,104,2.31,103,1,0,0,04/10/2026,20:07:10,04/10/2026 20:07:52,sim
1,04/10/2026,6257,Presidente,1,municipio,PR,75353,4106902,CURITIBA,,4056,4056,100.00,0,4056,0,4056,0,1415148,1415148,100.00,0,1415148,0,1415148,0,1136092,80.28,279056,19.72,1136092,1093434,96.25,1093434,1093434,100.00,0,0.00,0,19244,1.69,23414,2.06,23378,36,0,0,04/10/2026,19:04:12,04/10/2026 19:05:07,sim
1,04/10/2026,6257,Presidente,1,municipio,PR,75361,4108452,FOZ DO JORDÃO,,16,16,100.00,0,16,0,16,0,4360,4360,100.00,0,4360,0,4360,0,3317,76.08,1043,23.92,3317,3209,96.74,3209,3209,100.00,0,0.00,0,41,1.24,67,2.02,67,0,0,0,04/10/2026,18:10:06,04/10/2026 18:11:17,sim
1,04/10/2026,6257,Presidente,1,municipio,PR,75370,4107009,CURIÚVA,,35,35,100.00,0,35,0,35,0,10807,10807,100.00,0,10807,0,10807,0,7971,73.76,2836,26.24,7971,7559,94.83,7559,7559,100.00,0,0.00,0,196,2.46,216,2.71,216,0,0,0,04/10/2026,17:50:20,04/10/2026 17:51:39,sim
1,04/10/2026,6257,Presidente,1,municipio,PR,75388,4108650,GOIOXIM,,20,20,100.00,0,20,0,20,0,5428,5428,100.00,0,5428,0,5428,0,4222,77.78,1206,22.22,4222,4085,96.76,4085,4085,100.00,0,0.00,0,61,1.44,76,1.80,76,0,0,0,04/10/2026,19:14:46,04/10/2026 19:16:19,sim
1,04/10/2026,6257,Presidente,1,municipio,PR,75396,4107108,DIAMANTE DO NORTE,,13,13,100.00,0,13,0,13,0,4379,4379,100.00,0,4379,0,4379,0,3358,76.68,1021,23.32,3358,3255,96.93,3255,3255,100.00,0,0.00,0,43,1.28,60,1.79,60,0,0,0,04/10/2026,20:08:10,04/10/2026 20:10:57,sim
1,04/10/2026,6257,Presidente,1,municipio,PR,75400,4107157,DIAMANTE D'OESTE,,17,17,100.00,0,17,0,17,0,3758,3758,100.00,0,3758,0,3758,0,3038,80.84,720,19.16,3038,2955,97.27,2955,2955,100.00,0,0.00,0,36,1.18,47,1.55,47,0,0,0,04/10/2026,19:18:01,04/10/2026 19:21:04,sim
1,04/10/2026,6257,Presidente,1,municipio,PR,75418,4107207,DOIS VIZINHOS,,104,104,100.00,0,104,0,104,0,33146,33146,100.00,0,33146,0,33146,0,27530,83.06,5616,16.94,27530,26747,97.16,26747,26747,100.00,0,0.00,0,399,1.45,384,1.39,382,2,0,0,04/10/2026,18:25:43,04/10/2026 18:26:58,sim
1,04/10/2026,6257,Presidente,1,municipio,PR,75426,4108957,GUAMIRANGA,,22,22,100.00,0,22,0,22,0,6603,6603,100.00,0,6603,0,6603,0,5591,84.67,1012,15.33,5591,5374,96.12,5374,5374,100.00,0,0.00,0,127,2.27,90,1.61,90,0,0,0,04/10/2026,18:32:56,04/10/2026 18:34:05,sim
1,04/10/2026,6257,Presidente,1,municipio,PR,75434,4107306,DOUTOR CAMARGO,,17,17,100.00,0,17,0,17,0,5175,5175,100.00,0,5175,0,5175,0,4166,80.50,1009,19.50,4166,4038,96.93,4038,4038,100.00,0,0.00,0,53,1.27,75,1.80,75,0,0,0,04/10/2026,18:56:02,04/10/2026 18:57:44,sim
1,04/10/2026,6257,Presidente,1,municipio,PR,75442,4110078,IMBAÚ,,29,29,100.00,0,29,0,29,0,8865,8865,100.00,0,8865,0,8865,0,7089,79.97,1776,20.03,7089,6698,94.48,6698,6698,100.00,0,0.00,0,180,2.54,211,2.98,210,1,0,0,04/10/2026,18:46:04,04/10/2026 18:47:53,sim
1,04/10/2026,6257,Presidente,1,municipio,PR,75450,4107405,ENÉAS MARQUES,,17,17,100.00,0,17,0,17,0,5490,5490,100.00,0,5490,0,5490,0,4541,82.71,949,17.29,4541,4418,97.29,4418,4418,100.00,0,0.00,0,65,1.43,58,1.28,58,0,0,0,04/10/2026,18:35:28,04/10/2026 18:37:22,sim
1,04/10/2026,6257,Presidente,1,municipio,PR,75469,4114351,MANFRINÓPOLIS,,11,11,100.00,0,11,0,11,0,3122,3122,100.00,0,3122,0,3122,0,2555,81.84,567,18.16,2555,2489,97.42,2489,2489,100.00,0,0.00,0,28,1.10,38,1.49,38,0,0,0,04/10/2026,19:04:03,04/10/2026 19:05:06,sim
1,04/10/2026,6257,Presidente,1,municipio,PR,75477,4107504,ENGENHEIRO BELTRÃO,,33,33,100.00,0,33,0,33,0,10063,10063,100.00,0,10063,0,10063,0,7894,78.45,2169,21.55,7894,7632,96.68,7632,7632,100.00,0,0.00,0,111,1.41,151,1.91,151,0,0,0,04/10/2026,18:38:34,04/10/2026 18:39:52,sim
1,04/10/2026,6257,Presidente,1,municipio,PR,75485,4115457,MARQUINHO,,16,16,100.00,0,16,0,16,0,3876,3876,100.00,0,3876,0,3876,0,3071,79.23,805,20.77,3071,2970,96.71,2970,2970,100.00,0,0.00,0,46,1.50,55,1.79,55,0,0,0,04/10/2026,18:37:48,04/10/2026 18:39:19,sim
1,04/10/2026,6257,Presidente,1,municipio,PR,75493,4107603,FAXINAL,,45,45,100.00,0,45,0,45,0,12177,12177,100.00,0,12177,0,12177,0,9681,79.50,2496,20.50,9681,9400,97.10,9400,9400,100.00,0,0.00,0,128,1.32,153,1.58,153,0,0,0,04/10/2026,18:21:19,04/10/2026 18:22:20,sim
1,04/10/2026,6257,Presidente,1,municipio,PR,75507,4118857,PEROBAL,,17,17,100.00,0,17,0,17,0,5670,5670,100.00,0,5670,0,5670,0,4490,79.19,1180,20.81,4490,4359,97.08,4359,4359,100.00,0,0.00,0,64,1.43,67,1.49,67,0,0,0,04/10/2026,20:12:47,04/10/2026 20:13:59,sim
1,04/10/2026,6257,Presidente,1,municipio,PR,75515,4107702,FÊNIX,,12,12,100.00,0,12,0,12,0,3851,3851,100.00,0,3851,0,3851,0,3045,79.07,806,20.93,3045,2921,95.93,2921,2921,100.00,0,0.00,0,40,1.31,84,2.76,83,1,0,0,04/10/2026,20:49:19,04/10/2026 20:50:03,sim
1,04/10/2026,6257,Presidente,1,municipio,PR,75523,4119954,PONTAL DO PARANÁ,,72,72,100.00,0,72,0,72,0,24938,24938,100.00,0,24938,0,24938,0,18431,73.91,6507,26.09,18431,17792,96.53,17792,17792,100.00,0,0.00,0,303,1.64,336,1.82,333,3,0,0,04/10/2026,18:54:26,04/10/2026 18:55:26,sim
1,04/10/2026,6257,Presidente,1,municipio,PR,75531,4107801,FLORAÍ,,15,15,100.00,0,15,0,15,0,4346,4346,100.00,0,4346,0,4346,0,3674,84.54,672,15.46,3674,3533,96.16,3533,3533,100.00,0,0.00,0,74,2.01,67,1.82,66,1,0,0,04/10/2026,18:42:05,04/10/2026 18:44:33,sim
1,04/10/2026,6257,Presidente,1,municipio,PR,75540,4120150,PORTO BARREIRO,,12,12,100.00,0,12,0,12,0,3139,3139,100.00,0,3139,0,3139,0,2461,78.40,678,21.60,2461,2407,97.81,2407,2407,100.00,0,0.00,0,27,1.10,27,1.10,27,0,0,0,04/10/2026,18:44:32,04/10/2026 18:45:18,sim
1,04/10/2026,6257,Presidente,1,municipio,PR,75558,4107900,FLORESTA,,24,24,100.00,0,24,0,24,0,8070,8070,100.00,0,8070,0,8070,0,6397,79.27,1673,20.73,6397,6214,97.14,6214,6214,100.00,0,0.00,0,69,1.08,114,1.78,114,0,0,0,04/10/2026,19:03:37,04/10/2026 19:04:40,sim
1,04/10/2026,6257,Presidente,1,municipio,PR,75566,4120333,PRADO FERREIRA,,10,10,100.00,0,10,0,10,0,3188,3188,100.00,0,3188,0,3188,0,2604,81.68,584,18.32,2604,2527,97.04,2527,2527,100.00,0,0.00,0,34,1.31,43,1.65,43,0,0,0,04/10/2026,18:57:24,04/10/2026 18:58:15,sim
1,04/10/2026,6257,Presidente,1,municipio,PR,75574,4108007,FLORESTÓPOLIS,,34,34,100.00,0,34,0,34,0,9394,9394,100.00,0,9394,0,9394,0,7649,81.42,1745,18.58,7649,7398,96.72,7398,7398,100.00,0,0.00,0,132,1.73,119,1.56,119,0,0,0,04/10/2026,18:46:09,04/10/2026 18:47:53,sim
1,04/10/2026,6257,Presidente,1,municipio,PR,75582,4120655,QUARTO CENTENÁRIO,,13,13,100.00,0,13,0,13,0,3470,3470,100.00,0,3470,0,3470,0,2841,81.87,629,18.13,2841,2766,97.36,2766,2766,100.00,0,0.00,0,32,1.13,43,1.51,43,0,0,0,04/10/2026,18:47:13,04/10/2026 18:48:53,sim
1,04/10/2026,6257,Presidente,1,municipio,PR,75590,4108106,FLÓRIDA,,9,9,100.00,0,9,0,9,0,2410,2410,100.00,0,2410,0,2410,0,2002,83.07,408,16.93,2002,1933,96.55,1933,1933,100.00,0,0.00,0,35,1.75,34,1.70,34,0,0,0,04/10/2026,18:13:59,04/10/2026 18:15:08,sim
1,04/10/2026,6257,Presidente,1,municipio,PR,75604,4121752,RESERVA DO IGUAÇU,,19,19,100.00,0,19,0,19,0,5460,5460,100.00,0,5460,0,5460,0,4162,76.23,1298,23.77,4162,4006,96.25,4006,4006,100.00,0,0.00,0,59,1.42,97,2.33,97,0,0,0,04/10/2026,19:10:32,04/10/2026 19:11:27,sim
1,04/10/2026,6257,Presidente,1,municipio,PR,75612,4108205,FORMOSA DO OESTE,,21,21,100.00,0,21,0,21,0,6080,6080,100.00,0,6080,0,6080,0,4763,78.34,1317,21.66,4763,4559,95.72,4559,4559,100.00,0,0.00,0,78,1.64,126,2.65,126,0,0,0,04/10/2026,18:38:07,04/10/2026 18:39:18,sim
1,04/10/2026,6257,Presidente,1,municipio,PR,75620,4122172,RIO BRANCO DO IVAÍ,,13,13,100.00,0,13,0,13,0,3520,3520,100.00,0,3520,0,3520,0,2677,76.05,843,23.95,2677,2571,96.04,2571,2571,100.00,0,0.00,0,32,1.20,74,2.76,74,0,0,0,04/10/2026,19:08:24,04/10/2026 19:09:23,sim
1,04/10/2026,6257,Presidente,1,municipio,PR,75639,4108304,FOZ DO IGUAÇU,,626,626,100.00,0,626,0,626,0,209121,209121,100.00,0,209121,0,209121,0,165077,78.94,44044,21.06,165077,160136,97.01,160136,160136,100.00,0,0.00,0,2343,1.42,2598,1.57,2593,5,0,0,04/10/2026,18:45:06,04/10/2026 18:46:40,sim
1,04/10/2026,6257,Presidente,1,municipio,PR,75647,4126355,SERRANÓPOLIS DO IGUAÇU,,17,17,100.00,0,17,0,17,0,4396,4396,100.00,0,4396,0,4396,0,3730,84.85,666,15.15,3730,3651,97.88,3651,3651,100.00,0,0.00,0,34,0.91,45,1.21,45,0,0,0,04/10/2026,18:14:11,04/10/2026 18:15:25,sim
1,04/10/2026,6257,Presidente,1,municipio,PR,75655,4108403,FRANCISCO BELTRÃO,,217,217,100.00,0,217,0,217,0,66806,66806,100.00,0,66806,0,66806,0,55715,83.40,11091,16.60,55715,54033,96.98,54033,54033,100.00,0,0.00,0,847,1.52,835,1.50,834,1,0,0,04/10/2026,18:43:18,04/10/2026 18:44:54,sim
1,04/10/2026,6257,Presidente,1,municipio,PR,75663,4126678,TAMARANA,,29,29,100.00,0,29,0,29,0,9024,9024,100.00,0,9024,0,9024,0,6765,74.97,2259,25.03,6765,6545,96.75,6545,6545,100.00,0,0.00,0,104,1.54,116,1.71,116,0,0,0,04/10/2026,20:52:43,04/10/2026 20:54:01,sim
1,04/10/2026,6257,Presidente,1,municipio,PR,75671,4108502,GENERAL CARNEIRO,,32,32,100.00,0,32,0,32,0,8667,8667,100.00,0,8667,0,8667,0,6763,78.03,1904,21.97,6763,6495,96.04,6495,6495,100.00,0,0.00,0,149,2.20,119,1.76,119,0,0,0,04/10/2026,20:36:09,04/10/2026 20:37:17,sim
1,04/10/2026,6257,Presidente,1,municipio,PR,75698,4108601,GOIOERÊ,,72,72,100.00,0,72,0,72,0,21161,21161,100.00,0,21161,0,21161,0,16694,78.89,4467,21.11,16694,16178,96.91,16178,16178,100.00,0,0.00,0,266,1.59,250,1.50,250,0,0,0,04/10/2026,19:01:47,04/10/2026 19:02:56,sim
1,04/10/2026,6257,Presidente,1,municipio,PR,75710,4108809,GUAÍRA,,82,82,100.00,0,82,0,82,0,23809,23809,100.00,0,23809,0,23809,0,18348,77.06,5461,22.94,18348,17829,97.17,17829,17829,100.00,0,0.00,0,265,1.44,254,1.38,254,0,0,0,04/10/2026,18:11:29,04/10/2026 18:12:48,sim
1,04/10/2026,6257,Presidente,1,municipio,PR,75736,4108908,GUAIRAÇÁ,,17,17,100.00,0,17,0,17,0,5399,5399,100.00,0,5399,0,5399,0,4147,76.81,1252,23.19,4147,4006,96.60,4006,4006,100.00,0,0.00,0,61,1.47,80,1.93,80,0,0,0,04/10/2026,18:58:54,04/10/2026 18:59:35,sim
1,04/10/2026,6257,Presidente,1,municipio,PR,75744,4122651,ROSÁRIO DO IVAÍ,,18,18,100.00,0,18,0,18,0,4714,4714,100.00,0,4714,0,4714,0,3859,81.86,855,18.14,3859,3743,96.99,3743,3743,100.00,0,0.00,0,49,1.27,67,1.74,67,0,0,0,04/10/2026,18:23:35,04/10/2026 18:25:06,sim
1,04/10/2026,6257,Presidente,1,municipio,PR,75752,4109005,GUAPIRAMA,,12,12,100.00,0,12,0,12,0,4064,4064,100.00,0,4064,0,4064,0,3125,76.89,939,23.11,3125,2983,95.46,2983,2983,100.00,0,0.00,0,60,1.92,82,2.62,82,0,0,0,04/10/2026,19:18:24,04/10/2026 19:21:05,sim
1,04/10/2026,6257,Presidente,1,municipio,PR,75760,4117271,NOVA TEBAS,,24,24,100.00,0,24,0,24,0,6025,6025,100.00,0,6025,0,6025,0,4857,80.61,1168,19.39,4857,4681,96.38,4681,4681,100.00,0,0.00,0,67,1.38,109,2.24,109,0,0,0,04/10/2026,18:13:51,04/10/2026 18:15:09,sim
1,04/10/2026,6257,Presidente,1,municipio,PR,75779,4109104,GUAPOREMA,,6,6,100.00,0,6,0,6,0,1979,1979,100.00,0,1979,0,1979,0,1518,76.71,461,23.29,1518,1473,97.04,1473,1473,100.00,0,0.00,0,21,1.38,24,1.58,24,0,0,0,04/10/2026,20:56:56,04/10/2026 20:57:54,sim
1,04/10/2026,6257,Presidente,1,municipio,PR,75787,4126652,SULINA,,10,10,100.00,0,10,0,10,0,2942,2942,100.00,0,2942,0,2942,0,2403,81.68,539,18.32,2403,2314,96.30,2314,2314,100.00,0,0.00,0,34,1.41,55,2.29,55,0,0,0,04/10/2026,18:22:50,04/10/2026 18:24:03,sim
1,04/10/2026,6257,Presidente,1,municipio,PR,75795,4109203,GUARACI,,15,15,100.00,0,15,0,15,0,4224,4224,100.00,0,4224,0,4224,0,3363,79.62,861,20.38,3363,3283,97.62,3283,3283,100.00,0,0.00,0,36,1.07,44,1.31,44,0,0,0,04/10/2026,18:26:19,04/10/2026 18:27:22,sim
1,04/10/2026,6257,Presidente,1,municipio,PR,75809,4113734,LUIZIANA,,19,19,100.00,0,19,0,19,0,5953,5953,100.00,0,5953,0,5953,0,4672,78.48,1281,21.52,4672,4500,96.32,4500,4500,100.00,0,0.00,0,84,1.80,88,1.88,88,0,0,0,04/10/2026,18:34:02,04/10/2026 18:35:24,sim
1,04/10/2026,6257,Presidente,1,municipio,PR,75817,4109302,GUARANIAÇU,,44,44,100.00,0,44,0,44,0,11100,11100,100.00,0,11100,0,11100,0,8592,77.41,2508,22.59,8592,8373,97.45,8373,8373,100.00,0,0.00,0,91,1.06,128,1.49,128,0,0,0,04/10/2026,18:59:46,04/10/2026 19:00:48,sim
1,04/10/2026,6257,Presidente,1,municipio,PR,75833,4109401,GUARAPUAVA,,438,438,100.00,0,438,0,438,0,133846,133846,100.00,0,133846,0,133846,0,107679,80.45,26167,19.55,107679,103362,95.99,103362,103362,100.00,0,0.00,0,2185,2.03,2132,1.98,2128,4,0,0,04/10/2026,19:17:14,04/10/2026 19:21:04,sim
1,04/10/2026,6257,Presidente,1,municipio,PR,75850,4109500,GUARAQUEÇABA,,29,29,100.00,0,29,0,29,0,7430,7430,100.00,0,7430,0,7430,0,5377,72.37,2053,27.63,5377,5218,97.04,5218,5218,100.00,0,0.00,0,71,1.32,88,1.64,88,0,0,0,04/10/2026,19:09:16,04/10/2026 19:10:33,sim
1,04/10/2026,6257,Presidente,1,municipio,PR,75876,4109609,GUARATUBA,,95,95,100.00,0,95,0,95,0,32489,32489,100.00,0,32489,0,32489,0,24109,74.21,8380,25.79,24109,23373,96.95,23373,23373,100.00,0,0.00,0,343,1.42,393,1.63,391,2,0,0,04/10/2026,18:36:59,04/10/2026 18:38:13,sim
1,04/10/2026,6257,Presidente,1,municipio,PR,75892,4109708,IBAITI,,74,74,100.00,0,74,0,74,0,21627,21627,100.00,0,21627,0,21627,0,16410,75.88,5217,24.12,16410,15729,95.85,15729,15729,100.00,0,0.00,0,335,2.04,346,2.11,346,0,0,0,04/10/2026,19:05:58,04/10/2026 19:07:19,sim
1,04/10/2026,6257,Presidente,1,municipio,PR,75914,4109807,IBIPORÃ,,119,119,100.00,0,119,0,119,0,39987,39987,100.00,0,39987,0,39987,0,30302,75.78,9685,24.22,30302,28952,95.54,28952,28952,100.00,0,0.00,0,648,2.14,702,2.32,699,3,0,0,04/10/2026,19:04:55,04/10/2026 19:07:20,sim
1,04/10/2026,6257,Presidente,1,municipio,PR,75930,4109906,ICARAÍMA,,24,24,100.00,0,24,0,24,0,7070,7070,100.00,0,7070,0,7070,0,5465,77.30,1605,22.70,5465,5314,97.24,5314,5314,100.00,0,0.00,0,82,1.50,69,1.26,69,0,0,0,04/10/2026,18:39:10,04/10/2026 18:41:17,sim
1,04/10/2026,6257,Presidente,1,municipio,PR,75957,4110003,IGUARAÇU,,12,12,100.00,0,12,0,12,0,4057,4057,100.00,0,4057,0,4057,0,3246,80.01,811,19.99,3246,3157,97.26,3157,3157,100.00,0,0.00,0,37,1.14,52,1.60,52,0,0,0,04/10/2026,19:02:10,04/10/2026 19:02:55,sim
1,04/10/2026,6257,Presidente,1,municipio,PR,75973,4110102,IMBITUVA,,76,76,100.00,0,76,0,76,0,23461,23461,100.00,0,23461,0,23461,0,19338,82.43,4123,17.57,19338,18528,95.81,18528,18528,100.00,0,0.00,0,458,2.37,352,1.82,351,1,0,0,04/10/2026,18:44:19,04/10/2026 18:45:18,sim
1,04/10/2026,6257,Presidente,1,municipio,PR,75990,4110201,INÁCIO MARTINS,,31,31,100.00,0,31,0,31,0,8367,8367,100.00,0,8367,0,8367,0,6843,81.79,1524,18.21,6843,6556,95.81,6556,6556,100.00,0,0.00,0,126,1.84,161,2.35,161,0,0,0,04/10/2026,18:48:28,04/10/2026 18:51:31,sim
1,04/10/2026,6257,Presidente,1,municipio,PR,76015,4110300,INAJÁ,,8,8,100.00,0,8,0,8,0,2546,2546,100.00,0,2546,0,2546,0,1995,78.36,551,21.64,1995,1951,97.79,1951,1951,100.00,0,0.00,0,14,0.70,30,1.50,30,0,0,0,04/10/2026,18:14:11,04/10/2026 18:15:25,sim
1,04/10/2026,6257,Presidente,1,municipio,PR,76031,4110508,IPIRANGA,,41,41,100.00,0,41,0,41,0,11267,11267,100.00,0,11267,0,11267,0,9449,83.86,1818,16.14,9449,9021,95.47,9021,9021,100.00,0,0.00,0,242,2.56,186,1.97,186,0,0,0,04/10/2026,20:54:00,04/10/2026 20:55:09,sim
1,04/10/2026,6257,Presidente,1,municipio,PR,76058,4110607,IPORÃ,,47,47,100.00,0,47,0,47,0,12170,12170,100.00,0,12170,0,12170,0,9270,76.17,2900,23.83,9270,8889,95.89,8889,8889,100.00,0,0.00,0,183,1.97,198,2.14,198,0,0,0,04/10/2026,18:18:22,04/10/2026 18:19:30,sim
1,04/10/2026,6257,Presidente,1,municipio,PR,76074,4110706,IRATI,,161,161,100.00,0,161,0,161,0,45672,45672,100.00,0,45672,0,45672,0,37334,81.74,8338,18.26,37334,35440,94.93,35440,35440,100.00,0,0.00,0,1000,2.68,894,2.39,893,1,0,0,04/10/2026,19:09:12,04/10/2026 19:09:55,sim
1,04/10/2026,6257,Presidente,1,municipio,PR,76090,4110805,IRETAMA,,26,26,100.00,0,26,0,26,0,7961,7961,100.00,0,7961,0,7961,0,5963,74.90,1998,25.10,5963,5710,95.76,5710,5710,100.00,0,0.00,0,107,1.79,146,2.45,146,0,0,0,04/10/2026,18:45:21,04/10/2026 18:47:52,sim
1,04/10/2026,6257,Presidente,1,municipio,PR,76112,4110904,ITAGUAJÉ,,11,11,100.00,0,11,0,11,0,3512,3512,100.00,0,3512,0,3512,0,2823,80.38,689,19.62,2823,2752,97.48,2752,2752,100.00,0,0.00,0,21,0.74,50,1.77,50,0,0,0,04/10/2026,19:18:52,04/10/2026 19:21:04,sim
1,04/10/2026,6257,Presidente,1,municipio,PR,76139,4111001,ITAMBARACÁ,,16,16,100.00,0,16,0,16,0,5267,5267,100.00,0,5267,0,5267,0,3965,75.28,1302,24.72,3965,3820,96.34,3820,3820,100.00,0,0.00,0,60,1.51,85,2.14,85,0,0,0,04/10/2026,18:55:24,04/10/2026 18:56:28,sim
1,04/10/2026,6257,Presidente,1,municipio,PR,76155,4111100,ITAMBÉ,,18,18,100.00,0,18,0,18,0,5052,5052,100.00,0,5052,0,5052,0,4241,83.95,811,16.05,4241,4121,97.17,4121,4121,100.00,0,0.00,0,54,1.27,66,1.56,66,0,0,0,04/10/2026,19:02:51,04/10/2026 19:04:22,sim
1,04/10/2026,6257,Presidente,1,municipio,PR,76171,4111209,ITAPEJARA D'OESTE,,28,28,100.00,0,28,0,28,0,9159,9159,100.00,0,9159,0,9159,0,7521,82.12,1638,17.88,7521,7251,96.41,7251,7251,100.00,0,0.00,0,130,1.73,140,1.86,140,0,0,0,04/10/2026,18:58:22,04/10/2026 18:59:17,sim
1,04/10/2026,6257,Presidente,1,municipio,PR,76198,4111308,ITAÚNA DO SUL,,10,10,100.00,0,10,0,10,0,2788,2788,100.00,0,2788,0,2788,0,2109,75.65,679,24.35,2109,2046,97.01,2046,2046,100.00,0,0.00,0,23,1.09,40,1.90,40,0,0,0,04/10/2026,17:43:28,04/10/2026 17:44:59,sim
1,04/10/2026,6257,Presidente,1,municipio,PR,76210,4111407,IVAÍ,,37,37,100.00,0,37,0,37,0,10656,10656,100.00,0,10656,0,10656,0,8953,84.02,1703,15.98,8953,8614,96.21,8614,8614,100.00,0,0.00,0,158,1.76,181,2.02,181,0,0,0,04/10/2026,19:04:13,04/10/2026 19:05:07,sim
1,04/10/2026,6257,Presidente,1,municipio,PR,76236,4111506,IVAIPORÃ,,82,82,100.00,0,82,0,82,0,24012,24012,100.00,0,24012,0,24012,0,19485,81.15,4527,18.85,19485,18776,96.36,18776,18776,100.00,0,0.00,0,350,1.80,359,1.84,359,0,0,0,04/10/2026,22:40:11,04/10/2026 22:41:06,sim
1,04/10/2026,6257,Presidente,1,municipio,PR,76252,4111605,IVATUBA,,12,12,100.00,0,12,0,12,0,3152,3152,100.00,0,3152,0,3152,0,2356,74.75,796,25.25,2356,2283,96.90,2283,2283,100.00,0,0.00,0,30,1.27,43,1.83,43,0,0,0,04/10/2026,18:41:40,04/10/2026 18:43:22,sim
1,04/10/2026,6257,Presidente,1,municipio,PR,76279,4111704,JABOTI,,15,15,100.00,0,15,0,15,0,4523,4523,100.00,0,4523,0,4523,0,3655,80.81,868,19.19,3655,3505,95.90,3505,3505,100.00,0,0.00,0,69,1.89,81,2.22,81,0,0,0,04/10/2026,19:14:26,04/10/2026 19:15:26,sim
1,04/10/2026,6257,Presidente,1,municipio,PR,76295,4111803,JACAREZINHO,,102,102,100.00,0,102,0,102,0,29711,29711,100.00,0,29711,0,29711,0,22752,76.58,6959,23.42,22752,21765,95.66,21765,21765,100.00,0,0.00,0,494,2.17,493,2.17,491,2,0,0,04/10/2026,19:18:46,04/10/2026 19:21:04,sim
1,04/10/2026,6257,Presidente,1,municipio,PR,76317,4111902,JAGUAPITÃ,,33,33,100.00,0,33,0,33,0,11056,11056,100.00,0,11056,0,11056,0,8207,74.23,2849,25.77,8207,7873,95.93,7873,7873,100.00,0,0.00,0,158,1.93,176,2.14,176,0,0,0,04/10/2026,18:49:33,04/10/2026 18:54:48,sim
1,04/10/2026,6257,Presidente,1,municipio,PR,76333,4112009,JAGUARIAÍVA,,85,85,100.00,0,85,0,85,0,25982,25982,100.00,0,25982,0,25982,0,20088,77.32,5894,22.68,20088,19374,96.45,19374,19374,100.00,0,0.00,0,417,2.08,297,1.48,297,0,0,0,04/10/2026,19:17:26,04/10/2026 19:21:04,sim
1,04/10/2026,6257,Presidente,1,municipio,PR,76350,4112108,JANDAIA DO SUL,,56,56,100.00,0,56,0,56,0,16534,16534,100.00,0,16534,0,16534,0,13213,79.91,3321,20.09,13213,12751,96.50,12751,12751,100.00,0,0.00,0,212,1.60,250,1.89,250,0,0,0,04/10/2026,18:36:01,04/10/2026 18:37:57,sim
1,04/10/2026,6257,Presidente,1,municipio,PR,76376,4112207,JANIÓPOLIS,,16,16,100.00,0,16,0,16,0,4944,4944,100.00,0,4944,0,4944,0,3817,77.20,1127,22.80,3817,3668,96.10,3668,3668,100.00,0,0.00,0,68,1.78,81,2.12,81,0,0,0,04/10/2026,18:48:42,04/10/2026 18:51:31,sim
1,04/10/2026,6257,Presidente,1,municipio,PR,76392,4112306,JAPIRA,,14,14,100.00,0,14,0,14,0,3943,3943,100.00,0,3943,0,3943,0,3048,77.30,895,22.70,3048,2932,96.19,2932,2932,100.00,0,0.00,0,53,1.74,63,2.07,62,1,0,0,04/10/2026,19:15:00,04/10/2026 19:16:19,sim
1,04/10/2026,6257,Presidente,1,municipio,PR,76414,4112405,JAPURÁ,,25,25,100.00,0,25,0,25,0,7452,7452,100.00,0,7452,0,7452,0,6040,81.05,1412,18.95,6040,5861,97.04,5861,5861,100.00,0,0.00,0,91,1.51,88,1.46,88,0,0,0,04/10/2026,19:20:15,04/10/2026 19:21:05,sim
1,04/10/2026,6257,Presidente,1,municipio,PR,76430,4112504,JARDIM ALEGRE,,33,33,100.00,0,33,0,33,0,9012,9012,100.00,0,9012,0,9012,0,7358,81.65,1654,18.35,7358,7120,96.77,7120,7120,100.00,0,0.00,0,106,1.44,132,1.79,132,0,0,0,04/10/2026,20:29:11,04/10/2026 20:30:17,sim
1,04/10/2026,6257,Presidente,1,municipio,PR,76457,4112603,JARDIM OLINDA,,5,5,100.00,0,5,0,5,0,1350,1350,100.00,0,1350,0,1350,0,1142,84.59,208,15.41,1142,1113,97.46,1113,1113,100.00,0,0.00,0,8,0.70,21,1.84,21,0,0,0,04/10/2026,17:35:06,04/10/2026 17:36:04,sim
1,04/10/2026,6257,Presidente,1,municipio,PR,76473,4112702,JATAIZINHO,,31,31,100.00,0,31,0,31,0,9482,9482,100.00,0,9482,0,9482,0,7361,77.63,2121,22.37,7361,7052,95.80,7052,7052,100.00,0,0.00,0,142,1.93,167,2.27,167,0,0,0,04/10/2026,18:22:45,04/10/2026 18:24:02,sim
1,04/10/2026,6257,Presidente,1,municipio,PR,76490,4112801,JOAQUIM TÁVORA,,28,28,100.00,0,28,0,28,0,9226,9226,100.00,0,9226,0,9226,0,7084,76.78,2142,23.22,7084,6808,96.10,6808,6808,100.00,0,0.00,0,129,1.82,147,2.08,147,0,0,0,04/10/2026,19:03:56,04/10/2026 19:05:07,sim
1,04/10/2026,6257,Presidente,1,municipio,PR,76511,4112900,JUNDIAÍ DO SUL,,9,9,100.00,0,9,0,9,0,2911,2911,100.00,0,2911,0,2911,0,2192,75.30,719,24.70,2192,2120,96.72,2120,2120,100.00,0,0.00,0,33,1.51,39,1.78,39,0,0,0,04/10/2026,19:02:50,04/10/2026 19:04:22,sim
1,04/10/2026,6257,Presidente,1,municipio,PR,76538,4113007,JUSSARA,,17,17,100.00,0,17,0,17,0,5485,5485,100.00,0,5485,0,5485,0,4348,79.27,1137,20.73,4348,4174,96.00,4174,4174,100.00,0,0.00,0,75,1.72,99,2.28,99,0,0,0,04/10/2026,18:23:27,04/10/2026 18:25:05,sim
1,04/10/2026,6257,Presidente,1,municipio,PR,76554,4113106,KALORÉ,,14,14,100.00,0,14,0,14,0,4004,4004,100.00,0,4004,0,4004,0,3354,83.77,650,16.23,3354,3256,97.08,3256,3256,100.00,0,0.00,0,47,1.40,51,1.52,51,0,0,0,04/10/2026,18:35:27,04/10/2026 18:37:23,sim
1,04/10/2026,6257,Presidente,1,municipio,PR,76570,4113205,LAPA,,119,119,100.00,0,119,0,119,0,36461,36461,100.00,0,36461,0,36461,0,29526,80.98,6935,19.02,29526,27960,94.70,27960,27960,100.00,0,0.00,0,844,2.86,722,2.45,721,1,0,0,04/10/2026,19:13:42,04/10/2026 19:15:04,sim
1,04/10/2026,6257,Presidente,1,municipio,PR,76597,4113304,LARANJEIRAS DO SUL,,84,84,100.00,0,84,0,84,0,24304,24304,100.00,0,24304,0,24304,0,18535,76.26,5769,23.74,18535,17876,96.44,17876,17876,100.00,0,0.00,0,294,1.59,365,1.97,365,0,0,0,04/10/2026,20:46:09,04/10/2026 20:46:57,sim
1,04/10/2026,6257,Presidente,1,municipio,PR,76619,4113403,LEÓPOLIS,,13,13,100.00,0,13,0,13,0,3502,3502,100.00,0,3502,0,3502,0,2866,81.84,636,18.16,2866,2779,96.96,2779,2779,100.00,0,0.00,0,31,1.08,56,1.95,56,0,0,0,04/10/2026,19:13:00,04/10/2026 19:14:08,sim
1,04/10/2026,6257,Presidente,1,municipio,PR,76635,4113502,LOANDA,,56,56,100.00,0,56,0,56,0,15869,15869,100.00,0,15869,0,15869,0,12634,79.61,3235,20.39,12634,12262,97.06,12262,12262,100.00,0,0.00,0,184,1.46,188,1.49,188,0,0,0,04/10/2026,17:54:18,04/10/2026 17:55:33,sim
1,04/10/2026,6257,Presidente,1,municipio,PR,76651,4113601,LOBATO,,13,13,100.00,0,13,0,13,0,3851,3851,100.00,0,3851,0,3851,0,3104,80.60,747,19.40,3104,2960,95.36,2960,2960,100.00,0,0.00,0,43,1.39,101,3.25,101,0,0,0,04/10/2026,18:11:34,04/10/2026 18:12:49,sim
1,04/10/2026,6257,Presidente,1,municipio,PR,76678,4113700,LONDRINA,,1200,1200,100.00,0,1200,0,1200,0,394978,394978,100.00,0,394978,0,394978,0,312425,79.10,82553,20.90,312425,299327,95.81,299327,299327,100.00,0,0.00,0,5621,1.80,7477,2.39,7459,18,0,0,04/10/2026,19:18:28,04/10/2026 19:21:05,sim
1,04/10/2026,6257,Presidente,1,municipio,PR,76694,4113809,LUPIONÓPOLIS,,14,14,100.00,0,14,0,14,0,4003,4003,100.00,0,4003,0,4003,0,3225,80.56,778,19.44,3225,3104,96.25,3104,3104,100.00,0,0.00,0,46,1.43,75,2.33,75,0,0,0,04/10/2026,18:24:48,04/10/2026 18:26:03,sim
1,04/10/2026,6257,Presidente,1,municipio,PR,76716,4113908,MALLET,,37,37,100.00,0,37,0,37,0,10552,10552,100.00,0,10552,0,10552,0,8656,82.03,1896,17.97,8656,8236,95.15,8236,8236,100.00,0,0.00,0,196,2.26,224,2.59,223,1,0,0,04/10/2026,18:27:13,04/10/2026 18:28:31,sim
1,04/10/2026,6257,Presidente,1,municipio,PR,76732,4114005,MAMBORÊ,,38,38,100.00,0,38,0,38,0,10615,10615,100.00,0,10615,0,10615,0,8484,79.92,2131,20.08,8484,8240,97.12,8240,8240,100.00,0,0.00,0,113,1.33,131,1.54,131,0,0,0,04/10/2026,18:24:03,04/10/2026 18:25:05,sim
1,04/10/2026,6257,Presidente,1,municipio,PR,76759,4114104,MANDAGUAÇU,,64,64,100.00,0,64,0,64,0,19903,19903,100.00,0,19903,0,19903,0,15370,77.22,4533,22.78,15370,14709,95.70,14709,14709,100.00,0,0.00,0,294,1.91,367,2.39,367,0,0,0,04/10/2026,18:22:57,04/10/2026 18:24:04,sim
1,04/10/2026,6257,Presidente,1,municipio,PR,76775,4114203,MANDAGUARI,,86,86,100.00,0,86,0,86,0,27663,27663,100.00,0,27663,0,27663,0,21467,77.60,6196,22.40,21467,20576,95.85,20576,20576,100.00,0,0.00,0,386,1.80,505,2.35,504,1,0,0,04/10/2026,19:07:31,04/10/2026 19:08:17,sim
1,04/10/2026,6257,Presidente,1,municipio,PR,76791,4114302,MANDIRITUBA,,62,62,100.00,0,62,0,62,0,19907,19907,100.00,0,19907,0,19907,0,15854,79.64,4053,20.36,15854,15158,95.61,15158,15158,100.00,0,0.00,0,371,2.34,325,2.05,324,1,0,0,04/10/2026,19:01:35,04/10/2026 19:02:36,sim
1,04/10/2026,6257,Presidente,1,municipio,PR,76813,4114500,MANOEL RIBAS,,42,42,100.00,0,42,0,42,0,11018,11018,100.00,0,11018,0,11018,0,8861,80.42,2157,19.58,8861,8629,97.38,8629,8629,100.00,0,0.00,0,97,1.09,135,1.52,135,0,0,0,04/10/2026,18:16:39,04/10/2026 18:17:54,sim
1,04/10/2026,6257,Presidente,1,municipio,PR,76830,4114609,MARECHAL CÂNDIDO RONDON,,154,154,100.00,0,154,0,154,0,40475,40475,100.00,0,40475,0,40475,0,33318,82.32,7157,17.68,33318,32596,97.83,32596,32596,100.00,0,0.00,0,339,1.02,383,1.15,382,1,0,0,04/10/2026,18:47:47,04/10/2026 18:50:07,sim
1,04/10/2026,6257,Presidente,1,municipio,PR,76856,4114708,MARIA HELENA,,15,15,100.00,0,15,0,15,0,4789,4789,100.00,0,4789,0,4789,0,3792,79.18,997,20.82,3792,3698,97.52,3698,3698,100.00,0,0.00,0,46,1.21,48,1.27,48,0,0,0,04/10/2026,20:48:17,04/10/2026 20:49:38,sim
1,04/10/2026,6257,Presidente,1,municipio,PR,76872,4114807,MARIALVA,,99,99,100.00,0,99,0,99,0,30178,30178,100.00,0,30178,0,30178,0,23953,79.37,6225,20.63,23953,23136,96.59,23136,23136,100.00,0,0.00,0,413,1.72,404,1.69,403,1,0,0,04/10/2026,18:47:17,04/10/2026 18:48:52,sim
1,04/10/2026,6257,Presidente,1,municipio,PR,76899,4115101,MARILUZ,,26,26,100.00,0,26,0,26,0,7588,7588,100.00,0,7588,0,7588,0,5953,78.45,1635,21.55,5953,5721,96.10,5721,5721,100.00,0,0.00,0,105,1.76,127,2.13,127,0,0,0,04/10/2026,18:16:52,04/10/2026 18:17:55,sim
1,04/10/2026,6257,Presidente,1,municipio,PR,76910,4115200,MARINGÁ,,974,974,100.00,0,974,0,974,0,302812,302812,100.00,0,302812,0,302812,0,239058,78.95,63754,21.05,239058,232142,97.11,232142,232142,100.00,0,0.00,0,3024,1.26,3892,1.63,3888,4,0,0,04/10/2026,19:09:16,04/10/2026 19:10:32,sim
1,04/10/2026,6257,Presidente,1,municipio,PR,76937,4115309,MARIÓPOLIS,,19,19,100.00,0,19,0,19,0,5494,5494,100.00,0,5494,0,5494,0,4452,81.03,1042,18.97,4452,4289,96.34,4289,4289,100.00,0,0.00,0,70,1.57,93,2.09,93,0,0,0,04/10/2026,17:45:14,04/10/2026 17:46:21,sim
1,04/10/2026,6257,Presidente,1,municipio,PR,76953,4115408,MARMELEIRO,,37,37,100.00,0,37,0,37,0,11778,11778,100.00,0,11778,0,11778,0,9535,80.96,2243,19.04,9535,9225,96.75,9225,9225,100.00,0,0.00,0,159,1.67,151,1.58,151,0,0,0,04/10/2026,18:17:57,04/10/2026 18:19:08,sim
1,04/10/2026,6257,Presidente,1,municipio,PR,76970,4115507,MARUMBI,,13,13,100.00,0,13,0,13,0,3950,3950,100.00,0,3950,0,3950,0,3306,83.70,644,16.30,3306,3202,96.85,3202,3202,100.00,0,0.00,0,39,1.18,65,1.97,65,0,0,0,04/10/2026,17:46:40,04/10/2026 17:47:48,sim
1,04/10/2026,6257,Presidente,1,municipio,PR,76996,4115606,MATELÂNDIA,,42,42,100.00,0,42,0,42,0,13751,13751,100.00,0,13751,0,13751,0,11141,81.02,2610,18.98,11141,10900,97.84,10900,10900,100.00,0,0.00,0,115,1.03,126,1.13,126,0,0,0,04/10/2026,19:19:07,04/10/2026 19:21:03,sim
1,04/10/2026,6257,Presidente,1,municipio,PR,77011,4115804,MEDIANEIRA,,126,126,100.00,0,126,0,126,0,37479,37479,100.00,0,37479,0,37479,0,30093,80.29,7386,19.71,30093,29271,97.27,29271,29271,100.00,0,0.00,0,397,1.32,425,1.41,424,1,0,0,04/10/2026,18:26:49,04/10/2026 18:28:29,sim
1,04/10/2026,6257,Presidente,1,municipio,PR,77038,4115903,MIRADOR,,8,8,100.00,0,8,0,8,0,2160,2160,100.00,0,2160,0,2160,0,1620,75.00,540,25.00,1620,1562,96.42,1562,1562,100.00,0,0.00,0,31,1.91,27,1.67,27,0,0,0,04/10/2026,19:18:45,04/10/2026 19:21:03,sim
1,04/10/2026,6257,Presidente,1,municipio,PR,77054,4116000,MIRASELVA,,7,7,100.00,0,7,0,7,0,1851,1851,100.00,0,1851,0,1851,0,1570,84.82,281,15.18,1570,1530,97.45,1530,1530,100.00,0,0.00,0,16,1.02,24,1.53,24,0,0,0,04/10/2026,18:59:08,04/10/2026 19:00:14,sim
1,04/10/2026,6257,Presidente,1,municipio,PR,77070,4116109,MOREIRA SALES,,36,36,100.00,0,36,0,36,0,9161,9161,100.00,0,9161,0,9161,0,7378,80.54,1783,19.46,7378,7094,96.15,7094,7094,100.00,0,0.00,0,140,1.90,144,1.95,143,1,0,0,04/10/2026,18:31:57,04/10/2026 18:33:01,sim
1,04/10/2026,6257,Presidente,1,municipio,PR,77097,4116208,MORRETES,,47,47,100.00,0,47,0,47,0,14680,14680,100.00,0,14680,0,14680,0,11241,76.57,3439,23.43,11241,10835,96.39,10835,10835,100.00,0,0.00,0,216,1.92,190,1.69,190,0,0,0,04/10/2026,19:15:19,04/10/2026 19:16:19,sim
1,04/10/2026,6257,Presidente,1,municipio,PR,77119,4116307,MUNHOZ DE MELLO,,11,11,100.00,0,11,0,11,0,3547,3547,100.00,0,3547,0,3547,0,2859,80.60,688,19.40,2859,2769,96.85,2769,2769,100.00,0,0.00,0,44,1.54,46,1.61,46,0,0,0,04/10/2026,18:17:47,04/10/2026 18:19:08,sim
1,04/10/2026,6257,Presidente,1,municipio,PR,77135,4116406,NOSSA SENHORA DAS GRAÇAS,,11,11,100.00,0,11,0,11,0,3173,3173,100.00,0,3173,0,3173,0,2531,79.77,642,20.23,2531,2431,96.05,2431,2431,100.00,0,0.00,0,42,1.66,58,2.29,58,0,0,0,04/10/2026,18:27:56,04/10/2026 18:29:18,sim
1,04/10/2026,6257,Presidente,1,municipio,PR,77151,4116505,NOVA ALIANÇA DO IVAÍ,,5,5,100.00,0,5,0,5,0,1565,1565,100.00,0,1565,0,1565,0,1242,79.36,323,20.64,1242,1210,97.42,1210,1210,100.00,0,0.00,0,12,0.97,20,1.61,20,0,0,0,04/10/2026,19:00:25,04/10/2026 19:01:18,sim
1,04/10/2026,6257,Presidente,1,municipio,PR,77178,4116604,NOVA AMÉRICA DA COLINA,,12,12,100.00,0,12,0,12,0,3349,3349,100.00,0,3349,0,3349,0,2818,84.14,531,15.86,2818,2739,97.20,2739,2739,100.00,0,0.00,0,29,1.03,50,1.77,50,0,0,0,04/10/2026,18:14:31,04/10/2026 18:15:25,sim
1,04/10/2026,6257,Presidente,1,municipio,PR,77194,4116802,NOVA CANTU,,22,22,100.00,0,22,0,22,0,6004,6004,100.00,0,6004,0,6004,0,4848,80.75,1156,19.25,4848,4692,96.78,4692,4692,100.00,0,0.00,0,54,1.11,102,2.10,102,0,0,0,04/10/2026,18:43:51,04/10/2026 18:44:56,sim
1,04/10/2026,6257,Presidente,1,municipio,PR,77216,4116901,NOVA ESPERANÇA,,74,74,100.00,0,74,0,74,0,19494,19494,100.00,0,19494,0,19494,0,15448,79.24,4046,20.76,15448,14948,96.76,14948,14948,100.00,0,0.00,0,248,1.61,252,1.63,252,0,0,0,04/10/2026,18:35:27,04/10/2026 18:37:21,sim
1,04/10/2026,6257,Presidente,1,municipio,PR,77232,4117008,NOVA FÁTIMA,,22,22,100.00,0,22,0,22,0,6087,6087,100.00,0,6087,0,6087,0,4706,77.31,1381,22.69,4706,4516,95.96,4516,4516,100.00,0,0.00,0,85,1.81,105,2.23,105,0,0,0,04/10/2026,18:13:42,04/10/2026 18:15:08,sim
1,04/10/2026,6257,Presidente,1,municipio,PR,77259,4117107,NOVA LONDRINA,,34,34,100.00,0,34,0,34,0,9738,9738,100.00,0,9738,0,9738,0,7327,75.24,2411,24.76,7327,7124,97.23,7124,7124,100.00,0,0.00,0,88,1.20,115,1.57,115,0,0,0,04/10/2026,17:53:28,04/10/2026 17:54:18,sim
1,04/10/2026,6257,Presidente,1,municipio,PR,77275,4117305,ORTIGUEIRA,,71,71,100.00,0,71,0,71,0,20079,20079,100.00,0,20079,0,20079,0,14859,74.00,5220,26.00,14859,14239,95.83,14239,14239,100.00,0,0.00,0,292,1.97,328,2.21,328,0,0,0,04/10/2026,19:29:22,04/10/2026 19:30:29,sim
1,04/10/2026,6257,Presidente,1,municipio,PR,77291,4117404,OURIZONA,,10,10,100.00,0,10,0,10,0,2830,2830,100.00,0,2830,0,2830,0,2377,83.99,453,16.01,2377,2288,96.26,2288,2288,100.00,0,0.00,0,33,1.39,56,2.36,56,0,0,0,04/10/2026,18:21:02,04/10/2026 18:22:20,sim
1,04/10/2026,6257,Presidente,1,municipio,PR,77313,4117503,PAIÇANDU,,100,100,100.00,0,100,0,100,0,30395,30395,100.00,0,30395,0,30395,0,23736,78.09,6659,21.91,23736,22712,95.69,22712,22712,100.00,0,0.00,0,479,2.02,545,2.30,545,0,0,0,04/10/2026,18:49:54,04/10/2026 18:54:49,sim
1,04/10/2026,6257,Presidente,1,municipio,PR,77330,4117602,PALMAS,,103,103,100.00,0,103,0,103,0,32266,32266,100.00,0,32266,0,32266,0,23743,73.59,8523,26.41,23743,22715,95.67,22715,22715,100.00,0,0.00,0,539,2.27,489,2.06,489,0,0,0,04/10/2026,20:55:11,04/10/2026 20:56:20,sim
1,04/10/2026,6257,Presidente,1,municipio,PR,77356,4117701,PALMEIRA,,87,87,100.00,0,87,0,87,0,26972,26972,100.00,0,26972,0,26972,0,22033,81.69,4939,18.31,22033,21070,95.63,21070,21070,100.00,0,0.00,0,535,2.43,428,1.94,427,1,0,0,04/10/2026,19:09:45,04/10/2026 19:10:56,sim
1,04/10/2026,6257,Presidente,1,municipio,PR,77372,4117800,PALMITAL,,41,41,100.00,0,41,0,41,0,10879,10879,100.00,0,10879,0,10879,0,8568,78.76,2311,21.24,8568,8284,96.69,8284,8284,100.00,0,0.00,0,104,1.21,180,2.10,180,0,0,0,04/10/2026,18:31:18,04/10/2026 18:32:31,sim
1,04/10/2026,6257,Presidente,1,municipio,PR,77399,4117909,PALOTINA,,84,84,100.00,0,84,0,84,0,24632,24632,100.00,0,24632,0,24632,0,20293,82.38,4339,17.62,20293,19844,97.79,19844,19844,100.00,0,0.00,0,203,1.00,246,1.21,243,3,0,0,04/10/2026,19:10:30,04/10/2026 19:11:27,sim
1,04/10/2026,6257,Presidente,1,municipio,PR,77410,4118006,PARAÍSO DO NORTE,,30,30,100.00,0,30,0,30,0,9490,9490,100.00,0,9490,0,9490,0,7477,78.79,2013,21.21,7477,7207,96.39,7207,7207,100.00,0,0.00,0,134,1.79,136,1.82,136,0,0,0,04/10/2026,19:08:46,04/10/2026 19:09:55,sim
1,04/10/2026,6257,Presidente,1,municipio,PR,77437,4118105,PARANACITY,,24,24,100.00,0,24,0,24,0,7616,7616,100.00,0,7616,0,7616,0,5742,75.39,1874,24.61,5742,5509,95.94,5509,5509,100.00,0,0.00,0,94,1.64,139,2.42,139,0,0,0,04/10/2026,18:27:35,04/10/2026 18:29:19,sim
1,04/10/2026,6257,Presidente,1,municipio,PR,77453,4118204,PARANAGUÁ,,322,322,100.00,0,322,0,322,0,108469,108469,100.00,0,108469,0,108469,0,86218,79.49,22251,20.51,86218,83241,96.55,83241,83241,100.00,0,0.00,0,1664,1.93,1313,1.52,1309,4,0,0,04/10/2026,19:20:32,04/10/2026 19:22:19,sim
1,04/10/2026,6257,Presidente,1,municipio,PR,77470,4118303,PARANAPOEMA,,7,7,100.00,0,7,0,7,0,2106,2106,100.00,0,2106,0,2106,0,1751,83.14,355,16.86,1751,1706,97.43,1706,1706,100.00,0,0.00,0,19,1.09,26,1.48,26,0,0,0,04/10/2026,18:11:08,04/10/2026 18:12:30,sim
1,04/10/2026,6257,Presidente,1,municipio,PR,77496,4118402,PARANAVAÍ,,202,202,100.00,0,202,0,202,0,63954,63954,100.00,0,63954,0,63954,0,49673,77.67,14281,22.33,49673,47947,96.53,47947,47947,100.00,0,0.00,0,832,1.67,894,1.80,893,1,0,0,04/10/2026,20:25:03,04/10/2026 20:26:06,sim
1,04/10/2026,6257,Presidente,1,municipio,PR,77518,4118501,PATO BRANCO,,204,204,100.00,0,204,0,204,0,64406,64406,100.00,0,64406,0,64406,0,52385,81.34,12021,18.66,52385,50984,97.33,50984,50984,100.00,0,0.00,0,707,1.35,694,1.32,692,2,0,0,04/10/2026,19:04:13,04/10/2026 19:05:06,sim
1,04/10/2026,6257,Presidente,1,municipio,PR,77534,4118600,PAULA FREITAS,,18,18,100.00,0,18,0,18,0,4763,4763,100.00,0,4763,0,4763,0,3862,81.08,901,18.92,3862,3714,96.17,3714,3714,100.00,0,0.00,0,72,1.86,76,1.97,76,0,0,0,04/10/2026,18:34:46,04/10/2026 18:36:00,sim
1,04/10/2026,6257,Presidente,1,municipio,PR,77550,4118709,PAULO FRONTIN,,21,21,100.00,0,21,0,21,0,5698,5698,100.00,0,5698,0,5698,0,4774,83.78,924,16.22,4774,4556,95.43,4556,4556,100.00,0,0.00,0,127,2.66,91,1.91,91,0,0,0,04/10/2026,18:37:57,04/10/2026 18:39:18,sim
1,04/10/2026,6257,Presidente,1,municipio,PR,77577,4118808,PEABIRU,,33,33,100.00,0,33,0,33,0,9916,9916,100.00,0,9916,0,9916,0,7919,79.86,1997,20.14,7919,7594,95.90,7594,7594,100.00,0,0.00,0,138,1.74,187,2.36,187,0,0,0,04/10/2026,18:23:59,04/10/2026 18:25:07,sim
1,04/10/2026,6257,Presidente,1,municipio,PR,77593,4119004,PÉROLA D'OESTE,,18,18,100.00,0,18,0,18,0,5285,5285,100.00,0,5285,0,5285,0,4450,84.20,835,15.80,4450,4354,97.84,4354,4354,100.00,0,0.00,0,47,1.06,49,1.10,49,0,0,0,04/10/2026,19:11:00,04/10/2026 19:11:53,sim
1,04/10/2026,6257,Presidente,1,municipio,PR,77615,4119103,PIÊN,,35,35,100.00,0,35,0,35,0,10850,10850,100.00,0,10850,0,10850,0,9389,86.53,1461,13.47,9389,9064,96.54,9064,9064,100.00,0,0.00,0,180,1.92,145,1.54,145,0,0,0,04/10/2026,18:47:12,04/10/2026 18:48:53,sim
1,04/10/2026,6257,Presidente,1,municipio,PR,77631,4119202,PINHALÃO,,19,19,100.00,0,19,0,19,0,5879,5879,100.00,0,5879,0,5879,0,4715,80.20,1164,19.80,4715,4574,97.01,4574,4574,100.00,0,0.00,0,69,1.46,72,1.53,72,0,0,0,04/10/2026,19:01:41,04/10/2026 19:02:55,sim
1,04/10/2026,6257,Presidente,1,municipio,PR,77658,4119301,PINHÃO,,81,81,100.00,0,81,0,81,0,23849,23849,100.00,0,23849,0,23849,0,17870,74.93,5979,25.07,17870,17075,95.55,17075,17075,100.00,0,0.00,0,337,1.89,458,2.56,458,0,0,0,04/10/2026,19:22:18,04/10/2026 19:23:10,sim
1,04/10/2026,6257,Presidente,1,municipio,PR,77674,4119400,PIRAÍ DO SUL,,63,63,100.00,0,63,0,63,0,18800,18800,100.00,0,18800,0,18800,0,14835,78.91,3965,21.09,14835,14048,94.69,14048,14048,100.00,0,0.00,0,488,3.29,299,2.02,299,0,0,0,04/10/2026,19:22:48,04/10/2026 19:23:43,sim
1,04/10/2026,6257,Presidente,1,municipio,PR,77690,4119509,PIRAQUARA,,214,214,100.00,0,214,0,214,0,73929,73929,100.00,0,73929,0,73929,0,57125,77.27,16804,22.73,57125,54409,95.25,54409,54409,100.00,0,0.00,0,1442,2.52,1274,2.23,1271,3,0,0,04/10/2026,19:30:20,04/10/2026 19:31:12,sim
1,04/10/2026,6257,Presidente,1,municipio,PR,77712,4119608,PITANGA,,98,98,100.00,0,98,0,98,0,25677,25677,100.00,0,25677,0,25677,0,20236,78.81,5441,21.19,20236,19522,96.47,19522,19522,100.00,0,0.00,0,336,1.66,378,1.87,377,1,0,0,04/10/2026,19:06:58,04/10/2026 19:07:47,sim
1,04/10/2026,6257,Presidente,1,municipio,PR,77739,4119707,PLANALTINA DO PARANÁ,,12,12,100.00,0,12,0,12,0,3432,3432,100.00,0,3432,0,3432,0,2818,82.11,614,17.89,2818,2728,96.81,2728,2728,100.00,0,0.00,0,41,1.45,49,1.74,49,0,0,0,04/10/2026,19:09:55,04/10/2026 19:10:56,sim
1,04/10/2026,6257,Presidente,1,municipio,PR,77755,4119806,PLANALTO,,38,38,100.00,0,38,0,38,0,10281,10281,100.00,0,10281,0,10281,0,8403,81.73,1878,18.27,8403,8155,97.05,8155,8155,100.00,0,0.00,0,123,1.46,125,1.49,125,0,0,0,04/10/2026,18:47:01,04/10/2026 18:48:52,sim
1,04/10/2026,6257,Presidente,1,municipio,PR,77771,4119905,PONTA GROSSA,,781,781,100.00,0,781,0,781,0,258390,258390,100.00,0,258390,0,258390,0,207347,80.25,51043,19.75,207347,198330,95.65,198330,198330,100.00,0,0.00,0,4708,2.27,4309,2.08,4299,10,0,0,04/10/2026,18:38:16,04/10/2026 18:39:52,sim
1,04/10/2026,6257,Presidente,1,municipio,PR,77798,4120002,PORECATU,,34,34,100.00,0,34,0,34,0,9608,9608,100.00,0,9608,0,9608,0,7359,76.59,2249,23.41,7359,7141,97.04,7141,7141,100.00,0,0.00,0,92,1.25,126,1.71,126,0,0,0,04/10/2026,19:08:51,04/10/2026 19:09:55,sim
1,04/10/2026,6257,Presidente,1,municipio,PR,77810,4120101,PORTO AMAZONAS,,13,13,100.00,0,13,0,13,0,3870,3870,100.00,0,3870,0,3870,0,3036,78.45,834,21.55,3036,2897,95.42,2897,2897,100.00,0,0.00,0,80,2.64,59,1.94,59,0,0,0,04/10/2026,18:24:43,04/10/2026 18:26:03,sim
1,04/10/2026,6257,Presidente,1,municipio,PR,77836,4120200,PORTO RICO,,10,10,100.00,0,10,0,10,0,3003,3003,100.00,0,3003,0,3003,0,2382,79.32,621,20.68,2382,2343,98.36,2343,2343,100.00,0,0.00,0,19,0.80,20,0.84,20,0,0,0,04/10/2026,18:55:14,04/10/2026 18:55:56,sim
1,04/10/2026,6257,Presidente,1,municipio,PR,77852,4120309,PORTO VITÓRIA,,13,13,100.00,0,13,0,13,0,3274,3274,100.00,0,3274,0,3274,0,2660,81.25,614,18.75,2660,2543,95.60,2543,2543,100.00,0,0.00,0,67,2.52,50,1.88,49,1,0,0,04/10/2026,18:23:44,04/10/2026 18:25:06,sim
1,04/10/2026,6257,Presidente,1,municipio,PR,77879,4120408,PRESIDENTE CASTELO BRANCO,,13,13,100.00,0,13,0,13,0,3887,3887,100.00,0,3887,0,3887,0,3068,78.93,819,21.07,3068,2945,95.99,2945,2945,100.00,0,0.00,0,51,1.66,72,2.35,72,0,0,0,04/10/2026,19:06:40,04/10/2026 19:07:47,sim
1,04/10/2026,6257,Presidente,1,municipio,PR,77895,4120507,PRIMEIRO DE MAIO,,26,26,100.00,0,26,0,26,0,8333,8333,100.00,0,8333,0,8333,0,6642,79.71,1691,20.29,6642,6424,96.72,6424,6424,100.00,0,0.00,0,100,1.51,118,1.78,118,0,0,0,04/10/2026,20:55:27,04/10/2026 20:56:40,sim
1,04/10/2026,6257,Presidente,1,municipio,PR,77917,4120606,PRUDENTÓPOLIS,,143,143,100.00,0,143,0,143,0,39039,39039,100.00,0,39039,0,39039,0,31831,81.54,7208,18.46,31831,30583,96.08,30583,30583,100.00,0,0.00,0,617,1.94,631,1.98,631,0,0,0,04/10/2026,19:11:27,04/10/2026 19:12:51,sim
1,04/10/2026,6257,Presidente,1,municipio,PR,77933,4120705,QUATIGUÁ,,20,20,100.00,0,20,0,20,0,6645,6645,100.00,0,6645,0,6645,0,5239,78.84,1406,21.16,5239,5030,96.01,5030,5030,100.00,0,0.00,0,108,2.06,101,1.93,101,0,0,0,04/10/2026,18:41:35,04/10/2026 18:43:23,sim
1,04/10/2026,6257,Presidente,1,municipio,PR,77950,4120804,QUATRO BARRAS,,53,53,100.00,0,53,0,53,0,18192,18192,100.00,0,18192,0,18192,0,14519,79.81,3673,20.19,14519,13918,95.86,13918,13918,100.00,0,0.00,0,263,1.81,338,2.33,338,0,0,0,04/10/2026,19:08:16,04/10/2026 19:09:23,sim
1,04/10/2026,6257,Presidente,1,municipio,PR,77976,4121000,QUERÊNCIA DO NORTE,,32,32,100.00,0,32,0,32,0,7996,7996,100.00,0,7996,0,7996,0,6331,79.18,1665,20.82,6331,6146,97.08,6146,6146,100.00,0,0.00,0,58,0.92,127,2.01,127,0,0,0,04/10/2026,19:17:29,04/10/2026 19:21:04,sim
1,04/10/2026,6257,Presidente,1,municipio,PR,77992,4121109,QUINTA DO SOL,,13,13,100.00,0,13,0,13,0,4291,4291,100.00,0,4291,0,4291,0,3470,80.87,821,19.13,3470,3355,96.69,3355,3355,100.00,0,0.00,0,36,1.04,79,2.28,79,0,0,0,04/10/2026,19:21:51,04/10/2026 19:22:42,sim
1,04/10/2026,6257,Presidente,1,municipio,PR,78018,4121208,QUITANDINHA,,46,46,100.00,0,46,0,46,0,14118,14118,100.00,0,14118,0,14118,0,11851,83.94,2267,16.06,11851,11347,95.75,11347,11347,100.00,0,0.00,0,256,2.16,248,2.09,248,0,0,0,04/10/2026,19:03:10,04/10/2026 19:04:22,sim
1,04/10/2026,6257,Presidente,1,municipio,PR,78034,4121307,RANCHO ALEGRE,,10,10,100.00,0,10,0,10,0,3224,3224,100.00,0,3224,0,3224,0,2565,79.56,659,20.44,2565,2492,97.15,2492,2492,100.00,0,0.00,0,27,1.05,46,1.79,46,0,0,0,04/10/2026,18:42:50,04/10/2026 18:44:32,sim
1,04/10/2026,6257,Presidente,1,municipio,PR,78050,4121406,REALEZA,,46,46,100.00,0,46,0,46,0,14524,14524,100.00,0,14524,0,14524,0,11643,80.16,2881,19.84,11643,11309,97.13,11309,11309,100.00,0,0.00,0,130,1.12,204,1.75,204,0,0,0,04/10/2026,18:31:43,04/10/2026 18:33:02,sim
1,04/10/2026,6257,Presidente,1,municipio,PR,78077,4121505,REBOUÇAS,,38,38,100.00,0,38,0,38,0,12151,12151,100.00,0,12151,0,12151,0,9996,82.26,2155,17.74,9996,9504,95.08,9504,9504,100.00,0,0.00,0,284,2.84,208,2.08,207,1,0,0,04/10/2026,19:10:00,04/10/2026 19:10:56,sim
1,04/10/2026,6257,Presidente,1,municipio,PR,78093,4121604,RENASCENÇA,,17,17,100.00,0,17,0,17,0,5351,5351,100.00,0,5351,0,5351,0,4344,81.18,1007,18.82,4344,4200,96.69,4200,4200,100.00,0,0.00,0,65,1.50,79,1.82,79,0,0,0,04/10/2026,18:13:14,04/10/2026 18:14:12,sim
1,04/10/2026,6257,Presidente,1,municipio,PR,78115,4121703,RESERVA,,64,64,100.00,0,64,0,64,0,20369,20369,100.00,0,20369,0,20369,0,15295,75.09,5074,24.91,15295,14576,95.30,14576,14576,100.00,0,0.00,0,349,2.28,370,2.42,370,0,0,0,04/10/2026,20:49:23,04/10/2026 20:50:29,sim
1,04/10/2026,6257,Presidente,1,municipio,PR,78131,4121802,RIBEIRÃO CLARO,,30,30,100.00,0,30,0,30,0,9867,9867,100.00,0,9867,0,9867,0,7430,75.30,2437,24.70,7430,7091,95.44,7091,7091,100.00,0,0.00,0,136,1.83,203,2.73,202,1,0,0,04/10/2026,18:11:42,04/10/2026 18:12:49,sim
1,04/10/2026,6257,Presidente,1,municipio,PR,78158,4121901,RIBEIRÃO DO PINHAL,,34,34,100.00,0,34,0,34,0,10165,10165,100.00,0,10165,0,10165,0,7463,73.42,2702,26.58,7463,7133,95.58,7133,7133,100.00,0,0.00,0,129,1.73,201,2.69,201,0,0,0,04/10/2026,19:19:57,04/10/2026 19:21:04,sim
1,04/10/2026,6257,Presidente,1,municipio,PR,78174,4122008,RIO AZUL,,35,35,100.00,0,35,0,35,0,11268,11268,100.00,0,11268,0,11268,0,9643,85.58,1625,14.42,9643,9221,95.62,9221,9221,100.00,0,0.00,0,221,2.29,201,2.08,200,1,0,0,04/10/2026,20:40:56,04/10/2026 20:42:03,sim
1,04/10/2026,6257,Presidente,1,municipio,PR,78190,4122107,RIO BOM,,11,11,100.00,0,11,0,11,0,3019,3019,100.00,0,3019,0,3019,0,2434,80.62,585,19.38,2434,2337,96.01,2337,2337,100.00,0,0.00,0,37,1.52,60,2.47,60,0,0,0,04/10/2026,18:26:10,04/10/2026 18:27:23,sim
1,04/10/2026,6257,Presidente,1,municipio,PR,78212,4122206,RIO BRANCO DO SUL,,89,89,100.00,0,89,0,89,0,27280,27280,100.00,0,27280,0,27280,0,22137,81.15,5143,18.85,22137,21206,95.79,21206,21206,100.00,0,0.00,0,499,2.25,432,1.95,427,5,0,0,04/10/2026,19:14:05,04/10/2026 19:15:26,sim
1,04/10/2026,6257,Presidente,1,municipio,PR,78239,4122305,RIO NEGRO,,84,84,100.00,0,84,0,84,0,24158,24158,100.00,0,24158,0,24158,0,19314,79.95,4844,20.05,19314,18548,96.03,18548,18548,100.00,0,0.00,0,451,2.34,315,1.63,315,0,0,0,04/10/2026,19:12:47,04/10/2026 19:13:36,sim
1,04/10/2026,6257,Presidente,1,municipio,PR,78255,4122404,ROLÂNDIA,,154,154,100.00,0,154,0,154,0,49517,49517,100.00,0,49517,0,49517,0,38397,77.54,11120,22.46,38397,36749,95.71,36749,36749,100.00,0,0.00,0,856,2.23,792,2.06,790,2,0,0,04/10/2026,19:28:11,04/10/2026 19:29:44,sim
1,04/10/2026,6257,Presidente,1,municipio,PR,78271,4122503,RONCADOR,,30,30,100.00,0,30,0,30,0,8952,8952,100.00,0,8952,0,8952,0,7066,78.93,1886,21.07,7066,6813,96.42,6813,6813,100.00,0,0.00,0,91,1.29,162,2.29,162,0,0,0,04/10/2026,18:59:22,04/10/2026 19:00:13,sim
1,04/10/2026,6257,Presidente,1,municipio,PR,78298,4122602,RONDON,,25,25,100.00,0,25,0,25,0,6991,6991,100.00,0,6991,0,6991,0,5628,80.50,1363,19.50,5628,5433,96.54,5433,5433,100.00,0,0.00,0,102,1.81,93,1.65,93,0,0,0,04/10/2026,18:54:37,04/10/2026 18:55:26,sim
1,04/10/2026,6257,Presidente,1,municipio,PR,78310,4122701,SABÁUDIA,,19,19,100.00,0,19,0,19,0,6748,6748,100.00,0,6748,0,6748,0,5451,80.78,1297,19.22,5451,5281,96.88,5281,5281,100.00,0,0.00,0,70,1.28,100,1.83,100,0,0,0,04/10/2026,19:13:54,04/10/2026 19:15:04,sim
1,04/10/2026,6257,Presidente,1,municipio,PR,78336,4122800,SALGADO FILHO,,16,16,100.00,0,16,0,16,0,3590,3590,100.00,0,3590,0,3590,0,3068,85.46,522,14.54,3068,2964,96.61,2964,2964,100.00,0,0.00,0,44,1.43,60,1.96,59,1,0,0,04/10/2026,18:19:26,04/10/2026 18:20:36,sim
1,04/10/2026,6257,Presidente,1,municipio,PR,78352,4122909,SALTO DO ITARARÉ,,16,16,100.00,0,16,0,16,0,4614,4614,100.00,0,4614,0,4614,0,3640,78.89,974,21.11,3640,3457,94.97,3457,3457,100.00,0,0.00,0,77,2.12,106,2.91,106,0,0,0,04/10/2026,19:09:48,04/10/2026 19:10:56,sim
1,04/10/2026,6257,Presidente,1,municipio,PR,78379,4123006,SALTO DO LONTRA,,37,37,100.00,0,37,0,37,0,11161,11161,100.00,0,11161,0,11161,0,9035,80.95,2126,19.05,9035,8735,96.68,8735,8735,100.00,0,0.00,0,148,1.64,152,1.68,152,0,0,0,04/10/2026,18:38:29,04/10/2026 18:39:52,sim
1,04/10/2026,6257,Presidente,1,municipio,PR,78395,4123105,SANTA AMÉLIA,,11,11,100.00,0,11,0,11,0,3048,3048,100.00,0,3048,0,3048,0,2428,79.66,620,20.34,2428,2339,96.33,2339,2339,100.00,0,0.00,0,50,2.06,39,1.61,39,0,0,0,04/10/2026,18:37:17,04/10/2026 18:39:17,sim
1,04/10/2026,6257,Presidente,1,municipio,PR,78417,4123204,SANTA CECÍLIA DO PAVÃO,,13,13,100.00,0,13,0,13,0,3121,3121,100.00,0,3121,0,3121,0,2572,82.41,549,17.59,2572,2491,96.85,2491,2491,100.00,0,0.00,0,27,1.05,54,2.10,54,0,0,0,04/10/2026,19:06:19,04/10/2026 19:07:20,sim
1,04/10/2026,6257,Presidente,1,municipio,PR,78433,4123303,SANTA CRUZ DE MONTE CASTELO,,22,22,100.00,0,22,0,22,0,6773,6773,100.00,0,6773,0,6773,0,5402,79.76,1371,20.24,5402,5250,97.19,5250,5250,100.00,0,0.00,0,67,1.24,85,1.57,85,0,0,0,04/10/2026,19:04:12,04/10/2026 19:05:06,sim
1,04/10/2026,6257,Presidente,1,municipio,PR,78450,4123402,SANTA FÉ,,28,28,100.00,0,28,0,28,0,9149,9149,100.00,0,9149,0,9149,0,7198,78.68,1951,21.32,7198,6973,96.87,6973,6973,100.00,0,0.00,0,97,1.35,128,1.78,128,0,0,0,04/10/2026,18:16:51,04/10/2026 18:17:53,sim
1,04/10/2026,6257,Presidente,1,municipio,PR,78476,4123600,SANTA INÊS,,7,7,100.00,0,7,0,7,0,1684,1684,100.00,0,1684,0,1684,0,1437,85.33,247,14.67,1437,1409,98.05,1409,1409,100.00,0,0.00,0,9,0.63,19,1.32,19,0,0,0,04/10/2026,18:41:09,04/10/2026 18:43:22,sim
1,04/10/2026,6257,Presidente,1,municipio,PR,78492,4123709,SANTA ISABEL DO IVAÍ,,26,26,100.00,0,26,0,26,0,7006,7006,100.00,0,7006,0,7006,0,5481,78.23,1525,21.77,5481,5320,97.06,5320,5320,100.00,0,0.00,0,81,1.48,80,1.46,80,0,0,0,04/10/2026,18:23:46,04/10/2026 18:25:07,sim
1,04/10/2026,6257,Presidente,1,municipio,PR,78514,4123808,SANTA IZABEL DO OESTE,,29,29,100.00,0,29,0,29,0,8780,8780,100.00,0,8780,0,8780,0,7082,80.66,1698,19.34,7082,6881,97.16,6881,6881,100.00,0,0.00,0,80,1.13,121,1.71,121,0,0,0,04/10/2026,19:14:54,04/10/2026 19:16:20,sim
1,04/10/2026,6257,Presidente,1,municipio,PR,78530,4123907,SANTA MARIANA,,33,33,100.00,0,33,0,33,0,9361,9361,100.00,0,9361,0,9361,0,7151,76.39,2210,23.61,7151,6908,96.60,6908,6908,100.00,0,0.00,0,111,1.55,132,1.85,132,0,0,0,04/10/2026,18:27:13,04/10/2026 18:28:29,sim
1,04/10/2026,6257,Presidente,1,municipio,PR,78557,4124004,SANTANA DO ITARARÉ,,15,15,100.00,0,15,0,15,0,4659,4659,100.00,0,4659,0,4659,0,3651,78.36,1008,21.64,3651,3470,95.04,3470,3470,100.00,0,0.00,0,94,2.57,87,2.38,87,0,0,0,04/10/2026,19:18:28,04/10/2026 19:21:04,sim
1,04/10/2026,6257,Presidente,1,municipio,PR,78573,4124400,SANTO ANTÔNIO DO SUDOESTE,,53,53,100.00,0,53,0,53,0,15509,15509,100.00,0,15509,0,15509,0,12757,82.26,2752,17.74,12757,12388,97.11,12388,12388,100.00,0,0.00,0,163,1.28,206,1.61,206,0,0,0,04/10/2026,19:30:50,04/10/2026 19:32:01,sim
1,04/10/2026,6257,Presidente,1,municipio,PR,78590,4124103,SANTO ANTÔNIO DA PLATINA,,107,107,100.00,0,107,0,107,0,32125,32125,100.00,0,32125,0,32125,0,24489,76.23,7636,23.77,24489,23440,95.72,23440,23440,100.00,0,0.00,0,577,2.36,472,1.93,471,1,0,0,04/10/2026,19:30:23,04/10/2026 19:31:12,sim
1,04/10/2026,6257,Presidente,1,municipio,PR,78611,4124202,SANTO ANTÔNIO DO CAIUÁ,,7,7,100.00,0,7,0,7,0,2358,2358,100.00,0,2358,0,2358,0,1949,82.65,409,17.35,1949,1876,96.25,1876,1876,100.00,0,0.00,0,29,1.49,44,2.26,44,0,0,0,04/10/2026,19:21:38,04/10/2026 19:22:42,sim
1,04/10/2026,6257,Presidente,1,municipio,PR,78638,4124301,SANTO ANTÔNIO DO PARAÍSO,,9,9,100.00,0,9,0,9,0,2247,2247,100.00,0,2247,0,2247,0,1753,78.02,494,21.98,1753,1706,97.32,1706,1706,100.00,0,0.00,0,27,1.54,20,1.14,20,0,0,0,04/10/2026,17:58:18,04/10/2026 17:59:31,sim
1,04/10/2026,6257,Presidente,1,municipio,PR,78654,4124509,SANTO INÁCIO,,14,14,100.00,0,14,0,14,0,4802,4802,100.00,0,4802,0,4802,0,3751,78.11,1051,21.89,3751,3642,97.09,3642,3642,100.00,0,0.00,0,43,1.15,66,1.76,66,0,0,0,04/10/2026,18:38:35,04/10/2026 18:39:53,sim
1,04/10/2026,6257,Presidente,1,municipio,PR,78670,4124608,SÃO CARLOS DO IVAÍ,,17,17,100.00,0,17,0,17,0,5076,5076,100.00,0,5076,0,5076,0,4210,82.94,866,17.06,4210,4037,95.89,4037,4037,100.00,0,0.00,0,77,1.83,96,2.28,96,0,0,0,04/10/2026,18:11:50,04/10/2026 18:12:50,sim
1,04/10/2026,6257,Presidente,1,municipio,PR,78697,4124707,SÃO JERÔNIMO DA SERRA,,35,35,100.00,0,35,0,35,0,8538,8538,100.00,0,8538,0,8538,0,6292,73.69,2246,26.31,6292,6034,95.90,6034,6034,100.00,0,0.00,0,85,1.35,173,2.75,172,1,0,0,04/10/2026,19:05:14,04/10/2026 19:07:20,sim
1,04/10/2026,6257,Presidente,1,municipio,PR,78719,4124806,SÃO JOÃO,,33,33,100.00,0,33,0,33,0,9177,9177,100.00,0,9177,0,9177,0,7518,81.92,1659,18.08,7518,7289,96.95,7289,7289,100.00,0,0.00,0,84,1.12,145,1.93,145,0,0,0,04/10/2026,18:25:50,04/10/2026 18:26:58,sim
1,04/10/2026,6257,Presidente,1,municipio,PR,78735,4124905,SÃO JOÃO DO CAIUÁ,,16,16,100.00,0,16,0,16,0,4585,4585,100.00,0,4585,0,4585,0,3762,82.05,823,17.95,3762,3638,96.70,3638,3638,100.00,0,0.00,0,61,1.62,63,1.67,63,0,0,0,04/10/2026,17:58:35,04/10/2026 17:59:31,sim
1,04/10/2026,6257,Presidente,1,municipio,PR,78751,4125001,SÃO JOÃO DO IVAÍ,,29,29,100.00,0,29,0,29,0,9056,9056,100.00,0,9056,0,9056,0,7017,77.48,2039,22.52,7017,6790,96.76,6790,6790,100.00,0,0.00,0,96,1.37,131,1.87,131,0,0,0,04/10/2026,18:28:41,04/10/2026 18:30:24,sim
1,04/10/2026,6257,Presidente,1,municipio,PR,78778,4125100,SÃO JOÃO DO TRIUNFO,,46,46,100.00,0,46,0,46,0,11623,11623,100.00,0,11623,0,11623,0,9608,82.66,2015,17.34,9608,9017,93.85,9017,9017,100.00,0,0.00,0,402,4.18,189,1.97,188,1,0,0,04/10/2026,18:34:51,04/10/2026 18:35:59,sim
1,04/10/2026,6257,Presidente,1,municipio,PR,78794,4125308,SÃO JORGE DO IVAÍ,,18,18,100.00,0,18,0,18,0,4820,4820,100.00,0,4820,0,4820,0,4044,83.90,776,16.10,4044,3926,97.08,3926,3926,100.00,0,0.00,0,56,1.38,62,1.53,62,0,0,0,04/10/2026,18:26:10,04/10/2026 18:27:22,sim
1,04/10/2026,6257,Presidente,1,municipio,PR,78816,4125209,SÃO JORGE D'OESTE,,29,29,100.00,0,29,0,29,0,8006,8006,100.00,0,8006,0,8006,0,6734,84.11,1272,15.89,6734,6555,97.34,6555,6555,100.00,0,0.00,0,92,1.37,87,1.29,87,0,0,0,04/10/2026,19:05:45,04/10/2026 19:07:20,sim
1,04/10/2026,6257,Presidente,1,municipio,PR,78832,4125407,SÃO JOSÉ DA BOA VISTA,,16,16,100.00,0,16,0,16,0,4737,4737,100.00,0,4737,0,4737,0,3784,79.88,953,20.12,3784,3642,96.25,3642,3642,100.00,0,0.00,0,48,1.27,94,2.48,94,0,0,0,04/10/2026,18:30:26,04/10/2026 18:32:03,sim
1,04/10/2026,6257,Presidente,1,municipio,PR,78859,4125506,SÃO JOSÉ DOS PINHAIS,,641,641,100.00,0,641,0,641,0,227539,227539,100.00,0,227539,0,227539,0,181359,79.70,46180,20.30,181359,173708,95.78,173708,173708,100.00,0,0.00,0,3803,2.10,3848,2.12,3839,9,0,0,04/10/2026,19:07:08,04/10/2026 19:08:17,sim
1,04/10/2026,6257,Presidente,1,municipio,PR,78875,4125605,SÃO MATEUS DO SUL,,115,115,100.00,0,115,0,115,0,34022,34022,100.00,0,34022,0,34022,0,27626,81.20,6396,18.80,27626,26279,95.12,26279,26279,100.00,0,0.00,0,787,2.85,560,2.03,560,0,0,0,04/10/2026,18:54:11,04/10/2026 18:54:49,sim
1,04/10/2026,6257,Presidente,1,municipio,PR,78891,4125704,SÃO MIGUEL DO IGUAÇU,,79,79,100.00,0,79,0,79,0,21857,21857,100.00,0,21857,0,21857,0,17616,80.60,4241,19.40,17616,17194,97.60,17194,17194,100.00,0,0.00,0,177,1.00,245,1.39,245,0,0,0,04/10/2026,18:28:30,04/10/2026 18:30:24,sim
1,04/10/2026,6257,Presidente,1,municipio,PR,78913,4125803,SÃO PEDRO DO IVAÍ,,25,25,100.00,0,25,0,25,0,6943,6943,100.00,0,6943,0,6943,0,5492,79.10,1451,20.90,5492,5278,96.10,5278,5278,100.00,0,0.00,0,89,1.62,125,2.28,124,1,0,0,04/10/2026,18:31:41,04/10/2026 18:32:30,sim
1,04/10/2026,6257,Presidente,1,municipio,PR,78930,4125902,SÃO PEDRO DO PARANÁ,,11,11,100.00,0,11,0,11,0,2695,2695,100.00,0,2695,0,2695,0,2141,79.44,554,20.56,2141,2084,97.34,2084,2084,100.00,0,0.00,0,24,1.12,33,1.54,30,3,0,0,04/10/2026,18:12:28,04/10/2026 18:13:43,sim
1,04/10/2026,6257,Presidente,1,municipio,PR,78956,4126009,SÃO SEBASTIÃO DA AMOREIRA,,22,22,100.00,0,22,0,22,0,6561,6561,100.00,0,6561,0,6561,0,5079,77.41,1482,22.59,5079,4904,96.55,4904,4904,100.00,0,0.00,0,80,1.58,95,1.87,95,0,0,0,04/10/2026,18:29:57,04/10/2026 18:32:02,sim
1,04/10/2026,6257,Presidente,1,municipio,PR,78972,4126108,SÃO TOMÉ,,16,16,100.00,0,16,0,16,0,4816,4816,100.00,0,4816,0,4816,0,3755,77.97,1061,22.03,3755,3592,95.66,3592,3592,100.00,0,0.00,0,72,1.92,91,2.42,91,0,0,0,04/10/2026,18:14:53,04/10/2026 18:16:16,sim
1,04/10/2026,6257,Presidente,1,municipio,PR,78999,4126207,SAPOPEMA,,20,20,100.00,0,20,0,20,0,5485,5485,100.00,0,5485,0,5485,0,4239,77.28,1246,22.72,4239,4051,95.56,4051,4051,100.00,0,0.00,0,81,1.91,107,2.52,107,0,0,0,04/10/2026,19:12:51,04/10/2026 19:13:36,sim
1,04/10/2026,6257,Presidente,1,municipio,PR,79014,4126306,SENGÉS,,50,50,100.00,0,50,0,50,0,13757,13757,100.00,0,13757,0,13757,0,10738,78.05,3019,21.95,10738,10255,95.50,10255,10255,100.00,0,0.00,0,215,2.00,268,2.50,268,0,0,0,04/10/2026,19:00:56,04/10/2026 19:01:44,sim
1,04/10/2026,6257,Presidente,1,municipio,PR,79030,4126405,SERTANEJA,,16,16,100.00,0,16,0,16,0,4818,4818,100.00,0,4818,0,4818,0,3914,81.24,904,18.76,3914,3794,96.93,3794,3794,100.00,0,0.00,0,51,1.30,69,1.76,69,0,0,0,04/10/2026,18:42:02,04/10/2026 18:44:33,sim
1,04/10/2026,6257,Presidente,1,municipio,PR,79057,4126504,SERTANÓPOLIS,,40,40,100.00,0,40,0,40,0,13311,13311,100.00,0,13311,0,13311,0,10470,78.66,2841,21.34,10470,10168,97.12,10168,10168,100.00,0,0.00,0,138,1.32,164,1.57,164,0,0,0,04/10/2026,18:38:08,04/10/2026 18:39:17,sim
1,04/10/2026,6257,Presidente,1,municipio,PR,79073,4126603,SIQUEIRA CAMPOS,,50,50,100.00,0,50,0,50,0,16432,16432,100.00,0,16432,0,16432,0,12725,77.44,3707,22.56,12725,12058,94.76,12058,12058,100.00,0,0.00,0,247,1.94,420,3.30,419,1,0,0,04/10/2026,19:03:24,04/10/2026 19:04:40,sim
1,04/10/2026,6257,Presidente,1,municipio,PR,79090,4126702,TAMBOARA,,14,14,100.00,0,14,0,14,0,4157,4157,100.00,0,4157,0,4157,0,3275,78.78,882,21.22,3275,3100,94.66,3100,3100,100.00,0,0.00,0,66,2.02,109,3.33,109,0,0,0,04/10/2026,18:37:34,04/10/2026 18:39:17,sim
1,04/10/2026,6257,Presidente,1,municipio,PR,79111,4126801,TAPEJARA,,36,36,100.00,0,36,0,36,0,11635,11635,100.00,0,11635,0,11635,0,8963,77.03,2672,22.97,8963,8635,96.34,8635,8635,100.00,0,0.00,0,135,1.51,193,2.15,193,0,0,0,04/10/2026,18:30:24,04/10/2026 18:32:02,sim
1,04/10/2026,6257,Presidente,1,municipio,PR,79138,4127007,TEIXEIRA SOARES,,28,28,100.00,0,28,0,28,0,8083,8083,100.00,0,8083,0,8083,0,6447,79.76,1636,20.24,6447,6174,95.77,6174,6174,100.00,0,0.00,0,144,2.23,129,2.00,129,0,0,0,04/10/2026,18:48:09,04/10/2026 18:50:07,sim
1,04/10/2026,6257,Presidente,1,municipio,PR,79154,4127106,TELÊMACO BORBA,,165,165,100.00,0,165,0,165,0,51913,51913,100.00,0,51913,0,51913,0,40930,78.84,10983,21.16,40930,39198,95.77,39198,39198,100.00,0,0.00,0,985,2.41,747,1.83,742,5,0,0,04/10/2026,18:57:56,04/10/2026 18:59:17,sim
1,04/10/2026,6257,Presidente,1,municipio,PR,79170,4127205,TERRA BOA,,41,41,100.00,0,41,0,41,0,13355,13355,100.00,0,13355,0,13355,0,10330,77.35,3025,22.65,10330,9959,96.41,9959,9959,100.00,0,0.00,0,184,1.78,187,1.81,186,1,0,0,04/10/2026,18:11:09,04/10/2026 18:12:31,sim
1,04/10/2026,6257,Presidente,1,municipio,PR,79197,4127304,TERRA RICA,,41,41,100.00,0,41,0,41,0,11783,11783,100.00,0,11783,0,11783,0,9017,76.53,2766,23.47,9017,8707,96.56,8707,8707,100.00,0,0.00,0,136,1.51,174,1.93,174,0,0,0,04/10/2026,18:40:13,04/10/2026 18:42:14,sim
1,04/10/2026,6257,Presidente,1,municipio,PR,79219,4127403,TERRA ROXA,,47,47,100.00,0,47,0,47,0,13332,13332,100.00,0,13332,0,13332,0,10761,80.72,2571,19.28,10761,10473,97.32,10473,10473,100.00,0,0.00,0,109,1.01,179,1.66,178,1,0,0,04/10/2026,19:13:27,04/10/2026 19:14:08,sim
1,04/10/2026,6257,Presidente,1,municipio,PR,79235,4127502,TIBAGI,,50,50,100.00,0,50,0,50,0,14864,14864,100.00,0,14864,0,14864,0,11255,75.72,3609,24.28,11255,10704,95.10,10704,10704,100.00,0,0.00,0,291,2.59,260,2.31,260,0,0,0,04/10/2026,18:57:26,04/10/2026 18:58:15,sim
1,04/10/2026,6257,Presidente,1,municipio,PR,79251,4127601,TIJUCAS DO SUL,,40,40,100.00,0,40,0,40,0,13059,13059,100.00,0,13059,0,13059,0,10737,82.22,2322,17.78,10737,10231,95.29,10231,10231,100.00,0,0.00,0,272,2.53,234,2.18,234,0,0,0,04/10/2026,20:12:45,04/10/2026 20:13:59,sim
1,04/10/2026,6257,Presidente,1,municipio,PR,79278,4127700,TOLEDO,,355,355,100.00,0,355,0,355,0,108119,108119,100.00,0,108119,0,108119,0,88198,81.57,19921,18.43,88198,85568,97.02,85568,85568,100.00,0,0.00,0,1162,1.32,1468,1.66,1465,3,0,0,04/10/2026,20:10:13,04/10/2026 20:11:15,sim
1,04/10/2026,6257,Presidente,1,municipio,PR,79294,4127809,TOMAZINA,,25,25,100.00,0,25,0,25,0,6647,6647,100.00,0,6647,0,6647,0,5297,79.69,1350,20.31,5297,5099,96.26,5099,5099,100.00,0,0.00,0,81,1.53,117,2.21,117,0,0,0,04/10/2026,19:13:13,04/10/2026 19:14:08,sim
1,04/10/2026,6257,Presidente,1,municipio,PR,79316,4127908,TUNEIRAS DO OESTE,,21,21,100.00,0,21,0,21,0,6721,6721,100.00,0,6721,0,6721,0,5290,78.71,1431,21.29,5290,5153,97.41,5153,5153,100.00,0,0.00,0,54,1.02,83,1.57,83,0,0,0,04/10/2026,19:25:59,04/10/2026 19:29:45,sim
1,04/10/2026,6257,Presidente,1,municipio,PR,79332,4128005,UBIRATÃ,,66,66,100.00,0,66,0,66,0,19130,19130,100.00,0,19130,0,19130,0,15260,79.77,3870,20.23,15260,14789,96.91,14789,14789,100.00,0,0.00,0,236,1.55,235,1.54,235,0,0,0,04/10/2026,19:14:55,04/10/2026 19:16:20,sim
1,04/10/2026,6257,Presidente,1,municipio,PR,79359,4128104,UMUARAMA,,256,256,100.00,0,256,0,256,0,82990,82990,100.00,0,82990,0,82990,0,65258,78.63,17732,21.37,65258,63490,97.29,63490,63490,100.00,0,0.00,0,856,1.31,912,1.40,911,1,0,0,04/10/2026,18:59:57,04/10/2026 19:00:48,sim
1,04/10/2026,6257,Presidente,1,municipio,PR,79375,4128203,UNIÃO DA VITÓRIA,,139,139,100.00,0,139,0,139,0,40654,40654,100.00,0,40654,0,40654,0,31382,77.19,9272,22.81,31382,29991,95.57,29991,29991,100.00,0,0.00,0,788,2.51,603,1.92,600,3,0,0,04/10/2026,19:05:58,04/10/2026 19:07:20,sim
1,04/10/2026,6257,Presidente,1,municipio,PR,79391,4128302,UNIFLOR,,8,8,100.00,0,8,0,8,0,2155,2155,100.00,0,2155,0,2155,0,1786,82.88,369,17.12,1786,1738,97.31,1738,1738,100.00,0,0.00,0,17,0.95,31,1.74,31,0,0,0,04/10/2026,17:59:37,04/10/2026 18:00:46,sim
1,04/10/2026,6257,Presidente,1,municipio,PR,79413,4128401,URAÍ,,32,32,100.00,0,32,0,32,0,8555,8555,100.00,0,8555,0,8555,0,6745,78.84,1810,21.16,6745,6506,96.46,6506,6506,100.00,0,0.00,0,101,1.50,138,2.05,138,0,0,0,04/10/2026,18:31:02,04/10/2026 18:32:30,sim
1,04/10/2026,6257,Presidente,1,municipio,PR,79430,4128500,WENCESLAU BRAZ,,48,48,100.00,0,48,0,48,0,14549,14549,100.00,0,14549,0,14549,0,11068,76.07,3481,23.93,11068,10663,96.34,10663,10663,100.00,0,0.00,0,209,1.89,196,1.77,196,0,0,0,04/10/2026,18:29:02,04/10/2026 18:30:23,sim
1,04/10/2026,6257,Presidente,1,municipio,PR,79456,4128609,VERÊ,,24,24,100.00,0,24,0,24,0,6888,6888,100.00,0,6888,0,6888,0,5840,84.79,1048,15.21,5840,5653,96.80,5653,5653,100.00,0,0.00,0,93,1.59,94,1.61,94,0,0,0,04/10/2026,18:28:33,04/10/2026 18:30:24,sim
1,04/10/2026,6257,Presidente,1,municipio,PR,79472,4128708,VITORINO,,18,18,100.00,0,18,0,18,0,5942,5942,100.00,0,5942,0,5942,0,4949,83.29,993,16.71,4949,4839,97.78,4839,4839,100.00,0,0.00,0,52,1.05,58,1.17,58,0,0,0,04/10/2026,17:49:24,04/10/2026 17:51:39,sim
1,04/10/2026,6257,Presidente,1,municipio,PR,79499,4128807,XAMBRÊ,,19,19,100.00,0,19,0,19,0,5375,5375,100.00,0,5375,0,5375,0,4140,77.02,1235,22.98,4140,4038,97.54,4038,4038,100.00,0,0.00,0,48,1.16,54,1.30,54,0,0,0,04/10/2026,17:55:47,04/10/2026 17:57:31,sim
1,04/10/2026,6257,Presidente,1,municipio,PR,79510,4100509,ALTÔNIA,,50,50,100.00,0,50,0,50,0,14510,14510,100.00,0,14510,0,14510,0,11306,77.92,3204,22.08,11306,10958,96.92,10958,10958,100.00,0,0.00,0,164,1.45,184,1.63,184,0,0,0,04/10/2026,18:01:02,04/10/2026 18:09:29,sim
1,04/10/2026,6257,Presidente,1,municipio,PR,79537,4102000,ASSIS CHATEAUBRIAND,,87,87,100.00,0,87,0,87,0,27256,27256,100.00,0,27256,0,27256,0,21731,79.73,5525,20.27,21731,21045,96.84,21045,21045,100.00,0,0.00,0,307,1.41,379,1.74,378,1,0,0,04/10/2026,19:29:32,04/10/2026 19:30:47,sim
1,04/10/2026,6257,Presidente,1,municipio,PR,79553,4120903,QUEDAS DO IGUAÇU,,80,80,100.00,0,80,0,80,0,23209,23209,100.00,0,23209,0,23209,0,17989,77.51,5220,22.49,17989,17476,97.15,17476,17476,100.00,0,0.00,0,230,1.28,283,1.57,283,0,0,0,04/10/2026,18:35:36,04/10/2026 18:37:22,sim
1,04/10/2026,6257,Presidente,1,municipio,PR,79570,4105300,CÉU AZUL,,27,27,100.00,0,27,0,27,0,8788,8788,100.00,0,8788,0,8788,0,7186,81.77,1602,18.23,7186,6985,97.20,6985,6985,100.00,0,0.00,0,87,1.21,114,1.59,114,0,0,0,04/10/2026,19:13:19,04/10/2026 19:14:08,sim
1,04/10/2026,6257,Presidente,1,municipio,PR,79596,4108700,GRANDES RIOS,,18,18,100.00,0,18,0,18,0,4758,4758,100.00,0,4758,0,4758,0,3729,78.37,1029,21.63,3729,3598,96.49,3598,3598,100.00,0,0.00,0,57,1.53,74,1.98,74,0,0,0,04/10/2026,18:56:47,04/10/2026 18:57:43,sim
1,04/10/2026,6257,Presidente,1,municipio,PR,79618,4110409,INDIANÓPOLIS,,14,14,100.00,0,14,0,14,0,3803,3803,100.00,0,3803,0,3803,0,3007,79.07,796,20.93,3007,2869,95.41,2869,2869,100.00,0,0.00,0,60,2.00,78,2.59,78,0,0,0,04/10/2026,17:52:26,04/10/2026 17:53:58,sim
1,04/10/2026,6257,Presidente,1,municipio,PR,79634,4115705,MATINHOS,,100,100,100.00,0,100,0,100,0,35293,35293,100.00,0,35293,0,35293,0,24935,70.65,10358,29.35,24935,23989,96.21,23989,23989,100.00,0,0.00,0,442,1.77,504,2.02,502,2,0,0,04/10/2026,19:17:16,04/10/2026 19:21:05,sim
1,04/10/2026,6257,Presidente,1,municipio,PR,79650,4116703,NOVA AURORA,,35,35,100.00,0,35,0,35,0,9631,9631,100.00,0,9631,0,9631,0,8096,84.06,1535,15.94,8096,7844,96.89,7844,7844,100.00,0,0.00,0,119,1.47,133,1.64,133,0,0,0,04/10/2026,19:18:48,04/10/2026 19:21:04,sim
1,04/10/2026,6257,Presidente,1,municipio,PR,79677,4117206,NOVA OLÍMPIA,,17,17,100.00,0,17,0,17,0,4854,4854,100.00,0,4854,0,4854,0,3834,78.99,1020,21.01,3834,3702,96.56,3702,3702,100.00,0,0.00,0,58,1.51,74,1.93,74,0,0,0,04/10/2026,20:09:35,04/10/2026 20:10:56,sim
1,04/10/2026,6257,Presidente,1,municipio,PR,79693,4118907,PÉROLA,,30,30,100.00,0,30,0,30,0,9508,9508,100.00,0,9508,0,9508,0,7238,76.13,2270,23.87,7238,6995,96.64,6995,6995,100.00,0,0.00,0,111,1.53,132,1.82,132,0,0,0,04/10/2026,18:10:01,04/10/2026 18:11:17,sim
1,04/10/2026,6257,Presidente,1,municipio,PR,79715,4123501,SANTA HELENA,,75,75,100.00,0,75,0,75,0,21071,21071,100.00,0,21071,0,21071,0,17035,80.85,4036,19.15,17035,16629,97.62,16629,16629,100.00,0,0.00,0,178,1.04,228,1.34,228,0,0,0,04/10/2026,19:11:21,04/10/2026 19:11:53,sim
1,04/10/2026,6257,Presidente,1,municipio,PR,79731,4126900,TAPIRA,,17,17,100.00,0,17,0,17,0,4694,4694,100.00,0,4694,0,4694,0,3554,75.71,1140,24.29,3554,3430,96.51,3430,3430,100.00,0,0.00,0,55,1.55,69,1.94,68,1,0,0,04/10/2026,20:55:17,04/10/2026 20:56:20,sim
1,04/10/2026,6257,Presidente,1,municipio,PR,79758,4115002,MARILENA,,19,19,100.00,0,19,0,19,0,5989,5989,100.00,0,5989,0,5989,0,4620,77.14,1369,22.86,4620,4483,97.03,4483,4483,100.00,0,0.00,0,58,1.26,79,1.71,79,0,0,0,04/10/2026,19:13:48,04/10/2026 19:15:04,sim
1,04/10/2026,6257,Presidente,1,municipio,PR,79774,4108320,FRANCISCO ALVES,,21,21,100.00,0,21,0,21,0,6100,6100,100.00,0,6100,0,6100,0,4580,75.08,1520,24.92,4580,4442,96.99,4442,4442,100.00,0,0.00,0,69,1.51,69,1.51,68,1,0,0,04/10/2026,17:57:51,04/10/2026 17:58:54,sim
1,04/10/2026,6257,Presidente,1,municipio,PR,79790,4117222,NOVA SANTA ROSA,,24,24,100.00,0,24,0,24,0,7055,7055,100.00,0,7055,0,7055,0,6057,85.85,998,14.15,6057,5978,98.70,5978,5978,100.00,0,0.00,0,36,0.59,43,0.71,43,0,0,0,04/10/2026,19:08:15,04/10/2026 19:09:23,sim
1,04/10/2026,6257,Presidente,1,municipio,PR,79812,4103057,BOA VISTA DA APARECIDA,,20,20,100.00,0,20,0,20,0,7107,7107,100.00,0,7107,0,7107,0,5615,79.01,1492,20.99,5615,5429,96.69,5429,5429,100.00,0,0.00,0,76,1.35,110,1.96,110,0,0,0,04/10/2026,19:21:48,04/10/2026 19:22:42,sim
1,04/10/2026,6257,Presidente,1,municipio,PR,79839,4103354,BRAGANEY,,16,16,100.00,0,16,0,16,0,4330,4330,100.00,0,4330,0,4330,0,3495,80.72,835,19.28,3495,3376,96.60,3376,3376,100.00,0,0.00,0,56,1.60,63,1.80,62,1,0,0,04/10/2026,18:37:03,04/10/2026 18:38:13,sim
1,04/10/2026,6257,Presidente,1,municipio,PR,79855,4103453,CAFELÂNDIA,,41,41,100.00,0,41,0,41,0,13247,13247,100.00,0,13247,0,13247,0,10940,82.58,2307,17.42,10940,10639,97.25,10639,10639,100.00,0,0.00,0,137,1.25,164,1.50,163,1,0,0,04/10/2026,19:08:22,04/10/2026 19:09:23,sim
1,04/10/2026,6257,Presidente,1,municipio,PR,79871,4127858,TRÊS BARRAS DO PARANÁ,,35,35,100.00,0,35,0,35,0,9120,9120,100.00,0,9120,0,9120,0,7448,81.67,1672,18.33,7448,7187,96.50,7187,7187,100.00,0,0.00,0,142,1.91,119,1.60,119,0,0,0,04/10/2026,19:01:21,04/10/2026 19:02:37,sim
1,04/10/2026,6257,Presidente,1,municipio,PR,79898,4128559,VERA CRUZ DO OESTE,,21,21,100.00,0,21,0,21,0,6593,6593,100.00,0,6593,0,6593,0,5320,80.69,1273,19.31,5320,5149,96.79,5149,5149,100.00,0,0.00,0,64,1.20,107,2.01,107,0,0,0,04/10/2026,18:59:36,04/10/2026 19:00:49,sim
1,04/10/2026,6257,Presidente,1,municipio,PR,79910,4120358,PRANCHITA,,17,17,100.00,0,17,0,17,0,4649,4649,100.00,0,4649,0,4649,0,3942,84.79,707,15.21,3942,3860,97.92,3860,3860,100.00,0,0.00,0,39,0.99,43,1.09,43,0,0,0,04/10/2026,18:14:21,04/10/2026 18:15:25,sim
1,04/10/2026,6257,Presidente,1,municipio,PR,79936,4127957,TUPÃSSI,,21,21,100.00,0,21,0,21,0,6257,6257,100.00,0,6257,0,6257,0,5172,82.66,1085,17.34,5172,5029,97.24,5029,5029,100.00,0,0.00,0,76,1.47,67,1.30,67,0,0,0,04/10/2026,18:19:36,04/10/2026 18:20:36,sim
1,04/10/2026,6257,Presidente,1,municipio,PR,79952,4117255,NOVA PRATA DO IGUAÇU,,27,27,100.00,0,27,0,27,0,8864,8864,100.00,0,8864,0,8864,0,7237,81.64,1627,18.36,7237,7089,97.95,7089,7089,100.00,0,0.00,0,80,1.11,68,0.94,67,1,0,0,04/10/2026,19:02:40,04/10/2026 19:03:18,sim
1,04/10/2026,6257,Presidente,1,municipio,PR,79979,4112751,JESUÍTAS,,25,25,100.00,0,25,0,25,0,7384,7384,100.00,0,7384,0,7384,0,6049,81.92,1335,18.08,6049,5810,96.05,5810,5810,100.00,0,0.00,0,103,1.70,136,2.25,136,0,0,0,04/10/2026,19:15:37,04/10/2026 19:16:43,sim
1,04/10/2026,6257,Presidente,1,municipio,PR,79995,4125357,SÃO JORGE DO PATROCÍNIO,,16,16,100.00,0,16,0,16,0,5235,5235,100.00,0,5235,0,5235,0,4155,79.37,1080,20.63,4155,4040,97.23,4040,4040,100.00,0,0.00,0,42,1.01,73,1.76,73,0,0,0,04/10/2026,18:35:52,04/10/2026 18:37:23,sim
1,04/10/2026,6257,Presidente,1,municipio,PR,84514,4104451,CANTAGALO,,35,35,100.00,0,35,0,35,0,9118,9118,100.00,0,9118,0,9118,0,6886,75.52,2232,24.48,6886,6600,95.85,6600,6600,100.00,0,0.00,0,102,1.48,184,2.67,184,0,0,0,04/10/2026,18:09:12,04/10/2026 18:10:01,sim
1,04/10/2026,6257,Presidente,1,municipio,PR,84530,4127965,TURVO,,46,46,100.00,0,46,0,46,0,11863,11863,100.00,0,11863,0,11863,0,9595,80.88,2268,19.12,9595,9253,96.44,9253,9253,100.00,0,0.00,0,154,1.61,188,1.96,188,0,0,0,04/10/2026,21:44:45,04/10/2026 21:45:53,sim
1,04/10/2026,6257,Presidente,1,municipio,PR,84557,4100459,ALTAMIRA DO PARANÁ,,11,11,100.00,0,11,0,11,0,3441,3441,100.00,0,3441,0,3441,0,2655,77.16,786,22.84,2655,2568,96.72,2568,2568,100.00,0,0.00,0,35,1.32,52,1.96,52,0,0,0,04/10/2026,17:42:59,04/10/2026 17:44:16,sim
1,04/10/2026,6257,Presidente,1,municipio,PR,84573,4107751,FIGUEIRA,,19,19,100.00,0,19,0,19,0,6360,6360,100.00,0,6360,0,6360,0,4771,75.02,1589,24.98,4771,4571,95.81,4571,4571,100.00,0,0.00,0,88,1.84,112,2.35,112,0,0,0,04/10/2026,20:13:16,04/10/2026 20:14:18,sim
1,04/10/2026,6257,Presidente,1,municipio,PR,84590,4113759,LUNARDELLI,,14,14,100.00,0,14,0,14,0,4235,4235,100.00,0,4235,0,4235,0,3322,78.44,913,21.56,3322,3179,95.70,3179,3179,100.00,0,0.00,0,72,2.17,71,2.14,71,0,0,0,04/10/2026,18:49:24,04/10/2026 18:51:31,sim
1,04/10/2026,6257,Presidente,1,municipio,PR,84611,4126256,SARANDI,,218,218,100.00,0,218,0,218,0,72031,72031,100.00,0,72031,0,72031,0,54578,75.77,17453,24.23,54578,52143,95.54,52143,52143,100.00,0,0.00,0,1252,2.29,1183,2.17,1180,3,0,0,04/10/2026,18:48:24,04/10/2026 18:51:31,sim
1,04/10/2026,6257,Presidente,1,municipio,PR,84638,4112959,JURANDA,,21,21,100.00,0,21,0,21,0,6202,6202,100.00,0,6202,0,6202,0,5110,82.39,1092,17.61,5110,4962,97.10,4962,4962,100.00,0,0.00,0,63,1.23,85,1.66,85,0,0,0,04/10/2026,18:43:15,04/10/2026 18:44:56,sim
1,04/10/2026,6257,Presidente,1,municipio,PR,84654,4107256,DOURADINA,,22,22,100.00,0,22,0,22,0,6988,6988,100.00,0,6988,0,6988,0,5603,80.18,1385,19.82,5603,5465,97.54,5465,5465,100.00,0,0.00,0,74,1.32,64,1.14,64,0,0,0,04/10/2026,19:24:23,04/10/2026 19:25:22,sim
1,04/10/2026,6257,Presidente,1,municipio,PR,84670,4124053,SANTA TEREZINHA DE ITAIPU,,56,56,100.00,0,56,0,56,0,18871,18871,100.00,0,18871,0,18871,0,15304,81.10,3567,18.90,15304,14915,97.46,14915,14915,100.00,0,0.00,0,166,1.08,223,1.46,223,0,0,0,04/10/2026,19:20:20,04/10/2026 19:21:05,sim
1,04/10/2026,6257,Presidente,1,municipio,PR,84697,4116059,MISSAL,,33,33,100.00,0,33,0,33,0,9671,9671,100.00,0,9671,0,9671,0,8108,83.84,1563,16.16,8108,7949,98.04,7949,7949,100.00,0,0.00,0,63,0.78,96,1.18,96,0,0,0,04/10/2026,18:13:47,04/10/2026 18:15:07,sim
1,04/10/2026,6257,Presidente,1,municipio,PR,84719,4125456,SÃO JOSÉ DAS PALMEIRAS,,11,11,100.00,0,11,0,11,0,3463,3463,100.00,0,3463,0,3463,0,2757,79.61,706,20.39,2757,2676,97.06,2676,2676,100.00,0,0.00,0,40,1.45,41,1.49,41,0,0,0,04/10/2026,17:56:25,04/10/2026 17:57:31,sim
