turno,data_eleicao,cd_eleicao,cargo,cd_cargo,nivel,uf,cd_municipio_tse,cd_municipio_ibge,municipio,zona,secoes_total,secoes_totalizadas,pct_secoes_totalizadas,secoes_nao_totalizadas,secoes_instaladas,secoes_nao_instaladas,secoes_anuladas,secoes_nao_anuladas,eleitorado_apto,eleitorado_secoes_totalizadas,pct_eleitorado_totalizado,eleitorado_nao_totalizado,eleitorado_instalado,eleitorado_nao_instalado,eleitorado_anulado,eleitorado_nao_anulado,comparecimento,pct_comparecimento,abstencao,pct_abstencao,votos_totais,votos_validos_contabilizados,pct_validos_contabilizados,votos_validos,votos_nominais,pct_nominais,votos_legenda,pct_legenda,votos_legenda_sem_juncao,votos_brancos,pct_brancos,votos_nulos_total,pct_nulos,votos_nulos,votos_nulos_tecnicos,votos_anulados,votos_anulados_sub_judice,data_totalizacao,hora_totalizacao,gerado_em,oficial
1,04/10/2026,6257,Presidente,1,municipio,SP,61000,3515350,EUCLIDES DA CUNHA PAULISTA,,21,21,100.00,0,21,0,21,0,6336,6336,100.00,0,6336,0,6336,0,4525,71.42,1811,28.58,4525,4368,96.53,4368,4368,100.00,0,0.00,0,66,1.46,91,2.01,91,0,0,0,04/10/2026,18:49:26,04/10/2026 18:51:31,sim
1,04/10/2026,6257,Presidente,1,municipio,SP,61018,3500105,ADAMANTINA,,83,83,100.00,0,83,0,83,0,25494,25494,100.00,0,25494,0,25494,0,19779,77.58,5715,22.42,19779,18871,95.41,18871,18871,100.00,0,0.00,0,463,2.34,445,2.25,445,0,0,0,04/10/2026,18:27:46,04/10/2026 18:29:17,sim
1,04/10/2026,6257,Presidente,1,municipio,SP,61026,3507456,BOREBI,,8,8,100.00,0,8,0,8,0,2400,2400,100.00,0,2400,0,2400,0,1890,78.75,510,21.25,1890,1796,95.03,1796,1796,100.00,0,0.00,0,41,2.17,53,2.80,53,0,0,0,04/10/2026,18:41:30,04/10/2026 18:43:26,sim
1,04/10/2026,6257,Presidente,1,municipio,SP,61034,3500204,ADOLFO,,14,14,100.00,0,14,0,14,0,3977,3977,100.00,0,3977,0,3977,0,3105,78.07,872,21.93,3105,2972,95.72,2972,2972,100.00,0,0.00,0,49,1.58,84,2.71,84,0,0,0,04/10/2026,18:38:13,04/10/2026 18:39:53,sim
1,04/10/2026,6257,Presidente,1,municipio,SP,61042,3553955,TARUMÃ,,35,35,100.00,0,35,0,35,0,11526,11526,100.00,0,11526,0,11526,0,9118,79.11,2408,20.89,9118,8775,96.24,8775,8775,100.00,0,0.00,0,163,1.79,180,1.97,180,0,0,0,04/10/2026,19:09:26,04/10/2026 19:10:40,sim
1,04/10/2026,6257,Presidente,1,municipio,SP,61050,3500303,AGUAÍ,,70,70,100.00,0,70,0,70,0,24235,24235,100.00,0,24235,0,24235,0,18144,74.87,6091,25.13,18144,16794,92.56,16794,16794,100.00,0,0.00,0,618,3.41,732,4.03,730,2,0,0,04/10/2026,19:27:15,04/10/2026 19:29:47,sim
1,04/10/2026,6257,Presidente,1,municipio,SP,61069,3532058,MOTUCA,,11,11,100.00,0,11,0,11,0,3384,3384,100.00,0,3384,0,3384,0,2659,78.58,725,21.42,2659,2499,93.98,2499,2499,100.00,0,0.00,0,62,2.33,98,3.69,98,0,0,0,04/10/2026,18:40:56,04/10/2026 18:43:25,sim
1,04/10/2026,6257,Presidente,1,municipio,SP,61077,3500402,ÁGUAS DA PRATA,,19,19,100.00,0,19,0,19,0,5911,5911,100.00,0,5911,0,5911,0,4728,79.99,1183,20.01,4728,4499,95.16,4499,4499,100.00,0,0.00,0,89,1.88,140,2.96,139,1,0,0,04/10/2026,19:09:31,04/10/2026 19:10:41,sim
1,04/10/2026,6257,Presidente,1,municipio,SP,61085,3519253,IARAS,,18,18,100.00,0,18,0,18,0,4414,4414,100.00,0,4414,0,4414,0,3086,69.91,1328,30.09,3086,2929,94.91,2929,2929,100.00,0,0.00,0,69,2.24,88,2.85,88,0,0,0,04/10/2026,18:37:24,04/10/2026 18:39:17,sim
1,04/10/2026,6257,Presidente,1,municipio,SP,61093,3500501,ÁGUAS DE LINDÓIA,,48,48,100.00,0,48,0,48,0,14061,14061,100.00,0,14061,0,14061,0,11507,81.84,2554,18.16,11507,10884,94.59,10884,10884,100.00,0,0.00,0,229,1.99,394,3.42,393,1,0,0,04/10/2026,20:24:57,04/10/2026 20:26:04,sim
1,04/10/2026,6257,Presidente,1,municipio,SP,61107,3518859,GUATAPARÁ,,20,20,100.00,0,20,0,20,0,5765,5765,100.00,0,5765,0,5765,0,4284,74.31,1481,25.69,4284,4008,93.56,4008,4008,100.00,0,0.00,0,136,3.17,140,3.27,139,1,0,0,04/10/2026,19:21:46,04/10/2026 19:22:52,sim
1,04/10/2026,6257,Presidente,1,municipio,SP,61115,3500600,ÁGUAS DE SÃO PEDRO,,13,13,100.00,0,13,0,13,0,4335,4335,100.00,0,4335,0,4335,0,3337,76.98,998,23.02,3337,3215,96.34,3215,3215,100.00,0,0.00,0,39,1.17,83,2.49,83,0,0,0,04/10/2026,19:16:26,04/10/2026 19:20:09,sim
1,04/10/2026,6257,Presidente,1,municipio,SP,61123,3513850,DIRCE REIS,,6,6,100.00,0,6,0,6,0,1702,1702,100.00,0,1702,0,1702,0,1354,79.55,348,20.45,1354,1301,96.09,1301,1301,100.00,0,0.00,0,25,1.85,28,2.07,28,0,0,0,04/10/2026,18:31:14,04/10/2026 18:32:19,sim
1,04/10/2026,6257,Presidente,1,municipio,SP,61131,3500709,AGUDOS,,96,96,100.00,0,96,0,96,0,28853,28853,100.00,0,28853,0,28853,0,22394,77.61,6459,22.39,22394,20997,93.76,20997,20997,100.00,0,0.00,0,516,2.30,881,3.93,880,1,0,0,04/10/2026,19:12:40,04/10/2026 19:13:56,sim
1,04/10/2026,6257,Presidente,1,municipio,SP,61140,3515194,ESPÍRITO SANTO DO TURVO,,10,10,100.00,0,10,0,10,0,3546,3546,100.00,0,3546,0,3546,0,2622,73.94,924,26.06,2622,2509,95.69,2509,2509,100.00,0,0.00,0,43,1.64,70,2.67,70,0,0,0,04/10/2026,18:28:41,04/10/2026 18:30:21,sim
1,04/10/2026,6257,Presidente,1,municipio,SP,61158,3500808,ALFREDO MARCONDES,,11,11,100.00,0,11,0,11,0,3964,3964,100.00,0,3964,0,3964,0,3163,79.79,801,20.21,3163,3021,95.51,3021,3021,100.00,0,0.00,0,61,1.93,81,2.56,81,0,0,0,04/10/2026,18:44:50,04/10/2026 18:46:43,sim
1,04/10/2026,6257,Presidente,1,municipio,SP,61166,3544251,ROSANA,,52,52,100.00,0,52,0,52,0,14263,14263,100.00,0,14263,0,14263,0,9788,68.63,4475,31.37,9788,9387,95.90,9387,9387,100.00,0,0.00,0,161,1.64,240,2.45,239,1,0,0,04/10/2026,20:07:05,04/10/2026 20:10:50,sim
1,04/10/2026,6257,Presidente,1,municipio,SP,61174,3500907,ALTAIR,,11,11,100.00,0,11,0,11,0,2954,2954,100.00,0,2954,0,2954,0,2405,81.42,549,18.58,2405,2282,94.89,2282,2282,100.00,0,0.00,0,51,2.12,72,2.99,72,0,0,0,04/10/2026,18:54:29,04/10/2026 18:55:27,sim
1,04/10/2026,6257,Presidente,1,municipio,SP,61182,3514957,EMBAÚBA,,8,8,100.00,0,8,0,8,0,2448,2448,100.00,0,2448,0,2448,0,2014,82.27,434,17.73,2014,1910,94.84,1910,1910,100.00,0,0.00,0,43,2.14,61,3.03,61,0,0,0,04/10/2026,18:59:54,04/10/2026 19:00:59,sim
1,04/10/2026,6257,Presidente,1,municipio,SP,61190,3501004,ALTINÓPOLIS,,49,49,100.00,0,49,0,49,0,12706,12706,100.00,0,12706,0,12706,0,9911,78.00,2795,22.00,9911,9239,93.22,9239,9239,100.00,0,0.00,0,315,3.18,357,3.60,356,1,0,0,04/10/2026,18:08:58,04/10/2026 18:09:54,sim
1,04/10/2026,6257,Presidente,1,municipio,SP,61204,3520442,ILHA SOLTEIRA,,63,63,100.00,0,63,0,63,0,20245,20245,100.00,0,20245,0,20245,0,14197,70.13,6048,29.87,14197,13435,94.63,13435,13435,100.00,0,0.00,0,256,1.80,506,3.56,505,1,0,0,04/10/2026,18:24:36,04/10/2026 18:26:02,sim
1,04/10/2026,6257,Presidente,1,municipio,SP,61212,3501103,ALTO ALEGRE,,16,16,100.00,0,16,0,16,0,3662,3662,100.00,0,3662,0,3662,0,2899,79.16,763,20.84,2899,2776,95.76,2776,2776,100.00,0,0.00,0,50,1.72,73,2.52,73,0,0,0,04/10/2026,18:39:33,04/10/2026 18:41:17,sim
1,04/10/2026,6257,Presidente,1,municipio,SP,61220,3501152,ALUMÍNIO,,44,44,100.00,0,44,0,44,0,14040,14040,100.00,0,14040,0,14040,0,11163,79.51,2877,20.49,11163,10610,95.05,10610,10610,100.00,0,0.00,0,269,2.41,284,2.54,284,0,0,0,04/10/2026,20:56:02,04/10/2026 20:57:32,sim
1,04/10/2026,6257,Presidente,1,municipio,SP,61239,3501202,ÁLVARES FLORENCE,,13,13,100.00,0,13,0,13,0,3612,3612,100.00,0,3612,0,3612,0,2875,79.60,737,20.40,2875,2739,95.27,2739,2739,100.00,0,0.00,0,62,2.16,74,2.57,74,0,0,0,04/10/2026,19:22:58,04/10/2026 19:24:02,sim
1,04/10/2026,6257,Presidente,1,municipio,SP,61247,3537156,PEDRINHAS PAULISTA,,9,9,100.00,0,9,0,9,0,2726,2726,100.00,0,2726,0,2726,0,2175,79.79,551,20.21,2175,2106,96.83,2106,2106,100.00,0,0.00,0,19,0.87,50,2.30,50,0,0,0,04/10/2026,17:56:50,04/10/2026 17:57:28,sim
1,04/10/2026,6257,Presidente,1,municipio,SP,61255,3501301,ÁLVARES MACHADO,,58,58,100.00,0,58,0,58,0,17955,17955,100.00,0,17955,0,17955,0,14324,79.78,3631,20.22,14324,13595,94.91,13595,13595,100.00,0,0.00,0,343,2.39,386,2.69,386,0,0,0,04/10/2026,19:12:21,04/10/2026 19:13:23,sim
1,04/10/2026,6257,Presidente,1,municipio,SP,61263,3502754,ARAÇARIGUAMA,,50,50,100.00,0,50,0,50,0,17829,17829,100.00,0,17829,0,17829,0,13212,74.10,4617,25.90,13212,12584,95.25,12584,12584,100.00,0,0.00,0,303,2.29,325,2.46,325,0,0,0,04/10/2026,20:52:26,04/10/2026 20:53:49,sim
1,04/10/2026,6257,Presidente,1,municipio,SP,61271,3501400,ÁLVARO DE CARVALHO,,10,10,100.00,0,10,0,10,0,2756,2756,100.00,0,2756,0,2756,0,2069,75.07,687,24.93,2069,1891,91.40,1891,1891,100.00,0,0.00,0,71,3.43,107,5.17,107,0,0,0,04/10/2026,18:41:14,04/10/2026 18:43:24,sim
1,04/10/2026,6257,Presidente,1,municipio,SP,61280,3506359,BERTIOGA,,161,161,100.00,0,161,0,161,0,52928,52928,100.00,0,52928,0,52928,0,38880,73.46,14048,26.54,38880,37201,95.68,37201,37201,100.00,0,0.00,0,716,1.84,963,2.48,963,0,0,0,04/10/2026,21:17:32,04/10/2026 21:18:37,sim
1,04/10/2026,6257,Presidente,1,municipio,SP,61298,3501509,ALVINLÂNDIA,,10,10,100.00,0,10,0,10,0,2634,2634,100.00,0,2634,0,2634,0,2103,79.84,531,20.16,2103,1998,95.01,1998,1998,100.00,0,0.00,0,46,2.19,59,2.81,59,0,0,0,04/10/2026,19:14:00,04/10/2026 19:14:56,sim
1,04/10/2026,6257,Presidente,1,municipio,SP,61301,3552551,SUZANÁPOLIS,,9,9,100.00,0,9,0,9,0,2988,2988,100.00,0,2988,0,2988,0,2323,77.74,665,22.26,2323,2195,94.49,2195,2195,100.00,0,0.00,0,59,2.54,69,2.97,69,0,0,0,04/10/2026,18:58:21,04/10/2026 18:59:25,sim
1,04/10/2026,6257,Presidente,1,municipio,SP,61310,3501608,AMERICANA,,517,517,100.00,0,517,0,517,0,181216,181216,100.00,0,181216,0,181216,0,143139,78.99,38077,21.01,143139,136589,95.42,136589,136589,100.00,0,0.00,0,2564,1.79,3986,2.78,3978,8,0,0,04/10/2026,19:26:04,04/10/2026 19:29:47,sim
1,04/10/2026,6257,Presidente,1,municipio,SP,61328,3548054,SANTO ANTÔNIO DO ARACANGUÁ,,27,27,100.00,0,27,0,27,0,7290,7290,100.00,0,7290,0,7290,0,5757,78.97,1533,21.03,5757,5585,97.01,5585,5585,100.00,0,0.00,0,71,1.23,101,1.75,101,0,0,0,04/10/2026,19:17:33,04/10/2026 19:20:47,sim
1,04/10/2026,6257,Presidente,1,municipio,SP,61336,3501707,AMÉRICO BRASILIENSE,,103,103,100.00,0,103,0,103,0,27310,27310,100.00,0,27310,0,27310,0,21741,79.61,5569,20.39,21741,20313,93.43,20313,20313,100.00,0,0.00,0,533,2.45,895,4.12,895,0,0,0,04/10/2026,19:10:25,04/10/2026 19:11:50,sim
1,04/10/2026,6257,Presidente,1,municipio,SP,61344,3510153,CANITAR,,13,13,100.00,0,13,0,13,0,4337,4337,100.00,0,4337,0,4337,0,3339,76.99,998,23.01,3339,3128,93.68,3128,3128,100.00,0,0.00,0,115,3.44,96,2.88,96,0,0,0,04/10/2026,17:40:26,04/10/2026 17:41:13,sim
1,04/10/2026,6257,Presidente,1,municipio,SP,61352,3501806,AMÉRICO DE CAMPOS,,15,15,100.00,0,15,0,15,0,4769,4769,100.00,0,4769,0,4769,0,3929,82.39,840,17.61,3929,3759,95.67,3759,3759,100.00,0,0.00,0,69,1.76,101,2.57,101,0,0,0,04/10/2026,17:48:25,04/10/2026 17:49:25,sim
1,04/10/2026,6257,Presidente,1,municipio,SP,61360,3505351,BARRA DO CHAPÉU,,16,16,100.00,0,16,0,16,0,4672,4672,100.00,0,4672,0,4672,0,3544,75.86,1128,24.14,3544,3331,93.99,3331,3331,100.00,0,0.00,0,92,2.60,121,3.41,121,0,0,0,04/10/2026,18:46:30,04/10/2026 18:48:52,sim
1,04/10/2026,6257,Presidente,1,municipio,SP,61379,3501905,AMPARO,,167,167,100.00,0,167,0,167,0,53743,53743,100.00,0,53743,0,53743,0,42020,78.19,11723,21.81,42020,39395,93.75,39395,39395,100.00,0,0.00,0,1092,2.60,1533,3.65,1530,3,0,0,04/10/2026,21:18:22,04/10/2026 21:19:49,sim
1,04/10/2026,6257,Presidente,1,municipio,SP,61387,3515129,EMILIANÓPOLIS,,8,8,100.00,0,8,0,8,0,2716,2716,100.00,0,2716,0,2716,0,2057,75.74,659,24.26,2057,1969,95.72,1969,1969,100.00,0,0.00,0,36,1.75,52,2.53,52,0,0,0,04/10/2026,19:19:51,04/10/2026 19:21:29,sim
1,04/10/2026,6257,Presidente,1,municipio,SP,61395,3502002,ANALÂNDIA,,16,16,100.00,0,16,0,16,0,4681,4681,100.00,0,4681,0,4681,0,3285,70.18,1396,29.82,3285,3135,95.43,3135,3135,100.00,0,0.00,0,54,1.64,96,2.92,96,0,0,0,04/10/2026,18:32:03,04/10/2026 18:33:25,sim
1,04/10/2026,6257,Presidente,1,municipio,SP,61409,3533254,NOVAIS,,14,14,100.00,0,14,0,14,0,3922,3922,100.00,0,3922,0,3922,0,3125,79.68,797,20.32,3125,2917,93.34,2917,2917,100.00,0,0.00,0,77,2.46,131,4.19,131,0,0,0,04/10/2026,18:29:04,04/10/2026 18:30:52,sim
1,04/10/2026,6257,Presidente,1,municipio,SP,61417,3502101,ANDRADINA,,142,142,100.00,0,142,0,142,0,42476,42476,100.00,0,42476,0,42476,0,32796,77.21,9680,22.79,32796,31162,95.02,31162,31162,100.00,0,0.00,0,776,2.37,858,2.62,858,0,0,0,04/10/2026,20:12:01,04/10/2026 20:13:00,sim
1,04/10/2026,6257,Presidente,1,municipio,SP,61425,3532843,NOVA CANAÃ PAULISTA,,7,7,100.00,0,7,0,7,0,2275,2275,100.00,0,2275,0,2275,0,1667,73.27,608,26.73,1667,1579,94.72,1579,1579,100.00,0,0.00,0,30,1.80,58,3.48,58,0,0,0,04/10/2026,18:45:56,04/10/2026 18:47:55,sim
1,04/10/2026,6257,Presidente,1,municipio,SP,61433,3502200,ANGATUBA,,57,57,100.00,0,57,0,57,0,17865,17865,100.00,0,17865,0,17865,0,13465,75.37,4400,24.63,13465,12599,93.57,12599,12599,100.00,0,0.00,0,351,2.61,515,3.82,514,1,0,0,04/10/2026,21:07:42,04/10/2026 21:08:58,sim
1,04/10/2026,6257,Presidente,1,municipio,SP,61441,3545159,SALTINHO,,19,19,100.00,0,19,0,19,0,7141,7141,100.00,0,7141,0,7141,0,5860,82.06,1281,17.94,5860,5673,96.81,5673,5673,100.00,0,0.00,0,95,1.62,92,1.57,92,0,0,0,04/10/2026,19:11:03,04/10/2026 19:12:25,sim
1,04/10/2026,6257,Presidente,1,municipio,SP,61450,3502309,ANHEMBI,,19,19,100.00,0,19,0,19,0,5471,5471,100.00,0,5471,0,5471,0,3833,70.06,1638,29.94,3833,3624,94.55,3624,3624,100.00,0,0.00,0,96,2.50,113,2.95,113,0,0,0,04/10/2026,18:36:40,04/10/2026 18:38:15,sim
1,04/10/2026,6257,Presidente,1,municipio,SP,61468,3555356,UBARANA,,14,14,100.00,0,14,0,14,0,4496,4496,100.00,0,4496,0,4496,0,3440,76.51,1056,23.49,3440,3279,95.32,3279,3279,100.00,0,0.00,0,62,1.80,99,2.88,99,0,0,0,04/10/2026,18:42:13,04/10/2026 18:44:35,sim
1,04/10/2026,6257,Presidente,1,municipio,SP,61476,3502408,ANHUMAS,,10,10,100.00,0,10,0,10,0,3315,3315,100.00,0,3315,0,3315,0,2634,79.46,681,20.54,2634,2539,96.39,2539,2539,100.00,0,0.00,0,36,1.37,59,2.24,59,0,0,0,04/10/2026,20:12:44,04/10/2026 20:14:05,sim
1,04/10/2026,6257,Presidente,1,municipio,SP,61484,3509254,CAJATI,,79,79,100.00,0,79,0,79,0,22016,22016,100.00,0,22016,0,22016,0,16849,76.53,5167,23.47,16849,16085,95.47,16085,16085,100.00,0,0.00,0,357,2.12,407,2.42,404,3,0,0,04/10/2026,19:14:17,04/10/2026 19:15:30,sim
1,04/10/2026,6257,Presidente,1,municipio,SP,61492,3502507,APARECIDA,,86,86,100.00,0,86,0,86,0,26836,26836,100.00,0,26836,0,26836,0,22028,82.08,4808,17.92,22028,21218,96.32,21218,21218,100.00,0,0.00,0,393,1.78,417,1.89,416,1,0,0,04/10/2026,19:17:55,04/10/2026 19:20:47,sim
1,04/10/2026,6257,Presidente,1,municipio,SP,61506,3509452,CAMPINA DO MONTE ALEGRE,,16,16,100.00,0,16,0,16,0,4857,4857,100.00,0,4857,0,4857,0,3822,78.69,1035,21.31,3822,3648,95.45,3648,3648,100.00,0,0.00,0,70,1.83,104,2.72,104,0,0,0,04/10/2026,18:43:09,04/10/2026 18:45:10,sim
1,04/10/2026,6257,Presidente,1,municipio,SP,61514,3502606,APARECIDA D'OESTE,,12,12,100.00,0,12,0,12,0,3777,3777,100.00,0,3777,0,3777,0,2954,78.21,823,21.79,2954,2862,96.89,2862,2862,100.00,0,0.00,0,37,1.25,55,1.86,55,0,0,0,04/10/2026,18:00:13,04/10/2026 18:09:29,sim
1,04/10/2026,6257,Presidente,1,municipio,SP,61522,3503950,ASPÁSIA,,7,7,100.00,0,7,0,7,0,1875,1875,100.00,0,1875,0,1875,0,1492,79.57,383,20.43,1492,1456,97.59,1456,1456,100.00,0,0.00,0,10,0.67,26,1.74,26,0,0,0,04/10/2026,18:20:24,04/10/2026 18:22:02,sim
1,04/10/2026,6257,Presidente,1,municipio,SP,61530,3502705,APIAÍ,,71,71,100.00,0,71,0,71,0,18737,18737,100.00,0,18737,0,18737,0,14137,75.45,4600,24.55,14137,13196,93.34,13196,13196,100.00,0,0.00,0,412,2.91,529,3.74,528,1,0,0,04/10/2026,19:15:59,04/10/2026 19:17:19,sim
1,04/10/2026,6257,Presidente,1,municipio,SP,61549,3556354,VARGEM,,20,20,100.00,0,20,0,20,0,6582,6582,100.00,0,6582,0,6582,0,5133,77.99,1449,22.01,5133,4794,93.40,4794,4794,100.00,0,0.00,0,138,2.69,201,3.92,201,0,0,0,04/10/2026,19:00:47,04/10/2026 19:01:54,sim
1,04/10/2026,6257,Presidente,1,municipio,SP,61557,3502804,ARAÇATUBA,,493,493,100.00,0,493,0,493,0,145128,145128,100.00,0,145128,0,145128,0,112599,77.59,32529,22.41,112599,107988,95.90,107988,107988,100.00,0,0.00,0,1897,1.68,2714,2.41,2710,4,0,0,04/10/2026,19:23:57,04/10/2026 19:25:08,sim
1,04/10/2026,6257,Presidente,1,municipio,SP,61565,3540754,POTIM,,43,43,100.00,0,43,0,43,0,12546,12546,100.00,0,12546,0,12546,0,10270,81.86,2276,18.14,10270,9854,95.95,9854,9854,100.00,0,0.00,0,196,1.91,220,2.14,220,0,0,0,04/10/2026,18:31:28,04/10/2026 18:32:18,sim
1,04/10/2026,6257,Presidente,1,municipio,SP,61573,3502903,ARAÇOIABA DA SERRA,,76,76,100.00,0,76,0,76,0,26408,26408,100.00,0,26408,0,26408,0,20448,77.43,5960,22.57,20448,19328,94.52,19328,19328,100.00,0,0.00,0,499,2.44,621,3.04,619,2,0,0,04/10/2026,20:48:45,04/10/2026 20:49:43,sim
1,04/10/2026,6257,Presidente,1,municipio,SP,61581,3500758,ALAMBARI,,21,21,100.00,0,21,0,21,0,5139,5139,100.00,0,5139,0,5139,0,4082,79.43,1057,20.57,4082,3872,94.86,3872,3872,100.00,0,0.00,0,90,2.20,120,2.94,120,0,0,0,04/10/2026,20:43:53,04/10/2026 20:44:51,sim
1,04/10/2026,6257,Presidente,1,municipio,SP,61590,3503000,ARAMINA,,15,15,100.00,0,15,0,15,0,4523,4523,100.00,0,4523,0,4523,0,3529,78.02,994,21.98,3529,3388,96.00,3388,3388,100.00,0,0.00,0,54,1.53,87,2.47,86,1,0,0,04/10/2026,18:10:17,04/10/2026 18:11:15,sim
1,04/10/2026,6257,Presidente,1,municipio,SP,61603,3522158,ITAOCA,,12,12,100.00,0,12,0,12,0,3039,3039,100.00,0,3039,0,3039,0,2286,75.22,753,24.78,2286,2197,96.11,2197,2197,100.00,0,0.00,0,35,1.53,54,2.36,54,0,0,0,04/10/2026,19:22:20,04/10/2026 19:23:29,sim
1,04/10/2026,6257,Presidente,1,municipio,SP,61611,3503109,ARANDU,,16,16,100.00,0,16,0,16,0,5528,5528,100.00,0,5528,0,5528,0,4350,78.69,1178,21.31,4350,4125,94.83,4125,4125,100.00,0,0.00,0,103,2.37,122,2.80,122,0,0,0,04/10/2026,19:18:01,04/10/2026 19:20:44,sim
1,04/10/2026,6257,Presidente,1,municipio,SP,61620,3554953,TUIUTI,,16,16,100.00,0,16,0,16,0,5542,5542,100.00,0,5542,0,5542,0,4373,78.91,1169,21.09,4373,4114,94.08,4114,4114,100.00,0,0.00,0,108,2.47,151,3.45,151,0,0,0,04/10/2026,18:46:00,04/10/2026 18:47:57,sim
1,04/10/2026,6257,Presidente,1,municipio,SP,61638,3503208,ARARAQUARA,,602,602,100.00,0,602,0,602,0,170310,170310,100.00,0,170310,0,170310,0,133193,78.21,37117,21.79,133193,125322,94.09,125322,125322,100.00,0,0.00,0,3034,2.28,4837,3.63,4822,15,0,0,04/10/2026,19:21:30,04/10/2026 19:22:51,sim
1,04/10/2026,6257,Presidente,1,municipio,SP,61646,3503158,ARAPEÍ,,8,8,100.00,0,8,0,8,0,2505,2505,100.00,0,2505,0,2505,0,1989,79.40,516,20.60,1989,1871,94.07,1871,1871,100.00,0,0.00,0,29,1.46,89,4.47,89,0,0,0,04/10/2026,19:15:48,04/10/2026 19:17:19,sim
1,04/10/2026,6257,Presidente,1,municipio,SP,61654,3503307,ARARAS,,285,285,100.00,0,285,0,285,0,96612,96612,100.00,0,96612,0,96612,0,77666,80.39,18946,19.61,77666,72880,93.84,72880,72880,100.00,0,0.00,0,2023,2.60,2763,3.56,2758,5,0,0,04/10/2026,20:03:58,04/10/2026 20:04:44,sim
1,04/10/2026,6257,Presidente,1,municipio,SP,61662,3557303,ESTIVA GERBI,,27,27,100.00,0,27,0,27,0,9490,9490,100.00,0,9490,0,9490,0,7618,80.27,1872,19.73,7618,7206,94.59,7206,7206,100.00,0,0.00,0,113,1.48,299,3.92,298,1,0,0,04/10/2026,20:49:13,04/10/2026 20:50:18,sim
1,04/10/2026,6257,Presidente,1,municipio,SP,61670,3503406,AREALVA,,21,21,100.00,0,21,0,21,0,6343,6343,100.00,0,6343,0,6343,0,4791,75.53,1552,24.47,4791,4514,94.22,4514,4514,100.00,0,0.00,0,120,2.50,157,3.28,156,1,0,0,04/10/2026,18:43:04,04/10/2026 18:45:13,sim
1,04/10/2026,6257,Presidente,1,municipio,SP,61689,3515152,ENGENHEIRO COELHO,,50,50,100.00,0,50,0,50,0,14967,14967,100.00,0,14967,0,14967,0,11751,78.51,3216,21.49,11751,11233,95.59,11233,11233,100.00,0,0.00,0,212,1.80,306,2.60,306,0,0,0,04/10/2026,20:10:06,04/10/2026 20:11:24,sim
1,04/10/2026,6257,Presidente,1,municipio,SP,61697,3503505,AREIAS,,12,12,100.00,0,12,0,12,0,3463,3463,100.00,0,3463,0,3463,0,2748,79.35,715,20.65,2748,2640,96.07,2640,2640,100.00,0,0.00,0,42,1.53,66,2.40,66,0,0,0,04/10/2026,19:02:27,04/10/2026 19:03:34,sim
1,04/10/2026,6257,Presidente,1,municipio,SP,61700,3543253,RIBEIRÃO GRANDE,,24,24,100.00,0,24,0,24,0,6413,6413,100.00,0,6413,0,6413,0,5169,80.60,1244,19.40,5169,4832,93.48,4832,4832,100.00,0,0.00,0,183,3.54,154,2.98,154,0,0,0,04/10/2026,18:36:48,04/10/2026 18:38:16,sim
1,04/10/2026,6257,Presidente,1,municipio,SP,61719,3503604,AREIÓPOLIS,,32,32,100.00,0,32,0,32,0,8193,8193,100.00,0,8193,0,8193,0,6656,81.24,1537,18.76,6656,6205,93.22,6205,6205,100.00,0,0.00,0,243,3.65,208,3.13,207,1,0,0,04/10/2026,18:38:58,04/10/2026 18:41:20,sim
1,04/10/2026,6257,Presidente,1,municipio,SP,61727,3519071,HORTOLÂNDIA,,489,489,100.00,0,489,0,489,0,164481,164481,100.00,0,164481,0,164481,0,132760,80.71,31721,19.29,132760,125800,94.76,125800,125800,100.00,0,0.00,0,3045,2.29,3915,2.95,3906,9,0,0,04/10/2026,19:22:39,04/10/2026 19:24:02,sim
1,04/10/2026,6257,Presidente,1,municipio,SP,61735,3503703,ARIRANHA,,23,23,100.00,0,23,0,23,0,6455,6455,100.00,0,6455,0,6455,0,5118,79.29,1337,20.71,5118,4809,93.96,4809,4809,100.00,0,0.00,0,148,2.89,161,3.15,161,0,0,0,04/10/2026,19:06:33,04/10/2026 19:07:57,sim
1,04/10/2026,6257,Presidente,1,municipio,SP,61743,3519055,HOLAMBRA,,35,35,100.00,0,35,0,35,0,12570,12570,100.00,0,12570,0,12570,0,10185,81.03,2385,18.97,10185,9703,95.27,9703,9703,100.00,0,0.00,0,209,2.05,273,2.68,272,1,0,0,04/10/2026,20:14:41,04/10/2026 20:15:36,sim
1,04/10/2026,6257,Presidente,1,municipio,SP,61751,3503802,ARTUR NOGUEIRA,,113,113,100.00,0,113,0,113,0,38528,38528,100.00,0,38528,0,38528,0,31478,81.70,7050,18.30,31478,29746,94.50,29746,29746,100.00,0,0.00,0,699,2.22,1033,3.28,1032,1,0,0,04/10/2026,20:07:12,04/10/2026 20:10:48,sim
1,04/10/2026,6257,Presidente,1,municipio,SP,61760,3514924,ELISIÁRIO,,9,9,100.00,0,9,0,9,0,2737,2737,100.00,0,2737,0,2737,0,2185,79.83,552,20.17,2185,2085,95.42,2085,2085,100.00,0,0.00,0,40,1.83,60,2.75,60,0,0,0,04/10/2026,18:01:02,04/10/2026 18:09:28,sim
1,04/10/2026,6257,Presidente,1,municipio,SP,61778,3503901,ARUJÁ,,220,220,100.00,0,220,0,220,0,71347,71347,100.00,0,71347,0,71347,0,57081,80.00,14266,20.00,57081,53816,94.28,53816,53816,100.00,0,0.00,0,1383,2.42,1882,3.30,1877,5,0,0,04/10/2026,19:14:04,04/10/2026 19:14:57,sim
1,04/10/2026,6257,Presidente,1,municipio,SP,61786,3507159,BOM SUCESSO DE ITARARÉ,,11,11,100.00,0,11,0,11,0,3289,3289,100.00,0,3289,0,3289,0,2545,77.38,744,22.62,2545,2451,96.31,2451,2451,100.00,0,0.00,0,47,1.85,47,1.85,47,0,0,0,04/10/2026,18:36:50,04/10/2026 18:38:15,sim
1,04/10/2026,6257,Presidente,1,municipio,SP,61794,3504008,ASSIS,,219,219,100.00,0,219,0,219,0,69743,69743,100.00,0,69743,0,69743,0,53502,76.71,16241,23.29,53502,51191,95.68,51191,51191,100.00,0,0.00,0,1018,1.90,1293,2.42,1290,3,0,0,04/10/2026,20:50:47,04/10/2026 20:52:07,sim
1,04/10/2026,6257,Presidente,1,municipio,SP,61808,3540259,PONTALINDA,,12,12,100.00,0,12,0,12,0,3157,3157,100.00,0,3157,0,3157,0,2478,78.49,679,21.51,2478,2368,95.56,2368,2368,100.00,0,0.00,0,51,2.06,59,2.38,59,0,0,0,04/10/2026,18:37:34,04/10/2026 18:39:15,sim
1,04/10/2026,6257,Presidente,1,municipio,SP,61816,3504107,ATIBAIA,,360,360,100.00,0,360,0,360,0,119210,119210,100.00,0,119210,0,119210,0,94263,79.07,24947,20.93,94263,89028,94.45,89028,89028,100.00,0,0.00,0,2227,2.36,3008,3.19,3003,5,0,0,04/10/2026,20:44:41,04/10/2026 20:45:59,sim
1,04/10/2026,6257,Presidente,1,municipio,SP,61824,3536257,PARISI,,9,9,100.00,0,9,0,9,0,3085,3085,100.00,0,3085,0,3085,0,2312,74.94,773,25.06,2312,2211,95.63,2211,2211,100.00,0,0.00,0,35,1.51,66,2.85,66,0,0,0,04/10/2026,19:15:45,04/10/2026 19:17:18,sim
1,04/10/2026,6257,Presidente,1,municipio,SP,61832,3504206,AURIFLAMA,,33,33,100.00,0,33,0,33,0,11053,11053,100.00,0,11053,0,11053,0,8644,78.21,2409,21.79,8644,8290,95.90,8290,8290,100.00,0,0.00,0,144,1.67,210,2.43,210,0,0,0,04/10/2026,18:29:08,04/10/2026 18:30:52,sim
1,04/10/2026,6257,Presidente,1,municipio,SP,61840,3553856,TAQUARIVAÍ,,16,16,100.00,0,16,0,16,0,5121,5121,100.00,0,5121,0,5121,0,3988,77.88,1133,22.12,3988,3779,94.76,3779,3779,100.00,0,0.00,0,91,2.28,118,2.96,118,0,0,0,04/10/2026,20:32:28,04/10/2026 20:33:26,sim
1,04/10/2026,6257,Presidente,1,municipio,SP,61859,3504305,AVAÍ,,17,17,100.00,0,17,0,17,0,4189,4189,100.00,0,4189,0,4189,0,3124,74.58,1065,25.42,3124,2977,95.29,2977,2977,100.00,0,0.00,0,64,2.05,83,2.66,83,0,0,0,04/10/2026,19:17:25,04/10/2026 19:20:47,sim
1,04/10/2026,6257,Presidente,1,municipio,SP,61867,3528858,MARAPOAMA,,9,9,100.00,0,9,0,9,0,2797,2797,100.00,0,2797,0,2797,0,2283,81.62,514,18.38,2283,2202,96.45,2202,2202,100.00,0,0.00,0,30,1.31,51,2.23,51,0,0,0,04/10/2026,18:42:48,04/10/2026 18:44:35,sim
1,04/10/2026,6257,Presidente,1,municipio,SP,61875,3504404,AVANHANDAVA,,28,28,100.00,0,28,0,28,0,7452,7452,100.00,0,7452,0,7452,0,5799,77.82,1653,22.18,5799,5476,94.43,5476,5476,100.00,0,0.00,0,159,2.74,164,2.83,164,0,0,0,04/10/2026,19:08:56,04/10/2026 19:10:04,sim
1,04/10/2026,6257,Presidente,1,municipio,SP,61883,3549250,SÃO JOÃO DE IRACEMA,,5,5,100.00,0,5,0,5,0,1809,1809,100.00,0,1809,0,1809,0,1365,75.46,444,24.54,1365,1321,96.78,1321,1321,100.00,0,0.00,0,19,1.39,25,1.83,25,0,0,0,04/10/2026,18:59:07,04/10/2026 19:00:25,sim
1,04/10/2026,6257,Presidente,1,municipio,SP,61891,3504503,AVARÉ,,218,218,100.00,0,218,0,218,0,64380,64380,100.00,0,64380,0,64380,0,49354,76.66,15026,23.34,49354,46242,93.69,46242,46242,100.00,0,0.00,0,1398,2.83,1714,3.47,1711,3,0,0,04/10/2026,19:06:03,04/10/2026 19:07:55,sim
1,04/10/2026,6257,Presidente,1,municipio,SP,61905,3549953,SÃO LOURENÇO DA SERRA,,40,40,100.00,0,40,0,40,0,11946,11946,100.00,0,11946,0,11946,0,9342,78.20,2604,21.80,9342,8739,93.55,8739,8739,100.00,0,0.00,0,279,2.99,324,3.47,324,0,0,0,04/10/2026,20:42:17,04/10/2026 20:43:08,sim
1,04/10/2026,6257,Presidente,1,municipio,SP,61913,3504602,BADY BASSITT,,49,49,100.00,0,49,0,49,0,16956,16956,100.00,0,16956,0,16956,0,13139,77.49,3817,22.51,13139,12575,95.71,12575,12575,100.00,0,0.00,0,206,1.57,358,2.72,358,0,0,0,04/10/2026,19:01:11,04/10/2026 19:02:31,sim
1,04/10/2026,6257,Presidente,1,municipio,SP,61921,3557154,ZACARIAS,,8,8,100.00,0,8,0,8,0,2570,2570,100.00,0,2570,0,2570,0,1957,76.15,613,23.85,1957,1860,95.04,1860,1860,100.00,0,0.00,0,32,1.64,65,3.32,65,0,0,0,04/10/2026,18:32:41,04/10/2026 18:33:53,sim
1,04/10/2026,6257,Presidente,1,municipio,SP,61930,3504701,BALBINOS,,6,6,100.00,0,6,0,6,0,1423,1423,100.00,0,1423,0,1423,0,1050,73.79,373,26.21,1050,998,95.05,998,998,100.00,0,0.00,0,27,2.57,25,2.38,25,0,0,0,04/10/2026,19:11:57,04/10/2026 19:13:23,sim
1,04/10/2026,6257,Presidente,1,municipio,SP,61948,3522653,ITAPIRAPUÃ PAULISTA,,10,10,100.00,0,10,0,10,0,3305,3305,100.00,0,3305,0,3305,0,2564,77.58,741,22.42,2564,2404,93.76,2404,2404,100.00,0,0.00,0,81,3.16,79,3.08,79,0,0,0,04/10/2026,20:49:39,04/10/2026 20:50:52,sim
1,04/10/2026,6257,Presidente,1,municipio,SP,61956,3504800,BÁLSAMO,,20,20,100.00,0,20,0,20,0,7397,7397,100.00,0,7397,0,7397,0,5855,79.15,1542,20.85,5855,5581,95.32,5581,5581,100.00,0,0.00,0,138,2.36,136,2.32,136,0,0,0,04/10/2026,19:10:51,04/10/2026 19:12:24,sim
1,04/10/2026,6257,Presidente,1,municipio,SP,61964,3529658,MESÓPOLIS,,7,7,100.00,0,7,0,7,0,1887,1887,100.00,0,1887,0,1887,0,1440,76.31,447,23.69,1440,1391,96.60,1391,1391,100.00,0,0.00,0,28,1.94,21,1.46,21,0,0,0,04/10/2026,18:41:05,04/10/2026 18:43:26,sim
1,04/10/2026,6257,Presidente,1,municipio,SP,61972,3504909,BANANAL,,27,27,100.00,0,27,0,27,0,8233,8233,100.00,0,8233,0,8233,0,6569,79.79,1664,20.21,6569,6192,94.26,6192,6192,100.00,0,0.00,0,138,2.10,239,3.64,239,0,0,0,04/10/2026,18:46:09,04/10/2026 18:47:57,sim
1,04/10/2026,6257,Presidente,1,municipio,SP,61980,3532827,NOVA CAMPINA,,23,23,100.00,0,23,0,23,0,6959,6959,100.00,0,6959,0,6959,0,5460,78.46,1499,21.54,5460,5225,95.70,5225,5225,100.00,0,0.00,0,111,2.03,124,2.27,124,0,0,0,04/10/2026,20:08:58,04/10/2026 20:10:50,sim
1,04/10/2026,6257,Presidente,1,municipio,SP,61999,3505104,BARBOSA,,22,22,100.00,0,22,0,22,0,4970,4970,100.00,0,4970,0,4970,0,3786,76.18,1184,23.82,3786,3614,95.46,3614,3614,100.00,0,0.00,0,57,1.51,115,3.04,115,0,0,0,04/10/2026,19:03:12,04/10/2026 19:04:06,sim
1,04/10/2026,6257,Presidente,1,municipio,SP,62006,3520426,ILHA COMPRIDA,,37,37,100.00,0,37,0,37,0,13297,13297,100.00,0,13297,0,13297,0,8942,67.25,4355,32.75,8942,8448,94.48,8448,8448,100.00,0,0.00,0,171,1.91,323,3.61,323,0,0,0,04/10/2026,19:10:01,04/10/2026 19:11:16,sim
1,04/10/2026,6257,Presidente,1,municipio,SP,62014,3505005,BARÃO DE ANTONINA,,10,10,100.00,0,10,0,10,0,2926,2926,100.00,0,2926,0,2926,0,2170,74.16,756,25.84,2170,2038,93.92,2038,2038,100.00,0,0.00,0,48,2.21,84,3.87,84,0,0,0,04/10/2026,18:29:51,04/10/2026 18:32:00,sim
1,04/10/2026,6257,Presidente,1,municipio,SP,62022,3527256,LOURDES,,7,7,100.00,0,7,0,7,0,1877,1877,100.00,0,1877,0,1877,0,1478,78.74,399,21.26,1478,1430,96.75,1430,1430,100.00,0,0.00,0,17,1.15,31,2.10,31,0,0,0,04/10/2026,18:32:54,04/10/2026 18:34:15,sim
1,04/10/2026,6257,Presidente,1,municipio,SP,62030,3505203,BARIRI,,68,68,100.00,0,68,0,68,0,23149,23149,100.00,0,23149,0,23149,0,17855,77.13,5294,22.87,17855,16662,93.32,16662,16662,100.00,0,0.00,0,548,3.07,645,3.61,645,0,0,0,04/10/2026,18:14:49,04/10/2026 18:16:04,sim
1,04/10/2026,6257,Presidente,1,municipio,SP,62049,3554656,TORRE DE PEDRA,,9,9,100.00,0,9,0,9,0,2545,2545,100.00,0,2545,0,2545,0,1988,78.11,557,21.89,1988,1883,94.72,1883,1883,100.00,0,0.00,0,36,1.81,69,3.47,69,0,0,0,04/10/2026,17:51:32,04/10/2026 17:52:45,sim
1,04/10/2026,6257,Presidente,1,municipio,SP,62057,3505302,BARRA BONITA,,97,97,100.00,0,97,0,97,0,28333,28333,100.00,0,28333,0,28333,0,22612,79.81,5721,20.19,22612,21335,94.35,21335,21335,100.00,0,0.00,0,552,2.44,725,3.21,724,1,0,0,04/10/2026,19:04:15,04/10/2026 19:05:27,sim
1,04/10/2026,6257,Presidente,1,municipio,SP,62065,3503356,ARCO-ÍRIS,,6,6,100.00,0,6,0,6,0,2331,2331,100.00,0,2331,0,2331,0,1722,73.87,609,26.13,1722,1661,96.46,1661,1661,100.00,0,0.00,0,30,1.74,31,1.80,31,0,0,0,04/10/2026,19:00:04,04/10/2026 19:01:26,sim
1,04/10/2026,6257,Presidente,1,municipio,SP,62073,3505401,BARRA DO TURVO,,24,24,100.00,0,24,0,24,0,6314,6314,100.00,0,6314,0,6314,0,4321,68.44,1993,31.56,4321,4133,95.65,4133,4133,100.00,0,0.00,0,61,1.41,127,2.94,127,0,0,0,04/10/2026,18:27:22,04/10/2026 18:28:29,sim
1,04/10/2026,6257,Presidente,1,municipio,SP,62081,3507753,BREJO ALEGRE,,9,9,100.00,0,9,0,9,0,2875,2875,100.00,0,2875,0,2875,0,2128,74.02,747,25.98,2128,2026,95.21,2026,2026,100.00,0,0.00,0,51,2.40,51,2.40,51,0,0,0,04/10/2026,19:23:35,04/10/2026 19:24:29,sim
1,04/10/2026,6257,Presidente,1,municipio,SP,62090,3505500,BARRETOS,,257,257,100.00,0,257,0,257,0,85200,85200,100.00,0,85200,0,85200,0,65118,76.43,20082,23.57,65118,62118,95.39,62118,62118,100.00,0,0.00,0,1339,2.06,1661,2.55,1660,1,0,0,04/10/2026,19:06:48,04/10/2026 19:07:57,sim
1,04/10/2026,6257,Presidente,1,municipio,SP,62103,3509957,CANAS,,12,12,100.00,0,12,0,12,0,3959,3959,100.00,0,3959,0,3959,0,3217,81.26,742,18.74,3217,3063,95.21,3063,3063,100.00,0,0.00,0,55,1.71,99,3.08,99,0,0,0,04/10/2026,19:16:18,04/10/2026 19:20:09,sim
1,04/10/2026,6257,Presidente,1,municipio,SP,62111,3505609,BARRINHA,,85,85,100.00,0,85,0,85,0,23638,23638,100.00,0,23638,0,23638,0,19286,81.59,4352,18.41,19286,18191,94.32,18191,18191,100.00,0,0.00,0,556,2.88,539,2.79,538,1,0,0,04/10/2026,21:25:18,04/10/2026 21:25:58,sim
1,04/10/2026,6257,Presidente,1,municipio,SP,62120,3540853,PRACINHA,,5,5,100.00,0,5,0,5,0,1476,1476,100.00,0,1476,0,1476,0,1132,76.69,344,23.31,1132,1091,96.38,1091,1091,100.00,0,0.00,0,16,1.41,25,2.21,25,0,0,0,04/10/2026,18:28:35,04/10/2026 18:30:23,sim
1,04/10/2026,6257,Presidente,1,municipio,SP,62138,3505708,BARUERI,,814,814,100.00,0,814,0,814,0,298024,298024,100.00,0,298024,0,298024,0,230934,77.49,67090,22.51,230934,219094,94.87,219094,219094,100.00,0,0.00,0,5211,2.26,6629,2.87,6623,6,0,0,04/10/2026,21:27:03,04/10/2026 21:27:50,sim
1,04/10/2026,6257,Presidente,1,municipio,SP,62146,3541059,PRATÂNIA,,16,16,100.00,0,16,0,16,0,4725,4725,100.00,0,4725,0,4725,0,3601,76.21,1124,23.79,3601,3386,94.03,3386,3386,100.00,0,0.00,0,109,3.03,106,2.94,106,0,0,0,04/10/2026,18:43:03,04/10/2026 18:45:11,sim
1,04/10/2026,6257,Presidente,1,municipio,SP,62154,3505807,BASTOS,,49,49,100.00,0,49,0,49,0,16975,16975,100.00,0,16975,0,16975,0,12769,75.22,4206,24.78,12769,12158,95.21,12158,12158,100.00,0,0.00,0,323,2.53,288,2.26,288,0,0,0,04/10/2026,19:11:04,04/10/2026 19:12:23,sim
1,04/10/2026,6257,Presidente,1,municipio,SP,62162,3541653,QUADRA,,11,11,100.00,0,11,0,11,0,4032,4032,100.00,0,4032,0,4032,0,2938,72.87,1094,27.13,2938,2802,95.37,2802,2802,100.00,0,0.00,0,54,1.84,82,2.79,82,0,0,0,04/10/2026,19:10:10,04/10/2026 19:11:15,sim
1,04/10/2026,6257,Presidente,1,municipio,SP,62170,3505906,BATATAIS,,146,146,100.00,0,146,0,146,0,42270,42270,100.00,0,42270,0,42270,0,33884,80.16,8386,19.84,33884,31876,94.07,31876,31876,100.00,0,0.00,0,981,2.90,1027,3.03,1027,0,0,0,04/10/2026,19:12:31,04/10/2026 19:13:55,sim
1,04/10/2026,6257,Presidente,1,municipio,SP,62189,3546256,SANTA CRUZ DA ESPERANÇA,,7,7,100.00,0,7,0,7,0,2342,2342,100.00,0,2342,0,2342,0,1785,76.22,557,23.78,1785,1681,94.17,1681,1681,100.00,0,0.00,0,32,1.79,72,4.03,72,0,0,0,04/10/2026,17:50:37,04/10/2026 17:51:33,sim
1,04/10/2026,6257,Presidente,1,municipio,SP,62197,3506003,BAURU,,877,877,100.00,0,877,0,877,0,278336,278336,100.00,0,278336,0,278336,0,208436,74.89,69900,25.11,208436,196492,94.27,196492,196492,100.00,0,0.00,0,5162,2.48,6782,3.25,6773,9,0,0,04/10/2026,19:18:33,04/10/2026 19:20:45,sim
1,04/10/2026,6257,Presidente,1,municipio,SP,62200,3547650,SANTA SALETE,,6,6,100.00,0,6,0,6,0,1836,1836,100.00,0,1836,0,1836,0,1536,83.66,300,16.34,1536,1488,96.88,1488,1488,100.00,0,0.00,0,18,1.17,30,1.95,30,0,0,0,04/10/2026,19:17:43,04/10/2026 19:20:47,sim
1,04/10/2026,6257,Presidente,1,municipio,SP,62219,3506102,BEBEDOURO,,181,181,100.00,0,181,0,181,0,56372,56372,100.00,0,56372,0,56372,0,43512,77.19,12860,22.81,43512,41502,95.38,41502,41502,100.00,0,0.00,0,940,2.16,1070,2.46,1068,2,0,0,04/10/2026,20:03:51,04/10/2026 20:04:45,sim
1,04/10/2026,6257,Presidente,1,municipio,SP,62227,3556958,VITÓRIA BRASIL,,7,7,100.00,0,7,0,7,0,1673,1673,100.00,0,1673,0,1673,0,1433,85.65,240,14.35,1433,1357,94.70,1357,1357,100.00,0,0.00,0,34,2.37,42,2.93,42,0,0,0,04/10/2026,18:43:49,04/10/2026 18:45:12,sim
1,04/10/2026,6257,Presidente,1,municipio,SP,62235,3506201,BENTO DE ABREU,,7,7,100.00,0,7,0,7,0,2146,2146,100.00,0,2146,0,2146,0,1610,75.02,536,24.98,1610,1554,96.52,1554,1554,100.00,0,0.00,0,18,1.12,38,2.36,38,0,0,0,04/10/2026,18:37:22,04/10/2026 18:39:15,sim
1,04/10/2026,6257,Presidente,1,municipio,SP,62243,3521150,IPIGUÁ,,15,15,100.00,0,15,0,15,0,4916,4916,100.00,0,4916,0,4916,0,3695,75.16,1221,24.84,3695,3549,96.05,3549,3549,100.00,0,0.00,0,67,1.81,79,2.14,79,0,0,0,04/10/2026,19:11:56,04/10/2026 19:13:24,sim
1,04/10/2026,6257,Presidente,1,municipio,SP,62251,3506300,BERNARDINO DE CAMPOS,,23,23,100.00,0,23,0,23,0,7724,7724,100.00,0,7724,0,7724,0,6020,77.94,1704,22.06,6020,5689,94.50,5689,5689,100.00,0,0.00,0,165,2.74,166,2.76,166,0,0,0,04/10/2026,18:19:59,04/10/2026 18:21:09,sim
1,04/10/2026,6257,Presidente,1,municipio,SP,62260,3553658,TAQUARAL,,7,7,100.00,0,7,0,7,0,2275,2275,100.00,0,2275,0,2275,0,1854,81.49,421,18.51,1854,1775,95.74,1775,1775,100.00,0,0.00,0,34,1.83,45,2.43,45,0,0,0,04/10/2026,19:02:16,04/10/2026 19:03:34,sim
1,04/10/2026,6257,Presidente,1,municipio,SP,62278,3506409,BILAC,,21,21,100.00,0,21,0,21,0,6346,6346,100.00,0,6346,0,6346,0,4911,77.39,1435,22.61,4911,4738,96.48,4738,4738,100.00,0,0.00,0,74,1.51,99,2.02,99,0,0,0,04/10/2026,18:09:42,04/10/2026 18:10:55,sim
1,04/10/2026,6257,Presidente,1,municipio,SP,62286,3515657,FERNÃO,,6,6,100.00,0,6,0,6,0,1689,1689,100.00,0,1689,0,1689,0,1319,78.09,370,21.91,1319,1257,95.30,1257,1257,100.00,0,0.00,0,30,2.27,32,2.43,32,0,0,0,04/10/2026,19:06:52,04/10/2026 19:07:57,sim
1,04/10/2026,6257,Presidente,1,municipio,SP,62294,3506508,BIRIGUI,,263,263,100.00,0,263,0,263,0,84471,84471,100.00,0,84471,0,84471,0,65944,78.07,18527,21.93,65944,62175,94.28,62175,62175,100.00,0,0.00,0,1372,2.08,2397,3.63,2396,1,0,0,04/10/2026,19:23:15,04/10/2026 19:24:29,sim
1,04/10/2026,6257,Presidente,1,municipio,SP,62308,3516853,GAVIÃO PEIXOTO,,14,14,100.00,0,14,0,14,0,4165,4165,100.00,0,4165,0,4165,0,3257,78.20,908,21.80,3257,3064,94.07,3064,3064,100.00,0,0.00,0,93,2.86,100,3.07,100,0,0,0,04/10/2026,19:09:45,04/10/2026 19:11:15,sim
1,04/10/2026,6257,Presidente,1,municipio,SP,62316,3506607,BIRITIBA MIRIM,,72,72,100.00,0,72,0,72,0,24212,24212,100.00,0,24212,0,24212,0,18392,75.96,5820,24.04,18392,17111,93.04,17111,17111,100.00,0,0.00,0,699,3.80,582,3.16,581,1,0,0,04/10/2026,20:57:59,04/10/2026 20:59:25,sim
1,04/10/2026,6257,Presidente,1,municipio,SP,62324,3525854,JUMIRIM,,7,7,100.00,0,7,0,7,0,2457,2457,100.00,0,2457,0,2457,0,1933,78.67,524,21.33,1933,1841,95.24,1841,1841,100.00,0,0.00,0,51,2.64,41,2.12,41,0,0,0,04/10/2026,18:25:46,04/10/2026 18:26:57,sim
1,04/10/2026,6257,Presidente,1,municipio,SP,62332,3506706,BOA ESPERANÇA DO SUL,,32,32,100.00,0,32,0,32,0,9706,9706,100.00,0,9706,0,9706,0,7558,77.87,2148,22.13,7558,6971,92.23,6971,6971,100.00,0,0.00,0,254,3.36,333,4.41,333,0,0,0,04/10/2026,19:11:16,04/10/2026 19:12:25,sim
1,04/10/2026,6257,Presidente,1,municipio,SP,62340,3532157,NANTES,,7,7,100.00,0,7,0,7,0,2206,2206,100.00,0,2206,0,2206,0,1680,76.16,526,23.84,1680,1629,96.96,1629,1629,100.00,0,0.00,0,22,1.31,29,1.73,29,0,0,0,04/10/2026,17:34:19,04/10/2026 17:35:19,sim
1,04/10/2026,6257,Presidente,1,municipio,SP,62359,3506805,BOCAINA,,31,31,100.00,0,31,0,31,0,8535,8535,100.00,0,8535,0,8535,0,6784,79.48,1751,20.52,6784,6320,93.16,6320,6320,100.00,0,0.00,0,200,2.95,264,3.89,264,0,0,0,04/10/2026,18:12:02,04/10/2026 18:13:36,sim
1,04/10/2026,6257,Presidente,1,municipio,SP,62367,3532868,NOVA CASTILHO,,4,4,100.00,0,4,0,4,0,1375,1375,100.00,0,1375,0,1375,0,1077,78.33,298,21.67,1077,1046,97.12,1046,1046,100.00,0,0.00,0,12,1.11,19,1.76,19,0,0,0,04/10/2026,18:59:15,04/10/2026 19:00:25,sim
1,04/10/2026,6257,Presidente,1,municipio,SP,62375,3506904,BOFETE,,26,26,100.00,0,26,0,26,0,8935,8935,100.00,0,8935,0,8935,0,6520,72.97,2415,27.03,6520,6111,93.73,6111,6111,100.00,0,0.00,0,147,2.25,262,4.02,262,0,0,0,04/10/2026,18:14:38,04/10/2026 18:16:04,sim
1,04/10/2026,6257,Presidente,1,municipio,SP,62383,3534757,OUROESTE,,22,22,100.00,0,22,0,22,0,7997,7997,100.00,0,7997,0,7997,0,6125,76.59,1872,23.41,6125,5848,95.48,5848,5848,100.00,0,0.00,0,97,1.58,180,2.94,180,0,0,0,04/10/2026,19:22:32,04/10/2026 19:23:30,sim
1,04/10/2026,6257,Presidente,1,municipio,SP,62391,3507001,BOITUVA,,129,129,100.00,0,129,0,129,0,47624,47624,100.00,0,47624,0,47624,0,36823,77.32,10801,22.68,36823,34693,94.22,34693,34693,100.00,0,0.00,0,750,2.04,1380,3.75,1376,4,0,0,04/10/2026,21:05:53,04/10/2026 21:07:04,sim
1,04/10/2026,6257,Presidente,1,municipio,SP,62405,3536570,PAULISTÂNIA,,6,6,100.00,0,6,0,6,0,1993,1993,100.00,0,1993,0,1993,0,1499,75.21,494,24.79,1499,1436,95.80,1436,1436,100.00,0,0.00,0,23,1.53,40,2.67,40,0,0,0,04/10/2026,19:12:32,04/10/2026 19:13:56,sim
1,04/10/2026,6257,Presidente,1,municipio,SP,62413,3507100,BOM JESUS DOS PERDÕES,,57,57,100.00,0,57,0,57,0,18368,18368,100.00,0,18368,0,18368,0,14596,79.46,3772,20.54,14596,13751,94.21,13751,13751,100.00,0,0.00,0,388,2.66,457,3.13,456,1,0,0,04/10/2026,20:44:22,04/10/2026 20:45:27,sim
1,04/10/2026,6257,Presidente,1,municipio,SP,62421,3543238,RIBEIRÃO DOS ÍNDIOS,,7,7,100.00,0,7,0,7,0,1918,1918,100.00,0,1918,0,1918,0,1485,77.42,433,22.58,1485,1397,94.07,1397,1397,100.00,0,0.00,0,33,2.22,55,3.70,55,0,0,0,04/10/2026,19:02:28,04/10/2026 19:03:35,sim
1,04/10/2026,6257,Presidente,1,municipio,SP,62430,3507209,BORÁ,,4,4,100.00,0,4,0,4,0,1094,1094,100.00,0,1094,0,1094,0,862,78.79,232,21.21,862,822,95.36,822,822,100.00,0,0.00,0,18,2.09,22,2.55,22,0,0,0,04/10/2026,17:53:48,04/10/2026 17:54:33,sim
1,04/10/2026,6257,Presidente,1,municipio,SP,62448,3554755,TRABIJU,,5,5,100.00,0,5,0,5,0,1649,1649,100.00,0,1649,0,1649,0,1305,79.14,344,20.86,1305,1243,95.25,1243,1243,100.00,0,0.00,0,27,2.07,35,2.68,35,0,0,0,04/10/2026,18:59:09,04/10/2026 19:00:27,sim
1,04/10/2026,6257,Presidente,1,municipio,SP,62456,3507308,BORACÉIA,,12,12,100.00,0,12,0,12,0,3884,3884,100.00,0,3884,0,3884,0,3083,79.38,801,20.62,3083,2919,94.68,2919,2919,100.00,0,0.00,0,75,2.43,89,2.89,89,0,0,0,04/10/2026,19:03:20,04/10/2026 19:04:50,sim
1,04/10/2026,6257,Presidente,1,municipio,SP,62472,3507407,BORBOREMA,,32,32,100.00,0,32,0,32,0,10738,10738,100.00,0,10738,0,10738,0,8423,78.44,2315,21.56,8423,8015,95.16,8015,8015,100.00,0,0.00,0,154,1.83,254,3.02,252,2,0,0,04/10/2026,20:08:11,04/10/2026 20:10:49,sim
1,04/10/2026,6257,Presidente,1,municipio,SP,62499,3507506,BOTUCATU,,327,327,100.00,0,327,0,327,0,111048,111048,100.00,0,111048,0,111048,0,85728,77.20,25320,22.80,85728,80153,93.50,80153,80153,100.00,0,0.00,0,2198,2.56,3377,3.94,3372,5,0,0,04/10/2026,19:14:21,04/10/2026 19:15:31,sim
1,04/10/2026,6257,Presidente,1,municipio,SP,62510,3507605,BRAGANÇA PAULISTA,,371,371,100.00,0,371,0,371,0,131308,131308,100.00,0,131308,0,131308,0,105040,80.00,26268,20.00,105040,98819,94.08,98819,98819,100.00,0,0.00,0,2765,2.63,3456,3.29,3448,8,0,0,04/10/2026,19:05:58,04/10/2026 19:07:56,sim
1,04/10/2026,6257,Presidente,1,municipio,SP,62553,3507704,BRAÚNA,,15,15,100.00,0,15,0,15,0,4231,4231,100.00,0,4231,0,4231,0,3408,80.55,823,19.45,3408,3275,96.10,3275,3275,100.00,0,0.00,0,56,1.64,77,2.26,77,0,0,0,04/10/2026,18:55:49,04/10/2026 18:57:45,sim
1,04/10/2026,6257,Presidente,1,municipio,SP,62570,3507803,BRODOWSKI,,52,52,100.00,0,52,0,52,0,17196,17196,100.00,0,17196,0,17196,0,14225,82.72,2971,17.28,14225,13499,94.90,13499,13499,100.00,0,0.00,0,299,2.10,427,3.00,427,0,0,0,04/10/2026,19:16:02,04/10/2026 19:17:19,sim
1,04/10/2026,6257,Presidente,1,municipio,SP,62596,3507902,BROTAS,,57,57,100.00,0,57,0,57,0,17821,17821,100.00,0,17821,0,17821,0,13455,75.50,4366,24.50,13455,12644,93.97,12644,12644,100.00,0,0.00,0,357,2.65,454,3.37,453,1,0,0,04/10/2026,18:33:11,04/10/2026 18:34:14,sim
1,04/10/2026,6257,Presidente,1,municipio,SP,62618,3508009,BURI,,48,48,100.00,0,48,0,48,0,14878,14878,100.00,0,14878,0,14878,0,11504,77.32,3374,22.68,11504,10897,94.72,10897,10897,100.00,0,0.00,0,282,2.45,325,2.83,324,1,0,0,04/10/2026,21:07:53,04/10/2026 21:08:58,sim
1,04/10/2026,6257,Presidente,1,municipio,SP,62634,3508108,BURITAMA,,38,38,100.00,0,38,0,38,0,13143,13143,100.00,0,13143,0,13143,0,9997,76.06,3146,23.94,9997,9544,95.47,9544,9544,100.00,0,0.00,0,165,1.65,288,2.88,288,0,0,0,04/10/2026,18:45:24,04/10/2026 18:47:57,sim
1,04/10/2026,6257,Presidente,1,municipio,SP,62650,3508207,BURITIZAL,,13,13,100.00,0,13,0,13,0,4125,4125,100.00,0,4125,0,4125,0,3249,78.76,876,21.24,3249,3152,97.01,3152,3152,100.00,0,0.00,0,34,1.05,63,1.94,63,0,0,0,04/10/2026,18:11:23,04/10/2026 18:12:43,sim
1,04/10/2026,6257,Presidente,1,municipio,SP,62677,3508306,CABRÁLIA PAULISTA,,11,11,100.00,0,11,0,11,0,3698,3698,100.00,0,3698,0,3698,0,2809,75.96,889,24.04,2809,2681,95.44,2681,2681,100.00,0,0.00,0,58,2.06,70,2.49,70,0,0,0,04/10/2026,18:01:14,04/10/2026 18:09:29,sim
1,04/10/2026,6257,Presidente,1,municipio,SP,62693,3508405,CABREÚVA,,105,105,100.00,0,105,0,105,0,36426,36426,100.00,0,36426,0,36426,0,28306,77.71,8120,22.29,28306,26696,94.31,26696,26696,100.00,0,0.00,0,701,2.48,909,3.21,907,2,0,0,04/10/2026,21:01:29,04/10/2026 21:02:49,sim
1,04/10/2026,6257,Presidente,1,municipio,SP,62715,3508504,CAÇAPAVA,,243,243,100.00,0,243,0,243,0,72595,72595,100.00,0,72595,0,72595,0,58092,80.02,14503,19.98,58092,54696,94.15,54696,54696,100.00,0,0.00,0,1485,2.56,1911,3.29,1906,5,0,0,04/10/2026,19:30:30,04/10/2026 19:31:43,sim
1,04/10/2026,6257,Presidente,1,municipio,SP,62731,3508603,CACHOEIRA PAULISTA,,79,79,100.00,0,79,0,79,0,23891,23891,100.00,0,23891,0,23891,0,18723,78.37,5168,21.63,18723,17892,95.56,17892,17892,100.00,0,0.00,0,365,1.95,466,2.49,462,4,0,0,04/10/2026,18:44:41,04/10/2026 18:46:42,sim
1,04/10/2026,6257,Presidente,1,municipio,SP,62758,3508702,CACONDE,,41,41,100.00,0,41,0,41,0,13333,13333,100.00,0,13333,0,13333,0,10204,76.53,3129,23.47,10204,9591,93.99,9591,9591,100.00,0,0.00,0,276,2.70,337,3.30,337,0,0,0,04/10/2026,18:46:08,04/10/2026 18:47:56,sim
1,04/10/2026,6257,Presidente,1,municipio,SP,62774,3508801,CAFELÂNDIA,,41,41,100.00,0,41,0,41,0,12245,12245,100.00,0,12245,0,12245,0,9332,76.21,2913,23.79,9332,8821,94.52,8821,8821,100.00,0,0.00,0,247,2.65,264,2.83,264,0,0,0,04/10/2026,19:10:50,04/10/2026 19:12:24,sim
1,04/10/2026,6257,Presidente,1,municipio,SP,62790,3508900,CAIABU,,13,13,100.00,0,13,0,13,0,3330,3330,100.00,0,3330,0,3330,0,2673,80.27,657,19.73,2673,2538,94.95,2538,2538,100.00,0,0.00,0,65,2.43,70,2.62,70,0,0,0,04/10/2026,18:45:45,04/10/2026 18:47:54,sim
1,04/10/2026,6257,Presidente,1,municipio,SP,62812,3509007,CAIEIRAS,,195,195,100.00,0,195,0,195,0,72229,72229,100.00,0,72229,0,72229,0,55767,77.21,16462,22.79,55767,52291,93.77,52291,52291,100.00,0,0.00,0,1437,2.58,2039,3.66,2035,4,0,0,04/10/2026,19:21:59,04/10/2026 19:22:53,sim
1,04/10/2026,6257,Presidente,1,municipio,SP,62839,3509106,CAIUÁ,,15,15,100.00,0,15,0,15,0,3755,3755,100.00,0,3755,0,3755,0,2731,72.73,1024,27.27,2731,2630,96.30,2630,2630,100.00,0,0.00,0,35,1.28,66,2.42,66,0,0,0,04/10/2026,19:26:21,04/10/2026 19:29:48,sim
1,04/10/2026,6257,Presidente,1,municipio,SP,62855,3509205,CAJAMAR,,213,213,100.00,0,213,0,213,0,70021,70021,100.00,0,70021,0,70021,0,55655,79.48,14366,20.52,55655,52216,93.82,52216,52216,100.00,0,0.00,0,1570,2.82,1869,3.36,1865,4,0,0,04/10/2026,20:59:35,04/10/2026 21:00:35,sim
1,04/10/2026,6257,Presidente,1,municipio,SP,62871,3509304,CAJOBI,,24,24,100.00,0,24,0,24,0,7437,7437,100.00,0,7437,0,7437,0,6308,84.82,1129,15.18,6308,5994,95.02,5994,5994,100.00,0,0.00,0,130,2.06,184,2.92,184,0,0,0,04/10/2026,19:02:12,04/10/2026 19:03:07,sim
1,04/10/2026,6257,Presidente,1,municipio,SP,62898,3509403,CAJURU,,60,60,100.00,0,60,0,60,0,18240,18240,100.00,0,18240,0,18240,0,14255,78.15,3985,21.85,14255,13430,94.21,13430,13430,100.00,0,0.00,0,349,2.45,476,3.34,475,1,0,0,04/10/2026,18:16:37,04/10/2026 18:17:54,sim
1,04/10/2026,6257,Presidente,1,municipio,SP,62910,3509502,CAMPINAS,,2531,2531,100.00,0,2531,0,2531,0,873613,873613,100.00,0,873613,0,873613,0,667699,76.43,205914,23.57,667699,633220,94.84,633220,633220,100.00,0,0.00,0,13544,2.03,20935,3.14,20910,25,0,0,04/10/2026,21:01:36,04/10/2026 21:02:49,sim
1,04/10/2026,6257,Presidente,1,municipio,SP,62936,3509601,CAMPO LIMPO PAULISTA,,213,213,100.00,0,213,0,213,0,59440,59440,100.00,0,59440,0,59440,0,46746,78.64,12694,21.36,46746,43755,93.60,43755,43755,100.00,0,0.00,0,1211,2.59,1780,3.81,1777,3,0,0,04/10/2026,19:27:42,04/10/2026 19:29:47,sim
1,04/10/2026,6257,Presidente,1,municipio,SP,62952,3509700,CAMPOS DO JORDÃO,,131,131,100.00,0,131,0,131,0,38107,38107,100.00,0,38107,0,38107,0,29253,76.77,8854,23.23,29253,27390,93.63,27390,27390,100.00,0,0.00,0,853,2.92,1010,3.45,1008,2,0,0,04/10/2026,19:14:27,04/10/2026 19:15:31,sim
1,04/10/2026,6257,Presidente,1,municipio,SP,62979,3509809,CAMPOS NOVOS PAULISTA,,11,11,100.00,0,11,0,11,0,3805,3805,100.00,0,3805,0,3805,0,2936,77.16,869,22.84,2936,2843,96.83,2843,2843,100.00,0,0.00,0,44,1.50,49,1.67,49,0,0,0,04/10/2026,19:18:29,04/10/2026 19:20:45,sim
1,04/10/2026,6257,Presidente,1,municipio,SP,62995,3509908,CANANÉIA,,38,38,100.00,0,38,0,38,0,10410,10410,100.00,0,10410,0,10410,0,7657,73.55,2753,26.45,7657,7333,95.77,7333,7333,100.00,0,0.00,0,125,1.63,199,2.60,199,0,0,0,04/10/2026,20:39:37,04/10/2026 20:40:26,sim
1,04/10/2026,6257,Presidente,1,municipio,SP,63010,3510005,CÂNDIDO MOTA,,76,76,100.00,0,76,0,76,0,22894,22894,100.00,0,22894,0,22894,0,18047,78.83,4847,21.17,18047,17085,94.67,17085,17085,100.00,0,0.00,0,450,2.49,512,2.84,512,0,0,0,04/10/2026,18:54:59,04/10/2026 18:56:06,sim
1,04/10/2026,6257,Presidente,1,municipio,SP,63037,3510104,CÂNDIDO RODRIGUES,,8,8,100.00,0,8,0,8,0,2853,2853,100.00,0,2853,0,2853,0,2165,75.89,688,24.11,2165,2063,95.29,2063,2063,100.00,0,0.00,0,55,2.54,47,2.17,47,0,0,0,04/10/2026,17:51:15,04/10/2026 17:51:50,sim
1,04/10/2026,6257,Presidente,1,municipio,SP,63053,3510203,CAPÃO BONITO,,122,122,100.00,0,122,0,122,0,34293,34293,100.00,0,34293,0,34293,0,26967,78.64,7326,21.36,26967,25486,94.51,25486,25486,100.00,0,0.00,0,772,2.86,709,2.63,708,1,0,0,04/10/2026,19:23:39,04/10/2026 19:24:29,sim
1,04/10/2026,6257,Presidente,1,municipio,SP,63070,3510302,CAPELA DO ALTO,,39,39,100.00,0,39,0,39,0,14543,14543,100.00,0,14543,0,14543,0,11575,79.59,2968,20.41,11575,10901,94.18,10901,10901,100.00,0,0.00,0,341,2.95,333,2.88,333,0,0,0,04/10/2026,20:52:08,04/10/2026 20:53:49,sim
1,04/10/2026,6257,Presidente,1,municipio,SP,63096,3510401,CAPIVARI,,123,123,100.00,0,123,0,123,0,37609,37609,100.00,0,37609,0,37609,0,30223,80.36,7386,19.64,30223,28584,94.58,28584,28584,100.00,0,0.00,0,682,2.26,957,3.17,956,1,0,0,04/10/2026,20:09:57,04/10/2026 20:10:49,sim
1,04/10/2026,6257,Presidente,1,municipio,SP,63118,3510500,CARAGUATATUBA,,383,383,100.00,0,383,0,383,0,106446,106446,100.00,0,106446,0,106446,0,82290,77.31,24156,22.69,82290,77696,94.42,77696,77696,100.00,0,0.00,0,1956,2.38,2638,3.21,2636,2,0,0,04/10/2026,19:07:37,04/10/2026 19:09:07,sim
1,04/10/2026,6257,Presidente,1,municipio,SP,63134,3510609,CARAPICUÍBA,,840,840,100.00,0,840,0,840,0,290495,290495,100.00,0,290495,0,290495,0,217457,74.86,73038,25.14,217457,203524,93.59,203524,203524,100.00,0,0.00,0,6268,2.88,7665,3.52,7648,17,0,0,04/10/2026,21:14:18,04/10/2026 21:15:25,sim
1,04/10/2026,6257,Presidente,1,municipio,SP,63150,3510708,CARDOSO,,35,35,100.00,0,35,0,35,0,9593,9593,100.00,0,9593,0,9593,0,6836,71.26,2757,28.74,6836,6526,95.47,6526,6526,100.00,0,0.00,0,113,1.65,197,2.88,197,0,0,0,04/10/2026,18:17:12,04/10/2026 18:18:44,sim
1,04/10/2026,6257,Presidente,1,municipio,SP,63177,3510807,CASA BRANCA,,66,66,100.00,0,66,0,66,0,19558,19558,100.00,0,19558,0,19558,0,14620,74.75,4938,25.25,14620,13693,93.66,13693,13693,100.00,0,0.00,0,437,2.99,490,3.35,490,0,0,0,04/10/2026,18:33:59,04/10/2026 18:35:16,sim
1,04/10/2026,6257,Presidente,1,municipio,SP,63193,3510906,CÁSSIA DOS COQUEIROS,,10,10,100.00,0,10,0,10,0,2667,2667,100.00,0,2667,0,2667,0,2089,78.33,578,21.67,2089,1946,93.15,1946,1946,100.00,0,0.00,0,45,2.15,98,4.69,98,0,0,0,04/10/2026,17:51:59,04/10/2026 17:52:45,sim
1,04/10/2026,6257,Presidente,1,municipio,SP,63215,3511003,CASTILHO,,48,48,100.00,0,48,0,48,0,15377,15377,100.00,0,15377,0,15377,0,11741,76.35,3636,23.65,11741,11224,95.60,11224,11224,100.00,0,0.00,0,226,1.92,291,2.48,291,0,0,0,04/10/2026,19:19:02,04/10/2026 19:20:45,sim
1,04/10/2026,6257,Presidente,1,municipio,SP,63231,3511102,CATANDUVA,,268,268,100.00,0,268,0,268,0,86119,86119,100.00,0,86119,0,86119,0,66332,77.02,19787,22.98,66332,62839,94.73,62839,62839,100.00,0,0.00,0,1332,2.01,2161,3.26,2159,2,0,0,04/10/2026,18:39:10,04/10/2026 18:41:17,sim
1,04/10/2026,6257,Presidente,1,municipio,SP,63258,3511201,CATIGUÁ,,18,18,100.00,0,18,0,18,0,5688,5688,100.00,0,5688,0,5688,0,4653,81.80,1035,18.20,4653,4320,92.84,4320,4320,100.00,0,0.00,0,109,2.34,224,4.81,224,0,0,0,04/10/2026,18:44:06,04/10/2026 18:45:44,sim
1,04/10/2026,6257,Presidente,1,municipio,SP,63274,3511300,CEDRAL,,25,25,100.00,0,25,0,25,0,8582,8582,100.00,0,8582,0,8582,0,6771,78.90,1811,21.10,6771,6497,95.95,6497,6497,100.00,0,0.00,0,110,1.62,164,2.42,164,0,0,0,04/10/2026,18:43:58,04/10/2026 18:45:11,sim
1,04/10/2026,6257,Presidente,1,municipio,SP,63290,3511409,CERQUEIRA CÉSAR,,44,44,100.00,0,44,0,44,0,14958,14958,100.00,0,14958,0,14958,0,10939,73.13,4019,26.87,10939,10281,93.98,10281,10281,100.00,0,0.00,0,354,3.24,304,2.78,304,0,0,0,04/10/2026,18:26:33,04/10/2026 18:28:30,sim
1,04/10/2026,6257,Presidente,1,municipio,SP,63312,3511508,CERQUILHO,,123,123,100.00,0,123,0,123,0,36003,36003,100.00,0,36003,0,36003,0,28281,78.55,7722,21.45,28281,26625,94.14,26625,26625,100.00,0,0.00,0,622,2.20,1034,3.66,1034,0,0,0,04/10/2026,19:11:52,04/10/2026 19:12:55,sim
1,04/10/2026,6257,Presidente,1,municipio,SP,63339,3511607,CESÁRIO LANGE,,49,49,100.00,0,49,0,49,0,13804,13804,100.00,0,13804,0,13804,0,10658,77.21,3146,22.79,10658,9767,91.64,9767,9767,100.00,0,0.00,0,379,3.56,512,4.80,510,2,0,0,04/10/2026,19:21:38,04/10/2026 19:22:53,sim
1,04/10/2026,6257,Presidente,1,municipio,SP,63355,3511706,CHARQUEADA,,46,46,100.00,0,46,0,46,0,13212,13212,100.00,0,13212,0,13212,0,10348,78.32,2864,21.68,10348,9855,95.24,9855,9855,100.00,0,0.00,0,209,2.02,284,2.74,284,0,0,0,04/10/2026,19:02:40,04/10/2026 19:03:34,sim
1,04/10/2026,6257,Presidente,1,municipio,SP,63371,3557204,CHAVANTES,,31,31,100.00,0,31,0,31,0,8675,8675,100.00,0,8675,0,8675,0,6860,79.08,1815,20.92,6860,6518,95.01,6518,6518,100.00,0,0.00,0,170,2.48,172,2.51,172,0,0,0,04/10/2026,18:09:41,04/10/2026 18:10:55,sim
1,04/10/2026,6257,Presidente,1,municipio,SP,63398,3511904,CLEMENTINA,,17,17,100.00,0,17,0,17,0,5273,5273,100.00,0,5273,0,5273,0,4258,80.75,1015,19.25,4258,4098,96.24,4098,4098,100.00,0,0.00,0,55,1.29,105,2.47,105,0,0,0,04/10/2026,18:12:26,04/10/2026 18:13:34,sim
1,04/10/2026,6257,Presidente,1,municipio,SP,63410,3512001,COLINA,,39,39,100.00,0,39,0,39,0,14048,14048,100.00,0,14048,0,14048,0,10829,77.09,3219,22.91,10829,10306,95.17,10306,10306,100.00,0,0.00,0,225,2.08,298,2.75,298,0,0,0,04/10/2026,18:43:17,04/10/2026 18:45:13,sim
1,04/10/2026,6257,Presidente,1,municipio,SP,63436,3512100,COLÔMBIA,,17,17,100.00,0,17,0,17,0,5800,5800,100.00,0,5800,0,5800,0,4336,74.76,1464,25.24,4336,4143,95.55,4143,4143,100.00,0,0.00,0,63,1.45,130,3.00,130,0,0,0,04/10/2026,19:19:36,04/10/2026 19:21:29,sim
1,04/10/2026,6257,Presidente,1,municipio,SP,63452,3512209,CONCHAL,,72,72,100.00,0,72,0,72,0,20926,20926,100.00,0,20926,0,20926,0,17362,82.97,3564,17.03,17362,16458,94.79,16458,16458,100.00,0,0.00,0,458,2.64,446,2.57,446,0,0,0,04/10/2026,20:47:46,04/10/2026 20:49:08,sim
1,04/10/2026,6257,Presidente,1,municipio,SP,63479,3512308,CONCHAS,,38,38,100.00,0,38,0,38,0,12626,12626,100.00,0,12626,0,12626,0,9081,71.92,3545,28.08,9081,8667,95.44,8667,8667,100.00,0,0.00,0,187,2.06,227,2.50,226,1,0,0,04/10/2026,19:07:20,04/10/2026 19:08:29,sim
1,04/10/2026,6257,Presidente,1,municipio,SP,63495,3512407,CORDEIRÓPOLIS,,69,69,100.00,0,69,0,69,0,19567,19567,100.00,0,19567,0,19567,0,15826,80.88,3741,19.12,15826,15031,94.98,15031,15031,100.00,0,0.00,0,327,2.07,468,2.96,467,1,0,0,04/10/2026,19:08:01,04/10/2026 19:09:08,sim
1,04/10/2026,6257,Presidente,1,municipio,SP,63517,3512506,COROADOS,,13,13,100.00,0,13,0,13,0,4020,4020,100.00,0,4020,0,4020,0,3234,80.45,786,19.55,3234,3102,95.92,3102,3102,100.00,0,0.00,0,57,1.76,75,2.32,75,0,0,0,04/10/2026,19:25:14,04/10/2026 19:26:10,sim
1,04/10/2026,6257,Presidente,1,municipio,SP,63533,3512605,CORONEL MACEDO,,14,14,100.00,0,14,0,14,0,3793,3793,100.00,0,3793,0,3793,0,3042,80.20,751,19.80,3042,2905,95.50,2905,2905,100.00,0,0.00,0,73,2.40,64,2.10,64,0,0,0,04/10/2026,19:21:54,04/10/2026 19:22:51,sim
1,04/10/2026,6257,Presidente,1,municipio,SP,63550,3512704,CORUMBATAÍ,,15,15,100.00,0,15,0,15,0,3523,3523,100.00,0,3523,0,3523,0,2690,76.36,833,23.64,2690,2525,93.87,2525,2525,100.00,0,0.00,0,63,2.34,102,3.79,102,0,0,0,04/10/2026,18:39:57,04/10/2026 18:42:19,sim
1,04/10/2026,6257,Presidente,1,municipio,SP,63576,3512803,COSMÓPOLIS,,137,137,100.00,0,137,0,137,0,44573,44573,100.00,0,44573,0,44573,0,34897,78.29,9676,21.71,34897,32819,94.05,32819,32819,100.00,0,0.00,0,829,2.38,1249,3.58,1248,1,0,0,04/10/2026,18:59:12,04/10/2026 19:00:26,sim
1,04/10/2026,6257,Presidente,1,municipio,SP,63592,3512902,COSMORAMA,,20,20,100.00,0,20,0,20,0,7030,7030,100.00,0,7030,0,7030,0,5573,79.27,1457,20.73,5573,5352,96.03,5352,5352,100.00,0,0.00,0,112,2.01,109,1.96,109,0,0,0,04/10/2026,18:58:12,04/10/2026 18:59:24,sim
1,04/10/2026,6257,Presidente,1,municipio,SP,63614,3513009,COTIA,,558,558,100.00,0,558,0,558,0,194159,194159,100.00,0,194159,0,194159,0,150089,77.30,44070,22.70,150089,141376,94.19,141376,141376,100.00,0,0.00,0,4030,2.69,4683,3.12,4672,11,0,0,04/10/2026,20:21:58,04/10/2026 20:23:04,sim
1,04/10/2026,6257,Presidente,1,municipio,SP,63630,3513108,CRAVINHOS,,84,84,100.00,0,84,0,84,0,27124,27124,100.00,0,27124,0,27124,0,20416,75.27,6708,24.73,20416,19091,93.51,19091,19091,100.00,0,0.00,0,533,2.61,792,3.88,792,0,0,0,04/10/2026,20:51:19,04/10/2026 20:52:42,sim
1,04/10/2026,6257,Presidente,1,municipio,SP,63657,3513207,CRISTAIS PAULISTA,,22,22,100.00,0,22,0,22,0,7311,7311,100.00,0,7311,0,7311,0,5630,77.01,1681,22.99,5630,5362,95.24,5362,5362,100.00,0,0.00,0,108,1.92,160,2.84,160,0,0,0,04/10/2026,18:12:11,04/10/2026 18:13:35,sim
1,04/10/2026,6257,Presidente,1,municipio,SP,63673,3513306,CRUZÁLIA,,8,8,100.00,0,8,0,8,0,1966,1966,100.00,0,1966,0,1966,0,1641,83.47,325,16.53,1641,1572,95.80,1572,1572,100.00,0,0.00,0,41,2.50,28,1.71,28,0,0,0,04/10/2026,18:44:45,04/10/2026 18:46:43,sim
1,04/10/2026,6257,Presidente,1,municipio,SP,63690,3513405,CRUZEIRO,,174,174,100.00,0,174,0,174,0,56188,56188,100.00,0,56188,0,56188,0,44461,79.13,11727,20.87,44461,41807,94.03,41807,41807,100.00,0,0.00,0,1047,2.35,1607,3.61,1604,3,0,0,04/10/2026,20:19:42,04/10/2026 20:20:35,sim
1,04/10/2026,6257,Presidente,1,municipio,SP,63711,3513504,CUBATÃO,,303,303,100.00,0,303,0,303,0,90311,90311,100.00,0,90311,0,90311,0,71956,79.68,18355,20.32,71956,68407,95.07,68407,68407,100.00,0,0.00,0,1493,2.07,2056,2.86,2054,2,0,0,04/10/2026,20:27:13,04/10/2026 20:28:03,sim
1,04/10/2026,6257,Presidente,1,municipio,SP,63738,3513603,CUNHA,,57,57,100.00,0,57,0,57,0,18135,18135,100.00,0,18135,0,18135,0,14157,78.06,3978,21.94,14157,13318,94.07,13318,13318,100.00,0,0.00,0,394,2.78,445,3.14,444,1,0,0,04/10/2026,19:11:18,04/10/2026 19:12:24,sim
1,04/10/2026,6257,Presidente,1,municipio,SP,63754,3513702,DESCALVADO,,73,73,100.00,0,73,0,73,0,24907,24907,100.00,0,24907,0,24907,0,18448,74.07,6459,25.93,18448,17124,92.82,17124,17124,100.00,0,0.00,0,564,3.06,760,4.12,760,0,0,0,04/10/2026,19:01:22,04/10/2026 19:02:31,sim
1,04/10/2026,6257,Presidente,1,municipio,SP,63770,3513801,DIADEMA,,937,937,100.00,0,937,0,937,0,331016,331016,100.00,0,331016,0,331016,0,256159,77.39,74857,22.61,256159,239565,93.52,239565,239565,100.00,0,0.00,0,6592,2.57,10002,3.90,9992,10,0,0,04/10/2026,20:08:24,04/10/2026 20:10:48,sim
1,04/10/2026,6257,Presidente,1,municipio,SP,63797,3513900,DIVINOLÂNDIA,,35,35,100.00,0,35,0,35,0,9543,9543,100.00,0,9543,0,9543,0,7570,79.33,1973,20.67,7570,7042,93.03,7042,7042,100.00,0,0.00,0,178,2.35,350,4.62,350,0,0,0,04/10/2026,18:48:55,04/10/2026 18:51:32,sim
1,04/10/2026,6257,Presidente,1,municipio,SP,63819,3514007,DOBRADA,,20,20,100.00,0,20,0,20,0,6727,6727,100.00,0,6727,0,6727,0,5229,77.73,1498,22.27,5229,4936,94.40,4936,4936,100.00,0,0.00,0,115,2.20,178,3.40,178,0,0,0,04/10/2026,19:04:11,04/10/2026 19:05:26,sim
1,04/10/2026,6257,Presidente,1,municipio,SP,63835,3514106,DOIS CÓRREGOS,,71,71,100.00,0,71,0,71,0,18565,18565,100.00,0,18565,0,18565,0,14011,75.47,4554,24.53,14011,13198,94.20,13198,13198,100.00,0,0.00,0,375,2.68,438,3.13,438,0,0,0,04/10/2026,18:39:35,04/10/2026 18:41:19,sim
1,04/10/2026,6257,Presidente,1,municipio,SP,63851,3514205,DOLCINÓPOLIS,,8,8,100.00,0,8,0,8,0,2355,2355,100.00,0,2355,0,2355,0,1902,80.76,453,19.24,1902,1806,94.95,1806,1806,100.00,0,0.00,0,42,2.21,54,2.84,54,0,0,0,04/10/2026,18:44:01,04/10/2026 18:45:13,sim
1,04/10/2026,6257,Presidente,1,municipio,SP,63878,3514304,DOURADO,,22,22,100.00,0,22,0,22,0,6798,6798,100.00,0,6798,0,6798,0,5418,79.70,1380,20.30,5418,4939,91.16,4939,4939,100.00,0,0.00,0,192,3.54,287,5.30,287,0,0,0,04/10/2026,18:39:02,04/10/2026 18:41:18,sim
1,04/10/2026,6257,Presidente,1,municipio,SP,63894,3514403,DRACENA,,98,98,100.00,0,98,0,98,0,33614,33614,100.00,0,33614,0,33614,0,25385,75.52,8229,24.48,25385,24428,96.23,24428,24428,100.00,0,0.00,0,432,1.70,525,2.07,523,2,0,0,04/10/2026,18:56:58,04/10/2026 18:57:47,sim
1,04/10/2026,6257,Presidente,1,municipio,SP,63916,3514502,DUARTINA,,28,28,100.00,0,28,0,28,0,9858,9858,100.00,0,9858,0,9858,0,7522,76.30,2336,23.70,7522,7118,94.63,7118,7118,100.00,0,0.00,0,161,2.14,243,3.23,242,1,0,0,04/10/2026,18:09:00,04/10/2026 18:09:55,sim
1,04/10/2026,6257,Presidente,1,municipio,SP,63932,3514601,DUMONT,,24,24,100.00,0,24,0,24,0,7337,7337,100.00,0,7337,0,7337,0,5907,80.51,1430,19.49,5907,5601,94.82,5601,5601,100.00,0,0.00,0,125,2.12,181,3.06,181,0,0,0,04/10/2026,20:13:21,04/10/2026 20:14:35,sim
1,04/10/2026,6257,Presidente,1,municipio,SP,63959,3514700,ECHAPORÃ,,17,17,100.00,0,17,0,17,0,5070,5070,100.00,0,5070,0,5070,0,3856,76.06,1214,23.94,3856,3700,95.95,3700,3700,100.00,0,0.00,0,48,1.24,108,2.80,108,0,0,0,04/10/2026,19:28:02,04/10/2026 19:29:46,sim
1,04/10/2026,6257,Presidente,1,municipio,SP,63975,3514809,ELDORADO,,50,50,100.00,0,50,0,50,0,10787,10787,100.00,0,10787,0,10787,0,7758,71.92,3029,28.08,7758,7375,95.06,7375,7375,100.00,0,0.00,0,168,2.17,215,2.77,214,1,0,0,04/10/2026,19:12:19,04/10/2026 19:13:23,sim
1,04/10/2026,6257,Presidente,1,municipio,SP,63991,3514908,ELIAS FAUSTO,,43,43,100.00,0,43,0,43,0,13526,13526,100.00,0,13526,0,13526,0,10995,81.29,2531,18.71,10995,10259,93.31,10259,10259,100.00,0,0.00,0,290,2.64,446,4.06,446,0,0,0,04/10/2026,20:08:38,04/10/2026 20:10:50,sim
1,04/10/2026,6257,Presidente,1,municipio,SP,64017,3515004,EMBU DAS ARTES,,634,634,100.00,0,634,0,634,0,206389,206389,100.00,0,206389,0,206389,0,161385,78.19,45004,21.81,161385,150338,93.15,150338,150338,100.00,0,0.00,0,4870,3.02,6177,3.83,6164,13,0,0,04/10/2026,20:47:59,04/10/2026 20:49:08,sim
1,04/10/2026,6257,Presidente,1,municipio,SP,64033,3515103,EMBU-GUAÇU,,150,150,100.00,0,150,0,150,0,53717,53717,100.00,0,53717,0,53717,0,40136,74.72,13581,25.28,40136,37288,92.90,37288,37288,100.00,0,0.00,0,1213,3.02,1635,4.07,1629,6,0,0,04/10/2026,18:56:12,04/10/2026 18:57:46,sim
1,04/10/2026,6257,Presidente,1,municipio,SP,64050,3515202,ESTRELA D'OESTE,,23,23,100.00,0,23,0,23,0,7128,7128,100.00,0,7128,0,7128,0,5558,77.97,1570,22.03,5558,5284,95.07,5284,5284,100.00,0,0.00,0,130,2.34,144,2.59,144,0,0,0,04/10/2026,18:22:47,04/10/2026 18:24:00,sim
1,04/10/2026,6257,Presidente,1,municipio,SP,64076,3515301,ESTRELA DO NORTE,,8,8,100.00,0,8,0,8,0,2464,2464,100.00,0,2464,0,2464,0,1912,77.60,552,22.40,1912,1851,96.81,1851,1851,100.00,0,0.00,0,18,0.94,43,2.25,43,0,0,0,04/10/2026,19:13:35,04/10/2026 19:14:57,sim
1,04/10/2026,6257,Presidente,1,municipio,SP,64092,3515400,FARTURA,,39,39,100.00,0,39,0,39,0,12518,12518,100.00,0,12518,0,12518,0,9599,76.68,2919,23.32,9599,9119,95.00,9119,9119,100.00,0,0.00,0,220,2.29,260,2.71,260,0,0,0,04/10/2026,18:42:37,04/10/2026 18:44:35,sim
1,04/10/2026,6257,Presidente,1,municipio,SP,64114,3515509,FERNANDÓPOLIS,,154,154,100.00,0,154,0,154,0,50193,50193,100.00,0,50193,0,50193,0,38284,76.27,11909,23.73,38284,36645,95.72,36645,36645,100.00,0,0.00,0,757,1.98,882,2.30,882,0,0,0,04/10/2026,18:29:46,04/10/2026 18:32:02,sim
1,04/10/2026,6257,Presidente,1,municipio,SP,64130,3515608,FERNANDO PRESTES,,17,17,100.00,0,17,0,17,0,5086,5086,100.00,0,5086,0,5086,0,3961,77.88,1125,22.12,3961,3712,93.71,3712,3712,100.00,0,0.00,0,124,3.13,125,3.16,125,0,0,0,04/10/2026,18:19:48,04/10/2026 18:20:36,sim
1,04/10/2026,6257,Presidente,1,municipio,SP,64157,3515707,FERRAZ DE VASCONCELOS,,445,445,100.00,0,445,0,445,0,128931,128931,100.00,0,128931,0,128931,0,103663,80.40,25268,19.60,103663,96271,92.87,96271,96271,100.00,0,0.00,0,3124,3.01,4268,4.12,4261,7,0,0,04/10/2026,19:12:20,04/10/2026 19:13:23,sim
1,04/10/2026,6257,Presidente,1,municipio,SP,64173,3515806,FLORA RICA,,6,6,100.00,0,6,0,6,0,1428,1428,100.00,0,1428,0,1428,0,1058,74.09,370,25.91,1058,1014,95.84,1014,1014,100.00,0,0.00,0,19,1.80,25,2.36,25,0,0,0,04/10/2026,18:23:51,04/10/2026 18:25:02,sim
1,04/10/2026,6257,Presidente,1,municipio,SP,64190,3515905,FLOREAL,,8,8,100.00,0,8,0,8,0,2670,2670,100.00,0,2670,0,2670,0,2044,76.55,626,23.45,2044,1941,94.96,1941,1941,100.00,0,0.00,0,42,2.05,61,2.98,61,0,0,0,04/10/2026,18:24:21,04/10/2026 18:26:01,sim
1,04/10/2026,6257,Presidente,1,municipio,SP,64211,3516002,FLÓRIDA PAULISTA,,24,24,100.00,0,24,0,24,0,7407,7407,100.00,0,7407,0,7407,0,5701,76.97,1706,23.03,5701,5449,95.58,5449,5449,100.00,0,0.00,0,118,2.07,134,2.35,134,0,0,0,04/10/2026,20:51:39,04/10/2026 20:53:21,sim
1,04/10/2026,6257,Presidente,1,municipio,SP,64238,3516101,FLORÍNEA,,8,8,100.00,0,8,0,8,0,2673,2673,100.00,0,2673,0,2673,0,2076,77.67,597,22.33,2076,2006,96.63,2006,2006,100.00,0,0.00,0,40,1.93,30,1.45,30,0,0,0,04/10/2026,18:58:55,04/10/2026 18:59:58,sim
1,04/10/2026,6257,Presidente,1,municipio,SP,64254,3516200,FRANCA,,732,732,100.00,0,732,0,732,0,241902,241902,100.00,0,241902,0,241902,0,189925,78.51,51977,21.49,189925,180447,95.01,180447,180447,100.00,0,0.00,0,3989,2.10,5489,2.89,5481,8,0,0,04/10/2026,19:30:26,04/10/2026 19:31:42,sim
1,04/10/2026,6257,Presidente,1,municipio,SP,64270,3516309,FRANCISCO MORATO,,353,353,100.00,0,353,0,353,0,126796,126796,100.00,0,126796,0,126796,0,95350,75.20,31446,24.80,95350,88167,92.47,88167,88167,100.00,0,0.00,0,3256,3.41,3927,4.12,3919,8,0,0,04/10/2026,19:24:12,04/10/2026 19:25:38,sim
1,04/10/2026,6257,Presidente,1,municipio,SP,64297,3516408,FRANCO DA ROCHA,,292,292,100.00,0,292,0,292,0,107865,107865,100.00,0,107865,0,107865,0,79907,74.08,27958,25.92,79907,73611,92.12,73611,73611,100.00,0,0.00,0,2521,3.15,3775,4.72,3771,4,0,0,04/10/2026,19:22:58,04/10/2026 19:24:01,sim
1,04/10/2026,6257,Presidente,1,municipio,SP,64319,3516507,GABRIEL MONTEIRO,,8,8,100.00,0,8,0,8,0,2682,2682,100.00,0,2682,0,2682,0,2183,81.39,499,18.61,2183,2082,95.37,2082,2082,100.00,0,0.00,0,25,1.15,76,3.48,76,0,0,0,04/10/2026,18:35:50,04/10/2026 18:37:24,sim
1,04/10/2026,6257,Presidente,1,municipio,SP,64335,3516606,GÁLIA,,19,19,100.00,0,19,0,19,0,4626,4626,100.00,0,4626,0,4626,0,3580,77.39,1046,22.61,3580,3355,93.72,3355,3355,100.00,0,0.00,0,90,2.51,135,3.77,135,0,0,0,04/10/2026,18:48:14,04/10/2026 18:50:11,sim
1,04/10/2026,6257,Presidente,1,municipio,SP,64351,3516705,GARÇA,,121,121,100.00,0,121,0,121,0,32368,32368,100.00,0,32368,0,32368,0,24892,76.90,7476,23.10,24892,23153,93.01,23153,23153,100.00,0,0.00,0,837,3.36,902,3.62,901,1,0,0,04/10/2026,20:04:29,04/10/2026 20:07:50,sim
1,04/10/2026,6257,Presidente,1,municipio,SP,64378,3516804,GASTÃO VIDIGAL,,10,10,100.00,0,10,0,10,0,2869,2869,100.00,0,2869,0,2869,0,2288,79.75,581,20.25,2288,2202,96.24,2202,2202,100.00,0,0.00,0,48,2.10,38,1.66,38,0,0,0,04/10/2026,18:44:03,04/10/2026 18:45:13,sim
1,04/10/2026,6257,Presidente,1,municipio,SP,64394,3516903,GENERAL SALGADO,,26,26,100.00,0,26,0,26,0,7966,7966,100.00,0,7966,0,7966,0,6001,75.33,1965,24.67,6001,5760,95.98,5760,5760,100.00,0,0.00,0,108,1.80,133,2.22,132,1,0,0,04/10/2026,19:02:17,04/10/2026 19:03:35,sim
1,04/10/2026,6257,Presidente,1,municipio,SP,64416,3517000,GETULINA,,25,25,100.00,0,25,0,25,0,7043,7043,100.00,0,7043,0,7043,0,5012,71.16,2031,28.84,5012,4697,93.72,4697,4697,100.00,0,0.00,0,152,3.03,163,3.25,163,0,0,0,04/10/2026,19:10:45,04/10/2026 19:11:50,sim
1,04/10/2026,6257,Presidente,1,municipio,SP,64432,3517109,GLICÉRIO,,16,16,100.00,0,16,0,16,0,3987,3987,100.00,0,3987,0,3987,0,3077,77.18,910,22.82,3077,2942,95.61,2942,2942,100.00,0,0.00,0,47,1.53,88,2.86,88,0,0,0,04/10/2026,19:11:09,04/10/2026 19:12:25,sim
1,04/10/2026,6257,Presidente,1,municipio,SP,64459,3517208,GUAIÇARA,,29,29,100.00,0,29,0,29,0,8162,8162,100.00,0,8162,0,8162,0,6085,74.55,2077,25.45,6085,5722,94.03,5722,5722,100.00,0,0.00,0,179,2.94,184,3.02,184,0,0,0,04/10/2026,18:57:50,04/10/2026 18:59:25,sim
1,04/10/2026,6257,Presidente,1,municipio,SP,64475,3517307,GUAIMBÊ,,15,15,100.00,0,15,0,15,0,4479,4479,100.00,0,4479,0,4479,0,3379,75.44,1100,24.56,3379,3178,94.05,3178,3178,100.00,0,0.00,0,86,2.55,115,3.40,115,0,0,0,04/10/2026,18:59:01,04/10/2026 19:00:26,sim
1,04/10/2026,6257,Presidente,1,municipio,SP,64491,3517406,GUAÍRA,,84,84,100.00,0,84,0,84,0,28555,28555,100.00,0,28555,0,28555,0,21044,73.70,7511,26.30,21044,19924,94.68,19924,19924,100.00,0,0.00,0,493,2.34,627,2.98,627,0,0,0,04/10/2026,19:18:55,04/10/2026 19:20:45,sim
1,04/10/2026,6257,Presidente,1,municipio,SP,64513,3517505,GUAPIAÇU,,48,48,100.00,0,48,0,48,0,15943,15943,100.00,0,15943,0,15943,0,12311,77.22,3632,22.78,12311,11648,94.61,11648,11648,100.00,0,0.00,0,285,2.32,378,3.07,378,0,0,0,04/10/2026,18:41:09,04/10/2026 18:43:25,sim
1,04/10/2026,6257,Presidente,1,municipio,SP,64530,3517604,GUAPIARA,,52,52,100.00,0,52,0,52,0,13629,13629,100.00,0,13629,0,13629,0,10424,76.48,3205,23.52,10424,9789,93.91,9789,9789,100.00,0,0.00,0,279,2.68,356,3.42,356,0,0,0,04/10/2026,20:28:13,04/10/2026 20:29:36,sim
1,04/10/2026,6257,Presidente,1,municipio,SP,64556,3517703,GUARÁ,,48,48,100.00,0,48,0,48,0,14159,14159,100.00,0,14159,0,14159,0,11255,79.49,2904,20.51,11255,10724,95.28,10724,10724,100.00,0,0.00,0,227,2.02,304,2.70,304,0,0,0,04/10/2026,18:39:43,04/10/2026 18:42:19,sim
1,04/10/2026,6257,Presidente,1,municipio,SP,64572,3517802,GUARAÇAÍ,,21,21,100.00,0,21,0,21,0,6153,6153,100.00,0,6153,0,6153,0,4657,75.69,1496,24.31,4657,4437,95.28,4437,4437,100.00,0,0.00,0,90,1.93,130,2.79,130,0,0,0,04/10/2026,18:58:31,04/10/2026 18:59:58,sim
1,04/10/2026,6257,Presidente,1,municipio,SP,64599,3517901,GUARACI,,27,27,100.00,0,27,0,27,0,8095,8095,100.00,0,8095,0,8095,0,6363,78.60,1732,21.40,6363,6050,95.08,6050,6050,100.00,0,0.00,0,122,1.92,191,3.00,190,1,0,0,04/10/2026,19:11:06,04/10/2026 19:12:24,sim
1,04/10/2026,6257,Presidente,1,municipio,SP,64610,3518008,GUARANI D'OESTE,,5,5,100.00,0,5,0,5,0,1783,1783,100.00,0,1783,0,1783,0,1366,76.61,417,23.39,1366,1308,95.75,1308,1308,100.00,0,0.00,0,19,1.39,39,2.86,39,0,0,0,04/10/2026,19:25:44,04/10/2026 19:29:10,sim
1,04/10/2026,6257,Presidente,1,municipio,SP,64637,3518107,GUARANTÃ,,17,17,100.00,0,17,0,17,0,4765,4765,100.00,0,4765,0,4765,0,3625,76.08,1140,23.92,3625,3438,94.84,3438,3438,100.00,0,0.00,0,104,2.87,83,2.29,83,0,0,0,04/10/2026,19:23:13,04/10/2026 19:24:29,sim
1,04/10/2026,6257,Presidente,1,municipio,SP,64653,3518206,GUARARAPES,,78,78,100.00,0,78,0,78,0,23595,23595,100.00,0,23595,0,23595,0,17719,75.10,5876,24.90,17719,16901,95.38,16901,16901,100.00,0,0.00,0,345,1.95,473,2.67,473,0,0,0,04/10/2026,18:20:19,04/10/2026 18:21:09,sim
1,04/10/2026,6257,Presidente,1,municipio,SP,64670,3518305,GUARAREMA,,79,79,100.00,0,79,0,79,0,26373,26373,100.00,0,26373,0,26373,0,20623,78.20,5750,21.80,20623,19490,94.51,19490,19490,100.00,0,0.00,0,534,2.59,599,2.90,599,0,0,0,04/10/2026,21:07:28,04/10/2026 21:08:22,sim
1,04/10/2026,6257,Presidente,1,municipio,SP,64696,3518404,GUARATINGUETÁ,,324,324,100.00,0,324,0,324,0,90805,90805,100.00,0,90805,0,90805,0,72520,79.86,18285,20.14,72520,69219,95.45,69219,69219,100.00,0,0.00,0,1741,2.40,1560,2.15,1555,5,0,0,04/10/2026,19:12:01,04/10/2026 19:13:24,sim
1,04/10/2026,6257,Presidente,1,municipio,SP,64718,3518503,GUAREÍ,,28,28,100.00,0,28,0,28,0,8903,8903,100.00,0,8903,0,8903,0,7197,80.84,1706,19.16,7197,6523,90.63,6523,6523,100.00,0,0.00,0,339,4.71,335,4.65,335,0,0,0,04/10/2026,20:11:52,04/10/2026 20:13:00,sim
1,04/10/2026,6257,Presidente,1,municipio,SP,64734,3518602,GUARIBA,,101,101,100.00,0,101,0,101,0,28368,28368,100.00,0,28368,0,28368,0,22553,79.50,5815,20.50,22553,21364,94.73,21364,21364,100.00,0,0.00,0,582,2.58,607,2.69,606,1,0,0,04/10/2026,21:09:44,04/10/2026 21:10:28,sim
1,04/10/2026,6257,Presidente,1,municipio,SP,64750,3518701,GUARUJÁ,,696,696,100.00,0,696,0,696,0,238913,238913,100.00,0,238913,0,238913,0,183440,76.78,55473,23.22,183440,172442,94.00,172442,172442,100.00,0,0.00,0,5001,2.73,5997,3.27,5981,16,0,0,04/10/2026,20:15:35,04/10/2026 20:16:33,sim
1,04/10/2026,6257,Presidente,1,municipio,SP,64777,3518800,GUARULHOS,,2851,2851,100.00,0,2851,0,2851,0,948908,948908,100.00,0,948908,0,948908,0,766248,80.75,182660,19.25,766248,713469,93.11,713469,713469,100.00,0,0.00,0,19732,2.58,33047,4.31,33002,45,0,0,04/10/2026,21:00:55,04/10/2026 21:02:18,sim
1,04/10/2026,6257,Presidente,1,municipio,SP,64793,3518909,GUZOLÂNDIA,,12,12,100.00,0,12,0,12,0,3558,3558,100.00,0,3558,0,3558,0,2668,74.99,890,25.01,2668,2532,94.90,2532,2532,100.00,0,0.00,0,64,2.40,72,2.70,72,0,0,0,04/10/2026,18:24:13,04/10/2026 18:25:01,sim
1,04/10/2026,6257,Presidente,1,municipio,SP,64815,3519006,HERCULÂNDIA,,20,20,100.00,0,20,0,20,0,6937,6937,100.00,0,6937,0,6937,0,5231,75.41,1706,24.59,5231,4947,94.57,4947,4947,100.00,0,0.00,0,112,2.14,172,3.29,172,0,0,0,04/10/2026,19:02:30,04/10/2026 19:03:34,sim
1,04/10/2026,6257,Presidente,1,municipio,SP,64831,3519105,IACANGA,,31,31,100.00,0,31,0,31,0,8269,8269,100.00,0,8269,0,8269,0,6532,78.99,1737,21.01,6532,6235,95.45,6235,6235,100.00,0,0.00,0,130,1.99,167,2.56,167,0,0,0,04/10/2026,18:48:09,04/10/2026 18:50:12,sim
1,04/10/2026,6257,Presidente,1,municipio,SP,64858,3519204,IACRI,,16,16,100.00,0,16,0,16,0,4766,4766,100.00,0,4766,0,4766,0,3554,74.57,1212,25.43,3554,3389,95.36,3389,3389,100.00,0,0.00,0,70,1.97,95,2.67,95,0,0,0,04/10/2026,19:06:12,04/10/2026 19:07:54,sim
1,04/10/2026,6257,Presidente,1,municipio,SP,64874,3519303,IBATÉ,,103,103,100.00,0,103,0,103,0,26265,26265,100.00,0,26265,0,26265,0,20188,76.86,6077,23.14,20188,18686,92.56,18686,18686,100.00,0,0.00,0,734,3.64,768,3.80,768,0,0,0,04/10/2026,19:21:45,04/10/2026 19:22:52,sim
1,04/10/2026,6257,Presidente,1,municipio,SP,64890,3519402,IBIRÁ,,31,31,100.00,0,31,0,31,0,9094,9094,100.00,0,9094,0,9094,0,7401,81.38,1693,18.62,7401,7081,95.68,7081,7081,100.00,0,0.00,0,125,1.69,195,2.63,195,0,0,0,04/10/2026,18:56:36,04/10/2026 18:57:47,sim
1,04/10/2026,6257,Presidente,1,municipio,SP,64912,3519501,IBIRAREMA,,14,14,100.00,0,14,0,14,0,5070,5070,100.00,0,5070,0,5070,0,4018,79.25,1052,20.75,4018,3783,94.15,3783,3783,100.00,0,0.00,0,122,3.04,113,2.81,113,0,0,0,04/10/2026,19:18:28,04/10/2026 19:20:46,sim
1,04/10/2026,6257,Presidente,1,municipio,SP,64939,3519600,IBITINGA,,144,144,100.00,0,144,0,144,0,41272,41272,100.00,0,41272,0,41272,0,32544,78.85,8728,21.15,32544,30660,94.21,30660,30660,100.00,0,0.00,0,919,2.82,965,2.97,962,3,0,0,04/10/2026,18:32:45,04/10/2026 18:33:53,sim
1,04/10/2026,6257,Presidente,1,municipio,SP,64955,3519709,IBIÚNA,,192,192,100.00,0,192,0,192,0,61951,61951,100.00,0,61951,0,61951,0,47665,76.94,14286,23.06,47665,44498,93.36,44498,44498,100.00,0,0.00,0,1349,2.83,1818,3.81,1812,6,0,0,04/10/2026,20:18:16,04/10/2026 20:19:04,sim
1,04/10/2026,6257,Presidente,1,municipio,SP,64971,3519808,ICÉM,,22,22,100.00,0,22,0,22,0,6049,6049,100.00,0,6049,0,6049,0,4739,78.34,1310,21.66,4739,4556,96.14,4556,4556,100.00,0,0.00,0,53,1.12,130,2.74,130,0,0,0,04/10/2026,18:58:52,04/10/2026 18:59:58,sim
1,04/10/2026,6257,Presidente,1,municipio,SP,64998,3519907,IEPÊ,,19,19,100.00,0,19,0,19,0,5971,5971,100.00,0,5971,0,5971,0,4758,79.69,1213,20.31,4758,4576,96.17,4576,4576,100.00,0,0.00,0,64,1.35,118,2.48,118,0,0,0,04/10/2026,18:10:21,04/10/2026 18:12:06,sim
1,04/10/2026,6257,Presidente,1,municipio,SP,65013,3520004,IGARAÇU DO TIETÊ,,59,59,100.00,0,59,0,59,0,17539,17539,100.00,0,17539,0,17539,0,14099,80.39,3440,19.61,14099,12897,91.47,12897,12897,100.00,0,0.00,0,556,3.94,646,4.58,646,0,0,0,04/10/2026,18:33:35,04/10/2026 18:34:41,sim
1,04/10/2026,6257,Presidente,1,municipio,SP,65030,3520103,IGARAPAVA,,62,62,100.00,0,62,0,62,0,19718,19718,100.00,0,19718,0,19718,0,14828,75.20,4890,24.80,14828,14138,95.35,14138,14138,100.00,0,0.00,0,319,2.15,371,2.50,370,1,0,0,04/10/2026,18:09:30,04/10/2026 18:10:55,sim
1,04/10/2026,6257,Presidente,1,municipio,SP,65056,3520202,IGARATÁ,,28,28,100.00,0,28,0,28,0,9443,9443,100.00,0,9443,0,9443,0,7353,77.87,2090,22.13,7353,6945,94.45,6945,6945,100.00,0,0.00,0,158,2.15,250,3.40,250,0,0,0,04/10/2026,19:09:47,04/10/2026 19:11:15,sim
1,04/10/2026,6257,Presidente,1,municipio,SP,65072,3520301,IGUAPE,,72,72,100.00,0,72,0,72,0,22106,22106,100.00,0,22106,0,22106,0,16551,74.87,5555,25.13,16551,15736,95.08,15736,15736,100.00,0,0.00,0,366,2.21,449,2.71,449,0,0,0,04/10/2026,19:10:39,04/10/2026 19:11:49,sim
1,04/10/2026,6257,Presidente,1,municipio,SP,65099,3520400,ILHABELA,,103,103,100.00,0,103,0,103,0,31086,31086,100.00,0,31086,0,31086,0,23512,75.64,7574,24.36,23512,22426,95.38,22426,22426,100.00,0,0.00,0,477,2.03,609,2.59,607,2,0,0,04/10/2026,20:57:23,04/10/2026 20:58:51,sim
1,04/10/2026,6257,Presidente,1,municipio,SP,65110,3520509,INDAIATUBA,,571,571,100.00,0,571,0,571,0,192534,192534,100.00,0,192534,0,192534,0,156644,81.36,35890,18.64,156644,148473,94.78,148473,148473,100.00,0,0.00,0,3196,2.04,4975,3.18,4970,5,0,0,04/10/2026,19:23:14,04/10/2026 19:24:29,sim
1,04/10/2026,6257,Presidente,1,municipio,SP,65137,3520608,INDIANA,,14,14,100.00,0,14,0,14,0,4063,4063,100.00,0,4063,0,4063,0,3295,81.10,768,18.90,3295,3142,95.36,3142,3142,100.00,0,0.00,0,68,2.06,85,2.58,85,0,0,0,04/10/2026,18:24:53,04/10/2026 18:26:27,sim
1,04/10/2026,6257,Presidente,1,municipio,SP,65153,3520707,INDIAPORÃ,,10,10,100.00,0,10,0,10,0,3164,3164,100.00,0,3164,0,3164,0,2452,77.50,712,22.50,2452,2360,96.25,2360,2360,100.00,0,0.00,0,39,1.59,53,2.16,53,0,0,0,04/10/2026,18:55:20,04/10/2026 18:56:30,sim
1,04/10/2026,6257,Presidente,1,municipio,SP,65170,3520806,INÚBIA PAULISTA,,10,10,100.00,0,10,0,10,0,3159,3159,100.00,0,3159,0,3159,0,2551,80.75,608,19.25,2551,2412,94.55,2412,2412,100.00,0,0.00,0,59,2.31,80,3.14,80,0,0,0,04/10/2026,18:11:25,04/10/2026 18:12:44,sim
1,04/10/2026,6257,Presidente,1,municipio,SP,65196,3520905,IPAUSSU,,28,28,100.00,0,28,0,28,0,9987,9987,100.00,0,9987,0,9987,0,7964,79.74,2023,20.26,7964,7555,94.86,7555,7555,100.00,0,0.00,0,225,2.83,184,2.31,183,1,0,0,04/10/2026,18:26:32,04/10/2026 18:28:27,sim
1,04/10/2026,6257,Presidente,1,municipio,SP,65218,3521002,IPERÓ,,59,59,100.00,0,59,0,59,0,21605,21605,100.00,0,21605,0,21605,0,16363,75.74,5242,24.26,16363,15206,92.93,15206,15206,100.00,0,0.00,0,498,3.04,659,4.03,657,2,0,0,04/10/2026,20:58:52,04/10/2026 20:59:25,sim
1,04/10/2026,6257,Presidente,1,municipio,SP,65234,3521101,IPEÚNA,,21,21,100.00,0,21,0,21,0,5852,5852,100.00,0,5852,0,5852,0,4469,76.37,1383,23.63,4469,4268,95.50,4268,4268,100.00,0,0.00,0,72,1.61,129,2.89,129,0,0,0,04/10/2026,19:03:26,04/10/2026 19:04:50,sim
1,04/10/2026,6257,Presidente,1,municipio,SP,65250,3521200,IPORANGA,,13,13,100.00,0,13,0,13,0,3303,3303,100.00,0,3303,0,3303,0,2515,76.14,788,23.86,2515,2386,94.87,2386,2386,100.00,0,0.00,0,53,2.11,76,3.02,76,0,0,0,04/10/2026,19:18:19,04/10/2026 19:20:46,sim
1,04/10/2026,6257,Presidente,1,municipio,SP,65277,3521309,IPUÃ,,32,32,100.00,0,32,0,32,0,11207,11207,100.00,0,11207,0,11207,0,8788,78.42,2419,21.58,8788,8366,95.20,8366,8366,100.00,0,0.00,0,211,2.40,211,2.40,211,0,0,0,04/10/2026,20:04:27,04/10/2026 20:07:52,sim
1,04/10/2026,6257,Presidente,1,municipio,SP,65293,3521408,IRACEMÁPOLIS,,60,60,100.00,0,60,0,60,0,17617,17617,100.00,0,17617,0,17617,0,14686,83.36,2931,16.64,14686,14007,95.38,14007,14007,100.00,0,0.00,0,289,1.97,390,2.66,390,0,0,0,04/10/2026,19:18:13,04/10/2026 19:20:47,sim
1,04/10/2026,6257,Presidente,1,municipio,SP,65315,3521507,IRAPUÃ,,20,20,100.00,0,20,0,20,0,5489,5489,100.00,0,5489,0,5489,0,4217,76.83,1272,23.17,4217,4008,95.04,4008,4008,100.00,0,0.00,0,105,2.49,104,2.47,104,0,0,0,04/10/2026,21:01:26,04/10/2026 21:02:49,sim
1,04/10/2026,6257,Presidente,1,municipio,SP,65331,3521606,IRAPURU,,17,17,100.00,0,17,0,17,0,4556,4556,100.00,0,4556,0,4556,0,3469,76.14,1087,23.86,3469,3253,93.77,3253,3253,100.00,0,0.00,0,101,2.91,115,3.32,115,0,0,0,04/10/2026,18:26:57,04/10/2026 18:28:28,sim
1,04/10/2026,6257,Presidente,1,municipio,SP,65358,3521705,ITABERÁ,,47,47,100.00,0,47,0,47,0,13507,13507,100.00,0,13507,0,13507,0,10754,79.62,2753,20.38,10754,10242,95.24,10242,10242,100.00,0,0.00,0,300,2.79,212,1.97,212,0,0,0,04/10/2026,20:55:58,04/10/2026 20:57:32,sim
1,04/10/2026,6257,Presidente,1,municipio,SP,65374,3521804,ITAÍ,,46,46,100.00,0,46,0,46,0,16732,16732,100.00,0,16732,0,16732,0,12980,77.58,3752,22.42,12980,12244,94.33,12244,12244,100.00,0,0.00,0,354,2.73,382,2.94,380,2,0,0,04/10/2026,20:58:08,04/10/2026 20:58:51,sim
1,04/10/2026,6257,Presidente,1,municipio,SP,65390,3521903,ITAJOBI,,39,39,100.00,0,39,0,39,0,12328,12328,100.00,0,12328,0,12328,0,9945,80.67,2383,19.33,9945,9467,95.19,9467,9467,100.00,0,0.00,0,179,1.80,299,3.01,298,1,0,0,04/10/2026,18:55:36,04/10/2026 18:56:31,sim
1,04/10/2026,6257,Presidente,1,municipio,SP,65412,3522000,ITAJU,,9,9,100.00,0,9,0,9,0,3176,3176,100.00,0,3176,0,3176,0,2438,76.76,738,23.24,2438,2329,95.53,2329,2329,100.00,0,0.00,0,53,2.17,56,2.30,55,1,0,0,04/10/2026,18:15:46,04/10/2026 18:16:53,sim
1,04/10/2026,6257,Presidente,1,municipio,SP,65439,3522109,ITANHAÉM,,248,248,100.00,0,248,0,248,0,85052,85052,100.00,0,85052,0,85052,0,61240,72.00,23812,28.00,61240,57629,94.10,57629,57629,100.00,0,0.00,0,1498,2.45,2113,3.45,2107,6,0,0,04/10/2026,19:31:43,04/10/2026 20:02:18,sim
1,04/10/2026,6257,Presidente,1,municipio,SP,65455,3522208,ITAPECERICA DA SERRA,,361,361,100.00,0,361,0,361,0,124081,124081,100.00,0,124081,0,124081,0,97109,78.26,26972,21.74,97109,90833,93.54,90833,90833,100.00,0,0.00,0,2824,2.91,3452,3.55,3439,13,0,0,04/10/2026,20:52:01,04/10/2026 20:53:21,sim
1,04/10/2026,6257,Presidente,1,municipio,SP,65471,3522307,ITAPETININGA,,386,386,100.00,0,386,0,386,0,114451,114451,100.00,0,114451,0,114451,0,89745,78.41,24706,21.59,89745,84328,93.96,84328,84328,100.00,0,0.00,0,2465,2.75,2952,3.29,2948,4,0,0,04/10/2026,21:28:31,04/10/2026 21:29:24,sim
1,04/10/2026,6257,Presidente,1,municipio,SP,65498,3522406,ITAPEVA,,226,226,100.00,0,226,0,226,0,68478,68478,100.00,0,68478,0,68478,0,52193,76.22,16285,23.78,52193,49293,94.44,49293,49293,100.00,0,0.00,0,1514,2.90,1386,2.66,1385,1,0,0,04/10/2026,20:21:34,04/10/2026 20:22:33,sim
1,04/10/2026,6257,Presidente,1,municipio,SP,65510,3522505,ITAPEVI,,487,487,100.00,0,487,0,487,0,168609,168609,100.00,0,168609,0,168609,0,127450,75.59,41159,24.41,127450,118929,93.31,118929,118929,100.00,0,0.00,0,4218,3.31,4303,3.38,4291,12,0,0,04/10/2026,20:06:52,04/10/2026 20:10:50,sim
1,04/10/2026,6257,Presidente,1,municipio,SP,65536,3522604,ITAPIRA,,161,161,100.00,0,161,0,161,0,53362,53362,100.00,0,53362,0,53362,0,42746,80.11,10616,19.89,42746,39488,92.38,39488,39488,100.00,0,0.00,0,1395,3.26,1863,4.36,1861,2,0,0,04/10/2026,18:39:06,04/10/2026 18:41:17,sim
1,04/10/2026,6257,Presidente,1,municipio,SP,65552,3522703,ITÁPOLIS,,88,88,100.00,0,88,0,88,0,28904,28904,100.00,0,28904,0,28904,0,22621,78.26,6283,21.74,22621,21513,95.10,21513,21513,100.00,0,0.00,0,541,2.39,567,2.51,567,0,0,0,04/10/2026,19:25:16,04/10/2026 19:29:11,sim
1,04/10/2026,6257,Presidente,1,municipio,SP,65579,3522802,ITAPORANGA,,36,36,100.00,0,36,0,36,0,11006,11006,100.00,0,11006,0,11006,0,8332,75.70,2674,24.30,8332,7948,95.39,7948,7948,100.00,0,0.00,0,177,2.12,207,2.48,207,0,0,0,04/10/2026,18:15:14,04/10/2026 18:16:31,sim
1,04/10/2026,6257,Presidente,1,municipio,SP,65595,3522901,ITAPUÍ,,34,34,100.00,0,34,0,34,0,9473,9473,100.00,0,9473,0,9473,0,7622,80.46,1851,19.54,7622,7125,93.48,7125,7125,100.00,0,0.00,0,272,3.57,225,2.95,225,0,0,0,04/10/2026,18:20:24,04/10/2026 18:22:01,sim
1,04/10/2026,6257,Presidente,1,municipio,SP,65617,3523008,ITAPURA,,12,12,100.00,0,12,0,12,0,3647,3647,100.00,0,3647,0,3647,0,2655,72.80,992,27.20,2655,2530,95.29,2530,2530,100.00,0,0.00,0,41,1.54,84,3.16,84,0,0,0,04/10/2026,18:45:53,04/10/2026 18:47:57,sim
1,04/10/2026,6257,Presidente,1,municipio,SP,65633,3523107,ITAQUAQUECETUBA,,747,747,100.00,0,747,0,747,0,258019,258019,100.00,0,258019,0,258019,0,196053,75.98,61966,24.02,196053,181377,92.51,181377,181377,100.00,0,0.00,0,6463,3.30,8213,4.19,8195,18,0,0,04/10/2026,20:56:15,04/10/2026 20:57:32,sim
1,04/10/2026,6257,Presidente,1,municipio,SP,65650,3523206,ITARARÉ,,113,113,100.00,0,113,0,113,0,33780,33780,100.00,0,33780,0,33780,0,25369,75.10,8411,24.90,25369,24027,94.71,24027,24027,100.00,0,0.00,0,710,2.80,632,2.49,632,0,0,0,04/10/2026,20:30:21,04/10/2026 20:31:17,sim
1,04/10/2026,6257,Presidente,1,municipio,SP,65676,3523305,ITARIRI,,29,29,100.00,0,29,0,29,0,9789,9789,100.00,0,9789,0,9789,0,7164,73.18,2625,26.82,7164,6831,95.35,6831,6831,100.00,0,0.00,0,123,1.72,210,2.93,210,0,0,0,04/10/2026,20:09:14,04/10/2026 20:10:49,sim
1,04/10/2026,6257,Presidente,1,municipio,SP,65692,3523404,ITATIBA,,243,243,100.00,0,243,0,243,0,85162,85162,100.00,0,85162,0,85162,0,68525,80.46,16637,19.54,68525,65048,94.93,65048,65048,100.00,0,0.00,0,1459,2.13,2018,2.94,2011,7,0,0,04/10/2026,19:11:06,04/10/2026 19:12:24,sim
1,04/10/2026,6257,Presidente,1,municipio,SP,65714,3523503,ITATINGA,,45,45,100.00,0,45,0,45,0,14071,14071,100.00,0,14071,0,14071,0,10707,76.09,3364,23.91,10707,9981,93.22,9981,9981,100.00,0,0.00,0,328,3.06,398,3.72,396,2,0,0,04/10/2026,20:45:31,04/10/2026 20:46:29,sim
1,04/10/2026,6257,Presidente,1,municipio,SP,65730,3523602,ITIRAPINA,,35,35,100.00,0,35,0,35,0,10400,10400,100.00,0,10400,0,10400,0,7821,75.20,2579,24.80,7821,7342,93.88,7342,7342,100.00,0,0.00,0,216,2.76,263,3.36,261,2,0,0,04/10/2026,18:56:59,04/10/2026 18:57:46,sim
1,04/10/2026,6257,Presidente,1,municipio,SP,65757,3523701,ITIRAPUÃ,,16,16,100.00,0,16,0,16,0,5150,5150,100.00,0,5150,0,5150,0,3797,73.73,1353,26.27,3797,3639,95.84,3639,3639,100.00,0,0.00,0,67,1.76,91,2.40,91,0,0,0,04/10/2026,18:48:51,04/10/2026 18:51:32,sim
1,04/10/2026,6257,Presidente,1,municipio,SP,65773,3523800,ITOBI,,18,18,100.00,0,18,0,18,0,6007,6007,100.00,0,6007,0,6007,0,4736,78.84,1271,21.16,4736,4447,93.90,4447,4447,100.00,0,0.00,0,160,3.38,129,2.72,129,0,0,0,04/10/2026,18:40:31,04/10/2026 18:42:17,sim
1,04/10/2026,6257,Presidente,1,municipio,SP,65790,3523909,ITU,,373,373,100.00,0,373,0,373,0,128825,128825,100.00,0,128825,0,128825,0,97582,75.75,31243,24.25,97582,91935,94.21,91935,91935,100.00,0,0.00,0,2273,2.33,3374,3.46,3365,9,0,0,04/10/2026,21:42:10,04/10/2026 21:43:26,sim
1,04/10/2026,6257,Presidente,1,municipio,SP,65811,3524006,ITUPEVA,,146,146,100.00,0,146,0,146,0,48390,48390,100.00,0,48390,0,48390,0,37573,77.65,10817,22.35,37573,35534,94.57,35534,35534,100.00,0,0.00,0,831,2.21,1208,3.22,1207,1,0,0,04/10/2026,19:12:46,04/10/2026 19:13:56,sim
1,04/10/2026,6257,Presidente,1,municipio,SP,65838,3524105,ITUVERAVA,,99,99,100.00,0,99,0,99,0,27366,27366,100.00,0,27366,0,27366,0,20862,76.23,6504,23.77,20862,19855,95.17,19855,19855,100.00,0,0.00,0,452,2.17,555,2.66,553,2,0,0,04/10/2026,19:10:06,04/10/2026 19:11:15,sim
1,04/10/2026,6257,Presidente,1,municipio,SP,65854,3524204,JABORANDI,,14,14,100.00,0,14,0,14,0,5006,5006,100.00,0,5006,0,5006,0,4025,80.40,981,19.60,4025,3789,94.14,3789,3789,100.00,0,0.00,0,100,2.48,136,3.38,136,0,0,0,04/10/2026,18:55:51,04/10/2026 18:57:47,sim
1,04/10/2026,6257,Presidente,1,municipio,SP,65870,3524303,JABOTICABAL,,161,161,100.00,0,161,0,161,0,50931,50931,100.00,0,50931,0,50931,0,39215,77.00,11716,23.00,39215,37446,95.49,37446,37446,100.00,0,0.00,0,832,2.12,937,2.39,936,1,0,0,04/10/2026,19:13:09,04/10/2026 19:14:23,sim
1,04/10/2026,6257,Presidente,1,municipio,SP,65897,3524402,JACAREÍ,,553,553,100.00,0,553,0,553,0,171394,171394,100.00,0,171394,0,171394,0,136930,79.89,34464,20.11,136930,130039,94.97,130039,130039,100.00,0,0.00,0,2880,2.10,4011,2.93,4000,11,0,0,04/10/2026,20:10:47,04/10/2026 20:11:59,sim
1,04/10/2026,6257,Presidente,1,municipio,SP,65919,3524501,JACI,,15,15,100.00,0,15,0,15,0,5828,5828,100.00,0,5828,0,5828,0,4526,77.66,1302,22.34,4526,4294,94.87,4294,4294,100.00,0,0.00,0,91,2.01,141,3.12,141,0,0,0,04/10/2026,20:12:11,04/10/2026 20:13:31,sim
1,04/10/2026,6257,Presidente,1,municipio,SP,65935,3524600,JACUPIRANGA,,46,46,100.00,0,46,0,46,0,12334,12334,100.00,0,12334,0,12334,0,9302,75.42,3032,24.58,9302,8924,95.94,8924,8924,100.00,0,0.00,0,159,1.71,219,2.35,219,0,0,0,04/10/2026,18:27:05,04/10/2026 18:28:28,sim
1,04/10/2026,6257,Presidente,1,municipio,SP,65951,3524709,JAGUARIÚNA,,144,144,100.00,0,144,0,144,0,45186,45186,100.00,0,45186,0,45186,0,35856,79.35,9330,20.65,35856,33993,94.80,33993,33993,100.00,0,0.00,0,832,2.32,1031,2.88,1030,1,0,0,04/10/2026,19:13:31,04/10/2026 19:14:55,sim
1,04/10/2026,6257,Presidente,1,municipio,SP,65978,3524808,JALES,,125,125,100.00,0,125,0,125,0,36025,36025,100.00,0,36025,0,36025,0,28481,79.06,7544,20.94,28481,26958,94.65,26958,26958,100.00,0,0.00,0,628,2.20,895,3.14,895,0,0,0,04/10/2026,18:39:45,04/10/2026 18:42:18,sim
1,04/10/2026,6257,Presidente,1,municipio,SP,65994,3524907,JAMBEIRO,,16,16,100.00,0,16,0,16,0,4996,4996,100.00,0,4996,0,4996,0,3951,79.08,1045,20.92,3951,3766,95.32,3766,3766,100.00,0,0.00,0,72,1.82,113,2.86,112,1,0,0,04/10/2026,19:25:53,04/10/2026 19:29:48,sim
1,04/10/2026,6257,Presidente,1,municipio,SP,66010,3525003,JANDIRA,,232,232,100.00,0,232,0,232,0,76022,76022,100.00,0,76022,0,76022,0,59943,78.85,16079,21.15,59943,56217,93.78,56217,56217,100.00,0,0.00,0,1783,2.97,1943,3.24,1939,4,0,0,04/10/2026,19:29:34,04/10/2026 19:31:07,sim
1,04/10/2026,6257,Presidente,1,municipio,SP,66036,3525102,JARDINÓPOLIS,,81,81,100.00,0,81,0,81,0,29784,29784,100.00,0,29784,0,29784,0,22642,76.02,7142,23.98,22642,21180,93.54,21180,21180,100.00,0,0.00,0,723,3.19,739,3.26,737,2,0,0,04/10/2026,18:28:09,04/10/2026 18:30:21,sim
1,04/10/2026,6257,Presidente,1,municipio,SP,66052,3525201,JARINU,,77,77,100.00,0,77,0,77,0,26768,26768,100.00,0,26768,0,26768,0,20168,75.34,6600,24.66,20168,19000,94.21,19000,19000,100.00,0,0.00,0,497,2.46,671,3.33,669,2,0,0,04/10/2026,19:28:05,04/10/2026 19:29:47,sim
1,04/10/2026,6257,Presidente,1,municipio,SP,66079,3525300,JAÚ,,330,330,100.00,0,330,0,330,0,98725,98725,100.00,0,98725,0,98725,0,79752,80.78,18973,19.22,79752,75344,94.47,75344,75344,100.00,0,0.00,0,2088,2.62,2320,2.91,2320,0,0,0,04/10/2026,19:02:39,04/10/2026 19:03:34,sim
1,04/10/2026,6257,Presidente,1,municipio,SP,66095,3525409,JERIQUARA,,10,10,100.00,0,10,0,10,0,3344,3344,100.00,0,3344,0,3344,0,2653,79.34,691,20.66,2653,2549,96.08,2549,2549,100.00,0,0.00,0,32,1.21,72,2.71,72,0,0,0,04/10/2026,18:57:58,04/10/2026 18:59:24,sim
1,04/10/2026,6257,Presidente,1,municipio,SP,66117,3525508,JOANÓPOLIS,,31,31,100.00,0,31,0,31,0,9451,9451,100.00,0,9451,0,9451,0,7657,81.02,1794,18.98,7657,7188,93.87,7188,7188,100.00,0,0.00,0,212,2.77,257,3.36,257,0,0,0,04/10/2026,19:09:59,04/10/2026 19:11:16,sim
1,04/10/2026,6257,Presidente,1,municipio,SP,66133,3525607,JOÃO RAMALHO,,13,13,100.00,0,13,0,13,0,3518,3518,100.00,0,3518,0,3518,0,2606,74.08,912,25.92,2606,2438,93.55,2438,2438,100.00,0,0.00,0,57,2.19,111,4.26,111,0,0,0,04/10/2026,18:10:21,04/10/2026 18:12:07,sim
1,04/10/2026,6257,Presidente,1,municipio,SP,66150,3525706,JOSÉ BONIFÁCIO,,83,83,100.00,0,83,0,83,0,27281,27281,100.00,0,27281,0,27281,0,21248,77.89,6033,22.11,21248,20273,95.41,20273,20273,100.00,0,0.00,0,480,2.26,495,2.33,495,0,0,0,04/10/2026,18:38:28,04/10/2026 18:39:54,sim
1,04/10/2026,6257,Presidente,1,municipio,SP,66176,3525805,JÚLIO MESQUITA,,12,12,100.00,0,12,0,12,0,3690,3690,100.00,0,3690,0,3690,0,2791,75.64,899,24.36,2791,2611,93.55,2611,2611,100.00,0,0.00,0,90,3.22,90,3.22,90,0,0,0,04/10/2026,19:29:53,04/10/2026 19:31:07,sim
1,04/10/2026,6257,Presidente,1,municipio,SP,66192,3525904,JUNDIAÍ,,974,974,100.00,0,974,0,974,0,337851,337851,100.00,0,337851,0,337851,0,266331,78.83,71520,21.17,266331,251832,94.56,251832,251832,100.00,0,0.00,0,5158,1.94,9341,3.51,9329,12,0,0,04/10/2026,21:44:36,04/10/2026 21:45:39,sim
1,04/10/2026,6257,Presidente,1,municipio,SP,66214,3526001,JUNQUEIRÓPOLIS,,50,50,100.00,0,50,0,50,0,14112,14112,100.00,0,14112,0,14112,0,10703,75.84,3409,24.16,10703,10173,95.05,10173,10173,100.00,0,0.00,0,237,2.21,293,2.74,293,0,0,0,04/10/2026,18:20:57,04/10/2026 18:22:01,sim
1,04/10/2026,6257,Presidente,1,municipio,SP,66230,3526100,JUQUIÁ,,65,65,100.00,0,65,0,65,0,15229,15229,100.00,0,15229,0,15229,0,10975,72.07,4254,27.93,10975,10433,95.06,10433,10433,100.00,0,0.00,0,207,1.89,335,3.05,335,0,0,0,04/10/2026,20:05:07,04/10/2026 20:07:50,sim
1,04/10/2026,6257,Presidente,1,municipio,SP,66257,3526209,JUQUITIBA,,76,76,100.00,0,76,0,76,0,22815,22815,100.00,0,22815,0,22815,0,17904,78.47,4911,21.53,17904,16845,94.09,16845,16845,100.00,0,0.00,0,448,2.50,611,3.41,610,1,0,0,04/10/2026,20:38:10,04/10/2026 20:39:30,sim
1,04/10/2026,6257,Presidente,1,municipio,SP,66273,3526308,LAGOINHA,,16,16,100.00,0,16,0,16,0,5475,5475,100.00,0,5475,0,5475,0,4282,78.21,1193,21.79,4282,4054,94.68,4054,4054,100.00,0,0.00,0,106,2.48,122,2.85,122,0,0,0,04/10/2026,19:11:04,04/10/2026 19:12:24,sim
1,04/10/2026,6257,Presidente,1,municipio,SP,66290,3526407,LARANJAL PAULISTA,,69,69,100.00,0,69,0,69,0,20780,20780,100.00,0,20780,0,20780,0,15961,76.81,4819,23.19,15961,15167,95.03,15167,15167,100.00,0,0.00,0,345,2.16,449,2.81,449,0,0,0,04/10/2026,18:47:15,04/10/2026 18:48:54,sim
1,04/10/2026,6257,Presidente,1,municipio,SP,66311,3526506,LAVÍNIA,,15,15,100.00,0,15,0,15,0,3884,3884,100.00,0,3884,0,3884,0,3010,77.50,874,22.50,3010,2839,94.32,2839,2839,100.00,0,0.00,0,67,2.23,104,3.46,104,0,0,0,04/10/2026,19:18:24,04/10/2026 19:20:47,sim
1,04/10/2026,6257,Presidente,1,municipio,SP,66338,3526605,LAVRINHAS,,22,22,100.00,0,22,0,22,0,6102,6102,100.00,0,6102,0,6102,0,5026,82.37,1076,17.63,5026,4703,93.57,4703,4703,100.00,0,0.00,0,127,2.53,196,3.90,196,0,0,0,04/10/2026,20:20:35,04/10/2026 20:22:06,sim
1,04/10/2026,6257,Presidente,1,municipio,SP,66354,3526704,LEME,,209,209,100.00,0,209,0,209,0,72901,72901,100.00,0,72901,0,72901,0,57445,78.80,15456,21.20,57445,53762,93.59,53762,53762,100.00,0,0.00,0,1622,2.82,2061,3.59,2057,4,0,0,04/10/2026,19:04:59,04/10/2026 19:07:17,sim
1,04/10/2026,6257,Presidente,1,municipio,SP,66370,3526803,LENÇÓIS PAULISTA,,194,194,100.00,0,194,0,194,0,50784,50784,100.00,0,50784,0,50784,0,40096,78.95,10688,21.05,40096,37997,94.77,37997,37997,100.00,0,0.00,0,956,2.38,1143,2.85,1142,1,0,0,04/10/2026,19:15:31,04/10/2026 19:16:41,sim
1,04/10/2026,6257,Presidente,1,municipio,SP,66397,3526902,LIMEIRA,,734,734,100.00,0,734,0,734,0,219483,219483,100.00,0,219483,0,219483,0,180045,82.03,39438,17.97,180045,171450,95.23,171450,171450,100.00,0,0.00,0,3339,1.85,5256,2.92,5246,10,0,0,04/10/2026,19:06:09,04/10/2026 19:07:55,sim
1,04/10/2026,6257,Presidente,1,municipio,SP,66419,3527009,LINDÓIA,,22,22,100.00,0,22,0,22,0,5869,5869,100.00,0,5869,0,5869,0,4717,80.37,1152,19.63,4717,4486,95.10,4486,4486,100.00,0,0.00,0,59,1.25,172,3.65,172,0,0,0,04/10/2026,19:05:34,04/10/2026 19:07:55,sim
1,04/10/2026,6257,Presidente,1,municipio,SP,66435,3527108,LINS,,186,186,100.00,0,186,0,186,0,53771,53771,100.00,0,53771,0,53771,0,40399,75.13,13372,24.87,40399,38363,94.96,38363,38363,100.00,0,0.00,0,912,2.26,1124,2.78,1123,1,0,0,04/10/2026,19:21:16,04/10/2026 19:22:52,sim
1,04/10/2026,6257,Presidente,1,municipio,SP,66451,3527207,LORENA,,194,194,100.00,0,194,0,194,0,61172,61172,100.00,0,61172,0,61172,0,49285,80.57,11887,19.43,49285,46998,95.36,46998,46998,100.00,0,0.00,0,1079,2.19,1208,2.45,1200,8,0,0,04/10/2026,19:30:04,04/10/2026 19:31:07,sim
1,04/10/2026,6257,Presidente,1,municipio,SP,66478,3527306,LOUVEIRA,,104,104,100.00,0,104,0,104,0,39253,39253,100.00,0,39253,0,39253,0,31018,79.02,8235,20.98,31018,29690,95.72,29690,29690,100.00,0,0.00,0,566,1.82,762,2.46,761,1,0,0,04/10/2026,20:52:04,04/10/2026 20:53:21,sim
1,04/10/2026,6257,Presidente,1,municipio,SP,66494,3527405,LUCÉLIA,,50,50,100.00,0,50,0,50,0,13549,13549,100.00,0,13549,0,13549,0,9986,73.70,3563,26.30,9986,9502,95.15,9502,9502,100.00,0,0.00,0,210,2.10,274,2.74,274,0,0,0,04/10/2026,17:57:07,04/10/2026 17:58:51,sim
1,04/10/2026,6257,Presidente,1,municipio,SP,66516,3527504,LUCIANÓPOLIS,,7,7,100.00,0,7,0,7,0,2146,2146,100.00,0,2146,0,2146,0,1647,76.75,499,23.25,1647,1580,95.93,1580,1580,100.00,0,0.00,0,29,1.76,38,2.31,38,0,0,0,04/10/2026,18:09:25,04/10/2026 18:10:56,sim
1,04/10/2026,6257,Presidente,1,municipio,SP,66532,3527603,LUÍS ANTÔNIO,,27,27,100.00,0,27,0,27,0,10065,10065,100.00,0,10065,0,10065,0,7584,75.35,2481,24.65,7584,7170,94.54,7170,7170,100.00,0,0.00,0,158,2.08,256,3.38,254,2,0,0,04/10/2026,18:25:27,04/10/2026 18:26:57,sim
1,04/10/2026,6257,Presidente,1,municipio,SP,66559,3527702,LUIZIÂNIA,,15,15,100.00,0,15,0,15,0,3792,3792,100.00,0,3792,0,3792,0,3025,79.77,767,20.23,3025,2897,95.77,2897,2897,100.00,0,0.00,0,50,1.65,78,2.58,78,0,0,0,04/10/2026,19:05:57,04/10/2026 19:07:57,sim
1,04/10/2026,6257,Presidente,1,municipio,SP,66575,3527801,LUPÉRCIO,,15,15,100.00,0,15,0,15,0,3317,3317,100.00,0,3317,0,3317,0,2529,76.24,788,23.76,2529,2398,94.82,2398,2398,100.00,0,0.00,0,57,2.25,74,2.93,74,0,0,0,04/10/2026,18:44:10,04/10/2026 18:45:43,sim
1,04/10/2026,6257,Presidente,1,municipio,SP,66591,3527900,LUTÉCIA,,8,8,100.00,0,8,0,8,0,2380,2380,100.00,0,2380,0,2380,0,1872,78.66,508,21.34,1872,1804,96.37,1804,1804,100.00,0,0.00,0,28,1.50,40,2.14,40,0,0,0,04/10/2026,18:44:48,04/10/2026 18:46:42,sim
1,04/10/2026,6257,Presidente,1,municipio,SP,66613,3528007,MACATUBA,,44,44,100.00,0,44,0,44,0,12402,12402,100.00,0,12402,0,12402,0,10061,81.12,2341,18.88,10061,9492,94.34,9492,9492,100.00,0,0.00,0,301,2.99,268,2.66,268,0,0,0,04/10/2026,19:17:36,04/10/2026 19:20:46,sim
1,04/10/2026,6257,Presidente,1,municipio,SP,66630,3528106,MACAUBAL,,18,18,100.00,0,18,0,18,0,5924,5924,100.00,0,5924,0,5924,0,4871,82.22,1053,17.78,4871,4614,94.72,4614,4614,100.00,0,0.00,0,129,2.65,128,2.63,128,0,0,0,04/10/2026,20:04:46,04/10/2026 20:07:51,sim
1,04/10/2026,6257,Presidente,1,municipio,SP,66656,3528205,MACEDÔNIA,,11,11,100.00,0,11,0,11,0,4105,4105,100.00,0,4105,0,4105,0,3059,74.52,1046,25.48,3059,2923,95.55,2923,2923,100.00,0,0.00,0,59,1.93,77,2.52,76,1,0,0,04/10/2026,18:47:14,04/10/2026 18:48:52,sim
1,04/10/2026,6257,Presidente,1,municipio,SP,66672,3528304,MAGDA,,9,9,100.00,0,9,0,9,0,2793,2793,100.00,0,2793,0,2793,0,2215,79.31,578,20.69,2215,2117,95.58,2117,2117,100.00,0,0.00,0,49,2.21,49,2.21,49,0,0,0,04/10/2026,18:44:18,04/10/2026 18:45:44,sim
1,04/10/2026,6257,Presidente,1,municipio,SP,66699,3528403,MAIRINQUE,,119,119,100.00,0,119,0,119,0,38466,38466,100.00,0,38466,0,38466,0,30221,78.57,8245,21.43,30221,28137,93.10,28137,28137,100.00,0,0.00,0,900,2.98,1184,3.92,1180,4,0,0,04/10/2026,20:53:59,04/10/2026 20:55:05,sim
1,04/10/2026,6257,Presidente,1,municipio,SP,66710,3528502,MAIRIPORÃ,,209,209,100.00,0,209,0,209,0,65733,65733,100.00,0,65733,0,65733,0,51202,77.89,14531,22.11,51202,48131,94.00,48131,48131,100.00,0,0.00,0,1289,2.52,1782,3.48,1776,6,0,0,04/10/2026,19:12:34,04/10/2026 19:13:56,sim
1,04/10/2026,6257,Presidente,1,municipio,SP,66737,3528601,MANDURI,,22,22,100.00,0,22,0,22,0,7096,7096,100.00,0,7096,0,7096,0,5593,78.82,1503,21.18,5593,5234,93.58,5234,5234,100.00,0,0.00,0,177,3.16,182,3.25,182,0,0,0,04/10/2026,18:59:14,04/10/2026 19:00:25,sim
1,04/10/2026,6257,Presidente,1,municipio,SP,66753,3528700,MARABÁ PAULISTA,,10,10,100.00,0,10,0,10,0,3188,3188,100.00,0,3188,0,3188,0,2248,70.51,940,29.49,2248,2168,96.44,2168,2168,100.00,0,0.00,0,30,1.33,50,2.22,50,0,0,0,04/10/2026,20:20:45,04/10/2026 20:22:05,sim
1,04/10/2026,6257,Presidente,1,municipio,SP,66770,3528809,MARACAÍ,,41,41,100.00,0,41,0,41,0,10406,10406,100.00,0,10406,0,10406,0,8368,80.42,2038,19.58,8368,8027,95.92,8027,8027,100.00,0,0.00,0,153,1.83,188,2.25,188,0,0,0,04/10/2026,19:12:00,04/10/2026 19:13:24,sim
1,04/10/2026,6257,Presidente,1,municipio,SP,66796,3528908,MARIÁPOLIS,,10,10,100.00,0,10,0,10,0,2872,2872,100.00,0,2872,0,2872,0,2336,81.34,536,18.66,2336,2208,94.52,2208,2208,100.00,0,0.00,0,63,2.70,65,2.78,65,0,0,0,04/10/2026,18:45:32,04/10/2026 18:47:55,sim
1,04/10/2026,6257,Presidente,1,municipio,SP,66818,3529005,MARÍLIA,,579,579,100.00,0,579,0,579,0,172936,172936,100.00,0,172936,0,172936,0,132416,76.57,40520,23.43,132416,125352,94.67,125352,125352,100.00,0,0.00,0,2971,2.24,4093,3.09,4089,4,0,0,04/10/2026,20:35:45,04/10/2026 20:36:56,sim
1,04/10/2026,6257,Presidente,1,municipio,SP,66834,3529104,MARINÓPOLIS,,7,7,100.00,0,7,0,7,0,1754,1754,100.00,0,1754,0,1754,0,1445,82.38,309,17.62,1445,1377,95.29,1377,1377,100.00,0,0.00,0,29,2.01,39,2.70,39,0,0,0,04/10/2026,17:20:36,04/10/2026 17:21:56,sim
1,04/10/2026,6257,Presidente,1,municipio,SP,66850,3529203,MARTINÓPOLIS,,61,61,100.00,0,61,0,61,0,18046,18046,100.00,0,18046,0,18046,0,13829,76.63,4217,23.37,13829,13175,95.27,13175,13175,100.00,0,0.00,0,286,2.07,368,2.66,368,0,0,0,04/10/2026,18:43:06,04/10/2026 18:45:10,sim
1,04/10/2026,6257,Presidente,1,municipio,SP,66877,3529302,MATÃO,,218,218,100.00,0,218,0,218,0,63725,63725,100.00,0,63725,0,63725,0,50300,78.93,13425,21.07,50300,47318,94.07,47318,47318,100.00,0,0.00,0,1285,2.55,1697,3.37,1693,4,0,0,04/10/2026,19:10:50,04/10/2026 19:12:25,sim
1,04/10/2026,6257,Presidente,1,municipio,SP,66893,3529401,MAUÁ,,927,927,100.00,0,927,0,927,0,310407,310407,100.00,0,310407,0,310407,0,240003,77.32,70404,22.68,240003,222687,92.79,222687,222687,100.00,0,0.00,0,6344,2.64,10972,4.57,10958,14,0,0,04/10/2026,21:06:59,04/10/2026 21:08:22,sim
1,04/10/2026,6257,Presidente,1,municipio,SP,66915,3529500,MENDONÇA,,15,15,100.00,0,15,0,15,0,5260,5260,100.00,0,5260,0,5260,0,4092,77.79,1168,22.21,4092,3891,95.09,3891,3891,100.00,0,0.00,0,72,1.76,129,3.15,128,1,0,0,04/10/2026,19:20:59,04/10/2026 19:22:06,sim
1,04/10/2026,6257,Presidente,1,municipio,SP,66931,3529609,MERIDIANO,,12,12,100.00,0,12,0,12,0,3765,3765,100.00,0,3765,0,3765,0,2975,79.02,790,20.98,2975,2839,95.43,2839,2839,100.00,0,0.00,0,53,1.78,83,2.79,83,0,0,0,04/10/2026,18:47:31,04/10/2026 18:50:12,sim
1,04/10/2026,6257,Presidente,1,municipio,SP,66958,3529708,MIGUELÓPOLIS,,52,52,100.00,0,52,0,52,0,15123,15123,100.00,0,15123,0,15123,0,11605,76.74,3518,23.26,11605,11147,96.05,11147,11147,100.00,0,0.00,0,202,1.74,256,2.21,256,0,0,0,04/10/2026,18:31:44,04/10/2026 18:33:26,sim
1,04/10/2026,6257,Presidente,1,municipio,SP,66974,3529807,MINEIROS DO TIETÊ,,33,33,100.00,0,33,0,33,0,8683,8683,100.00,0,8683,0,8683,0,6804,78.36,1879,21.64,6804,6313,92.78,6313,6313,100.00,0,0.00,0,253,3.72,238,3.50,238,0,0,0,04/10/2026,18:24:41,04/10/2026 18:26:02,sim
1,04/10/2026,6257,Presidente,1,municipio,SP,66990,3529906,MIRACATU,,58,58,100.00,0,58,0,58,0,15311,15311,100.00,0,15311,0,15311,0,11182,73.03,4129,26.97,11182,10630,95.06,10630,10630,100.00,0,0.00,0,212,1.90,340,3.04,339,1,0,0,04/10/2026,18:54:40,04/10/2026 18:55:27,sim
1,04/10/2026,6257,Presidente,1,municipio,SP,67016,3530003,MIRA ESTRELA,,8,8,100.00,0,8,0,8,0,2892,2892,100.00,0,2892,0,2892,0,2216,76.63,676,23.37,2216,2125,95.89,2125,2125,100.00,0,0.00,0,33,1.49,58,2.62,58,0,0,0,04/10/2026,19:13:29,04/10/2026 19:14:22,sim
1,04/10/2026,6257,Presidente,1,municipio,SP,67032,3530102,MIRANDÓPOLIS,,62,62,100.00,0,62,0,62,0,17999,17999,100.00,0,17999,0,17999,0,13323,74.02,4676,25.98,13323,12534,94.08,12534,12534,100.00,0,0.00,0,313,2.35,476,3.57,476,0,0,0,04/10/2026,18:44:44,04/10/2026 18:46:43,sim
1,04/10/2026,6257,Presidente,1,municipio,SP,67059,3530201,MIRANTE DO PARANAPANEMA,,43,43,100.00,0,43,0,43,0,12713,12713,100.00,0,12713,0,12713,0,9202,72.38,3511,27.62,9202,8848,96.15,8848,8848,100.00,0,0.00,0,161,1.75,193,2.10,193,0,0,0,04/10/2026,19:09:30,04/10/2026 19:10:40,sim
1,04/10/2026,6257,Presidente,1,municipio,SP,67075,3530300,MIRASSOL,,132,132,100.00,0,132,0,132,0,43661,43661,100.00,0,43661,0,43661,0,34490,78.99,9171,21.01,34490,32754,94.97,32754,32754,100.00,0,0.00,0,799,2.32,937,2.72,935,2,0,0,04/10/2026,18:55:50,04/10/2026 18:57:46,sim
1,04/10/2026,6257,Presidente,1,municipio,SP,67091,3530409,MIRASSOLÂNDIA,,11,11,100.00,0,11,0,11,0,4130,4130,100.00,0,4130,0,4130,0,3209,77.70,921,22.30,3209,3061,95.39,3061,3061,100.00,0,0.00,0,60,1.87,88,2.74,88,0,0,0,04/10/2026,19:21:58,04/10/2026 19:22:51,sim
1,04/10/2026,6257,Presidente,1,municipio,SP,67113,3530508,MOCOCA,,156,156,100.00,0,156,0,156,0,49126,49126,100.00,0,49126,0,49126,0,37333,75.99,11793,24.01,37333,34715,92.99,34715,34715,100.00,0,0.00,0,1166,3.12,1452,3.89,1448,4,0,0,04/10/2026,21:11:33,04/10/2026 21:13:03,sim
1,04/10/2026,6257,Presidente,1,municipio,SP,67130,3530607,MOGI DAS CRUZES,,978,978,100.00,0,978,0,978,0,334039,334039,100.00,0,334039,0,334039,0,256542,76.80,77497,23.20,256542,239938,93.53,239938,239938,100.00,0,0.00,0,7368,2.87,9236,3.60,9220,16,0,0,04/10/2026,21:44:21,04/10/2026 21:45:39,sim
1,04/10/2026,6257,Presidente,1,municipio,SP,67156,3530706,MOGI GUAÇU,,348,348,100.00,0,348,0,348,0,114358,114358,100.00,0,114358,0,114358,0,91795,80.27,22563,19.73,91795,86540,94.28,86540,86540,100.00,0,0.00,0,2146,2.34,3109,3.39,3106,3,0,0,04/10/2026,20:31:46,04/10/2026 20:32:59,sim
1,04/10/2026,6257,Presidente,1,municipio,SP,67172,3530805,MOGI MIRIM,,215,215,100.00,0,215,0,215,0,67646,67646,100.00,0,67646,0,67646,0,54055,79.91,13591,20.09,54055,50976,94.30,50976,50976,100.00,0,0.00,0,1320,2.44,1759,3.25,1758,1,0,0,04/10/2026,19:09:22,04/10/2026 19:10:41,sim
1,04/10/2026,6257,Presidente,1,municipio,SP,67199,3530904,MOMBUCA,,11,11,100.00,0,11,0,11,0,3151,3151,100.00,0,3151,0,3151,0,2498,79.28,653,20.72,2498,2344,93.84,2344,2344,100.00,0,0.00,0,56,2.24,98,3.92,98,0,0,0,04/10/2026,19:10:40,04/10/2026 19:11:50,sim
1,04/10/2026,6257,Presidente,1,municipio,SP,67210,3531001,MONÇÕES,,7,7,100.00,0,7,0,7,0,2121,2121,100.00,0,2121,0,2121,0,1723,81.24,398,18.76,1723,1649,95.71,1649,1649,100.00,0,0.00,0,29,1.68,45,2.61,45,0,0,0,04/10/2026,18:44:40,04/10/2026 18:46:42,sim
1,04/10/2026,6257,Presidente,1,municipio,SP,67237,3531100,MONGAGUÁ,,148,148,100.00,0,148,0,148,0,50491,50491,100.00,0,50491,0,50491,0,34990,69.30,15501,30.70,34990,32905,94.04,32905,32905,100.00,0,0.00,0,863,2.47,1222,3.49,1220,2,0,0,04/10/2026,19:28:42,04/10/2026 19:30:37,sim
1,04/10/2026,6257,Presidente,1,municipio,SP,67253,3531209,MONTE ALEGRE DO SUL,,22,22,100.00,0,22,0,22,0,6336,6336,100.00,0,6336,0,6336,0,5119,80.79,1217,19.21,5119,4764,93.07,4764,4764,100.00,0,0.00,0,125,2.44,230,4.49,229,1,0,0,04/10/2026,21:19:28,04/10/2026 21:20:27,sim
1,04/10/2026,6257,Presidente,1,municipio,SP,67270,3531308,MONTE ALTO,,116,116,100.00,0,116,0,116,0,36025,36025,100.00,0,36025,0,36025,0,27876,77.38,8149,22.62,27876,26336,94.48,26336,26336,100.00,0,0.00,0,747,2.68,793,2.84,793,0,0,0,04/10/2026,18:37:07,04/10/2026 18:39:16,sim
1,04/10/2026,6257,Presidente,1,municipio,SP,67296,3531407,MONTE APRAZÍVEL,,51,51,100.00,0,51,0,51,0,16980,16980,100.00,0,16980,0,16980,0,13147,77.43,3833,22.57,13147,12474,94.88,12474,12474,100.00,0,0.00,0,302,2.30,371,2.82,370,1,0,0,04/10/2026,18:38:30,04/10/2026 18:39:53,sim
1,04/10/2026,6257,Presidente,1,municipio,SP,67318,3531506,MONTE AZUL PAULISTA,,45,45,100.00,0,45,0,45,0,14242,14242,100.00,0,14242,0,14242,0,11195,78.61,3047,21.39,11195,10609,94.77,10609,10609,100.00,0,0.00,0,267,2.38,319,2.85,319,0,0,0,04/10/2026,18:25:26,04/10/2026 18:26:57,sim
1,04/10/2026,6257,Presidente,1,municipio,SP,67334,3531605,MONTE CASTELO,,11,11,100.00,0,11,0,11,0,3327,3327,100.00,0,3327,0,3327,0,2631,79.08,696,20.92,2631,2521,95.82,2521,2521,100.00,0,0.00,0,41,1.56,69,2.62,68,1,0,0,04/10/2026,18:25:33,04/10/2026 18:26:58,sim
1,04/10/2026,6257,Presidente,1,municipio,SP,67350,3531704,MONTEIRO LOBATO,,13,13,100.00,0,13,0,13,0,3833,3833,100.00,0,3833,0,3833,0,3083,80.43,750,19.57,3083,2930,95.04,2930,2930,100.00,0,0.00,0,53,1.72,100,3.24,100,0,0,0,04/10/2026,19:21:58,04/10/2026 19:22:53,sim
1,04/10/2026,6257,Presidente,1,municipio,SP,67377,3531803,MONTE MOR,,161,161,100.00,0,161,0,161,0,47316,47316,100.00,0,47316,0,47316,0,36862,77.91,10454,22.09,36862,34526,93.66,34526,34526,100.00,0,0.00,0,1042,2.83,1294,3.51,1290,4,0,0,04/10/2026,19:17:53,04/10/2026 19:20:48,sim
1,04/10/2026,6257,Presidente,1,municipio,SP,67393,3531902,MORRO AGUDO,,61,61,100.00,0,61,0,61,0,20181,20181,100.00,0,20181,0,20181,0,15877,78.67,4304,21.33,15877,14917,93.95,14917,14917,100.00,0,0.00,0,388,2.44,572,3.60,570,2,0,0,04/10/2026,19:03:19,04/10/2026 19:04:06,sim
1,04/10/2026,6257,Presidente,1,municipio,SP,67415,3532009,MORUNGABA,,31,31,100.00,0,31,0,31,0,10613,10613,100.00,0,10613,0,10613,0,8626,81.28,1987,18.72,8626,8141,94.38,8141,8141,100.00,0,0.00,0,174,2.02,311,3.61,311,0,0,0,04/10/2026,19:09:47,04/10/2026 19:11:16,sim
1,04/10/2026,6257,Presidente,1,municipio,SP,67431,3532108,MURUTINGA DO SUL,,13,13,100.00,0,13,0,13,0,3341,3341,100.00,0,3341,0,3341,0,2578,77.16,763,22.84,2578,2452,95.11,2452,2452,100.00,0,0.00,0,51,1.98,75,2.91,75,0,0,0,04/10/2026,18:34:50,04/10/2026 18:36:23,sim
1,04/10/2026,6257,Presidente,1,municipio,SP,67458,3532207,NARANDIBA,,13,13,100.00,0,13,0,13,0,4458,4458,100.00,0,4458,0,4458,0,3572,80.13,886,19.87,3572,3437,96.22,3437,3437,100.00,0,0.00,0,63,1.76,72,2.02,72,0,0,0,04/10/2026,20:57:32,04/10/2026 20:59:25,sim
1,04/10/2026,6257,Presidente,1,municipio,SP,67474,3532306,NATIVIDADE DA SERRA,,22,22,100.00,0,22,0,22,0,5669,5669,100.00,0,5669,0,5669,0,4410,77.79,1259,22.21,4410,4176,94.69,4176,4176,100.00,0,0.00,0,76,1.72,158,3.58,157,1,0,0,04/10/2026,18:35:40,04/10/2026 18:37:25,sim
1,04/10/2026,6257,Presidente,1,municipio,SP,67490,3532405,NAZARÉ PAULISTA,,47,47,100.00,0,47,0,47,0,14473,14473,100.00,0,14473,0,14473,0,11394,78.73,3079,21.27,11394,10656,93.52,10656,10656,100.00,0,0.00,0,298,2.62,440,3.86,438,2,0,0,04/10/2026,20:48:51,04/10/2026 20:50:18,sim
1,04/10/2026,6257,Presidente,1,municipio,SP,67512,3532504,NEVES PAULISTA,,22,22,100.00,0,22,0,22,0,7059,7059,100.00,0,7059,0,7059,0,5640,79.90,1419,20.10,5640,5275,93.53,5275,5275,100.00,0,0.00,0,177,3.14,188,3.33,188,0,0,0,04/10/2026,18:46:19,04/10/2026 18:48:58,sim
1,04/10/2026,6257,Presidente,1,municipio,SP,67539,3532603,NHANDEARA,,25,25,100.00,0,25,0,25,0,7745,7745,100.00,0,7745,0,7745,0,5912,76.33,1833,23.67,5912,5666,95.84,5666,5666,100.00,0,0.00,0,121,2.05,125,2.11,125,0,0,0,04/10/2026,18:24:34,04/10/2026 18:26:02,sim
1,04/10/2026,6257,Presidente,1,municipio,SP,67555,3532702,NIPOÃ,,12,12,100.00,0,12,0,12,0,3881,3881,100.00,0,3881,0,3881,0,3015,77.69,866,22.31,3015,2882,95.59,2882,2882,100.00,0,0.00,0,54,1.79,79,2.62,78,1,0,0,04/10/2026,18:48:26,04/10/2026 18:51:33,sim
1,04/10/2026,6257,Presidente,1,municipio,SP,67571,3532801,NOVA ALIANÇA,,18,18,100.00,0,18,0,18,0,5431,5431,100.00,0,5431,0,5431,0,4199,77.32,1232,22.68,4199,3978,94.74,3978,3978,100.00,0,0.00,0,77,1.83,144,3.43,144,0,0,0,04/10/2026,18:40:20,04/10/2026 18:42:18,sim
1,04/10/2026,6257,Presidente,1,municipio,SP,67598,3532900,NOVA EUROPA,,26,26,100.00,0,26,0,26,0,7172,7172,100.00,0,7172,0,7172,0,5645,78.71,1527,21.29,5645,5293,93.76,5293,5293,100.00,0,0.00,0,172,3.05,180,3.19,180,0,0,0,04/10/2026,19:19:09,04/10/2026 19:20:46,sim
1,04/10/2026,6257,Presidente,1,municipio,SP,67610,3533007,NOVA GRANADA,,51,51,100.00,0,51,0,51,0,14794,14794,100.00,0,14794,0,14794,0,11257,76.09,3537,23.91,11257,10658,94.68,10658,10658,100.00,0,0.00,0,246,2.19,353,3.14,352,1,0,0,04/10/2026,18:59:41,04/10/2026 19:00:59,sim
1,04/10/2026,6257,Presidente,1,municipio,SP,67636,3533106,NOVA GUATAPORANGA,,10,10,100.00,0,10,0,10,0,2019,2019,100.00,0,2019,0,2019,0,1536,76.08,483,23.92,1536,1451,94.47,1451,1451,100.00,0,0.00,0,33,2.15,52,3.39,52,0,0,0,04/10/2026,18:15:41,04/10/2026 18:16:53,sim
1,04/10/2026,6257,Presidente,1,municipio,SP,67652,3533205,NOVA INDEPENDÊNCIA,,14,14,100.00,0,14,0,14,0,3505,3505,100.00,0,3505,0,3505,0,2637,75.24,868,24.76,2637,2509,95.15,2509,2509,100.00,0,0.00,0,49,1.86,79,3.00,79,0,0,0,04/10/2026,18:58:30,04/10/2026 18:59:58,sim
1,04/10/2026,6257,Presidente,1,municipio,SP,67679,3533304,NOVA LUZITÂNIA,,8,8,100.00,0,8,0,8,0,2635,2635,100.00,0,2635,0,2635,0,2101,79.73,534,20.27,2101,2001,95.24,2001,2001,100.00,0,0.00,0,42,2.00,58,2.76,58,0,0,0,04/10/2026,18:44:45,04/10/2026 18:46:43,sim
1,04/10/2026,6257,Presidente,1,municipio,SP,67695,3533403,NOVA ODESSA,,143,143,100.00,0,143,0,143,0,47408,47408,100.00,0,47408,0,47408,0,38977,82.22,8431,17.78,38977,37161,95.34,37161,37161,100.00,0,0.00,0,740,1.90,1076,2.76,1076,0,0,0,04/10/2026,18:45:13,04/10/2026 18:47:55,sim
1,04/10/2026,6257,Presidente,1,municipio,SP,67717,3533502,NOVO HORIZONTE,,90,90,100.00,0,90,0,90,0,28606,28606,100.00,0,28606,0,28606,0,21686,75.81,6920,24.19,21686,20772,95.79,20772,20772,100.00,0,0.00,0,437,2.02,477,2.20,476,1,0,0,04/10/2026,18:43:14,04/10/2026 18:45:13,sim
1,04/10/2026,6257,Presidente,1,municipio,SP,67733,3533601,NUPORANGA,,23,23,100.00,0,23,0,23,0,6023,6023,100.00,0,6023,0,6023,0,4706,78.13,1317,21.87,4706,4437,94.28,4437,4437,100.00,0,0.00,0,111,2.36,158,3.36,158,0,0,0,04/10/2026,18:25:26,04/10/2026 18:26:57,sim
1,04/10/2026,6257,Presidente,1,municipio,SP,67750,3533700,OCAUÇU,,13,13,100.00,0,13,0,13,0,3441,3441,100.00,0,3441,0,3441,0,2626,76.32,815,23.68,2626,2516,95.81,2516,2516,100.00,0,0.00,0,43,1.64,67,2.55,67,0,0,0,04/10/2026,18:40:48,04/10/2026 18:42:21,sim
1,04/10/2026,6257,Presidente,1,municipio,SP,67776,3533809,ÓLEO,,10,10,100.00,0,10,0,10,0,2420,2420,100.00,0,2420,0,2420,0,1929,79.71,491,20.29,1929,1839,95.33,1839,1839,100.00,0,0.00,0,36,1.87,54,2.80,54,0,0,0,04/10/2026,19:01:29,04/10/2026 19:02:32,sim
1,04/10/2026,6257,Presidente,1,municipio,SP,67792,3533908,OLÍMPIA,,141,141,100.00,0,141,0,141,0,41874,41874,100.00,0,41874,0,41874,0,32569,77.78,9305,22.22,32569,30932,94.97,30932,30932,100.00,0,0.00,0,765,2.35,872,2.68,872,0,0,0,04/10/2026,19:02:13,04/10/2026 19:03:07,sim
1,04/10/2026,6257,Presidente,1,municipio,SP,67814,3534005,ONDA VERDE,,14,14,100.00,0,14,0,14,0,4387,4387,100.00,0,4387,0,4387,0,3374,76.91,1013,23.09,3374,3222,95.49,3222,3222,100.00,0,0.00,0,67,1.99,85,2.52,85,0,0,0,04/10/2026,18:44:07,04/10/2026 18:45:43,sim
1,04/10/2026,6257,Presidente,1,municipio,SP,67830,3534104,ORIENTE,,16,16,100.00,0,16,0,16,0,5159,5159,100.00,0,5159,0,5159,0,3989,77.32,1170,22.68,3989,3766,94.41,3766,3766,100.00,0,0.00,0,88,2.21,135,3.38,135,0,0,0,04/10/2026,20:11:54,04/10/2026 20:13:00,sim
1,04/10/2026,6257,Presidente,1,municipio,SP,67857,3534203,ORINDIÚVA,,17,17,100.00,0,17,0,17,0,5003,5003,100.00,0,5003,0,5003,0,3904,78.03,1099,21.97,3904,3709,95.01,3709,3709,100.00,0,0.00,0,62,1.59,133,3.41,133,0,0,0,04/10/2026,18:32:46,04/10/2026 18:33:53,sim
1,04/10/2026,6257,Presidente,1,municipio,SP,67873,3534302,ORLÂNDIA,,103,103,100.00,0,103,0,103,0,29493,29493,100.00,0,29493,0,29493,0,23307,79.03,6186,20.97,23307,21895,93.94,21895,21895,100.00,0,0.00,0,577,2.48,835,3.58,833,2,0,0,04/10/2026,20:50:01,04/10/2026 20:51:31,sim
1,04/10/2026,6257,Presidente,1,municipio,SP,67890,3534401,OSASCO,,1641,1641,100.00,0,1641,0,1641,0,583991,583991,100.00,0,583991,0,583991,0,447953,76.71,136038,23.29,447953,421757,94.15,421757,421757,100.00,0,0.00,0,10881,2.43,15315,3.42,15295,20,0,0,04/10/2026,21:01:16,04/10/2026 21:02:18,sim
1,04/10/2026,6257,Presidente,1,municipio,SP,67911,3534500,OSCAR BRESSANE,,8,8,100.00,0,8,0,8,0,2450,2450,100.00,0,2450,0,2450,0,1867,76.20,583,23.80,1867,1815,97.21,1815,1815,100.00,0,0.00,0,23,1.23,29,1.55,29,0,0,0,04/10/2026,18:57:08,04/10/2026 18:58:18,sim
1,04/10/2026,6257,Presidente,1,municipio,SP,67938,3534609,OSVALDO CRUZ,,80,80,100.00,0,80,0,80,0,22809,22809,100.00,0,22809,0,22809,0,17277,75.75,5532,24.25,17277,16475,95.36,16475,16475,100.00,0,0.00,0,358,2.07,444,2.57,442,2,0,0,04/10/2026,19:08:54,04/10/2026 19:10:04,sim
1,04/10/2026,6257,Presidente,1,municipio,SP,67954,3534708,OURINHOS,,248,248,100.00,0,248,0,248,0,76480,76480,100.00,0,76480,0,76480,0,58680,76.73,17800,23.27,58680,55607,94.76,55607,55607,100.00,0,0.00,0,1426,2.43,1647,2.81,1644,3,0,0,04/10/2026,20:34:43,04/10/2026 20:35:25,sim
1,04/10/2026,6257,Presidente,1,municipio,SP,67970,3534807,OURO VERDE,,16,16,100.00,0,16,0,16,0,6097,6097,100.00,0,6097,0,6097,0,4549,74.61,1548,25.39,4549,4355,95.74,4355,4355,100.00,0,0.00,0,94,2.07,100,2.20,100,0,0,0,04/10/2026,19:19:13,04/10/2026 19:20:48,sim
1,04/10/2026,6257,Presidente,1,municipio,SP,67997,3534906,PACAEMBU,,26,26,100.00,0,26,0,26,0,7523,7523,100.00,0,7523,0,7523,0,5763,76.61,1760,23.39,5763,5490,95.26,5490,5490,100.00,0,0.00,0,112,1.94,161,2.79,161,0,0,0,04/10/2026,18:30:12,04/10/2026 18:32:00,sim
1,04/10/2026,6257,Presidente,1,municipio,SP,68012,3535002,PALESTINA,,30,30,100.00,0,30,0,30,0,8996,8996,100.00,0,8996,0,8996,0,6852,76.17,2144,23.83,6852,6520,95.15,6520,6520,100.00,0,0.00,0,150,2.19,182,2.66,182,0,0,0,04/10/2026,18:24:01,04/10/2026 18:25:02,sim
1,04/10/2026,6257,Presidente,1,municipio,SP,68039,3535101,PALMARES PAULISTA,,24,24,100.00,0,24,0,24,0,7352,7352,100.00,0,7352,0,7352,0,6153,83.69,1199,16.31,6153,5711,92.82,5711,5711,100.00,0,0.00,0,176,2.86,266,4.32,266,0,0,0,04/10/2026,19:22:32,04/10/2026 19:23:30,sim
1,04/10/2026,6257,Presidente,1,municipio,SP,68055,3535200,PALMEIRA D'OESTE,,22,22,100.00,0,22,0,22,0,7437,7437,100.00,0,7437,0,7437,0,5666,76.19,1771,23.81,5666,5386,95.06,5386,5386,100.00,0,0.00,0,136,2.40,144,2.54,143,1,0,0,04/10/2026,18:25:30,04/10/2026 18:26:57,sim
1,04/10/2026,6257,Presidente,1,municipio,SP,68071,3535309,PALMITAL,,48,48,100.00,0,48,0,48,0,16108,16108,100.00,0,16108,0,16108,0,12536,77.82,3572,22.18,12536,11950,95.33,11950,11950,100.00,0,0.00,0,268,2.14,318,2.54,318,0,0,0,04/10/2026,19:00:16,04/10/2026 19:01:26,sim
1,04/10/2026,6257,Presidente,1,municipio,SP,68098,3535408,PANORAMA,,39,39,100.00,0,39,0,39,0,9923,9923,100.00,0,9923,0,9923,0,7852,79.13,2071,20.87,7852,7429,94.61,7429,7429,100.00,0,0.00,0,188,2.39,235,2.99,235,0,0,0,04/10/2026,19:03:32,04/10/2026 19:04:50,sim
1,04/10/2026,6257,Presidente,1,municipio,SP,68110,3535507,PARAGUAÇU PAULISTA,,96,96,100.00,0,96,0,96,0,29958,29958,100.00,0,29958,0,29958,0,22537,75.23,7421,24.77,22537,21446,95.16,21446,21446,100.00,0,0.00,0,525,2.33,566,2.51,566,0,0,0,04/10/2026,18:36:19,04/10/2026 18:37:55,sim
1,04/10/2026,6257,Presidente,1,municipio,SP,68136,3535606,PARAIBUNA,,47,47,100.00,0,47,0,47,0,13836,13836,100.00,0,13836,0,13836,0,10974,79.31,2862,20.69,10974,10542,96.06,10542,10542,100.00,0,0.00,0,163,1.49,269,2.45,268,1,0,0,04/10/2026,18:13:45,04/10/2026 18:14:42,sim
1,04/10/2026,6257,Presidente,1,municipio,SP,68152,3535705,PARAÍSO,,15,15,100.00,0,15,0,15,0,4547,4547,100.00,0,4547,0,4547,0,3751,82.49,796,17.51,3751,3494,93.15,3494,3494,100.00,0,0.00,0,94,2.51,163,4.35,163,0,0,0,04/10/2026,18:19:42,04/10/2026 18:20:36,sim
1,04/10/2026,6257,Presidente,1,municipio,SP,68179,3535804,PARANAPANEMA,,41,41,100.00,0,41,0,41,0,13591,13591,100.00,0,13591,0,13591,0,10925,80.38,2666,19.62,10925,10399,95.19,10399,10399,100.00,0,0.00,0,206,1.89,320,2.93,320,0,0,0,04/10/2026,19:23:16,04/10/2026 19:24:29,sim
1,04/10/2026,6257,Presidente,1,municipio,SP,68195,3535903,PARANAPUÃ,,13,13,100.00,0,13,0,13,0,3392,3392,100.00,0,3392,0,3392,0,2795,82.40,597,17.60,2795,2656,95.03,2656,2656,100.00,0,0.00,0,65,2.33,74,2.65,74,0,0,0,04/10/2026,18:59:35,04/10/2026 19:00:59,sim
1,04/10/2026,6257,Presidente,1,municipio,SP,68217,3536000,PARAPUÃ,,28,28,100.00,0,28,0,28,0,7605,7605,100.00,0,7605,0,7605,0,5963,78.41,1642,21.59,5963,5574,93.48,5574,5574,100.00,0,0.00,0,185,3.10,204,3.42,204,0,0,0,04/10/2026,19:13:46,04/10/2026 19:14:56,sim
1,04/10/2026,6257,Presidente,1,municipio,SP,68233,3536109,PARDINHO,,18,18,100.00,0,18,0,18,0,6139,6139,100.00,0,6139,0,6139,0,4535,73.87,1604,26.13,4535,4297,94.75,4297,4297,100.00,0,0.00,0,89,1.96,149,3.29,149,0,0,0,04/10/2026,19:13:40,04/10/2026 19:14:55,sim
1,04/10/2026,6257,Presidente,1,municipio,SP,68250,3536208,PARIQUERA-AÇU,,48,48,100.00,0,48,0,48,0,14302,14302,100.00,0,14302,0,14302,0,11220,78.45,3082,21.55,11220,10588,94.37,10588,10588,100.00,0,0.00,0,274,2.44,358,3.19,357,1,0,0,04/10/2026,19:04:07,04/10/2026 19:05:26,sim
1,04/10/2026,6257,Presidente,1,municipio,SP,68276,3536307,PATROCÍNIO PAULISTA,,32,32,100.00,0,32,0,32,0,10549,10549,100.00,0,10549,0,10549,0,8172,77.47,2377,22.53,8172,7814,95.62,7814,7814,100.00,0,0.00,0,173,2.12,185,2.26,185,0,0,0,04/10/2026,19:07:13,04/10/2026 19:08:28,sim
1,04/10/2026,6257,Presidente,1,municipio,SP,68292,3536406,PAULICÉIA,,18,18,100.00,0,18,0,18,0,5955,5955,100.00,0,5955,0,5955,0,4491,75.42,1464,24.58,4491,4308,95.93,4308,4308,100.00,0,0.00,0,87,1.94,96,2.14,96,0,0,0,04/10/2026,20:12:11,04/10/2026 20:13:31,sim
1,04/10/2026,6257,Presidente,1,municipio,SP,68314,3536505,PAULÍNIA,,247,247,100.00,0,247,0,247,0,89901,89901,100.00,0,89901,0,89901,0,72666,80.83,17235,19.17,72666,69768,96.01,69768,69768,100.00,0,0.00,0,1171,1.61,1727,2.38,1719,8,0,0,04/10/2026,20:42:04,04/10/2026 20:43:08,sim
1,04/10/2026,6257,Presidente,1,municipio,SP,68330,3536604,PAULO DE FARIA,,21,21,100.00,0,21,0,21,0,6111,6111,100.00,0,6111,0,6111,0,4465,73.06,1646,26.94,4465,4229,94.71,4229,4229,100.00,0,0.00,0,66,1.48,170,3.81,170,0,0,0,04/10/2026,18:29:35,04/10/2026 18:30:53,sim
1,04/10/2026,6257,Presidente,1,municipio,SP,68357,3536703,PEDERNEIRAS,,103,103,100.00,0,103,0,103,0,32588,32588,100.00,0,32588,0,32588,0,26187,80.36,6401,19.64,26187,24780,94.63,24780,24780,100.00,0,0.00,0,672,2.57,735,2.81,735,0,0,0,04/10/2026,19:21:43,04/10/2026 19:22:52,sim
1,04/10/2026,6257,Presidente,1,municipio,SP,68373,3536802,PEDRA BELA,,14,14,100.00,0,14,0,14,0,4810,4810,100.00,0,4810,0,4810,0,3826,79.54,984,20.46,3826,3598,94.04,3598,3598,100.00,0,0.00,0,111,2.90,117,3.06,115,2,0,0,04/10/2026,19:17:31,04/10/2026 19:20:45,sim
1,04/10/2026,6257,Presidente,1,municipio,SP,68390,3536901,PEDRANÓPOLIS,,8,8,100.00,0,8,0,8,0,2682,2682,100.00,0,2682,0,2682,0,2064,76.96,618,23.04,2064,1980,95.93,1980,1980,100.00,0,0.00,0,39,1.89,45,2.18,45,0,0,0,04/10/2026,18:37:32,04/10/2026 18:39:19,sim
1,04/10/2026,6257,Presidente,1,municipio,SP,68411,3537008,PEDREGULHO,,42,42,100.00,0,42,0,42,0,12296,12296,100.00,0,12296,0,12296,0,9508,77.33,2788,22.67,9508,9003,94.69,9003,9003,100.00,0,0.00,0,214,2.25,291,3.06,291,0,0,0,04/10/2026,19:04:14,04/10/2026 19:05:26,sim
1,04/10/2026,6257,Presidente,1,municipio,SP,68438,3537107,PEDREIRA,,108,108,100.00,0,108,0,108,0,33383,33383,100.00,0,33383,0,33383,0,26784,80.23,6599,19.77,26784,25126,93.81,25126,25126,100.00,0,0.00,0,610,2.28,1048,3.91,1047,1,0,0,04/10/2026,19:25:03,04/10/2026 19:26:11,sim
1,04/10/2026,6257,Presidente,1,municipio,SP,68454,3537206,PEDRO DE TOLEDO,,27,27,100.00,0,27,0,27,0,7891,7891,100.00,0,7891,0,7891,0,5542,70.23,2349,29.77,5542,5285,95.36,5285,5285,100.00,0,0.00,0,114,2.06,143,2.58,143,0,0,0,04/10/2026,20:10:32,04/10/2026 20:11:59,sim
1,04/10/2026,6257,Presidente,1,municipio,SP,68470,3537305,PENÁPOLIS,,160,160,100.00,0,160,0,160,0,43746,43746,100.00,0,43746,0,43746,0,34393,78.62,9353,21.38,34393,32736,95.18,32736,32736,100.00,0,0.00,0,668,1.94,989,2.88,986,3,0,0,04/10/2026,19:20:42,04/10/2026 19:22:05,sim
1,04/10/2026,6257,Presidente,1,municipio,SP,68497,3537404,PEREIRA BARRETO,,75,75,100.00,0,75,0,75,0,19125,19125,100.00,0,19125,0,19125,0,13862,72.48,5263,27.52,13862,13200,95.22,13200,13200,100.00,0,0.00,0,295,2.13,367,2.65,365,2,0,0,04/10/2026,19:12:47,04/10/2026 19:13:57,sim
1,04/10/2026,6257,Presidente,1,municipio,SP,68519,3537503,PEREIRAS,,19,19,100.00,0,19,0,19,0,6469,6469,100.00,0,6469,0,6469,0,4973,76.87,1496,23.13,4973,4704,94.59,4704,4704,100.00,0,0.00,0,115,2.31,154,3.10,153,1,0,0,04/10/2026,18:55:45,04/10/2026 18:56:31,sim
1,04/10/2026,6257,Presidente,1,municipio,SP,68535,3537602,PERUÍBE,,176,176,100.00,0,176,0,176,0,59840,59840,100.00,0,59840,0,59840,0,43174,72.15,16666,27.85,43174,40994,94.95,40994,40994,100.00,0,0.00,0,899,2.08,1281,2.97,1279,2,0,0,04/10/2026,19:23:59,04/10/2026 19:25:08,sim
1,04/10/2026,6257,Presidente,1,municipio,SP,68551,3537701,PIACATU,,15,15,100.00,0,15,0,15,0,4487,4487,100.00,0,4487,0,4487,0,3525,78.56,962,21.44,3525,3376,95.77,3376,3376,100.00,0,0.00,0,39,1.11,110,3.12,110,0,0,0,04/10/2026,18:48:13,04/10/2026 18:50:11,sim
1,04/10/2026,6257,Presidente,1,municipio,SP,68578,3537800,PIEDADE,,118,118,100.00,0,118,0,118,0,42011,42011,100.00,0,42011,0,42011,0,31515,75.02,10496,24.98,31515,29541,93.74,29541,29541,100.00,0,0.00,0,965,3.06,1009,3.20,1005,4,0,0,04/10/2026,19:19:04,04/10/2026 19:20:47,sim
1,04/10/2026,6257,Presidente,1,municipio,SP,68594,3537909,PILAR DO SUL,,63,63,100.00,0,63,0,63,0,22434,22434,100.00,0,22434,0,22434,0,17046,75.98,5388,24.02,17046,16075,94.30,16075,16075,100.00,0,0.00,0,451,2.65,520,3.05,518,2,0,0,04/10/2026,19:23:19,04/10/2026 19:24:30,sim
1,04/10/2026,6257,Presidente,1,municipio,SP,68616,3538006,PINDAMONHANGABA,,396,396,100.00,0,396,0,396,0,119275,119275,100.00,0,119275,0,119275,0,94638,79.34,24637,20.66,94638,88927,93.97,88927,88927,100.00,0,0.00,0,2589,2.74,3122,3.30,3116,6,0,0,04/10/2026,19:24:35,04/10/2026 19:25:38,sim
1,04/10/2026,6257,Presidente,1,municipio,SP,68632,3538105,PINDORAMA,,38,38,100.00,0,38,0,38,0,10497,10497,100.00,0,10497,0,10497,0,8505,81.02,1992,18.98,8505,8034,94.46,8034,8034,100.00,0,0.00,0,216,2.54,255,3.00,255,0,0,0,04/10/2026,19:26:30,04/10/2026 19:29:47,sim
1,04/10/2026,6257,Presidente,1,municipio,SP,68659,3515186,ESPÍRITO SANTO DO PINHAL,,111,111,100.00,0,111,0,111,0,30946,30946,100.00,0,30946,0,30946,0,23615,76.31,7331,23.69,23615,22143,93.77,22143,22143,100.00,0,0.00,0,688,2.91,784,3.32,784,0,0,0,04/10/2026,19:25:23,04/10/2026 19:29:10,sim
1,04/10/2026,6257,Presidente,1,municipio,SP,68675,3538204,PINHALZINHO,,35,35,100.00,0,35,0,35,0,11384,11384,100.00,0,11384,0,11384,0,8920,78.36,2464,21.64,8920,8301,93.06,8301,8301,100.00,0,0.00,0,266,2.98,353,3.96,353,0,0,0,04/10/2026,19:24:45,04/10/2026 19:26:10,sim
1,04/10/2026,6257,Presidente,1,municipio,SP,68691,3538303,PIQUEROBI,,9,9,100.00,0,9,0,9,0,3115,3115,100.00,0,3115,0,3115,0,2348,75.38,767,24.62,2348,2217,94.42,2217,2217,100.00,0,0.00,0,45,1.92,86,3.66,86,0,0,0,04/10/2026,20:09:42,04/10/2026 20:10:49,sim
1,04/10/2026,6257,Presidente,1,municipio,SP,68713,3538501,PIQUETE,,31,31,100.00,0,31,0,31,0,10045,10045,100.00,0,10045,0,10045,0,7560,75.26,2485,24.74,7560,7158,94.68,7158,7158,100.00,0,0.00,0,193,2.55,209,2.76,209,0,0,0,04/10/2026,19:29:07,04/10/2026 19:30:38,sim
1,04/10/2026,6257,Presidente,1,municipio,SP,68730,3538600,PIRACAIA,,62,62,100.00,0,62,0,62,0,21552,21552,100.00,0,21552,0,21552,0,17153,79.59,4399,20.41,17153,16222,94.57,16222,16222,100.00,0,0.00,0,392,2.29,539,3.14,533,6,0,0,04/10/2026,18:47:23,04/10/2026 18:50:10,sim
1,04/10/2026,6257,Presidente,1,municipio,SP,68756,3538709,PIRACICABA,,907,907,100.00,0,907,0,907,0,311212,311212,100.00,0,311212,0,311212,0,239268,76.88,71944,23.12,239268,226955,94.85,226955,226955,100.00,0,0.00,0,5227,2.18,7086,2.96,7078,8,0,0,04/10/2026,19:01:41,04/10/2026 19:03:07,sim
1,04/10/2026,6257,Presidente,1,municipio,SP,68772,3538808,PIRAJU,,68,68,100.00,0,68,0,68,0,21986,21986,100.00,0,21986,0,21986,0,16481,74.96,5505,25.04,16481,15474,93.89,15474,15474,100.00,0,0.00,0,429,2.60,578,3.51,576,2,0,0,04/10/2026,18:23:43,04/10/2026 18:25:01,sim
1,04/10/2026,6257,Presidente,1,municipio,SP,68799,3538907,PIRAJUÍ,,58,58,100.00,0,58,0,58,0,14814,14814,100.00,0,14814,0,14814,0,11332,76.50,3482,23.50,11332,10702,94.44,10702,10702,100.00,0,0.00,0,305,2.69,325,2.87,322,3,0,0,04/10/2026,19:23:59,04/10/2026 19:25:08,sim
1,04/10/2026,6257,Presidente,1,municipio,SP,68810,3539004,PIRANGI,,29,29,100.00,0,29,0,29,0,7897,7897,100.00,0,7897,0,7897,0,6247,79.11,1650,20.89,6247,5924,94.83,5924,5924,100.00,0,0.00,0,161,2.58,162,2.59,162,0,0,0,04/10/2026,19:08:57,04/10/2026 19:10:04,sim
1,04/10/2026,6257,Presidente,1,municipio,SP,68837,3539103,PIRAPORA DO BOM JESUS,,43,43,100.00,0,43,0,43,0,14158,14158,100.00,0,14158,0,14158,0,10664,75.32,3494,24.68,10664,10142,95.11,10142,10142,100.00,0,0.00,0,232,2.18,290,2.72,288,2,0,0,04/10/2026,20:12:10,04/10/2026 20:13:32,sim
1,04/10/2026,6257,Presidente,1,municipio,SP,68853,3539202,PIRAPOZINHO,,66,66,100.00,0,66,0,66,0,19385,19385,100.00,0,19385,0,19385,0,15174,78.28,4211,21.72,15174,14536,95.80,14536,14536,100.00,0,0.00,0,286,1.88,352,2.32,351,1,0,0,04/10/2026,19:13:43,04/10/2026 19:14:56,sim
1,04/10/2026,6257,Presidente,1,municipio,SP,68870,3539301,PIRASSUNUNGA,,187,187,100.00,0,187,0,187,0,55163,55163,100.00,0,55163,0,55163,0,42950,77.86,12213,22.14,42950,40523,94.35,40523,40523,100.00,0,0.00,0,1095,2.55,1332,3.10,1329,3,0,0,04/10/2026,19:05:59,04/10/2026 19:07:55,sim
1,04/10/2026,6257,Presidente,1,municipio,SP,68896,3539400,PIRATININGA,,34,34,100.00,0,34,0,34,0,10141,10141,100.00,0,10141,0,10141,0,7958,78.47,2183,21.53,7958,7613,95.66,7613,7613,100.00,0,0.00,0,149,1.87,196,2.46,196,0,0,0,04/10/2026,18:46:10,04/10/2026 18:47:55,sim
1,04/10/2026,6257,Presidente,1,municipio,SP,68918,3539509,PITANGUEIRAS,,84,84,100.00,0,84,0,84,0,24981,24981,100.00,0,24981,0,24981,0,19797,79.25,5184,20.75,19797,18574,93.82,18574,18574,100.00,0,0.00,0,549,2.77,674,3.40,673,1,0,0,04/10/2026,18:54:15,04/10/2026 18:55:27,sim
1,04/10/2026,6257,Presidente,1,municipio,SP,68934,3539608,PLANALTO,,12,12,100.00,0,12,0,12,0,3962,3962,100.00,0,3962,0,3962,0,3047,76.91,915,23.09,3047,2904,95.31,2904,2904,100.00,0,0.00,0,38,1.25,105,3.45,105,0,0,0,04/10/2026,19:22:58,04/10/2026 19:24:02,sim
1,04/10/2026,6257,Presidente,1,municipio,SP,68950,3539707,PLATINA,,8,8,100.00,0,8,0,8,0,2775,2775,100.00,0,2775,0,2775,0,2118,76.32,657,23.68,2118,2032,95.94,2032,2032,100.00,0,0.00,0,36,1.70,50,2.36,50,0,0,0,04/10/2026,18:44:08,04/10/2026 18:45:44,sim
1,04/10/2026,6257,Presidente,1,municipio,SP,68977,3539806,POÁ,,273,273,100.00,0,273,0,273,0,89811,89811,100.00,0,89811,0,89811,0,72857,81.12,16954,18.88,72857,68475,93.99,68475,68475,100.00,0,0.00,0,1815,2.49,2567,3.52,2563,4,0,0,04/10/2026,19:24:20,04/10/2026 19:25:38,sim
1,04/10/2026,6257,Presidente,1,municipio,SP,68993,3539905,POLONI,,15,15,100.00,0,15,0,15,0,4510,4510,100.00,0,4510,0,4510,0,3611,80.07,899,19.93,3611,3423,94.79,3423,3423,100.00,0,0.00,0,83,2.30,105,2.91,105,0,0,0,04/10/2026,18:34:34,04/10/2026 18:36:22,sim
1,04/10/2026,6257,Presidente,1,municipio,SP,69019,3540002,POMPÉIA,,49,49,100.00,0,49,0,49,0,16138,16138,100.00,0,16138,0,16138,0,12785,79.22,3353,20.78,12785,12240,95.74,12240,12240,100.00,0,0.00,0,204,1.60,341,2.67,341,0,0,0,04/10/2026,19:01:06,04/10/2026 19:01:54,sim
1,04/10/2026,6257,Presidente,1,municipio,SP,69035,3540101,PONGAÍ,,11,11,100.00,0,11,0,11,0,2952,2952,100.00,0,2952,0,2952,0,2316,78.46,636,21.54,2316,2211,95.47,2211,2211,100.00,0,0.00,0,39,1.68,66,2.85,66,0,0,0,04/10/2026,18:55:34,04/10/2026 18:56:31,sim
1,04/10/2026,6257,Presidente,1,municipio,SP,69051,3540200,PONTAL,,102,102,100.00,0,102,0,102,0,28287,28287,100.00,0,28287,0,28287,0,23043,81.46,5244,18.54,23043,21284,92.37,21284,21284,100.00,0,0.00,0,741,3.22,1018,4.42,1016,2,0,0,04/10/2026,20:11:29,04/10/2026 20:12:26,sim
1,04/10/2026,6257,Presidente,1,municipio,SP,69078,3540309,PONTES GESTAL,,8,8,100.00,0,8,0,8,0,2368,2368,100.00,0,2368,0,2368,0,1811,76.48,557,23.52,1811,1742,96.19,1742,1742,100.00,0,0.00,0,28,1.55,41,2.26,41,0,0,0,04/10/2026,18:25:32,04/10/2026 18:26:57,sim
1,04/10/2026,6257,Presidente,1,municipio,SP,69094,3540408,POPULINA,,12,12,100.00,0,12,0,12,0,3679,3679,100.00,0,3679,0,3679,0,2877,78.20,802,21.80,2877,2726,94.75,2726,2726,100.00,0,0.00,0,51,1.77,100,3.48,100,0,0,0,04/10/2026,19:01:06,04/10/2026 19:01:54,sim
1,04/10/2026,6257,Presidente,1,municipio,SP,69116,3540507,PORANGABA,,20,20,100.00,0,20,0,20,0,7483,7483,100.00,0,7483,0,7483,0,5656,75.58,1827,24.42,5656,5333,94.29,5333,5333,100.00,0,0.00,0,125,2.21,198,3.50,198,0,0,0,04/10/2026,20:29:15,04/10/2026 20:30:07,sim
1,04/10/2026,6257,Presidente,1,municipio,SP,69132,3540606,PORTO FELIZ,,117,117,100.00,0,117,0,117,0,41162,41162,100.00,0,41162,0,41162,0,32714,79.48,8448,20.52,32714,30934,94.56,30934,30934,100.00,0,0.00,0,885,2.71,895,2.74,894,1,0,0,04/10/2026,18:41:16,04/10/2026 18:43:25,sim
1,04/10/2026,6257,Presidente,1,municipio,SP,69159,3540705,PORTO FERREIRA,,124,124,100.00,0,124,0,124,0,39960,39960,100.00,0,39960,0,39960,0,30811,77.10,9149,22.90,30811,28861,93.67,28861,28861,100.00,0,0.00,0,907,2.94,1043,3.39,1043,0,0,0,04/10/2026,18:25:39,04/10/2026 18:26:58,sim
1,04/10/2026,6257,Presidente,1,municipio,SP,69175,3540804,POTIRENDABA,,41,41,100.00,0,41,0,41,0,13860,13860,100.00,0,13860,0,13860,0,10928,78.85,2932,21.15,10928,10363,94.83,10363,10363,100.00,0,0.00,0,252,2.31,313,2.86,313,0,0,0,04/10/2026,19:04:53,04/10/2026 19:07:19,sim
1,04/10/2026,6257,Presidente,1,municipio,SP,69191,3540903,PRADÓPOLIS,,42,42,100.00,0,42,0,42,0,13603,13603,100.00,0,13603,0,13603,0,11248,82.69,2355,17.31,11248,10594,94.19,10594,10594,100.00,0,0.00,0,261,2.32,393,3.49,393,0,0,0,04/10/2026,22:22:45,04/10/2026 22:24:00,sim
1,04/10/2026,6257,Presidente,1,municipio,SP,69213,3541000,PRAIA GRANDE,,764,764,100.00,0,764,0,764,0,265311,265311,100.00,0,265311,0,265311,0,193212,72.82,72099,27.18,193212,182720,94.57,182720,182720,100.00,0,0.00,0,4639,2.40,5853,3.03,5841,12,0,0,04/10/2026,20:46:27,04/10/2026 20:47:31,sim
1,04/10/2026,6257,Presidente,1,municipio,SP,69230,3541109,PRESIDENTE ALVES,,11,11,100.00,0,11,0,11,0,3391,3391,100.00,0,3391,0,3391,0,2579,76.05,812,23.95,2579,2463,95.50,2463,2463,100.00,0,0.00,0,29,1.12,87,3.37,87,0,0,0,04/10/2026,18:41:11,04/10/2026 18:43:24,sim
1,04/10/2026,6257,Presidente,1,municipio,SP,69256,3541208,PRESIDENTE BERNARDES,,34,34,100.00,0,34,0,34,0,10209,10209,100.00,0,10209,0,10209,0,7593,74.38,2616,25.62,7593,7293,96.05,7293,7293,100.00,0,0.00,0,141,1.86,159,2.09,159,0,0,0,04/10/2026,19:19:56,04/10/2026 19:21:30,sim
1,04/10/2026,6257,Presidente,1,municipio,SP,69272,3541307,PRESIDENTE EPITÁCIO,,92,92,100.00,0,92,0,92,0,29804,29804,100.00,0,29804,0,29804,0,21994,73.80,7810,26.20,21994,20956,95.28,20956,20956,100.00,0,0.00,0,475,2.16,563,2.56,560,3,0,0,04/10/2026,18:59:01,04/10/2026 19:00:25,sim
1,04/10/2026,6257,Presidente,1,municipio,SP,69299,3541406,PRESIDENTE PRUDENTE,,580,580,100.00,0,580,0,580,0,165528,165528,100.00,0,165528,0,165528,0,128762,77.79,36766,22.21,128762,123575,95.97,123575,123575,100.00,0,0.00,0,2337,1.81,2850,2.21,2842,8,0,0,04/10/2026,19:25:56,04/10/2026 19:29:48,sim
1,04/10/2026,6257,Presidente,1,municipio,SP,69310,3541505,PRESIDENTE VENCESLAU,,90,90,100.00,0,90,0,90,0,26379,26379,100.00,0,26379,0,26379,0,20105,76.22,6274,23.78,20105,19137,95.19,19137,19137,100.00,0,0.00,0,440,2.19,528,2.63,524,4,0,0,04/10/2026,18:40:50,04/10/2026 18:43:27,sim
1,04/10/2026,6257,Presidente,1,municipio,SP,69337,3541604,PROMISSÃO,,85,85,100.00,0,85,0,85,0,26512,26512,100.00,0,26512,0,26512,0,19275,72.70,7237,27.30,19275,18221,94.53,18221,18221,100.00,0,0.00,0,451,2.34,603,3.13,600,3,0,0,04/10/2026,18:58:44,04/10/2026 18:59:58,sim
1,04/10/2026,6257,Presidente,1,municipio,SP,69353,3541703,QUATÁ,,33,33,100.00,0,33,0,33,0,10121,10121,100.00,0,10121,0,10121,0,7773,76.80,2348,23.20,7773,7450,95.84,7450,7450,100.00,0,0.00,0,148,1.90,175,2.25,175,0,0,0,04/10/2026,18:17:46,04/10/2026 18:19:06,sim
1,04/10/2026,6257,Presidente,1,municipio,SP,69370,3541802,QUEIROZ,,11,11,100.00,0,11,0,11,0,3299,3299,100.00,0,3299,0,3299,0,2460,74.57,839,25.43,2460,2352,95.61,2352,2352,100.00,0,0.00,0,41,1.67,67,2.72,67,0,0,0,04/10/2026,19:03:02,04/10/2026 19:04:06,sim
1,04/10/2026,6257,Presidente,1,municipio,SP,69396,3541901,QUELUZ,,25,25,100.00,0,25,0,25,0,7112,7112,100.00,0,7112,0,7112,0,5474,76.97,1638,23.03,5474,5250,95.91,5250,5250,100.00,0,0.00,0,105,1.92,119,2.17,119,0,0,0,04/10/2026,19:03:14,04/10/2026 19:04:05,sim
1,04/10/2026,6257,Presidente,1,municipio,SP,69418,3542008,QUINTANA,,16,16,100.00,0,16,0,16,0,5214,5214,100.00,0,5214,0,5214,0,4073,78.12,1141,21.88,4073,3862,94.82,3862,3862,100.00,0,0.00,0,81,1.99,130,3.19,130,0,0,0,04/10/2026,19:01:29,04/10/2026 19:02:31,sim
1,04/10/2026,6257,Presidente,1,municipio,SP,69434,3542107,RAFARD,,24,24,100.00,0,24,0,24,0,7253,7253,100.00,0,7253,0,7253,0,6047,83.37,1206,16.63,6047,5760,95.25,5760,5760,100.00,0,0.00,0,110,1.82,177,2.93,177,0,0,0,04/10/2026,19:17:36,04/10/2026 19:20:46,sim
1,04/10/2026,6257,Presidente,1,municipio,SP,69450,3542206,RANCHARIA,,80,80,100.00,0,80,0,80,0,22888,22888,100.00,0,22888,0,22888,0,17380,75.93,5508,24.07,17380,16648,95.79,16648,16648,100.00,0,0.00,0,349,2.01,383,2.20,383,0,0,0,04/10/2026,18:26:35,04/10/2026 18:28:27,sim
1,04/10/2026,6257,Presidente,1,municipio,SP,69477,3542305,REDENÇÃO DA SERRA,,13,13,100.00,0,13,0,13,0,4304,4304,100.00,0,4304,0,4304,0,3269,75.95,1035,24.05,3269,3110,95.14,3110,3110,100.00,0,0.00,0,64,1.96,95,2.91,95,0,0,0,04/10/2026,19:31:32,04/10/2026 20:02:19,sim
1,04/10/2026,6257,Presidente,1,municipio,SP,69493,3542404,REGENTE FEIJÓ,,67,67,100.00,0,67,0,67,0,15711,15711,100.00,0,15711,0,15711,0,12378,78.79,3333,21.21,12378,11831,95.58,11831,11831,100.00,0,0.00,0,245,1.98,302,2.44,302,0,0,0,04/10/2026,18:27:55,04/10/2026 18:29:17,sim
1,04/10/2026,6257,Presidente,1,municipio,SP,69515,3542503,REGINÓPOLIS,,14,14,100.00,0,14,0,14,0,4734,4734,100.00,0,4734,0,4734,0,3698,78.12,1036,21.88,3698,3504,94.75,3504,3504,100.00,0,0.00,0,85,2.30,109,2.95,109,0,0,0,04/10/2026,19:12:05,04/10/2026 19:13:23,sim
1,04/10/2026,6257,Presidente,1,municipio,SP,69531,3542602,REGISTRO,,155,155,100.00,0,155,0,155,0,45214,45214,100.00,0,45214,0,45214,0,34201,75.64,11013,24.36,34201,32700,95.61,32700,32700,100.00,0,0.00,0,723,2.11,778,2.27,776,2,0,0,04/10/2026,19:05:24,04/10/2026 19:07:55,sim
1,04/10/2026,6257,Presidente,1,municipio,SP,69558,3542701,RESTINGA,,20,20,100.00,0,20,0,20,0,6817,6817,100.00,0,6817,0,6817,0,5160,75.69,1657,24.31,5160,4942,95.78,4942,4942,100.00,0,0.00,0,104,2.02,114,2.21,113,1,0,0,04/10/2026,18:18:41,04/10/2026 18:19:27,sim
1,04/10/2026,6257,Presidente,1,municipio,SP,69574,3542800,RIBEIRA,,12,12,100.00,0,12,0,12,0,2889,2889,100.00,0,2889,0,2889,0,2212,76.57,677,23.43,2212,2127,96.16,2127,2127,100.00,0,0.00,0,39,1.76,46,2.08,46,0,0,0,04/10/2026,19:22:06,04/10/2026 19:23:29,sim
1,04/10/2026,6257,Presidente,1,municipio,SP,69590,3542909,RIBEIRÃO BONITO,,26,26,100.00,0,26,0,26,0,8616,8616,100.00,0,8616,0,8616,0,6308,73.21,2308,26.79,6308,5900,93.53,5900,5900,100.00,0,0.00,0,174,2.76,234,3.71,233,1,0,0,04/10/2026,18:31:28,04/10/2026 18:32:19,sim
1,04/10/2026,6257,Presidente,1,municipio,SP,69612,3543006,RIBEIRÃO BRANCO,,50,50,100.00,0,50,0,50,0,14335,14335,100.00,0,14335,0,14335,0,11062,77.17,3273,22.83,11062,10489,94.82,10489,10489,100.00,0,0.00,0,257,2.32,316,2.86,316,0,0,0,04/10/2026,20:56:25,04/10/2026 20:57:32,sim
1,04/10/2026,6257,Presidente,1,municipio,SP,69639,3543105,RIBEIRÃO CORRENTE,,12,12,100.00,0,12,0,12,0,4387,4387,100.00,0,4387,0,4387,0,3296,75.13,1091,24.87,3296,3141,95.30,3141,3141,100.00,0,0.00,0,58,1.76,97,2.94,97,0,0,0,04/10/2026,18:13:42,04/10/2026 18:14:40,sim
1,04/10/2026,6257,Presidente,1,municipio,SP,69655,3543204,RIBEIRÃO DO SUL,,11,11,100.00,0,11,0,11,0,3926,3926,100.00,0,3926,0,3926,0,3186,81.15,740,18.85,3186,3057,95.95,3057,3057,100.00,0,0.00,0,57,1.79,72,2.26,72,0,0,0,04/10/2026,18:48:34,04/10/2026 18:51:32,sim
1,04/10/2026,6257,Presidente,1,municipio,SP,69671,3543303,RIBEIRÃO PIRES,,262,262,100.00,0,262,0,262,0,85765,85765,100.00,0,85765,0,85765,0,68809,80.23,16956,19.77,68809,64397,93.59,64397,64397,100.00,0,0.00,0,1627,2.36,2785,4.05,2779,6,0,0,04/10/2026,20:14:53,04/10/2026 20:16:08,sim
1,04/10/2026,6257,Presidente,1,municipio,SP,69698,3543402,RIBEIRÃO PRETO,,1449,1449,100.00,0,1449,0,1449,0,473134,473134,100.00,0,473134,0,473134,0,360767,76.25,112367,23.75,360767,341643,94.70,341643,341643,100.00,0,0.00,0,6806,1.89,12318,3.41,12306,12,0,0,04/10/2026,20:34:38,04/10/2026 20:35:25,sim
1,04/10/2026,6257,Presidente,1,municipio,SP,69710,3543501,RIVERSUL,,16,16,100.00,0,16,0,16,0,4559,4559,100.00,0,4559,0,4559,0,3590,78.75,969,21.25,3590,3410,94.99,3410,3410,100.00,0,0.00,0,73,2.03,107,2.98,107,0,0,0,04/10/2026,18:48:24,04/10/2026 18:51:33,sim
1,04/10/2026,6257,Presidente,1,municipio,SP,69736,3543600,RIFAINA,,16,16,100.00,0,16,0,16,0,5127,5127,100.00,0,5127,0,5127,0,3789,73.90,1338,26.10,3789,3675,96.99,3675,3675,100.00,0,0.00,0,61,1.61,53,1.40,53,0,0,0,04/10/2026,19:04:38,04/10/2026 19:07:17,sim
1,04/10/2026,6257,Presidente,1,municipio,SP,69752,3543709,RINCÃO,,27,27,100.00,0,27,0,27,0,7171,7171,100.00,0,7171,0,7171,0,5498,76.67,1673,23.33,5498,5088,92.54,5088,5088,100.00,0,0.00,0,173,3.15,237,4.31,237,0,0,0,04/10/2026,19:05:15,04/10/2026 19:07:18,sim
1,04/10/2026,6257,Presidente,1,municipio,SP,69779,3543808,RINÓPOLIS,,24,24,100.00,0,24,0,24,0,7452,7452,100.00,0,7452,0,7452,0,5472,73.43,1980,26.57,5472,5190,94.85,5190,5190,100.00,0,0.00,0,125,2.28,157,2.87,157,0,0,0,04/10/2026,18:48:51,04/10/2026 18:51:32,sim
1,04/10/2026,6257,Presidente,1,municipio,SP,69795,3543907,RIO CLARO,,447,447,100.00,0,447,0,447,0,151298,151298,100.00,0,151298,0,151298,0,119236,78.81,32062,21.19,119236,112088,94.01,112088,112088,100.00,0,0.00,0,2592,2.17,4556,3.82,4548,8,0,0,04/10/2026,19:21:35,04/10/2026 19:22:53,sim
1,04/10/2026,6257,Presidente,1,municipio,SP,69817,3544004,RIO DAS PEDRAS,,80,80,100.00,0,80,0,80,0,25297,25297,100.00,0,25297,0,25297,0,20003,79.07,5294,20.93,20003,18955,94.76,18955,18955,100.00,0,0.00,0,490,2.45,558,2.79,557,1,0,0,04/10/2026,19:13:09,04/10/2026 19:14:22,sim
1,04/10/2026,6257,Presidente,1,municipio,SP,69833,3544103,RIO GRANDE DA SERRA,,115,115,100.00,0,115,0,115,0,33722,33722,100.00,0,33722,0,33722,0,26874,79.69,6848,20.31,26874,24797,92.27,24797,24797,100.00,0,0.00,0,937,3.49,1140,4.24,1137,3,0,0,04/10/2026,20:16:20,04/10/2026 20:17:35,sim
1,04/10/2026,6257,Presidente,1,municipio,SP,69850,3544202,RIOLÂNDIA,,22,22,100.00,0,22,0,22,0,7103,7103,100.00,0,7103,0,7103,0,5513,77.62,1590,22.38,5513,5267,95.54,5267,5267,100.00,0,0.00,0,86,1.56,160,2.90,159,1,0,0,04/10/2026,18:59:27,04/10/2026 19:00:25,sim
1,04/10/2026,6257,Presidente,1,municipio,SP,69876,3544301,ROSEIRA,,30,30,100.00,0,30,0,30,0,8328,8328,100.00,0,8328,0,8328,0,6837,82.10,1491,17.90,6837,6530,95.51,6530,6530,100.00,0,0.00,0,155,2.27,152,2.22,151,1,0,0,04/10/2026,18:31:44,04/10/2026 18:33:25,sim
1,04/10/2026,6257,Presidente,1,municipio,SP,69892,3544400,RUBIÁCEA,,9,9,100.00,0,9,0,9,0,2390,2390,100.00,0,2390,0,2390,0,1813,75.86,577,24.14,1813,1737,95.81,1737,1737,100.00,0,0.00,0,32,1.77,44,2.43,44,0,0,0,04/10/2026,18:30:51,04/10/2026 18:32:19,sim
1,04/10/2026,6257,Presidente,1,municipio,SP,69914,3544509,RUBINÉIA,,12,12,100.00,0,12,0,12,0,3917,3917,100.00,0,3917,0,3917,0,2976,75.98,941,24.02,2976,2844,95.56,2844,2844,100.00,0,0.00,0,39,1.31,93,3.13,93,0,0,0,04/10/2026,19:00:00,04/10/2026 19:00:58,sim
1,04/10/2026,6257,Presidente,1,municipio,SP,69930,3544608,SABINO,,14,14,100.00,0,14,0,14,0,4352,4352,100.00,0,4352,0,4352,0,3170,72.84,1182,27.16,3170,2980,94.01,2980,2980,100.00,0,0.00,0,78,2.46,112,3.53,112,0,0,0,04/10/2026,18:59:07,04/10/2026 19:00:25,sim
1,04/10/2026,6257,Presidente,1,municipio,SP,69957,3544707,SAGRES,,7,7,100.00,0,7,0,7,0,2091,2091,100.00,0,2091,0,2091,0,1560,74.61,531,25.39,1560,1476,94.62,1476,1476,100.00,0,0.00,0,40,2.56,44,2.82,43,1,0,0,04/10/2026,18:13:01,04/10/2026 18:13:54,sim
1,04/10/2026,6257,Presidente,1,municipio,SP,69973,3544806,SALES,,15,15,100.00,0,15,0,15,0,5354,5354,100.00,0,5354,0,5354,0,4162,77.74,1192,22.26,4162,3991,95.89,3991,3991,100.00,0,0.00,0,63,1.51,108,2.59,108,0,0,0,04/10/2026,20:45:14,04/10/2026 20:46:29,sim
1,04/10/2026,6257,Presidente,1,municipio,SP,69990,3544905,SALES OLIVEIRA,,30,30,100.00,0,30,0,30,0,8527,8527,100.00,0,8527,0,8527,0,6830,80.10,1697,19.90,6830,6435,94.22,6435,6435,100.00,0,0.00,0,165,2.42,230,3.37,230,0,0,0,04/10/2026,18:28:33,04/10/2026 18:30:22,sim
1,04/10/2026,6257,Presidente,1,municipio,SP,70017,3545001,SALESÓPOLIS,,51,51,100.00,0,51,0,51,0,14725,14725,100.00,0,14725,0,14725,0,11914,80.91,2811,19.09,11914,11217,94.15,11217,11217,100.00,0,0.00,0,321,2.69,376,3.16,376,0,0,0,04/10/2026,20:22:29,04/10/2026 20:23:37,sim
1,04/10/2026,6257,Presidente,1,municipio,SP,70033,3545100,SALMOURÃO,,12,12,100.00,0,12,0,12,0,3874,3874,100.00,0,3874,0,3874,0,2931,75.66,943,24.34,2931,2766,94.37,2766,2766,100.00,0,0.00,0,75,2.56,90,3.07,90,0,0,0,04/10/2026,19:09:06,04/10/2026 19:10:04,sim
1,04/10/2026,6257,Presidente,1,municipio,SP,70050,3545209,SALTO,,273,273,100.00,0,273,0,273,0,95308,95308,100.00,0,95308,0,95308,0,76046,79.79,19262,20.21,76046,71819,94.44,71819,71819,100.00,0,0.00,0,1683,2.21,2544,3.35,2540,4,0,0,04/10/2026,21:00:41,04/10/2026 21:01:13,sim
1,04/10/2026,6257,Presidente,1,municipio,SP,70076,3545308,SALTO DE PIRAPORA,,87,87,100.00,0,87,0,87,0,31402,31402,100.00,0,31402,0,31402,0,23882,76.05,7520,23.95,23882,22026,92.23,22026,22026,100.00,0,0.00,0,856,3.58,1000,4.19,996,4,0,0,04/10/2026,20:56:42,04/10/2026 20:58:04,sim
1,04/10/2026,6257,Presidente,1,municipio,SP,70092,3545407,SALTO GRANDE,,19,19,100.00,0,19,0,19,0,6580,6580,100.00,0,6580,0,6580,0,5118,77.78,1462,22.22,5118,4825,94.28,4825,4825,100.00,0,0.00,0,132,2.58,161,3.15,161,0,0,0,04/10/2026,18:13:32,04/10/2026 18:14:41,sim
1,04/10/2026,6257,Presidente,1,municipio,SP,70114,3545506,SANDOVALINA,,14,14,100.00,0,14,0,14,0,4876,4876,100.00,0,4876,0,4876,0,3421,70.16,1455,29.84,3421,3312,96.81,3312,3312,100.00,0,0.00,0,35,1.02,74,2.16,74,0,0,0,04/10/2026,20:46:36,04/10/2026 20:47:30,sim
1,04/10/2026,6257,Presidente,1,municipio,SP,70130,3545605,SANTA ADÉLIA,,39,39,100.00,0,39,0,39,0,10828,10828,100.00,0,10828,0,10828,0,8298,76.63,2530,23.37,8298,7849,94.59,7849,7849,100.00,0,0.00,0,182,2.19,267,3.22,267,0,0,0,04/10/2026,18:55:46,04/10/2026 18:56:31,sim
1,04/10/2026,6257,Presidente,1,municipio,SP,70157,3545704,SANTA ALBERTINA,,17,17,100.00,0,17,0,17,0,5093,5093,100.00,0,5093,0,5093,0,4097,80.44,996,19.56,4097,3922,95.73,3922,3922,100.00,0,0.00,0,65,1.59,110,2.68,109,1,0,0,04/10/2026,19:03:21,04/10/2026 19:04:49,sim
1,04/10/2026,6257,Presidente,1,municipio,SP,70173,3545803,SANTA BÁRBARA D'OESTE,,395,395,100.00,0,395,0,395,0,138487,138487,100.00,0,138487,0,138487,0,113037,81.62,25450,18.38,113037,107173,94.81,107173,107173,100.00,0,0.00,0,2396,2.12,3468,3.07,3462,6,0,0,04/10/2026,19:26:21,04/10/2026 19:29:49,sim
1,04/10/2026,6257,Presidente,1,municipio,SP,70190,3500550,ÁGUAS DE SANTA BÁRBARA,,15,15,100.00,0,15,0,15,0,5392,5392,100.00,0,5392,0,5392,0,4011,74.39,1381,25.61,4011,3807,94.91,3807,3807,100.00,0,0.00,0,66,1.65,138,3.44,137,1,0,0,04/10/2026,18:46:52,04/10/2026 18:48:54,sim
1,04/10/2026,6257,Presidente,1,municipio,SP,70211,3546009,SANTA BRANCA,,43,43,100.00,0,43,0,43,0,11889,11889,100.00,0,11889,0,11889,0,9146,76.93,2743,23.07,9146,8715,95.29,8715,8715,100.00,0,0.00,0,195,2.13,236,2.58,236,0,0,0,04/10/2026,18:30:01,04/10/2026 18:31:59,sim
1,04/10/2026,6257,Presidente,1,municipio,SP,70238,3546108,SANTA CLARA D'OESTE,,7,7,100.00,0,7,0,7,0,2441,2441,100.00,0,2441,0,2441,0,1860,76.20,581,23.80,1860,1787,96.08,1787,1787,100.00,0,0.00,0,39,2.10,34,1.83,34,0,0,0,04/10/2026,18:33:25,04/10/2026 18:34:39,sim
1,04/10/2026,6257,Presidente,1,municipio,SP,70254,3546207,SANTA CRUZ DA CONCEIÇÃO,,11,11,100.00,0,11,0,11,0,4140,4140,100.00,0,4140,0,4140,0,3244,78.36,896,21.64,3244,3078,94.88,3078,3078,100.00,0,0.00,0,48,1.48,118,3.64,118,0,0,0,04/10/2026,18:57:33,04/10/2026 18:58:18,sim
1,04/10/2026,6257,Presidente,1,municipio,SP,70270,3546306,SANTA CRUZ DAS PALMEIRAS,,65,65,100.00,0,65,0,65,0,21443,21443,100.00,0,21443,0,21443,0,16335,76.18,5108,23.82,16335,15255,93.39,15255,15255,100.00,0,0.00,0,490,3.00,590,3.61,589,1,0,0,04/10/2026,19:12:58,04/10/2026 19:13:57,sim
1,04/10/2026,6257,Presidente,1,municipio,SP,70297,3546405,SANTA CRUZ DO RIO PARDO,,100,100,100.00,0,100,0,100,0,34041,34041,100.00,0,34041,0,34041,0,25988,76.34,8053,23.66,25988,24781,95.36,24781,24781,100.00,0,0.00,0,593,2.28,614,2.36,614,0,0,0,04/10/2026,19:06:40,04/10/2026 19:07:57,sim
1,04/10/2026,6257,Presidente,1,municipio,SP,70319,3546504,SANTA ERNESTINA,,15,15,100.00,0,15,0,15,0,5040,5040,100.00,0,5040,0,5040,0,4072,80.79,968,19.21,4072,3856,94.70,3856,3856,100.00,0,0.00,0,95,2.33,121,2.97,121,0,0,0,04/10/2026,18:56:05,04/10/2026 18:57:48,sim
1,04/10/2026,6257,Presidente,1,municipio,SP,70335,3546603,SANTA FÉ DO SUL,,80,80,100.00,0,80,0,80,0,25810,25810,100.00,0,25810,0,25810,0,19531,75.67,6279,24.33,19531,18547,94.96,18547,18547,100.00,0,0.00,0,428,2.19,556,2.85,556,0,0,0,04/10/2026,18:40:04,04/10/2026 18:42:19,sim
1,04/10/2026,6257,Presidente,1,municipio,SP,70351,3546702,SANTA GERTRUDES,,60,60,100.00,0,60,0,60,0,19153,19153,100.00,0,19153,0,19153,0,15369,80.24,3784,19.76,15369,14640,95.26,14640,14640,100.00,0,0.00,0,289,1.88,440,2.86,438,2,0,0,04/10/2026,18:46:59,04/10/2026 18:48:52,sim
1,04/10/2026,6257,Presidente,1,municipio,SP,70378,3546801,SANTA ISABEL,,129,129,100.00,0,129,0,129,0,41696,41696,100.00,0,41696,0,41696,0,33292,79.84,8404,20.16,33292,31266,93.91,31266,31266,100.00,0,0.00,0,820,2.46,1206,3.62,1205,1,0,0,04/10/2026,18:49:48,04/10/2026 18:54:55,sim
1,04/10/2026,6257,Presidente,1,municipio,SP,70394,3546900,SANTA LÚCIA,,29,29,100.00,0,29,0,29,0,6326,6326,100.00,0,6326,0,6326,0,4994,78.94,1332,21.06,4994,4557,91.25,4557,4557,100.00,0,0.00,0,175,3.50,262,5.25,262,0,0,0,04/10/2026,18:30:38,04/10/2026 18:32:02,sim
1,04/10/2026,6257,Presidente,1,municipio,SP,70416,3547007,SANTA MARIA DA SERRA,,13,13,100.00,0,13,0,13,0,4225,4225,100.00,0,4225,0,4225,0,3204,75.83,1021,24.17,3204,3022,94.32,3022,3022,100.00,0,0.00,0,81,2.53,101,3.15,101,0,0,0,04/10/2026,19:17:01,04/10/2026 19:20:45,sim
1,04/10/2026,6257,Presidente,1,municipio,SP,70432,3547106,SANTA MERCEDES,,11,11,100.00,0,11,0,11,0,2679,2679,100.00,0,2679,0,2679,0,2025,75.59,654,24.41,2025,1939,95.75,1939,1939,100.00,0,0.00,0,44,2.17,42,2.07,42,0,0,0,04/10/2026,18:30:18,04/10/2026 18:32:01,sim
1,04/10/2026,6257,Presidente,1,municipio,SP,70459,3547205,SANTANA DA PONTE PENSA,,6,6,100.00,0,6,0,6,0,1925,1925,100.00,0,1925,0,1925,0,1440,74.81,485,25.19,1440,1371,95.21,1371,1371,100.00,0,0.00,0,24,1.67,45,3.13,45,0,0,0,04/10/2026,18:33:35,04/10/2026 18:34:40,sim
1,04/10/2026,6257,Presidente,1,municipio,SP,70475,3547304,SANTANA DE PARNAÍBA,,305,305,100.00,0,305,0,305,0,111635,111635,100.00,0,111635,0,111635,0,86413,77.41,25222,22.59,86413,82187,95.11,82187,82187,100.00,0,0.00,0,1914,2.21,2312,2.68,2308,4,0,0,04/10/2026,20:49:34,04/10/2026 20:50:52,sim
1,04/10/2026,6257,Presidente,1,municipio,SP,70491,3547403,SANTA RITA D'OESTE,,7,7,100.00,0,7,0,7,0,2471,2471,100.00,0,2471,0,2471,0,1960,79.32,511,20.68,1960,1884,96.12,1884,1884,100.00,0,0.00,0,42,2.14,34,1.73,34,0,0,0,04/10/2026,18:47:42,04/10/2026 18:50:12,sim
1,04/10/2026,6257,Presidente,1,municipio,SP,70513,3547502,SANTA RITA DO PASSA QUATRO,,60,60,100.00,0,60,0,60,0,19993,19993,100.00,0,19993,0,19993,0,15060,75.33,4933,24.67,15060,14362,95.37,14362,14362,100.00,0,0.00,0,310,2.06,388,2.58,388,0,0,0,04/10/2026,18:23:01,04/10/2026 18:24:01,sim
1,04/10/2026,6257,Presidente,1,municipio,SP,70530,3547601,SANTA ROSA DE VITERBO,,58,58,100.00,0,58,0,58,0,18030,18030,100.00,0,18030,0,18030,0,13978,77.53,4052,22.47,13978,12941,92.58,12941,12941,100.00,0,0.00,0,443,3.17,594,4.25,593,1,0,0,04/10/2026,18:44:19,04/10/2026 18:45:44,sim
1,04/10/2026,6257,Presidente,1,municipio,SP,70556,3547700,SANTO ANASTÁCIO,,47,47,100.00,0,47,0,47,0,15054,15054,100.00,0,15054,0,15054,0,11263,74.82,3791,25.18,11263,10669,94.73,10669,10669,100.00,0,0.00,0,263,2.34,331,2.94,331,0,0,0,04/10/2026,18:43:03,04/10/2026 18:45:12,sim
1,04/10/2026,6257,Presidente,1,municipio,SP,70572,3547809,SANTO ANDRÉ,,1742,1742,100.00,0,1742,0,1742,0,573503,573503,100.00,0,573503,0,573503,0,439659,76.66,133844,23.34,439659,413143,93.97,413143,413143,100.00,0,0.00,0,9207,2.09,17309,3.94,17279,30,0,0,04/10/2026,20:40:37,04/10/2026 20:41:30,sim
1,04/10/2026,6257,Presidente,1,municipio,SP,70599,3547908,SANTO ANTÔNIO DA ALEGRIA,,20,20,100.00,0,20,0,20,0,5700,5700,100.00,0,5700,0,5700,0,4518,79.26,1182,20.74,4518,4255,94.18,4255,4255,100.00,0,0.00,0,96,2.12,167,3.70,167,0,0,0,04/10/2026,18:35:54,04/10/2026 18:37:25,sim
1,04/10/2026,6257,Presidente,1,municipio,SP,70610,3548005,SANTO ANTÔNIO DE POSSE,,54,54,100.00,0,54,0,54,0,16288,16288,100.00,0,16288,0,16288,0,13173,80.88,3115,19.12,13173,12465,94.63,12465,12465,100.00,0,0.00,0,352,2.67,356,2.70,355,1,0,0,04/10/2026,20:03:49,04/10/2026 20:04:45,sim
1,04/10/2026,6257,Presidente,1,municipio,SP,70637,3548104,SANTO ANTÔNIO DO JARDIM,,18,18,100.00,0,18,0,18,0,5173,5173,100.00,0,5173,0,5173,0,4033,77.96,1140,22.04,4033,3779,93.70,3779,3779,100.00,0,0.00,0,124,3.07,130,3.22,130,0,0,0,04/10/2026,18:29:42,04/10/2026 18:32:01,sim
1,04/10/2026,6257,Presidente,1,municipio,SP,70653,3548203,SANTO ANTÔNIO DO PINHAL,,20,20,100.00,0,20,0,20,0,6113,6113,100.00,0,6113,0,6113,0,4986,81.56,1127,18.44,4986,4678,93.82,4678,4678,100.00,0,0.00,0,136,2.73,172,3.45,172,0,0,0,04/10/2026,19:09:24,04/10/2026 19:10:41,sim
1,04/10/2026,6257,Presidente,1,municipio,SP,70670,3548302,SANTO EXPEDITO,,9,9,100.00,0,9,0,9,0,2682,2682,100.00,0,2682,0,2682,0,2039,76.03,643,23.97,2039,1948,95.54,1948,1948,100.00,0,0.00,0,31,1.52,60,2.94,60,0,0,0,04/10/2026,22:47:00,04/10/2026 22:48:09,sim
1,04/10/2026,6257,Presidente,1,municipio,SP,70696,3548401,SANTÓPOLIS DO AGUAPEÍ,,11,11,100.00,0,11,0,11,0,3231,3231,100.00,0,3231,0,3231,0,2679,82.92,552,17.08,2679,2570,95.93,2570,2570,100.00,0,0.00,0,33,1.23,76,2.84,76,0,0,0,04/10/2026,18:33:57,04/10/2026 18:35:16,sim
1,04/10/2026,6257,Presidente,1,municipio,SP,70718,3548500,SANTOS,,1076,1076,100.00,0,1076,0,1076,0,348832,348832,100.00,0,348832,0,348832,0,263935,75.66,84897,24.34,263935,252290,95.59,252290,252290,100.00,0,0.00,0,4535,1.72,7110,2.69,7102,8,0,0,04/10/2026,20:59:52,04/10/2026 21:01:13,sim
1,04/10/2026,6257,Presidente,1,municipio,SP,70734,3548609,SÃO BENTO DO SAPUCAÍ,,32,32,100.00,0,32,0,32,0,9073,9073,100.00,0,9073,0,9073,0,7235,79.74,1838,20.26,7235,6820,94.26,6820,6820,100.00,0,0.00,0,164,2.27,251,3.47,251,0,0,0,04/10/2026,18:21:16,04/10/2026 18:22:20,sim
1,04/10/2026,6257,Presidente,1,municipio,SP,70750,3548708,SÃO BERNARDO DO CAMPO,,2011,2011,100.00,0,2011,0,2011,0,626647,626647,100.00,0,626647,0,626647,0,490146,78.22,136501,21.78,490146,460151,93.88,460151,460151,100.00,0,0.00,0,10847,2.21,19148,3.91,19127,21,0,0,04/10/2026,21:22:31,04/10/2026 21:23:09,sim
1,04/10/2026,6257,Presidente,1,municipio,SP,70777,3548807,SÃO CAETANO DO SUL,,391,391,100.00,0,391,0,391,0,147744,147744,100.00,0,147744,0,147744,0,122421,82.86,25323,17.14,122421,117515,95.99,117515,117515,100.00,0,0.00,0,1753,1.43,3153,2.58,3148,5,0,0,04/10/2026,20:07:37,04/10/2026 20:10:50,sim
1,04/10/2026,6257,Presidente,1,municipio,SP,70793,3548906,SÃO CARLOS,,578,578,100.00,0,578,0,578,0,196964,196964,100.00,0,196964,0,196964,0,150391,76.35,46573,23.65,150391,140442,93.38,140442,140442,100.00,0,0.00,0,3915,2.60,6034,4.01,6022,12,0,0,04/10/2026,19:06:55,04/10/2026 19:07:55,sim
1,04/10/2026,6257,Presidente,1,municipio,SP,70815,3549003,SÃO FRANCISCO,,9,9,100.00,0,9,0,9,0,2505,2505,100.00,0,2505,0,2505,0,1980,79.04,525,20.96,1980,1894,95.66,1894,1894,100.00,0,0.00,0,34,1.72,52,2.63,52,0,0,0,04/10/2026,17:38:43,04/10/2026 17:39:54,sim
1,04/10/2026,6257,Presidente,1,municipio,SP,70831,3549102,SÃO JOÃO DA BOA VISTA,,202,202,100.00,0,202,0,202,0,67128,67128,100.00,0,67128,0,67128,0,52797,78.65,14331,21.35,52797,49875,94.47,49875,49875,100.00,0,0.00,0,1309,2.48,1613,3.06,1611,2,0,0,04/10/2026,19:27:49,04/10/2026 19:29:48,sim
1,04/10/2026,6257,Presidente,1,municipio,SP,70858,3549201,SÃO JOÃO DAS DUAS PONTES,,8,8,100.00,0,8,0,8,0,2242,2242,100.00,0,2242,0,2242,0,1819,81.13,423,18.87,1819,1739,95.60,1739,1739,100.00,0,0.00,0,42,2.31,38,2.09,38,0,0,0,04/10/2026,18:17:30,04/10/2026 18:18:44,sim
1,04/10/2026,6257,Presidente,1,municipio,SP,70874,3549300,SÃO JOÃO DO PAU D'ALHO,,8,8,100.00,0,8,0,8,0,1906,1906,100.00,0,1906,0,1906,0,1519,79.70,387,20.30,1519,1470,96.77,1470,1470,100.00,0,0.00,0,20,1.32,29,1.91,29,0,0,0,04/10/2026,18:12:29,04/10/2026 18:13:53,sim
1,04/10/2026,6257,Presidente,1,municipio,SP,70890,3549409,SÃO JOAQUIM DA BARRA,,104,104,100.00,0,104,0,104,0,35828,35828,100.00,0,35828,0,35828,0,27590,77.01,8238,22.99,27590,26089,94.56,26089,26089,100.00,0,0.00,0,710,2.57,791,2.87,787,4,0,0,04/10/2026,18:28:01,04/10/2026 18:29:18,sim
1,04/10/2026,6257,Presidente,1,municipio,SP,70912,3549508,SÃO JOSÉ DA BELA VISTA,,22,22,100.00,0,22,0,22,0,6916,6916,100.00,0,6916,0,6916,0,4945,71.50,1971,28.50,4945,4643,93.89,4643,4643,100.00,0,0.00,0,148,2.99,154,3.11,153,1,0,0,04/10/2026,18:09:10,04/10/2026 18:09:55,sim
1,04/10/2026,6257,Presidente,1,municipio,SP,70939,3549607,SÃO JOSÉ DO BARREIRO,,12,12,100.00,0,12,0,12,0,3579,3579,100.00,0,3579,0,3579,0,2822,78.85,757,21.15,2822,2683,95.07,2683,2683,100.00,0,0.00,0,47,1.67,92,3.26,92,0,0,0,04/10/2026,19:16:30,04/10/2026 19:20:09,sim
1,04/10/2026,6257,Presidente,1,municipio,SP,70955,3549706,SÃO JOSÉ DO RIO PARDO,,120,120,100.00,0,120,0,120,0,39191,39191,100.00,0,39191,0,39191,0,29873,76.22,9318,23.78,29873,28069,93.96,28069,28069,100.00,0,0.00,0,849,2.84,955,3.20,954,1,0,0,04/10/2026,18:41:43,04/10/2026 18:43:24,sim
1,04/10/2026,6257,Presidente,1,municipio,SP,70971,3549805,SÃO JOSÉ DO RIO PRETO,,1041,1041,100.00,0,1041,0,1041,0,344760,344760,100.00,0,344760,0,344760,0,262952,76.27,81808,23.73,262952,251050,95.47,251050,251050,100.00,0,0.00,0,4709,1.79,7193,2.74,7176,17,0,0,04/10/2026,21:34:02,04/10/2026 21:35:01,sim
1,04/10/2026,6257,Presidente,1,municipio,SP,70998,3549904,SÃO JOSÉ DOS CAMPOS,,1561,1561,100.00,0,1561,0,1561,0,540217,540217,100.00,0,540217,0,540217,0,438934,81.25,101283,18.75,438934,419717,95.62,419717,419717,100.00,0,0.00,0,8359,1.90,10858,2.47,10845,13,0,0,04/10/2026,20:15:34,04/10/2026 20:16:33,sim
1,04/10/2026,6257,Presidente,1,municipio,SP,71013,3550001,SÃO LUÍS DO PARAITINGA,,30,30,100.00,0,30,0,30,0,10204,10204,100.00,0,10204,0,10204,0,8061,79.00,2143,21.00,8061,7622,94.55,7622,7622,100.00,0,0.00,0,182,2.26,257,3.19,256,1,0,0,04/10/2026,18:40:08,04/10/2026 18:42:19,sim
1,04/10/2026,6257,Presidente,1,municipio,SP,71030,3550100,SÃO MANUEL,,107,107,100.00,0,107,0,107,0,29305,29305,100.00,0,29305,0,29305,0,23139,78.96,6166,21.04,23139,21394,92.46,21394,21394,100.00,0,0.00,0,816,3.53,929,4.01,929,0,0,0,04/10/2026,18:39:08,04/10/2026 18:41:20,sim
1,04/10/2026,6257,Presidente,1,municipio,SP,71056,3550209,SÃO MIGUEL ARCANJO,,80,80,100.00,0,80,0,80,0,24440,24440,100.00,0,24440,0,24440,0,18934,77.47,5506,22.53,18934,17738,93.68,17738,17738,100.00,0,0.00,0,477,2.52,719,3.80,719,0,0,0,04/10/2026,20:38:08,04/10/2026 20:38:58,sim
1,04/10/2026,6257,Presidente,1,municipio,SP,71072,3550308,SÃO PAULO,,26683,26683,100.00,0,26683,0,26683,0,9145124,9145124,100.00,0,9145124,0,9145124,0,7006411,76.61,2138713,23.39,7006411,6552820,93.53,6552820,6552820,100.00,0,0.00,0,174614,2.49,278977,3.98,278616,361,0,0,04/10/2026,21:50:33,04/10/2026 21:51:59,sim
1,04/10/2026,6257,Presidente,1,municipio,SP,71099,3550407,SÃO PEDRO,,91,91,100.00,0,91,0,91,0,28554,28554,100.00,0,28554,0,28554,0,21314,74.64,7240,25.36,21314,20341,95.43,20341,20341,100.00,0,0.00,0,377,1.77,596,2.80,596,0,0,0,04/10/2026,19:16:25,04/10/2026 19:20:10,sim
1,04/10/2026,6257,Presidente,1,municipio,SP,71110,3550506,SÃO PEDRO DO TURVO,,15,15,100.00,0,15,0,15,0,5673,5673,100.00,0,5673,0,5673,0,4459,78.60,1214,21.40,4459,4282,96.03,4282,4282,100.00,0,0.00,0,81,1.82,96,2.15,96,0,0,0,04/10/2026,19:17:16,04/10/2026 19:20:48,sim
1,04/10/2026,6257,Presidente,1,municipio,SP,71137,3550605,SÃO ROQUE,,182,182,100.00,0,182,0,182,0,60260,60260,100.00,0,60260,0,60260,0,46767,77.61,13493,22.39,46767,43704,93.45,43704,43704,100.00,0,0.00,0,1370,2.93,1693,3.62,1689,4,0,0,04/10/2026,21:08:16,04/10/2026 21:09:28,sim
1,04/10/2026,6257,Presidente,1,municipio,SP,71153,3550704,SÃO SEBASTIÃO,,213,213,100.00,0,213,0,213,0,68037,68037,100.00,0,68037,0,68037,0,52701,77.46,15336,22.54,52701,50193,95.24,50193,50193,100.00,0,0.00,0,1060,2.01,1448,2.75,1446,2,0,0,04/10/2026,21:26:35,04/10/2026 21:27:50,sim
1,04/10/2026,6257,Presidente,1,municipio,SP,71170,3550803,SÃO SEBASTIÃO DA GRAMA,,31,31,100.00,0,31,0,31,0,8398,8398,100.00,0,8398,0,8398,0,6450,76.80,1948,23.20,6450,5996,92.96,5996,5996,100.00,0,0.00,0,182,2.82,272,4.22,271,1,0,0,04/10/2026,18:31:37,04/10/2026 18:32:19,sim
1,04/10/2026,6257,Presidente,1,municipio,SP,71196,3550902,SÃO SIMÃO,,34,34,100.00,0,34,0,34,0,11158,11158,100.00,0,11158,0,11158,0,8562,76.73,2596,23.27,8562,8099,94.59,8099,8099,100.00,0,0.00,0,185,2.16,278,3.25,278,0,0,0,04/10/2026,18:49:19,04/10/2026 18:51:32,sim
1,04/10/2026,6257,Presidente,1,municipio,SP,71218,3551009,SÃO VICENTE,,766,766,100.00,0,766,0,766,0,256025,256025,100.00,0,256025,0,256025,0,189005,73.82,67020,26.18,189005,177992,94.17,177992,177992,100.00,0,0.00,0,5041,2.67,5972,3.16,5964,8,0,0,04/10/2026,20:53:30,04/10/2026 20:54:30,sim
1,04/10/2026,6257,Presidente,1,municipio,SP,71234,3551108,SARAPUÍ,,25,25,100.00,0,25,0,25,0,7398,7398,100.00,0,7398,0,7398,0,5972,80.72,1426,19.28,5972,5602,93.80,5602,5602,100.00,0,0.00,0,141,2.36,229,3.83,229,0,0,0,04/10/2026,20:12:51,04/10/2026 20:14:05,sim
1,04/10/2026,6257,Presidente,1,municipio,SP,71250,3551207,SARUTAIÁ,,11,11,100.00,0,11,0,11,0,3202,3202,100.00,0,3202,0,3202,0,2378,74.27,824,25.73,2378,2261,95.08,2261,2261,100.00,0,0.00,0,44,1.85,73,3.07,73,0,0,0,04/10/2026,19:13:14,04/10/2026 19:14:23,sim
1,04/10/2026,6257,Presidente,1,municipio,SP,71277,3551306,SEBASTIANÓPOLIS DO SUL,,9,9,100.00,0,9,0,9,0,3007,3007,100.00,0,3007,0,3007,0,2434,80.94,573,19.06,2434,2307,94.78,2307,2307,100.00,0,0.00,0,60,2.47,67,2.75,67,0,0,0,04/10/2026,18:43:50,04/10/2026 18:45:14,sim
1,04/10/2026,6257,Presidente,1,municipio,SP,71293,3551405,SERRA AZUL,,24,24,100.00,0,24,0,24,0,7366,7366,100.00,0,7366,0,7366,0,5719,77.64,1647,22.36,5719,5429,94.93,5429,5429,100.00,0,0.00,0,110,1.92,180,3.15,180,0,0,0,04/10/2026,19:13:35,04/10/2026 19:14:56,sim
1,04/10/2026,6257,Presidente,1,municipio,SP,71315,3551504,SERRANA,,101,101,100.00,0,101,0,101,0,33570,33570,100.00,0,33570,0,33570,0,26433,78.74,7137,21.26,26433,24988,94.53,24988,24988,100.00,0,0.00,0,642,2.43,803,3.04,803,0,0,0,04/10/2026,19:05:06,04/10/2026 19:07:18,sim
1,04/10/2026,6257,Presidente,1,municipio,SP,71331,3551603,SERRA NEGRA,,81,81,100.00,0,81,0,81,0,22277,22277,100.00,0,22277,0,22277,0,17278,77.56,4999,22.44,17278,16406,94.95,16406,16406,100.00,0,0.00,0,345,2.00,527,3.05,527,0,0,0,04/10/2026,19:01:11,04/10/2026 19:02:31,sim
1,04/10/2026,6257,Presidente,1,municipio,SP,71358,3551702,SERTÃOZINHO,,308,308,100.00,0,308,0,308,0,93301,93301,100.00,0,93301,0,93301,0,74755,80.12,18546,19.88,74755,70053,93.71,70053,70053,100.00,0,0.00,0,2000,2.68,2702,3.61,2699,3,0,0,04/10/2026,19:17:59,04/10/2026 19:20:46,sim
1,04/10/2026,6257,Presidente,1,municipio,SP,71374,3551801,SETE BARRAS,,37,37,100.00,0,37,0,37,0,10260,10260,100.00,0,10260,0,10260,0,7606,74.13,2654,25.87,7606,7228,95.03,7228,7228,100.00,0,0.00,0,140,1.84,238,3.13,238,0,0,0,04/10/2026,19:18:29,04/10/2026 19:20:45,sim
1,04/10/2026,6257,Presidente,1,municipio,SP,71390,3551900,SEVERÍNIA,,39,39,100.00,0,39,0,39,0,11642,11642,100.00,0,11642,0,11642,0,9609,82.54,2033,17.46,9609,9179,95.53,9179,9179,100.00,0,0.00,0,201,2.09,229,2.38,229,0,0,0,04/10/2026,19:19:19,04/10/2026 19:20:46,sim
1,04/10/2026,6257,Presidente,1,municipio,SP,71412,3552007,SILVEIRAS,,17,17,100.00,0,17,0,17,0,5404,5404,100.00,0,5404,0,5404,0,4324,80.01,1080,19.99,4324,4091,94.61,4091,4091,100.00,0,0.00,0,113,2.61,120,2.78,120,0,0,0,04/10/2026,18:37:20,04/10/2026 18:39:16,sim
1,04/10/2026,6257,Presidente,1,municipio,SP,71439,3552106,SOCORRO,,94,94,100.00,0,94,0,94,0,30482,30482,100.00,0,30482,0,30482,0,24681,80.97,5801,19.03,24681,23447,95.00,23447,23447,100.00,0,0.00,0,431,1.75,803,3.25,802,1,0,0,04/10/2026,19:03:32,04/10/2026 19:04:49,sim
1,04/10/2026,6257,Presidente,1,municipio,SP,71455,3552205,SOROCABA,,1664,1664,100.00,0,1664,0,1664,0,531342,531342,100.00,0,531342,0,531342,0,420351,79.11,110991,20.89,420351,394371,93.82,394371,394371,100.00,0,0.00,0,9929,2.36,16051,3.82,16033,18,0,0,04/10/2026,19:26:01,04/10/2026 19:29:47,sim
1,04/10/2026,6257,Presidente,1,municipio,SP,71471,3552304,SUD MENNUCCI,,22,22,100.00,0,22,0,22,0,6041,6041,100.00,0,6041,0,6041,0,4605,76.23,1436,23.77,4605,4389,95.31,4389,4389,100.00,0,0.00,0,102,2.21,114,2.48,114,0,0,0,04/10/2026,18:49:13,04/10/2026 18:51:32,sim
1,04/10/2026,6257,Presidente,1,municipio,SP,71498,3552403,SUMARÉ,,579,579,100.00,0,579,0,579,0,199975,199975,100.00,0,199975,0,199975,0,154690,77.35,45285,22.65,154690,146668,94.81,146668,146668,100.00,0,0.00,0,3537,2.29,4485,2.90,4480,5,0,0,04/10/2026,20:12:41,04/10/2026 20:14:05,sim
1,04/10/2026,6257,Presidente,1,municipio,SP,71510,3552502,SUZANO,,718,718,100.00,0,718,0,718,0,235588,235588,100.00,0,235588,0,235588,0,181888,77.21,53700,22.79,181888,169265,93.06,169265,169265,100.00,0,0.00,0,5789,3.18,6834,3.76,6829,5,0,0,04/10/2026,20:33:44,04/10/2026 20:34:24,sim
1,04/10/2026,6257,Presidente,1,municipio,SP,71536,3552601,TABAPUÃ,,27,27,100.00,0,27,0,27,0,8762,8762,100.00,0,8762,0,8762,0,7108,81.12,1654,18.88,7108,6668,93.81,6668,6668,100.00,0,0.00,0,181,2.55,259,3.64,259,0,0,0,04/10/2026,19:14:52,04/10/2026 19:16:13,sim
1,04/10/2026,6257,Presidente,1,municipio,SP,71552,3552700,TABATINGA,,42,42,100.00,0,42,0,42,0,10716,10716,100.00,0,10716,0,10716,0,8467,79.01,2249,20.99,8467,7948,93.87,7948,7948,100.00,0,0.00,0,258,3.05,261,3.08,261,0,0,0,04/10/2026,18:58:32,04/10/2026 18:59:58,sim
1,04/10/2026,6257,Presidente,1,municipio,SP,71579,3552809,TABOÃO DA SERRA,,599,599,100.00,0,599,0,599,0,212014,212014,100.00,0,212014,0,212014,0,170529,80.43,41485,19.57,170529,160051,93.86,160051,160051,100.00,0,0.00,0,4282,2.51,6196,3.63,6189,7,0,0,04/10/2026,20:52:59,04/10/2026 20:54:29,sim
1,04/10/2026,6257,Presidente,1,municipio,SP,71595,3552908,TACIBA,,20,20,100.00,0,20,0,20,0,5069,5069,100.00,0,5069,0,5069,0,4104,80.96,965,19.04,4104,3973,96.81,3973,3973,100.00,0,0.00,0,48,1.17,83,2.02,83,0,0,0,04/10/2026,19:00:36,04/10/2026 19:01:54,sim
1,04/10/2026,6257,Presidente,1,municipio,SP,71617,3553005,TAGUAÍ,,30,30,100.00,0,30,0,30,0,9253,9253,100.00,0,9253,0,9253,0,7444,80.45,1809,19.55,7444,7117,95.61,7117,7117,100.00,0,0.00,0,154,2.07,173,2.32,173,0,0,0,04/10/2026,19:20:42,04/10/2026 19:22:06,sim
1,04/10/2026,6257,Presidente,1,municipio,SP,71633,3553104,TAIAÇU,,15,15,100.00,0,15,0,15,0,4509,4509,100.00,0,4509,0,4509,0,3591,79.64,918,20.36,3591,3386,94.29,3386,3386,100.00,0,0.00,0,104,2.90,101,2.81,101,0,0,0,04/10/2026,19:04:57,04/10/2026 19:07:18,sim
1,04/10/2026,6257,Presidente,1,municipio,SP,71650,3553203,TAIÚVA,,15,15,100.00,0,15,0,15,0,4396,4396,100.00,0,4396,0,4396,0,3489,79.37,907,20.63,3489,3352,96.07,3352,3352,100.00,0,0.00,0,74,2.12,63,1.81,63,0,0,0,04/10/2026,19:06:03,04/10/2026 19:07:56,sim
1,04/10/2026,6257,Presidente,1,municipio,SP,71676,3553302,TAMBAÚ,,51,51,100.00,0,51,0,51,0,15898,15898,100.00,0,15898,0,15898,0,12384,77.90,3514,22.10,12384,11648,94.06,11648,11648,100.00,0,0.00,0,337,2.72,399,3.22,397,2,0,0,04/10/2026,19:13:36,04/10/2026 19:14:58,sim
1,04/10/2026,6257,Presidente,1,municipio,SP,71692,3553401,TANABI,,63,63,100.00,0,63,0,63,0,19937,19937,100.00,0,19937,0,19937,0,15638,78.44,4299,21.56,15638,14984,95.82,14984,14984,100.00,0,0.00,0,281,1.80,373,2.39,373,0,0,0,04/10/2026,18:49:17,04/10/2026 18:51:33,sim
1,04/10/2026,6257,Presidente,1,municipio,SP,71714,3553500,TAPIRAÍ,,20,20,100.00,0,20,0,20,0,6269,6269,100.00,0,6269,0,6269,0,4627,73.81,1642,26.19,4627,4396,95.01,4396,4396,100.00,0,0.00,0,108,2.33,123,2.66,123,0,0,0,04/10/2026,18:55:13,04/10/2026 18:56:05,sim
1,04/10/2026,6257,Presidente,1,municipio,SP,71730,3553609,TAPIRATIBA,,29,29,100.00,0,29,0,29,0,9228,9228,100.00,0,9228,0,9228,0,7432,80.54,1796,19.46,7432,6914,93.03,6914,6914,100.00,0,0.00,0,203,2.73,315,4.24,315,0,0,0,04/10/2026,18:45:16,04/10/2026 18:47:58,sim
1,04/10/2026,6257,Presidente,1,municipio,SP,71757,3553708,TAQUARITINGA,,125,125,100.00,0,125,0,125,0,38620,38620,100.00,0,38620,0,38620,0,29295,75.85,9325,24.15,29295,27535,93.99,27535,27535,100.00,0,0.00,0,878,3.00,882,3.01,881,1,0,0,04/10/2026,18:40:02,04/10/2026 18:42:20,sim
1,04/10/2026,6257,Presidente,1,municipio,SP,71773,3553807,TAQUARITUBA,,64,64,100.00,0,64,0,64,0,18080,18080,100.00,0,18080,0,18080,0,14294,79.06,3786,20.94,14294,13443,94.05,13443,13443,100.00,0,0.00,0,468,3.27,383,2.68,383,0,0,0,04/10/2026,20:56:35,04/10/2026 20:58:04,sim
1,04/10/2026,6257,Presidente,1,municipio,SP,71790,3553906,TARABAI,,17,17,100.00,0,17,0,17,0,5176,5176,100.00,0,5176,0,5176,0,4110,79.40,1066,20.60,4110,3936,95.77,3936,3936,100.00,0,0.00,0,61,1.48,113,2.75,113,0,0,0,04/10/2026,19:14:16,04/10/2026 19:15:31,sim
1,04/10/2026,6257,Presidente,1,municipio,SP,71811,3554003,TATUÍ,,245,245,100.00,0,245,0,245,0,88765,88765,100.00,0,88765,0,88765,0,67073,75.56,21692,24.44,67073,62289,92.87,62289,62289,100.00,0,0.00,0,1937,2.89,2847,4.24,2844,3,0,0,04/10/2026,20:54:23,04/10/2026 20:55:43,sim
1,04/10/2026,6257,Presidente,1,municipio,SP,71838,3554102,TAUBATÉ,,729,729,100.00,0,729,0,729,0,239956,239956,100.00,0,239956,0,239956,0,184434,76.86,55522,23.14,184434,174354,94.53,174354,174354,100.00,0,0.00,0,4344,2.36,5736,3.11,5723,13,0,0,04/10/2026,19:25:11,04/10/2026 19:26:11,sim
1,04/10/2026,6257,Presidente,1,municipio,SP,71854,3554201,TEJUPÁ,,14,14,100.00,0,14,0,14,0,3456,3456,100.00,0,3456,0,3456,0,2709,78.39,747,21.61,2709,2586,95.46,2586,2586,100.00,0,0.00,0,49,1.81,74,2.73,74,0,0,0,04/10/2026,18:36:14,04/10/2026 18:37:56,sim
1,04/10/2026,6257,Presidente,1,municipio,SP,71870,3554300,TEODORO SAMPAIO,,55,55,100.00,0,55,0,55,0,17020,17020,100.00,0,17020,0,17020,0,12467,73.25,4553,26.75,12467,11979,96.09,11979,11979,100.00,0,0.00,0,217,1.74,271,2.17,270,1,0,0,04/10/2026,19:21:40,04/10/2026 19:22:52,sim
1,04/10/2026,6257,Presidente,1,municipio,SP,71897,3554409,TERRA ROXA,,22,22,100.00,0,22,0,22,0,6363,6363,100.00,0,6363,0,6363,0,5102,80.18,1261,19.82,5102,4794,93.96,4794,4794,100.00,0,0.00,0,138,2.70,170,3.33,170,0,0,0,04/10/2026,19:04:13,04/10/2026 19:05:27,sim
1,04/10/2026,6257,Presidente,1,municipio,SP,71919,3554508,TIETÊ,,98,98,100.00,0,98,0,98,0,29070,29070,100.00,0,29070,0,29070,0,23157,79.66,5913,20.34,23157,22002,95.01,22002,22002,100.00,0,0.00,0,437,1.89,718,3.10,716,2,0,0,04/10/2026,18:32:07,04/10/2026 18:33:25,sim
1,04/10/2026,6257,Presidente,1,municipio,SP,71935,3554607,TIMBURI,,8,8,100.00,0,8,0,8,0,2427,2427,100.00,0,2427,0,2427,0,1889,77.83,538,22.17,1889,1788,94.65,1788,1788,100.00,0,0.00,0,34,1.80,67,3.55,66,1,0,0,04/10/2026,19:03:47,04/10/2026 19:04:49,sim
1,04/10/2026,6257,Presidente,1,municipio,SP,71951,3554706,TORRINHA,,21,21,100.00,0,21,0,21,0,6691,6691,100.00,0,6691,0,6691,0,5337,79.76,1354,20.24,5337,5020,94.06,5020,5020,100.00,0,0.00,0,164,3.07,153,2.87,153,0,0,0,04/10/2026,18:34:24,04/10/2026 18:36:23,sim
1,04/10/2026,6257,Presidente,1,municipio,SP,71978,3554805,TREMEMBÉ,,102,102,100.00,0,102,0,102,0,29627,29627,100.00,0,29627,0,29627,0,23668,79.89,5959,20.11,23668,22451,94.86,22451,22451,100.00,0,0.00,0,530,2.24,687,2.90,686,1,0,0,04/10/2026,18:35:37,04/10/2026 18:37:24,sim
1,04/10/2026,6257,Presidente,1,municipio,SP,71994,3554904,TRÊS FRONTEIRAS,,17,17,100.00,0,17,0,17,0,5256,5256,100.00,0,5256,0,5256,0,4041,76.88,1215,23.12,4041,3797,93.96,3797,3797,100.00,0,0.00,0,118,2.92,126,3.12,126,0,0,0,04/10/2026,18:42:04,04/10/2026 18:44:36,sim
1,04/10/2026,6257,Presidente,1,municipio,SP,72010,3555000,TUPÃ,,162,162,100.00,0,162,0,162,0,47261,47261,100.00,0,47261,0,47261,0,35999,76.17,11262,23.83,35999,34365,95.46,34365,34365,100.00,0,0.00,0,706,1.96,928,2.58,925,3,0,0,04/10/2026,19:04:34,04/10/2026 19:07:19,sim
1,04/10/2026,6257,Presidente,1,municipio,SP,72036,3555109,TUPI PAULISTA,,41,41,100.00,0,41,0,41,0,10833,10833,100.00,0,10833,0,10833,0,8388,77.43,2445,22.57,8388,8046,95.92,8046,8046,100.00,0,0.00,0,130,1.55,212,2.53,212,0,0,0,04/10/2026,18:30:46,04/10/2026 18:32:20,sim
1,04/10/2026,6257,Presidente,1,municipio,SP,72052,3555208,TURIÚBA,,6,6,100.00,0,6,0,6,0,1661,1661,100.00,0,1661,0,1661,0,1285,77.36,376,22.64,1285,1244,96.81,1244,1244,100.00,0,0.00,0,10,0.78,31,2.41,31,0,0,0,04/10/2026,18:33:51,04/10/2026 18:34:41,sim
1,04/10/2026,6257,Presidente,1,municipio,SP,72079,3555307,TURMALINA,,7,7,100.00,0,7,0,7,0,1955,1955,100.00,0,1955,0,1955,0,1500,76.73,455,23.27,1500,1419,94.60,1419,1419,100.00,0,0.00,0,22,1.47,59,3.93,59,0,0,0,04/10/2026,18:49:37,04/10/2026 18:54:56,sim
1,04/10/2026,6257,Presidente,1,municipio,SP,72095,3555406,UBATUBA,,238,238,100.00,0,238,0,238,0,77900,77900,100.00,0,77900,0,77900,0,58669,75.31,19231,24.69,58669,56014,95.47,56014,56014,100.00,0,0.00,0,1064,1.81,1591,2.71,1587,4,0,0,04/10/2026,19:31:04,04/10/2026 19:32:07,sim
1,04/10/2026,6257,Presidente,1,municipio,SP,72117,3555505,UBIRAJARA,,12,12,100.00,0,12,0,12,0,3995,3995,100.00,0,3995,0,3995,0,2997,75.02,998,24.98,2997,2883,96.20,2883,2883,100.00,0,0.00,0,52,1.74,62,2.07,62,0,0,0,04/10/2026,18:35:08,04/10/2026 18:37:25,sim
1,04/10/2026,6257,Presidente,1,municipio,SP,72133,3555604,UCHOA,,29,29,100.00,0,29,0,29,0,8307,8307,100.00,0,8307,0,8307,0,6431,77.42,1876,22.58,6431,6041,93.94,6041,6041,100.00,0,0.00,0,154,2.39,236,3.67,236,0,0,0,04/10/2026,18:44:47,04/10/2026 18:46:42,sim
1,04/10/2026,6257,Presidente,1,municipio,SP,72150,3555703,UNIÃO PAULISTA,,6,6,100.00,0,6,0,6,0,1703,1703,100.00,0,1703,0,1703,0,1333,78.27,370,21.73,1333,1293,97.00,1293,1293,100.00,0,0.00,0,14,1.05,26,1.95,26,0,0,0,04/10/2026,18:28:31,04/10/2026 18:30:24,sim
1,04/10/2026,6257,Presidente,1,municipio,SP,72176,3555802,URÂNIA,,27,27,100.00,0,27,0,27,0,6898,6898,100.00,0,6898,0,6898,0,5589,81.02,1309,18.98,5589,5286,94.58,5286,5286,100.00,0,0.00,0,137,2.45,166,2.97,166,0,0,0,04/10/2026,18:11:11,04/10/2026 18:12:25,sim
1,04/10/2026,6257,Presidente,1,municipio,SP,72192,3555901,URU,,5,5,100.00,0,5,0,5,0,1622,1622,100.00,0,1622,0,1622,0,1235,76.14,387,23.86,1235,1176,95.22,1176,1176,100.00,0,0.00,0,16,1.30,43,3.48,43,0,0,0,04/10/2026,19:05:30,04/10/2026 19:07:57,sim
1,04/10/2026,6257,Presidente,1,municipio,SP,72214,3556008,URUPÊS,,33,33,100.00,0,33,0,33,0,10624,10624,100.00,0,10624,0,10624,0,8341,78.51,2283,21.49,8341,7958,95.41,7958,7958,100.00,0,0.00,0,182,2.18,201,2.41,201,0,0,0,04/10/2026,18:18:50,04/10/2026 18:20:15,sim
1,04/10/2026,6257,Presidente,1,municipio,SP,72230,3556107,VALENTIM GENTIL,,31,31,100.00,0,31,0,31,0,10146,10146,100.00,0,10146,0,10146,0,8186,80.68,1960,19.32,8186,7811,95.42,7811,7811,100.00,0,0.00,0,156,1.91,219,2.68,219,0,0,0,04/10/2026,18:32:11,04/10/2026 18:33:25,sim
1,04/10/2026,6257,Presidente,1,municipio,SP,72257,3556206,VALINHOS,,276,276,100.00,0,276,0,276,0,94676,94676,100.00,0,94676,0,94676,0,76783,81.10,17893,18.90,76783,73158,95.28,73158,73158,100.00,0,0.00,0,1433,1.87,2192,2.85,2191,1,0,0,04/10/2026,20:05:12,04/10/2026 20:07:51,sim
1,04/10/2026,6257,Presidente,1,municipio,SP,72273,3556305,VALPARAÍSO,,44,44,100.00,0,44,0,44,0,15952,15952,100.00,0,15952,0,15952,0,11240,70.46,4712,29.54,11240,10783,95.93,10783,10783,100.00,0,0.00,0,209,1.86,248,2.21,247,1,0,0,04/10/2026,19:11:13,04/10/2026 19:12:25,sim
1,04/10/2026,6257,Presidente,1,municipio,SP,72311,3556404,VARGEM GRANDE DO SUL,,93,93,100.00,0,93,0,93,0,30430,30430,100.00,0,30430,0,30430,0,23353,76.74,7077,23.26,23353,21897,93.77,21897,21897,100.00,0,0.00,0,785,3.36,671,2.87,671,0,0,0,04/10/2026,18:30:43,04/10/2026 18:32:16,sim
1,04/10/2026,6257,Presidente,1,municipio,SP,72338,3556503,VÁRZEA PAULISTA,,255,255,100.00,0,255,0,255,0,84729,84729,100.00,0,84729,0,84729,0,66602,78.61,18127,21.39,66602,62454,93.77,62454,62454,100.00,0,0.00,0,1672,2.51,2476,3.72,2474,2,0,0,04/10/2026,19:03:10,04/10/2026 19:04:06,sim
1,04/10/2026,6257,Presidente,1,municipio,SP,72354,3556602,VERA CRUZ,,25,25,100.00,0,25,0,25,0,7886,7886,100.00,0,7886,0,7886,0,6174,78.29,1712,21.71,6174,5826,94.36,5826,5826,100.00,0,0.00,0,123,1.99,225,3.64,225,0,0,0,04/10/2026,19:31:10,04/10/2026 20:02:19,sim
1,04/10/2026,6257,Presidente,1,municipio,SP,72370,3556701,VINHEDO,,172,172,100.00,0,172,0,172,0,65669,65669,100.00,0,65669,0,65669,0,51564,78.52,14105,21.48,51564,49306,95.62,49306,49306,100.00,0,0.00,0,961,1.86,1297,2.52,1296,1,0,0,04/10/2026,20:51:37,04/10/2026 20:53:21,sim
1,04/10/2026,6257,Presidente,1,municipio,SP,72397,3556800,VIRADOURO,,47,47,100.00,0,47,0,47,0,13103,13103,100.00,0,13103,0,13103,0,10717,81.79,2386,18.21,10717,10191,95.09,10191,10191,100.00,0,0.00,0,238,2.22,288,2.69,287,1,0,0,04/10/2026,18:31:29,04/10/2026 18:32:18,sim
1,04/10/2026,6257,Presidente,1,municipio,SP,72419,3556909,VISTA ALEGRE DO ALTO,,20,20,100.00,0,20,0,20,0,5990,5990,100.00,0,5990,0,5990,0,4690,78.30,1300,21.70,4690,4417,94.18,4417,4417,100.00,0,0.00,0,128,2.73,145,3.09,145,0,0,0,04/10/2026,19:00:59,04/10/2026 19:01:55,sim
1,04/10/2026,6257,Presidente,1,municipio,SP,72435,3557006,VOTORANTIM,,282,282,100.00,0,282,0,282,0,92608,92608,100.00,0,92608,0,92608,0,71340,77.03,21268,22.97,71340,67184,94.17,67184,67184,100.00,0,0.00,0,1757,2.46,2399,3.36,2397,2,0,0,04/10/2026,19:29:50,04/10/2026 19:31:07,sim
1,04/10/2026,6257,Presidente,1,municipio,SP,72451,3557105,VOTUPORANGA,,243,243,100.00,0,243,0,243,0,68927,68927,100.00,0,68927,0,68927,0,54426,78.96,14501,21.04,54426,51814,95.20,51814,51814,100.00,0,0.00,0,990,1.82,1622,2.98,1621,1,0,0,04/10/2026,20:08:31,04/10/2026 20:10:50,sim
1,04/10/2026,6257,Presidente,1,municipio,SP,72737,3556453,VARGEM GRANDE PAULISTA,,128,128,100.00,0,128,0,128,0,42997,42997,100.00,0,42997,0,42997,0,33334,77.53,9663,22.47,33334,31472,94.41,31472,31472,100.00,0,0.00,0,828,2.48,1034,3.10,1031,3,0,0,04/10/2026,19:07:31,04/10/2026 19:08:28,sim
